strategy,factor,family,entry_minute,q_threshold,trades,ending_bankroll,total_return,max_drawdown,win_rate,avg_pnl,profit_factor,worst_144_return,median_144_return,positive_144_rate,active_144_rate,split,hi_value,lo_value
skill_mean_reversion_5__q70,skill_mean_reversion_5,quantml_skill,2,0.7,4552,0.17455228919692475,-0.9982544771080307,0.9989190663814916,0.7363796133567663,-0.02193001926862979,0.9054357425706869,-0.5445275664311664,-0.06089171158594903,0.3650898302291083,1.0,train,0.2947668890021589,-0.2987622421046055
skill_mean_reversion_5__q70,skill_mean_reversion_5,quantml_skill,2,0.7,2720,2.4499533358023555,-0.9755004666419764,0.9828809430649548,0.731985294117647,-0.03586398774419036,0.9213628723783804,-0.5439406697935606,-0.05908244847822913,0.38225483655770515,1.0,validation,0.2947668890021589,-0.2987622421046055
skill_mean_reversion_5__q70,skill_mean_reversion_5,quantml_skill,2,0.7,2526,1.8875969818501241,-0.9811240301814987,0.9833034688699749,0.7323832145684878,-0.03884101465484959,0.8809976528910257,-0.4523229584246379,-0.07930406826223352,0.3203802535023349,1.0,test,0.2947668890021589,-0.2987622421046055
skill_mean_reversion_5__q70,skill_mean_reversion_5,quantml_skill,2,0.7,322,41.09008199968187,-0.5890991800031813,0.625840876619571,0.7049689440993789,-0.18295005590160923,0.7643764677559632,-0.4087952281213256,-0.13491983805699326,0.1276005547850208,1.0,latest72h,0.2947668890021589,-0.2987622421046055
skill_mean_reversion_5__q70,skill_mean_reversion_5,quantml_skill,2,0.7,9798,8.07221341820749e-05,-0.9999991927786582,0.9999994029809331,0.7341294141661564,-0.010206156284738265,0.9054675300548854,-0.5445275664311664,-0.0653714885226156,0.35855317057184993,1.0,full,0.2947668890021589,-0.2987622421046055
skill_mean_reversion_5__q75,skill_mean_reversion_5,quantml_skill,2,0.75,3812,3.069167444343131,-0.9693083255565687,0.9831863751541878,0.7704616998950682,-0.02542781546580706,0.9175103317251335,-0.4287752229638586,-0.0321570511944283,0.4171748805010714,1.0,train,0.49911497517714715,-0.5054334215098896
skill_mean_reversion_5__q75,skill_mean_reversion_5,quantml_skill,2,0.75,2269,7.168495887217566,-0.9283150411278244,0.9449566478625359,0.7606875275451741,-0.04091295906248675,0.8996150882815177,-0.4509424814368703,-0.04793687411464265,0.385923949299533,1.0,validation,0.49911497517714715,-0.5054334215098896
skill_mean_reversion_5__q75,skill_mean_reversion_5,quantml_skill,2,0.75,2133,9.718417045278855,-0.9028158295472115,0.905731852331161,0.7646507266760432,-0.0423261054640042,0.9035394022519375,-0.34120731423215933,-0.051072670603403925,0.3604069379586391,1.0,test,0.49911497517714715,-0.5054334215098896
skill_mean_reversion_5__q75,skill_mean_reversion_5,quantml_skill,2,0.75,281,46.36664699398925,-0.5363335300601075,0.57185856804197,0.7295373665480427,-0.19086602493242305,0.7670461948608381,-0.29888808690231616,-0.11650542039245959,0.11095700416088766,1.0,latest72h,0.49911497517714715,-0.5054334215098896
skill_mean_reversion_5__q75,skill_mean_reversion_5,quantml_skill,2,0.75,8214,0.02138179469588248,-0.9997861820530412,0.9998611851377214,0.7662527392257122,-0.012171733407025051,0.9170651442460904,-0.4509424814368703,-0.04186953134204091,0.39447812551204325,1.0,full,0.49911497517714715,-0.5054334215098896
skill_mean_reversion_5__q80,skill_mean_reversion_5,quantml_skill,2,0.8,3073,2.473739808455858,-0.9752626019154415,0.9873294301512621,0.792385291246339,-0.0317364985979642,0.8857367723256353,-0.41166554998599736,-0.043396144725348085,0.39113235536508983,1.0,train,0.7142517954058603,-0.7230809967781808
skill_mean_reversion_5__q80,skill_mean_reversion_5,quantml_skill,2,0.8,1806,16.59872414565761,-0.8340127585434239,0.8518982823253671,0.7884828349944629,-0.04618010844647971,0.8996309701605121,-0.3832846846088861,-0.0248854968461647,0.42378252168112074,1.0,validation,0.7142517954058603,-0.7230809967781808
skill_mean_reversion_5__q80,skill_mean_reversion_5,quantml_skill,2,0.8,1704,15.85555769190576,-0.8414444230809424,0.845435492352355,0.7916666666666666,-0.049380541260618575,0.8920842207968908,-0.3282309588207648,-0.034807251712689835,0.39976651100733823,1.0,test,0.7142517954058603,-0.7230809967781808
skill_mean_reversion_5__q80,skill_mean_reversion_5,quantml_skill,2,0.8,237,50.040647585574895,-0.49959352414425107,0.546277407725148,0.7510548523206751,-0.2107989553351271,0.7325681331155,-0.3013628794187895,-0.1309106074774964,0.11927877947295423,1.0,latest72h,0.7142517954058603,-0.7230809967781808
skill_mean_reversion_5__q80,skill_mean_reversion_5,quantml_skill,2,0.8,6583,0.06510438602845378,-0.9993489561397154,0.9995218847509043,0.7911286647425186,-0.015180752789605257,0.8860854906995909,-0.41166554998599736,-0.03598403949179174,0.4022202195641488,1.0,full,0.7142517954058603,-0.7230809967781808
skill_mean_reversion_5__q85,skill_mean_reversion_5,quantml_skill,2,0.85,2303,17.495848743663625,-0.8250415125633638,0.8765986584626315,0.8254450716456796,-0.03582464231712378,0.8822038923460909,-0.33581663419382257,-0.009559798031351818,0.45953519037415524,1.0,train,0.9219844072870994,-0.9488625745461053
skill_mean_reversion_5__q85,skill_mean_reversion_5,quantml_skill,2,0.85,1355,29.746329420103297,-0.7025367057989671,0.7746570044929527,0.8140221402214022,-0.05184772736523761,0.8914038654697272,-0.30443656780628114,-0.025723900145024847,0.4177785190126751,1.0,validation,0.9219844072870994,-0.9488625745461053
skill_mean_reversion_5__q85,skill_mean_reversion_5,quantml_skill,2,0.85,1304,10.456368253235741,-0.8954363174676426,0.9004344772291376,0.803680981595092,-0.06866842925365346,0.8116315050621123,-0.29305081993147153,-0.043436175946910294,0.3075383589059373,1.0,test,0.9219844072870994,-0.9488625745461053
skill_mean_reversion_5__q85,skill_mean_reversion_5,quantml_skill,2,0.85,181,61.75543626936015,-0.38244563730639847,0.4713330628163016,0.7790055248618785,-0.2112959322134804,0.7227544620928978,-0.26685985303524873,-0.09450123994080606,0.15950069348127602,1.0,latest72h,0.9219844072870994,-0.9488625745461053
skill_mean_reversion_5__q85,skill_mean_reversion_5,quantml_skill,2,0.85,4962,0.5441883854622892,-0.9945581161453771,0.9949676317584711,0.8166062071745264,-0.02004349286870968,0.8813633564520658,-0.33581663419382257,-0.021992047260717795,0.41242012125184335,1.0,full,0.9219844072870994,-0.9488625745461053
skill_mean_reversion_5__q90,skill_mean_reversion_5,quantml_skill,2,0.9,1533,48.60701622100353,-0.5139298377899646,0.7067089367345731,0.8558382257012394,-0.033524451258314505,0.9081320712699562,-0.2161316488250289,0.002326827057671288,0.510960936212296,1.0,train,1.1994380752642857,-1.2122177790243487
skill_mean_reversion_5__q90,skill_mean_reversion_5,quantml_skill,2,0.9,891,50.30734115111043,-0.4969265884888957,0.6166589127461122,0.8439955106621774,-0.05577178321985365,0.8806166996330739,-0.34414789292555337,-0.007738896990299504,0.466977985323549,1.0,validation,1.1994380752642857,-1.2122177790243487
skill_mean_reversion_5__q90,skill_mean_reversion_5,quantml_skill,2,0.9,856,38.09431075323212,-0.6190568924676787,0.6286457720275875,0.8411214953271028,-0.07231973042846691,0.8186253364724776,-0.22607786030502763,-0.008215400524010708,0.4548032021347565,1.0,test,1.1994380752642857,-1.2122177790243487
skill_mean_reversion_5__q90,skill_mean_reversion_5,quantml_skill,2,0.9,115,91.5657767927917,-0.08434223207208302,0.26371747170935717,0.8347826086956521,-0.0733410713670286,0.8989036471373603,-0.13310846949142008,-0.02107704559555923,0.3841886269070735,1.0,latest72h,1.1994380752642857,-1.2122177790243487
skill_mean_reversion_5__q90,skill_mean_reversion_5,quantml_skill,2,0.9,3280,9.315162751791297,-0.906848372482087,0.9178104603688723,0.848780487804878,-0.02764781623420984,0.892707038890739,-0.34414789292555337,-0.002458048543800828,0.4870555464525643,1.0,full,1.1994380752642857,-1.2122177790243487
skill_mean_reversion_5__q95,skill_mean_reversion_5,quantml_skill,2,0.95,741,113.9739585572987,0.13973958557298705,0.26471538751302814,0.893387314439946,0.01885824366706974,1.0420461193300163,-0.13566792691524532,0.0013371826942325526,0.5135981539475853,1.0,train,1.5366908654994402,-1.5439929732016497
skill_mean_reversion_5__q95,skill_mean_reversion_5,quantml_skill,2,0.95,412,85.54773924882609,-0.14452260751173907,0.33715443323909494,0.8737864077669902,-0.0350783027941115,0.9314891267926985,-0.133321785975405,0.0007110703489091597,0.5046697798532355,1.0,validation,1.5366908654994402,-1.5439929732016497
skill_mean_reversion_5__q95,skill_mean_reversion_5,quantml_skill,2,0.95,406,101.66689696699882,0.01666896966998821,0.32841826845376515,0.8891625615763546,0.004105657554185161,1.0076955001612924,-0.12253385752869461,0.006296043278868568,0.5393595730486991,1.0,test,1.5366908654994402,-1.5439929732016497
skill_mean_reversion_5__q95,skill_mean_reversion_5,quantml_skill,2,0.95,61,93.45945149921407,-0.06540548500785937,0.19095346545762726,0.8524590163934426,-0.10722210657026036,0.8304715661906008,-0.10759148601339474,-0.010925369935401275,0.44382801664355065,1.0,latest72h,1.5366908654994402,-1.5439929732016497
skill_mean_reversion_5__q95,skill_mean_reversion_5,quantml_skill,2,0.95,1559,99.12740517389594,-0.008725948261040672,0.38457599788114927,0.8871071199486851,-0.0005597144490723471,0.9988869549562668,-0.13566792691524532,0.0026788950707261616,0.5208504014419139,1.0,full,1.5366908654994402,-1.5439929732016497
skill_composite_20_5_60__q70,skill_composite_20_5_60,quantml_skill,2,0.7,4967,0.02214960184927339,-0.9997785039815072,0.9998313142252694,0.7185423797060599,-0.020128417636027903,0.8831655542936432,-0.5878601150142466,-0.08505175194120296,0.3458051755398055,1.0,train,0.06837142145015583,-0.06530722320155494
skill_composite_20_5_60__q70,skill_composite_20_5_60,quantml_skill,2,0.7,2956,1.5233110352621175,-0.9847668896473788,0.9911975153831678,0.7182002706359946,-0.03331417082704266,0.9439198805701619,-0.5611247691143837,-0.07807221337164966,0.36107404936624415,1.0,validation,0.06837142145015583,-0.06530722320155494
skill_composite_20_5_60__q70,skill_composite_20_5_60,quantml_skill,2,0.7,2766,1.1628906337690028,-0.98837109366231,0.9903413778111975,0.7169197396963124,-0.0357328667267647,0.8915837938347142,-0.47673482030380676,-0.0915215613767752,0.3305537024683122,1.0,test,0.06837142145015583,-0.06530722320155494
skill_composite_20_5_60__q70,skill_composite_20_5_60,quantml_skill,2,0.7,354,47.00828191269659,-0.5299171808730341,0.6249987655693523,0.6977401129943502,-0.14969411889068798,0.8373234156306656,-0.43707081760844413,-0.14975834617047457,0.15811373092926492,1.0,latest72h,0.06837142145015583,-0.06530722320155494
skill_composite_20_5_60__q70,skill_composite_20_5_60,quantml_skill,2,0.7,10689,3.923678229342615e-06,-0.9999999607632177,0.9999999682930589,0.7180278791280756,-0.009355411738826983,0.8831931862400692,-0.5878601150142466,-0.08405317497363418,0.34659184007864985,1.0,full,0.06837142145015583,-0.06530722320155494
skill_composite_20_5_60__q75,skill_composite_20_5_60,quantml_skill,2,0.75,4135,0.966235351313105,-0.990337646486869,0.9938773593015834,0.7557436517533253,-0.023950124461592923,0.9080320200631121,-0.49261905793024063,-0.03806961325974928,0.41750453271798255,1.0,train,0.14355754082405298,-0.14367246890883603
skill_composite_20_5_60__q75,skill_composite_20_5_60,quantml_skill,2,0.75,2467,3.1504672305681507,-0.9684953276943185,0.974923136847518,0.7458451560599919,-0.039258018958018566,0.8914681633725627,-0.47070101385579655,-0.07137243296560297,0.3617411607738492,1.0,validation,0.14355754082405298,-0.14367246890883603
skill_composite_20_5_60__q75,skill_composite_20_5_60,quantml_skill,2,0.75,2308,5.4992165439142395,-0.9450078345608576,0.9500932157940736,0.7512998266897747,-0.040944880180279836,0.8974260666221344,-0.3852583857077867,-0.0775911434808863,0.34372915276851235,1.0,test,0.14355754082405298,-0.14367246890883603
skill_composite_20_5_60__q75,skill_composite_20_5_60,quantml_skill,2,0.75,298,45.05317491812377,-0.5494682508187623,0.585893275559726,0.7214765100671141,-0.18438531906669917,0.7677705530072616,-0.3423153136759829,-0.114279934766647,0.11095700416088766,1.0,latest72h,0.14355754082405298,-0.14367246890883603
skill_composite_20_5_60__q75,skill_composite_20_5_60,quantml_skill,2,0.75,8910,0.0016740125549267867,-0.9999832598744507,0.9999866402512967,0.7518518518518519,-0.01122315667648091,0.9078977391262758,-0.49261905793024063,-0.05659859626831176,0.3847288218908733,1.0,full,0.14355754082405298,-0.14367246890883603
skill_composite_20_5_60__q80,skill_composite_20_5_60,quantml_skill,2,0.8,3342,3.12509331801675,-0.9687490668198325,0.9838735072502605,0.7854578096947935,-0.02898710553021634,0.8986230257840301,-0.3913507686374823,-0.033926143495244865,0.40852150980715346,1.0,train,0.22091876737694963,-0.2208865038645818
skill_composite_20_5_60__q80,skill_composite_20_5_60,quantml_skill,2,0.8,2000,12.366476286911285,-0.8763352371308871,0.8911560137256919,0.7775,-0.04381676185654437,0.9017353580992166,-0.3744986034033142,-0.03539090133039646,0.41260840560373585,1.0,validation,0.22091876737694963,-0.2208865038645818
skill_composite_20_5_60__q80,skill_composite_20_5_60,quantml_skill,2,0.8,1885,15.191885898937537,-0.8480811410106246,0.8512395598465532,0.7819628647214855,-0.04499104196342825,0.9082231918829061,-0.33109278096949735,-0.04449610044108998,0.3757505003335557,1.0,test,0.22091876737694963,-0.2208865038645818
skill_composite_20_5_60__q80,skill_composite_20_5_60,quantml_skill,2,0.8,258,53.82905417853776,-0.4617094582146224,0.49002877010340123,0.748062015503876,-0.1789571543467532,0.7767399762805908,-0.28181685718692495,-0.1012679253337978,0.13869625520110956,1.0,latest72h,0.22091876737694963,-0.2208865038645818
skill_composite_20_5_60__q80,skill_composite_20_5_60,quantml_skill,2,0.8,7227,0.05871115839231893,-0.9994128884160768,0.9995077346865405,0.7823439878234398,-0.013828876275301983,0.898745640415077,-0.3913507686374823,-0.03698777502234463,0.40193347533999674,1.0,full,0.22091876737694963,-0.2208865038645818
skill_composite_20_5_60__q85,skill_composite_20_5_60,quantml_skill,2,0.85,2509,8.984944902711774,-0.9101505509728822,0.9475954042042934,0.8146671980868873,-0.03627543048915432,0.8886120587119222,-0.33581663419382257,-0.020909813575822056,0.4152793802538322,1.0,train,0.2998896031666352,-0.30861404812714816
skill_composite_20_5_60__q85,skill_composite_20_5_60,quantml_skill,2,0.85,1480,35.57916242569282,-0.6442083757430718,0.744386574175953,0.8108108108108109,-0.04352759295561316,0.9164719676948234,-0.3201199800178255,-0.018932682188943173,0.44629753168779185,1.0,validation,0.2998896031666352,-0.30861404812714816
skill_composite_20_5_60__q85,skill_composite_20_5_60,quantml_skill,2,0.85,1411,15.592607479587592,-0.844073925204124,0.8479988061690333,0.8043940467753367,-0.059820972728853526,0.8646888149574712,-0.2913103735486169,-0.03319714222030873,0.3599066044029353,1.0,test,0.2998896031666352,-0.30861404812714816
skill_composite_20_5_60__q85,skill_composite_20_5_60,quantml_skill,2,0.85,193,62.25701667320996,-0.37742983326790036,0.45950823313385086,0.7772020725388601,-0.19555949910253959,0.7490503171424198,-0.2849094098052123,-0.07919673757680235,0.13314840499306518,1.0,latest72h,0.2998896031666352,-0.30861404812714816
skill_composite_20_5_60__q85,skill_composite_20_5_60,quantml_skill,2,0.85,5400,0.4984595082266469,-0.9950154049177335,0.9958277840581379,0.8109259259259259,-0.018426211202180243,0.8902157890623312,-0.33581663419382257,-0.024012188007864643,0.4102900213009995,1.0,full,0.2998896031666352,-0.30861404812714816
skill_composite_20_5_60__q90,skill_composite_20_5_60,quantml_skill,2,0.9,1667,41.18657083895972,-0.5881342916104029,0.7528376278181493,0.850629874025195,-0.03528100129636474,0.8992999263371625,-0.24785965351544448,-0.004920542172779818,0.48046810614801383,1.0,train,0.4029137738730074,-0.4096785608656803
skill_composite_20_5_60__q90,skill_composite_20_5_60,quantml_skill,2,0.9,969,43.55622421036141,-0.564437757896386,0.6554333699606145,0.8379772961816305,-0.05824951061882207,0.8695907580480733,-0.3249944784898203,-0.008222524798063069,0.4723148765843896,1.0,validation,0.4029137738730074,-0.4096785608656803
skill_composite_20_5_60__q90,skill_composite_20_5_60,quantml_skill,2,0.9,927,32.58130070175595,-0.6741869929824404,0.6905022464141399,0.8360302049622438,-0.0727278309581916,0.8171349762130342,-0.24837802637017992,-0.011132436274176594,0.428285523682455,1.0,test,0.4029137738730074,-0.4096785608656803
skill_composite_20_5_60__q90,skill_composite_20_5_60,quantml_skill,2,0.9,128,87.93939833712227,-0.12060601662877735,0.30461754567124716,0.828125,-0.09422345049123246,0.8706151649628537,-0.19934978486757782,-0.025453550925365165,0.34812760055478503,1.0,latest72h,0.4029137738730074,-0.4096785608656803
skill_composite_20_5_60__q90,skill_composite_20_5_60,quantml_skill,2,0.9,3563,5.844862209330768,-0.9415513779066923,0.9492476599608757,0.8433904013471794,-0.026425803477594417,0.8863475720316633,-0.3249944784898203,-0.0070230259624251,0.4671063411436998,1.0,full,0.4029137738730074,-0.4096785608656803
skill_composite_20_5_60__q95,skill_composite_20_5_60,quantml_skill,2,0.95,808,133.27598421156716,0.33275984211567167,0.25222388851990446,0.8960396039603961,0.04118314877669219,1.0852672523131266,-0.13326974700671523,0.0023645712506970007,0.5271138948409428,1.0,train,0.5254840808327734,-0.5278760887508684
skill_composite_20_5_60__q95,skill_composite_20_5_60,quantml_skill,2,0.95,460,81.50607436569499,-0.1849392563430502,0.404377111690613,0.8717391304347826,-0.040204186161532665,0.9210857615996275,-0.18793217770690307,0.0042121727248036755,0.5330220146764509,1.0,validation,0.5254840808327734,-0.5278760887508684
skill_composite_20_5_60__q95,skill_composite_20_5_60,quantml_skill,2,0.95,443,111.34856546442487,0.11348565464424865,0.26836711599523094,0.8893905191873589,0.025617529265068138,1.048029158209561,-0.12356695685726837,0.006873754871777216,0.5496997998665777,1.0,test,0.5254840808327734,-0.5278760887508684
skill_composite_20_5_60__q95,skill_composite_20_5_60,quantml_skill,2,0.95,66,99.0089712090704,-0.009910287909296045,0.185623276524171,0.8636363636363636,-0.015015587741358414,0.9756723176555392,-0.10759148601339474,-0.010925369935401275,0.4812760055478502,1.0,latest72h,0.5254840808327734,-0.5278760887508684
skill_composite_20_5_60__q95,skill_composite_20_5_60,quantml_skill,2,0.95,1711,120.95574508361106,0.20955745083611066,0.4274667923641498,0.8877849210987726,0.012247659312455651,1.0218456184735771,-0.18793217770690307,0.003796560975222407,0.5370719318368016,1.0,full,0.5254840808327734,-0.5278760887508684
expr_btc_1m__q70,expr_btc_1m,alphaforge_primitive,1,0.7,4501,3.9678708693421174,-0.9603212913065788,0.9786915736393095,0.7031770717618308,-0.021335731866398134,0.9313503408390884,-0.5868397996936054,-0.042741204009761,0.43118509971979563,1.0,train,0.30081999999986136,-0.3032200000000738
expr_btc_1m__q70,expr_btc_1m,alphaforge_primitive,1,0.7,2364,34.163014280770156,-0.6583698571922985,0.7871146360260216,0.7170050761421319,-0.027849824754327217,0.9531032688220812,-0.4921080759351011,-0.013754804002196475,0.47364909939959976,1.0,validation,0.30081999999986136,-0.3032200000000738
expr_btc_1m__q70,expr_btc_1m,alphaforge_primitive,1,0.7,1947,4.225957503473691,-0.9577404249652631,0.9674919970805388,0.7051874678993323,-0.049190571390101044,0.9022182980791887,-0.4291738636487036,-0.06799313734811052,0.2896931287525017,1.0,test,0.30081999999986136,-0.3032200000000738
expr_btc_1m__q70,expr_btc_1m,alphaforge_primitive,1,0.7,249,51.20443681946747,-0.4879556318053253,0.5541388633134294,0.6907630522088354,-0.1959661171908938,0.7626997887849803,-0.4147499721900506,-0.07577703217838527,0.2510402219140083,1.0,latest72h,0.30081999999986136,-0.3032200000000738
expr_btc_1m__q70,expr_btc_1m,alphaforge_primitive,1,0.7,8812,0.057284725709521485,-0.9994271527429048,0.9994818624148545,0.7073309123921925,-0.011341660834576784,0.9319123391871075,-0.5868397996936054,-0.04634002132314663,0.4070948713747337,1.0,full,0.30081999999986136,-0.3032200000000738
expr_btc_1m__q75,expr_btc_1m,alphaforge_primitive,1,0.75,3767,16.28935672151901,-0.8371064327848099,0.9604659294521432,0.7209981417573667,-0.02222209802985972,0.9787145873870264,-0.578876714403495,-0.014547323221397845,0.46382066919400033,1.0,train,0.3995500000000538,-0.39880000000004656
expr_btc_1m__q75,expr_btc_1m,alphaforge_primitive,1,0.75,1912,37.20217096122907,-0.6279782903877094,0.7553083633120189,0.7327405857740585,-0.03284405284454532,0.9427523503892675,-0.4970421128254183,-0.013461335002088404,0.47798532354903267,1.0,validation,0.3995500000000538,-0.39880000000004656
expr_btc_1m__q75,expr_btc_1m,alphaforge_primitive,1,0.75,1501,13.429500755245801,-0.865704992447542,0.9030729129502677,0.7275149900066622,-0.05767521601915686,0.9048558566781084,-0.39244106200909523,-0.03220185413663257,0.37458305537024683,1.0,test,0.3995500000000538,-0.39880000000004656
expr_btc_1m__q75,expr_btc_1m,alphaforge_primitive,1,0.75,186,69.08833468378769,-0.3091166531621231,0.38877587320660867,0.7204301075268817,-0.1661917490118949,0.8059009229394419,-0.3376936449902863,-0.013072640521001433,0.40083217753120665,1.0,latest72h,0.3995500000000538,-0.39880000000004656
expr_btc_1m__q75,expr_btc_1m,alphaforge_primitive,1,0.75,7180,0.8138269851241907,-0.9918617301487581,0.9974636015468432,0.7254874651810584,-0.013814230224913128,0.9761949137642999,-0.578876714403495,-0.021454347154782227,0.4448222185810257,1.0,full,0.3995500000000538,-0.39880000000004656
expr_btc_1m__q80,expr_btc_1m,alphaforge_primitive,1,0.8,3007,22.42910970160882,-0.7757089029839118,0.9621247153436434,0.7352843365480546,-0.02579677096720673,0.975061118601795,-0.5699037641306749,-0.0010318621061052857,0.49785726059007746,1.0,train,0.5134399999999439,-0.5107600000000386
expr_btc_1m__q80,expr_btc_1m,alphaforge_primitive,1,0.8,1497,112.96110315588133,0.12961103155881326,0.5320177125977833,0.7595190380761523,0.008658051540334973,1.0080201912766444,-0.36788015253454853,0.016414926562731802,0.5517011340893929,1.0,validation,0.5134399999999439,-0.5107600000000386
expr_btc_1m__q80,expr_btc_1m,alphaforge_primitive,1,0.8,1093,44.32793599319399,-0.5567206400680601,0.7572985007295038,0.7557182067703568,-0.05093509973175333,0.9457292191935227,-0.3271292121690894,-0.017678087259466735,0.4464643095396931,1.0,test,0.5134399999999439,-0.5107600000000386
expr_btc_1m__q80,expr_btc_1m,alphaforge_primitive,1,0.8,129,73.55228881539801,-0.26447711184601985,0.3602021639033941,0.7364341085271318,-0.2050210169348996,0.7489971215739089,-0.3271292121690894,-0.008376508338382438,0.4868238557558946,1.0,latest72h,0.5134399999999439,-0.5107600000000386
expr_btc_1m__q80,expr_btc_1m,alphaforge_primitive,1,0.8,5597,11.23100110856833,-0.8876899889143167,0.9708657767852716,0.7457566553510809,-0.015860103428878173,0.9762192627988249,-0.5699037641306749,-0.0005297067457469273,0.49803375389152876,1.0,full,0.5134399999999439,-0.5107600000000386
expr_btc_1m__q85,expr_btc_1m,alphaforge_primitive,1,0.85,2248,21.469014588815856,-0.7853098541118414,0.9060728900868148,0.748220640569395,-0.034933712371523165,0.9466172196137888,-0.540526644953243,-0.013653586270520934,0.4466787539146201,1.0,train,0.6581999999999316,-0.674620000000199
expr_btc_1m__q85,expr_btc_1m,alphaforge_primitive,1,0.85,1078,81.54764332557872,-0.18452356674421277,0.46226980714498767,0.7727272727272727,-0.017117213983693303,0.9807143738396856,-0.33249998829622196,0.002578504672925641,0.5090060040026685,1.0,validation,0.6581999999999316,-0.674620000000199
expr_btc_1m__q85,expr_btc_1m,alphaforge_primitive,1,0.85,720,84.60643379854584,-0.15393566201454167,0.4680718111130994,0.7861111111111111,-0.02137995305757581,0.9766361222021323,-0.2287445976536605,-0.002051849505103287,0.4764843228819213,0.9873248832555037,test,0.6581999999999316,-0.674620000000199
expr_btc_1m__q85,expr_btc_1m,alphaforge_primitive,1,0.85,78,79.85071460995611,-0.2014928539004388,0.27641227861221307,0.7564102564102564,-0.2583241716672305,0.7044215167941331,-0.2287445976536605,-0.0009777716514244306,0.4909847434119279,1.0,latest72h,0.6581999999999316,-0.674620000000199
expr_btc_1m__q85,expr_btc_1m,alphaforge_primitive,1,0.85,4046,14.812450619974191,-0.8518754938002581,0.9193874685782415,0.7614928324270884,-0.021054757632235736,0.9524584906792529,-0.540526644953243,-0.0068683839577334815,0.46755693921022445,0.9968867769949206,full,0.6581999999999316,-0.674620000000199
expr_btc_1m__q90,expr_btc_1m,alphaforge_primitive,1,0.9,1468,40.779603910967744,-0.5922039608903226,0.860095642493979,0.7683923705722071,-0.04034086927045778,0.9558827324263552,-0.5465591895628394,0.009778646220466536,0.5285149167628153,0.9953848689632437,train,0.8676000000000932,-0.9009400000000897
expr_btc_1m__q90,expr_btc_1m,alphaforge_primitive,1,0.9,677,108.60606832849611,0.08606068328496108,0.3731124445095716,0.7976366322008862,0.012712065477838102,1.0156787142760966,-0.23553197830606776,0.004313779297362874,0.5391927951967979,1.0,validation,0.8676000000000932,-0.9009400000000897
expr_btc_1m__q90,expr_btc_1m,alphaforge_primitive,1,0.9,431,80.65268280700595,-0.1934731719299405,0.43153616523771793,0.8051044083526682,-0.044889367037109794,0.9501878340749226,-0.1493261041368712,-0.0019059013109452572,0.43012008005336894,0.9399599733155437,test,0.8676000000000932,-0.9009400000000897
expr_btc_1m__q90,expr_btc_1m,alphaforge_primitive,1,0.9,40,90.94844406427259,-0.09051555935727407,0.13617108237147038,0.8,-0.22628889839318478,0.7132142007555304,-0.10416200022724909,-0.010425861422925786,0.42163661581137307,0.9403606102635229,latest72h,0.8676000000000932,-0.9009400000000897
expr_btc_1m__q90,expr_btc_1m,alphaforge_primitive,1,0.9,2576,35.720367091012754,-0.6427963290898724,0.860095642493979,0.78222049689441,-0.024953273644793068,0.963019463096532,-0.5465591895628394,0.0014965074658892519,0.5066770440766836,0.9829592003932492,full,0.8676000000000932,-0.9009400000000897
expr_btc_1m__q95,expr_btc_1m,alphaforge_primitive,1,0.95,705,59.730280061162134,-0.40269719938837867,0.7387244631658584,0.7843971631205674,-0.05712017012601133,0.9330564925104351,-0.42942328468383084,0.002580645161290418,0.5217570463161365,0.9029174221196637,train,1.2644699999997975,-1.2992699999999295
expr_btc_1m__q95,expr_btc_1m,alphaforge_primitive,1,0.95,286,66.5093108259312,-0.3349068917406881,0.4234686338160374,0.7972027972027972,-0.11710031179744283,0.8359683306470467,-0.13620729391189212,0.00039904762659359605,0.5040026684456305,0.9224482988659106,validation,1.2644699999997975,-1.2992699999999295
expr_btc_1m__q95,expr_btc_1m,alphaforge_primitive,1,0.95,146,108.49363998170345,0.08493639981703449,0.15262412734439235,0.863013698630137,0.05817561631303805,1.0983193468617605,-0.09001107307576373,0.003043478260869481,0.5101734489659773,0.7935290193462308,test,1.2644699999997975,-1.2992699999999295
expr_btc_1m__q95,expr_btc_1m,alphaforge_primitive,1,0.95,16,100.63397068430788,0.0063397068430788295,0.04054054054054058,0.875,0.039623167769242684,1.0775200637847884,-0.0366558024691358,0.0,0.39667128987517336,0.7323162274618585,latest72h,1.2644699999997975,-1.2992699999999295
expr_btc_1m__q95,expr_btc_1m,alphaforge_primitive,1,0.95,1137,43.100397827601775,-0.5689960217239822,0.7794288060898144,0.7977132805628848,-0.050043625481440826,0.9249166476280858,-0.42942328468383084,0.002580645161290418,0.5142962477470097,0.8819842700311322,full,1.2644699999997975,-1.2992699999999295
expr_btc_1m_tanh__q70,expr_btc_1m_tanh,alphaforge_unary,1,0.7,4501,3.9678708693421174,-0.9603212913065788,0.9786915736393095,0.7031770717618308,-0.021335731866398134,0.9313503408390884,-0.5868397996936054,-0.042741204009761,0.43118509971979563,1.0,train,0.2920628444172427,-0.29425658080469863
expr_btc_1m_tanh__q70,expr_btc_1m_tanh,alphaforge_unary,1,0.7,2364,34.163014280770156,-0.6583698571922985,0.7871146360260216,0.7170050761421319,-0.027849824754327217,0.9531032688220812,-0.4921080759351011,-0.013754804002196475,0.47364909939959976,1.0,validation,0.2920628444172427,-0.29425658080469863
expr_btc_1m_tanh__q70,expr_btc_1m_tanh,alphaforge_unary,1,0.7,1947,4.225957503473691,-0.9577404249652631,0.9674919970805388,0.7051874678993323,-0.049190571390101044,0.9022182980791887,-0.4291738636487036,-0.06799313734811052,0.2896931287525017,1.0,test,0.2920628444172427,-0.29425658080469863
expr_btc_1m_tanh__q70,expr_btc_1m_tanh,alphaforge_unary,1,0.7,249,51.20443681946747,-0.4879556318053253,0.5541388633134294,0.6907630522088354,-0.1959661171908938,0.7626997887849803,-0.4147499721900506,-0.07577703217838527,0.2510402219140083,1.0,latest72h,0.2920628444172427,-0.29425658080469863
expr_btc_1m_tanh__q70,expr_btc_1m_tanh,alphaforge_unary,1,0.7,8812,0.057284725709521485,-0.9994271527429048,0.9994818624148545,0.7073309123921925,-0.011341660834576784,0.9319123391871075,-0.5868397996936054,-0.04634002132314663,0.4070948713747337,1.0,full,0.2920628444172427,-0.29425658080469863
expr_btc_1m_tanh__q75,expr_btc_1m_tanh,alphaforge_unary,1,0.75,3767,16.28935672151901,-0.8371064327848099,0.9604659294521432,0.7209981417573667,-0.02222209802985972,0.9787145873870264,-0.578876714403495,-0.014547323221397845,0.46382066919400033,1.0,train,0.3795638565472313,-0.37892172784906386
expr_btc_1m_tanh__q75,expr_btc_1m_tanh,alphaforge_unary,1,0.75,1912,37.20217096122907,-0.6279782903877094,0.7553083633120189,0.7327405857740585,-0.03284405284454532,0.9427523503892675,-0.4970421128254183,-0.013461335002088404,0.47798532354903267,1.0,validation,0.3795638565472313,-0.37892172784906386
expr_btc_1m_tanh__q75,expr_btc_1m_tanh,alphaforge_unary,1,0.75,1501,13.429500755245801,-0.865704992447542,0.9030729129502677,0.7275149900066622,-0.05767521601915686,0.9048558566781084,-0.39244106200909523,-0.03220185413663257,0.37458305537024683,1.0,test,0.3795638565472313,-0.37892172784906386
expr_btc_1m_tanh__q75,expr_btc_1m_tanh,alphaforge_unary,1,0.75,186,69.08833468378769,-0.3091166531621231,0.38877587320660867,0.7204301075268817,-0.1661917490118949,0.8059009229394419,-0.3376936449902863,-0.013072640521001433,0.40083217753120665,1.0,latest72h,0.3795638565472313,-0.37892172784906386
expr_btc_1m_tanh__q75,expr_btc_1m_tanh,alphaforge_unary,1,0.75,7180,0.8138269851241907,-0.9918617301487581,0.9974636015468432,0.7254874651810584,-0.013814230224913128,0.9761949137642999,-0.578876714403495,-0.021454347154782227,0.4448222185810257,1.0,full,0.3795638565472313,-0.37892172784906386
expr_btc_1m_tanh__q80,expr_btc_1m_tanh,alphaforge_unary,1,0.8,3007,22.42910970160882,-0.7757089029839118,0.9621247153436434,0.7352843365480546,-0.02579677096720673,0.975061118601795,-0.5699037641306749,-0.0010318621061052857,0.49785726059007746,1.0,train,0.47262111189502826,-0.4705371284806869
expr_btc_1m_tanh__q80,expr_btc_1m_tanh,alphaforge_unary,1,0.8,1497,112.96110315588133,0.12961103155881326,0.5320177125977833,0.7595190380761523,0.008658051540334973,1.0080201912766444,-0.36788015253454853,0.016414926562731802,0.5517011340893929,1.0,validation,0.47262111189502826,-0.4705371284806869
expr_btc_1m_tanh__q80,expr_btc_1m_tanh,alphaforge_unary,1,0.8,1093,44.32793599319399,-0.5567206400680601,0.7572985007295038,0.7557182067703568,-0.05093509973175333,0.9457292191935227,-0.3271292121690894,-0.017678087259466735,0.4464643095396931,1.0,test,0.47262111189502826,-0.4705371284806869
expr_btc_1m_tanh__q80,expr_btc_1m_tanh,alphaforge_unary,1,0.8,129,73.55228881539801,-0.26447711184601985,0.3602021639033941,0.7364341085271318,-0.2050210169348996,0.7489971215739089,-0.3271292121690894,-0.008376508338382438,0.4868238557558946,1.0,latest72h,0.47262111189502826,-0.4705371284806869
expr_btc_1m_tanh__q80,expr_btc_1m_tanh,alphaforge_unary,1,0.8,5597,11.23100110856833,-0.8876899889143167,0.9708657767852716,0.7457566553510809,-0.015860103428878173,0.9762192627988249,-0.5699037641306749,-0.0005297067457469273,0.49803375389152876,1.0,full,0.47262111189502826,-0.4705371284806869
expr_btc_1m_tanh__q85,expr_btc_1m_tanh,alphaforge_unary,1,0.85,2248,21.469014588815856,-0.7853098541118414,0.9060728900868148,0.748220640569395,-0.034933712371523165,0.9466172196137888,-0.540526644953243,-0.013653586270520934,0.4466787539146201,1.0,train,0.5771642735980284,-0.5880106965264743
expr_btc_1m_tanh__q85,expr_btc_1m_tanh,alphaforge_unary,1,0.85,1078,81.54764332557872,-0.18452356674421277,0.46226980714498767,0.7727272727272727,-0.017117213983693303,0.9807143738396856,-0.33249998829622196,0.002578504672925641,0.5090060040026685,1.0,validation,0.5771642735980284,-0.5880106965264743
expr_btc_1m_tanh__q85,expr_btc_1m_tanh,alphaforge_unary,1,0.85,720,84.60643379854584,-0.15393566201454167,0.4680718111130994,0.7861111111111111,-0.02137995305757581,0.9766361222021323,-0.2287445976536605,-0.002051849505103287,0.4764843228819213,0.9873248832555037,test,0.5771642735980284,-0.5880106965264743
expr_btc_1m_tanh__q85,expr_btc_1m_tanh,alphaforge_unary,1,0.85,78,79.85071460995611,-0.2014928539004388,0.27641227861221307,0.7564102564102564,-0.2583241716672305,0.7044215167941331,-0.2287445976536605,-0.0009777716514244306,0.4909847434119279,1.0,latest72h,0.5771642735980284,-0.5880106965264743
expr_btc_1m_tanh__q85,expr_btc_1m_tanh,alphaforge_unary,1,0.85,4046,14.812450619974191,-0.8518754938002581,0.9193874685782415,0.7614928324270884,-0.021054757632235736,0.9524584906792529,-0.540526644953243,-0.0068683839577334815,0.46755693921022445,0.9968867769949206,full,0.5771642735980284,-0.5880106965264743
expr_btc_1m_tanh__q90,expr_btc_1m_tanh,alphaforge_unary,1,0.9,1468,40.779603910967744,-0.5922039608903226,0.860095642493979,0.7683923705722071,-0.04034086927045778,0.9558827324263552,-0.5465591895628394,0.009778646220466536,0.5285149167628153,0.9953848689632437,train,0.7001526988611595,-0.7167552614834423
expr_btc_1m_tanh__q90,expr_btc_1m_tanh,alphaforge_unary,1,0.9,677,108.60606832849611,0.08606068328496108,0.3731124445095716,0.7976366322008862,0.012712065477838102,1.0156787142760966,-0.23553197830606776,0.004313779297362874,0.5391927951967979,1.0,validation,0.7001526988611595,-0.7167552614834423
expr_btc_1m_tanh__q90,expr_btc_1m_tanh,alphaforge_unary,1,0.9,431,80.65268280700595,-0.1934731719299405,0.43153616523771793,0.8051044083526682,-0.044889367037109794,0.9501878340749226,-0.1493261041368712,-0.0019059013109452572,0.43012008005336894,0.9399599733155437,test,0.7001526988611595,-0.7167552614834423
expr_btc_1m_tanh__q90,expr_btc_1m_tanh,alphaforge_unary,1,0.9,40,90.94844406427259,-0.09051555935727407,0.13617108237147038,0.8,-0.22628889839318478,0.7132142007555304,-0.10416200022724909,-0.010425861422925786,0.42163661581137307,0.9403606102635229,latest72h,0.7001526988611595,-0.7167552614834423
expr_btc_1m_tanh__q90,expr_btc_1m_tanh,alphaforge_unary,1,0.9,2576,35.720367091012754,-0.6427963290898724,0.860095642493979,0.78222049689441,-0.024953273644793068,0.963019463096532,-0.5465591895628394,0.0014965074658892519,0.5066770440766836,0.9829592003932492,full,0.7001526988611595,-0.7167552614834423
expr_btc_1m_tanh__q95,expr_btc_1m_tanh,alphaforge_unary,1,0.95,705,59.730280061162134,-0.40269719938837867,0.7387244631658584,0.7843971631205674,-0.05712017012601133,0.9330564925104351,-0.42942328468383084,0.002580645161290418,0.5217570463161365,0.9029174221196637,train,0.8522917628228811,-0.8615342241780481
expr_btc_1m_tanh__q95,expr_btc_1m_tanh,alphaforge_unary,1,0.95,286,66.5093108259312,-0.3349068917406881,0.4234686338160374,0.7972027972027972,-0.11710031179744283,0.8359683306470467,-0.13620729391189212,0.00039904762659359605,0.5040026684456305,0.9224482988659106,validation,0.8522917628228811,-0.8615342241780481
expr_btc_1m_tanh__q95,expr_btc_1m_tanh,alphaforge_unary,1,0.95,146,108.49363998170345,0.08493639981703449,0.15262412734439235,0.863013698630137,0.05817561631303805,1.0983193468617605,-0.09001107307576373,0.003043478260869481,0.5101734489659773,0.7935290193462308,test,0.8522917628228811,-0.8615342241780481
expr_btc_1m_tanh__q95,expr_btc_1m_tanh,alphaforge_unary,1,0.95,16,100.63397068430788,0.0063397068430788295,0.04054054054054058,0.875,0.039623167769242684,1.0775200637847884,-0.0366558024691358,0.0,0.39667128987517336,0.7323162274618585,latest72h,0.8522917628228811,-0.8615342241780481
expr_btc_1m_tanh__q95,expr_btc_1m_tanh,alphaforge_unary,1,0.95,1137,43.100397827601775,-0.5689960217239822,0.7794288060898144,0.7977132805628848,-0.050043625481440826,0.9249166476280858,-0.42942328468383084,0.002580645161290418,0.5142962477470097,0.8819842700311322,full,0.8522917628228811,-0.8615342241780481
expr_btc_1m_signed_log__q70,expr_btc_1m_signed_log,alphaforge_unary,1,0.7,5012,2.8586834458905774,-0.9714131655410942,0.9861433637637512,0.6935355147645651,-0.019381747117739375,0.9400344369658009,-0.6037424467193606,-0.0419357796013895,0.43868468765452445,1.0,train,0.2102609254831489,-0.21578856754857434
expr_btc_1m_signed_log__q70,expr_btc_1m_signed_log,alphaforge_unary,1,0.7,2660,13.653266647976341,-0.8634673335202365,0.8885090973489191,0.7022556390977444,-0.0324611779518886,0.9244193804146777,-0.5514457741008771,-0.04299728491586108,0.4276184122748499,1.0,validation,0.2102609254831489,-0.21578856754857434
expr_btc_1m_signed_log__q70,expr_btc_1m_signed_log,alphaforge_unary,1,0.7,2293,4.233017815963856,-0.9576698218403614,0.9639030843586374,0.6969036197121675,-0.041764928994346535,0.9010830950365775,-0.41282017183917785,-0.07200532959398276,0.3060373582388259,1.0,test,0.2102609254831489,-0.21578856754857434
expr_btc_1m_signed_log__q70,expr_btc_1m_signed_log,alphaforge_unary,1,0.7,295,50.39090069006977,-0.49609099309930227,0.5707227037634917,0.6847457627118644,-0.1681664383387467,0.8042969171075885,-0.36504212676570036,-0.0724926330776936,0.23578363384188628,1.0,latest72h,0.2102609254831489,-0.21578856754857434
expr_btc_1m_signed_log__q70,expr_btc_1m_signed_log,alphaforge_unary,1,0.7,9965,0.016521624035150752,-0.9998347837596485,0.9998461573638492,0.6966382338183643,-0.010033464964973924,0.9396376957989203,-0.6037424467193606,-0.05319178268913427,0.4038587579878748,1.0,full,0.2102609254831489,-0.21578856754857434
expr_btc_1m_signed_log__q75,expr_btc_1m_signed_log,alphaforge_unary,1,0.75,4203,5.495004391648302,-0.9450499560835169,0.9818489197914695,0.7090173685462765,-0.02248512862439965,0.9583199583800213,-0.5510408293962359,-0.036249477402286345,0.43959123125103017,1.0,train,0.2911759617061672,-0.29042829811989324
expr_btc_1m_signed_log__q75,expr_btc_1m_signed_log,alphaforge_unary,1,0.75,2203,31.29882250593508,-0.6870117749406492,0.7236202512926212,0.7217430776214253,-0.03118528256652965,0.9478936121163968,-0.4864845699170882,-0.01557197796173676,0.4693128752501668,1.0,validation,0.2911759617061672,-0.29042829811989324
expr_btc_1m_signed_log__q75,expr_btc_1m_signed_log,alphaforge_unary,1,0.75,1777,14.434050927283545,-0.8556594907271645,0.9065559196803528,0.7197523916713562,-0.048151912815260066,0.9353199307205846,-0.38427662761220016,-0.0357900188925227,0.3510673782521681,1.0,test,0.2911759617061672,-0.29042829811989324
expr_btc_1m_signed_log__q75,expr_btc_1m_signed_log,alphaforge_unary,1,0.75,217,61.000793982804566,-0.3899920601719543,0.45576491265938907,0.7050691244239631,-0.17971984339721467,0.7930924911640448,-0.38427662761220016,-0.026677008787702405,0.31761442441054094,1.0,latest72h,0.2911759617061672,-0.29042829811989324
expr_btc_1m_signed_log__q75,expr_btc_1m_signed_log,alphaforge_unary,1,0.75,8183,0.24824715291003235,-0.9975175284708997,0.9988404081157881,0.714774532567518,-0.012190120108406456,0.957778731958154,-0.5510408293962359,-0.03180296259154336,0.42552842864165163,1.0,full,0.2911759617061672,-0.29042829811989324
expr_btc_1m_signed_log__q80,expr_btc_1m_signed_log,alphaforge_unary,1,0.8,3372,22.785874117369886,-0.7721412588263011,0.9624745124513766,0.7292408066429419,-0.02289861384419647,0.9761851781175866,-0.5874148251624975,-0.009170104201536855,0.47642986649085217,1.0,train,0.3777512695408082,-0.37552809951271643
expr_btc_1m_signed_log__q80,expr_btc_1m_signed_log,alphaforge_unary,1,0.8,1684,96.62187699977397,-0.0337812300022603,0.5494464335455228,0.751187648456057,-0.002006011282794392,0.9977896173754939,-0.39817132499292185,0.005796656720287285,0.5163442294863242,1.0,validation,0.3777512695408082,-0.37552809951271643
expr_btc_1m_signed_log__q80,expr_btc_1m_signed_log,alphaforge_unary,1,0.8,1274,27.314631995878997,-0.72685368004121,0.8449810884744425,0.7417582417582418,-0.05705287912411431,0.9296846806097568,-0.37593926437841274,-0.024893823345803368,0.42078052034689795,1.0,test,0.3777512695408082,-0.37552809951271643
expr_btc_1m_signed_log__q80,expr_btc_1m_signed_log,alphaforge_unary,1,0.8,157,71.98705692387479,-0.2801294307612521,0.34206279849206067,0.732484076433121,-0.1784263890199064,0.7876698686043259,-0.342835971884105,0.02108825243251422,0.5589459084604715,1.0,latest72h,0.3777512695408082,-0.37552809951271643
expr_btc_1m_signed_log__q80,expr_btc_1m_signed_log,alphaforge_unary,1,0.8,6330,6.013627419390959,-0.9398637258060905,0.98184026033385,0.7375987361769353,-0.014847768180191062,0.9753839294878649,-0.5874148251624975,-0.010997078961283324,0.47075208913649025,1.0,full,0.3777512695408082,-0.37552809951271643
expr_btc_1m_signed_log__q85,expr_btc_1m_signed_log,alphaforge_unary,1,0.85,2521,10.75914613261662,-0.8924085386738339,0.9489218174971917,0.7385957953193177,-0.03539899003069551,0.9418922306805834,-0.5517000700035462,-0.013039782079127704,0.44750288445689795,1.0,train,0.46972857454124345,-0.4741450343079119
expr_btc_1m_signed_log__q85,expr_btc_1m_signed_log,alphaforge_unary,1,0.85,1230,76.2674115590813,-0.237325884409187,0.5285143756703726,0.765040650406504,-0.01929478735034037,0.9787409168118762,-0.35322741968960036,-0.0002645431662294806,0.49966644429619744,1.0,validation,0.46972857454124345,-0.4741450343079119
expr_btc_1m_signed_log__q85,expr_btc_1m_signed_log,alphaforge_unary,1,0.85,865,54.71010574271039,-0.4528989425728961,0.6320845099025588,0.7710982658959538,-0.05235825925698284,0.9357549435607119,-0.25317122806771064,-0.011272382069002829,0.4479653102068045,0.9958305537024683,test,0.46972857454124345,-0.4741450343079119
expr_btc_1m_signed_log__q85,expr_btc_1m_signed_log,alphaforge_unary,1,0.85,100,81.30206582962681,-0.18697934170373187,0.3189778179692605,0.76,-0.18697934170373248,0.7704245995262814,-0.25317122806771064,-0.004800051551775764,0.47434119278779474,1.0,latest72h,0.46972857454124345,-0.4741450343079119
expr_btc_1m_signed_log__q85,expr_btc_1m_signed_log,alphaforge_unary,1,0.85,4616,4.489359326058764,-0.9551064067394124,0.9777101694104646,0.7517331022530329,-0.020691213317578266,0.9442676611472992,-0.5517000700035462,-0.009617058828725877,0.4610027855153203,0.9989759134851712,full,0.46972857454124345,-0.4741450343079119
expr_btc_1m_signed_log__q90,expr_btc_1m_signed_log,alphaforge_unary,1,0.9,1653,24.06326325214632,-0.7593673674785368,0.8794396638699513,0.7604355716878403,-0.04593873971436989,0.9364971157399694,-0.5850478563429025,0.0014293628497283883,0.5065106312839954,0.9953848689632437,train,0.5904497454840549,-0.6088303504099852
expr_btc_1m_signed_log__q90,expr_btc_1m_signed_log,alphaforge_unary,1,0.9,762,132.6407744942592,0.32640774494259195,0.343878100681356,0.7979002624671916,0.0428356620659575,1.0459901488942533,-0.2775923713603109,0.011263467590078569,0.5668779186124083,1.0,validation,0.5904497454840549,-0.6088303504099852
expr_btc_1m_signed_log__q90,expr_btc_1m_signed_log,alphaforge_unary,1,0.9,513,102.94224061579351,0.02942240615793512,0.36226023659814066,0.8070175438596491,0.005735361824158533,1.0064318308525408,-0.1514986021483794,0.001427608499818156,0.5036691127418279,0.9549699799866578,test,0.5904497454840549,-0.6088303504099852
expr_btc_1m_signed_log__q90,expr_btc_1m_signed_log,alphaforge_unary,1,0.9,50,101.6764303961689,0.01676430396168893,0.1115298018702761,0.84,0.03352860792337872,1.0509088469743608,-0.09565153922940794,0.0065882352941175615,0.5533980582524272,0.9403606102635229,latest72h,0.5904497454840549,-0.6088303504099852
expr_btc_1m_signed_log__q90,expr_btc_1m_signed_log,alphaforge_unary,1,0.9,2928,32.85679424237784,-0.6714320575762216,0.8794396638699513,0.7783469945355191,-0.022931422731428248,0.9556105117499446,-0.5850478563429025,0.004312761809326604,0.5205636572177618,0.9866459118466328,full,0.5904497454840549,-0.6088303504099852
expr_btc_1m_signed_log__q95,expr_btc_1m_signed_log,alphaforge_unary,1,0.95,804,72.00408892919783,-0.2799591107080217,0.6493144526977718,0.7848258706467661,-0.03482078491393279,0.9603279436787576,-0.4167761198819193,0.0055172413793103114,0.5559584638206692,0.9253337728696226,train,0.7810664618258543,-0.8072969566139433
expr_btc_1m_signed_log__q95,expr_btc_1m_signed_log,alphaforge_unary,1,0.95,341,78.37958730091349,-0.2162041269908651,0.3295540448479272,0.8064516129032258,-0.06340296979204185,0.9113553847354696,-0.15800484281683913,0.003516483516483593,0.5466977985323549,0.9481320880587059,validation,0.7810664618258543,-0.8072969566139433
expr_btc_1m_signed_log__q95,expr_btc_1m_signed_log,alphaforge_unary,1,0.95,171,111.64626179174762,0.11646261791747614,0.1635643374097434,0.8596491228070176,0.06810679410378828,1.1118443117985906,-0.09001107307576373,0.0031840491752437305,0.5121747831887925,0.8193795863909273,test,0.7810664618258543,-0.8072969566139433
expr_btc_1m_signed_log__q95,expr_btc_1m_signed_log,alphaforge_unary,1,0.95,16,100.63397068430788,0.0063397068430788295,0.04054054054054058,0.875,0.039623167769242684,1.0775200637847884,-0.0366558024691358,0.0,0.39667128987517336,0.7323162274618585,latest72h,0.7810664618258543,-0.8072969566139433
expr_btc_1m_signed_log__q95,expr_btc_1m_signed_log,alphaforge_unary,1,0.95,1316,63.00925118029815,-0.36990748819701846,0.6547068955175004,0.8001519756838906,-0.028108471747493525,0.9606509938870769,-0.4167761198819193,0.0040000000000000036,0.5422742913321318,0.9057840406357529,full,0.7810664618258543,-0.8072969566139433
expr_btc_1m_rollz60__q70,expr_btc_1m_rollz60,alphaforge_unary,1,0.7,4426,0.9332556455597169,-0.9906674435444028,0.9959255646848508,0.6967916854948034,-0.022382906541897972,0.9009070620739891,-0.5658513499808,-0.05527590023711265,0.3793472886105159,1.0,train,0.43564155071504823,-0.44076746992557053
expr_btc_1m_rollz60__q70,expr_btc_1m_rollz60,alphaforge_unary,1,0.7,2421,20.90375002214449,-0.7909624997785552,0.8285087543196109,0.7096241222635274,-0.03267090044521092,0.9474439953507124,-0.49273596174107726,-0.04225066844920433,0.4279519679786524,1.0,validation,0.43564155071504823,-0.44076746992557053
expr_btc_1m_rollz60__q70,expr_btc_1m_rollz60,alphaforge_unary,1,0.7,2358,2.9064657211053135,-0.9709353427889469,0.9738663621498985,0.6908396946564885,-0.0411762231886748,0.9044147841881331,-0.47865085841603006,-0.07579982365801019,0.312374916611074,1.0,test,0.43564155071504823,-0.44076746992557053
expr_btc_1m_rollz60__q70,expr_btc_1m_rollz60,alphaforge_unary,1,0.7,331,30.51996729285445,-0.6948003270714556,0.7252989080595342,0.6555891238670695,-0.2099094643720414,0.7186159981191552,-0.4430570622125868,-0.14131437936804503,0.15256588072122051,1.0,latest72h,0.43564155071504823,-0.44076746992557053
expr_btc_1m_rollz60__q70,expr_btc_1m_rollz60,alphaforge_unary,1,0.7,9205,0.005670091068886101,-0.9999432990893111,0.9999520894164262,0.6986420423682781,-0.010863045074299974,0.9015573920899302,-0.5658513499808,-0.05862524152731341,0.3764132393904637,1.0,full,0.43564155071504823,-0.44076746992557053
expr_btc_1m_rollz60__q75,expr_btc_1m_rollz60,alphaforge_unary,1,0.75,3676,5.929503193590843,-0.9407049680640915,0.9692521232788069,0.7168117519042437,-0.025590450709034117,0.9349038764120156,-0.5455248420037169,-0.023604240855382153,0.4447008406131531,1.0,train,0.5891414682370935,-0.5800981303068615
expr_btc_1m_rollz60__q75,expr_btc_1m_rollz60,alphaforge_unary,1,0.75,1957,32.96018832851466,-0.6703981167148534,0.7112770209959292,0.7281553398058253,-0.0342564188408203,0.9534796015261181,-0.4988944381916056,-0.028770509040620618,0.43295530353569045,1.0,validation,0.5891414682370935,-0.5800981303068615
expr_btc_1m_rollz60__q75,expr_btc_1m_rollz60,alphaforge_unary,1,0.75,1921,13.132319393463506,-0.8686768060653649,0.9205877519669555,0.7131702238417491,-0.04522003154947255,0.9445630970017199,-0.46660046897706997,-0.02095277348872071,0.4379586390927285,1.0,test,0.5891414682370935,-0.5800981303068615
expr_btc_1m_rollz60__q75,expr_btc_1m_rollz60,alphaforge_unary,1,0.75,288,38.6639150507726,-0.613360849492274,0.6501425928279428,0.6701388888888888,-0.21297251718481747,0.7134623534420567,-0.4288829276827788,-0.05886095429595739,0.34396671289875175,1.0,latest72h,0.5891414682370935,-0.5800981303068615
expr_btc_1m_rollz60__q75,expr_btc_1m_rollz60,alphaforge_unary,1,0.75,7554,0.2566548222430213,-0.9974334517775698,0.9979400185507766,0.7188244638602065,-0.013204043576615995,0.9361100751998224,-0.5455248420037169,-0.02379399132713722,0.44064394560052433,1.0,full,0.5891414682370935,-0.5800981303068615
expr_btc_1m_rollz60__q80,expr_btc_1m_rollz60,alphaforge_unary,1,0.8,2906,64.9561983307847,-0.350438016692153,0.876283663356441,0.7436338609772883,-0.012059119638408645,0.9882364761161491,-0.4890107249133663,0.0011161469811734603,0.5025548046810615,1.0,train,0.7433728082124432,-0.7353638009224855
expr_btc_1m_rollz60__q80,expr_btc_1m_rollz60,alphaforge_unary,1,0.8,1562,41.87245479770099,-0.5812754520229901,0.6857299710500575,0.7445582586427657,-0.03721353726139513,0.9593897550900097,-0.5104612815628924,-0.01809491061588614,0.4584723148765844,1.0,validation,0.7433728082124432,-0.7353638009224855
expr_btc_1m_rollz60__q80,expr_btc_1m_rollz60,alphaforge_unary,1,0.8,1518,51.49988639631557,-0.48500113603684436,0.7982208852334998,0.7397891963109354,-0.03195000896158446,0.9775065314609847,-0.39175332786233386,0.0005742456853665701,0.5003335557038026,1.0,test,0.7433728082124432,-0.7353638009224855
expr_btc_1m_rollz60__q80,expr_btc_1m_rollz60,alphaforge_unary,1,0.8,229,49.86232777293838,-0.5013767222706162,0.5336275227369287,0.6899563318777293,-0.21894180011817344,0.7303994325433162,-0.3724498329330228,-0.06603531911846783,0.289875173370319,1.0,latest72h,0.7433728082124432,-0.7353638009224855
expr_btc_1m_rollz60__q80,expr_btc_1m_rollz60,alphaforge_unary,1,0.8,5986,14.007327815159224,-0.8599267218484078,0.93763958718649,0.7429001002338791,-0.014365631838429855,0.9808702397907941,-0.5104612815628924,-0.0029456534245260735,0.49164345403899723,1.0,full,0.7433728082124432,-0.7353638009224855
expr_btc_1m_rollz60__q85,expr_btc_1m_rollz60,alphaforge_unary,1,0.85,2136,154.8596896183332,0.5485968961833319,0.8195423911523216,0.7677902621722846,0.025683375289482006,1.0184590759128385,-0.37897474088736127,0.009111581698939775,0.5346134827756717,1.0,train,0.9357750490270325,-0.9319653218244156
expr_btc_1m_rollz60__q85,expr_btc_1m_rollz60,alphaforge_unary,1,0.85,1155,73.16880734111184,-0.2683119265888816,0.5650405909346348,0.7688311688311689,-0.02323046983453506,0.9758110511614246,-0.4214125439533084,0.013406769273737074,0.5331887925283523,1.0,validation,0.9357750490270325,-0.9319653218244156
expr_btc_1m_rollz60__q85,expr_btc_1m_rollz60,alphaforge_unary,1,0.85,1130,84.7015763933647,-0.15298423606635292,0.7311430864922418,0.7619469026548673,-0.01353842797047428,0.9914410802969728,-0.4079592352090743,0.008868867282175286,0.5370246831220814,1.0,test,0.9357750490270325,-0.9319653218244156
expr_btc_1m_rollz60__q85,expr_btc_1m_rollz60,alphaforge_unary,1,0.85,180,59.78062651236574,-0.4021937348763426,0.4689385869283166,0.7055555555555556,-0.22344096382019052,0.7263901921728153,-0.36619835712106297,-0.047426222957467346,0.4507628294036061,1.0,latest72h,0.9357750490270325,-0.9319653218244156
expr_btc_1m_rollz60__q85,expr_btc_1m_rollz60,alphaforge_unary,1,0.85,4421,95.97449898552946,-0.04025501014470534,0.8195423911523216,0.7665686496267813,-0.0009105408311401089,0.99940052385902,-0.4214125439533084,0.009946719722324526,0.5346550876618057,1.0,full,0.9357750490270325,-0.9319653218244156
expr_btc_1m_rollz60__q90,expr_btc_1m_rollz60,alphaforge_unary,1,0.9,1386,81.73070622980148,-0.18269293770198514,0.7983943789522311,0.7835497835497836,-0.01318130863650702,0.9845568801481346,-0.2730379004846871,-0.0020806560078996394,0.4897807812757541,1.0,train,1.2215444281078045,-1.2019624187642335
expr_btc_1m_rollz60__q90,expr_btc_1m_rollz60,alphaforge_unary,1,0.9,763,64.10777012225208,-0.3589222987774793,0.5369468533159075,0.783748361730013,-0.047040930377126824,0.9450837871405829,-0.29802160064969185,0.000557107467436202,0.502501667778519,1.0,validation,1.2215444281078045,-1.2019624187642335
expr_btc_1m_rollz60__q90,expr_btc_1m_rollz60,alphaforge_unary,1,0.9,740,73.51498117822042,-0.2648501882177957,0.5301769380109006,0.7797297297297298,-0.03579056597537834,0.9606637195871617,-0.24677260422754954,-0.001630064257913011,0.4799866577718479,1.0,test,1.2215444281078045,-1.2019624187642335
expr_btc_1m_rollz60__q90,expr_btc_1m_rollz60,alphaforge_unary,1,0.9,125,85.41589760150529,-0.14584102398494703,0.2789877074553096,0.752,-0.11667281918795827,0.8680794994714839,-0.19836849148868796,-0.012999496540976208,0.435506241331484,1.0,latest72h,1.2215444281078045,-1.2019624187642335
expr_btc_1m_rollz60__q90,expr_btc_1m_rollz60,alphaforge_unary,1,0.9,2889,38.51871345096532,-0.6148128654903469,0.8182092743227578,0.7826237452405677,-0.021281165299077576,0.9702983421208802,-0.29802160064969185,-0.0015469780420394041,0.49061936752416846,1.0,full,1.2215444281078045,-1.2019624187642335
expr_btc_1m_rollz60__q95,expr_btc_1m_rollz60,alphaforge_unary,1,0.95,653,210.2377527247756,1.1023775272477558,0.43458433426062093,0.8330781010719756,0.16881738548970207,1.1719618693401344,-0.17030394542063332,0.015051668505551952,0.5827427064447008,0.9961265864512939,train,1.7027273617671816,-1.7100660814183402
expr_btc_1m_rollz60__q95,expr_btc_1m_rollz60,alphaforge_unary,1,0.95,360,79.39888128018686,-0.20601118719813138,0.38078148431472564,0.8138888888888889,-0.05722532977725819,0.9299300601952748,-0.16097360112186743,-0.0009551729899647254,0.49566377585056703,1.0,validation,1.7027273617671816,-1.7100660814183402
expr_btc_1m_rollz60__q95,expr_btc_1m_rollz60,alphaforge_unary,1,0.95,344,60.87704725029812,-0.3912295274970188,0.495584395478958,0.7965116279069767,-0.11372951380727235,0.8223496116697593,-0.12364182144426394,-0.014400168170608685,0.40326884589726486,0.9993328885923949,test,1.7027273617671816,-1.7100660814183402
expr_btc_1m_rollz60__q95,expr_btc_1m_rollz60,alphaforge_unary,1,0.95,61,111.41748810369607,0.11417488103696072,0.07935989998437264,0.8524590163934426,0.18717193612616534,1.287722636277377,-0.04768153371407191,0.02574450318765731,0.7475728155339806,1.0,latest72h,1.7027273617671816,-1.7100660814183402
expr_btc_1m_rollz60__q95,expr_btc_1m_rollz60,alphaforge_unary,1,0.95,1357,101.6198778242589,0.016198778242588974,0.6683403008036242,0.8187177597641857,0.0011937198410165207,1.000995752435324,-0.17030394542063332,0.00357703290079181,0.5163034573160741,0.9979108635097493,full,1.7027273617671816,-1.7100660814183402
expr_btc_2m__q70,expr_btc_2m,alphaforge_primitive,2,0.7,4427,37.826637059169585,-0.6217336294083042,0.9245435707735302,0.7953467359385589,-0.014044129871432115,0.9797183921125034,-0.43258287544757557,-0.01168392693117648,0.4817867150156585,1.0,train,0.4102199999998846,-0.41179999999993017
expr_btc_2m__q70,expr_btc_2m,alphaforge_primitive,2,0.7,2416,8.022642310636442,-0.9197735768936356,0.948951195054827,0.7884933774834437,-0.0380700983813592,0.9059455924812952,-0.4710872638480238,-0.05523430274692509,0.33705803869246165,1.0,validation,0.4102199999998846,-0.41179999999993017
expr_btc_2m__q70,expr_btc_2m,alphaforge_primitive,2,0.7,1991,16.02762885365975,-0.8397237114634025,0.8849578348960877,0.8066298342541437,-0.04217597747179333,0.8781652884847164,-0.33655063062751334,-0.04979461736299218,0.3363909272848566,1.0,test,0.4102199999998846,-0.41179999999993017
expr_btc_2m__q70,expr_btc_2m,alphaforge_primitive,2,0.7,238,89.55695765438236,-0.10443042345617637,0.36544444264290676,0.8235294117647058,-0.04387832918326775,0.9335749146196279,-0.2529507017371637,-0.0066827684138679455,0.463245492371706,1.0,latest72h,0.4102199999998846,-0.41179999999993017
expr_btc_2m__q70,expr_btc_2m,alphaforge_primitive,2,0.7,8834,0.4863897779626402,-0.9951361022203736,0.9986843490976887,0.7960153950645235,-0.011264841546528967,0.9712083322316117,-0.4710872638480238,-0.0347422793305574,0.4114369981976077,1.0,full,0.4102199999998846,-0.41179999999993017
expr_btc_2m__q75,expr_btc_2m,alphaforge_primitive,2,0.75,3711,30.156021276106948,-0.6984397872389305,0.9026099134452066,0.8124494745351657,-0.018820797284799958,0.9585774140781367,-0.46693606166677615,-0.00931549381301594,0.47700675787044666,1.0,train,0.5341499999998632,-0.5431500000000233
expr_btc_2m__q75,expr_btc_2m,alphaforge_primitive,2,0.75,1981,21.58515340565566,-0.7841484659434435,0.858254379472629,0.8107016658253408,-0.039583466226322216,0.9285386696313485,-0.4473759352311659,-0.02734719119833018,0.42078052034689795,1.0,validation,0.5341499999998632,-0.5431500000000233
expr_btc_2m__q75,expr_btc_2m,alphaforge_primitive,2,0.75,1571,34.12912691677953,-0.6587087308322046,0.7189048510645778,0.8306810948440484,-0.04192926357938904,0.9165230345742598,-0.25980312424097884,-0.02307068988237193,0.41410940627084725,1.0,test,0.5341499999998632,-0.5431500000000233
expr_btc_2m__q75,expr_btc_2m,alphaforge_primitive,2,0.75,177,75.52592900928431,-0.2447407099071569,0.3323430108855164,0.8248587570621468,-0.1382715875181686,0.7727726054108849,-0.2058366262061313,-0.04032536084657434,0.2510402219140083,1.0,latest72h,0.5341499999998632,-0.5431500000000233
expr_btc_2m__q75,expr_btc_2m,alphaforge_primitive,2,0.75,7263,2.2215411337383415,-0.9777845886626166,0.9883205566064562,0.8159162880352472,-0.01346254424704134,0.9527274862212256,-0.46693606166677615,-0.01750495105180594,0.4477306242831394,1.0,full,0.5341499999998632,-0.5431500000000233
expr_btc_2m__q80,expr_btc_2m,alphaforge_primitive,2,0.8,2982,26.300021831532572,-0.7369997816846743,0.9131495755088426,0.829309188464118,-0.024714949083993003,0.9432053142519728,-0.4615571793820564,-0.009783834080076326,0.4627492994890391,1.0,train,0.6911999999999534,-0.7062799999999698
expr_btc_2m__q80,expr_btc_2m,alphaforge_primitive,2,0.8,1537,27.864178869254232,-0.7213582113074577,0.7895951601835915,0.8295380611581002,-0.046932869961448125,0.9057651081802726,-0.46349164944768595,-0.01345394829671831,0.4321214142761841,1.0,validation,0.6911999999999534,-0.7062799999999698
expr_btc_2m__q80,expr_btc_2m,alphaforge_primitive,2,0.8,1146,65.12642435393076,-0.34873575646069244,0.4870756847406886,0.8577661431064573,-0.03043069428103741,0.9412908224304394,-0.2696792307817415,0.0008305024777184311,0.5038358905937291,0.997498332221481,test,0.6911999999999534,-0.7062799999999698
expr_btc_2m__q80,expr_btc_2m,alphaforge_primitive,2,0.8,125,80.1472159006605,-0.19852784099339504,0.25503448065773443,0.84,-0.15882227279471603,0.7306829420516788,-0.1312207070628757,-0.04731207359266998,0.2801664355062413,1.0,latest72h,0.6911999999999534,-0.7062799999999698
expr_btc_2m__q80,expr_btc_2m,alphaforge_primitive,2,0.8,5665,4.772650068888748,-0.9522734993111125,0.9752175540008948,0.8351279788172992,-0.01680977050858093,0.9382647015775902,-0.46349164944768595,-0.008018588775348556,0.4657545469441258,0.9993855480911027,full,0.6911999999999534,-0.7062799999999698
expr_btc_2m__q85,expr_btc_2m,alphaforge_primitive,2,0.85,2241,91.19978723223849,-0.08800212767761506,0.6467879790256972,0.8531905399375279,-0.003926913327872134,0.994299907999958,-0.4856912928666641,0.00612192489632446,0.5325531564199769,1.0,train,0.8884300000001162,-0.9204200000000708
expr_btc_2m__q85,expr_btc_2m,alphaforge_primitive,2,0.85,1068,30.166404613653835,-0.6983359538634617,0.7510198408802159,0.8455056179775281,-0.06538726159770243,0.842263771279395,-0.34865308634414804,-0.012602580372432726,0.4362908605737158,1.0,validation,0.8884300000001162,-0.9204200000000708
expr_btc_2m__q85,expr_btc_2m,alphaforge_primitive,2,0.85,794,109.88498826551223,0.09884988265512229,0.3068984070117944,0.8866498740554156,0.012449607387295746,1.0262266748342475,-0.20398166510852456,0.008300285863830137,0.6117411607738492,0.9849899933288859,test,0.8884300000001162,-0.9204200000000708
expr_btc_2m__q85,expr_btc_2m,alphaforge_primitive,2,0.85,77,94.03058539588133,-0.059694146041186724,0.1133833290979453,0.8831168831168831,-0.07752486498855501,0.8377539380988538,-0.1110952860762624,0.003371257617728496,0.5270457697642164,1.0,latest72h,0.8884300000001162,-0.9204200000000708
expr_btc_2m__q85,expr_btc_2m,alphaforge_primitive,2,0.85,4103,30.23122482589194,-0.6976877517410807,0.8956829446441292,0.8576651230806727,-0.017004332238388487,0.9659884922852257,-0.4856912928666641,0.0040000000000000036,0.5279780435851221,0.9963132885466164,full,0.8884300000001162,-0.9204200000000708
expr_btc_2m__q90,expr_btc_2m,alphaforge_primitive,2,0.9,1438,230.15978400322305,1.3015978400322306,0.5033818588400719,0.8810848400556328,0.09051445340975209,1.0902874550776134,-0.4424834231282446,0.012880695018413713,0.6553486072193836,0.9816218889072029,train,1.1701600000001207,-1.233280000000028
expr_btc_2m__q90,expr_btc_2m,alphaforge_primitive,2,0.9,629,36.61252517602308,-0.6338747482397693,0.6853141058715415,0.8569157392686805,-0.10077499972015412,0.7245038820395869,-0.2222172506022445,0.002580645161290418,0.5188458972648432,0.9908272181454303,validation,1.1701600000001207,-1.233280000000028
expr_btc_2m__q90,expr_btc_2m,alphaforge_primitive,2,0.9,451,113.9312885040351,0.1393128850403509,0.19671072388031027,0.9068736141906873,0.030889774953514745,1.0768662472057957,-0.13758814328748703,0.006899596106054728,0.6094062708472315,0.949466310873916,test,1.1701600000001207,-1.233280000000028
expr_btc_2m__q90,expr_btc_2m,alphaforge_primitive,2,0.9,34,113.74227375919949,0.13742273759199497,0.0,1.0,0.40418452232939406,,0.0016842105263157325,0.022176747129267982,1.0,1.0,latest72h,1.1701600000001207,-1.233280000000028
expr_btc_2m__q90,expr_btc_2m,alphaforge_primitive,2,0.9,2518,96.00683077558725,-0.039931692244127515,0.8048932191782462,0.8796664019062749,-0.001585849572840327,0.9981198924893153,-0.4424834231282446,0.008888888888888946,0.6086760609536294,0.9762002293953793,full,1.1701600000001207,-1.233280000000028
expr_btc_2m__q95,expr_btc_2m,alphaforge_primitive,2,0.95,629,208.22532106784482,1.0822532106784482,0.29363649015316984,0.8966613672496025,0.1720593339711363,1.2216760636374595,-0.2738772665324726,0.0021276595744681437,0.557194659634086,0.8257788033624526,train,1.7451399999999777,-1.895610000000073
expr_btc_2m__q95,expr_btc_2m,alphaforge_primitive,2,0.95,222,72.1760697365713,-0.278239302634287,0.28702553610705156,0.8738738738738738,-0.12533301920463416,0.7188203478911109,-0.1307164641196613,0.0,0.4231154102735157,0.7835223482321547,validation,1.7451399999999777,-1.895610000000073
expr_btc_2m__q95,expr_btc_2m,alphaforge_primitive,2,0.95,106,83.3443283845858,-0.16655671615414203,0.21630859487253626,0.8867924528301887,-0.15712897750390858,0.6419606577894301,-0.07409204569293071,0.0016842105263157325,0.5068378919279519,0.7249833222148099,test,1.7451399999999777,-1.895610000000073
expr_btc_2m__q95,expr_btc_2m,alphaforge_primitive,2,0.95,9,102.50666933773873,0.025066693377387317,0.0,1.0,0.27851881530430034,,0.0,0.006136170212766023,0.6768377253814147,0.6768377253814147,latest72h,1.7451399999999777,-1.895610000000073
expr_btc_2m__q95,expr_btc_2m,alphaforge_primitive,2,0.95,957,125.25723512234698,0.2525723512234699,0.5626090441275001,0.890282131661442,0.02639209521666326,1.0330516487609427,-0.2738772665324726,0.0016842105263157325,0.5053662133377028,0.7896935933147632,full,1.7451399999999777,-1.895610000000073
expr_btc_2m_tanh__q70,expr_btc_2m_tanh,alphaforge_unary,2,0.7,4427,37.826637059169585,-0.6217336294083042,0.9245435707735302,0.7953467359385589,-0.014044129871432115,0.9797183921125034,-0.43258287544757557,-0.01168392693117648,0.4817867150156585,1.0,train,0.3886594626366476,-0.3899999707654589
expr_btc_2m_tanh__q70,expr_btc_2m_tanh,alphaforge_unary,2,0.7,2416,8.022642310636442,-0.9197735768936356,0.948951195054827,0.7884933774834437,-0.0380700983813592,0.9059455924812952,-0.4710872638480238,-0.05523430274692509,0.33705803869246165,1.0,validation,0.3886594626366476,-0.3899999707654589
expr_btc_2m_tanh__q70,expr_btc_2m_tanh,alphaforge_unary,2,0.7,1991,16.02762885365975,-0.8397237114634025,0.8849578348960877,0.8066298342541437,-0.04217597747179333,0.8781652884847164,-0.33655063062751334,-0.04979461736299218,0.3363909272848566,1.0,test,0.3886594626366476,-0.3899999707654589
expr_btc_2m_tanh__q70,expr_btc_2m_tanh,alphaforge_unary,2,0.7,238,89.55695765438236,-0.10443042345617637,0.36544444264290676,0.8235294117647058,-0.04387832918326775,0.9335749146196279,-0.2529507017371637,-0.0066827684138679455,0.463245492371706,1.0,latest72h,0.3886594626366476,-0.3899999707654589
expr_btc_2m_tanh__q70,expr_btc_2m_tanh,alphaforge_unary,2,0.7,8834,0.4863897779626402,-0.9951361022203736,0.9986843490976887,0.7960153950645235,-0.011264841546528967,0.9712083322316117,-0.4710872638480238,-0.0347422793305574,0.4114369981976077,1.0,full,0.3886594626366476,-0.3899999707654589
expr_btc_2m_tanh__q75,expr_btc_2m_tanh,alphaforge_unary,2,0.75,3711,30.156021276106948,-0.6984397872389305,0.9026099134452066,0.8124494745351657,-0.018820797284799958,0.9585774140781367,-0.46693606166677615,-0.00931549381301594,0.47700675787044666,1.0,train,0.4885469740635425,-0.4953686919599669
expr_btc_2m_tanh__q75,expr_btc_2m_tanh,alphaforge_unary,2,0.75,1981,21.58515340565566,-0.7841484659434435,0.858254379472629,0.8107016658253408,-0.039583466226322216,0.9285386696313485,-0.4473759352311659,-0.02734719119833018,0.42078052034689795,1.0,validation,0.4885469740635425,-0.4953686919599669
expr_btc_2m_tanh__q75,expr_btc_2m_tanh,alphaforge_unary,2,0.75,1571,34.12912691677953,-0.6587087308322046,0.7189048510645778,0.8306810948440484,-0.04192926357938904,0.9165230345742598,-0.25980312424097884,-0.02307068988237193,0.41410940627084725,1.0,test,0.4885469740635425,-0.4953686919599669
expr_btc_2m_tanh__q75,expr_btc_2m_tanh,alphaforge_unary,2,0.75,177,75.52592900928431,-0.2447407099071569,0.3323430108855164,0.8248587570621468,-0.1382715875181686,0.7727726054108849,-0.2058366262061313,-0.04032536084657434,0.2510402219140083,1.0,latest72h,0.4885469740635425,-0.4953686919599669
expr_btc_2m_tanh__q75,expr_btc_2m_tanh,alphaforge_unary,2,0.75,7263,2.2215411337383415,-0.9777845886626166,0.9883205566064562,0.8159162880352472,-0.01346254424704134,0.9527274862212256,-0.46693606166677615,-0.01750495105180594,0.4477306242831394,1.0,full,0.4885469740635425,-0.4953686919599669
expr_btc_2m_tanh__q80,expr_btc_2m_tanh,alphaforge_unary,2,0.8,2982,26.300021831532572,-0.7369997816846743,0.9131495755088426,0.829309188464118,-0.024714949083993003,0.9432053142519728,-0.4615571793820564,-0.009783834080076326,0.4627492994890391,1.0,train,0.5987523483766415,-0.6083388140545051
expr_btc_2m_tanh__q80,expr_btc_2m_tanh,alphaforge_unary,2,0.8,1537,27.864178869254232,-0.7213582113074577,0.7895951601835915,0.8295380611581002,-0.046932869961448125,0.9057651081802726,-0.46349164944768595,-0.01345394829671831,0.4321214142761841,1.0,validation,0.5987523483766415,-0.6083388140545051
expr_btc_2m_tanh__q80,expr_btc_2m_tanh,alphaforge_unary,2,0.8,1146,65.12642435393076,-0.34873575646069244,0.4870756847406886,0.8577661431064573,-0.03043069428103741,0.9412908224304394,-0.2696792307817415,0.0008305024777184311,0.5038358905937291,0.997498332221481,test,0.5987523483766415,-0.6083388140545051
expr_btc_2m_tanh__q80,expr_btc_2m_tanh,alphaforge_unary,2,0.8,125,80.1472159006605,-0.19852784099339504,0.25503448065773443,0.84,-0.15882227279471603,0.7306829420516788,-0.1312207070628757,-0.04731207359266998,0.2801664355062413,1.0,latest72h,0.5987523483766415,-0.6083388140545051
expr_btc_2m_tanh__q80,expr_btc_2m_tanh,alphaforge_unary,2,0.8,5665,4.772650068888748,-0.9522734993111125,0.9752175540008948,0.8351279788172992,-0.01680977050858093,0.9382647015775902,-0.46349164944768595,-0.008018588775348556,0.4657545469441258,0.9993855480911027,full,0.5987523483766415,-0.6083388140545051
expr_btc_2m_tanh__q85,expr_btc_2m_tanh,alphaforge_unary,2,0.85,2241,91.19978723223849,-0.08800212767761506,0.6467879790256972,0.8531905399375279,-0.003926913327872134,0.994299907999958,-0.4856912928666641,0.00612192489632446,0.5325531564199769,1.0,train,0.7106174066160701,-0.7260960423070912
expr_btc_2m_tanh__q85,expr_btc_2m_tanh,alphaforge_unary,2,0.85,1068,30.166404613653835,-0.6983359538634617,0.7510198408802159,0.8455056179775281,-0.06538726159770243,0.842263771279395,-0.34865308634414804,-0.012602580372432726,0.4362908605737158,1.0,validation,0.7106174066160701,-0.7260960423070912
expr_btc_2m_tanh__q85,expr_btc_2m_tanh,alphaforge_unary,2,0.85,794,109.88498826551223,0.09884988265512229,0.3068984070117944,0.8866498740554156,0.012449607387295746,1.0262266748342475,-0.20398166510852456,0.008300285863830137,0.6117411607738492,0.9849899933288859,test,0.7106174066160701,-0.7260960423070912
expr_btc_2m_tanh__q85,expr_btc_2m_tanh,alphaforge_unary,2,0.85,77,94.03058539588133,-0.059694146041186724,0.1133833290979453,0.8831168831168831,-0.07752486498855501,0.8377539380988538,-0.1110952860762624,0.003371257617728496,0.5270457697642164,1.0,latest72h,0.7106174066160701,-0.7260960423070912
expr_btc_2m_tanh__q85,expr_btc_2m_tanh,alphaforge_unary,2,0.85,4103,30.23122482589194,-0.6976877517410807,0.8956829446441292,0.8576651230806727,-0.017004332238388487,0.9659884922852257,-0.4856912928666641,0.0040000000000000036,0.5279780435851221,0.9963132885466164,full,0.7106174066160701,-0.7260960423070912
expr_btc_2m_tanh__q90,expr_btc_2m_tanh,alphaforge_unary,2,0.9,1438,230.15978400322305,1.3015978400322306,0.5033818588400719,0.8810848400556328,0.09051445340975209,1.0902874550776134,-0.4424834231282446,0.012880695018413713,0.6553486072193836,0.9816218889072029,train,0.8243234201279289,-0.8435280890603037
expr_btc_2m_tanh__q90,expr_btc_2m_tanh,alphaforge_unary,2,0.9,629,36.61252517602308,-0.6338747482397693,0.6853141058715415,0.8569157392686805,-0.10077499972015412,0.7245038820395869,-0.2222172506022445,0.002580645161290418,0.5188458972648432,0.9908272181454303,validation,0.8243234201279289,-0.8435280890603037
expr_btc_2m_tanh__q90,expr_btc_2m_tanh,alphaforge_unary,2,0.9,451,113.9312885040351,0.1393128850403509,0.19671072388031027,0.9068736141906873,0.030889774953514745,1.0768662472057957,-0.13758814328748703,0.006899596106054728,0.6094062708472315,0.949466310873916,test,0.8243234201279289,-0.8435280890603037
expr_btc_2m_tanh__q90,expr_btc_2m_tanh,alphaforge_unary,2,0.9,34,113.74227375919949,0.13742273759199497,0.0,1.0,0.40418452232939406,,0.0016842105263157325,0.022176747129267982,1.0,1.0,latest72h,0.8243234201279289,-0.8435280890603037
expr_btc_2m_tanh__q90,expr_btc_2m_tanh,alphaforge_unary,2,0.9,2518,96.00683077558725,-0.039931692244127515,0.8048932191782462,0.8796664019062749,-0.001585849572840327,0.9981198924893153,-0.4424834231282446,0.008888888888888946,0.6086760609536294,0.9762002293953793,full,0.8243234201279289,-0.8435280890603037
expr_btc_2m_tanh__q95,expr_btc_2m_tanh,alphaforge_unary,2,0.95,629,208.22532106784482,1.0822532106784482,0.29363649015316984,0.8966613672496025,0.1720593339711363,1.2216760636374595,-0.2738772665324726,0.0021276595744681437,0.557194659634086,0.8257788033624526,train,0.9408198699418399,-0.9558600419090346
expr_btc_2m_tanh__q95,expr_btc_2m_tanh,alphaforge_unary,2,0.95,222,72.1760697365713,-0.278239302634287,0.28702553610705156,0.8738738738738738,-0.12533301920463416,0.7188203478911109,-0.1307164641196613,0.0,0.4231154102735157,0.7835223482321547,validation,0.9408198699418399,-0.9558600419090346
expr_btc_2m_tanh__q95,expr_btc_2m_tanh,alphaforge_unary,2,0.95,106,83.3443283845858,-0.16655671615414203,0.21630859487253626,0.8867924528301887,-0.15712897750390858,0.6419606577894301,-0.07409204569293071,0.0016842105263157325,0.5068378919279519,0.7249833222148099,test,0.9408198699418399,-0.9558600419090346
expr_btc_2m_tanh__q95,expr_btc_2m_tanh,alphaforge_unary,2,0.95,9,102.50666933773873,0.025066693377387317,0.0,1.0,0.27851881530430034,,0.0,0.006136170212766023,0.6768377253814147,0.6768377253814147,latest72h,0.9408198699418399,-0.9558600419090346
expr_btc_2m_tanh__q95,expr_btc_2m_tanh,alphaforge_unary,2,0.95,957,125.25723512234698,0.2525723512234699,0.5626090441275001,0.890282131661442,0.02639209521666326,1.0330516487609427,-0.2738772665324726,0.0016842105263157325,0.5053662133377028,0.7896935933147632,full,0.9408198699418399,-0.9558600419090346
expr_btc_2m_signed_log__q70,expr_btc_2m_signed_log,alphaforge_unary,2,0.7,4916,11.316816396823238,-0.8868318360317676,0.9710908613813408,0.7784784377542717,-0.018039703743526495,0.9657884129085074,-0.4937387266404859,-0.02226912593601843,0.45566177682544917,1.0,train,0.2860807910848158,-0.2894405182927317
expr_btc_2m_signed_log__q70,expr_btc_2m_signed_log,alphaforge_unary,2,0.7,2735,8.396421736367385,-0.9160357826363261,0.9434623599708813,0.776599634369287,-0.03349308163204132,0.9258584175704929,-0.4730637620255792,-0.05601996775039275,0.3787525016677785,1.0,validation,0.2860807910848158,-0.2894405182927317
expr_btc_2m_signed_log__q70,expr_btc_2m_signed_log,alphaforge_unary,2,0.7,2312,5.777232548866789,-0.9422276745113322,0.955643850673532,0.7850346020761245,-0.04075379215014413,0.8642792534768384,-0.3995955663237669,-0.06821254382131009,0.3147098065376918,1.0,test,0.2860807910848158,-0.2894405182927317
expr_btc_2m_signed_log__q70,expr_btc_2m_signed_log,alphaforge_unary,2,0.7,280,98.12057040685356,-0.018794295931464422,0.35570602636783,0.8107142857142857,-0.006712248546952277,0.9915075083299396,-0.27275340448137153,0.006455242707261721,0.5159500693481276,1.0,latest72h,0.2860807910848158,-0.2894405182927317
expr_btc_2m_signed_log__q70,expr_btc_2m_signed_log,alphaforge_unary,2,0.7,9963,0.05489570458660824,-0.9994510429541339,0.9998270155749737,0.7794840911372076,-0.010031627451110399,0.9635052481703152,-0.4937387266404859,-0.046341093163557945,0.4026708176306734,1.0,full,0.2860807910848158,-0.2894405182927317
expr_btc_2m_signed_log__q75,expr_btc_2m_signed_log,alphaforge_unary,2,0.75,4139,45.078104044589296,-0.549218959554107,0.9311618551708042,0.8033341386808408,-0.013269363603626523,0.9808177844128635,-0.47012542421474224,-0.00391894711412244,0.48689632437778146,1.0,train,0.3781624255802991,-0.38117241553908005
expr_btc_2m_signed_log__q75,expr_btc_2m_signed_log,alphaforge_unary,2,0.75,2256,15.759155533353638,-0.8424084446664636,0.8984140657660474,0.7987588652482269,-0.0373407998522369,0.9137080747851527,-0.4411286651100348,-0.04170520302403724,0.35957304869913276,1.0,validation,0.3781624255802991,-0.38117241553908005
expr_btc_2m_signed_log__q75,expr_btc_2m_signed_log,alphaforge_unary,2,0.75,1802,19.959560581375527,-0.8004043941862448,0.8478428035909341,0.8157602663706992,-0.044417557945962485,0.8892901958532157,-0.33790393214853753,-0.0434047436195335,0.3445630420280187,1.0,test,0.3781624255802991,-0.38117241553908005
expr_btc_2m_signed_log__q75,expr_btc_2m_signed_log,alphaforge_unary,2,0.75,208,86.35161875300979,-0.13648381246990215,0.3146577369289495,0.8317307692307693,-0.06561721753360714,0.8922481958241798,-0.1950075919782357,-0.026878298751938035,0.36754507628294036,1.0,latest72h,0.3781624255802991,-0.38117241553908005
expr_btc_2m_signed_log__q75,expr_btc_2m_signed_log,alphaforge_unary,2,0.75,8197,1.4179129181785886,-0.9858208708182141,0.9960876637113909,0.8048066365743565,-0.01202660571938769,0.9706128069356235,-0.47012542421474224,-0.024329559261841216,0.4216368998853023,1.0,full,0.3781624255802991,-0.38117241553908005
expr_btc_2m_signed_log__q80,expr_btc_2m_signed_log,alphaforge_unary,2,0.8,3333,35.80464059645907,-0.6419535940354093,0.8853477183201768,0.8226822682268227,-0.01926053387444955,0.9543206968086915,-0.46884806651309985,-0.005075221699588628,0.48590736772704796,1.0,train,0.48168513401956625,-0.4859261788905508
expr_btc_2m_signed_log__q80,expr_btc_2m_signed_log,alphaforge_unary,2,0.8,1741,27.181719944775452,-0.7281828005522455,0.8106015272696667,0.8213670304422745,-0.0418255485670448,0.9265594350313053,-0.4363372032818662,-0.02075901981977879,0.42895263509006004,1.0,validation,0.48168513401956625,-0.4859261788905508
expr_btc_2m_signed_log__q80,expr_btc_2m_signed_log,alphaforge_unary,2,0.8,1337,36.84478202653836,-0.6315521797346164,0.6707954759037055,0.8421839940164547,-0.047236513069155765,0.8971514534687233,-0.28419639980812694,-0.020976417280168413,0.41294196130753835,1.0,test,0.48168513401956625,-0.4859261788905508
expr_btc_2m_signed_log__q80,expr_btc_2m_signed_log,alphaforge_unary,2,0.8,152,70.47273609950075,-0.29527263900499245,0.3309447083383667,0.8223684210526315,-0.1942583151348641,0.6848920993304802,-0.17229859526085678,-0.05409649715528375,0.2260748959778086,1.0,latest72h,0.48168513401956625,-0.4859261788905508
expr_btc_2m_signed_log__q80,expr_btc_2m_signed_log,alphaforge_unary,2,0.8,6411,3.5858510342137593,-0.9641414896578624,0.9796581834122767,0.8263921385119326,-0.01503886273058583,0.9470287958057136,-0.46884806651309985,-0.01468044814594216,0.45416188759626414,1.0,full,0.48168513401956625,-0.4859261788905508
expr_btc_2m_signed_log__q85,expr_btc_2m_signed_log,alphaforge_unary,2,0.85,2510,93.10524521677984,-0.0689475478322017,0.5921168734828901,0.847011952191235,-0.0027469142562629232,0.9958274801030695,-0.47760225303872406,0.008414916009311657,0.5316466128234713,1.0,train,0.5931721357128579,-0.6091784413533233
expr_btc_2m_signed_log__q85,expr_btc_2m_signed_log,alphaforge_unary,2,0.85,1236,31.331750448960438,-0.6866824955103956,0.7530296444046418,0.8398058252427184,-0.055556836206342886,0.8777655456984328,-0.389640172641738,-0.02020243316409187,0.4142761841227485,1.0,validation,0.5931721357128579,-0.6091784413533233
expr_btc_2m_signed_log__q85,expr_btc_2m_signed_log,alphaforge_unary,2,0.85,907,96.89856260612783,-0.03101437393872175,0.31913441446018465,0.87651598676957,-0.0034194458587340935,0.9933591413922825,-0.2097642337135407,0.00919832377428298,0.5637091394262842,0.9911607738492328,test,0.5931721357128579,-0.6091784413533233
expr_btc_2m_signed_log__q85,expr_btc_2m_signed_log,alphaforge_unary,2,0.85,91,89.32157314464274,-0.10678426855357259,0.15665784910729527,0.8681318681318682,-0.11734535005887203,0.7729566161113373,-0.1110952860762624,-0.008024161507958594,0.42718446601941745,1.0,latest72h,0.5931721357128579,-0.6091784413533233
expr_btc_2m_signed_log__q85,expr_btc_2m_signed_log,alphaforge_unary,2,0.85,4653,28.266767181143592,-0.7173323281885641,0.8726723663173617,0.8508489146787019,-0.015416555516624991,0.9689694829612959,-0.47760225303872406,0.003043478260869481,0.5109782074389645,0.997828936588563,full,0.5931721357128579,-0.6091784413533233
expr_btc_2m_signed_log__q90,expr_btc_2m_signed_log,alphaforge_unary,2,0.9,1637,205.33979238415588,1.0533979238415587,0.46289183303774534,0.8747709224190593,0.06434929284310137,1.0680231469170947,-0.435098619561326,0.011819160260952977,0.6054887094115708,0.9920059337399044,train,0.7317138237108478,-0.762150717611352
expr_btc_2m_signed_log__q90,expr_btc_2m_signed_log,alphaforge_unary,2,0.9,724,27.04867103987106,-0.7295132896012895,0.7852731955996544,0.8480662983425414,-0.1007615040885758,0.6862224360777611,-0.25848352350565473,-0.010816365257168559,0.44179452968645766,0.9908272181454303,validation,0.7317138237108478,-0.762150717611352
expr_btc_2m_signed_log__q90,expr_btc_2m_signed_log,alphaforge_unary,2,0.9,532,113.4931419352107,0.13493141935210695,0.24944241190910688,0.900375939849624,0.02536304875039623,1.0575590832125483,-0.1251297643940631,0.006136170212766023,0.5927284856571048,0.949466310873916,test,0.7317138237108478,-0.762150717611352
expr_btc_2m_signed_log__q90,expr_btc_2m_signed_log,alphaforge_unary,2,0.9,44,104.50497754921331,0.04504977549213307,0.07591010879009517,0.9318181818181818,0.10238585339120904,1.3726169096139065,-0.07352536068374682,0.022176747129267982,0.8307905686546463,1.0,latest72h,0.7317138237108478,-0.762150717611352
expr_btc_2m_signed_log__q90,expr_btc_2m_signed_log,alphaforge_unary,2,0.9,2893,63.03600334025751,-0.36963996659742493,0.8433072044053418,0.8727964051157967,-0.012777046892409605,0.9828568147644299,-0.435098619561326,0.006405945020409698,0.5608717024414223,0.9813616254301163,full,0.7317138237108478,-0.762150717611352
expr_btc_2m_signed_log__q95,expr_btc_2m_signed_log,alphaforge_unary,2,0.95,721,246.25246159893743,1.4625246159893743,0.28135190737322496,0.8987517337031901,0.20284668737716754,1.2503000504554176,-0.26900952527003374,0.003516483516483593,0.6083731663095434,0.8693753090489533,train,0.9716421148248934,-1.026055932236986
expr_btc_2m_signed_log__q95,expr_btc_2m_signed_log,alphaforge_unary,2,0.95,255,77.47710313824963,-0.22522896861750363,0.26409026865253993,0.8823529411764706,-0.08832508573235431,0.7877103409958648,-0.16260910449815957,0.0,0.4589726484322882,0.8263842561707805,validation,0.9716421148248934,-1.026055932236986
expr_btc_2m_signed_log__q95,expr_btc_2m_signed_log,alphaforge_unary,2,0.95,127,91.17119003411696,-0.08828809965883044,0.19281964775309457,0.905511811023622,-0.06951818870774026,0.8192277385948876,-0.06944459174962703,0.0021276595744681437,0.548032021347565,0.7658438959306204,test,0.9716421148248934,-1.026055932236986
expr_btc_2m_signed_log__q95,expr_btc_2m_signed_log,alphaforge_unary,2,0.95,11,103.41273580746389,0.03412735807463885,0.0,1.0,0.31024870976944163,,0.0,0.007830715341545336,0.7226074895977809,0.7226074895977809,latest72h,0.9716421148248934,-1.026055932236986
expr_btc_2m_signed_log__q95,expr_btc_2m_signed_log,alphaforge_unary,2,0.95,1103,173.94485124733268,0.7394485124733268,0.4540689187265469,0.8957388939256573,0.06703975634391007,1.0787694189213914,-0.26900952527003374,0.0021276595744681437,0.5497296411600852,0.8319269211863018,full,0.9716421148248934,-1.026055932236986
expr_btc_2m_rollz60__q70,expr_btc_2m_rollz60,alphaforge_unary,2,0.7,4310,15.248477066471121,-0.8475152293352888,0.974441619330896,0.7921113689095127,-0.01966392643469347,0.96486685908187,-0.4782333850228446,-0.016857679108113255,0.45566177682544917,1.0,train,0.44631001500301704,-0.4478718948390312
expr_btc_2m_rollz60__q70,expr_btc_2m_rollz60,alphaforge_unary,2,0.7,2460,27.754725974572388,-0.7224527402542762,0.8205336917534183,0.7902439024390244,-0.029367997571312063,0.9494221543981821,-0.40370412717902393,-0.028690686561236856,0.41544362908605736,1.0,validation,0.44631001500301704,-0.4478718948390312
expr_btc_2m_rollz60__q70,expr_btc_2m_rollz60,alphaforge_unary,2,0.7,2339,7.003293041395551,-0.9299670695860445,0.9582281807097986,0.7823856348867038,-0.03975917356075441,0.9079367919679711,-0.40166765668770554,-0.07102639017115386,0.34156104069379584,1.0,test,0.44631001500301704,-0.4478718948390312
expr_btc_2m_rollz60__q70,expr_btc_2m_rollz60,alphaforge_unary,2,0.7,325,38.4270425653229,-0.615729574346771,0.6680138280201234,0.7415384615384616,-0.18945525364516058,0.7070852714155667,-0.40166765668770554,-0.14824912856753591,0.1276005547850208,1.0,latest72h,0.44631001500301704,-0.4478718948390312
expr_btc_2m_rollz60__q70,expr_btc_2m_rollz60,alphaforge_unary,2,0.7,9109,0.29639147896626694,-0.9970360852103374,0.9990650514154422,0.7891096717532111,-0.010945615163139067,0.9626977169141282,-0.4782333850228446,-0.032938733520136876,0.41823693265607076,1.0,full,0.44631001500301704,-0.4478718948390312
expr_btc_2m_rollz60__q75,expr_btc_2m_rollz60,alphaforge_unary,2,0.75,3558,51.52317241969406,-0.48476827580305937,0.8570954543466952,0.8170320404721754,-0.013624740747696835,0.9751877915951669,-0.3174109865574508,-0.005967738735570549,0.48895665073347616,1.0,train,0.5734800033063969,-0.5817038808531101
expr_btc_2m_rollz60__q75,expr_btc_2m_rollz60,alphaforge_unary,2,0.75,2050,13.250510391108858,-0.8674948960889114,0.8981078661401578,0.8004878048780488,-0.04231682419945911,0.8936404194290939,-0.3528738188833287,-0.03984217773864063,0.3727484989993329,1.0,validation,0.5734800033063969,-0.5817038808531101
expr_btc_2m_rollz60__q75,expr_btc_2m_rollz60,alphaforge_unary,2,0.75,1948,15.106630164296476,-0.8489336983570352,0.8949669055179309,0.8044147843942505,-0.04357975864255838,0.9064418181954657,-0.4179022309900887,-0.04389908273199239,0.3700800533689126,1.0,test,0.5734800033063969,-0.5817038808531101
expr_btc_2m_rollz60__q75,expr_btc_2m_rollz60,alphaforge_unary,2,0.75,278,53.78658420774294,-0.4621341579225706,0.6210058460568854,0.7697841726618705,-0.16623530860524124,0.7459334864398229,-0.4179022309900887,-0.11907743026124884,0.21497919556171982,1.0,latest72h,0.5734800033063969,-0.5817038808531101
expr_btc_2m_rollz60__q75,expr_btc_2m_rollz60,alphaforge_unary,2,0.75,7556,1.0313422274508333,-0.9896865777254916,0.9960377748437174,0.8092906299629433,-0.013098022468574456,0.9593713490845392,-0.4179022309900887,-0.02507083369729285,0.4313452400458791,1.0,full,0.5734800033063969,-0.5817038808531101
expr_btc_2m_rollz60__q80,expr_btc_2m_rollz60,alphaforge_unary,2,0.8,2863,98.1241817524634,-0.01875818247536598,0.8320249806305673,0.8407265106531611,-0.0006551932404945474,0.9988954305820569,-0.3084528740540027,0.01268512647802833,0.5472226800725235,1.0,train,0.7281149779528997,-0.7341796037127871
expr_btc_2m_rollz60__q80,expr_btc_2m_rollz60,alphaforge_unary,2,0.8,1608,53.23194734278298,-0.4676805265721702,0.5340874490772856,0.8302238805970149,-0.029084609861453403,0.9486107145832877,-0.29475716996203627,-0.0014794222951821645,0.49299533022014674,1.0,validation,0.7281149779528997,-0.7341796037127871
expr_btc_2m_rollz60__q80,expr_btc_2m_rollz60,alphaforge_unary,2,0.8,1555,56.048377019098304,-0.43951622980901695,0.7556462988292239,0.8334405144694533,-0.02826470931247697,0.9637338477621387,-0.34542650292687804,0.002550347552688015,0.5030020013342228,1.0,test,0.7281149779528997,-0.7341796037127871
expr_btc_2m_rollz60__q80,expr_btc_2m_rollz60,alphaforge_unary,2,0.8,225,69.28468419681361,-0.3071531580318638,0.47171660123378467,0.8,-0.1365125146808287,0.805051641284456,-0.34542650292687804,-0.06568171747938922,0.3273231622746186,1.0,latest72h,0.7281149779528997,-0.7341796037127871
expr_btc_2m_rollz60__q80,expr_btc_2m_rollz60,alphaforge_unary,2,0.8,6026,29.275980114231558,-0.7072401988576844,0.8913827628131917,0.8360438101559907,-0.011736478573808141,0.9780650648317408,-0.34542650292687804,0.006310354775214799,0.521997378338522,1.0,full,0.7281149779528997,-0.7341796037127871
expr_btc_2m_rollz60__q85,expr_btc_2m_rollz60,alphaforge_unary,2,0.85,2127,158.07925564210055,0.5807925564210055,0.5349452451671938,0.8627174424071462,0.02730571492341389,1.0476956381616123,-0.22725364535121184,0.006091565759142603,0.5313993736607878,1.0,train,0.921301367347403,-0.9306070112445223
expr_btc_2m_rollz60__q85,expr_btc_2m_rollz60,alphaforge_unary,2,0.85,1168,41.49160703219083,-0.5850839296780916,0.6965258959809271,0.8467465753424658,-0.05009280219846659,0.9005466697446642,-0.2658059245134907,-0.008705450956173921,0.46847898599066046,1.0,validation,0.921301367347403,-0.9306070112445223
expr_btc_2m_rollz60__q85,expr_btc_2m_rollz60,alphaforge_unary,2,0.85,1147,105.13939532785427,0.05139395327854279,0.31698754342174806,0.8605056669572798,0.0044807282718869555,1.0073344657147656,-0.26522610698415183,0.015661414336048285,0.5522014676450967,1.0,test,0.921301367347403,-0.9306070112445223
expr_btc_2m_rollz60__q85,expr_btc_2m_rollz60,alphaforge_unary,2,0.85,171,96.42690667750423,-0.035730933224957684,0.29136505354290254,0.8421052631578947,-0.020895282587695043,0.968063203126259,-0.22449836515390642,-0.012909586664061612,0.4507628294036061,1.0,latest72h,0.921301367347403,-0.9306070112445223
expr_btc_2m_rollz60__q85,expr_btc_2m_rollz60,alphaforge_unary,2,0.85,4442,68.96053359874061,-0.31039466401259386,0.772432379004812,0.8579468707789284,-0.00698772318803647,0.9880950986298311,-0.2672667674334689,0.0047345432202408055,0.5215467802719974,1.0,full,0.921301367347403,-0.9306070112445223
expr_btc_2m_rollz60__q90,expr_btc_2m_rollz60,alphaforge_unary,2,0.9,1365,137.07277281746306,0.3707277281746306,0.3979301118180052,0.8791208791208791,0.027159540525614437,1.041142752591216,-0.1838147413636022,0.0029586235360203883,0.5197791330146695,1.0,train,1.2046248803690198,-1.2303111851569684
expr_btc_2m_rollz60__q90,expr_btc_2m_rollz60,alphaforge_unary,2,0.9,748,56.229337562393745,-0.43770662437606256,0.5338561220455699,0.8689839572192514,-0.05851692839252166,0.8737661971094849,-0.21834625382186867,-0.00993377262956141,0.46480987324883255,1.0,validation,1.2046248803690198,-1.2303111851569684
expr_btc_2m_rollz60__q90,expr_btc_2m_rollz60,alphaforge_unary,2,0.9,728,102.75476285168008,0.027547628516800815,0.38197459456484956,0.885989010989011,0.003784014906154157,1.0085417677863344,-0.18980596121116255,0.00513644264347235,0.5135090060040026,1.0,test,1.2046248803690198,-1.2303111851569684
expr_btc_2m_rollz60__q90,expr_btc_2m_rollz60,alphaforge_unary,2,0.9,110,104.94052572905872,0.0494052572905872,0.11153682549979646,0.9,0.044913870264169625,1.1060298493985068,-0.10253857154765622,0.011850057716833007,0.5381414701803051,1.0,latest72h,1.2046248803690198,-1.2303111851569684
expr_btc_2m_rollz60__q90,expr_btc_2m_rollz60,alphaforge_unary,2,0.9,2841,79.19834869061344,-0.2080165130938656,0.7438137792676828,0.8782118972192889,-0.007321946958601175,0.9871984929778079,-0.21834625382186867,0.0009934632524364329,0.504055382598722,1.0,full,1.2046248803690198,-1.2303111851569684
expr_btc_2m_rollz60__q95,expr_btc_2m_rollz60,alphaforge_unary,2,0.95,582,213.03690072145227,1.1303690072145227,0.19392813867175726,0.9106529209621993,0.19422147890283817,1.317944999295484,-0.11605921699998756,0.009817914163074759,0.6531234547552333,0.9998351738915444,train,1.6949081705543587,-1.7039541194542922
expr_btc_2m_rollz60__q95,expr_btc_2m_rollz60,alphaforge_unary,2,0.95,313,82.0724143544169,-0.17927585645583088,0.2970599698790301,0.8913738019169329,-0.05727663145553638,0.8723417666474228,-0.1126770977287247,0.0016842105263157325,0.5123415610406938,0.9711474316210807,validation,1.6949081705543587,-1.7039541194542922
expr_btc_2m_rollz60__q95,expr_btc_2m_rollz60,alphaforge_unary,2,0.95,335,77.16119630707999,-0.22838803692920007,0.3635995478675304,0.8925373134328358,-0.06817553341170135,0.8274827404466476,-0.13249667922715924,0.00347635079592179,0.5273515677118079,0.9993328885923949,test,1.6949081705543587,-1.7039541194542922
expr_btc_2m_rollz60__q95,expr_btc_2m_rollz60,alphaforge_unary,2,0.95,51,108.72881985492859,0.08728819854928593,0.0674906669092782,0.9411764705882353,0.17115333048879552,1.6571636158060927,-0.034002798518034116,0.021433458886214618,0.6490984743411928,1.0,latest72h,1.6949081705543587,-1.7039541194542922
expr_btc_2m_rollz60__q95,expr_btc_2m_rollz60,alphaforge_unary,2,0.95,1230,134.91212939578378,0.34912129395783786,0.5095861654637813,0.9008130081300812,0.02838384503722248,1.0393966866056967,-0.13249667922715924,0.00753054945054954,0.5854088153367196,0.992667540553826,full,1.6949081705543587,-1.7039541194542922
expr_btc_4m__q70,expr_btc_4m,alphaforge_primitive,4,0.7,3380,1865.0833320560428,17.650833320560427,0.8717554466967413,0.8994082840236687,0.522214003566895,1.0382374943058754,-0.2357908923359261,-0.01846646394686957,0.39088511620240646,1.0,train,0.535419999999809,-0.5762999999999587
expr_btc_4m__q70,expr_btc_4m,alphaforge_primitive,4,0.7,1778,175.50709482832175,0.7550709482832176,0.33244263632385324,0.9161979752530933,0.04246743241188043,1.1503586959792242,-0.22310731648660387,0.010571854120950075,0.5446964643095397,1.0,validation,0.535419999999809,-0.5762999999999587
expr_btc_4m__q70,expr_btc_4m,alphaforge_primitive,4,0.7,1444,28.793623467472056,-0.7120637653252795,0.766192368652697,0.8947368421052632,-0.04931189510562854,0.684470293896845,-0.24750897553109008,-0.0250042260893798,0.3402268178785857,1.0,test,0.535419999999809,-0.5762999999999587
expr_btc_4m__q70,expr_btc_4m,alphaforge_primitive,4,0.7,169,101.10184831611686,0.011018483161168602,0.139903428594693,0.9230769230769231,0.0065198125214027585,1.0310391776232009,-0.09224468927794904,-0.006222790923833044,0.43273231622746183,1.0,latest72h,0.535419999999809,-0.5762999999999587
expr_btc_4m__q70,expr_btc_4m,alphaforge_primitive,4,0.7,6602,942.5171023437354,8.425171023437354,0.9424115354114699,0.9029082096334444,0.127615435071771,1.0133915271297689,-0.24750897553109008,-0.014952786748176572,0.4188923480255612,1.0,full,0.535419999999809,-0.5762999999999587
expr_btc_4m__q75,expr_btc_4m,alphaforge_primitive,4,0.75,2641,5477.693244515646,53.77693244515646,0.7542493166684512,0.9178341537296478,2.036233716211937,1.1273793890002666,-0.24515875582788338,-0.009069914527799261,0.43654194824460196,1.0,train,0.7072999999999593,-0.7591499999999723
expr_btc_4m__q75,expr_btc_4m,alphaforge_primitive,4,0.75,1347,190.48890305829514,0.9048890305829513,0.2603883427613074,0.9294729027468448,0.06717810175077696,1.3477722771621485,-0.14095389747130793,0.02102367816059969,0.6821214142761841,1.0,validation,0.7072999999999593,-0.7591499999999723
expr_btc_4m__q75,expr_btc_4m,alphaforge_primitive,4,0.75,1021,63.40320289858662,-0.3659679710141338,0.46069262830833657,0.9079333986287953,-0.035844071597857886,0.7807903181208545,-0.13931300940653069,-0.008149582173455627,0.4246164109406271,1.0,test,0.7072999999999593,-0.7591499999999723
expr_btc_4m__q75,expr_btc_4m,alphaforge_primitive,4,0.75,117,99.61365547161616,-0.003863445283838418,0.0857022527718449,0.9401709401709402,-0.0033020899861852236,0.968299013676529,-0.07324384285871988,0.003441631751716079,0.5547850208044383,1.0,latest72h,0.7072999999999593,-0.7591499999999723
expr_btc_4m__q75,expr_btc_4m,alphaforge_primitive,4,0.75,5009,6615.742392133352,65.15742392133352,0.7542493166684512,0.9189458973847076,1.300807025780305,1.088180750067409,-0.24515875582788338,-0.0003926014699472402,0.49479764050466984,1.0,full,0.7072999999999593,-0.7591499999999723
expr_btc_4m__q80,expr_btc_4m,alphaforge_primitive,4,0.8,1926,6073.645603916982,59.736456039169816,0.4884857970862356,0.930944963655244,3.1015813104449763,1.2668372784206354,-0.188588967809466,0.0022798880743055694,0.5149167628152299,1.0,train,0.923159999999916,-0.9872400000001075
expr_btc_4m__q80,expr_btc_4m,alphaforge_primitive,4,0.8,897,170.86253781654617,0.7086253781654617,0.1682443931167395,0.927536231884058,0.07899948474531411,1.6293843528180438,-0.09376828756209765,0.009778402202758052,0.7493328885923949,1.0,validation,0.923159999999916,-0.9872400000001075
expr_btc_4m__q80,expr_btc_4m,alphaforge_primitive,4,0.8,591,56.21955615642158,-0.4378044384357842,0.4725869996594314,0.8764805414551607,-0.07407858518371936,0.5178042850691851,-0.11346953652189762,-0.0003603603603603567,0.42628418945963975,0.9876584389593062,test,0.923159999999916,-0.9872400000001075
expr_btc_4m__q80,expr_btc_4m,alphaforge_primitive,4,0.8,62,92.50946564733415,-0.07490534352665845,0.0986664847263528,0.8870967741935484,-0.1208150702042868,0.37062930917840464,-0.07676788436376902,-0.00032064128256514834,0.3897364771151179,0.9902912621359223,latest72h,0.923159999999916,-0.9872400000001075
expr_btc_4m__q80,expr_btc_4m,alphaforge_primitive,4,0.8,3414,5834.232236220286,57.34232236220286,0.4884857970862356,0.9206209724663151,1.6796227991272477,1.1483730491368245,-0.188588967809466,0.004130772296076168,0.5505489103719482,0.9969687039161068,full,0.923159999999916,-0.9872400000001075
expr_btc_4m__q85,expr_btc_4m,alphaforge_primitive,4,0.85,1209,8005.254503822832,79.05254503822832,0.4299976968018952,0.9296939619520265,6.5386720461727785,1.4243091526866367,-0.13468976066350236,0.002597952324270514,0.6466952365254657,0.9991758694577221,train,1.2132600000000666,-1.2982000000000697
expr_btc_4m__q85,expr_btc_4m,alphaforge_primitive,4,0.85,460,131.921562666163,0.31921562666162995,0.07807214285714292,0.8978260869565218,0.06939470144818144,1.9709474349024694,-0.06690393351425383,0.004226791137569297,0.7368245496997998,0.9778185456971314,validation,1.2132600000000666,-1.2982000000000697
expr_btc_4m__q85,expr_btc_4m,alphaforge_primitive,4,0.85,290,90.53292493886917,-0.09467075061130825,0.17433920917515142,0.8344827586206897,-0.032645086417691774,0.6777063023259912,-0.11433553432923649,0.0016501647358910798,0.6687791861240827,0.9106070713809206,test,1.2132600000000666,-1.2982000000000697
expr_btc_4m__q85,expr_btc_4m,alphaforge_primitive,4,0.85,26,101.26590330999574,0.012659033099957417,0.0006808860965175288,0.8846153846153846,0.048688588845991074,13.528941182149122,-0.00032064128256514834,0.0022111046238413312,0.5839112343966713,0.840499306518724,latest72h,1.2132600000000666,-1.2982000000000697
expr_btc_4m__q85,expr_btc_4m,alphaforge_primitive,4,0.85,1959,9560.871527153799,94.60871527153799,0.4646823907307953,0.9081163859111792,4.829439268582894,1.3883001321721553,-0.13468976066350236,0.002536691272253755,0.6752416844174995,0.9721858102572505,full,1.2132600000000666,-1.2982000000000697
expr_btc_4m__q90,expr_btc_4m,alphaforge_primitive,4,0.9,595,14252.965658347975,141.52965658347975,0.180197426220051,0.9210084033613445,23.786496904786585,2.8600382126245254,-0.11418501777481183,0.0012332421628444834,0.6344981044997527,0.8887423767924839,train,1.6387400000000214,-1.7339800000000691
expr_btc_4m__q90,expr_btc_4m,alphaforge_primitive,4,0.9,203,112.88583144085042,0.12885831440850426,0.07807214285714292,0.8177339901477833,0.06347700217167714,2.4190560672954926,-0.07654296557981055,0.00040816326530612734,0.5962308205470314,0.8262174783188793,validation,1.6387400000000214,-1.7339800000000691
expr_btc_4m__q90,expr_btc_4m,alphaforge_primitive,4,0.9,99,99.08103342852472,-0.00918966571475277,0.04107985601103773,0.7474747474747475,-0.00928249062096153,0.8161125893228339,-0.040416666666666656,0.0,0.473815877251501,0.7269846564376251,test,1.6387400000000214,-1.7339800000000691
expr_btc_4m__q90,expr_btc_4m,alphaforge_primitive,4,0.9,5,100.20590015378241,0.0020590015378241233,0.0,1.0,0.041180030756483764,,0.0,0.0,0.34257975034674065,0.34951456310679613,latest72h,1.6387400000000214,-1.7339800000000691
expr_btc_4m__q90,expr_btc_4m,alphaforge_primitive,4,0.9,897,15941.720937848377,158.41720937848376,0.20715092508345267,0.8784838350055741,17.66078142458019,2.631941947299623,-0.11418501777481183,0.0005354212942869641,0.5867606095362936,0.834958217270195,full,1.6387400000000214,-1.7339800000000691
expr_btc_4m__q95,expr_btc_4m,alphaforge_primitive,4,0.95,172,12913.489803102519,128.1348980310252,0.14444055493212649,0.8255813953488372,74.49703373896823,5.759832064079245,-0.07802456382001854,0.0,0.2628152299324213,0.5471402670182957,train,2.349740000000042,-2.4712299999999514
expr_btc_4m__q95,expr_btc_4m,alphaforge_primitive,4,0.95,69,101.84699277192509,0.018469927719250823,0.04040816326530616,0.6956521739130435,0.026768011187320122,1.3951269935251953,-0.04001649312786337,0.0,0.23232154769846564,0.5376917945296864,validation,2.349740000000042,-2.4712299999999514
expr_btc_4m__q95,expr_btc_4m,alphaforge_primitive,4,0.95,19,99.6090637850768,-0.0039093621492319874,0.0039093621492319874,0.3684210526315789,-0.020575590259116087,0.09441305330082277,-0.0010806915491093916,0.0,0.02401601067378252,0.3372248165443629,test,2.349740000000042,-2.4712299999999514
expr_btc_4m__q95,expr_btc_4m,alphaforge_primitive,4,0.95,1,100.0,0.0,0.0,1.0,3.504491870660217e-17,,0.0,0.0,0.0,0.19972260748959778,latest72h,2.349740000000042,-2.4712299999999514
expr_btc_4m__q95,expr_btc_4m,alphaforge_primitive,4,0.95,260,13100.58509136996,130.0058509136996,0.14444055493212649,0.7576923076923077,50.00225035142297,4.87797862655516,-0.07802456382001854,0.0,0.1935933147632312,0.4897181713911191,full,2.349740000000042,-2.4712299999999514
expr_btc_4m_tanh__q70,expr_btc_4m_tanh,alphaforge_unary,4,0.7,3380,1865.0833320560428,17.650833320560427,0.8717554466967413,0.8994082840236687,0.522214003566895,1.0382374943058754,-0.2357908923359261,-0.01846646394686957,0.39088511620240646,1.0,train,0.4895132542126568,-0.5199709600267519
expr_btc_4m_tanh__q70,expr_btc_4m_tanh,alphaforge_unary,4,0.7,1778,175.50709482832175,0.7550709482832176,0.33244263632385324,0.9161979752530933,0.04246743241188043,1.1503586959792242,-0.22310731648660387,0.010571854120950075,0.5446964643095397,1.0,validation,0.4895132542126568,-0.5199709600267519
expr_btc_4m_tanh__q70,expr_btc_4m_tanh,alphaforge_unary,4,0.7,1444,28.793623467472056,-0.7120637653252795,0.766192368652697,0.8947368421052632,-0.04931189510562854,0.684470293896845,-0.24750897553109008,-0.0250042260893798,0.3402268178785857,1.0,test,0.4895132542126568,-0.5199709600267519
expr_btc_4m_tanh__q70,expr_btc_4m_tanh,alphaforge_unary,4,0.7,169,101.10184831611686,0.011018483161168602,0.139903428594693,0.9230769230769231,0.0065198125214027585,1.0310391776232009,-0.09224468927794904,-0.006222790923833044,0.43273231622746183,1.0,latest72h,0.4895132542126568,-0.5199709600267519
expr_btc_4m_tanh__q70,expr_btc_4m_tanh,alphaforge_unary,4,0.7,6602,942.5171023437354,8.425171023437354,0.9424115354114699,0.9029082096334444,0.127615435071771,1.0133915271297689,-0.24750897553109008,-0.014952786748176572,0.4188923480255612,1.0,full,0.4895132542126568,-0.5199709600267519
expr_btc_4m_tanh__q75,expr_btc_4m_tanh,alphaforge_unary,4,0.75,2641,5477.693244515646,53.77693244515646,0.7542493166684512,0.9178341537296478,2.036233716211937,1.1273793890002666,-0.24515875582788338,-0.009069914527799261,0.43654194824460196,1.0,train,0.6089809299355297,-0.640576018222651
expr_btc_4m_tanh__q75,expr_btc_4m_tanh,alphaforge_unary,4,0.75,1347,190.48890305829514,0.9048890305829513,0.2603883427613074,0.9294729027468448,0.06717810175077696,1.3477722771621485,-0.14095389747130793,0.02102367816059969,0.6821214142761841,1.0,validation,0.6089809299355297,-0.640576018222651
expr_btc_4m_tanh__q75,expr_btc_4m_tanh,alphaforge_unary,4,0.75,1021,63.40320289858662,-0.3659679710141338,0.46069262830833657,0.9079333986287953,-0.035844071597857886,0.7807903181208545,-0.13931300940653069,-0.008149582173455627,0.4246164109406271,1.0,test,0.6089809299355297,-0.640576018222651
expr_btc_4m_tanh__q75,expr_btc_4m_tanh,alphaforge_unary,4,0.75,117,99.61365547161616,-0.003863445283838418,0.0857022527718449,0.9401709401709402,-0.0033020899861852236,0.968299013676529,-0.07324384285871988,0.003441631751716079,0.5547850208044383,1.0,latest72h,0.6089809299355297,-0.640576018222651
expr_btc_4m_tanh__q75,expr_btc_4m_tanh,alphaforge_unary,4,0.75,5009,6615.742392133352,65.15742392133352,0.7542493166684512,0.9189458973847076,1.300807025780305,1.088180750067409,-0.24515875582788338,-0.0003926014699472402,0.49479764050466984,1.0,full,0.6089809299355297,-0.640576018222651
expr_btc_4m_tanh__q80,expr_btc_4m_tanh,alphaforge_unary,4,0.8,1926,6073.645603916982,59.736456039169816,0.4884857970862356,0.930944963655244,3.1015813104449763,1.2668372784206354,-0.188588967809466,0.0022798880743055694,0.5149167628152299,1.0,train,0.7273888860117488,-0.7561829636792459
expr_btc_4m_tanh__q80,expr_btc_4m_tanh,alphaforge_unary,4,0.8,897,170.86253781654617,0.7086253781654617,0.1682443931167395,0.927536231884058,0.07899948474531411,1.6293843528180438,-0.09376828756209765,0.009778402202758052,0.7493328885923949,1.0,validation,0.7273888860117488,-0.7561829636792459
expr_btc_4m_tanh__q80,expr_btc_4m_tanh,alphaforge_unary,4,0.8,591,56.21955615642158,-0.4378044384357842,0.4725869996594314,0.8764805414551607,-0.07407858518371936,0.5178042850691851,-0.11346953652189762,-0.0003603603603603567,0.42628418945963975,0.9876584389593062,test,0.7273888860117488,-0.7561829636792459
expr_btc_4m_tanh__q80,expr_btc_4m_tanh,alphaforge_unary,4,0.8,62,92.50946564733415,-0.07490534352665845,0.0986664847263528,0.8870967741935484,-0.1208150702042868,0.37062930917840464,-0.07676788436376902,-0.00032064128256514834,0.3897364771151179,0.9902912621359223,latest72h,0.7273888860117488,-0.7561829636792459
expr_btc_4m_tanh__q80,expr_btc_4m_tanh,alphaforge_unary,4,0.8,3414,5834.232236220286,57.34232236220286,0.4884857970862356,0.9206209724663151,1.6796227991272477,1.1483730491368245,-0.188588967809466,0.004130772296076168,0.5505489103719482,0.9969687039161068,full,0.7273888860117488,-0.7561829636792459
expr_btc_4m_tanh__q85,expr_btc_4m_tanh,alphaforge_unary,4,0.85,1209,8005.254503822832,79.05254503822832,0.4299976968018952,0.9296939619520265,6.5386720461727785,1.4243091526866367,-0.13468976066350236,0.002597952324270514,0.6466952365254657,0.9991758694577221,train,0.8376547023529665,-0.8612590601955613
expr_btc_4m_tanh__q85,expr_btc_4m_tanh,alphaforge_unary,4,0.85,460,131.921562666163,0.31921562666162995,0.07807214285714292,0.8978260869565218,0.06939470144818144,1.9709474349024694,-0.06690393351425383,0.004226791137569297,0.7368245496997998,0.9778185456971314,validation,0.8376547023529665,-0.8612590601955613
expr_btc_4m_tanh__q85,expr_btc_4m_tanh,alphaforge_unary,4,0.85,290,90.53292493886917,-0.09467075061130825,0.17433920917515142,0.8344827586206897,-0.032645086417691774,0.6777063023259912,-0.11433553432923649,0.0016501647358910798,0.6687791861240827,0.9106070713809206,test,0.8376547023529665,-0.8612590601955613
expr_btc_4m_tanh__q85,expr_btc_4m_tanh,alphaforge_unary,4,0.85,26,101.26590330999574,0.012659033099957417,0.0006808860965175288,0.8846153846153846,0.048688588845991074,13.528941182149122,-0.00032064128256514834,0.0022111046238413312,0.5839112343966713,0.840499306518724,latest72h,0.8376547023529665,-0.8612590601955613
expr_btc_4m_tanh__q85,expr_btc_4m_tanh,alphaforge_unary,4,0.85,1959,9560.871527153799,94.60871527153799,0.4646823907307953,0.9081163859111792,4.829439268582894,1.3883001321721553,-0.13468976066350236,0.002536691272253755,0.6752416844174995,0.9721858102572505,full,0.8376547023529665,-0.8612590601955613
expr_btc_4m_tanh__q90,expr_btc_4m_tanh,alphaforge_unary,4,0.9,595,14252.965658347975,141.52965658347975,0.180197426220051,0.9210084033613445,23.786496904786585,2.8600382126245254,-0.11418501777481183,0.0012332421628444834,0.6344981044997527,0.8887423767924839,train,0.927296087888014,-0.9395244666738998
expr_btc_4m_tanh__q90,expr_btc_4m_tanh,alphaforge_unary,4,0.9,203,112.88583144085042,0.12885831440850426,0.07807214285714292,0.8177339901477833,0.06347700217167714,2.4190560672954926,-0.07654296557981055,0.00040816326530612734,0.5962308205470314,0.8262174783188793,validation,0.927296087888014,-0.9395244666738998
expr_btc_4m_tanh__q90,expr_btc_4m_tanh,alphaforge_unary,4,0.9,99,99.08103342852472,-0.00918966571475277,0.04107985601103773,0.7474747474747475,-0.00928249062096153,0.8161125893228339,-0.040416666666666656,0.0,0.473815877251501,0.7269846564376251,test,0.927296087888014,-0.9395244666738998
expr_btc_4m_tanh__q90,expr_btc_4m_tanh,alphaforge_unary,4,0.9,5,100.20590015378241,0.0020590015378241233,0.0,1.0,0.041180030756483764,,0.0,0.0,0.34257975034674065,0.34951456310679613,latest72h,0.927296087888014,-0.9395244666738998
expr_btc_4m_tanh__q90,expr_btc_4m_tanh,alphaforge_unary,4,0.9,897,15941.720937848377,158.41720937848376,0.20715092508345267,0.8784838350055741,17.66078142458019,2.631941947299623,-0.11418501777481183,0.0005354212942869641,0.5867606095362936,0.834958217270195,full,0.927296087888014,-0.9395244666738998
expr_btc_4m_tanh__q95,expr_btc_4m_tanh,alphaforge_unary,4,0.95,172,12913.489803102519,128.1348980310252,0.14444055493212649,0.8255813953488372,74.49703373896823,5.759832064079245,-0.07802456382001854,0.0,0.2628152299324213,0.5471402670182957,train,0.9819641097031492,-0.9858270923487118
expr_btc_4m_tanh__q95,expr_btc_4m_tanh,alphaforge_unary,4,0.95,69,101.84699277192509,0.018469927719250823,0.04040816326530616,0.6956521739130435,0.026768011187320122,1.3951269935251953,-0.04001649312786337,0.0,0.23232154769846564,0.5376917945296864,validation,0.9819641097031492,-0.9858270923487118
expr_btc_4m_tanh__q95,expr_btc_4m_tanh,alphaforge_unary,4,0.95,19,99.6090637850768,-0.0039093621492319874,0.0039093621492319874,0.3684210526315789,-0.020575590259116087,0.09441305330082277,-0.0010806915491093916,0.0,0.02401601067378252,0.3372248165443629,test,0.9819641097031492,-0.9858270923487118
expr_btc_4m_tanh__q95,expr_btc_4m_tanh,alphaforge_unary,4,0.95,1,100.0,0.0,0.0,1.0,3.504491870660217e-17,,0.0,0.0,0.0,0.19972260748959778,latest72h,0.9819641097031492,-0.9858270923487118
expr_btc_4m_tanh__q95,expr_btc_4m_tanh,alphaforge_unary,4,0.95,260,13100.58509136996,130.0058509136996,0.14444055493212649,0.7576923076923077,50.00225035142297,4.87797862655516,-0.07802456382001854,0.0,0.1935933147632312,0.4897181713911191,full,0.9819641097031492,-0.9858270923487118
expr_btc_4m_signed_log__q70,expr_btc_4m_signed_log,alphaforge_unary,4,0.7,3885,895.6593188384052,7.956593188384051,0.9317180596055115,0.8841698841698842,0.2048029134719228,1.026812978082606,-0.28612788817693346,-0.023805773126058416,0.41577385857919896,1.0,train,0.3563308784814953,-0.3869752055142152
expr_btc_4m_signed_log__q70,expr_btc_4m_signed_log,alphaforge_unary,4,0.7,2092,201.78345090792965,1.0178345090792966,0.34289169244083534,0.9048757170172084,0.0486536572217649,1.1005718993647893,-0.2211770014028216,0.015206722851160315,0.5608739159439626,1.0,validation,0.3563308784814953,-0.3869752055142152
expr_btc_4m_signed_log__q70,expr_btc_4m_signed_log,alphaforge_unary,4,0.7,1732,17.790321475513906,-0.822096785244861,0.8544123704669581,0.8851039260969977,-0.04746517235824813,0.6986386352887789,-0.2488670909341003,-0.04244483455629766,0.3298865910607071,1.0,test,0.3563308784814953,-0.3869752055142152
expr_btc_4m_signed_log__q70,expr_btc_4m_signed_log,alphaforge_unary,4,0.7,207,91.85758476343614,-0.0814241523656386,0.23806885198672956,0.9082125603864735,-0.03933533930707068,0.8511565155196256,-0.15226536680473202,-0.019234192304851128,0.3841886269070735,1.0,latest72h,0.3563308784814953,-0.3869752055142152
expr_btc_4m_signed_log__q70,expr_btc_4m_signed_log,alphaforge_unary,4,0.7,7709,321.52310695760445,2.2152310695760447,0.9699477706170608,0.8899987028148917,0.028735647549311405,1.0050727665368744,-0.28612788817693346,-0.019305054475276306,0.4312633131246928,1.0,full,0.3563308784814953,-0.3869752055142152
expr_btc_4m_signed_log__q75,expr_btc_4m_signed_log,alphaforge_unary,4,0.75,3090,2790.039759544232,26.900397595442318,0.8007999643077072,0.9064724919093851,0.8705630289787358,1.0622636233238725,-0.237592987288749,-0.01600248326533804,0.40283500906543596,1.0,train,0.4710031295786592,-0.49408629976165713
expr_btc_4m_signed_log__q75,expr_btc_4m_signed_log,alphaforge_unary,4,0.75,1621,189.66465021554936,0.8966465021554937,0.2765096978395465,0.9210363972856261,0.05531440482143781,1.205150395749886,-0.170231686066868,0.01580765358379388,0.5707138092061375,1.0,validation,0.4710031295786592,-0.49408629976165713
expr_btc_4m_signed_log__q75,expr_btc_4m_signed_log,alphaforge_unary,4,0.75,1273,28.890843880244926,-0.7110915611975508,0.7431755768385474,0.8963079340141398,-0.0558595099133973,0.6421423932023429,-0.19488135122727257,-0.0293687036713145,0.32921947965310205,1.0,test,0.4710031295786592,-0.49408629976165713
expr_btc_4m_signed_log__q75,expr_btc_4m_signed_log,alphaforge_unary,4,0.75,145,93.32761150134128,-0.06672388498658721,0.1456930749041171,0.9310344827586207,-0.04601647240454173,0.7112180334203065,-0.10121396649331338,0.007201206300275986,0.5409153952843273,1.0,latest72h,0.4710031295786592,-0.49408629976165713
expr_btc_4m_signed_log__q75,expr_btc_4m_signed_log,alphaforge_unary,4,0.75,5984,1528.822318442781,14.288223184427808,0.8946546919479798,0.9082553475935828,0.2387737831622515,1.0216772431328054,-0.237592987288749,-0.013945266569425185,0.42753563821071605,1.0,full,0.4710031295786592,-0.49408629976165713
expr_btc_4m_signed_log__q80,expr_btc_4m_signed_log,alphaforge_unary,4,0.8,2263,6169.19017644521,60.691901764452105,0.6572812137263944,0.9244365885992046,2.681922305101756,1.1866256082025477,-0.25733427976276546,-0.007644021263036982,0.4648096258447338,1.0,train,0.5955784434012593,-0.6260239877886218
expr_btc_4m_signed_log__q80,expr_btc_4m_signed_log,alphaforge_unary,4,0.8,1115,188.1095340811978,0.8810953408119782,0.23082044231297588,0.9309417040358744,0.07902200366026853,1.516040730931615,-0.10236644974995102,0.013720499312953383,0.6662775183455637,1.0,validation,0.5955784434012593,-0.6260239877886218
expr_btc_4m_signed_log__q80,expr_btc_4m_signed_log,alphaforge_unary,4,0.8,794,58.90569017220234,-0.4109430982779766,0.48665956153319834,0.8979848866498741,-0.0517560577176286,0.6409652260543794,-0.14913548278851863,0.0,0.4878252168112075,0.9898265510340227,test,0.5955784434012593,-0.6260239877886218
expr_btc_4m_signed_log__q80,expr_btc_4m_signed_log,alphaforge_unary,4,0.8,90,95.61859168677826,-0.04381408313221735,0.09527433428347622,0.9222222222222223,-0.048682314591351646,0.6335382446648894,-0.07600645581479082,0.0009289579158315853,0.5478502080443828,1.0,latest72h,0.5955784434012593,-0.6260239877886218
expr_btc_4m_signed_log__q80,expr_btc_4m_signed_log,alphaforge_unary,4,0.8,4172,6835.90808971355,67.3590808971355,0.6572812137263944,0.9211409395973155,1.614551315847007,1.1195652558069302,-0.25733427976276546,0.0020548718811415068,0.520358839914796,0.9975012289038178,full,0.5955784434012593,-0.6260239877886218
expr_btc_4m_signed_log__q85,expr_btc_4m_signed_log,alphaforge_unary,4,0.85,1449,9456.62228977475,93.56622289774751,0.4469951244916491,0.9323671497584541,6.457296266235204,1.375047197858133,-0.15634792334735303,0.0033635256568080862,0.6405966705126092,1.0,train,0.7423372114552722,-0.7730113279087798
expr_btc_4m_signed_log__q85,expr_btc_4m_signed_log,alphaforge_unary,4,0.85,607,142.6712497038976,0.42671249703897596,0.0854634693470847,0.9126853377265239,0.07029859918269805,1.7978601906191805,-0.07210897055646837,0.005925585247272602,0.7631754503002002,0.9928285523682455,validation,0.7423372114552722,-0.7730113279087798
expr_btc_4m_signed_log__q85,expr_btc_4m_signed_log,alphaforge_unary,4,0.85,386,70.88807951873497,-0.2911192048126503,0.34390427520622374,0.844559585492228,-0.07541948311208474,0.4928497782849524,-0.10544663377955199,0.0008247422680411898,0.5500333555703802,0.9414609739826552,test,0.7423372114552722,-0.7730113279087798
expr_btc_4m_signed_log__q85,expr_btc_4m_signed_log,alphaforge_unary,4,0.85,43,93.96158538861738,-0.060384146113826254,0.07834082953140326,0.8604651162790697,-0.1404282467763391,0.25306587989494217,-0.04042553191489362,-0.00032064128256514834,0.3828016643550624,0.9833564493758669,latest72h,0.7423372114552722,-0.7730113279087798
expr_btc_4m_signed_log__q85,expr_btc_4m_signed_log,alphaforge_unary,4,0.85,2442,9564.135474053852,94.64135474053852,0.47020554595008063,0.9135954135954136,3.8755673521924505,1.2507042964391093,-0.15634792334735303,0.003167691439783904,0.6495166311650008,0.9838603965262985,full,0.7423372114552722,-0.7730113279087798
expr_btc_4m_signed_log__q90,expr_btc_4m_signed_log,alphaforge_unary,4,0.9,742,12774.00944007174,126.74009440071741,0.21349560107779486,0.9272237196765498,17.080875256161438,2.324431151103679,-0.11584184317226853,0.0016842105263157325,0.6571616944123949,0.9418987967694082,train,0.9171543557743982,-0.9559882480284693
expr_btc_4m_signed_log__q90,expr_btc_4m_signed_log,alphaforge_unary,4,0.9,253,118.72354505512146,0.1872354505512146,0.07807214285714292,0.841897233201581,0.07400610693723957,3.0267533484501254,-0.07457816337891643,0.0008247422680411898,0.6470980653769179,0.8925950633755837,validation,0.9171543557743982,-0.9559882480284693
expr_btc_4m_signed_log__q90,expr_btc_4m_signed_log,alphaforge_unary,4,0.9,132,97.44111329340527,-0.02558886706594732,0.06554913382942414,0.7575757575757576,-0.01938550535298991,0.7257165986279118,-0.040416666666666656,0.0,0.47781854569713145,0.7883589059372915,test,0.9171543557743982,-0.9559882480284693
expr_btc_4m_signed_log__q90,expr_btc_4m_signed_log,alphaforge_unary,4,0.9,8,100.21465725849995,0.0021465725849996176,0.0003206412825650723,0.875,0.026832157312495032,7.6863773270311295,-0.00032064128256514834,0.0,0.3536754507628294,0.4576976421636616,latest72h,0.9171543557743982,-0.9559882480284693
expr_btc_4m_signed_log__q90,expr_btc_4m_signed_log,alphaforge_unary,4,0.9,1127,14777.682316864979,146.7768231686498,0.21349560107779486,0.8881987577639752,13.023675525168624,2.2066142494521443,-0.11584184317226853,0.0008641878575965656,0.6115025397345568,0.8927576601671309,full,0.9171543557743982,-0.9559882480284693
expr_btc_4m_signed_log__q95,expr_btc_4m_signed_log,alphaforge_unary,4,0.95,207,13658.642019516416,135.58642019516415,0.14444055493212662,0.8405797101449275,65.50068608462045,5.8562133205636275,-0.07802456382001854,0.0,0.28861051590571946,0.6158727542442723,train,1.1699526246163199,-1.2136774881903298
expr_btc_4m_signed_log__q95,expr_btc_4m_signed_log,alphaforge_unary,4,0.95,79,102.60269128762769,0.026026912876276898,0.04040816326530616,0.6962025316455697,0.032945459337059474,1.5441326284930803,-0.04001649312786337,0.0,0.2753502334889927,0.5945630420280187,validation,1.1699526246163199,-1.2136774881903298
expr_btc_4m_signed_log__q95,expr_btc_4m_signed_log,alphaforge_unary,4,0.95,22,99.54520424659945,-0.004547957534005498,0.004547957534005498,0.36363636363636365,-0.02067253424548055,0.08219810853056635,-0.0010806915491093916,0.0,0.02401601067378252,0.34356237491661107,test,1.1699526246163199,-1.2136774881903298
expr_btc_4m_signed_log__q95,expr_btc_4m_signed_log,alphaforge_unary,4,0.95,1,100.0,0.0,0.0,1.0,3.504491870660217e-17,,0.0,0.0,0.0,0.19972260748959778,latest72h,1.1699526246163199,-1.2136774881903298
expr_btc_4m_signed_log__q95,expr_btc_4m_signed_log,alphaforge_unary,4,0.95,308,13950.398617669962,138.5039861766996,0.14444055493212662,0.7694805194805194,44.96882668074671,4.940613319020847,-0.07802456382001854,0.0,0.21698345076192035,0.5449778797312796,full,1.1699526246163199,-1.2136774881903298
expr_btc_4m_rollz60__q70,expr_btc_4m_rollz60,alphaforge_unary,4,0.7,3280,944.821051700741,8.44821051700741,0.8667578815185094,0.8896341463414634,0.25756739381121246,1.0343325020974945,-0.30784937975366977,-0.015493467658906412,0.42624031646612826,1.0,train,0.4396182684429919,-0.46077531531976373
expr_btc_4m_rollz60__q70,expr_btc_4m_rollz60,alphaforge_unary,4,0.7,1859,74.85450451689604,-0.2514549548310395,0.5088939492600121,0.8924152770306616,-0.013526355827381879,0.9576466771135527,-0.28834789624232826,0.0006811282036163213,0.5045030020013342,1.0,validation,0.4396182684429919,-0.46077531531976373
expr_btc_4m_rollz60__q70,expr_btc_4m_rollz60,alphaforge_unary,4,0.7,1792,55.019440499710605,-0.44980559500289397,0.5229593815823056,0.8828125,-0.025100758649714696,0.9108597869603628,-0.20815836999449566,-0.024976859963092735,0.39176117411607736,1.0,test,0.4396182684429919,-0.46077531531976373
expr_btc_4m_rollz60__q70,expr_btc_4m_rollz60,alphaforge_unary,4,0.7,252,90.27955977088803,-0.09720440229111971,0.28092192636999935,0.876984126984127,-0.038573175512348026,0.9076188433891704,-0.18347418727348175,-0.025694857081341005,0.40083217753120665,1.0,latest72h,0.4396182684429919,-0.46077531531976373
expr_btc_4m_rollz60__q70,expr_btc_4m_rollz60,alphaforge_unary,4,0.7,6931,389.1201054593207,2.891201054593207,0.9453604410703295,0.8886163612754292,0.04171405359390793,1.0085575758996326,-0.30784937975366977,-0.015273388089495465,0.43646567262002295,1.0,full,0.4396182684429919,-0.46077531531976373
expr_btc_4m_rollz60__q75,expr_btc_4m_rollz60,alphaforge_unary,4,0.75,2561,3799.153887633416,36.99153887633416,0.7481119683242391,0.9070675517376025,1.4444177616686826,1.0994305323857696,-0.2808868712922967,-0.0055287282321763165,0.46192516894676117,1.0,train,0.5850727257228571,-0.5960796164974635
expr_btc_4m_rollz60__q75,expr_btc_4m_rollz60,alphaforge_unary,4,0.75,1361,81.08305114433024,-0.18916948855669757,0.5234370769405019,0.9066862601028656,-0.013899301143033798,0.9315975525036005,-0.2055450888094441,-0.00591099515364768,0.4696464309539693,1.0,validation,0.5850727257228571,-0.5960796164974635
expr_btc_4m_rollz60__q75,expr_btc_4m_rollz60,alphaforge_unary,4,0.75,1345,54.77932047811085,-0.4522067952188915,0.526471786824501,0.8907063197026023,-0.0336213230646011,0.8538259174279764,-0.186545759267972,-0.014671259879724452,0.4317878585723816,1.0,test,0.5850727257228571,-0.5960796164974635
expr_btc_4m_rollz60__q75,expr_btc_4m_rollz60,alphaforge_unary,4,0.75,198,86.66225936697059,-0.13337740633029416,0.19891182309717811,0.898989898989899,-0.06736232642944072,0.7868102795442995,-0.1275356325329836,-0.039445376647143426,0.3536754507628294,1.0,latest72h,0.5850727257228571,-0.5960796164974635
expr_btc_4m_rollz60__q75,expr_btc_4m_rollz60,alphaforge_unary,4,0.75,5267,1687.4604731442237,15.874604731442236,0.8646974455021307,0.902790962597304,0.3013974697445131,1.0277334609974744,-0.2808868712922967,-0.00641952530426404,0.46157627396362444,1.0,full,0.5850727257228571,-0.5960796164974635
expr_btc_4m_rollz60__q80,expr_btc_4m_rollz60,alphaforge_unary,4,0.8,1838,4738.39889655324,46.383988965532396,0.6308433471157757,0.9167573449401524,2.523612022063809,1.1920891115061143,-0.20469138061878012,0.0024680052119212537,0.5290918081424097,1.0,train,0.742463770746929,-0.7487869686296651
expr_btc_4m_rollz60__q80,expr_btc_4m_rollz60,alphaforge_unary,4,0.8,947,109.0274715045194,0.09027471504519391,0.32903206820605363,0.914466737064414,0.00953270486221778,1.0583355203789195,-0.14157021798019798,0.012972270868959246,0.6455970647098065,1.0,validation,0.742463770746929,-0.7487869686296651
expr_btc_4m_rollz60__q80,expr_btc_4m_rollz60,alphaforge_unary,4,0.8,973,69.39643341359996,-0.30603566586400033,0.48891865689743064,0.8972250770811921,-0.03145279196957803,0.8234049123336565,-0.18387726217921196,-0.009743736156440197,0.4431287525016678,1.0,test,0.742463770746929,-0.7487869686296651
expr_btc_4m_rollz60__q80,expr_btc_4m_rollz60,alphaforge_unary,4,0.8,155,114.14567533485544,0.14145675334855445,0.09999482963053075,0.9354838709677419,0.09126242151519767,1.5690695567018225,-0.06248253527834069,0.026942891739917707,0.8044382801664355,1.0,latest72h,0.742463770746929,-0.7487869686296651
expr_btc_4m_rollz60__q80,expr_btc_4m_rollz60,alphaforge_unary,4,0.8,3758,3585.128360221408,34.85128360221408,0.7255077402238421,0.9111229377328366,0.9273891325762399,1.0861958365204907,-0.20469138061878012,0.004984796143664427,0.5363345895461249,1.0,full,0.742463770746929,-0.7487869686296651
expr_btc_4m_rollz60__q85,expr_btc_4m_rollz60,alphaforge_unary,4,0.85,1157,3289.003715163828,31.890037151638282,0.6479896977177336,0.909248055315471,2.7562694167362625,1.2480566787484433,-0.21977794478669244,0.002093061224489823,0.5872754244272292,1.0,train,0.9306202752052476,-0.9442186967792033
expr_btc_4m_rollz60__q85,expr_btc_4m_rollz60,alphaforge_unary,4,0.85,601,126.65675427027698,0.26656754270276983,0.09560480851991512,0.908485856905158,0.04435400044971269,1.4317852044812678,-0.07457816337891643,0.006703088620047426,0.7700133422281521,1.0,validation,0.9306202752052476,-0.9442186967792033
expr_btc_4m_rollz60__q85,expr_btc_4m_rollz60,alphaforge_unary,4,0.85,623,83.75617062030584,-0.16243829379694164,0.2820965889605453,0.8860353130016051,-0.02607356240721302,0.8314700246744194,-0.11060487002165253,0.0016842105263157325,0.5263509006004002,1.0,test,0.9306202752052476,-0.9442186967792033
expr_btc_4m_rollz60__q85,expr_btc_4m_rollz60,alphaforge_unary,4,0.85,107,107.79107793137652,0.07791077931376522,0.05846476856554135,0.9345794392523364,0.07281381244277216,1.601273021683877,-0.044240247267384514,0.014183116514181693,0.6643550624133149,1.0,latest72h,0.9306202752052476,-0.9442186967792033
expr_btc_4m_rollz60__q85,expr_btc_4m_rollz60,alphaforge_unary,4,0.85,2381,3489.068785847509,33.89068785847509,0.6544862276938669,0.9029819403611927,1.4233804224475295,1.179300418102989,-0.21977794478669244,0.0040000000000000036,0.616172374242176,1.0,full,0.9306202752052476,-0.9442186967792033
expr_btc_4m_rollz60__q90,expr_btc_4m_rollz60,alphaforge_unary,4,0.9,590,4881.609424068579,47.816094240685786,0.45119539867045466,0.8915254237288136,8.104422752658628,1.7458963989739,-0.11603143206627564,0.0008247422680411898,0.5773034448656668,0.9831053238833031,train,1.213038836005235,-1.2028191083993147
expr_btc_4m_rollz60__q90,expr_btc_4m_rollz60,alphaforge_unary,4,0.9,315,118.63200777489169,0.1863200777489169,0.07807214285714303,0.8825396825396825,0.05914923103140278,1.868906789907716,-0.07654296557981055,0.002945889921752709,0.8363909272848565,0.9959973315543695,validation,1.213038836005235,-1.2028191083993147
expr_btc_4m_rollz60__q90,expr_btc_4m_rollz60,alphaforge_unary,4,0.9,333,96.80737171582831,-0.031926282841716946,0.13682180414823003,0.8588588588588588,-0.009587472324839271,0.9311374092453737,-0.04104115766654626,0.002950021568921324,0.6794529686457639,0.9984989993328885,test,1.213038836005235,-1.2028191083993147
expr_btc_4m_rollz60__q90,expr_btc_4m_rollz60,alphaforge_unary,4,0.9,60,95.96381705959207,-0.040361829404079286,0.05710701563393141,0.9,-0.06726971567346446,0.5066015156816589,-0.03784358716595315,0.0008164931278633603,0.5145631067961165,0.9875173370319001,latest72h,1.213038836005235,-1.2028191083993147
expr_btc_4m_rollz60__q90,expr_btc_4m_rollz60,alphaforge_unary,4,0.9,1238,5606.261338027772,55.06261338027772,0.45119539867045466,0.8804523424878837,4.447707058180782,1.5429043407413547,-0.11603143206627564,0.0018277464805966925,0.6651237096509913,0.9902506963788301,full,1.213038836005235,-1.2028191083993147
expr_btc_4m_rollz60__q95,expr_btc_4m_rollz60,alphaforge_unary,4,0.95,183,5547.631545204128,54.476315452041284,0.14444055493212654,0.8524590163934426,29.76847838909359,10.082422777975381,-0.040487804878048816,0.0,0.4305257952859733,0.7187242459205538,train,1.6860576188651375,-1.6816657881144588
expr_btc_4m_rollz60__q95,expr_btc_4m_rollz60,alphaforge_unary,4,0.95,103,100.99304506862248,0.009930450686224779,0.07807214285714292,0.7669902912621359,0.009641214258470985,1.1155549935667444,-0.07807214285714292,8.60268880036319e-05,0.5005003335557038,0.8569046030687125,validation,1.6860576188651375,-1.6816657881144588
expr_btc_4m_rollz60__q95,expr_btc_4m_rollz60,alphaforge_unary,4,0.95,97,96.25953069220778,-0.03740469307792227,0.07732300575999394,0.711340206185567,-0.038561539255589694,0.5881315012990743,-0.041061536005270294,4.765581908450223e-05,0.5265176784523016,0.8754169446297532,test,1.6860576188651375,-1.6816657881144588
expr_btc_4m_rollz60__q95,expr_btc_4m_rollz60,alphaforge_unary,4,0.95,19,100.90907792969949,0.009090779296994977,0.0006411797542982806,0.8421052631578947,0.04784620682629286,10.413001209636517,-0.0006411797542982267,0.002093061224489823,0.7877947295423023,0.8529819694868238,latest72h,1.6860576188651375,-1.6816657881144588
expr_btc_4m_rollz60__q95,expr_btc_4m_rollz60,alphaforge_unary,4,0.95,383,5393.153928879899,52.93153928879899,0.14444055493212654,0.793733681462141,13.820245245117244,4.338751825147616,-0.07807214285714292,0.0,0.4748074717352122,0.7944453547435687,full,1.6860576188651375,-1.6816657881144588
expr_pm_mom_2m__q70,expr_pm_mom_2m,alphaforge_primitive,2,0.7,4403,0.45908561633869976,-0.995409143836613,0.9982805888313218,0.7946854417442653,-0.022607520868421736,0.9009499250702813,-0.4884406300022943,-0.04569495133406576,0.37769902752596013,1.0,train,3.1000000000000005,-3.2000000000000006
expr_pm_mom_2m__q70,expr_pm_mom_2m,alphaforge_primitive,2,0.7,2559,8.109887827817811,-0.9189011217218219,0.9298410819609626,0.7913247362250879,-0.03590860186486208,0.8897742031410989,-0.5089272794678907,-0.03494922979544468,0.40643762508338893,1.0,validation,3.1000000000000005,-3.2000000000000006
expr_pm_mom_2m__q70,expr_pm_mom_2m,alphaforge_primitive,2,0.7,2431,4.695697862385633,-0.9530430213761437,0.9590316583000179,0.7897984368572604,-0.03920374419482281,0.8719497676272011,-0.41461796353934166,-0.06469639193710458,0.3165443629086057,1.0,test,3.1000000000000005,-3.2000000000000006
expr_pm_mom_2m__q70,expr_pm_mom_2m,alphaforge_primitive,2,0.7,326,53.922184732391145,-0.46077815267608857,0.5492007524772933,0.7760736196319018,-0.1413429916184323,0.8038503068876518,-0.41461796353934166,-0.07896952252892353,0.21359223300970873,1.0,latest72h,3.1000000000000005,-3.2000000000000006
expr_pm_mom_2m__q70,expr_pm_mom_2m,alphaforge_primitive,2,0.7,9393,0.001748270697391066,-0.9999825172930261,0.9999891898154438,0.7925050569573087,-0.010646039788065817,0.9008995736889424,-0.5089272794678907,-0.048964720884048685,0.3711289529739472,1.0,full,3.1000000000000005,-3.2000000000000006
expr_pm_mom_2m__q75,expr_pm_mom_2m,alphaforge_primitive,2,0.75,3663,2.1407892980273404,-0.9785921070197265,0.9914722042841093,0.8195468195468195,-0.026715591237229712,0.89740393951664,-0.4081978372187698,-0.01798063528570415,0.43258612164166804,1.0,train,3.925,-4.000000000000001
expr_pm_mom_2m__q75,expr_pm_mom_2m,alphaforge_primitive,2,0.75,2100,13.272794989183792,-0.8672720501081621,0.894732557240544,0.8142857142857143,-0.04129866905276972,0.9023016813120432,-0.4986142064695157,-0.027396866677593334,0.4117745163442295,1.0,validation,3.925,-4.000000000000001
expr_pm_mom_2m__q75,expr_pm_mom_2m,alphaforge_primitive,2,0.75,2029,4.36735789410646,-0.9563264210589354,0.9643827364122396,0.8063085263676688,-0.04713289408866125,0.7937832857153622,-0.37579299671271293,-0.06848193599357993,0.3140426951300867,1.0,test,3.925,-4.000000000000001
expr_pm_mom_2m__q75,expr_pm_mom_2m,alphaforge_primitive,2,0.75,270,72.71962060393729,-0.27280379396062715,0.4177590336688184,0.8111111111111111,-0.10103844220764015,0.8454105911419904,-0.32887437342944625,-0.043851072134968194,0.3925104022191401,1.0,latest72h,3.925,-4.000000000000001
expr_pm_mom_2m__q75,expr_pm_mom_2m,alphaforge_primitive,2,0.75,7792,0.012409523165697527,-0.999875904768343,0.999921103494401,0.8146817248459959,-0.012832082966739485,0.8973593206900359,-0.4986142064695157,-0.031269949052120494,0.3995166311650008,1.0,full,3.925,-4.000000000000001
expr_pm_mom_2m__q80,expr_pm_mom_2m,alphaforge_primitive,2,0.8,2998,12.323332539306856,-0.8767666746069315,0.9289955655708295,0.8455637091394262,-0.02924505252191226,0.8568350547851667,-0.33505332319472114,-0.01716852541317715,0.4447008406131531,1.0,train,4.8,-5.0
expr_pm_mom_2m__q80,expr_pm_mom_2m,alphaforge_primitive,2,0.8,1682,32.33785877330796,-0.6766214122669204,0.7762499712988052,0.8412604042806183,-0.040227194546190635,0.9264714297858084,-0.35045329373106326,-0.011213867153085033,0.4641427618412275,1.0,validation,4.8,-5.0
expr_pm_mom_2m__q80,expr_pm_mom_2m,alphaforge_primitive,2,0.8,1629,7.723789149687561,-0.9227621085031243,0.9346979635492093,0.8268876611418048,-0.056645924401665146,0.7562516821862624,-0.304440969004816,-0.05156214013771909,0.3163775850567045,1.0,test,4.8,-5.0
expr_pm_mom_2m__q80,expr_pm_mom_2m,alphaforge_primitive,2,0.8,219,80.92634049051097,-0.19073659509489038,0.3070447521363062,0.8356164383561644,-0.08709433565976767,0.8525567927122115,-0.19164888251612067,-0.054736278739071054,0.3786407766990291,1.0,latest72h,4.8,-5.0
expr_pm_mom_2m__q80,expr_pm_mom_2m,alphaforge_primitive,2,0.8,6309,0.30780086604961826,-0.9969219913395038,0.9974434981268486,0.839594230464416,-0.015801584899976257,0.8654453414724096,-0.35045329373106326,-0.023632306068152586,0.4191381287891201,1.0,full,4.8,-5.0
expr_pm_mom_2m__q85,expr_pm_mom_2m,alphaforge_primitive,2,0.85,2192,50.268937612713835,-0.4973106238728616,0.7190208382502934,0.8772810218978102,-0.022687528461353103,0.914526692168851,-0.299376608924796,-0.000743089399548702,0.49612658645129387,1.0,train,5.800000000000001,-5.914999999999964
expr_pm_mom_2m__q85,expr_pm_mom_2m,alphaforge_primitive,2,0.85,1187,40.76293505035523,-0.5923706494964477,0.677995955129688,0.8652064026958719,-0.04990485673938051,0.89395405674623,-0.2582576702617462,-0.017749347769509982,0.4042695130086724,1.0,validation,5.800000000000001,-5.914999999999964
expr_pm_mom_2m__q85,expr_pm_mom_2m,alphaforge_primitive,2,0.85,1176,19.20775852079803,-0.8079224147920196,0.8224208157365411,0.8545918367346939,-0.06870088561156608,0.7688929253165498,-0.2819809762583416,-0.028659450125640196,0.34106070713809206,1.0,test,5.800000000000001,-5.914999999999964
expr_pm_mom_2m__q85,expr_pm_mom_2m,alphaforge_primitive,2,0.85,162,76.9882289189153,-0.23011771081084698,0.33325297197989634,0.845679012345679,-0.14204796963632554,0.7492272389785751,-0.20126140982958318,-0.04199233499814259,0.2593619972260749,1.0,latest72h,5.800000000000001,-5.914999999999964
expr_pm_mom_2m__q85,expr_pm_mom_2m,alphaforge_primitive,2,0.85,4555,3.935879928618178,-0.9606412007138182,0.963585053648659,0.8682766190998902,-0.021089817798327446,0.8971770417511068,-0.299376608924796,-0.012264266667762092,0.4355235130263805,1.0,full,5.800000000000001,-5.914999999999964
expr_pm_mom_2m__q90,expr_pm_mom_2m,alphaforge_primitive,2,0.9,1457,78.80564497978263,-0.2119435502021737,0.38816948010689234,0.9039121482498285,-0.014546571736593388,0.9561897716494406,-0.20880476775964962,0.0018033417410956432,0.509807153453107,1.0,train,6.799999999999999,-6.999999999999999
expr_pm_mom_2m__q90,expr_pm_mom_2m,alphaforge_primitive,2,0.9,768,53.08118756917578,-0.4691881243082422,0.5369953414955152,0.8880208333333334,-0.06109220368596857,0.8427069502071023,-0.16280140100458662,-0.012226603876850428,0.4309539693128753,1.0,validation,6.799999999999999,-6.999999999999999
expr_pm_mom_2m__q90,expr_pm_mom_2m,alphaforge_primitive,2,0.9,798,40.45990413750257,-0.5954009586249743,0.6014142630381488,0.8796992481203008,-0.07461164895049711,0.7946446899842076,-0.23519701294289863,-0.013518163873678546,0.39176117411607736,1.0,test,6.799999999999999,-6.999999999999999
expr_pm_mom_2m__q90,expr_pm_mom_2m,alphaforge_primitive,2,0.9,102,76.62443981896298,-0.23375560181037014,0.3384411405917172,0.8529411764705882,-0.22917215863761722,0.5904896867755517,-0.23519701294289863,-0.03673055865561725,0.3828016643550624,1.0,latest72h,6.799999999999999,-6.999999999999999
expr_pm_mom_2m__q90,expr_pm_mom_2m,alphaforge_primitive,2,0.9,3023,16.924771262755563,-0.8307522873724443,0.8438445140441853,0.8934832947403242,-0.02748105482541946,0.901116052491501,-0.23519701294289863,-0.005099993675109382,0.4609618220547272,1.0,full,6.799999999999999,-6.999999999999999
expr_pm_mom_2m__q95,expr_pm_mom_2m,alphaforge_primitive,2,0.95,658,64.95664493057703,-0.35043355069422977,0.4061790318758174,0.9148936170212766,-0.05325737852495937,0.8025475164019841,-0.09931469539737792,-0.0034057116262277143,0.48772045492005933,1.0,train,7.899999999999999,-8.2
expr_pm_mom_2m__q95,expr_pm_mom_2m,alphaforge_primitive,2,0.95,347,81.78664800225755,-0.18213351997742455,0.31664517869826736,0.9164265129682997,-0.052488046103004435,0.8434708246138033,-0.13343960558131607,0.0008266697765557662,0.5016677785190127,0.9941627751834556,validation,7.899999999999999,-8.2
expr_pm_mom_2m__q95,expr_pm_mom_2m,alphaforge_primitive,2,0.95,338,89.77933316648237,-0.10220666833517622,0.24228209240939166,0.9171597633136095,-0.030238659270762035,0.9139554280951735,-0.0922095597064646,0.007771620065053275,0.5315210140093396,1.0,test,7.899999999999999,-8.2
expr_pm_mom_2m__q95,expr_pm_mom_2m,alphaforge_primitive,2,0.95,52,89.6685415439761,-0.10331458456023901,0.1425100824762436,0.8846153846153846,-0.19868189338507522,0.5692163718830434,-0.0922095597064646,-0.0065490781674513165,0.42163661581137307,1.0,latest72h,7.899999999999999,-8.2
expr_pm_mom_2m__q95,expr_pm_mom_2m,alphaforge_primitive,2,0.95,1343,47.69604513044897,-0.5230395486955103,0.5305716938487463,0.9158600148920327,-0.03894561047621093,0.8345670537469201,-0.13343960558131607,0.0009389117230687027,0.5016795018843192,0.9985662788792398,full,7.899999999999999,-8.2
expr_pm_mom_2m_tanh__q70,expr_pm_mom_2m_tanh,alphaforge_unary,2,0.7,4435,0.5430211455175085,-0.9945697885448249,0.9980009908704914,0.7945885005636979,-0.02242547437530598,0.899979129777954,-0.4795439453066819,-0.04794760418829924,0.38371518048458875,1.0,train,0.9959493592219002,-0.9966823978396512
expr_pm_mom_2m_tanh__q70,expr_pm_mom_2m_tanh,alphaforge_unary,2,0.7,2578,5.65749324859315,-0.9434250675140685,0.948986727868405,0.7882079131109387,-0.03659523147843555,0.8770317912555947,-0.5089272794678907,-0.04966396437439924,0.38008672448298864,1.0,validation,0.9959493592219002,-0.9966823978396512
expr_pm_mom_2m_tanh__q70,expr_pm_mom_2m_tanh,alphaforge_unary,2,0.7,2447,3.8346622621951467,-0.9616533773780486,0.9675001879294692,0.7879035553739273,-0.03929927982746415,0.8605788214939594,-0.41461796353934166,-0.0724931022716922,0.30820547031354234,1.0,test,0.9959493592219002,-0.9966823978396512
expr_pm_mom_2m_tanh__q70,expr_pm_mom_2m_tanh,alphaforge_unary,2,0.7,328,55.50881929482486,-0.4449118070517514,0.5492007524772933,0.7774390243902439,-0.13564384361333914,0.8113023159559678,-0.41461796353934166,-0.07607642774187595,0.23994452149791956,1.0,latest72h,0.9959493592219002,-0.9966823978396512
expr_pm_mom_2m_tanh__q70,expr_pm_mom_2m_tanh,alphaforge_unary,2,0.7,9460,0.0011780613434472912,-0.9999882193865656,0.9999929238370443,0.7911205073995772,-0.010570699993515443,0.8998750484832821,-0.5089272794678907,-0.05483518046600516,0.36551695887268554,1.0,full,0.9959493592219002,-0.9966823978396512
expr_pm_mom_2m_tanh__q75,expr_pm_mom_2m_tanh,alphaforge_unary,2,0.75,3739,1.668744184447361,-0.9833125581555264,0.9927003112818286,0.8165284835517518,-0.026298811397580123,0.8959711791980525,-0.4322180426493021,-0.027319619168507836,0.4124773364100874,1.0,train,0.9992179741872876,-0.999329299739067
expr_pm_mom_2m_tanh__q75,expr_pm_mom_2m_tanh,alphaforge_unary,2,0.75,2148,12.212893962462559,-0.8778710603753744,0.9121209002247339,0.8119180633147114,-0.040869229998853535,0.9088393938793298,-0.4914711759863418,-0.028795667690434734,0.4161107404936624,1.0,validation,0.9992179741872876,-0.999329299739067
expr_pm_mom_2m_tanh__q75,expr_pm_mom_2m_tanh,alphaforge_unary,2,0.75,2074,4.005530800902622,-0.9599446919909738,0.9659527522652477,0.8037608486017358,-0.04628470067458896,0.798543550724111,-0.3794422663433884,-0.07144314807399155,0.31337558372248164,1.0,test,0.9992179741872876,-0.999329299739067
expr_pm_mom_2m_tanh__q75,expr_pm_mom_2m_tanh,alphaforge_unary,2,0.75,276,67.08368881543642,-0.32916311184563585,0.4401801960038307,0.8043478260869565,-0.11926199704552079,0.8178042200866134,-0.3656308077465803,-0.04751212864776022,0.31345353675450766,1.0,latest72h,0.9992179741872876,-0.999329299739067
expr_pm_mom_2m_tanh__q75,expr_pm_mom_2m_tanh,alphaforge_unary,2,0.75,7961,0.0081633501905716,-0.9999183664980943,0.9999458696957269,0.811958296696395,-0.01256021060793982,0.8960877543072536,-0.4914711759863418,-0.037048412861147684,0.3907094871374734,1.0,full,0.9992179741872876,-0.999329299739067
expr_pm_mom_2m_tanh__q80,expr_pm_mom_2m_tanh,alphaforge_unary,2,0.8,3014,11.230474896024507,-0.8876952510397549,0.9343091353341899,0.8443928334439283,-0.029452397181146464,0.8527905896143297,-0.33505332319472114,-0.019203878644121097,0.43571781770232404,1.0,train,0.9998645517007604,-0.9999092042625951
expr_pm_mom_2m_tanh__q80,expr_pm_mom_2m_tanh,alphaforge_unary,2,0.8,1688,35.18890054095709,-0.6481109945904291,0.758250012435348,0.841824644549763,-0.038395201101328956,0.9314236513804658,-0.35045329373106326,-0.008166042798341766,0.46847898599066046,1.0,validation,0.9998645517007604,-0.9999092042625951
expr_pm_mom_2m_tanh__q80,expr_pm_mom_2m_tanh,alphaforge_unary,2,0.8,1640,6.36137730593961,-0.9363862269406039,0.9462166969269862,0.824390243902439,-0.05709672115491496,0.740613902578428,-0.304440969004816,-0.058958392301113105,0.3003669112741828,1.0,test,0.9998645517007604,-0.9999092042625951
expr_pm_mom_2m_tanh__q80,expr_pm_mom_2m_tanh,alphaforge_unary,2,0.8,221,78.20241322762715,-0.21797586772372857,0.3303691688858277,0.832579185520362,-0.09863161435462907,0.8344512960578513,-0.1858749459626643,-0.056920955570463616,0.37447988904299584,1.0,latest72h,0.9998645517007604,-0.9999092042625951
expr_pm_mom_2m_tanh__q80,expr_pm_mom_2m_tanh,alphaforge_unary,2,0.8,6342,0.25139403828233475,-0.9974860596171766,0.9978802687397877,0.8385367391989909,-0.01572825701067765,0.8621152537017348,-0.35045329373106326,-0.025025218198505506,0.41192855972472553,1.0,full,0.9998645517007604,-0.9999092042625951
expr_pm_mom_2m_tanh__q85,expr_pm_mom_2m_tanh,alphaforge_unary,2,0.85,2214,52.66497351472186,-0.4733502648527814,0.7060844831044157,0.8771454381210478,-0.021379867427858114,0.9217575313642771,-0.299376608924796,-0.0014328119062531064,0.4943959123125103,1.0,train,0.9999816679925603,-0.9999853990949041
expr_pm_mom_2m_tanh__q85,expr_pm_mom_2m_tanh,alphaforge_unary,2,0.85,1199,41.439945809801365,-0.5856005419019863,0.6726479544841731,0.8648874061718098,-0.04884074577998204,0.8954067442694508,-0.2582576702617462,-0.015593446986598591,0.4107738492328219,1.0,validation,0.9999816679925603,-0.9999853990949041
expr_pm_mom_2m_tanh__q85,expr_pm_mom_2m_tanh,alphaforge_unary,2,0.85,1188,20.3170434953322,-0.796829565046678,0.8121652765136694,0.8552188552188552,-0.06707319571099954,0.7731868632549249,-0.2768522689459012,-0.028984886015301414,0.3527351567711808,1.0,test,0.9999816679925603,-0.9999853990949041
expr_pm_mom_2m_tanh__q85,expr_pm_mom_2m_tanh,alphaforge_unary,2,0.85,165,79.0044805625461,-0.2099551943745389,0.31579147416381664,0.8484848484848485,-0.12724557234820577,0.7751177013694261,-0.19599913205904873,-0.03746869463172908,0.27045769764216365,1.0,latest72h,0.9999816679925603,-0.9999853990949041
expr_pm_mom_2m_tanh__q85,expr_pm_mom_2m_tanh,alphaforge_unary,2,0.85,4601,4.434059936275291,-0.9556594006372471,0.9598042840721756,0.8682895022821125,-0.020770688994506483,0.9021355704668605,-0.299376608924796,-0.011181478722823157,0.43912829755857774,1.0,full,0.9999816679925603,-0.9999853990949041
expr_pm_mom_2m_tanh__q90,expr_pm_mom_2m_tanh,alphaforge_unary,2,0.9,1457,78.80564497978263,-0.2119435502021737,0.38816948010689234,0.9039121482498285,-0.014546571736593388,0.9561897716494406,-0.20880476775964962,0.0018033417410956432,0.509807153453107,1.0,train,0.9999975190129178,-0.9999983369439447
expr_pm_mom_2m_tanh__q90,expr_pm_mom_2m_tanh,alphaforge_unary,2,0.9,768,53.08118756917578,-0.4691881243082422,0.5369953414955152,0.8880208333333334,-0.06109220368596857,0.8427069502071023,-0.16280140100458662,-0.012226603876850428,0.4309539693128753,1.0,validation,0.9999975190129178,-0.9999983369439447
expr_pm_mom_2m_tanh__q90,expr_pm_mom_2m_tanh,alphaforge_unary,2,0.9,798,40.45990413750257,-0.5954009586249743,0.6014142630381488,0.8796992481203008,-0.07461164895049711,0.7946446899842076,-0.23519701294289863,-0.013518163873678546,0.39176117411607736,1.0,test,0.9999975190129178,-0.9999983369439447
expr_pm_mom_2m_tanh__q90,expr_pm_mom_2m_tanh,alphaforge_unary,2,0.9,102,76.62443981896298,-0.23375560181037014,0.3384411405917172,0.8529411764705882,-0.22917215863761722,0.5904896867755517,-0.23519701294289863,-0.03673055865561725,0.3828016643550624,1.0,latest72h,0.9999975190129178,-0.9999983369439447
expr_pm_mom_2m_tanh__q90,expr_pm_mom_2m_tanh,alphaforge_unary,2,0.9,3023,16.924771262755563,-0.8307522873724443,0.8438445140441853,0.8934832947403242,-0.02748105482541946,0.901116052491501,-0.23519701294289863,-0.005099993675109382,0.4609618220547272,1.0,full,0.9999975190129178,-0.9999983369439447
expr_pm_mom_2m_tanh__q95,expr_pm_mom_2m_tanh,alphaforge_unary,2,0.95,658,64.95664493057703,-0.35043355069422977,0.4061790318758174,0.9148936170212766,-0.05325737852495937,0.8025475164019841,-0.09931469539737792,-0.0034057116262277143,0.48772045492005933,1.0,train,0.9999997250984922,-0.9999998491308444
expr_pm_mom_2m_tanh__q95,expr_pm_mom_2m_tanh,alphaforge_unary,2,0.95,349,82.91351680952228,-0.1708648319047772,0.31664517869826736,0.9169054441260746,-0.048958404557243033,0.853369323583108,-0.13343960558131607,0.0008266697765557662,0.5016677785190127,0.9941627751834556,validation,0.9999997250984922,-0.9999998491308444
expr_pm_mom_2m_tanh__q95,expr_pm_mom_2m_tanh,alphaforge_unary,2,0.95,338,89.77933316648237,-0.10220666833517622,0.24228209240939166,0.9171597633136095,-0.030238659270762035,0.9139554280951735,-0.0922095597064646,0.007771620065053275,0.5315210140093396,1.0,test,0.9999997250984922,-0.9999998491308444
expr_pm_mom_2m_tanh__q95,expr_pm_mom_2m_tanh,alphaforge_unary,2,0.95,52,89.6685415439761,-0.10331458456023901,0.1425100824762436,0.8846153846153846,-0.19868189338507522,0.5692163718830434,-0.0922095597064646,-0.0065490781674513165,0.42163661581137307,1.0,latest72h,0.9999997250984922,-0.9999998491308444
expr_pm_mom_2m_tanh__q95,expr_pm_mom_2m_tanh,alphaforge_unary,2,0.95,1345,48.35320845478421,-0.5164679154521579,0.5241038396406312,0.9159851301115242,-0.03839910152060679,0.8371502576388504,-0.13343960558131607,0.0009389117230687027,0.5016795018843192,0.9985662788792398,full,0.9999997250984922,-0.9999998491308444
expr_pm_mom_2m_signed_log__q70,expr_pm_mom_2m_signed_log,alphaforge_unary,2,0.7,4403,0.45908561633869976,-0.995409143836613,0.9982805888313218,0.7946854417442653,-0.022607520868421736,0.9009499250702813,-0.4884406300022943,-0.04569495133406576,0.37769902752596013,1.0,train,1.4109869737102623,-1.4350845252893227
expr_pm_mom_2m_signed_log__q70,expr_pm_mom_2m_signed_log,alphaforge_unary,2,0.7,2559,8.109887827817811,-0.9189011217218219,0.9298410819609626,0.7913247362250879,-0.03590860186486208,0.8897742031410989,-0.5089272794678907,-0.03494922979544468,0.40643762508338893,1.0,validation,1.4109869737102623,-1.4350845252893227
expr_pm_mom_2m_signed_log__q70,expr_pm_mom_2m_signed_log,alphaforge_unary,2,0.7,2431,4.695697862385633,-0.9530430213761437,0.9590316583000179,0.7897984368572604,-0.03920374419482281,0.8719497676272011,-0.41461796353934166,-0.06469639193710458,0.3165443629086057,1.0,test,1.4109869737102623,-1.4350845252893227
expr_pm_mom_2m_signed_log__q70,expr_pm_mom_2m_signed_log,alphaforge_unary,2,0.7,326,53.922184732391145,-0.46077815267608857,0.5492007524772933,0.7760736196319018,-0.1413429916184323,0.8038503068876518,-0.41461796353934166,-0.07896952252892353,0.21359223300970873,1.0,latest72h,1.4109869737102623,-1.4350845252893227
expr_pm_mom_2m_signed_log__q70,expr_pm_mom_2m_signed_log,alphaforge_unary,2,0.7,9393,0.001748270697391066,-0.9999825172930261,0.9999891898154438,0.7925050569573087,-0.010646039788065817,0.9008995736889424,-0.5089272794678907,-0.048964720884048685,0.3711289529739472,1.0,full,1.4109869737102623,-1.4350845252893227
expr_pm_mom_2m_signed_log__q75,expr_pm_mom_2m_signed_log,alphaforge_unary,2,0.75,3746,1.5611231893034472,-0.9843887681069655,0.9931710843166726,0.8160704751735184,-0.02627839744012175,0.8919470412698012,-0.4322180426493021,-0.02838263751283321,0.40860392286138125,1.0,train,1.5892352051165808,-1.6094379124341003
expr_pm_mom_2m_signed_log__q75,expr_pm_mom_2m_signed_log,alphaforge_unary,2,0.75,2152,12.410036377168234,-0.8758996362283177,0.911892977702273,0.8118029739776952,-0.04070165595856502,0.909071766898931,-0.4914711759863418,-0.028286434933532778,0.4187791861240827,1.0,validation,1.5892352051165808,-1.6094379124341003
expr_pm_mom_2m_signed_log__q75,expr_pm_mom_2m_signed_log,alphaforge_unary,2,0.75,2074,4.005530800902622,-0.9599446919909738,0.9659527522652477,0.8037608486017358,-0.04628470067458896,0.798543550724111,-0.3794422663433884,-0.07144314807399155,0.31337558372248164,1.0,test,1.5892352051165808,-1.6094379124341003
expr_pm_mom_2m_signed_log__q75,expr_pm_mom_2m_signed_log,alphaforge_unary,2,0.75,276,67.08368881543642,-0.32916311184563585,0.4401801960038307,0.8043478260869565,-0.11926199704552079,0.8178042200866134,-0.3656308077465803,-0.04751212864776022,0.31345353675450766,1.0,latest72h,1.5892352051165808,-1.6094379124341003
expr_pm_mom_2m_signed_log__q75,expr_pm_mom_2m_signed_log,alphaforge_unary,2,0.75,7972,0.0077601533773843925,-0.9999223984662261,0.9999485432507835,0.8117160060210737,-0.012542930236656065,0.8921318307545194,-0.4914711759863418,-0.03671103336953818,0.3894396198590857,1.0,full,1.5892352051165808,-1.6094379124341003
expr_pm_mom_2m_signed_log__q80,expr_pm_mom_2m_signed_log,alphaforge_unary,2,0.8,3003,12.341711657775132,-0.8765828834222487,0.9296473132976374,0.8454878454878455,-0.02919023920820005,0.856654872654787,-0.33505332319472114,-0.016750307098604034,0.4437942970166474,1.0,train,1.7578579175523736,-1.791759469228055
expr_pm_mom_2m_signed_log__q80,expr_pm_mom_2m_signed_log,alphaforge_unary,2,0.8,1684,32.91958487014211,-0.670804151298579,0.7738403556050999,0.8414489311163895,-0.03983397573031981,0.9272759831782799,-0.35045329373106326,-0.010639244656046487,0.4656437625083389,1.0,validation,1.7578579175523736,-1.791759469228055
expr_pm_mom_2m_signed_log__q80,expr_pm_mom_2m_signed_log,alphaforge_unary,2,0.8,1635,6.969989405322846,-0.9303001059467715,0.9410710865629431,0.8256880733944955,-0.05689908904873232,0.7527936266162655,-0.304440969004816,-0.05425608067089399,0.3140426951300867,1.0,test,1.7578579175523736,-1.791759469228055
expr_pm_mom_2m_signed_log__q80,expr_pm_mom_2m_signed_log,alphaforge_unary,2,0.8,221,78.20241322762715,-0.21797586772372857,0.3303691688858277,0.832579185520362,-0.09863161435462907,0.8344512960578513,-0.1858749459626643,-0.056920955570463616,0.37447988904299584,1.0,latest72h,1.7578579175523736,-1.791759469228055
expr_pm_mom_2m_signed_log__q80,expr_pm_mom_2m_signed_log,alphaforge_unary,2,0.8,6322,0.2831795345347742,-0.9971682046546523,0.997673054945885,0.8392913634925656,-0.015772986470336155,0.8653654741572339,-0.35045329373106326,-0.023920166500012163,0.41860560380140915,1.0,full,1.7578579175523736,-1.791759469228055
expr_pm_mom_2m_signed_log__q85,expr_pm_mom_2m_signed_log,alphaforge_unary,2,0.85,2195,51.71602888345532,-0.48283971116544677,0.7190208382502934,0.8774487471526196,-0.021997253356056717,0.9176379505210036,-0.299376608924796,-0.0007172888293213164,0.49645623866820504,1.0,train,1.916922612182061,-1.9315214116032138
expr_pm_mom_2m_signed_log__q85,expr_pm_mom_2m_signed_log,alphaforge_unary,2,0.85,1190,37.9089697514566,-0.620910302485434,0.7005406607312258,0.8638655462184874,-0.0521773363433137,0.885136673008859,-0.2582576702617462,-0.02106931796131062,0.38108739159439625,1.0,validation,1.916922612182061,-1.9315214116032138
expr_pm_mom_2m_signed_log__q85,expr_pm_mom_2m_signed_log,alphaforge_unary,2,0.85,1176,19.20775852079803,-0.8079224147920196,0.8224208157365411,0.8545918367346939,-0.06870088561156608,0.7688929253165498,-0.2819809762583416,-0.028659450125640196,0.34106070713809206,1.0,test,1.916922612182061,-1.9315214116032138
expr_pm_mom_2m_signed_log__q85,expr_pm_mom_2m_signed_log,alphaforge_unary,2,0.85,162,76.9882289189153,-0.23011771081084698,0.33325297197989634,0.845679012345679,-0.14204796963632554,0.7492272389785751,-0.20126140982958318,-0.04199233499814259,0.2593619972260749,1.0,latest72h,1.916922612182061,-1.9315214116032138
expr_pm_mom_2m_signed_log__q85,expr_pm_mom_2m_signed_log,alphaforge_unary,2,0.85,4561,3.765683698317015,-0.9623431630168299,0.965159717182105,0.8680114010085508,-0.021099389673686197,0.8970024249216115,-0.299376608924796,-0.012975397119407317,0.4299934458463051,1.0,full,1.916922612182061,-1.9315214116032138
expr_pm_mom_2m_signed_log__q90,expr_pm_mom_2m_signed_log,alphaforge_unary,2,0.9,1457,78.80564497978263,-0.2119435502021737,0.38816948010689234,0.9039121482498285,-0.014546571736593388,0.9561897716494406,-0.20880476775964962,0.0018033417410956432,0.509807153453107,1.0,train,2.054123733695546,-2.0794415416798357
expr_pm_mom_2m_signed_log__q90,expr_pm_mom_2m_signed_log,alphaforge_unary,2,0.9,768,53.08118756917578,-0.4691881243082422,0.5369953414955152,0.8880208333333334,-0.06109220368596857,0.8427069502071023,-0.16280140100458662,-0.012226603876850428,0.4309539693128753,1.0,validation,2.054123733695546,-2.0794415416798357
expr_pm_mom_2m_signed_log__q90,expr_pm_mom_2m_signed_log,alphaforge_unary,2,0.9,798,40.45990413750257,-0.5954009586249743,0.6014142630381488,0.8796992481203008,-0.07461164895049711,0.7946446899842076,-0.23519701294289863,-0.013518163873678546,0.39176117411607736,1.0,test,2.054123733695546,-2.0794415416798357
expr_pm_mom_2m_signed_log__q90,expr_pm_mom_2m_signed_log,alphaforge_unary,2,0.9,102,76.62443981896298,-0.23375560181037014,0.3384411405917172,0.8529411764705882,-0.22917215863761722,0.5904896867755517,-0.23519701294289863,-0.03673055865561725,0.3828016643550624,1.0,latest72h,2.054123733695546,-2.0794415416798357
expr_pm_mom_2m_signed_log__q90,expr_pm_mom_2m_signed_log,alphaforge_unary,2,0.9,3023,16.924771262755563,-0.8307522873724443,0.8438445140441853,0.8934832947403242,-0.02748105482541946,0.901116052491501,-0.23519701294289863,-0.005099993675109382,0.4609618220547272,1.0,full,2.054123733695546,-2.0794415416798357
expr_pm_mom_2m_signed_log__q95,expr_pm_mom_2m_signed_log,alphaforge_unary,2,0.95,704,73.28850884612334,-0.26711491153876665,0.33813707025474343,0.9190340909090909,-0.03794245902539336,0.8621133365004617,-0.09739834368545752,-0.0019384614235917752,0.49052249876380416,1.0,train,2.174751721484161,-2.2192034840549946
expr_pm_mom_2m_signed_log__q95,expr_pm_mom_2m_signed_log,alphaforge_unary,2,0.95,374,63.76894161140619,-0.36231058388593806,0.40703756791710766,0.9010695187165776,-0.09687448767003715,0.7226609596639061,-0.13614334247416493,-0.010920871388095055,0.4226150767178119,0.9941627751834556,validation,2.174751721484161,-2.2192034840549946
expr_pm_mom_2m_signed_log__q95,expr_pm_mom_2m_signed_log,alphaforge_unary,2,0.95,373,82.94747254190585,-0.17052527458094147,0.27587831433449744,0.9115281501340483,-0.04571723179113682,0.8696060913663937,-0.09474640148440716,-0.004410058238167092,0.46781187458305534,1.0,test,2.174751721484161,-2.2192034840549946
expr_pm_mom_2m_signed_log__q95,expr_pm_mom_2m_signed_log,alphaforge_unary,2,0.95,53,90.07154622507262,-0.09928453774927382,0.13865619520647385,0.8867924528301887,-0.18732931650806398,0.5866102988314171,-0.08812960267143743,-0.0065490781674513165,0.42163661581137307,1.0,latest72h,2.174751721484161,-2.2192034840549946
expr_pm_mom_2m_signed_log__q95,expr_pm_mom_2m_signed_log,alphaforge_unary,2,0.95,1451,38.76575545509071,-0.6123424454490929,0.6184643219330653,0.912474155754652,-0.04220140905920726,0.8253356681469918,-0.13614334247416493,-0.005371733501929543,0.46800753727674915,0.9985662788792398,full,2.174751721484161,-2.2192034840549946
expr_pm_mom_2m_rollz60__q70,expr_pm_mom_2m_rollz60,alphaforge_unary,2,0.7,4317,0.7496774203187117,-0.9925032257968129,0.9966876711217744,0.7961547370859393,-0.022990577387000437,0.9032477669686395,-0.45114551382388945,-0.04561114385081866,0.38050107136970496,1.0,train,0.6468337236604323,-0.6522768904935056
expr_pm_mom_2m_rollz60__q70,expr_pm_mom_2m_rollz60,alphaforge_unary,2,0.7,2527,9.166035877208465,-0.9083396412279153,0.9168124679837268,0.7910565888405223,-0.035945375592715344,0.9046944940694818,-0.38397061262099474,-0.045687376824692205,0.38258839226150765,1.0,validation,0.6468337236604323,-0.6522768904935056
expr_pm_mom_2m_rollz60__q70,expr_pm_mom_2m_rollz60,alphaforge_unary,2,0.7,2409,4.68030234029303,-0.9531969765970697,0.9584068869687908,0.7891241178912412,-0.039568160091202564,0.8833364685595905,-0.39333543442873975,-0.06976109425671334,0.2911941294196131,1.0,test,0.6468337236604323,-0.6522768904935056
expr_pm_mom_2m_rollz60__q70,expr_pm_mom_2m_rollz60,alphaforge_unary,2,0.7,328,46.65904927043146,-0.5334095072956855,0.5545001364325255,0.7682926829268293,-0.16262484978527045,0.7677370727124699,-0.39333543442873975,-0.07117656772709047,0.18723994452149792,1.0,latest72h,0.6468337236604323,-0.6522768904935056
expr_pm_mom_2m_rollz60__q70,expr_pm_mom_2m_rollz60,alphaforge_unary,2,0.7,9253,0.0032161025765487135,-0.9999678389742345,0.9999753529459289,0.7929320220469037,-0.010806958164640987,0.9032469522046276,-0.45114551382388945,-0.05346637703548035,0.359126659020154,1.0,full,0.6468337236604323,-0.6522768904935056
expr_pm_mom_2m_rollz60__q75,expr_pm_mom_2m_rollz60,alphaforge_unary,2,0.75,3626,2.5375185017990303,-0.9746248149820097,0.9857728854653829,0.8185328185328186,-0.026878786954826452,0.8864031139568047,-0.44224208469785986,-0.030165678300109078,0.4120652711389484,1.0,train,0.8117573746140977,-0.823966358468743
expr_pm_mom_2m_rollz60__q75,expr_pm_mom_2m_rollz60,alphaforge_unary,2,0.75,2095,11.997148359735228,-0.8800285164026478,0.9021420236965487,0.8105011933174224,-0.04200613443449394,0.8788633669827596,-0.36908378814019516,-0.04085817082772836,0.3724149432955304,1.0,validation,0.8117573746140977,-0.823966358468743
expr_pm_mom_2m_rollz60__q75,expr_pm_mom_2m_rollz60,alphaforge_unary,2,0.75,2007,7.1485449802984435,-0.9285145501970156,0.9402125529038374,0.8091679123069258,-0.046263804195167714,0.842430993942653,-0.3740428278055553,-0.06242897079209431,0.3283855903935957,1.0,test,0.8117573746140977,-0.823966358468743
expr_pm_mom_2m_rollz60__q75,expr_pm_mom_2m_rollz60,alphaforge_unary,2,0.75,282,53.52830817281722,-0.4647169182718278,0.5593374165966751,0.7872340425531915,-0.16479323342972668,0.7416640990934923,-0.3740428278055553,-0.07795318659754424,0.19694868238557559,1.0,latest72h,0.8117573746140977,-0.823966358468743
expr_pm_mom_2m_rollz60__q75,expr_pm_mom_2m_rollz60,alphaforge_unary,2,0.75,7728,0.021762305426703668,-0.9997823769457329,0.9998375567463617,0.8139233954451346,-0.012937142558821562,0.8861550213301144,-0.44224208469785986,-0.04075929279088497,0.3820252334917254,1.0,full,0.8117573746140977,-0.823966358468743
expr_pm_mom_2m_rollz60__q80,expr_pm_mom_2m_rollz60,alphaforge_unary,2,0.8,2893,20.83112416202264,-0.7916887583797736,0.8908950489198498,0.8468717594192879,-0.027365667417205974,0.9112390466515118,-0.30815813906009115,-0.011686091290469824,0.45088181968023733,1.0,train,0.9977065374663001,-1.0022114826406847
expr_pm_mom_2m_rollz60__q80,expr_pm_mom_2m_rollz60,alphaforge_unary,2,0.8,1636,26.632982001808337,-0.7336701799819166,0.792400124045568,0.8361858190709046,-0.04484536552456712,0.9097693682048863,-0.3404040013402837,-0.028092855974911957,0.40376917945296864,1.0,validation,0.9977065374663001,-1.0022114826406847
expr_pm_mom_2m_rollz60__q80,expr_pm_mom_2m_rollz60,alphaforge_unary,2,0.8,1589,6.545974676766727,-0.9345402532323327,0.9456187381918822,0.8231592196349906,-0.058813105930291446,0.7960409675400854,-0.338858905582448,-0.06192765827676694,0.30503669112741827,1.0,test,0.9977065374663001,-1.0022114826406847
expr_pm_mom_2m_rollz60__q80,expr_pm_mom_2m_rollz60,alphaforge_unary,2,0.8,222,59.23206860741844,-0.4076793139258156,0.5110384211305924,0.8063063063063063,-0.18363933059721485,0.6990808118573398,-0.338858905582448,-0.09258890391214591,0.23717059639389737,1.0,latest72h,0.9977065374663001,-1.0022114826406847
expr_pm_mom_2m_rollz60__q80,expr_pm_mom_2m_rollz60,alphaforge_unary,2,0.8,6118,0.3631673725472445,-0.9963683262745275,0.9977561617667506,0.8378555083360575,-0.016285850380426993,0.9083152851953198,-0.3404040013402837,-0.02816056912830417,0.40324430607897754,1.0,full,0.9977065374663001,-1.0022114826406847
expr_pm_mom_2m_rollz60__q85,expr_pm_mom_2m_rollz60,alphaforge_unary,2,0.85,2143,63.27141040365775,-0.36728589596342254,0.7771807910688778,0.8749416705552963,-0.01713886588723361,0.9486327378277694,-0.26565379628540675,0.004250374567663862,0.5173891544420636,1.0,train,1.1859313039361714,-1.1726951142086492
expr_pm_mom_2m_rollz60__q85,expr_pm_mom_2m_rollz60,alphaforge_unary,2,0.85,1209,41.14833278060348,-0.5885166721939652,0.6292211138683391,0.858560794044665,-0.04867797123192434,0.8969543014179846,-0.26146535027257023,-0.011282090050413474,0.44362908605737156,1.0,validation,1.1859313039361714,-1.1726951142086492
expr_pm_mom_2m_rollz60__q85,expr_pm_mom_2m_rollz60,alphaforge_unary,2,0.85,1198,21.755727661907425,-0.7824427233809257,0.7960181981647445,0.8514190317195326,-0.06531241430558626,0.8002113897389892,-0.24296866605602385,-0.027958861606957597,0.3564042695130087,1.0,test,1.1859313039361714,-1.1726951142086492
expr_pm_mom_2m_rollz60__q85,expr_pm_mom_2m_rollz60,alphaforge_unary,2,0.85,172,69.86883740758446,-0.3013116259241554,0.3764512661595241,0.8313953488372093,-0.17518117786288115,0.7068896875059659,-0.2282863106075793,-0.05652839615651717,0.29819694868238555,1.0,latest72h,1.1859313039361714,-1.1726951142086492
expr_pm_mom_2m_rollz60__q85,expr_pm_mom_2m_rollz60,alphaforge_unary,2,0.85,4550,5.664132089716207,-0.9433586791028379,0.9618201897519377,0.8643956043956044,-0.020733157782479802,0.9199416656867231,-0.26565379628540675,-0.008822136143724235,0.4580534163526135,1.0,full,1.1859313039361714,-1.1726951142086492
expr_pm_mom_2m_rollz60__q90,expr_pm_mom_2m_rollz60,alphaforge_unary,2,0.9,1411,77.3509063359372,-0.22649093664062803,0.3582790194371291,0.8958185683912119,-0.016051802738527753,0.9579451480896876,-0.21011150307031312,0.002975065277768918,0.5247239162683369,1.0,train,1.3978009252368802,-1.3916599526965123
expr_pm_mom_2m_rollz60__q90,expr_pm_mom_2m_rollz60,alphaforge_unary,2,0.9,751,48.38124549751042,-0.5161875450248958,0.6414379228540967,0.8761651131824234,-0.06873336152129073,0.8562261026133499,-0.2713124789356026,-0.0035404456489991354,0.48432288192128087,1.0,validation,1.3978009252368802,-1.3916599526965123
expr_pm_mom_2m_rollz60__q90,expr_pm_mom_2m_rollz60,alphaforge_unary,2,0.9,746,62.750333806346816,-0.37249666193653186,0.41475663913679617,0.8847184986595175,-0.04993252840972238,0.8603920186555626,-0.17792680260835625,-0.006455523618740577,0.461974649766511,1.0,test,1.3978009252368802,-1.3916599526965123
expr_pm_mom_2m_rollz60__q90,expr_pm_mom_2m_rollz60,alphaforge_unary,2,0.9,102,101.96363003914573,0.01963630039145725,0.1321313416703362,0.9019607843137255,0.019251274893584882,1.0443993884597587,-0.11835026923365433,0.01466953593478304,0.6227461858529819,1.0,latest72h,1.3978009252368802,-1.3916599526965123
expr_pm_mom_2m_rollz60__q90,expr_pm_mom_2m_rollz60,alphaforge_unary,2,0.9,2908,23.48326568176633,-0.7651673431823367,0.8007917790159086,0.8878954607977991,-0.02631249460737045,0.916477675974499,-0.2713124789356026,-0.00014720442992188776,0.49909880386695066,1.0,full,1.3978009252368802,-1.3916599526965123
expr_pm_mom_2m_rollz60__q95,expr_pm_mom_2m_rollz60,alphaforge_unary,2,0.95,631,70.99672076796796,-0.2900327923203204,0.36620368818938376,0.901743264659271,-0.0459639924437906,0.8716426638556579,-0.11464182097605946,0.005834244318505544,0.5494478325366738,0.9956321081259272,train,1.6405340505079764,-1.6314017941324277
expr_pm_mom_2m_rollz60__q95,expr_pm_mom_2m_rollz60,alphaforge_unary,2,0.95,347,66.06675882995063,-0.33933241170049366,0.40933528217689624,0.8904899135446686,-0.09779032037478241,0.7577414967034127,-0.10712086735129933,-0.008760204171878394,0.42778519012675115,1.0,validation,1.6405340505079764,-1.6314017941324277
expr_pm_mom_2m_rollz60__q95,expr_pm_mom_2m_rollz60,alphaforge_unary,2,0.95,341,103.16160804244016,0.03161608042440167,0.22293724120070285,0.9149560117302052,0.009271577837068109,1.023611033700754,-0.10125692544411546,0.013622594633273533,0.609072715143429,1.0,test,1.6405340505079764,-1.6314017941324277
expr_pm_mom_2m_rollz60__q95,expr_pm_mom_2m_rollz60,alphaforge_unary,2,0.95,50,92.95853339161356,-0.07041466608386449,0.16230609876650756,0.88,-0.14082933216772972,0.7204585319761263,-0.09183422508137706,-0.020308710137549757,0.42163661581137307,1.0,latest72h,1.6405340505079764,-1.6314017941324277
expr_pm_mom_2m_rollz60__q95,expr_pm_mom_2m_rollz60,alphaforge_unary,2,0.95,1319,48.38819188325602,-0.5161180811674397,0.5927141759290308,0.9021986353297953,-0.03912949819313391,0.8670520383568711,-0.11464182097605946,0.0046052207200721895,0.5331804030804522,0.997828936588563,full,1.6405340505079764,-1.6314017941324277
expr_prior_up_2m__q70,expr_prior_up_2m,alphaforge_primitive,2,0.7,4393,0.7434324391148317,-0.9925656756088517,0.9954766982388586,0.8015023901661734,-0.022594256216909844,0.8721199263736408,-0.4963546971457138,-0.04614665742241997,0.36138124278885775,1.0,train,0.16500000000000004,-0.16499999999999998
expr_prior_up_2m__q70,expr_prior_up_2m,alphaforge_primitive,2,0.7,2576,3.7585673122994248,-0.9624143268770058,0.9684100427810564,0.7892080745341615,-0.03736080461479053,0.8851524648399992,-0.4664733852641667,-0.0635552158576671,0.3297198132088059,1.0,validation,0.16500000000000004,-0.16499999999999998
expr_prior_up_2m__q70,expr_prior_up_2m,alphaforge_primitive,2,0.7,2434,2.505079764548556,-0.9749492023545144,0.9784638939365922,0.7892358258011504,-0.04005543148539504,0.8441012011692904,-0.37340170090235303,-0.08580945892351066,0.2940293529019346,1.0,test,0.16500000000000004,-0.16499999999999998
expr_prior_up_2m__q70,expr_prior_up_2m,alphaforge_primitive,2,0.7,319,58.707667847648246,-0.4129233215235175,0.5098386326595932,0.786833855799373,-0.1294430474995358,0.8005557508593334,-0.3698862272083848,-0.07114100507220855,0.29680998613037446,1.0,latest72h,0.16500000000000004,-0.16499999999999998
expr_prior_up_2m__q70,expr_prior_up_2m,alphaforge_primitive,2,0.7,9403,0.0006999796247084023,-0.9999930002037529,0.9999943672849577,0.7949590556205466,-0.01063482931196161,0.8722174193561164,-0.4963546971457138,-0.059102365505089516,0.3386858921841717,1.0,full,0.16500000000000004,-0.16499999999999998
expr_prior_up_2m__q75,expr_prior_up_2m,alphaforge_primitive,2,0.75,3692,8.053808468766425,-0.9194619153123358,0.9557035614709263,0.8309859154929577,-0.024904168887116215,0.8880599927757398,-0.400470031998965,-0.010007337044020348,0.47164990934564033,1.0,train,0.20499999999999996,-0.21500000000000002
expr_prior_up_2m__q75,expr_prior_up_2m,alphaforge_primitive,2,0.75,2116,12.163630012283488,-0.8783636998771651,0.9168769943914276,0.8171077504725898,-0.041510571827843415,0.9087867914486697,-0.4275360896407969,-0.029475922844480196,0.3972648432288192,1.0,validation,0.20499999999999996,-0.21500000000000002
expr_prior_up_2m__q75,expr_prior_up_2m,alphaforge_primitive,2,0.75,2041,4.545854391510294,-0.954541456084897,0.9584349955012662,0.8103870651641353,-0.04676832219916205,0.7864398839739932,-0.3696531866011996,-0.06224167102255407,0.3005336891260841,1.0,test,0.20499999999999996,-0.21500000000000002
expr_prior_up_2m__q75,expr_prior_up_2m,alphaforge_primitive,2,0.75,265,66.64728575321666,-0.3335271424678333,0.40495077771418675,0.8113207547169812,-0.1258592990444657,0.8016834302910746,-0.3021199590178375,-0.06401332005163451,0.2260748959778086,1.0,latest72h,0.20499999999999996,-0.21500000000000002
expr_prior_up_2m__q75,expr_prior_up_2m,alphaforge_primitive,2,0.75,7849,0.044532801762795275,-0.999554671982372,0.999613242878253,0.8218881386163842,-0.012734802802680176,0.8893469509979804,-0.4275360896407969,-0.02720175179773021,0.4105358020645584,1.0,full,0.20499999999999996,-0.21500000000000002
expr_prior_up_2m__q80,expr_prior_up_2m,alphaforge_primitive,2,0.8,2966,17.58770154629922,-0.8241229845370078,0.882393419429339,0.8560350640593392,-0.02778567041594776,0.8866251812329188,-0.32275078729103956,-0.0016673441603494155,0.4939014339871436,1.0,train,0.255,-0.255
expr_prior_up_2m__q80,expr_prior_up_2m,alphaforge_primitive,2,0.8,1689,14.638932543727929,-0.8536106745627208,0.8872421557377168,0.8365896980461812,-0.050539412348296585,0.8449708227446465,-0.3833275868932805,-0.027403603472497373,0.4267845230153436,1.0,validation,0.255,-0.255
expr_prior_up_2m__q80,expr_prior_up_2m,alphaforge_primitive,2,0.8,1633,17.518493238034246,-0.8248150676196575,0.8548439189668444,0.840783833435395,-0.05050918968889533,0.8372878650905939,-0.2967349337162877,-0.03530139835857149,0.3827551701134089,1.0,test,0.255,-0.255
expr_prior_up_2m__q80,expr_prior_up_2m,alphaforge_primitive,2,0.8,221,82.41122488982566,-0.17588775110174337,0.33940452272597055,0.8416289592760181,-0.07958721769309798,0.865534953206331,-0.24556110874157955,-0.0386052342945149,0.39389736477115117,1.0,latest72h,0.255,-0.255
expr_prior_up_2m__q80,expr_prior_up_2m,alphaforge_primitive,2,0.8,6288,0.4510401954166331,-0.9954895980458337,0.9961146057986917,0.8468511450381679,-0.015831577577064847,0.8810351080640189,-0.3833275868932805,-0.014044345769987587,0.45104866459118464,1.0,full,0.255,-0.255
expr_prior_up_2m__q85,expr_prior_up_2m,alphaforge_primitive,2,0.85,2282,36.11880034098994,-0.6388119965901006,0.7465729256935888,0.880806310254163,-0.027993514311572928,0.8853354289782477,-0.29795412831193013,-0.0025622908249406384,0.48425910664249217,1.0,train,0.29500000000000004,-0.305
expr_prior_up_2m__q85,expr_prior_up_2m,alphaforge_primitive,2,0.85,1219,26.568470099111813,-0.7343152990088819,0.7613566788205468,0.8630024610336341,-0.06023915496381298,0.8216439505596626,-0.23465563078665874,-0.02427827162868912,0.3830887258172115,1.0,validation,0.29500000000000004,-0.305
expr_prior_up_2m__q85,expr_prior_up_2m,alphaforge_primitive,2,0.85,1209,24.10065004486765,-0.7589934995513234,0.7714055284786971,0.8626964433416047,-0.06277861865602288,0.8000532559125287,-0.2523210832367402,-0.02051604329699308,0.3989326217478319,1.0,test,0.29500000000000004,-0.305
expr_prior_up_2m__q85,expr_prior_up_2m,alphaforge_primitive,2,0.85,158,78.22971171757325,-0.21770288282426753,0.3172668176000996,0.8544303797468354,-0.13778663469890323,0.7545553324995308,-0.16589510733517954,-0.05493680430822778,0.31345353675450766,1.0,latest72h,0.29500000000000004,-0.305
expr_prior_up_2m__q85,expr_prior_up_2m,alphaforge_primitive,2,0.85,4710,2.3127496328576136,-0.9768725036714239,0.9790282947238639,0.8715498938428875,-0.02074039285926573,0.8683897514766334,-0.29795412831193013,-0.011679081133208702,0.43777650335900375,1.0,full,0.29500000000000004,-0.305
expr_prior_up_2m__q90,expr_prior_up_2m,alphaforge_primitive,2,0.9,1461,48.12503848591396,-0.5187496151408604,0.6322327182069301,0.9069130732375086,-0.03550647605344646,0.8717382118142453,-0.17654187138800104,-0.003914888583188669,0.4735454095928795,1.0,train,0.35,-0.355
expr_prior_up_2m__q90,expr_prior_up_2m,alphaforge_primitive,2,0.9,715,38.84953514599137,-0.6115046485400863,0.636711955794222,0.8895104895104895,-0.08552512566994169,0.7078448800282017,-0.17225153226230328,-0.017098162998736233,0.34272848565710473,1.0,validation,0.35,-0.355
expr_prior_up_2m__q90,expr_prior_up_2m,alphaforge_primitive,2,0.9,777,47.96375122059404,-0.5203624877940596,0.5518769359244587,0.8931788931788932,-0.06697071914981338,0.80168013050735,-0.19603331917270894,-0.014102376442203024,0.4081054036024016,1.0,test,0.35,-0.355
expr_prior_up_2m__q90,expr_prior_up_2m,alphaforge_primitive,2,0.9,96,82.79926349100667,-0.1720073650899333,0.25407773948584256,0.875,-0.17917433863534624,0.6235951103895497,-0.13713270283599865,-0.044872875832393855,0.2552011095700416,1.0,latest72h,0.35,-0.355
expr_prior_up_2m__q90,expr_prior_up_2m,alphaforge_primitive,2,0.9,2953,8.96747259546697,-0.9103252740453303,0.9289759436797623,0.8990856755841518,-0.030827134237904466,0.8357501786383656,-0.19603331917270894,-0.009889686171624112,0.42266098640013106,1.0,full,0.35,-0.355
expr_prior_up_2m__q95,expr_prior_up_2m,alphaforge_primitive,2,0.95,660,86.22046749515917,-0.1377953250484083,0.19696393086505393,0.9393939393939394,-0.020878079552790228,0.9127543681734839,-0.09188088464619126,0.009934932650461192,0.6000494478325367,1.0,train,0.405,-0.415
expr_prior_up_2m__q95,expr_prior_up_2m,alphaforge_primitive,2,0.95,329,71.81982201894938,-0.28180177981050614,0.32480809381301984,0.9209726443768997,-0.08565403641656794,0.699366134617618,-0.10453732772378799,0.002580645161290418,0.5021681120747165,1.0,validation,0.405,-0.415
expr_prior_up_2m__q95,expr_prior_up_2m,alphaforge_primitive,2,0.95,299,78.11123529300164,-0.21888764706998354,0.22963004941458176,0.9230769230769231,-0.07320657092641637,0.7396658909304891,-0.09055593546979179,0.009915815001362072,0.6005670446964643,1.0,test,0.405,-0.415
expr_prior_up_2m__q95,expr_prior_up_2m,alphaforge_primitive,2,0.95,44,97.47536322736339,-0.025246367726366126,0.09161809643541317,0.9318181818181818,-0.05737810846901488,0.7985307112111198,-0.06210703538600082,0.005506090080744874,0.6338418862690708,1.0,latest72h,0.405,-0.415
expr_prior_up_2m__q95,expr_prior_up_2m,alphaforge_primitive,2,0.95,1288,48.36912197335106,-0.5163087802664894,0.5520249689529874,0.9309006211180124,-0.040086085424417606,0.8224668678793418,-0.10453732772378799,0.009003121652720436,0.5745944617401278,1.0,full,0.405,-0.415
expr_prior_up_2m_tanh__q70,expr_prior_up_2m_tanh,alphaforge_unary,2,0.7,4393,0.7434324391148317,-0.9925656756088517,0.9954766982388586,0.8015023901661734,-0.022594256216909844,0.8721199263736408,-0.4963546971457138,-0.04614665742241997,0.36138124278885775,1.0,train,0.16351875368367252,-0.16351875368367247
expr_prior_up_2m_tanh__q70,expr_prior_up_2m_tanh,alphaforge_unary,2,0.7,2576,3.7585673122994248,-0.9624143268770058,0.9684100427810564,0.7892080745341615,-0.03736080461479053,0.8851524648399992,-0.4664733852641667,-0.0635552158576671,0.3297198132088059,1.0,validation,0.16351875368367252,-0.16351875368367247
expr_prior_up_2m_tanh__q70,expr_prior_up_2m_tanh,alphaforge_unary,2,0.7,2434,2.505079764548556,-0.9749492023545144,0.9784638939365922,0.7892358258011504,-0.04005543148539504,0.8441012011692904,-0.37340170090235303,-0.08580945892351066,0.2940293529019346,1.0,test,0.16351875368367252,-0.16351875368367247
expr_prior_up_2m_tanh__q70,expr_prior_up_2m_tanh,alphaforge_unary,2,0.7,319,58.707667847648246,-0.4129233215235175,0.5098386326595932,0.786833855799373,-0.1294430474995358,0.8005557508593334,-0.3698862272083848,-0.07114100507220855,0.29680998613037446,1.0,latest72h,0.16351875368367252,-0.16351875368367247
expr_prior_up_2m_tanh__q70,expr_prior_up_2m_tanh,alphaforge_unary,2,0.7,9403,0.0006999796247084023,-0.9999930002037529,0.9999943672849577,0.7949590556205466,-0.01063482931196161,0.8722174193561164,-0.4963546971457138,-0.059102365505089516,0.3386858921841717,1.0,full,0.16351875368367252,-0.16351875368367247
expr_prior_up_2m_tanh__q75,expr_prior_up_2m_tanh,alphaforge_unary,2,0.75,3692,8.053808468766425,-0.9194619153123358,0.9557035614709263,0.8309859154929577,-0.024904168887116215,0.8880599927757398,-0.400470031998965,-0.010007337044020348,0.47164990934564033,1.0,train,0.20217575769673948,-0.21174733686352118
expr_prior_up_2m_tanh__q75,expr_prior_up_2m_tanh,alphaforge_unary,2,0.75,2116,12.163630012283488,-0.8783636998771651,0.9168769943914276,0.8171077504725898,-0.041510571827843415,0.9087867914486697,-0.4275360896407969,-0.029475922844480196,0.3972648432288192,1.0,validation,0.20217575769673948,-0.21174733686352118
expr_prior_up_2m_tanh__q75,expr_prior_up_2m_tanh,alphaforge_unary,2,0.75,2041,4.545854391510294,-0.954541456084897,0.9584349955012662,0.8103870651641353,-0.04676832219916205,0.7864398839739932,-0.3696531866011996,-0.06224167102255407,0.3005336891260841,1.0,test,0.20217575769673948,-0.21174733686352118
expr_prior_up_2m_tanh__q75,expr_prior_up_2m_tanh,alphaforge_unary,2,0.75,265,66.64728575321666,-0.3335271424678333,0.40495077771418675,0.8113207547169812,-0.1258592990444657,0.8016834302910746,-0.3021199590178375,-0.06401332005163451,0.2260748959778086,1.0,latest72h,0.20217575769673948,-0.21174733686352118
expr_prior_up_2m_tanh__q75,expr_prior_up_2m_tanh,alphaforge_unary,2,0.75,7849,0.044532801762795275,-0.999554671982372,0.999613242878253,0.8218881386163842,-0.012734802802680176,0.8893469509979804,-0.4275360896407969,-0.02720175179773021,0.4105358020645584,1.0,full,0.20217575769673948,-0.21174733686352118
expr_prior_up_2m_tanh__q80,expr_prior_up_2m_tanh,alphaforge_unary,2,0.8,2966,17.58770154629922,-0.8241229845370078,0.882393419429339,0.8560350640593392,-0.02778567041594776,0.8866251812329188,-0.32275078729103956,-0.0016673441603494155,0.4939014339871436,1.0,train,0.2496129489368586,-0.2496129489368586
expr_prior_up_2m_tanh__q80,expr_prior_up_2m_tanh,alphaforge_unary,2,0.8,1689,14.638932543727929,-0.8536106745627208,0.8872421557377168,0.8365896980461812,-0.050539412348296585,0.8449708227446465,-0.3833275868932805,-0.027403603472497373,0.4267845230153436,1.0,validation,0.2496129489368586,-0.2496129489368586
expr_prior_up_2m_tanh__q80,expr_prior_up_2m_tanh,alphaforge_unary,2,0.8,1633,17.518493238034246,-0.8248150676196575,0.8548439189668444,0.840783833435395,-0.05050918968889533,0.8372878650905939,-0.2967349337162877,-0.03530139835857149,0.3827551701134089,1.0,test,0.2496129489368586,-0.2496129489368586
expr_prior_up_2m_tanh__q80,expr_prior_up_2m_tanh,alphaforge_unary,2,0.8,221,82.41122488982566,-0.17588775110174337,0.33940452272597055,0.8416289592760181,-0.07958721769309798,0.865534953206331,-0.24556110874157955,-0.0386052342945149,0.39389736477115117,1.0,latest72h,0.2496129489368586,-0.2496129489368586
expr_prior_up_2m_tanh__q80,expr_prior_up_2m_tanh,alphaforge_unary,2,0.8,6288,0.4510401954166331,-0.9954895980458337,0.9961146057986917,0.8468511450381679,-0.015831577577064847,0.8810351080640189,-0.3833275868932805,-0.014044345769987587,0.45104866459118464,1.0,full,0.2496129489368586,-0.2496129489368586
expr_prior_up_2m_tanh__q85,expr_prior_up_2m_tanh,alphaforge_unary,2,0.85,2282,36.11880034098994,-0.6388119965901006,0.7465729256935888,0.880806310254163,-0.027993514311572928,0.8853354289782477,-0.29795412831193013,-0.0025622908249406384,0.48425910664249217,1.0,train,0.28673029138880357,-0.2958816041613005
expr_prior_up_2m_tanh__q85,expr_prior_up_2m_tanh,alphaforge_unary,2,0.85,1219,26.568470099111813,-0.7343152990088819,0.7613566788205468,0.8630024610336341,-0.06023915496381298,0.8216439505596626,-0.23465563078665874,-0.02427827162868912,0.3830887258172115,1.0,validation,0.28673029138880357,-0.2958816041613005
expr_prior_up_2m_tanh__q85,expr_prior_up_2m_tanh,alphaforge_unary,2,0.85,1209,24.10065004486765,-0.7589934995513234,0.7714055284786971,0.8626964433416047,-0.06277861865602288,0.8000532559125287,-0.2523210832367402,-0.02051604329699308,0.3989326217478319,1.0,test,0.28673029138880357,-0.2958816041613005
expr_prior_up_2m_tanh__q85,expr_prior_up_2m_tanh,alphaforge_unary,2,0.85,158,78.22971171757325,-0.21770288282426753,0.3172668176000996,0.8544303797468354,-0.13778663469890323,0.7545553324995308,-0.16589510733517954,-0.05493680430822778,0.31345353675450766,1.0,latest72h,0.28673029138880357,-0.2958816041613005
expr_prior_up_2m_tanh__q85,expr_prior_up_2m_tanh,alphaforge_unary,2,0.85,4710,2.3127496328576136,-0.9768725036714239,0.9790282947238639,0.8715498938428875,-0.02074039285926573,0.8683897514766334,-0.29795412831193013,-0.011679081133208702,0.43777650335900375,1.0,full,0.28673029138880357,-0.2958816041613005
expr_prior_up_2m_tanh__q90,expr_prior_up_2m_tanh,alphaforge_unary,2,0.9,1461,48.12503848591396,-0.5187496151408604,0.6322327182069301,0.9069130732375086,-0.03550647605344646,0.8717382118142453,-0.17654187138800104,-0.003914888583188669,0.4735454095928795,1.0,train,0.3363755443363322,-0.34080231961773716
expr_prior_up_2m_tanh__q90,expr_prior_up_2m_tanh,alphaforge_unary,2,0.9,715,38.84953514599137,-0.6115046485400863,0.636711955794222,0.8895104895104895,-0.08552512566994169,0.7078448800282017,-0.17225153226230328,-0.017098162998736233,0.34272848565710473,1.0,validation,0.3363755443363322,-0.34080231961773716
expr_prior_up_2m_tanh__q90,expr_prior_up_2m_tanh,alphaforge_unary,2,0.9,777,47.96375122059404,-0.5203624877940596,0.5518769359244587,0.8931788931788932,-0.06697071914981338,0.80168013050735,-0.19603331917270894,-0.014102376442203024,0.4081054036024016,1.0,test,0.3363755443363322,-0.34080231961773716
expr_prior_up_2m_tanh__q90,expr_prior_up_2m_tanh,alphaforge_unary,2,0.9,96,82.79926349100667,-0.1720073650899333,0.25407773948584256,0.875,-0.17917433863534624,0.6235951103895497,-0.13713270283599865,-0.044872875832393855,0.2552011095700416,1.0,latest72h,0.3363755443363322,-0.34080231961773716
expr_prior_up_2m_tanh__q90,expr_prior_up_2m_tanh,alphaforge_unary,2,0.9,2953,8.96747259546697,-0.9103252740453303,0.9289759436797623,0.8990856755841518,-0.030827134237904466,0.8357501786383656,-0.19603331917270894,-0.009889686171624112,0.42266098640013106,1.0,full,0.3363755443363322,-0.34080231961773716
expr_prior_up_2m_tanh__q95,expr_prior_up_2m_tanh,alphaforge_unary,2,0.95,660,86.22046749515917,-0.1377953250484083,0.19696393086505393,0.9393939393939394,-0.020878079552790228,0.9127543681734839,-0.09188088464619126,0.009934932650461192,0.6000494478325367,1.0,train,0.38421900860357633,-0.39270985964766825
expr_prior_up_2m_tanh__q95,expr_prior_up_2m_tanh,alphaforge_unary,2,0.95,329,71.81982201894938,-0.28180177981050614,0.32480809381301984,0.9209726443768997,-0.08565403641656794,0.699366134617618,-0.10453732772378799,0.002580645161290418,0.5021681120747165,1.0,validation,0.38421900860357633,-0.39270985964766825
expr_prior_up_2m_tanh__q95,expr_prior_up_2m_tanh,alphaforge_unary,2,0.95,299,78.11123529300164,-0.21888764706998354,0.22963004941458176,0.9230769230769231,-0.07320657092641637,0.7396658909304891,-0.09055593546979179,0.009915815001362072,0.6005670446964643,1.0,test,0.38421900860357633,-0.39270985964766825
expr_prior_up_2m_tanh__q95,expr_prior_up_2m_tanh,alphaforge_unary,2,0.95,44,97.47536322736339,-0.025246367726366126,0.09161809643541317,0.9318181818181818,-0.05737810846901488,0.7985307112111198,-0.06210703538600082,0.005506090080744874,0.6338418862690708,1.0,latest72h,0.38421900860357633,-0.39270985964766825
expr_prior_up_2m_tanh__q95,expr_prior_up_2m_tanh,alphaforge_unary,2,0.95,1288,48.36912197335106,-0.5163087802664894,0.5520249689529874,0.9309006211180124,-0.040086085424417606,0.8224668678793418,-0.10453732772378799,0.009003121652720436,0.5745944617401278,1.0,full,0.38421900860357633,-0.39270985964766825
expr_prior_up_2m_signed_log__q70,expr_prior_up_2m_signed_log,alphaforge_unary,2,0.7,4396,0.6973811126971847,-0.9930261888730282,0.9957568905400394,0.8011828935395814,-0.02258931275871305,0.871730774856684,-0.4963546971457138,-0.04683102935626454,0.3564364595351904,1.0,train,0.1484200051182733,-0.15272108701766388
expr_prior_up_2m_signed_log__q70,expr_prior_up_2m_signed_log,alphaforge_unary,2,0.7,2578,3.9002207515458083,-0.9609977924845419,0.9672194758139393,0.7893716058960435,-0.037276873253861156,0.8859777080174588,-0.4664733852641667,-0.06282227644139804,0.3300533689126084,1.0,validation,0.1484200051182733,-0.15272108701766388
expr_prior_up_2m_signed_log__q70,expr_prior_up_2m_signed_log,alphaforge_unary,2,0.7,2436,2.6017105517843775,-0.9739828944821562,0.9776331615533954,0.7894088669950738,-0.039982877441796245,0.8467336046416819,-0.37340170090235303,-0.08539948481977411,0.30003335557038024,1.0,test,0.1484200051182733,-0.15272108701766388
expr_prior_up_2m_signed_log__q70,expr_prior_up_2m_signed_log,alphaforge_unary,2,0.7,319,58.707667847648246,-0.4129233215235175,0.5098386326595932,0.786833855799373,-0.1294430474995358,0.8005557508593334,-0.3698862272083848,-0.07114100507220855,0.29680998613037446,1.0,latest72h,0.1484200051182733,-0.15272108701766388
expr_prior_up_2m_signed_log__q70,expr_prior_up_2m_signed_log,alphaforge_unary,2,0.7,9410,0.0007076497346154082,-0.9999929235026539,0.9999943055638134,0.7948990435706695,-0.010626917359220521,0.871832563085843,-0.4963546971457138,-0.05928895461550321,0.3377846960511224,1.0,full,0.1484200051182733,-0.15272108701766388
expr_prior_up_2m_signed_log__q75,expr_prior_up_2m_signed_log,alphaforge_unary,2,0.75,3692,8.053808468766425,-0.9194619153123358,0.9557035614709263,0.8309859154929577,-0.024904168887116215,0.8880599927757398,-0.400470031998965,-0.010007337044020348,0.47164990934564033,1.0,train,0.18647956694261827,-0.1947440767925118
expr_prior_up_2m_signed_log__q75,expr_prior_up_2m_signed_log,alphaforge_unary,2,0.75,2116,12.163630012283488,-0.8783636998771651,0.9168769943914276,0.8171077504725898,-0.041510571827843415,0.9087867914486697,-0.4275360896407969,-0.029475922844480196,0.3972648432288192,1.0,validation,0.18647956694261827,-0.1947440767925118
expr_prior_up_2m_signed_log__q75,expr_prior_up_2m_signed_log,alphaforge_unary,2,0.75,2041,4.545854391510294,-0.954541456084897,0.9584349955012662,0.8103870651641353,-0.04676832219916205,0.7864398839739932,-0.3696531866011996,-0.06224167102255407,0.3005336891260841,1.0,test,0.18647956694261827,-0.1947440767925118
expr_prior_up_2m_signed_log__q75,expr_prior_up_2m_signed_log,alphaforge_unary,2,0.75,265,66.64728575321666,-0.3335271424678333,0.40495077771418675,0.8113207547169812,-0.1258592990444657,0.8016834302910746,-0.3021199590178375,-0.06401332005163451,0.2260748959778086,1.0,latest72h,0.18647956694261827,-0.1947440767925118
expr_prior_up_2m_signed_log__q75,expr_prior_up_2m_signed_log,alphaforge_unary,2,0.75,7849,0.044532801762795275,-0.999554671982372,0.999613242878253,0.8218881386163842,-0.012734802802680176,0.8893469509979804,-0.4275360896407969,-0.02720175179773021,0.4105358020645584,1.0,full,0.18647956694261827,-0.1947440767925118
expr_prior_up_2m_signed_log__q80,expr_prior_up_2m_signed_log,alphaforge_unary,2,0.8,2966,17.58770154629922,-0.8241229845370078,0.882393419429339,0.8560350640593392,-0.02778567041594776,0.8866251812329188,-0.32275078729103956,-0.0016673441603494155,0.4939014339871436,1.0,train,0.22713557258374723,-0.22713557258374723
expr_prior_up_2m_signed_log__q80,expr_prior_up_2m_signed_log,alphaforge_unary,2,0.8,1689,14.638932543727929,-0.8536106745627208,0.8872421557377168,0.8365896980461812,-0.050539412348296585,0.8449708227446465,-0.3833275868932805,-0.027403603472497373,0.4267845230153436,1.0,validation,0.22713557258374723,-0.22713557258374723
expr_prior_up_2m_signed_log__q80,expr_prior_up_2m_signed_log,alphaforge_unary,2,0.8,1633,17.518493238034246,-0.8248150676196575,0.8548439189668444,0.840783833435395,-0.05050918968889533,0.8372878650905939,-0.2967349337162877,-0.03530139835857149,0.3827551701134089,1.0,test,0.22713557258374723,-0.22713557258374723
expr_prior_up_2m_signed_log__q80,expr_prior_up_2m_signed_log,alphaforge_unary,2,0.8,221,82.41122488982566,-0.17588775110174337,0.33940452272597055,0.8416289592760181,-0.07958721769309798,0.865534953206331,-0.24556110874157955,-0.0386052342945149,0.39389736477115117,1.0,latest72h,0.22713557258374723,-0.22713557258374723
expr_prior_up_2m_signed_log__q80,expr_prior_up_2m_signed_log,alphaforge_unary,2,0.8,6288,0.4510401954166331,-0.9954895980458337,0.9961146057986917,0.8468511450381679,-0.015831577577064847,0.8810351080640189,-0.3833275868932805,-0.014044345769987587,0.45104866459118464,1.0,full,0.22713557258374723,-0.22713557258374723
expr_prior_up_2m_signed_log__q85,expr_prior_up_2m_signed_log,alphaforge_unary,2,0.85,2282,36.11880034098994,-0.6388119965901006,0.7465729256935888,0.880806310254163,-0.027993514311572928,0.8853354289782477,-0.29795412831193013,-0.0025622908249406384,0.48425910664249217,1.0,train,0.2585106951515011,-0.26620304077465673
expr_prior_up_2m_signed_log__q85,expr_prior_up_2m_signed_log,alphaforge_unary,2,0.85,1219,26.568470099111813,-0.7343152990088819,0.7613566788205468,0.8630024610336341,-0.06023915496381298,0.8216439505596626,-0.23465563078665874,-0.02427827162868912,0.3830887258172115,1.0,validation,0.2585106951515011,-0.26620304077465673
expr_prior_up_2m_signed_log__q85,expr_prior_up_2m_signed_log,alphaforge_unary,2,0.85,1209,24.10065004486765,-0.7589934995513234,0.7714055284786971,0.8626964433416047,-0.06277861865602288,0.8000532559125287,-0.2523210832367402,-0.02051604329699308,0.3989326217478319,1.0,test,0.2585106951515011,-0.26620304077465673
expr_prior_up_2m_signed_log__q85,expr_prior_up_2m_signed_log,alphaforge_unary,2,0.85,158,78.22971171757325,-0.21770288282426753,0.3172668176000996,0.8544303797468354,-0.13778663469890323,0.7545553324995308,-0.16589510733517954,-0.05493680430822778,0.31345353675450766,1.0,latest72h,0.2585106951515011,-0.26620304077465673
expr_prior_up_2m_signed_log__q85,expr_prior_up_2m_signed_log,alphaforge_unary,2,0.85,4710,2.3127496328576136,-0.9768725036714239,0.9790282947238639,0.8715498938428875,-0.02074039285926573,0.8683897514766334,-0.29795412831193013,-0.011679081133208702,0.43777650335900375,1.0,full,0.2585106951515011,-0.26620304077465673
expr_prior_up_2m_signed_log__q90,expr_prior_up_2m_signed_log,alphaforge_unary,2,0.9,1541,48.008968675170124,-0.5199103132482987,0.6647034525431669,0.9046073977936405,-0.03373850183311393,0.8777420623247205,-0.22949038099746277,-0.0037847298723301948,0.4779133014669524,1.0,train,0.2963940130538024,-0.3038014543316642
expr_prior_up_2m_signed_log__q90,expr_prior_up_2m_signed_log,alphaforge_unary,2,0.9,767,45.08584563397417,-0.5491415436602582,0.5811546980832384,0.8917861799217731,-0.07159602916039773,0.76577895030773,-0.16679813059250237,-0.013367232978947152,0.3670780520346898,1.0,validation,0.2963940130538024,-0.3038014543316642
expr_prior_up_2m_signed_log__q90,expr_prior_up_2m_signed_log,alphaforge_unary,2,0.9,822,48.35986137577654,-0.5164013862422345,0.5480280834926309,0.8917274939172749,-0.06282255307083,0.8111266870723677,-0.1907365975107882,-0.01559885746257128,0.41027351567711806,1.0,test,0.2963940130538024,-0.3038014543316642
expr_prior_up_2m_signed_log__q90,expr_prior_up_2m_signed_log,alphaforge_unary,2,0.9,100,85.00292581161675,-0.14997074188383253,0.24421674011949737,0.88,-0.1499707418838313,0.6754264344661852,-0.13144793005468314,-0.04096133309643524,0.2552011095700416,1.0,latest72h,0.2963940130538024,-0.3038014543316642
expr_prior_up_2m_signed_log__q90,expr_prior_up_2m_signed_log,alphaforge_unary,2,0.9,3130,10.467612656195536,-0.8953238734380446,0.9206675779374611,0.8980830670926517,-0.02860459659546408,0.8500286577047836,-0.22949038099746277,-0.009144495767305638,0.4314271669670654,1.0,full,0.2963940130538024,-0.3038014543316642
expr_prior_up_2m_signed_log__q95,expr_prior_up_2m_signed_log,alphaforge_unary,2,0.95,660,86.22046749515917,-0.1377953250484083,0.19696393086505393,0.9393939393939394,-0.020878079552790228,0.9127543681734839,-0.09188088464619126,0.009934932650461192,0.6000494478325367,1.0,train,0.3400373027857091,-0.34712953109520095
expr_prior_up_2m_signed_log__q95,expr_prior_up_2m_signed_log,alphaforge_unary,2,0.95,329,71.81982201894938,-0.28180177981050614,0.32480809381301984,0.9209726443768997,-0.08565403641656794,0.699366134617618,-0.10453732772378799,0.002580645161290418,0.5021681120747165,1.0,validation,0.3400373027857091,-0.34712953109520095
expr_prior_up_2m_signed_log__q95,expr_prior_up_2m_signed_log,alphaforge_unary,2,0.95,299,78.11123529300164,-0.21888764706998354,0.22963004941458176,0.9230769230769231,-0.07320657092641637,0.7396658909304891,-0.09055593546979179,0.009915815001362072,0.6005670446964643,1.0,test,0.3400373027857091,-0.34712953109520095
expr_prior_up_2m_signed_log__q95,expr_prior_up_2m_signed_log,alphaforge_unary,2,0.95,44,97.47536322736339,-0.025246367726366126,0.09161809643541317,0.9318181818181818,-0.05737810846901488,0.7985307112111198,-0.06210703538600082,0.005506090080744874,0.6338418862690708,1.0,latest72h,0.3400373027857091,-0.34712953109520095
expr_prior_up_2m_signed_log__q95,expr_prior_up_2m_signed_log,alphaforge_unary,2,0.95,1288,48.36912197335106,-0.5163087802664894,0.5520249689529874,0.9309006211180124,-0.040086085424417606,0.8224668678793418,-0.10453732772378799,0.009003121652720436,0.5745944617401278,1.0,full,0.3400373027857091,-0.34712953109520095
expr_prior_up_2m_rollz60__q70,expr_prior_up_2m_rollz60,alphaforge_unary,2,0.7,4301,1.4028250854817006,-0.985971749145183,0.9930724406134755,0.8039990699837247,-0.02292424434190144,0.8646956667020701,-0.43575947613041577,-0.04291421882631885,0.39335750782924017,1.0,train,0.6527372018124775,-0.6621853416438458
expr_prior_up_2m_rollz60__q70,expr_prior_up_2m_rollz60,alphaforge_unary,2,0.7,2531,3.2237782508132278,-0.9677622174918677,0.9757766122945349,0.7874357961280126,-0.038236357862183566,0.8850183995289653,-0.4339274996554098,-0.07652635565134536,0.3203802535023349,1.0,validation,0.6527372018124775,-0.6621853416438458
expr_prior_up_2m_rollz60__q70,expr_prior_up_2m_rollz60,alphaforge_unary,2,0.7,2393,2.309860759544794,-0.9769013924045521,0.9796960915128032,0.7881320518178019,-0.04082329262033235,0.8511629866776478,-0.3989709789688137,-0.09543866570768444,0.3018679119412942,1.0,test,0.6527372018124775,-0.6621853416438458
expr_prior_up_2m_rollz60__q70,expr_prior_up_2m_rollz60,alphaforge_unary,2,0.7,330,41.560659389846464,-0.5843934061015353,0.6106049698886342,0.7636363636363637,-0.17708891093985993,0.709225256953716,-0.3989709789688137,-0.13276751808961884,0.14563106796116504,1.0,latest72h,0.6527372018124775,-0.6621853416438458
expr_prior_up_2m_rollz60__q70,expr_prior_up_2m_rollz60,alphaforge_unary,2,0.7,9225,0.001044610737000937,-0.99998955389263,0.999991042782898,0.7953387533875339,-0.010839995164147727,0.8650141501841575,-0.43575947613041577,-0.06323135372779787,0.3534737014582992,1.0,full,0.6527372018124775,-0.6621853416438458
expr_prior_up_2m_rollz60__q75,expr_prior_up_2m_rollz60,alphaforge_unary,2,0.75,3599,9.182534270004519,-0.9081746572999548,0.9492774856529106,0.8307863295359822,-0.025234083281465765,0.8949906024581241,-0.3585427946625994,-0.02005770706681842,0.43876710070875224,1.0,train,0.8338975376786508,-0.8386063751116744
expr_prior_up_2m_rollz60__q75,expr_prior_up_2m_rollz60,alphaforge_unary,2,0.75,2094,10.401077148604305,-0.895989228513957,0.9164032740275954,0.8127984718242598,-0.04278840632826933,0.8746238522435736,-0.3796027649708288,-0.03240232874319959,0.402768512341561,1.0,validation,0.8338975376786508,-0.8386063751116744
expr_prior_up_2m_rollz60__q75,expr_prior_up_2m_rollz60,alphaforge_unary,2,0.75,1999,3.8301541410086912,-0.9616984585899131,0.9645857196948552,0.8084042021010506,-0.048108977418204794,0.8141689138780955,-0.3877017175884898,-0.082899388410695,0.288025350233489,1.0,test,0.8338975376786508,-0.8386063751116744
expr_prior_up_2m_rollz60__q75,expr_prior_up_2m_rollz60,alphaforge_unary,2,0.75,275,45.46458119613824,-0.5453541880386176,0.5840247779842467,0.7818181818181819,-0.1983106138322249,0.6807085766861084,-0.3877017175884898,-0.09883622441968942,0.05131761442441054,1.0,latest72h,0.8338975376786508,-0.8386063751116744
expr_prior_up_2m_rollz60__q75,expr_prior_up_2m_rollz60,alphaforge_unary,2,0.75,7692,0.03658113091341228,-0.9996341886908658,0.9996668410750743,0.8200728029121165,-0.012995764283552577,0.8931347594415073,-0.3877017175884898,-0.039482881877672016,0.3936178928395871,1.0,full,0.8338975376786508,-0.8386063751116744
expr_prior_up_2m_rollz60__q80,expr_prior_up_2m_rollz60,alphaforge_unary,2,0.8,2875,48.63144769026253,-0.5136855230973747,0.7018126036370006,0.8605217391304348,-0.0178673225425174,0.9503537477528076,-0.27824370756894135,0.003801426949893827,0.5170595022251525,1.0,train,1.005718105498774,-1.0161918062869844
expr_prior_up_2m_rollz60__q80,expr_prior_up_2m_rollz60,alphaforge_unary,2,0.8,1639,24.0342994615863,-0.7596570053841369,0.7938701720404319,0.839536302623551,-0.046348810578654163,0.8880538988061824,-0.3309064398332482,-0.020680813024144318,0.42378252168112074,1.0,validation,1.005718105498774,-1.0161918062869844
expr_prior_up_2m_rollz60__q80,expr_prior_up_2m_rollz60,alphaforge_unary,2,0.8,1594,10.997998348390086,-0.8900200165160992,0.902315258289847,0.8331242158092849,-0.055835634662239536,0.7981113052186961,-0.30334401675589895,-0.04733253501099577,0.31020680453635757,1.0,test,1.005718105498774,-1.0161918062869844
expr_prior_up_2m_rollz60__q80,expr_prior_up_2m_rollz60,alphaforge_unary,2,0.8,224,71.36667061996592,-0.2863332938003409,0.35880820021068843,0.8258928571428571,-0.12782736330372413,0.7920215921780784,-0.23799687364546462,-0.03701073709327818,0.26768377253814146,1.0,latest72h,1.005718105498774,-1.0161918062869844
expr_prior_up_2m_rollz60__q80,expr_prior_up_2m_rollz60,alphaforge_unary,2,0.8,6108,1.2854710971427292,-0.9871452890285727,0.9884348154565322,0.8477406679764243,-0.016161514227710783,0.9302975542401962,-0.3309064398332482,-0.013173892941080956,0.4427740455513682,1.0,full,1.005718105498774,-1.0161918062869844
expr_prior_up_2m_rollz60__q85,expr_prior_up_2m_rollz60,alphaforge_unary,2,0.85,2134,67.14637984124701,-0.32853620158752994,0.6289051820322024,0.8842549203373946,-0.01539532341084949,0.9554270077359258,-0.22489650431890662,-0.001395831271050918,0.49307730344486567,1.0,train,1.1928884631267873,-1.1983669419387837
expr_prior_up_2m_rollz60__q85,expr_prior_up_2m_rollz60,alphaforge_unary,2,0.85,1181,23.83113062357725,-0.7616886937642275,0.7831231278694849,0.8552074513124471,-0.06449523232550608,0.7941031810778174,-0.27127119144432466,-0.030427904907907033,0.35690460306871247,1.0,validation,1.1928884631267873,-1.1983669419387837
expr_prior_up_2m_rollz60__q85,expr_prior_up_2m_rollz60,alphaforge_unary,2,0.85,1183,41.21176602445027,-0.5878823397554973,0.6103489528908548,0.8664412510566357,-0.04969419609091229,0.8727808278092957,-0.24217058118496138,-0.01435663731564818,0.4187791861240827,1.0,test,1.1928884631267873,-1.1983669419387837
expr_prior_up_2m_rollz60__q85,expr_prior_up_2m_rollz60,alphaforge_unary,2,0.85,164,90.6791498500782,-0.093208501499218,0.23268693303016633,0.8658536585365854,-0.05683445213366966,0.898261526066135,-0.14455075437454812,-0.025876757741351564,0.4105409153952843,1.0,latest72h,1.1928884631267873,-1.1983669419387837
expr_prior_up_2m_rollz60__q85,expr_prior_up_2m_rollz60,alphaforge_unary,2,0.85,4498,6.59460026227206,-0.9340539973772795,0.9496938358151391,0.8719430858159182,-0.02076598482386117,0.9118333166961017,-0.27127119144432466,-0.012394273723566496,0.4399885302310339,1.0,full,1.1928884631267873,-1.1983669419387837
expr_prior_up_2m_rollz60__q90,expr_prior_up_2m_rollz60,alphaforge_unary,2,0.9,1388,79.71294677732244,-0.20287053222677554,0.46042776314065215,0.904178674351585,-0.014616032581179468,0.963216607066563,-0.1870706512223117,0.007684079802377397,0.556040876874897,1.0,train,1.407755826473609,-1.395364275952968
expr_prior_up_2m_rollz60__q90,expr_prior_up_2m_rollz60,alphaforge_unary,2,0.9,727,46.305378343033624,-0.5369462165696637,0.5853866031971964,0.8803301237964236,-0.07385780145387401,0.8160865353671665,-0.22310641876224457,-0.01092604042067813,0.4054369579719813,1.0,validation,1.407755826473609,-1.395364275952968
expr_prior_up_2m_rollz60__q90,expr_prior_up_2m_rollz60,alphaforge_unary,2,0.9,727,59.56728523119242,-0.40432714768807576,0.44285293358560357,0.8913342503438789,-0.05561583874663953,0.8333217504823703,-0.15474552517438678,-0.007811897077828367,0.4523015343562375,1.0,test,1.407755826473609,-1.395364275952968
expr_prior_up_2m_rollz60__q90,expr_prior_up_2m_rollz60,alphaforge_unary,2,0.9,105,100.71574741380856,0.00715747413808554,0.15439094191099942,0.9047619047619048,0.006816642036272692,1.01632771285383,-0.08033410614970171,-0.005812107988574344,0.44660194174757284,1.0,latest72h,1.407755826473609,-1.395364275952968
expr_prior_up_2m_rollz60__q90,expr_prior_up_2m_rollz60,alphaforge_unary,2,0.9,2842,21.98710795664554,-0.7801289204335446,0.8463481468377481,0.8947923997185081,-0.027449997200335533,0.9107193125230243,-0.22310641876224457,-0.0014167301105306729,0.49020973291823694,1.0,full,1.407755826473609,-1.395364275952968
expr_prior_up_2m_rollz60__q95,expr_prior_up_2m_rollz60,alphaforge_unary,2,0.95,627,105.81972630654504,0.058197263065450366,0.27412133254084314,0.9266347687400319,0.00928186013803002,1.027717556721979,-0.13060652635255598,0.010245840133370043,0.6434811274105818,0.9996703477830888,train,1.6344669030559156,-1.6218747092946937
expr_prior_up_2m_rollz60__q95,expr_prior_up_2m_rollz60,alphaforge_unary,2,0.95,336,74.73431374989606,-0.25265686250103936,0.36258562638936837,0.9047619047619048,-0.07519549479197618,0.7944039249173757,-0.11350290776009464,-0.01062179573985067,0.45680453635757173,1.0,validation,1.6344669030559156,-1.6218747092946937
expr_prior_up_2m_rollz60__q95,expr_prior_up_2m_rollz60,alphaforge_unary,2,0.95,313,73.60390640228857,-0.26396093597711423,0.27770165307725325,0.9009584664536742,-0.08433256740482882,0.754597339081635,-0.10352600082359009,0.006899596106054506,0.542361574382922,1.0,test,1.6344669030559156,-1.6218747092946937
expr_prior_up_2m_rollz60__q95,expr_prior_up_2m_rollz60,alphaforge_unary,2,0.95,44,98.02370409329465,-0.019762959067053498,0.11109801338847838,0.9090909090909091,-0.04491581606148661,0.8835672600613284,-0.058300469257921095,-0.021953287272006516,0.406380027739251,1.0,latest72h,1.6344669030559156,-1.6218747092946937
expr_prior_up_2m_rollz60__q95,expr_prior_up_2m_rollz60,alphaforge_unary,2,0.95,1276,58.2086529780377,-0.417913470219623,0.5604332652736346,0.914576802507837,-0.032751839358904807,0.9016839301694508,-0.13060652635255598,0.007325673521812792,0.5707438964443716,0.9998361461576274,full,1.6344669030559156,-1.6218747092946937
expr_size_imbalance__q70,expr_size_imbalance,alphaforge_primitive,2,0.7,1870,0.6221241386702967,-0.993778758613297,0.9961198545063047,0.5203208556149732,-0.05314324912370574,0.903953008095057,-0.47969448644924606,-0.06582513879516849,0.3890720290093951,1.0,train,0.5006331624325634,-0.5005555251509645
expr_size_imbalance__q70,expr_size_imbalance,alphaforge_primitive,2,0.7,1592,7.6645843025077305,-0.9233541569749227,0.9531258925723359,0.5062814070351759,-0.05799963297581184,0.8732705395873274,-0.6005013800625181,-0.07044219118302664,0.4066044029352902,1.0,validation,0.5006331624325634,-0.5005555251509645
expr_size_imbalance__q70,expr_size_imbalance,alphaforge_primitive,2,0.7,1230,0.3421515942004057,-0.996578484057996,0.9975225933644702,0.4894308943089431,-0.08102264098032491,0.6388242823170994,-0.5466583992663585,-0.15372008705120666,0.2418278852568379,1.0,test,0.5006331624325634,-0.5005555251509645
expr_size_imbalance__q70,expr_size_imbalance,alphaforge_primitive,2,0.7,158,96.6199043731257,-0.03380095626874291,0.43128988608347524,0.5379746835443038,-0.02139301029667349,0.9888885951077423,-0.3022073429313754,-0.13417595963316875,0.26490984743411927,1.0,latest72h,0.5006331624325634,-0.5005555251509645
expr_size_imbalance__q70,expr_size_imbalance,alphaforge_primitive,2,0.7,4692,0.000163148928445095,-0.9999983685107156,0.9999992632266432,0.507459505541347,-0.021312838203553196,0.9037856323361999,-0.6005013800625181,-0.09271317398367185,0.35265443224643617,1.0,full,0.5006331624325634,-0.5005555251509645
expr_size_imbalance__q75,expr_size_imbalance,alphaforge_primitive,2,0.75,1164,1.645253619346456,-0.9835474638065355,0.9912442443326103,0.5017182130584192,-0.08449720479437599,0.8840205123601436,-0.3921261500035469,-0.04499765096507502,0.35973298170430196,1.0,train,0.6056017890796808,-0.6066163031830583
expr_size_imbalance__q75,expr_size_imbalance,alphaforge_primitive,2,0.75,1164,54.51022483735662,-0.45489775162643387,0.8733114126065955,0.5094501718213058,-0.03908056285450507,0.970082280874427,-0.4798263963288866,-0.030986162759502722,0.45697131420947296,1.0,validation,0.6056017890796808,-0.6066163031830583
expr_size_imbalance__q75,expr_size_imbalance,alphaforge_primitive,2,0.75,851,1.4427300499164433,-0.9855726995008356,0.9873577544553611,0.481786133960047,-0.11581347820221354,0.6727719915842892,-0.5357810045646338,-0.09060014681719863,0.31070713809206135,0.9993328885923949,test,0.6056017890796808,-0.6066163031830583
expr_size_imbalance__q75,expr_size_imbalance,alphaforge_primitive,2,0.75,104,72.97342561079635,-0.2702657438920365,0.39053432636644636,0.5192307692307693,-0.25987090758849746,0.8471623252144639,-0.29065681473721583,-0.08766986728787018,0.27045769764216365,1.0,latest72h,0.6056017890796808,-0.6066163031830583
expr_size_imbalance__q75,expr_size_imbalance,alphaforge_primitive,2,0.75,3179,0.012938856783698051,-0.999870611432163,0.9999396613167544,0.4992135891789871,-0.03145236273772142,0.8858273100937045,-0.5357810045646338,-0.054921400171574986,0.36936752416844176,0.9998361461576274,full,0.6056017890796808,-0.6066163031830583
expr_size_imbalance__q80,expr_size_imbalance,alphaforge_primitive,2,0.8,615,21.157978018708533,-0.7884202198129147,0.9257639561003829,0.4878048780487805,-0.12819840972567698,0.8939398635693221,-0.35427571483095,-0.025529028571428802,0.3875885940332949,0.9873908027031482,train,0.7014986709504305,-0.7045257140346781
expr_size_imbalance__q80,expr_size_imbalance,alphaforge_primitive,2,0.8,729,174.29604367659854,0.7429604367659854,0.824098545589537,0.5157750342935528,0.10191501190205404,1.0202983230241047,-0.37296108962063024,-0.03530765190064761,0.4429619746497665,1.0,validation,0.7014986709504305,-0.7045257140346781
expr_size_imbalance__q80,expr_size_imbalance,alphaforge_primitive,2,0.8,490,11.098514354320162,-0.8890148564567983,0.9298680786141893,0.4857142857142857,-0.18143160335853048,0.69877837627722,-0.41948304162343664,-0.04745481109358318,0.35857238158772514,0.9939959973315544,test,0.7014986709504305,-0.7045257140346781
expr_size_imbalance__q80,expr_size_imbalance,alphaforge_primitive,2,0.8,53,90.4804067724398,-0.09519593227560197,0.2744654462418644,0.6037735849056604,-0.17961496655773987,0.8837718989205335,-0.15417684428571432,-0.04173913043478261,0.29819694868238555,0.9902912621359223,latest72h,0.7014986709504305,-0.7045257140346781
expr_size_imbalance__q80,expr_size_imbalance,alphaforge_primitive,2,0.8,1834,4.092856696289606,-0.959071433037104,0.9864192760350989,0.4983642311886587,-0.05229397126701779,0.9410395613981355,-0.41948304162343664,-0.03034127666857045,0.3932901851548419,0.9922579059478944,full,0.7014986709504305,-0.7045257140346781
expr_size_imbalance__q85,expr_size_imbalance,alphaforge_primitive,2,0.85,234,75.96105017179318,-0.24038949828206824,0.7045646364270348,0.48717948717948717,-0.10273055482139655,0.9444367099158242,-0.1959733852099288,-0.0076782464459759225,0.3554475028844569,0.8813252019119828,train,0.7904872101617408,-0.788095823270628
expr_size_imbalance__q85,expr_size_imbalance,alphaforge_primitive,2,0.85,323,80.33277883276077,-0.19667221167239235,0.729021627360598,0.5046439628482973,-0.060889229619936744,0.9730025667815815,-0.2705225348618081,-0.03910839086898088,0.3709139426284189,0.9963308872581721,validation,0.7904872101617408,-0.788095823270628
expr_size_imbalance__q85,expr_size_imbalance,alphaforge_primitive,2,0.85,217,32.454277157262,-0.6754572284273801,0.7509173536179936,0.4976958525345622,-0.31127061217851654,0.6907069180025757,-0.23104502651749848,-0.04069196749600107,0.3043695797198132,0.9524683122081388,test,0.7904872101617408,-0.788095823270628
expr_size_imbalance__q85,expr_size_imbalance,alphaforge_primitive,2,0.85,21,93.68061150619111,-0.06319388493808886,0.15425819171097313,0.47619047619047616,-0.30092326160994637,0.859997774421487,-0.11836022857142858,-0.04066666666666663,0.27600554785020803,0.970873786407767,latest72h,0.7904872101617408,-0.788095823270628
expr_size_imbalance__q85,expr_size_imbalance,alphaforge_primitive,2,0.85,774,19.804126470441908,-0.8019587352955809,0.9143677107955152,0.4974160206718346,-0.10361223970227151,0.9283497874657486,-0.2705225348618081,-0.027065429715490086,0.34634605931509094,0.9284368343437653,full,0.7904872101617408,-0.788095823270628
expr_size_imbalance__q90,expr_size_imbalance,alphaforge_primitive,2,0.9,53,80.11613448873676,-0.19883865511263243,0.26221164128926217,0.49056603773584906,-0.3751672737974201,0.8061174756152161,-0.1246212021857922,0.0,0.18386352398219877,0.40753255315641995,train,0.8666422545396533,-0.8652816642076671
expr_size_imbalance__q90,expr_size_imbalance,alphaforge_primitive,2,0.9,87,125.50564652468832,0.2550564652468832,0.4008523493891807,0.5287356321839081,0.2931683508584873,1.1044992170832342,-0.2149994633687773,0.0,0.33288859239492996,0.6529352901934623,validation,0.8666422545396533,-0.8652816642076671
expr_size_imbalance__q90,expr_size_imbalance,alphaforge_primitive,2,0.9,57,55.42703357180646,-0.4457296642819354,0.4705047169176203,0.49122807017543857,-0.7819818671612905,0.4717535125712563,-0.12800368391170092,0.0,0.27585056704469646,0.7311541027351568,test,0.8666422545396533,-0.8652816642076671
expr_size_imbalance__q90,expr_size_imbalance,alphaforge_primitive,2,0.9,6,97.53768866836029,-0.024623113316397105,0.08107826086956518,0.5,-0.4103852219399544,0.8021677633459733,-0.08107826086956516,0.0,0.43411927877947293,0.6782246879334258,latest72h,0.8666422545396533,-0.8652816642076671
expr_size_imbalance__q90,expr_size_imbalance,alphaforge_primitive,2,0.9,197,55.7320333287499,-0.44267966671250103,0.6593103530853773,0.5076142131979695,-0.22471049071700636,0.8844006773009309,-0.2149994633687773,0.0,0.2409061117483205,0.5464525643126331,full,0.8666422545396533,-0.8652816642076671
expr_size_imbalance__q95,expr_size_imbalance,alphaforge_primitive,2,0.95,15,84.99732932765023,-0.1500267067234976,0.17925839079644942,0.4,-1.0001780448233195,0.5952601097627003,-0.08752380952380945,0.0,0.049859897807812754,0.11793308059996703,train,0.9328376802603308,-0.9343438615483358
expr_size_imbalance__q95,expr_size_imbalance,alphaforge_primitive,2,0.95,5,86.41312990993809,-0.1358687009006191,0.15517889752853825,0.2,-2.7173740180123795,0.14400391464937554,-0.0796109289617487,0.0,0.02401601067378252,0.11574382921947965,validation,0.9328376802603308,-0.9343438615483358
expr_size_imbalance__q95,expr_size_imbalance,alphaforge_primitive,2,0.95,7,74.30514763074005,-0.25694852369259946,0.25694852369259946,0.0,-3.670693195608561,0.0,-0.0444444444444444,0.0,0.0,0.16811207471647766,test,0.9328376802603308,-0.9343438615483358
expr_size_imbalance__q95,expr_size_imbalance,alphaforge_primitive,2,0.95,1,95.82608695652173,-0.04173913043478261,0.04173913043478261,0.0,-4.173913043478262,0.0,-0.04173913043478261,0.0,0.0,0.19972260748959778,latest72h,0.9328376802603308,-0.9343438615483358
expr_size_imbalance__q95,expr_size_imbalance,alphaforge_primitive,2,0.95,27,54.576278366342336,-0.45423721633657665,0.4730067063864647,0.25925925925925924,-1.6823600605058393,0.3457744332344834,-0.08752380952380945,0.0,0.03068163198427003,0.13227101425528429,full,0.9328376802603308,-0.9343438615483358
expr_size_imbalance_tanh__q70,expr_size_imbalance_tanh,alphaforge_unary,2,0.7,1870,0.6221241386702967,-0.993778758613297,0.9961198545063047,0.5203208556149732,-0.05314324912370574,0.903953008095057,-0.47969448644924606,-0.06582513879516849,0.3890720290093951,1.0,train,0.4626149606852958,-0.46255393628622565
expr_size_imbalance_tanh__q70,expr_size_imbalance_tanh,alphaforge_unary,2,0.7,1592,7.6645843025077305,-0.9233541569749227,0.9531258925723359,0.5062814070351759,-0.05799963297581184,0.8732705395873274,-0.6005013800625181,-0.07044219118302664,0.4066044029352902,1.0,validation,0.4626149606852958,-0.46255393628622565
expr_size_imbalance_tanh__q70,expr_size_imbalance_tanh,alphaforge_unary,2,0.7,1230,0.3421515942004057,-0.996578484057996,0.9975225933644702,0.4894308943089431,-0.08102264098032491,0.6388242823170994,-0.5466583992663585,-0.15372008705120666,0.2418278852568379,1.0,test,0.4626149606852958,-0.46255393628622565
expr_size_imbalance_tanh__q70,expr_size_imbalance_tanh,alphaforge_unary,2,0.7,158,96.6199043731257,-0.03380095626874291,0.43128988608347524,0.5379746835443038,-0.02139301029667349,0.9888885951077423,-0.3022073429313754,-0.13417595963316875,0.26490984743411927,1.0,latest72h,0.4626149606852958,-0.46255393628622565
expr_size_imbalance_tanh__q70,expr_size_imbalance_tanh,alphaforge_unary,2,0.7,4692,0.000163148928445095,-0.9999983685107156,0.9999992632266432,0.507459505541347,-0.021312838203553196,0.9037856323361999,-0.6005013800625181,-0.09271317398367185,0.35265443224643617,1.0,full,0.4626149606852958,-0.46255393628622565
expr_size_imbalance_tanh__q75,expr_size_imbalance_tanh,alphaforge_unary,2,0.75,1164,1.645253619346456,-0.9835474638065355,0.9912442443326103,0.5017182130584192,-0.08449720479437599,0.8840205123601436,-0.3921261500035469,-0.04499765096507502,0.35973298170430196,1.0,train,0.5410236755513239,-0.5417408431407389
expr_size_imbalance_tanh__q75,expr_size_imbalance_tanh,alphaforge_unary,2,0.75,1164,54.51022483735662,-0.45489775162643387,0.8733114126065955,0.5094501718213058,-0.03908056285450507,0.970082280874427,-0.4798263963288866,-0.030986162759502722,0.45697131420947296,1.0,validation,0.5410236755513239,-0.5417408431407389
expr_size_imbalance_tanh__q75,expr_size_imbalance_tanh,alphaforge_unary,2,0.75,851,1.4427300499164433,-0.9855726995008356,0.9873577544553611,0.481786133960047,-0.11581347820221354,0.6727719915842892,-0.5357810045646338,-0.09060014681719863,0.31070713809206135,0.9993328885923949,test,0.5410236755513239,-0.5417408431407389
expr_size_imbalance_tanh__q75,expr_size_imbalance_tanh,alphaforge_unary,2,0.75,104,72.97342561079635,-0.2702657438920365,0.39053432636644636,0.5192307692307693,-0.25987090758849746,0.8471623252144639,-0.29065681473721583,-0.08766986728787018,0.27045769764216365,1.0,latest72h,0.5410236755513239,-0.5417408431407389
expr_size_imbalance_tanh__q75,expr_size_imbalance_tanh,alphaforge_unary,2,0.75,3179,0.012938856783698051,-0.999870611432163,0.9999396613167544,0.4992135891789871,-0.03145236273772142,0.8858273100937045,-0.5357810045646338,-0.054921400171574986,0.36936752416844176,0.9998361461576274,full,0.5410236755513239,-0.5417408431407389
expr_size_imbalance_tanh__q80,expr_size_imbalance_tanh,alphaforge_unary,2,0.8,615,21.157978018708533,-0.7884202198129147,0.9257639561003829,0.4878048780487805,-0.12819840972567698,0.8939398635693221,-0.35427571483095,-0.025529028571428802,0.3875885940332949,0.9873908027031482,train,0.6053181813085716,-0.6072325716549437
expr_size_imbalance_tanh__q80,expr_size_imbalance_tanh,alphaforge_unary,2,0.8,729,174.29604367659854,0.7429604367659854,0.824098545589537,0.5157750342935528,0.10191501190205404,1.0202983230241047,-0.37296108962063024,-0.03530765190064761,0.4429619746497665,1.0,validation,0.6053181813085716,-0.6072325716549437
expr_size_imbalance_tanh__q80,expr_size_imbalance_tanh,alphaforge_unary,2,0.8,490,11.098514354320162,-0.8890148564567983,0.9298680786141893,0.4857142857142857,-0.18143160335853048,0.69877837627722,-0.41948304162343664,-0.04745481109358318,0.35857238158772514,0.9939959973315544,test,0.6053181813085716,-0.6072325716549437
expr_size_imbalance_tanh__q80,expr_size_imbalance_tanh,alphaforge_unary,2,0.8,53,90.4804067724398,-0.09519593227560197,0.2744654462418644,0.6037735849056604,-0.17961496655773987,0.8837718989205335,-0.15417684428571432,-0.04173913043478261,0.29819694868238555,0.9902912621359223,latest72h,0.6053181813085716,-0.6072325716549437
expr_size_imbalance_tanh__q80,expr_size_imbalance_tanh,alphaforge_unary,2,0.8,1834,4.092856696289606,-0.959071433037104,0.9864192760350989,0.4983642311886587,-0.05229397126701779,0.9410395613981355,-0.41948304162343664,-0.03034127666857045,0.3932901851548419,0.9922579059478944,full,0.6053181813085716,-0.6072325716549437
expr_size_imbalance_tanh__q85,expr_size_imbalance_tanh,alphaforge_unary,2,0.85,234,75.96105017179318,-0.24038949828206824,0.7045646364270348,0.48717948717948717,-0.10273055482139655,0.9444367099158242,-0.1959733852099288,-0.0076782464459759225,0.3554475028844569,0.8813252019119828,train,0.6586849483824522,-0.6573289717144424
expr_size_imbalance_tanh__q85,expr_size_imbalance_tanh,alphaforge_unary,2,0.85,323,80.33277883276077,-0.19667221167239235,0.729021627360598,0.5046439628482973,-0.060889229619936744,0.9730025667815815,-0.2705225348618081,-0.03910839086898088,0.3709139426284189,0.9963308872581721,validation,0.6586849483824522,-0.6573289717144424
expr_size_imbalance_tanh__q85,expr_size_imbalance_tanh,alphaforge_unary,2,0.85,217,32.454277157262,-0.6754572284273801,0.7509173536179936,0.4976958525345622,-0.31127061217851654,0.6907069180025757,-0.23104502651749848,-0.04069196749600107,0.3043695797198132,0.9524683122081388,test,0.6586849483824522,-0.6573289717144424
expr_size_imbalance_tanh__q85,expr_size_imbalance_tanh,alphaforge_unary,2,0.85,21,93.68061150619111,-0.06319388493808886,0.15425819171097313,0.47619047619047616,-0.30092326160994637,0.859997774421487,-0.11836022857142858,-0.04066666666666663,0.27600554785020803,0.970873786407767,latest72h,0.6586849483824522,-0.6573289717144424
expr_size_imbalance_tanh__q85,expr_size_imbalance_tanh,alphaforge_unary,2,0.85,774,19.804126470441908,-0.8019587352955809,0.9143677107955152,0.4974160206718346,-0.10361223970227151,0.9283497874657486,-0.2705225348618081,-0.027065429715490086,0.34634605931509094,0.9284368343437653,full,0.6586849483824522,-0.6573289717144424
expr_size_imbalance_tanh__q90,expr_size_imbalance_tanh,alphaforge_unary,2,0.9,53,80.11613448873676,-0.19883865511263243,0.26221164128926217,0.49056603773584906,-0.3751672737974201,0.8061174756152161,-0.1246212021857922,0.0,0.18386352398219877,0.40753255315641995,train,0.6996641247714692,-0.6989689232154415
expr_size_imbalance_tanh__q90,expr_size_imbalance_tanh,alphaforge_unary,2,0.9,87,125.50564652468832,0.2550564652468832,0.4008523493891807,0.5287356321839081,0.2931683508584873,1.1044992170832342,-0.2149994633687773,0.0,0.33288859239492996,0.6529352901934623,validation,0.6996641247714692,-0.6989689232154415
expr_size_imbalance_tanh__q90,expr_size_imbalance_tanh,alphaforge_unary,2,0.9,57,55.42703357180646,-0.4457296642819354,0.4705047169176203,0.49122807017543857,-0.7819818671612905,0.4717535125712563,-0.12800368391170092,0.0,0.27585056704469646,0.7311541027351568,test,0.6996641247714692,-0.6989689232154415
expr_size_imbalance_tanh__q90,expr_size_imbalance_tanh,alphaforge_unary,2,0.9,6,97.53768866836029,-0.024623113316397105,0.08107826086956518,0.5,-0.4103852219399544,0.8021677633459733,-0.08107826086956516,0.0,0.43411927877947293,0.6782246879334258,latest72h,0.6996641247714692,-0.6989689232154415
expr_size_imbalance_tanh__q90,expr_size_imbalance_tanh,alphaforge_unary,2,0.9,197,55.7320333287499,-0.44267966671250103,0.6593103530853773,0.5076142131979695,-0.22471049071700636,0.8844006773009309,-0.2149994633687773,0.0,0.2409061117483205,0.5464525643126331,full,0.6996641247714692,-0.6989689232154415
expr_size_imbalance_tanh__q95,expr_size_imbalance_tanh,alphaforge_unary,2,0.95,15,84.99732932765023,-0.1500267067234976,0.17925839079644942,0.4,-1.0001780448233195,0.5952601097627003,-0.08752380952380945,0.0,0.049859897807812754,0.11793308059996703,train,0.7319141725457518,-0.7326127220541739
expr_size_imbalance_tanh__q95,expr_size_imbalance_tanh,alphaforge_unary,2,0.95,5,86.41312990993809,-0.1358687009006191,0.15517889752853825,0.2,-2.7173740180123795,0.14400391464937554,-0.0796109289617487,0.0,0.02401601067378252,0.11574382921947965,validation,0.7319141725457518,-0.7326127220541739
expr_size_imbalance_tanh__q95,expr_size_imbalance_tanh,alphaforge_unary,2,0.95,7,74.30514763074005,-0.25694852369259946,0.25694852369259946,0.0,-3.670693195608561,0.0,-0.0444444444444444,0.0,0.0,0.16811207471647766,test,0.7319141725457518,-0.7326127220541739
expr_size_imbalance_tanh__q95,expr_size_imbalance_tanh,alphaforge_unary,2,0.95,1,95.82608695652173,-0.04173913043478261,0.04173913043478261,0.0,-4.173913043478262,0.0,-0.04173913043478261,0.0,0.0,0.19972260748959778,latest72h,0.7319141725457518,-0.7326127220541739
expr_size_imbalance_tanh__q95,expr_size_imbalance_tanh,alphaforge_unary,2,0.95,27,54.576278366342336,-0.45423721633657665,0.4730067063864647,0.25925925925925924,-1.6823600605058393,0.3457744332344834,-0.08752380952380945,0.0,0.03068163198427003,0.13227101425528429,full,0.7319141725457518,-0.7326127220541739
expr_size_imbalance_signed_log__q70,expr_size_imbalance_signed_log,alphaforge_unary,2,0.7,1881,0.9442579027541103,-0.9905574209724589,0.9938439669271195,0.5188729399255715,-0.05266121323617535,0.9015967130936668,-0.47969448644924606,-0.05855683703203851,0.3994560738420966,1.0,train,0.40421320183186626,-0.4048262926722376
expr_size_imbalance_signed_log__q70,expr_size_imbalance_signed_log,alphaforge_unary,2,0.7,1595,6.754959474687111,-0.9324504052531288,0.958688862488941,0.5053291536050156,-0.0584608404547417,0.8652387113624994,-0.6005013800625181,-0.07550386550279992,0.402768512341561,1.0,validation,0.40421320183186626,-0.4048262926722376
expr_size_imbalance_signed_log__q70,expr_size_imbalance_signed_log,alphaforge_unary,2,0.7,1236,0.3416830631185925,-0.9965831693688141,0.9975259858432157,0.49029126213592233,-0.08062970625961285,0.6405074958261526,-0.5466583992663585,-0.1528998299630473,0.23732488325550366,1.0,test,0.40421320183186626,-0.4048262926722376
expr_size_imbalance_signed_log__q70,expr_size_imbalance_signed_log,alphaforge_unary,2,0.7,158,96.6199043731257,-0.03380095626874291,0.43128988608347524,0.5379746835443038,-0.02139301029667349,0.9888885951077423,-0.3022073429313754,-0.13417595963316875,0.26490984743411927,1.0,latest72h,0.40421320183186626,-0.4048262926722376
expr_size_imbalance_signed_log__q70,expr_size_imbalance_signed_log,alphaforge_unary,2,0.7,4712,0.0002179399404662292,-0.9999978206005954,0.9999989712120407,0.5067911714770797,-0.021222364613764744,0.9013167339309318,-0.6005013800625181,-0.08964865931463034,0.35576765525151566,1.0,full,0.40421320183186626,-0.4048262926722376
expr_size_imbalance_signed_log__q75,expr_size_imbalance_signed_log,alphaforge_unary,2,0.75,1176,1.6246613456557715,-0.9837533865434422,0.9911291034788787,0.5025510204081632,-0.08365249885573495,0.8823428598456456,-0.3921261500035469,-0.049529398630156485,0.3603098730838965,1.0,train,0.4726724659250238,-0.47337485601988905
expr_size_imbalance_signed_log__q75,expr_size_imbalance_signed_log,alphaforge_unary,2,0.75,1170,44.36905036574743,-0.5563094963425257,0.8836182566745339,0.5076923076923077,-0.047547820200216084,0.9591671768091412,-0.5012453094212264,-0.036123482036121035,0.4491327551701134,1.0,validation,0.4726724659250238,-0.47337485601988905
expr_size_imbalance_signed_log__q75,expr_size_imbalance_signed_log,alphaforge_unary,2,0.75,856,1.223114818064386,-0.9877688518193561,0.9890686848188514,0.48014018691588783,-0.11539355745553247,0.665794894662961,-0.5422489190173367,-0.09267706461602154,0.30403602401601065,0.9993328885923949,test,0.4726724659250238,-0.47337485601988905
expr_size_imbalance_signed_log__q75,expr_size_imbalance_signed_log,alphaforge_unary,2,0.75,105,70.01026226781251,-0.29989737732187494,0.40363483683572077,0.5142857142857142,-0.285616549830358,0.8329077721273038,-0.29065681473721583,-0.0905756884960075,0.27045769764216365,1.0,latest72h,0.4726724659250238,-0.47337485601988905
expr_size_imbalance_signed_log__q75,expr_size_imbalance_signed_log,alphaforge_unary,2,0.75,3202,0.00881678415754452,-0.9999118321584246,0.999956975080815,0.49843847595252966,-0.031227727425309965,0.8837830419076309,-0.5422489190173367,-0.06123506876816365,0.36609044732098966,0.9998361461576274,full,0.4726724659250238,-0.47337485601988905
expr_size_imbalance_signed_log__q80,expr_size_imbalance_signed_log,alphaforge_unary,2,0.8,621,20.261863301184853,-0.7973813669881514,0.9315736614410846,0.4863123993558776,-0.12840279661644957,0.8886481843455208,-0.35427571483095,-0.025529028571428802,0.38190209329157737,0.9878028679742872,train,0.5310667436882768,-0.5325125611436017
expr_size_imbalance_signed_log__q80,expr_size_imbalance_signed_log,alphaforge_unary,2,0.8,733,166.28296450966548,0.6628296450966547,0.8313415466534974,0.514324693042292,0.0904269638603887,1.0177726131538558,-0.37296108962063024,-0.03530057022752586,0.4374583055370247,1.0,validation,0.5310667436882768,-0.5325125611436017
expr_size_imbalance_signed_log__q80,expr_size_imbalance_signed_log,alphaforge_unary,2,0.8,495,11.711857197069822,-0.8828814280293018,0.9353314372685394,0.48484848484848486,-0.17835988445036424,0.6920205679503257,-0.41948304162343664,-0.04711965529436446,0.35823882588392264,0.9939959973315544,test,0.5310667436882768,-0.5325125611436017
expr_size_imbalance_signed_log__q80,expr_size_imbalance_signed_log,alphaforge_unary,2,0.8,54,86.79984785288293,-0.1320015214711706,0.29299922555161634,0.5925925925925926,-0.2444472619836498,0.8420845505169241,-0.17578339578885926,-0.04891645381691412,0.27184466019417475,0.9902912621359223,latest72h,0.5310667436882768,-0.5325125611436017
expr_size_imbalance_signed_log__q80,expr_size_imbalance_signed_log,alphaforge_unary,2,0.8,1849,3.945962084600138,-0.9605403791539986,0.9880656652519393,0.49702541914548404,-0.051949182214927093,0.9387544348800347,-0.41948304162343664,-0.03157189762939461,0.3890299852531542,0.9924627232508603,full,0.5310667436882768,-0.5325125611436017
expr_size_imbalance_signed_log__q85,expr_size_imbalance_signed_log,alphaforge_unary,2,0.85,235,80.25933398639222,-0.19740666013607777,0.6878473182931497,0.48936170212765956,-0.08400283410045856,0.9559961417405173,-0.1959733852099288,-0.005836620187304797,0.36302950387341354,0.8833855282676776,train,0.5819193029523319,-0.5806436926199058
expr_size_imbalance_signed_log__q85,expr_size_imbalance_signed_log,alphaforge_unary,2,0.85,327,73.47433208285494,-0.26525667917145057,0.73019968648005,0.5015290519877675,-0.08111825051114761,0.9615607148227728,-0.2705225348618081,-0.04066666666666663,0.3695797198132088,0.9963308872581721,validation,0.5819193029523319,-0.5806436926199058
expr_size_imbalance_signed_log__q85,expr_size_imbalance_signed_log,alphaforge_unary,2,0.85,219,33.01138044646413,-0.6698861955353588,0.7466416533486522,0.502283105022831,-0.30588410755039236,0.6956249569957613,-0.23104502651749848,-0.03856425120772955,0.3075383589059373,0.9524683122081388,test,0.5819193029523319,-0.5806436926199058
expr_size_imbalance_signed_log__q85,expr_size_imbalance_signed_log,alphaforge_unary,2,0.85,21,93.68061150619111,-0.06319388493808886,0.15425819171097313,0.47619047619047616,-0.30092326160994637,0.859997774421487,-0.11836022857142858,-0.04066666666666663,0.27600554785020803,0.970873786407767,latest72h,0.5819193029523319,-0.5806436926199058
expr_size_imbalance_signed_log__q85,expr_size_imbalance_signed_log,alphaforge_unary,2,0.85,781,19.466814211984566,-0.8053318578801544,0.9132764356921864,0.4980793854033291,-0.10311547476058347,0.928872667710068,-0.2705225348618081,-0.0258310815954364,0.3505652957561855,0.9294609208585941,full,0.5819193029523319,-0.5806436926199058
expr_size_imbalance_signed_log__q90,expr_size_imbalance_signed_log,alphaforge_unary,2,0.9,54,76.71119877296545,-0.2328880122703455,0.26221164128926217,0.48148148148148145,-0.43127409679693657,0.7800343440067472,-0.1246212021857922,0.0,0.18386352398219877,0.41190044503049283,train,0.6236300486277726,-0.6230586448537605
expr_size_imbalance_signed_log__q90,expr_size_imbalance_signed_log,alphaforge_unary,2,0.9,87,125.50564652468832,0.2550564652468832,0.4008523493891807,0.5287356321839081,0.2931683508584873,1.1044992170832342,-0.2149994633687773,0.0,0.33288859239492996,0.6529352901934623,validation,0.6236300486277726,-0.6230586448537605
expr_size_imbalance_signed_log__q90,expr_size_imbalance_signed_log,alphaforge_unary,2,0.9,59,57.560974364320984,-0.4243902563567902,0.45011914851894885,0.5084745762711864,-0.7193055192487965,0.508478228507262,-0.11755631226247343,0.0,0.27585056704469646,0.7311541027351568,test,0.6236300486277726,-0.6230586448537605
expr_size_imbalance_signed_log__q90,expr_size_imbalance_signed_log,alphaforge_unary,2,0.9,6,97.53768866836029,-0.024623113316397105,0.08107826086956518,0.5,-0.4103852219399544,0.8021677633459733,-0.08107826086956516,0.0,0.43411927877947293,0.6782246879334258,latest72h,0.6236300486277726,-0.6230586448537605
expr_size_imbalance_signed_log__q90,expr_size_imbalance_signed_log,alphaforge_unary,2,0.9,200,55.41791365590074,-0.4458208634409926,0.6461938016791642,0.51,-0.22291043172049704,0.8815047021163794,-0.2149994633687773,0.0,0.2409061117483205,0.5486236277240701,full,0.6236300486277726,-0.6230586448537605
expr_size_imbalance_signed_log__q95,expr_size_imbalance_signed_log,alphaforge_unary,2,0.95,15,84.99732932765023,-0.1500267067234976,0.17925839079644942,0.4,-1.0001780448233195,0.5952601097627003,-0.08752380952380945,0.0,0.049859897807812754,0.11793308059996703,train,0.6588931396702272,-0.6596608106653794
expr_size_imbalance_signed_log__q95,expr_size_imbalance_signed_log,alphaforge_unary,2,0.95,5,86.41312990993809,-0.1358687009006191,0.15517889752853825,0.2,-2.7173740180123795,0.14400391464937554,-0.0796109289617487,0.0,0.02401601067378252,0.11574382921947965,validation,0.6588931396702272,-0.6596608106653794
expr_size_imbalance_signed_log__q95,expr_size_imbalance_signed_log,alphaforge_unary,2,0.95,7,74.30514763074005,-0.25694852369259946,0.25694852369259946,0.0,-3.670693195608561,0.0,-0.0444444444444444,0.0,0.0,0.16811207471647766,test,0.6588931396702272,-0.6596608106653794
expr_size_imbalance_signed_log__q95,expr_size_imbalance_signed_log,alphaforge_unary,2,0.95,1,95.82608695652173,-0.04173913043478261,0.04173913043478261,0.0,-4.173913043478262,0.0,-0.04173913043478261,0.0,0.0,0.19972260748959778,latest72h,0.6588931396702272,-0.6596608106653794
expr_size_imbalance_signed_log__q95,expr_size_imbalance_signed_log,alphaforge_unary,2,0.95,27,54.576278366342336,-0.45423721633657665,0.4730067063864647,0.25925925925925924,-1.6823600605058393,0.3457744332344834,-0.08752380952380945,0.0,0.03068163198427003,0.13227101425528429,full,0.6588931396702272,-0.6596608106653794
expr_size_imbalance_rollz60__q70,expr_size_imbalance_rollz60,alphaforge_unary,2,0.7,1896,0.24033894779807416,-0.9975966105220193,0.9987371191015109,0.5131856540084389,-0.05261585498533865,0.9107299551420185,-0.4985667399752667,-0.0729829213970471,0.3466293060820834,1.0,train,0.7887049002458637,-0.7959150092006383
expr_size_imbalance_rollz60__q70,expr_size_imbalance_rollz60,alphaforge_unary,2,0.7,1484,12.874483855154892,-0.871255161448451,0.9673576572423856,0.5080862533692723,-0.058709916539653115,0.8767173944293253,-0.64676481316379,-0.047369942094462825,0.4312875250166778,1.0,validation,0.7887049002458637,-0.7959150092006383
expr_size_imbalance_rollz60__q70,expr_size_imbalance_rollz60,alphaforge_unary,2,0.7,1182,1.8636055477833358,-0.9813639445221667,0.9876546462650596,0.4966159052453469,-0.08302571442657936,0.7039498280536799,-0.5426227824357754,-0.10823700407141523,0.3230486991327552,1.0,test,0.7887049002458637,-0.7959150092006383
expr_size_imbalance_rollz60__q70,expr_size_imbalance_rollz60,alphaforge_unary,2,0.7,154,69.49261394590322,-0.30507386054096786,0.5269306083004915,0.512987012987013,-0.1980999094421874,0.8952714684837669,-0.3525143895203132,-0.19165919460453462,0.20665742024965325,1.0,latest72h,0.7887049002458637,-0.7959150092006383
expr_size_imbalance_rollz60__q70,expr_size_imbalance_rollz60,alphaforge_unary,2,0.7,4562,0.0005766442649759701,-0.9999942335573503,0.9999979822437911,0.5072336694432267,-0.021920084032383855,0.9106593935402028,-0.64676481316379,-0.076455735710523,0.35883991479600197,1.0,full,0.7887049002458637,-0.7959150092006383
expr_size_imbalance_rollz60__q75,expr_size_imbalance_rollz60,alphaforge_unary,2,0.75,1228,2.4955511229731586,-0.9750444887702684,0.9863411893153641,0.508957654723127,-0.07940101700083618,0.8968616380485909,-0.41510781120972384,-0.04924446106526548,0.3490192846546893,1.0,train,0.946250529959032,-0.9662270977834446
expr_size_imbalance_rollz60__q75,expr_size_imbalance_rollz60,alphaforge_unary,2,0.75,1022,50.986943731837606,-0.4901305626816239,0.8662496107410712,0.5156555772994129,-0.047957980692918505,0.9647215028119148,-0.44992208824061153,-0.032535583921122546,0.4561374249499666,1.0,validation,0.946250529959032,-0.9662270977834446
expr_size_imbalance_rollz60__q75,expr_size_imbalance_rollz60,alphaforge_unary,2,0.75,826,1.3065330801799038,-0.9869346691982009,0.9880878011643909,0.48184019370460046,-0.11948361612569028,0.5873444298851072,-0.5357810045646338,-0.10484629369040688,0.2886924616410941,1.0,test,0.946250529959032,-0.9662270977834446
expr_size_imbalance_rollz60__q75,expr_size_imbalance_rollz60,alphaforge_unary,2,0.75,94,78.20883526018645,-0.2179116473981355,0.4065167439143137,0.5,-0.23182090148737922,0.881397292297635,-0.33254853874776513,-0.043928971482925516,0.3925104022191401,1.0,latest72h,0.946250529959032,-0.9662270977834446
expr_size_imbalance_rollz60__q75,expr_size_imbalance_rollz60,alphaforge_unary,2,0.75,3076,0.016624395464295585,-0.9998337560453571,0.9999170409443389,0.5039011703511054,-0.0325043483759869,0.8982967727319694,-0.5357810045646338,-0.060252297726976156,0.3612157955104047,1.0,full,0.946250529959032,-0.9662270977834446
expr_size_imbalance_rollz60__q80,expr_size_imbalance_rollz60,alphaforge_unary,2,0.8,697,32.783846243064055,-0.6721615375693595,0.8935527518365718,0.5150645624103299,-0.09643637554797121,0.918001101020815,-0.3984693553700952,-0.02427313330554831,0.42838305587605074,0.9957969342343828,train,1.1004410267649332,-1.115933671297596
expr_size_imbalance_rollz60__q80,expr_size_imbalance_rollz60,alphaforge_unary,2,0.8,603,81.61567990958132,-0.18384320090418682,0.7575904705813795,0.5140961857379768,-0.03048809301893722,0.9806662093674976,-0.3751353734362377,-0.027047749510763275,0.43662441627751836,1.0,validation,1.1004410267649332,-1.115933671297596
expr_size_imbalance_rollz60__q80,expr_size_imbalance_rollz60,alphaforge_unary,2,0.8,495,1.8230571993180265,-0.9817694280068198,0.9869178484893448,0.45252525252525255,-0.1983372581831961,0.4766193053542168,-0.4673931983438032,-0.08166239229877775,0.309873248832555,0.9868245496997998,test,1.1004410267649332,-1.115933671297596
expr_size_imbalance_rollz60__q80,expr_size_imbalance_rollz60,alphaforge_unary,2,0.8,45,99.11909887522783,-0.00880901124772171,0.2749290466385358,0.4888888888888889,-0.019575580550493507,0.9900150696979169,-0.18934465376069853,-0.020563597743930462,0.4119278779472954,0.970873786407767,latest72h,1.1004410267649332,-1.115933671297596
expr_size_imbalance_rollz60__q80,expr_size_imbalance_rollz60,alphaforge_unary,2,0.8,1795,0.4877910214685844,-0.9951220897853141,0.997925027670217,0.49749303621169916,-0.05543855653400085,0.9157853525998392,-0.4673931983438032,-0.03583887467153568,0.4026708176306734,0.9946747501228904,full,1.1004410267649332,-1.115933671297596
expr_size_imbalance_rollz60__q85,expr_size_imbalance_rollz60,alphaforge_unary,2,0.85,344,16.313189685742106,-0.836868103142579,0.8783466501440155,0.48546511627906974,-0.2432756113786569,0.7420784074152948,-0.28919915384690964,-0.026741659364120485,0.3486896324377781,0.9407450140102193,train,1.230364032788606,-1.249566914346245
expr_size_imbalance_rollz60__q85,expr_size_imbalance_rollz60,alphaforge_unary,2,0.85,297,70.4392086298787,-0.295607913701213,0.7019413651251335,0.4983164983164983,-0.09953128407448268,0.9246918132225183,-0.2526596890225976,-0.020614285714285696,0.3712474983322215,0.9509673115410273,validation,1.230364032788606,-1.249566914346245
expr_size_imbalance_rollz60__q85,expr_size_imbalance_rollz60,alphaforge_unary,2,0.85,292,11.905391186172356,-0.8809460881382765,0.9284932198983791,0.4520547945205479,-0.30169386580077995,0.6055439965032978,-0.3179624042398358,-0.04148148148148145,0.28218812541694466,0.9596397598398932,test,1.230364032788606,-1.249566914346245
expr_size_imbalance_rollz60__q85,expr_size_imbalance_rollz60,alphaforge_unary,2,0.85,31,126.5377274939063,0.26537727493906305,0.18283997295025659,0.5161290322580645,0.8560557256098794,1.3910711278126648,-0.1408817154802442,0.007814145004199302,0.5325936199722607,0.9445214979195562,latest72h,1.230364032788606,-1.249566914346245
expr_size_imbalance_rollz60__q85,expr_size_imbalance_rollz60,alphaforge_unary,2,0.85,933,1.368034419140602,-0.9863196558085939,0.991935831273028,0.4790996784565916,-0.10571486128709484,0.7618524189552166,-0.3179624042398358,-0.029934247979711337,0.33884974602654433,0.9485908569555956,full,1.230364032788606,-1.249566914346245
expr_size_imbalance_rollz60__q90,expr_size_imbalance_rollz60,alphaforge_unary,2,0.9,158,87.97205850117481,-0.1202794149882519,0.4409402076945064,0.5,-0.07612621201788149,0.9665963081734373,-0.22191852257851108,0.0,0.3036096917751772,0.6838635239821987,train,1.355161908580665,-1.3702556853967285
expr_size_imbalance_rollz60__q90,expr_size_imbalance_rollz60,alphaforge_unary,2,0.9,118,66.23187749129005,-0.3376812250870995,0.3958601097220075,0.4745762711864407,-0.28617052973483037,0.8446298414849075,-0.16274996794468055,0.0,0.3500667111407605,0.7986991327551701,validation,1.355161908580665,-1.3702556853967285
expr_size_imbalance_rollz60__q90,expr_size_imbalance_rollz60,alphaforge_unary,2,0.9,137,35.2862493597321,-0.647137506402679,0.712214493678704,0.4744525547445255,-0.47236314335962015,0.5962905589031334,-0.3281967759800082,-0.012369439728353138,0.25183455637091395,0.8152101400933957,test,1.355161908580665,-1.3702556853967285
expr_size_imbalance_rollz60__q90,expr_size_imbalance_rollz60,alphaforge_unary,2,0.9,14,120.7642366839059,0.207642366839059,0.052464292324455784,0.6428571428571429,1.4831597631361357,1.8592370942068015,-0.04173913043478261,0.0,0.4576976421636616,0.926490984743412,latest72h,1.355161908580665,-1.3702556853967285
expr_size_imbalance_rollz60__q90,expr_size_imbalance_rollz60,alphaforge_unary,2,0.9,413,20.55972585697924,-0.7944027414302076,0.8881759415560532,0.48426150121065376,-0.1923493320654259,0.8767746813227224,-0.3281967759800082,0.0,0.29874651810584957,0.7443470424381452,full,1.355161908580665,-1.3702556853967285
expr_size_imbalance_rollz60__q95,expr_size_imbalance_rollz60,alphaforge_unary,2,0.95,47,82.21810412266304,-0.17781895877336962,0.363780627983184,0.44680851063829785,-0.37833821015610675,0.8031248733799854,-0.12993291851851851,0.0,0.1668864348112741,0.37885281028514917,train,1.476823515046292,-1.5097449263748794
expr_size_imbalance_rollz60__q95,expr_size_imbalance_rollz60,alphaforge_unary,2,0.95,32,93.73327525353675,-0.06266724746463259,0.27079735718192927,0.40625,-0.19583514832697885,0.9224918139961344,-0.14044390342496427,0.0,0.1170780520346898,0.3205470313542362,validation,1.476823515046292,-1.5097449263748794
expr_size_imbalance_rollz60__q95,expr_size_imbalance_rollz60,alphaforge_unary,2,0.95,44,62.27499764071504,-0.37725002359284954,0.3852721544250917,0.4772727272727273,-0.8573864172564771,0.5212383357985121,-0.15173066022006376,0.0,0.13742494996664442,0.5008338892595063,test,1.476823515046292,-1.5097449263748794
expr_size_imbalance_rollz60__q95,expr_size_imbalance_rollz60,alphaforge_unary,2,0.95,0,100.0,0.0,0.0,,,,0.0,0.0,0.0,0.0,latest72h,1.476823515046292,-1.5097449263748794
expr_size_imbalance_rollz60__q95,expr_size_imbalance_rollz60,alphaforge_unary,2,0.95,123,47.992676461107045,-0.5200732353889295,0.521754976132201,0.44715447154471544,-0.4228237686088868,0.7609095267216802,-0.15173066022006376,0.0,0.14546124856627887,0.39005407176798296,full,1.476823515046292,-1.5097449263748794
expr_sell_size_imbalance__q70,expr_sell_size_imbalance,alphaforge_primitive,2,0.7,2290,0.29517708602909687,-0.997048229139709,0.9982449670992138,0.5157205240174673,-0.04353922397989996,0.8897461508802199,-0.5097229860575117,-0.0834375475888115,0.34456897972638867,1.0,train,0.49500667795649744,-0.5062497023840599
expr_sell_size_imbalance__q70,expr_sell_size_imbalance,alphaforge_primitive,2,0.7,1749,1.777402378196457,-0.9822259762180354,0.9918964463582384,0.4985706117781589,-0.05615928966369558,0.7962802199656336,-0.6019554049290925,-0.11110167057253284,0.3634089392928619,1.0,validation,0.49500667795649744,-0.5062497023840599
expr_sell_size_imbalance__q70,expr_sell_size_imbalance,alphaforge_primitive,2,0.7,1423,0.2347333452325303,-0.9976526665476747,0.9980956589875589,0.49754040758959944,-0.07010911219590137,0.6922836394759968,-0.5363304592756302,-0.16230648263947028,0.27635090060040024,1.0,test,0.49500667795649744,-0.5062497023840599
expr_sell_size_imbalance__q70,expr_sell_size_imbalance,alphaforge_primitive,2,0.7,187,105.19870828767681,0.05198708287676812,0.5305984151170856,0.5561497326203209,0.027800579078484693,1.0124085613692853,-0.3744739628754501,-0.0945893006834112,0.30235783633841884,1.0,latest72h,0.49500667795649744,-0.5062497023840599
expr_sell_size_imbalance__q70,expr_sell_size_imbalance,alphaforge_primitive,2,0.7,5462,1.2315248684215483e-05,-0.9999998768475131,0.9999999405959932,0.5054924935920908,-0.01830830971892188,0.8895955835929785,-0.6019554049290925,-0.10951111005615816,0.3308618712108799,1.0,full,0.49500667795649744,-0.5062497023840599
expr_sell_size_imbalance__q75,expr_sell_size_imbalance,alphaforge_primitive,2,0.75,1608,0.5042652631569734,-0.9949573473684302,0.9964590998888367,0.5155472636815921,-0.06187545692589738,0.8437448750780356,-0.4720012580922245,-0.0771125316297212,0.35272787209493983,1.0,train,0.6031882680696564,-0.6127528506088706
expr_sell_size_imbalance__q75,expr_sell_size_imbalance,alphaforge_primitive,2,0.75,1347,38.781534451972526,-0.6121846554802748,0.9290565229307122,0.5070527097253155,-0.045448007088365217,0.9447661178807463,-0.5069475349087518,-0.05152296195865025,0.4227818545697131,1.0,validation,0.6031882680696564,-0.6127528506088706
expr_sell_size_imbalance__q75,expr_sell_size_imbalance,alphaforge_primitive,2,0.75,1054,1.5969179828807718,-0.9840308201711923,0.9874115426832218,0.5028462998102466,-0.09336155789100514,0.7541465927456293,-0.5168642083212183,-0.10146210775324283,0.29036024016010675,1.0,test,0.6031882680696564,-0.6127528506088706
expr_sell_size_imbalance__q75,expr_sell_size_imbalance,alphaforge_primitive,2,0.75,141,99.26985016070851,-0.007301498392914829,0.3637158092416701,0.5673758865248227,-0.005178367654550699,0.9973504065728098,-0.27528262855886276,-0.0808072371555194,0.3314840499306519,1.0,latest72h,0.6031882680696564,-0.6127528506088706
expr_sell_size_imbalance__q75,expr_sell_size_imbalance,alphaforge_primitive,2,0.75,4009,0.0031229616598057656,-0.9999687703834019,0.9999825329051367,0.5093539536043902,-0.024943097290681015,0.8445137445538172,-0.5168642083212183,-0.0805771929688266,0.35265443224643617,1.0,full,0.6031882680696564,-0.6127528506088706
expr_sell_size_imbalance__q80,expr_sell_size_imbalance,alphaforge_primitive,2,0.8,1061,4.712073937247768,-0.9528792606275224,0.9775322031680208,0.5117813383600377,-0.08980954388572333,0.8926783127367415,-0.4132785614567991,-0.03759012087574798,0.3855282676776001,1.0,train,0.7057185755689387,-0.7084423045475186
expr_sell_size_imbalance__q80,expr_sell_size_imbalance,alphaforge_primitive,2,0.8,926,125.12000108285444,0.2512000108285444,0.8651196730323203,0.5043196544276458,0.027127430975004314,1.0179611089415515,-0.46437205415171057,-0.04542166549162574,0.42728485657104737,1.0,validation,0.7057185755689387,-0.7084423045475186
expr_sell_size_imbalance__q80,expr_sell_size_imbalance,alphaforge_primitive,2,0.8,692,13.783385575496283,-0.8621661442450372,0.9188298101443985,0.5130057803468208,-0.12459048327240442,0.8092583491358024,-0.44015980687166356,-0.06837463084100026,0.3388925950633756,1.0,test,0.7057185755689387,-0.7084423045475186
expr_sell_size_imbalance__q80,expr_sell_size_imbalance,alphaforge_primitive,2,0.8,83,110.93778160076721,0.10937781600767216,0.34078797465139954,0.5542168674698795,0.13178050121406196,1.0603890499935094,-0.2692324982031068,-0.06223119284500511,0.36615811373092927,1.0,latest72h,0.7057185755689387,-0.7084423045475186
expr_sell_size_imbalance__q80,expr_sell_size_imbalance,alphaforge_primitive,2,0.8,2679,0.8126335362328673,-0.9918736646376713,0.99760672673922,0.509518477043673,-0.0370240263022648,0.8988320950291689,-0.46437205415171057,-0.04708352581068087,0.38280353924299526,1.0,full,0.7057185755689387,-0.7084423045475186
expr_sell_size_imbalance__q85,expr_sell_size_imbalance,alphaforge_primitive,2,0.85,637,21.767232868318256,-0.7823276713168175,0.9055863045529701,0.5180533751962323,-0.12281439110154124,0.865964434468115,-0.46892424105716723,-0.025000000000000022,0.4023405307400692,0.9942310862040548,train,0.7935017270668404,-0.7898192575298574
expr_sell_size_imbalance__q85,expr_sell_size_imbalance,alphaforge_primitive,2,0.85,560,195.28430312295703,0.9528430312295704,0.7470214681421653,0.5178571428571429,0.17015054129099463,1.0981732882213255,-0.3433934932543755,-0.025266097883591354,0.4279519679786524,1.0,validation,0.7935017270668404,-0.7898192575298574
expr_sell_size_imbalance__q85,expr_sell_size_imbalance,alphaforge_primitive,2,0.85,417,34.28117323951663,-0.6571882676048337,0.8255036193094529,0.5275779376498801,-0.1575991049412076,0.8477805953344237,-0.403532055655764,-0.036778176596694356,0.40126751167444963,0.9966644429619747,test,0.7935017270668404,-0.7898192575298574
expr_sell_size_imbalance__q85,expr_sell_size_imbalance,alphaforge_primitive,2,0.85,41,96.63570839369027,-0.03364291606309733,0.20517305026267396,0.5365853658536586,-0.08205589283682325,0.9572593869354794,-0.187631130391696,0.011737682139151273,0.5450762829403606,0.9722607489597781,latest72h,0.7935017270668404,-0.7898192575298574
expr_sell_size_imbalance__q85,expr_sell_size_imbalance,alphaforge_primitive,2,0.85,1614,14.572237355225623,-0.8542776264477437,0.9537628391951063,0.5204460966542751,-0.05292922096950093,0.9126917428549708,-0.46892424105716723,-0.026928568162646216,0.4072996886776995,0.9963132885466164,full,0.7935017270668404,-0.7898192575298574
expr_sell_size_imbalance__q90,expr_sell_size_imbalance,alphaforge_primitive,2,0.9,360,25.206969467823104,-0.747930305321769,0.8566909906460868,0.49722222222222223,-0.20775841814493587,0.7404474145287528,-0.2809684690826795,-0.026548387096774095,0.3486896324377781,0.9328333608043514,train,0.872880081661181,-0.8682029705837703
expr_sell_size_imbalance__q90,expr_sell_size_imbalance,alphaforge_primitive,2,0.9,284,156.00451710218238,0.5600451710218237,0.4932692111817622,0.5140845070422535,0.19719900388092296,1.07499988588213,-0.2469842398354033,-0.0060119872122762485,0.4666444296197465,1.0,validation,0.872880081661181,-0.8682029705837703
expr_sell_size_imbalance__q90,expr_sell_size_imbalance,alphaforge_primitive,2,0.9,222,87.63791339316269,-0.12362086606837308,0.5442701028626695,0.5630630630630631,-0.055685074805574136,0.9609403153263069,-0.22160962592081268,-0.0205584402753205,0.40877251501000667,0.9761507671781188,test,0.872880081661181,-0.8682029705837703
expr_sell_size_imbalance__q90,expr_sell_size_imbalance,alphaforge_primitive,2,0.9,16,112.42153805006765,0.12421538050067649,0.13709799657800614,0.5625,0.7763461281292259,1.4194678768430669,-0.09916823818583054,0.05505263157894724,0.6061026352288488,0.9722607489597781,latest72h,0.872880081661181,-0.8682029705837703
expr_sell_size_imbalance__q90,expr_sell_size_imbalance,alphaforge_primitive,2,0.9,866,34.46274269796553,-0.6553725730203447,0.8566909906460868,0.5196304849884527,-0.0756781262148206,0.8909250920715287,-0.2809684690826795,-0.02197398011746521,0.38972636408323774,0.9607570047517614,full,0.872880081661181,-0.8682029705837703
expr_sell_size_imbalance__q95,expr_sell_size_imbalance,alphaforge_primitive,2,0.95,170,55.9738811774696,-0.440261188225304,0.5873941739193327,0.5235294117647059,-0.2589771695442967,0.785247947810054,-0.20630309799957813,0.0,0.34234382726223833,0.8074006922696555,train,0.9404938384972171,-0.9322872746878514
expr_sell_size_imbalance__q95,expr_sell_size_imbalance,alphaforge_primitive,2,0.95,117,142.0959006422194,0.42095900642219397,0.28750765048399185,0.5811965811965812,0.35979402258307147,1.1841611673175592,-0.19990090134263727,0.0,0.447631754503002,0.9144429619746498,validation,0.9404938384972171,-0.9322872746878514
expr_sell_size_imbalance__q95,expr_sell_size_imbalance,alphaforge_primitive,2,0.95,99,104.16163606925902,0.041616360692590115,0.4295768984572182,0.5656565656565656,0.042036727972312046,1.0244540443526207,-0.1186642489462828,0.0,0.37825216811207474,0.8644096064042696,test,0.9404938384972171,-0.9322872746878514
expr_sell_size_imbalance__q95,expr_sell_size_imbalance,alphaforge_primitive,2,0.95,9,106.56300459513426,0.06563004595134259,0.08208695652173907,0.5555555555555556,0.729222732792691,1.3863415790608697,-0.04210526315789476,0.006124032614638786,0.6213592233009708,0.9098474341192788,latest72h,0.9404938384972171,-0.9322872746878514
expr_sell_size_imbalance__q95,expr_sell_size_imbalance,alphaforge_primitive,2,0.95,386,82.84661402551417,-0.17153385974485824,0.6011903788833484,0.5518134715025906,-0.044438823768098296,0.963371892247344,-0.20630309799957813,0.0,0.3742012125184336,0.8493363919383909,full,0.9404938384972171,-0.9322872746878514
expr_sell_size_imbalance_tanh__q70,expr_sell_size_imbalance_tanh,alphaforge_unary,2,0.7,2290,0.29517708602909687,-0.997048229139709,0.9982449670992138,0.5157205240174673,-0.04353922397989996,0.8897461508802199,-0.5097229860575117,-0.0834375475888115,0.34456897972638867,1.0,train,0.45818111467407574,-0.46701796226581876
expr_sell_size_imbalance_tanh__q70,expr_sell_size_imbalance_tanh,alphaforge_unary,2,0.7,1749,1.777402378196457,-0.9822259762180354,0.9918964463582384,0.4985706117781589,-0.05615928966369558,0.7962802199656336,-0.6019554049290925,-0.11110167057253284,0.3634089392928619,1.0,validation,0.45818111467407574,-0.46701796226581876
expr_sell_size_imbalance_tanh__q70,expr_sell_size_imbalance_tanh,alphaforge_unary,2,0.7,1423,0.2347333452325303,-0.9976526665476747,0.9980956589875589,0.49754040758959944,-0.07010911219590137,0.6922836394759968,-0.5363304592756302,-0.16230648263947028,0.27635090060040024,1.0,test,0.45818111467407574,-0.46701796226581876
expr_sell_size_imbalance_tanh__q70,expr_sell_size_imbalance_tanh,alphaforge_unary,2,0.7,187,105.19870828767681,0.05198708287676812,0.5305984151170856,0.5561497326203209,0.027800579078484693,1.0124085613692853,-0.3744739628754501,-0.0945893006834112,0.30235783633841884,1.0,latest72h,0.45818111467407574,-0.46701796226581876
expr_sell_size_imbalance_tanh__q70,expr_sell_size_imbalance_tanh,alphaforge_unary,2,0.7,5462,1.2315248684215483e-05,-0.9999998768475131,0.9999999405959932,0.5054924935920908,-0.01830830971892188,0.8895955835929785,-0.6019554049290925,-0.10951111005615816,0.3308618712108799,1.0,full,0.45818111467407574,-0.46701796226581876
expr_sell_size_imbalance_tanh__q75,expr_sell_size_imbalance_tanh,alphaforge_unary,2,0.75,1608,0.5042652631569734,-0.9949573473684302,0.9964590998888367,0.5155472636815921,-0.06187545692589738,0.8437448750780356,-0.4720012580922245,-0.0771125316297212,0.35272787209493983,1.0,train,0.5393143727276342,-0.5460619979718899
expr_sell_size_imbalance_tanh__q75,expr_sell_size_imbalance_tanh,alphaforge_unary,2,0.75,1347,38.781534451972526,-0.6121846554802748,0.9290565229307122,0.5070527097253155,-0.045448007088365217,0.9447661178807463,-0.5069475349087518,-0.05152296195865025,0.4227818545697131,1.0,validation,0.5393143727276342,-0.5460619979718899
expr_sell_size_imbalance_tanh__q75,expr_sell_size_imbalance_tanh,alphaforge_unary,2,0.75,1054,1.5969179828807718,-0.9840308201711923,0.9874115426832218,0.5028462998102466,-0.09336155789100514,0.7541465927456293,-0.5168642083212183,-0.10146210775324283,0.29036024016010675,1.0,test,0.5393143727276342,-0.5460619979718899
expr_sell_size_imbalance_tanh__q75,expr_sell_size_imbalance_tanh,alphaforge_unary,2,0.75,141,99.26985016070851,-0.007301498392914829,0.3637158092416701,0.5673758865248227,-0.005178367654550699,0.9973504065728098,-0.27528262855886276,-0.0808072371555194,0.3314840499306519,1.0,latest72h,0.5393143727276342,-0.5460619979718899
expr_sell_size_imbalance_tanh__q75,expr_sell_size_imbalance_tanh,alphaforge_unary,2,0.75,4009,0.0031229616598057656,-0.9999687703834019,0.9999825329051367,0.5093539536043902,-0.024943097290681015,0.8445137445538172,-0.5168642083212183,-0.0805771929688266,0.35265443224643617,1.0,full,0.5393143727276342,-0.5460619979718899
expr_sell_size_imbalance_tanh__q80,expr_sell_size_imbalance_tanh,alphaforge_unary,2,0.8,1061,4.712073937247768,-0.9528792606275224,0.9775322031680208,0.5117813383600377,-0.08980954388572333,0.8926783127367415,-0.4132785614567991,-0.03759012087574798,0.3855282676776001,1.0,train,0.6079849949910747,-0.6096991134044976
expr_sell_size_imbalance_tanh__q80,expr_sell_size_imbalance_tanh,alphaforge_unary,2,0.8,926,125.12000108285444,0.2512000108285444,0.8651196730323203,0.5043196544276458,0.027127430975004314,1.0179611089415515,-0.46437205415171057,-0.04542166549162574,0.42728485657104737,1.0,validation,0.6079849949910747,-0.6096991134044976
expr_sell_size_imbalance_tanh__q80,expr_sell_size_imbalance_tanh,alphaforge_unary,2,0.8,692,13.783385575496283,-0.8621661442450372,0.9188298101443985,0.5130057803468208,-0.12459048327240442,0.8092583491358024,-0.44015980687166356,-0.06837463084100026,0.3388925950633756,1.0,test,0.6079849949910747,-0.6096991134044976
expr_sell_size_imbalance_tanh__q80,expr_sell_size_imbalance_tanh,alphaforge_unary,2,0.8,83,110.93778160076721,0.10937781600767216,0.34078797465139954,0.5542168674698795,0.13178050121406196,1.0603890499935094,-0.2692324982031068,-0.06223119284500511,0.36615811373092927,1.0,latest72h,0.6079849949910747,-0.6096991134044976
expr_sell_size_imbalance_tanh__q80,expr_sell_size_imbalance_tanh,alphaforge_unary,2,0.8,2679,0.8126335362328673,-0.9918736646376713,0.99760672673922,0.509518477043673,-0.0370240263022648,0.8988320950291689,-0.46437205415171057,-0.04708352581068087,0.38280353924299526,1.0,full,0.6079849949910747,-0.6096991134044976
expr_sell_size_imbalance_tanh__q85,expr_sell_size_imbalance_tanh,alphaforge_unary,2,0.85,637,21.767232868318256,-0.7823276713168175,0.9055863045529701,0.5180533751962323,-0.12281439110154124,0.865964434468115,-0.46892424105716723,-0.025000000000000022,0.4023405307400692,0.9942310862040548,train,0.6603881813888512,-0.6583066335125347
expr_sell_size_imbalance_tanh__q85,expr_sell_size_imbalance_tanh,alphaforge_unary,2,0.85,560,195.28430312295703,0.9528430312295704,0.7470214681421653,0.5178571428571429,0.17015054129099463,1.0981732882213255,-0.3433934932543755,-0.025266097883591354,0.4279519679786524,1.0,validation,0.6603881813888512,-0.6583066335125347
expr_sell_size_imbalance_tanh__q85,expr_sell_size_imbalance_tanh,alphaforge_unary,2,0.85,417,34.28117323951663,-0.6571882676048337,0.8255036193094529,0.5275779376498801,-0.1575991049412076,0.8477805953344237,-0.403532055655764,-0.036778176596694356,0.40126751167444963,0.9966644429619747,test,0.6603881813888512,-0.6583066335125347
expr_sell_size_imbalance_tanh__q85,expr_sell_size_imbalance_tanh,alphaforge_unary,2,0.85,41,96.63570839369027,-0.03364291606309733,0.20517305026267396,0.5365853658536586,-0.08205589283682325,0.9572593869354794,-0.187631130391696,0.011737682139151273,0.5450762829403606,0.9722607489597781,latest72h,0.6603881813888512,-0.6583066335125347
expr_sell_size_imbalance_tanh__q85,expr_sell_size_imbalance_tanh,alphaforge_unary,2,0.85,1614,14.572237355225623,-0.8542776264477437,0.9537628391951063,0.5204460966542751,-0.05292922096950093,0.9126917428549708,-0.46892424105716723,-0.026928568162646216,0.4072996886776995,0.9963132885466164,full,0.6603881813888512,-0.6583066335125347
expr_sell_size_imbalance_tanh__q90,expr_sell_size_imbalance_tanh,alphaforge_unary,2,0.9,360,25.206969467823104,-0.747930305321769,0.8566909906460868,0.49722222222222223,-0.20775841814493587,0.7404474145287528,-0.2809684690826795,-0.026548387096774095,0.3486896324377781,0.9328333608043514,train,0.7028344718968508,-0.7004599544299304
expr_sell_size_imbalance_tanh__q90,expr_sell_size_imbalance_tanh,alphaforge_unary,2,0.9,284,156.00451710218238,0.5600451710218237,0.4932692111817622,0.5140845070422535,0.19719900388092296,1.07499988588213,-0.2469842398354033,-0.0060119872122762485,0.4666444296197465,1.0,validation,0.7028344718968508,-0.7004599544299304
expr_sell_size_imbalance_tanh__q90,expr_sell_size_imbalance_tanh,alphaforge_unary,2,0.9,222,87.63791339316269,-0.12362086606837308,0.5442701028626695,0.5630630630630631,-0.055685074805574136,0.9609403153263069,-0.22160962592081268,-0.0205584402753205,0.40877251501000667,0.9761507671781188,test,0.7028344718968508,-0.7004599544299304
expr_sell_size_imbalance_tanh__q90,expr_sell_size_imbalance_tanh,alphaforge_unary,2,0.9,16,112.42153805006765,0.12421538050067649,0.13709799657800614,0.5625,0.7763461281292259,1.4194678768430669,-0.09916823818583054,0.05505263157894724,0.6061026352288488,0.9722607489597781,latest72h,0.7028344718968508,-0.7004599544299304
expr_sell_size_imbalance_tanh__q90,expr_sell_size_imbalance_tanh,alphaforge_unary,2,0.9,866,34.46274269796553,-0.6553725730203447,0.8566909906460868,0.5196304849884527,-0.0756781262148206,0.8909250920715287,-0.2809684690826795,-0.02197398011746521,0.38972636408323774,0.9607570047517614,full,0.7028344718968508,-0.7004599544299304
expr_sell_size_imbalance_tanh__q95,expr_sell_size_imbalance_tanh,alphaforge_unary,2,0.95,170,55.9738811774696,-0.440261188225304,0.5873941739193327,0.5235294117647059,-0.2589771695442967,0.785247947810054,-0.20630309799957813,0.0,0.34234382726223833,0.8074006922696555,train,0.7354490636411929,-0.7316585171036162
expr_sell_size_imbalance_tanh__q95,expr_sell_size_imbalance_tanh,alphaforge_unary,2,0.95,117,142.0959006422194,0.42095900642219397,0.28750765048399185,0.5811965811965812,0.35979402258307147,1.1841611673175592,-0.19990090134263727,0.0,0.447631754503002,0.9144429619746498,validation,0.7354490636411929,-0.7316585171036162
expr_sell_size_imbalance_tanh__q95,expr_sell_size_imbalance_tanh,alphaforge_unary,2,0.95,99,104.16163606925902,0.041616360692590115,0.4295768984572182,0.5656565656565656,0.042036727972312046,1.0244540443526207,-0.1186642489462828,0.0,0.37825216811207474,0.8644096064042696,test,0.7354490636411929,-0.7316585171036162
expr_sell_size_imbalance_tanh__q95,expr_sell_size_imbalance_tanh,alphaforge_unary,2,0.95,9,106.56300459513426,0.06563004595134259,0.08208695652173907,0.5555555555555556,0.729222732792691,1.3863415790608697,-0.04210526315789476,0.006124032614638786,0.6213592233009708,0.9098474341192788,latest72h,0.7354490636411929,-0.7316585171036162
expr_sell_size_imbalance_tanh__q95,expr_sell_size_imbalance_tanh,alphaforge_unary,2,0.95,386,82.84661402551417,-0.17153385974485824,0.6011903788833484,0.5518134715025906,-0.044438823768098296,0.963371892247344,-0.20630309799957813,0.0,0.3742012125184336,0.8493363919383909,full,0.7354490636411929,-0.7316585171036162
expr_sell_size_imbalance_signed_log__q70,expr_sell_size_imbalance_signed_log,alphaforge_unary,2,0.7,2302,0.33484875037316797,-0.9966515124962683,0.998009091486071,0.5173761946133797,-0.043295026607135904,0.8907542314883022,-0.5097229860575117,-0.0824265872791552,0.348359980220867,1.0,train,0.4006637478639249,-0.4082605431165986
expr_sell_size_imbalance_signed_log__q70,expr_sell_size_imbalance_signed_log,alphaforge_unary,2,0.7,1756,1.5251512107867726,-0.9847484878921323,0.9930465128211715,0.4977220956719818,-0.05607907106447228,0.7911566050127681,-0.6181339916964906,-0.11155255728248797,0.36324216144096066,1.0,validation,0.4006637478639249,-0.4082605431165986
expr_sell_size_imbalance_signed_log__q70,expr_sell_size_imbalance_signed_log,alphaforge_unary,2,0.7,1427,0.22481903175000542,-0.9977518096825,0.9981760916749399,0.49754730203223546,-0.06991953816976186,0.6921421206721604,-0.5363304592756302,-0.16233772038381866,0.2715143428952635,1.0,test,0.4006637478639249,-0.4082605431165986
expr_sell_size_imbalance_signed_log__q70,expr_sell_size_imbalance_signed_log,alphaforge_unary,2,0.7,187,105.19870828767681,0.05198708287676812,0.5305984151170856,0.5561497326203209,0.027800579078484693,1.0124085613692853,-0.3744739628754501,-0.0945893006834112,0.30235783633841884,1.0,latest72h,0.4006637478639249,-0.4082605431165986
expr_sell_size_imbalance_signed_log__q70,expr_sell_size_imbalance_signed_log,alphaforge_unary,2,0.7,5485,1.1481395026268729e-05,-0.9999998851860498,0.9999999446181814,0.5059252506836828,-0.01823153847194257,0.8905785646542953,-0.6181339916964906,-0.10872093544909656,0.33151728658037033,1.0,full,0.4006637478639249,-0.4082605431165986
expr_sell_size_imbalance_signed_log__q75,expr_sell_size_imbalance_signed_log,alphaforge_unary,2,0.75,1619,0.45482352524359543,-0.995451764747564,0.9968062748145446,0.5151327980234712,-0.06148559386952217,0.8362265806429584,-0.4720012580922245,-0.07700332569826696,0.35239821987802866,1.0,train,0.4710671229996888,-0.47661063574962853
expr_sell_size_imbalance_signed_log__q75,expr_sell_size_imbalance_signed_log,alphaforge_unary,2,0.75,1352,39.664145292420294,-0.6033585470757971,0.9310140009070228,0.5081360946745562,-0.04462711147010358,0.9455236795992891,-0.5069475349087518,-0.05115927120722391,0.4224482988659106,1.0,validation,0.4710671229996888,-0.47661063574962853
expr_sell_size_imbalance_signed_log__q75,expr_sell_size_imbalance_signed_log,alphaforge_unary,2,0.75,1059,1.576890737911861,-0.9842310926208814,0.9875694168640917,0.5033050047214354,-0.09293966880272742,0.7532994448059263,-0.5168642083212183,-0.10106549593144798,0.2898599066044029,1.0,test,0.4710671229996888,-0.47661063574962853
expr_sell_size_imbalance_signed_log__q75,expr_sell_size_imbalance_signed_log,alphaforge_unary,2,0.75,143,99.38278750019118,-0.006172124998088169,0.3637158092416705,0.5664335664335665,-0.004316171327334943,0.9977985498503285,-0.27528262855886276,-0.08208740000583625,0.32038834951456313,1.0,latest72h,0.4710671229996888,-0.47661063574962853
expr_sell_size_imbalance_signed_log__q75,expr_sell_size_imbalance_signed_log,alphaforge_unary,2,0.75,4030,0.0028447402824924796,-0.9999715525971751,0.9999840890302898,0.5096774193548387,-0.024813189890748755,0.8370266292322778,-0.5168642083212183,-0.0805771929688266,0.3522857611010978,1.0,full,0.4710671229996888,-0.47661063574962853
expr_sell_size_imbalance_signed_log__q80,expr_sell_size_imbalance_signed_log,alphaforge_unary,2,0.8,1068,4.469666880949162,-0.9553033311905084,0.9777629719684462,0.5121722846441947,-0.089447877452295,0.8898094271664504,-0.4132785614567991,-0.041687498879289686,0.38231415856271633,1.0,train,0.5330525725772958,-0.5353114207712601
expr_sell_size_imbalance_signed_log__q80,expr_sell_size_imbalance_signed_log,alphaforge_unary,2,0.8,928,115.09329056872784,0.15093290568727835,0.8651196730323204,0.5032327586206896,0.016264321733542454,1.0113160509449468,-0.46437205415171057,-0.04826049057013948,0.4227818545697131,1.0,validation,0.5330525725772958,-0.5353114207712601
expr_sell_size_imbalance_signed_log__q80,expr_sell_size_imbalance_signed_log,alphaforge_unary,2,0.8,694,13.458901706739802,-0.865410982932602,0.9207406916972491,0.5129682997118156,-0.12469898889518778,0.8100676746617422,-0.44015980687166356,-0.06897233648596235,0.33589059372915275,1.0,test,0.5330525725772958,-0.5353114207712601
expr_sell_size_imbalance_signed_log__q80,expr_sell_size_imbalance_signed_log,alphaforge_unary,2,0.8,83,110.93778160076721,0.10937781600767216,0.34078797465139954,0.5542168674698795,0.13178050121406196,1.0603890499935094,-0.2692324982031068,-0.06223119284500511,0.36615811373092927,1.0,latest72h,0.5330525725772958,-0.5353114207712601
expr_sell_size_imbalance_signed_log__q80,expr_sell_size_imbalance_signed_log,alphaforge_unary,2,0.8,2690,0.6923644892202694,-0.9930763551077973,0.9978724218198097,0.5092936802973977,-0.03691733662110781,0.8954668897404211,-0.46437205415171057,-0.0504634675398436,0.37936260855317055,1.0,full,0.5330525725772958,-0.5353114207712601
expr_sell_size_imbalance_signed_log__q85,expr_sell_size_imbalance_signed_log,alphaforge_unary,2,0.85,641,23.11441098178975,-0.7688558901821025,0.9028517667471071,0.5195007800312013,-0.11994631672107679,0.8685172434551774,-0.46892424105716723,-0.024265166796597293,0.4041536179330806,0.9942310862040548,train,0.5832029121484371,-0.5816547649229182
expr_sell_size_imbalance_signed_log__q85,expr_sell_size_imbalance_signed_log,alphaforge_unary,2,0.85,565,222.46565259403513,1.2246565259403512,0.7371047096933381,0.5221238938053098,0.21675336742307053,1.1199392201577425,-0.3433934932543755,-0.02032108194947746,0.4446297531687792,1.0,validation,0.5832029121484371,-0.5816547649229182
expr_sell_size_imbalance_signed_log__q85,expr_sell_size_imbalance_signed_log,alphaforge_unary,2,0.85,421,38.72790585495826,-0.6127209414504173,0.8207715140703873,0.5320665083135392,-0.14553941602147732,0.8607144790842276,-0.403532055655764,-0.03391378549005453,0.4107738492328219,0.9966644429619747,test,0.5832029121484371,-0.5816547649229182
expr_sell_size_imbalance_signed_log__q85,expr_sell_size_imbalance_signed_log,alphaforge_unary,2,0.85,42,99.60380515149643,-0.003961948485035727,0.20517305026267413,0.5476190476190477,-0.009433210678655964,0.995109065400943,-0.187631130391696,0.011737682139151273,0.5450762829403606,0.9722607489597781,latest72h,0.5832029121484371,-0.5816547649229182
expr_sell_size_imbalance_signed_log__q85,expr_sell_size_imbalance_signed_log,alphaforge_unary,2,0.85,1627,19.914518609676506,-0.800854813903235,0.9489765402013516,0.5236631837738168,-0.049222791266332895,0.9235078255876866,-0.46892424105716723,-0.025882460178390687,0.4146321481238735,0.9963132885466164,full,0.5832029121484371,-0.5816547649229182
expr_sell_size_imbalance_signed_log__q90,expr_sell_size_imbalance_signed_log,alphaforge_unary,2,0.9,361,25.566082457501665,-0.7443391754249833,0.8546493280470722,0.4986149584487535,-0.2061881372368375,0.7427982113147718,-0.2809684690826795,-0.026548387096774095,0.3486896324377781,0.9328333608043514,train,0.6271358316608355,-0.6241639718034404
expr_sell_size_imbalance_signed_log__q90,expr_sell_size_imbalance_signed_log,alphaforge_unary,2,0.9,286,163.0544115540676,0.6305441155406759,0.49326921118176226,0.5174825174825175,0.22046997046876743,1.0810896188924055,-0.2469842398354033,-0.005465565217391499,0.46997998665777185,1.0,validation,0.6271358316608355,-0.6241639718034404
expr_sell_size_imbalance_signed_log__q90,expr_sell_size_imbalance_signed_log,alphaforge_unary,2,0.9,226,89.85624798995143,-0.10143752010048568,0.5426675361914168,0.5663716814159292,-0.044883858451543426,0.9683740374000833,-0.22160962592081268,-0.021044392337805307,0.3994329553035357,0.9761507671781188,test,0.6271358316608355,-0.6241639718034404
expr_sell_size_imbalance_signed_log__q90,expr_sell_size_imbalance_signed_log,alphaforge_unary,2,0.9,17,113.86053373710851,0.13860533737108516,0.13709799657800614,0.5882352941176471,0.8153255139475576,1.4660692603927032,-0.09916823818583054,0.05505263157894724,0.6061026352288488,0.9722607489597781,latest72h,0.6271358316608355,-0.6241639718034404
expr_sell_size_imbalance_signed_log__q90,expr_sell_size_imbalance_signed_log,alphaforge_unary,2,0.9,873,37.45803741585387,-0.6254196258414613,0.8546493280470722,0.5223367697594502,-0.07164027787416519,0.8994347360303188,-0.2809684690826795,-0.02255171014958235,0.38825167950188433,0.9607570047517614,full,0.6271358316608355,-0.6241639718034404
expr_sell_size_imbalance_signed_log__q95,expr_sell_size_imbalance_signed_log,alphaforge_unary,2,0.95,170,55.9738811774696,-0.440261188225304,0.5873941739193327,0.5235294117647059,-0.2589771695442967,0.785247947810054,-0.20630309799957813,0.0,0.34234382726223833,0.8074006922696555,train,0.6626439372816847,-0.6586628500560551
expr_sell_size_imbalance_signed_log__q95,expr_sell_size_imbalance_signed_log,alphaforge_unary,2,0.95,119,130.41688811395247,0.30416888113952467,0.34606815109437705,0.5714285714285714,0.2556041017979187,1.1381828200990765,-0.19990090134263727,0.0,0.447631754503002,0.9144429619746498,validation,0.6626439372816847,-0.6586628500560551
expr_sell_size_imbalance_signed_log__q95,expr_sell_size_imbalance_signed_log,alphaforge_unary,2,0.95,99,104.16163606925902,0.041616360692590115,0.4295768984572182,0.5656565656565656,0.042036727972312046,1.0244540443526207,-0.1186642489462828,0.0,0.37825216811207474,0.8644096064042696,test,0.6626439372816847,-0.6586628500560551
expr_sell_size_imbalance_signed_log__q95,expr_sell_size_imbalance_signed_log,alphaforge_unary,2,0.95,9,106.56300459513426,0.06563004595134259,0.08208695652173907,0.5555555555555556,0.729222732792691,1.3863415790608697,-0.04210526315789476,0.006124032614638786,0.6213592233009708,0.9098474341192788,latest72h,0.6626439372816847,-0.6586628500560551
expr_sell_size_imbalance_signed_log__q95,expr_sell_size_imbalance_signed_log,alphaforge_unary,2,0.95,388,76.03736309881299,-0.23962636901187007,0.6339689639119365,0.5489690721649485,-0.06175937345666799,0.9470381486031385,-0.20630309799957813,0.0,0.3742012125184336,0.8493363919383909,full,0.6626439372816847,-0.6586628500560551
expr_sell_size_imbalance_rollz60__q70,expr_sell_size_imbalance_rollz60,alphaforge_unary,2,0.7,2306,0.06420057162540473,-0.9993579942837459,0.9995256457753428,0.51561144839549,-0.04333729376772536,0.8771359572490968,-0.5370996184272214,-0.0949244278664011,0.33286632602604255,1.0,train,0.7824695611784604,-0.7945773538484577
expr_sell_size_imbalance_rollz60__q70,expr_sell_size_imbalance_rollz60,alphaforge_unary,2,0.7,1650,8.681753428509278,-0.9131824657149072,0.9739729617842335,0.5054545454545455,-0.05534439186150959,0.8427358591987266,-0.6592663345787578,-0.0841738599398334,0.41394262841894597,1.0,validation,0.7824695611784604,-0.7945773538484577
expr_sell_size_imbalance_rollz60__q70,expr_sell_size_imbalance_rollz60,alphaforge_unary,2,0.7,1396,0.26147928732265413,-0.9973852071267735,0.9979738328412244,0.5021489971346705,-0.07144593174260556,0.6473331881435606,-0.5367284399699296,-0.15938891265168154,0.27184789859906605,1.0,test,0.7824695611784604,-0.7945773538484577
expr_sell_size_imbalance_rollz60__q70,expr_sell_size_imbalance_rollz60,alphaforge_unary,2,0.7,180,97.67865202439299,-0.023213479756070132,0.4956229723864741,0.5444444444444444,-0.012896377642261491,0.9941385086684136,-0.3348567299792573,-0.13822540936652972,0.2593619972260749,1.0,latest72h,0.7824695611784604,-0.7945773538484577
expr_sell_size_imbalance_rollz60__q70,expr_sell_size_imbalance_rollz60,alphaforge_unary,2,0.7,5352,1.457416341345756e-05,-0.9999998542583659,0.9999999160715749,0.5089686098654709,-0.01868460116327292,0.8771157470681661,-0.6592663345787578,-0.10945141315201867,0.3359413403244306,1.0,full,0.7824695611784604,-0.7945773538484577
expr_sell_size_imbalance_rollz60__q75,expr_sell_size_imbalance_rollz60,alphaforge_unary,2,0.75,1641,1.8900828564707748,-0.9810991714352922,0.9847785237858667,0.5191956124314442,-0.05978666492597768,0.8684615840047841,-0.4294402256949599,-0.06284586383869806,0.3659139607713862,1.0,train,0.950564348044423,-0.9550274437965549
expr_sell_size_imbalance_rollz60__q75,expr_sell_size_imbalance_rollz60,alphaforge_unary,2,0.75,1247,17.35305250567631,-0.8264694749432369,0.9423972382879118,0.5028067361668003,-0.06627662188799022,0.8860045922709892,-0.5435006193946279,-0.065704623070447,0.3935957304869913,1.0,validation,0.950564348044423,-0.9550274437965549
expr_sell_size_imbalance_rollz60__q75,expr_sell_size_imbalance_rollz60,alphaforge_unary,2,0.75,1012,0.48997503749418764,-0.9951002496250582,0.996183382946592,0.49110671936758893,-0.09833006419219949,0.5909503611718536,-0.5335863495351802,-0.14540855693040333,0.24366244162775183,1.0,test,0.950564348044423,-0.9550274437965549
expr_sell_size_imbalance_rollz60__q75,expr_sell_size_imbalance_rollz60,alphaforge_unary,2,0.75,113,98.17754967117888,-0.018224503288211236,0.3077140136434971,0.5398230088495575,-0.01612787901611645,0.991703985211371,-0.28964962035771935,-0.05349807854484745,0.3578363384188627,1.0,latest72h,0.950564348044423,-0.9550274437965549
expr_sell_size_imbalance_rollz60__q75,expr_sell_size_imbalance_rollz60,alphaforge_unary,2,0.75,3900,0.001607054771580851,-0.9999839294522842,0.9999899188229823,0.5066666666666667,-0.025640613575699633,0.8684865307729559,-0.5435006193946279,-0.0824811179324556,0.34089791905620187,1.0,full,0.950564348044423,-0.9550274437965549
expr_sell_size_imbalance_rollz60__q80,expr_sell_size_imbalance_rollz60,alphaforge_unary,2,0.8,1109,3.0215105008649425,-0.9697848949913506,0.9827479695493737,0.5139765554553652,-0.08744678944917504,0.8789020002294767,-0.5064643288463784,-0.04986245615355078,0.3888247898467117,1.0,train,1.1079474630766348,-1.1012662843087428
expr_sell_size_imbalance_rollz60__q80,expr_sell_size_imbalance_rollz60,alphaforge_unary,2,0.8,827,186.85360372400152,0.8685360372400153,0.8348726358055961,0.5126964933494559,0.10502249543410089,1.066217170819352,-0.43497938474447484,-0.01731764175630346,0.4641427618412275,1.0,validation,1.1079474630766348,-1.1012662843087428
expr_sell_size_imbalance_rollz60__q80,expr_sell_size_imbalance_rollz60,alphaforge_unary,2,0.8,706,6.9189363505058425,-0.9308106364949416,0.9611806877078536,0.5084985835694051,-0.13184286635905706,0.6956876056942707,-0.4024570932731616,-0.07574614846324845,0.3445630420280187,1.0,test,1.1079474630766348,-1.1012662843087428
expr_sell_size_imbalance_rollz60__q80,expr_sell_size_imbalance_rollz60,alphaforge_unary,2,0.8,71,135.29004312327498,0.35290043123274994,0.2528167730878956,0.5352112676056338,0.49704286089119537,1.2225440053261698,-0.193267358724444,-0.002822217236654323,0.49930651872399445,1.0,latest72h,1.1079474630766348,-1.1012662843087428
expr_sell_size_imbalance_rollz60__q80,expr_sell_size_imbalance_rollz60,alphaforge_unary,2,0.8,2642,0.39062939550083864,-0.9960937060449916,0.9985450323137294,0.512112036336109,-0.037702259880582616,0.8838682245110181,-0.5064643288463784,-0.04713029246139944,0.3981648369654268,1.0,full,1.1079474630766348,-1.1012662843087428
expr_sell_size_imbalance_rollz60__q85,expr_sell_size_imbalance_rollz60,alphaforge_unary,2,0.85,712,6.922181746482506,-0.930778182535175,0.940529279181021,0.5126404494382022,-0.13072727282797408,0.7559595630843177,-0.450702312882171,-0.04266666666666663,0.3676446349101698,0.9973627822647108,train,1.2419672781645623,-1.237042103263217
expr_sell_size_imbalance_rollz60__q85,expr_sell_size_imbalance_rollz60,alphaforge_unary,2,0.85,495,73.88796204025714,-0.2611203795974286,0.8203499074271716,0.5050505050505051,-0.05275159183786443,0.9527697252899606,-0.3676995674057877,-0.03050853923082464,0.4177785190126751,1.0,validation,1.2419672781645623,-1.237042103263217
expr_sell_size_imbalance_rollz60__q85,expr_sell_size_imbalance_rollz60,alphaforge_unary,2,0.85,456,52.43273777272183,-0.47567262227278173,0.8721470866892731,0.5285087719298246,-0.10431417155104883,0.8665502311614766,-0.3781143579019851,-0.03120910666432397,0.433288859239493,1.0,test,1.2419672781645623,-1.237042103263217
expr_sell_size_imbalance_rollz60__q85,expr_sell_size_imbalance_rollz60,alphaforge_unary,2,0.85,40,192.55849849540687,0.9255849849540687,0.16250276578449685,0.6,2.31396246238517,2.038983294473955,-0.0910582456140352,0.08170975543696568,0.7420249653259362,1.0,latest72h,1.2419672781645623,-1.237042103263217
expr_sell_size_imbalance_rollz60__q85,expr_sell_size_imbalance_rollz60,alphaforge_unary,2,0.85,1663,2.681755752553922,-0.9731824424744607,0.9935563333920169,0.5147324113048707,-0.05851968986617327,0.7777637924946718,-0.450702312882171,-0.04073830920545429,0.39296247747009666,0.9986891692610191,full,1.2419672781645623,-1.237042103263217
expr_sell_size_imbalance_rollz60__q90,expr_sell_size_imbalance_rollz60,alphaforge_unary,2,0.9,450,12.14535491423937,-0.8785464508576063,0.8785464508576063,0.4911111111111111,-0.1952325446350237,0.7203856972868143,-0.31772792555795837,-0.03434539665453418,0.33484423932750945,0.9663754738750618,train,1.3664868368765732,-1.3552621801740505
expr_sell_size_imbalance_rollz60__q90,expr_sell_size_imbalance_rollz60,alphaforge_unary,2,0.9,267,75.13936536388354,-0.24860634636116463,0.5330746697194118,0.5205992509363296,-0.09311099114650351,0.936044709448132,-0.23563165264740105,-0.0072505226404134815,0.4719813208805871,0.9939959973315544,validation,1.3664868368765732,-1.3552621801740505
expr_sell_size_imbalance_rollz60__q90,expr_sell_size_imbalance_rollz60,alphaforge_unary,2,0.9,271,122.5308786789939,0.22530878678993904,0.5597368328338355,0.5461254612546126,0.08313977372322409,1.0496188896289436,-0.22647794653701325,-0.009605922856817384,0.44846564376250836,0.9769846564376251,test,1.3664868368765732,-1.3552621801740505
expr_sell_size_imbalance_rollz60__q90,expr_sell_size_imbalance_rollz60,alphaforge_unary,2,0.9,20,111.89803034347601,0.11898030343476007,0.12193815519886853,0.6,0.5949015171737978,1.3396732908848037,-0.07537461138108292,0.04596133228593846,0.6490984743411928,0.9459084604715673,latest72h,1.3664868368765732,-1.3552621801740505
expr_sell_size_imbalance_rollz60__q90,expr_sell_size_imbalance_rollz60,alphaforge_unary,2,0.9,988,11.18209766011641,-0.8881790233988359,0.9551118386582884,0.5141700404858299,-0.08989666228733162,0.7795259301595401,-0.31772792555795837,-0.024773004549076605,0.3936998197607734,0.9743978371292806,full,1.3664868368765732,-1.3552621801740505
expr_sell_size_imbalance_rollz60__q95,expr_sell_size_imbalance_rollz60,alphaforge_unary,2,0.95,206,44.096084896075595,-0.5590391510392441,0.6597208254599821,0.5097087378640777,-0.2713782286598274,0.7752100679532821,-0.2644742148221103,-0.011203099906629377,0.3279215427723751,0.8406955661776826,train,1.5096252519646678,-1.5042871540294187
expr_sell_size_imbalance_rollz60__q95,expr_sell_size_imbalance_rollz60,alphaforge_unary,2,0.95,95,106.12650643930108,0.061265064393010826,0.3874373760262341,0.5263157894736842,0.06448954146632677,1.0374457592577473,-0.1931734227644314,0.0,0.3587391594396264,0.8232154769846565,validation,1.5096252519646678,-1.5042871540294187
expr_sell_size_imbalance_rollz60__q95,expr_sell_size_imbalance_rollz60,alphaforge_unary,2,0.95,121,55.24454069802061,-0.44755459301979394,0.6806013869283817,0.5041322314049587,-0.369879828941978,0.7189985330520356,-0.21328118814898123,-0.023679105955578095,0.2978652434956638,0.8318879252835224,test,1.5096252519646678,-1.5042871540294187
expr_sell_size_imbalance_rollz60__q95,expr_sell_size_imbalance_rollz60,alphaforge_unary,2,0.95,6,107.23544869473598,0.0723544869473598,0.07980325689597871,0.5,1.2059081157893272,1.5666551006095992,-0.07980325689597878,0.0,0.2912621359223301,0.6269070735090153,latest72h,1.5096252519646678,-1.5042871540294187
expr_sell_size_imbalance_rollz60__q95,expr_sell_size_imbalance_rollz60,alphaforge_unary,2,0.95,422,25.8531381689543,-0.7414686183104571,0.8377493800468888,0.5118483412322274,-0.17570346405461082,0.8124644143183397,-0.2644742148221103,-0.0013282892970624127,0.32574143863673605,0.8287727347206292,full,1.5096252519646678,-1.5042871540294187
expr_depth_imbalance__q70,expr_depth_imbalance,alphaforge_primitive,2,0.7,4543,2.3429087097837195e-09,-0.999999999976571,0.9999999999904663,0.45388509795289456,-0.022011886418150408,0.8867730552528387,-0.8193202115129211,-0.2448520907934837,0.24064611834514588,1.0,train,0.03876812190575628,-0.02435679120489157
expr_depth_imbalance__q70,expr_depth_imbalance,alphaforge_primitive,2,0.7,3093,0.14606066940012521,-0.9985393933059987,0.9991770038512818,0.566763659877142,-0.03228384718092475,0.9117239256468139,-0.7667657263810841,-0.11085204945568738,0.3350567044696464,1.0,validation,0.03876812190575628,-0.02435679120489157
expr_depth_imbalance__q70,expr_depth_imbalance,alphaforge_primitive,2,0.7,2900,0.008790974312293613,-0.9999120902568771,0.9999540789161682,0.5396551724137931,-0.03447972725023716,0.7881974995969134,-0.8204129466020035,-0.19139456238489772,0.27284856571047367,1.0,test,0.03876812190575628,-0.02435679120489157
expr_depth_imbalance__q70,expr_depth_imbalance,alphaforge_primitive,2,0.7,347,44.624757820271455,-0.5537524217972855,0.732574190567154,0.6167146974063401,-0.15958283048913163,0.8057710526611813,-0.6620535656328453,-0.08998970482648039,0.3342579750346741,1.0,latest72h,0.03876812190575628,-0.02435679120489157
expr_depth_imbalance__q70,expr_depth_imbalance,alphaforge_primitive,2,0.7,10536,3.008331315712045e-16,-1.0,1.0,0.5106302201974183,-0.009491268033409283,0.8867730552535854,-0.8204129466020035,-0.19060345157932634,0.27433229559233163,1.0,full,0.03876812190575628,-0.02435679120489157
expr_depth_imbalance__q75,expr_depth_imbalance,alphaforge_primitive,2,0.75,3752,1.4537737346760435e-07,-0.9999999985462262,0.999999999503927,0.4650852878464819,-0.026652451986839788,0.8933188834725843,-0.8291984617852836,-0.17530216625183936,0.2847371023570133,1.0,train,0.05091118062613485,-0.035837997860929234
expr_depth_imbalance__q75,expr_depth_imbalance,alphaforge_primitive,2,0.75,2474,0.4841317100710956,-0.995158682899289,0.9976651004620367,0.5966046887631367,-0.04022468402988263,0.9143510927510192,-0.7307182672560377,-0.10531136030222343,0.3413942628418946,1.0,validation,0.05091118062613485,-0.035837997860929234
expr_depth_imbalance__q75,expr_depth_imbalance,alphaforge_primitive,2,0.75,2364,0.0977526235570108,-0.9990224737644299,0.9995706166874722,0.5587986463620981,-0.042259833915585014,0.838623795624133,-0.7385755535146343,-0.16074200330598803,0.3090393595730487,1.0,test,0.05091118062613485,-0.035837997860929234
expr_depth_imbalance__q75,expr_depth_imbalance,alphaforge_primitive,2,0.75,288,66.24823486253337,-0.3375176513746664,0.6701122907654808,0.6388888888888888,-0.11719362894953772,0.8817314445032365,-0.5767856160400787,-0.07434024739637268,0.4133148404993065,1.0,latest72h,0.05091118062613485,-0.035837997860929234
expr_depth_imbalance__q75,expr_depth_imbalance,alphaforge_primitive,2,0.75,8590,6.880005250956341e-13,-0.9999999999999931,0.9999999999999983,0.5287543655413272,-0.011641443538998786,0.8933188835102301,-0.8291984617852836,-0.1506857384184377,0.3053416352613469,1.0,full,0.05091118062613485,-0.035837997860929234
expr_depth_imbalance__q80,expr_depth_imbalance,alphaforge_primitive,2,0.8,2989,9.383012929308338e-07,-0.9999999906169871,0.9999999968837946,0.477751756440281,-0.03345600503904282,0.8585265040190143,-0.7831976836253914,-0.16174892996609086,0.25918905554639854,1.0,train,0.06407385864478554,-0.049944035414565026
expr_depth_imbalance__q80,expr_depth_imbalance,alphaforge_primitive,2,0.8,1839,3.444682907441859,-0.9655531709255815,0.9871505361911834,0.6438281674823274,-0.05250425073004807,0.8921941144317025,-0.6872614503370471,-0.08039746558473138,0.3705803869246164,1.0,validation,0.06407385864478554,-0.049944035414565026
expr_depth_imbalance__q80,expr_depth_imbalance,alphaforge_primitive,2,0.8,1851,0.44705398438998556,-0.9955294601561001,0.99828252322624,0.5845488924905456,-0.05378333118077264,0.871164077204048,-0.6778517904008545,-0.11647104852120649,0.32521681120747165,1.0,test,0.06407385864478554,-0.049944035414565026
expr_depth_imbalance__q80,expr_depth_imbalance,alphaforge_primitive,2,0.8,244,83.52029259163206,-0.16479707408367938,0.6255044336514235,0.6557377049180327,-0.06753978446052508,0.9358675039375846,-0.5122962827117408,-0.03886376511915879,0.37586685159500693,1.0,latest72h,0.06407385864478554,-0.049944035414565026
expr_depth_imbalance__q80,expr_depth_imbalance,alphaforge_primitive,2,0.8,6679,1.444945725996966e-10,-0.999999999998555,0.9999999999996629,0.5530768079053751,-0.014972301242679412,0.8585265044237591,-0.7831976836253914,-0.12284197043243272,0.3054645256431263,1.0,full,0.06407385864478554,-0.049944035414565026
expr_depth_imbalance__q85,expr_depth_imbalance,alphaforge_primitive,2,0.85,2190,8.941175158168609e-05,-0.9999991058824842,0.9999997607058184,0.5073059360730594,-0.04566205962933726,0.7171722898823737,-0.7778273543005555,-0.12346032364189585,0.2741882314158563,1.0,train,0.08285430373031095,-0.06865722513117892
expr_depth_imbalance__q85,expr_depth_imbalance,alphaforge_primitive,2,0.85,1277,9.251570327951175,-0.9074842967204882,0.9657368371176708,0.6914643696162882,-0.07106376638375043,0.9291473520397904,-0.5318958028781187,-0.056730916647416585,0.36941294196130753,1.0,validation,0.08285430373031095,-0.06865722513117892
expr_depth_imbalance__q85,expr_depth_imbalance,alphaforge_primitive,2,0.85,1301,1.8454037903758669,-0.9815459620962413,0.9915230706507779,0.6179861644888547,-0.07544550054544516,0.8570959963384632,-0.6198217184813133,-0.0761356113587951,0.35190126751167444,1.0,test,0.08285430373031095,-0.06865722513117892
expr_depth_imbalance__q85,expr_depth_imbalance,alphaforge_primitive,2,0.85,187,83.46569212717348,-0.16534307872826515,0.5262322755997222,0.679144385026738,-0.0884187586782173,0.9134777650152249,-0.38820587590998146,-0.011350716866561195,0.4882108183079057,1.0,latest72h,0.08285430373031095,-0.06865722513117892
expr_depth_imbalance__q85,expr_depth_imbalance,alphaforge_primitive,2,0.85,4768,1.5265163691202304e-07,-0.9999999984734836,0.9999999992981964,0.5868288590604027,-0.020973154330400277,0.7171729989346999,-0.7778273543005555,-0.08928836046227473,0.31947402916598394,1.0,full,0.08285430373031095,-0.06865722513117892
expr_depth_imbalance__q90,expr_depth_imbalance,alphaforge_primitive,2,0.9,1409,0.01992269745254518,-0.9998007730254745,0.9999174197422921,0.5521646557842441,-0.070958181194143,0.7523709211517167,-0.7212446217615676,-0.07639851068546866,0.28308884127245754,0.9832701499917587,train,0.10938578119011699,-0.09422969973648077
expr_depth_imbalance__q90,expr_depth_imbalance,alphaforge_primitive,2,0.9,726,58.283607022172255,-0.41716392977827743,0.7931036042664277,0.7355371900826446,-0.057460596388193085,0.95316597848468,-0.32321752111377655,-0.01934194927618893,0.4212808539026017,0.9958305537024683,validation,0.10938578119011699,-0.09422969973648077
expr_depth_imbalance__q90,expr_depth_imbalance,alphaforge_primitive,2,0.9,827,1.9029378566562676,-0.9809706214334373,0.987017844405083,0.6590084643288996,-0.11861797115277348,0.7615181497032614,-0.514659164620427,-0.055440075019699386,0.30403602401601065,1.0,test,0.10938578119011699,-0.09422969973648077
expr_depth_imbalance__q90,expr_depth_imbalance,alphaforge_primitive,2,0.9,145,69.52032366419039,-0.30479676335809613,0.48408497075978574,0.6758620689655173,-0.2102046643848941,0.7847754163119715,-0.3172434793977851,-0.008208066640421063,0.49514563106796117,1.0,latest72h,0.10938578119011699,-0.09422969973648077
expr_depth_imbalance__q90,expr_depth_imbalance,alphaforge_primitive,2,0.9,2962,0.00022096280126049535,-0.9999977903719874,0.9999990599355529,0.6269412559081702,-0.03376089771681256,0.7524602075067965,-0.7212446217615676,-0.05084418923084699,0.3263558905456333,0.9906603309847616,full,0.10938578119011699,-0.09422969973648077
expr_depth_imbalance__q95,expr_depth_imbalance,alphaforge_primitive,2,0.95,635,3.122047165669908,-0.9687795283433009,0.9838480483325345,0.5433070866141733,-0.1525637052509136,0.6813915742201894,-0.6571395874219839,-0.022658542303702456,0.3710235701335092,0.9208834679413219,train,0.1550159566498392,-0.1352351045809191
expr_depth_imbalance__q95,expr_depth_imbalance,alphaforge_primitive,2,0.95,257,52.344076451343305,-0.476559235486567,0.5267769115330203,0.754863813229572,-0.18543160913874215,0.7678496052777256,-0.2860509035918727,-0.009585244827325035,0.41410940627084725,0.9666444296197465,validation,0.1550159566498392,-0.1352351045809191
expr_depth_imbalance__q95,expr_depth_imbalance,alphaforge_primitive,2,0.95,360,17.052797597783435,-0.8294720240221657,0.858583398923141,0.7361111111111112,-0.2304088955617125,0.5424112852784035,-0.3479907318430293,-0.034581766315789686,0.3589059372915277,0.9983322214809873,test,0.1550159566498392,-0.1352351045809191
expr_depth_imbalance__q95,expr_depth_imbalance,alphaforge_primitive,2,0.95,71,78.90398038649609,-0.21096019613503914,0.3349485576832364,0.7464788732394366,-0.29712703680991476,0.6556349402644404,-0.2148620418630368,0.004410500301039955,0.5936199722607489,1.0,latest72h,0.1550159566498392,-0.1352351045809191
expr_depth_imbalance__q95,expr_depth_imbalance,alphaforge_primitive,2,0.95,1252,0.2786779703012777,-0.9972132202969872,0.9983305983394029,0.6421725239616614,-0.07964961823458368,0.6818458910138818,-0.6571395874219839,-0.019684024823757307,0.3787481566442733,0.9520727511060134,full,0.1550159566498392,-0.1352351045809191
expr_depth_imbalance_tanh__q70,expr_depth_imbalance_tanh,alphaforge_unary,2,0.7,4543,2.3429087097837195e-09,-0.999999999976571,0.9999999999904663,0.45388509795289456,-0.022011886418150408,0.8867730552528387,-0.8193202115129211,-0.2448520907934837,0.24064611834514588,1.0,train,0.038748711168618076,-0.02435197576514252
expr_depth_imbalance_tanh__q70,expr_depth_imbalance_tanh,alphaforge_unary,2,0.7,3093,0.14606066940012521,-0.9985393933059987,0.9991770038512818,0.566763659877142,-0.03228384718092475,0.9117239256468139,-0.7667657263810841,-0.11085204945568738,0.3350567044696464,1.0,validation,0.038748711168618076,-0.02435197576514252
expr_depth_imbalance_tanh__q70,expr_depth_imbalance_tanh,alphaforge_unary,2,0.7,2900,0.008790974312293613,-0.9999120902568771,0.9999540789161682,0.5396551724137931,-0.03447972725023716,0.7881974995969134,-0.8204129466020035,-0.19139456238489772,0.27284856571047367,1.0,test,0.038748711168618076,-0.02435197576514252
expr_depth_imbalance_tanh__q70,expr_depth_imbalance_tanh,alphaforge_unary,2,0.7,347,44.624757820271455,-0.5537524217972855,0.732574190567154,0.6167146974063401,-0.15958283048913163,0.8057710526611813,-0.6620535656328453,-0.08998970482648039,0.3342579750346741,1.0,latest72h,0.038748711168618076,-0.02435197576514252
expr_depth_imbalance_tanh__q70,expr_depth_imbalance_tanh,alphaforge_unary,2,0.7,10536,3.008331315712045e-16,-1.0,1.0,0.5106302201974183,-0.009491268033409283,0.8867730552535854,-0.8204129466020035,-0.19060345157932634,0.27433229559233163,1.0,full,0.038748711168618076,-0.02435197576514252
expr_depth_imbalance_tanh__q75,expr_depth_imbalance_tanh,alphaforge_unary,2,0.75,3752,1.4537737346760435e-07,-0.9999999985462262,0.999999999503927,0.4650852878464819,-0.026652451986839788,0.8933188834725843,-0.8291984617852836,-0.17530216625183936,0.2847371023570133,1.0,train,0.05086723975956321,-0.03582266274999986
expr_depth_imbalance_tanh__q75,expr_depth_imbalance_tanh,alphaforge_unary,2,0.75,2474,0.4841317100710956,-0.995158682899289,0.9976651004620367,0.5966046887631367,-0.04022468402988263,0.9143510927510192,-0.7307182672560377,-0.10531136030222343,0.3413942628418946,1.0,validation,0.05086723975956321,-0.03582266274999986
expr_depth_imbalance_tanh__q75,expr_depth_imbalance_tanh,alphaforge_unary,2,0.75,2364,0.0977526235570108,-0.9990224737644299,0.9995706166874722,0.5587986463620981,-0.042259833915585014,0.838623795624133,-0.7385755535146343,-0.16074200330598803,0.3090393595730487,1.0,test,0.05086723975956321,-0.03582266274999986
expr_depth_imbalance_tanh__q75,expr_depth_imbalance_tanh,alphaforge_unary,2,0.75,288,66.24823486253337,-0.3375176513746664,0.6701122907654808,0.6388888888888888,-0.11719362894953772,0.8817314445032365,-0.5767856160400787,-0.07434024739637268,0.4133148404993065,1.0,latest72h,0.05086723975956321,-0.03582266274999986
expr_depth_imbalance_tanh__q75,expr_depth_imbalance_tanh,alphaforge_unary,2,0.75,8590,6.880005250956341e-13,-0.9999999999999931,0.9999999999999983,0.5287543655413272,-0.011641443538998786,0.8933188835102301,-0.8291984617852836,-0.1506857384184377,0.3053416352613469,1.0,full,0.05086723975956321,-0.03582266274999986
expr_depth_imbalance_tanh__q80,expr_depth_imbalance_tanh,alphaforge_unary,2,0.8,2989,9.383012929308338e-07,-0.9999999906169871,0.9999999968837946,0.477751756440281,-0.03345600503904282,0.8585265040190143,-0.7831976836253914,-0.16174892996609086,0.25918905554639854,1.0,train,0.06398631810801544,-0.049902549895028736
expr_depth_imbalance_tanh__q80,expr_depth_imbalance_tanh,alphaforge_unary,2,0.8,1839,3.444682907441859,-0.9655531709255815,0.9871505361911834,0.6438281674823274,-0.05250425073004807,0.8921941144317025,-0.6872614503370471,-0.08039746558473138,0.3705803869246164,1.0,validation,0.06398631810801544,-0.049902549895028736
expr_depth_imbalance_tanh__q80,expr_depth_imbalance_tanh,alphaforge_unary,2,0.8,1851,0.44705398438998556,-0.9955294601561001,0.99828252322624,0.5845488924905456,-0.05378333118077264,0.871164077204048,-0.6778517904008545,-0.11647104852120649,0.32521681120747165,1.0,test,0.06398631810801544,-0.049902549895028736
expr_depth_imbalance_tanh__q80,expr_depth_imbalance_tanh,alphaforge_unary,2,0.8,244,83.52029259163206,-0.16479707408367938,0.6255044336514235,0.6557377049180327,-0.06753978446052508,0.9358675039375846,-0.5122962827117408,-0.03886376511915879,0.37586685159500693,1.0,latest72h,0.06398631810801544,-0.049902549895028736
expr_depth_imbalance_tanh__q80,expr_depth_imbalance_tanh,alphaforge_unary,2,0.8,6679,1.444945725996966e-10,-0.999999999998555,0.9999999999996629,0.5530768079053751,-0.014972301242679412,0.8585265044237591,-0.7831976836253914,-0.12284197043243272,0.3054645256431263,1.0,full,0.06398631810801544,-0.049902549895028736
expr_depth_imbalance_tanh__q85,expr_depth_imbalance_tanh,alphaforge_unary,2,0.85,2190,8.941175158168609e-05,-0.9999991058824842,0.9999997607058184,0.5073059360730594,-0.04566205962933726,0.7171722898823737,-0.7778273543005555,-0.12346032364189585,0.2741882314158563,1.0,train,0.08266522911298188,-0.06854954900823025
expr_depth_imbalance_tanh__q85,expr_depth_imbalance_tanh,alphaforge_unary,2,0.85,1277,9.251570327951175,-0.9074842967204882,0.9657368371176708,0.6914643696162882,-0.07106376638375043,0.9291473520397904,-0.5318958028781187,-0.056730916647416585,0.36941294196130753,1.0,validation,0.08266522911298188,-0.06854954900823025
expr_depth_imbalance_tanh__q85,expr_depth_imbalance_tanh,alphaforge_unary,2,0.85,1301,1.8454037903758669,-0.9815459620962413,0.9915230706507779,0.6179861644888547,-0.07544550054544516,0.8570959963384632,-0.6198217184813133,-0.0761356113587951,0.35190126751167444,1.0,test,0.08266522911298188,-0.06854954900823025
expr_depth_imbalance_tanh__q85,expr_depth_imbalance_tanh,alphaforge_unary,2,0.85,187,83.46569212717348,-0.16534307872826515,0.5262322755997222,0.679144385026738,-0.0884187586782173,0.9134777650152249,-0.38820587590998146,-0.011350716866561195,0.4882108183079057,1.0,latest72h,0.08266522911298188,-0.06854954900823025
expr_depth_imbalance_tanh__q85,expr_depth_imbalance_tanh,alphaforge_unary,2,0.85,4768,1.5265163691202304e-07,-0.9999999984734836,0.9999999992981964,0.5868288590604027,-0.020973154330400277,0.7171729989346999,-0.7778273543005555,-0.08928836046227473,0.31947402916598394,1.0,full,0.08266522911298188,-0.06854954900823025
expr_depth_imbalance_tanh__q90,expr_depth_imbalance_tanh,alphaforge_unary,2,0.9,1409,0.01992269745254518,-0.9998007730254745,0.9999174197422921,0.5521646557842441,-0.070958181194143,0.7523709211517167,-0.7212446217615676,-0.07639851068546866,0.28308884127245754,0.9832701499917587,train,0.10895158308328996,-0.0939517907941165
expr_depth_imbalance_tanh__q90,expr_depth_imbalance_tanh,alphaforge_unary,2,0.9,726,58.283607022172255,-0.41716392977827743,0.7931036042664277,0.7355371900826446,-0.057460596388193085,0.95316597848468,-0.32321752111377655,-0.01934194927618893,0.4212808539026017,0.9958305537024683,validation,0.10895158308328996,-0.0939517907941165
expr_depth_imbalance_tanh__q90,expr_depth_imbalance_tanh,alphaforge_unary,2,0.9,827,1.9029378566562676,-0.9809706214334373,0.987017844405083,0.6590084643288996,-0.11861797115277348,0.7615181497032614,-0.514659164620427,-0.055440075019699386,0.30403602401601065,1.0,test,0.10895158308328996,-0.0939517907941165
expr_depth_imbalance_tanh__q90,expr_depth_imbalance_tanh,alphaforge_unary,2,0.9,145,69.52032366419039,-0.30479676335809613,0.48408497075978574,0.6758620689655173,-0.2102046643848941,0.7847754163119715,-0.3172434793977851,-0.008208066640421063,0.49514563106796117,1.0,latest72h,0.10895158308328996,-0.0939517907941165
expr_depth_imbalance_tanh__q90,expr_depth_imbalance_tanh,alphaforge_unary,2,0.9,2962,0.00022096280126049535,-0.9999977903719874,0.9999990599355529,0.6269412559081702,-0.03376089771681256,0.7524602075067965,-0.7212446217615676,-0.05084418923084699,0.3263558905456333,0.9906603309847616,full,0.10895158308328996,-0.0939517907941165
expr_depth_imbalance_tanh__q95,expr_depth_imbalance_tanh,alphaforge_unary,2,0.95,635,3.122047165669908,-0.9687795283433009,0.9838480483325345,0.5433070866141733,-0.1525637052509136,0.6813915742201894,-0.6571395874219839,-0.022658542303702456,0.3710235701335092,0.9208834679413219,train,0.15378610147164912,-0.13441667394064571
expr_depth_imbalance_tanh__q95,expr_depth_imbalance_tanh,alphaforge_unary,2,0.95,257,52.344076451343305,-0.476559235486567,0.5267769115330203,0.754863813229572,-0.18543160913874215,0.7678496052777256,-0.2860509035918727,-0.009585244827325035,0.41410940627084725,0.9666444296197465,validation,0.15378610147164912,-0.13441667394064571
expr_depth_imbalance_tanh__q95,expr_depth_imbalance_tanh,alphaforge_unary,2,0.95,360,17.052797597783435,-0.8294720240221657,0.858583398923141,0.7361111111111112,-0.2304088955617125,0.5424112852784035,-0.3479907318430293,-0.034581766315789686,0.3589059372915277,0.9983322214809873,test,0.15378610147164912,-0.13441667394064571
expr_depth_imbalance_tanh__q95,expr_depth_imbalance_tanh,alphaforge_unary,2,0.95,71,78.90398038649609,-0.21096019613503914,0.3349485576832364,0.7464788732394366,-0.29712703680991476,0.6556349402644404,-0.2148620418630368,0.004410500301039955,0.5936199722607489,1.0,latest72h,0.15378610147164912,-0.13441667394064571
expr_depth_imbalance_tanh__q95,expr_depth_imbalance_tanh,alphaforge_unary,2,0.95,1252,0.2786779703012777,-0.9972132202969872,0.9983305983394029,0.6421725239616614,-0.07964961823458368,0.6818458910138818,-0.6571395874219839,-0.019684024823757307,0.3787481566442733,0.9520727511060134,full,0.15378610147164912,-0.13441667394064571
expr_depth_imbalance_signed_log__q70,expr_depth_imbalance_signed_log,alphaforge_unary,2,0.7,4559,1.7687071349020012e-09,-0.9999999999823129,0.9999999999928029,0.4536082474226804,-0.02193463478794286,0.8867656736236812,-0.8193202115129211,-0.24586069059865284,0.2372671831218065,1.0,train,0.0378429492143225,-0.023877358025427772
expr_depth_imbalance_signed_log__q70,expr_depth_imbalance_signed_log,alphaforge_unary,2,0.7,3104,0.15927104448690058,-0.998407289555131,0.9990633169472284,0.5660438144329897,-0.03216518329752367,0.9184507377149663,-0.7391507883846042,-0.11424602285178681,0.3273849232821881,1.0,validation,0.0378429492143225,-0.023877358025427772
expr_depth_imbalance_signed_log__q70,expr_depth_imbalance_signed_log,alphaforge_unary,2,0.7,2912,0.012981922769078103,-0.9998701807723093,0.9999361180145155,0.5398351648351648,-0.03433620126278539,0.7966973110091786,-0.8204129466020035,-0.17693808842517034,0.27751834556370913,1.0,test,0.0378429492143225,-0.023877358025427772
expr_depth_imbalance_signed_log__q70,expr_depth_imbalance_signed_log,alphaforge_unary,2,0.7,348,42.80178899016673,-0.5719821100983327,0.7434988193780279,0.6149425287356322,-0.16436267531561305,0.7939109773683961,-0.6758590369942272,-0.08998970482648039,0.3342579750346741,1.0,latest72h,0.0378429492143225,-0.023877358025427772
expr_depth_imbalance_signed_log__q70,expr_depth_imbalance_signed_log,alphaforge_unary,2,0.7,10575,3.657057400738051e-16,-1.0,1.0,0.510354609929078,-0.009456264775413729,0.8867656736244567,-0.8204129466020035,-0.18913708510054067,0.27183352449614945,1.0,full,0.0378429492143225,-0.023877358025427772
expr_depth_imbalance_signed_log__q75,expr_depth_imbalance_signed_log,alphaforge_unary,2,0.75,3766,1.5781353383777412e-07,-0.9999999984218647,0.9999999995042034,0.46521508231545405,-0.026553372236374596,0.8933137989078345,-0.8291984617852836,-0.174093316678113,0.28572605900774684,1.0,train,0.0495252431238617,-0.03496756859831271
expr_depth_imbalance_signed_log__q75,expr_depth_imbalance_signed_log,alphaforge_unary,2,0.75,2487,0.46628710793797706,-0.9953371289206202,0.997761224395611,0.5958986731001207,-0.04002159746363592,0.9148015561830958,-0.7307182672560377,-0.10428873589543808,0.3338892595063376,1.0,validation,0.0495252431238617,-0.03496756859831271
expr_depth_imbalance_signed_log__q75,expr_depth_imbalance_signed_log,alphaforge_unary,2,0.75,2373,0.08520103549976533,-0.9991479896450024,0.9996204967946074,0.5583649388959123,-0.042104845749894766,0.8302153149001574,-0.7385755535146343,-0.16333616491370379,0.31087391594396263,1.0,test,0.0495252431238617,-0.03496756859831271
expr_depth_imbalance_signed_log__q75,expr_depth_imbalance_signed_log,alphaforge_unary,2,0.75,288,66.24823486253337,-0.3375176513746664,0.6701122907654808,0.6388888888888888,-0.11719362894953772,0.8817314445032365,-0.5767856160400787,-0.07434024739637268,0.4133148404993065,1.0,latest72h,0.0495252431238617,-0.03496756859831271
expr_depth_imbalance_signed_log__q75,expr_depth_imbalance_signed_log,alphaforge_unary,2,0.75,8626,6.269638866342637e-13,-0.9999999999999938,0.9999999999999986,0.5285184326454904,-0.011592858798979786,0.8933137989498082,-0.8291984617852836,-0.15160679722745463,0.30444043912829755,1.0,full,0.0495252431238617,-0.03496756859831271
expr_depth_imbalance_signed_log__q80,expr_depth_imbalance_signed_log,alphaforge_unary,2,0.8,2997,8.33694825814245e-07,-0.9999999916630518,0.9999999969906083,0.47781114447781114,-0.03336669975519034,0.8585229760343855,-0.7831976836253914,-0.16174892996609086,0.25861216416680405,1.0,train,0.061945058469488126,-0.048452793941641426
expr_depth_imbalance_signed_log__q80,expr_depth_imbalance_signed_log,alphaforge_unary,2,0.8,1852,2.5389329853123233,-0.9746106701468767,0.9888510086138665,0.6414686825053996,-0.05262476620663505,0.884264618663139,-0.6872614503370471,-0.08867029026874051,0.3509006004002668,1.0,validation,0.061945058469488126,-0.048452793941641426
expr_depth_imbalance_signed_log__q80,expr_depth_imbalance_signed_log,alphaforge_unary,2,0.8,1859,0.46219558445004216,-0.9953780441554996,0.9982243527427442,0.584722969338354,-0.05354373556511577,0.8613931059267771,-0.6744487706123247,-0.11799974237632094,0.32505003335557037,1.0,test,0.061945058469488126,-0.048452793941641426
expr_depth_imbalance_signed_log__q80,expr_depth_imbalance_signed_log,alphaforge_unary,2,0.8,244,83.52029259163206,-0.16479707408367938,0.6255044336514235,0.6557377049180327,-0.06753978446052508,0.9358675039375846,-0.5122962827117408,-0.03886376511915879,0.37586685159500693,1.0,latest72h,0.061945058469488126,-0.048452793941641426
expr_depth_imbalance_signed_log__q80,expr_depth_imbalance_signed_log,alphaforge_unary,2,0.8,6708,9.783272180249046e-11,-0.9999999999990217,0.9999999999997717,0.552623732856291,-0.014907573047093385,0.8585229762906812,-0.7831976836253914,-0.1251135984300763,0.30022120268720304,1.0,full,0.061945058469488126,-0.048452793941641426
expr_depth_imbalance_signed_log__q85,expr_depth_imbalance_signed_log,alphaforge_unary,2,0.85,2197,8.127839503879327e-05,-0.9999991872160496,0.9999997841377382,0.5075102412380519,-0.04551657656877794,0.7172396520274698,-0.7778273543005555,-0.12593212646250418,0.2717982528432504,1.0,train,0.07934494626497221,-0.06626150058604924
expr_depth_imbalance_signed_log__q85,expr_depth_imbalance_signed_log,alphaforge_unary,2,0.85,1279,8.903310174508636,-0.9109668982549136,0.9670266175484346,0.691164972634871,-0.07122493340538848,0.928841172442981,-0.5318958028781187,-0.056783113132398255,0.3712474983322215,1.0,validation,0.07934494626497221,-0.06626150058604924
expr_depth_imbalance_signed_log__q85,expr_depth_imbalance_signed_log,alphaforge_unary,2,0.85,1304,1.702701797772059,-0.9829729820222795,0.9918434995827721,0.6173312883435583,-0.07538136365201538,0.8559400121213662,-0.6198217184813133,-0.07830647799147816,0.3510673782521681,1.0,test,0.07934494626497221,-0.06626150058604924
expr_depth_imbalance_signed_log__q85,expr_depth_imbalance_signed_log,alphaforge_unary,2,0.85,188,80.03683126140857,-0.1996316873859143,0.5262322755997222,0.675531914893617,-0.10618706775846597,0.8952200108842601,-0.38820587590998146,-0.011350716866561195,0.4882108183079057,1.0,latest72h,0.07934494626497221,-0.06626150058604924
expr_depth_imbalance_signed_log__q85,expr_depth_imbalance_signed_log,alphaforge_unary,2,0.85,4780,1.2321546417862842e-07,-0.9999999987678454,0.9999999994092585,0.5866108786610879,-0.02092050206627295,0.7172402939583469,-0.7778273543005555,-0.09043949807975077,0.3185318695723415,1.0,full,0.07934494626497221,-0.06626150058604924
expr_depth_imbalance_signed_log__q90,expr_depth_imbalance_signed_log,alphaforge_unary,2,0.9,1412,0.023608276731750803,-0.9997639172326825,0.9999029477148104,0.5531161473087819,-0.07080481000231466,0.7536862407917139,-0.7212446217615676,-0.07265788517108462,0.2891049942310862,0.9832701499917587,train,0.10360156759618233,-0.09000686515495175
expr_depth_imbalance_signed_log__q90,expr_depth_imbalance_signed_log,alphaforge_unary,2,0.9,728,56.40789013889034,-0.4359210986110966,0.8016464231870396,0.7348901098901099,-0.05987927178723919,0.9514382789720814,-0.32321752111377655,-0.019459484848877273,0.4276184122748499,0.9958305537024683,validation,0.10360156759618233,-0.09000686515495175
expr_depth_imbalance_signed_log__q90,expr_depth_imbalance_signed_log,alphaforge_unary,2,0.9,831,1.6774096155978555,-0.9832259038440214,0.9885564352246554,0.6570397111913358,-0.11831839998122999,0.755992166563883,-0.514659164620427,-0.05575424819683317,0.3033689126084056,1.0,test,0.10360156759618233,-0.09000686515495175
expr_depth_imbalance_signed_log__q90,expr_depth_imbalance_signed_log,alphaforge_unary,2,0.9,145,69.52032366419039,-0.30479676335809613,0.48408497075978574,0.6758620689655173,-0.2102046643848941,0.7847754163119715,-0.3172434793977851,-0.008208066640421063,0.49514563106796117,1.0,latest72h,0.10360156759618233,-0.09000686515495175
expr_depth_imbalance_signed_log__q90,expr_depth_imbalance_signed_log,alphaforge_unary,2,0.9,2971,0.00022337947778417082,-0.9999977662052222,0.9999990496540409,0.6267250084146752,-0.033658625587520107,0.7537897279849204,-0.7212446217615676,-0.04898574415973156,0.3307389808291004,0.9906603309847616,full,0.10360156759618233,-0.09000686515495175
expr_depth_imbalance_signed_log__q95,expr_depth_imbalance_signed_log,alphaforge_unary,2,0.95,637,3.1772739702331556,-0.9682272602976685,0.9835623317399529,0.5447409733124019,-0.1519980000467298,0.6816511204106684,-0.6571395874219839,-0.022658542303702456,0.3710235701335092,0.9208834679413219,train,0.14362727999768607,-0.12661478315696592
expr_depth_imbalance_signed_log__q95,expr_depth_imbalance_signed_log,alphaforge_unary,2,0.95,261,48.83125467816243,-0.5116874532183757,0.5585350106616571,0.7509578544061303,-0.19604883265071885,0.7532338917040121,-0.2860509035918727,-0.012643344618857855,0.409606404269513,0.9666444296197465,validation,0.14362727999768607,-0.12661478315696592
expr_depth_imbalance_signed_log__q95,expr_depth_imbalance_signed_log,alphaforge_unary,2,0.95,365,16.666690672223613,-0.8333330932777638,0.8617853327261906,0.7342465753424657,-0.22831043651445562,0.5475069604591378,-0.3744850767078205,-0.034581766315789686,0.3602401601067378,0.9983322214809873,test,0.14362727999768607,-0.12661478315696592
expr_depth_imbalance_signed_log__q95,expr_depth_imbalance_signed_log,alphaforge_unary,2,0.95,72,75.6977234057115,-0.24302276594288497,0.36197287025991753,0.7361111111111112,-0.3375316193651187,0.6137803223231576,-0.24676606047939587,0.0038154535274355084,0.5839112343966713,1.0,latest72h,0.14362727999768607,-0.12661478315696592
expr_depth_imbalance_signed_log__q95,expr_depth_imbalance_signed_log,alphaforge_unary,2,0.95,1263,0.2585841631514605,-0.9974141583684853,0.9984509689413107,0.6421219319081551,-0.07897182568238209,0.6819327536902053,-0.6571395874219839,-0.01980926801156846,0.37796985089300345,0.9520727511060134,full,0.14362727999768607,-0.12661478315696592
expr_depth_imbalance_rollz60__q70,expr_depth_imbalance_rollz60,alphaforge_unary,2,0.7,4516,9.758293351477898e-09,-0.9999999999024171,0.99999999997922,0.4559344552701506,-0.02214348981183391,0.9258172726822412,-0.8482164730340105,-0.20560674237327314,0.28242953683863525,1.0,train,0.37367726351357156,-0.4157796578663454
expr_depth_imbalance_rollz60__q70,expr_depth_imbalance_rollz60,alphaforge_unary,2,0.7,2728,0.21861861791707807,-0.9978138138208292,0.999057762122582,0.5773460410557185,-0.036576752706042284,0.9183845961374393,-0.7314584293018771,-0.1117892799390926,0.3485657104736491,1.0,validation,0.37367726351357156,-0.4157796578663454
expr_depth_imbalance_rollz60__q70,expr_depth_imbalance_rollz60,alphaforge_unary,2,0.7,2505,0.12509712062251066,-0.9987490287937749,0.9992249133821878,0.5528942115768463,-0.039870220710330424,0.8579698130035419,-0.7839078486782294,-0.12253966953396789,0.3455637091394263,1.0,test,0.37367726351357156,-0.4157796578663454
expr_depth_imbalance_rollz60__q70,expr_depth_imbalance_rollz60,alphaforge_unary,2,0.7,325,38.581759951597384,-0.6141824004840262,0.7290057702397723,0.6,-0.1889792001489315,0.7754792262864172,-0.6529241188265116,-0.07273227002736282,0.3217753120665742,1.0,latest72h,0.37367726351357156,-0.4157796578663454
expr_depth_imbalance_rollz60__q70,expr_depth_imbalance_rollz60,alphaforge_unary,2,0.7,9749,2.6687526747232906e-14,-0.9999999999999998,1.0,0.5148220330290286,-0.010257462303826055,0.9258172726815763,-0.8482164730340105,-0.14996538849192853,0.3148451581189579,1.0,full,0.37367726351357156,-0.4157796578663454
expr_depth_imbalance_rollz60__q75,expr_depth_imbalance_rollz60,alphaforge_unary,2,0.75,3738,9.794269158728623e-08,-0.9999999990205731,0.999999999854576,0.45880149812734083,-0.02675227391708335,0.8576017004653879,-0.8115149020430156,-0.18455397179503064,0.2837481457062799,1.0,train,0.5215173576479977,-0.5520665557471566
expr_depth_imbalance_rollz60__q75,expr_depth_imbalance_rollz60,alphaforge_unary,2,0.75,2137,1.4935734363757862,-0.9850642656362422,0.9931515973857911,0.6013102480112307,-0.046095660535154195,0.903926265037296,-0.6676739924997122,-0.07812847581369631,0.3592394929953302,1.0,validation,0.5215173576479977,-0.5520665557471566
expr_depth_imbalance_rollz60__q75,expr_depth_imbalance_rollz60,alphaforge_unary,2,0.75,1946,0.41137978278085474,-0.9958862021721915,0.9982427909202838,0.5668036998972251,-0.051176063832075694,0.872153914737161,-0.7779058245903714,-0.06767068326917902,0.40126751167444963,1.0,test,0.5215173576479977,-0.5520665557471566
expr_depth_imbalance_rollz60__q75,expr_depth_imbalance_rollz60,alphaforge_unary,2,0.75,253,68.3989016638513,-0.3160109833614869,0.6540782063245485,0.616600790513834,-0.12490552702035108,0.8861719743593949,-0.5495077650411783,-0.026108458211887786,0.43966712898751736,1.0,latest72h,0.5215173576479977,-0.5520665557471566
expr_depth_imbalance_rollz60__q75,expr_depth_imbalance_rollz60,alphaforge_unary,2,0.75,7821,6.017852797673961e-12,-0.9999999999999398,0.9999999999999818,0.5246132208157525,-0.012786088735455085,0.8576017005318682,-0.8115149020430156,-0.12008556740267462,0.3293052597083402,1.0,full,0.5215173576479977,-0.5520665557471566
expr_depth_imbalance_rollz60__q80,expr_depth_imbalance_rollz60,alphaforge_unary,2,0.8,2969,1.449284134871464e-07,-0.9999999985507159,0.9999999995431198,0.450993600538902,-0.03368137415125351,0.7204833800351136,-0.7558896074485482,-0.17707588682875414,0.26883138289104996,1.0,train,0.6994308160087946,-0.7116912369418301
expr_depth_imbalance_rollz60__q80,expr_depth_imbalance_rollz60,alphaforge_unary,2,0.8,1537,6.3992588492215825,-0.9360074115077842,0.9759181394992885,0.6337020169160703,-0.060898335166414415,0.9084493421208878,-0.667474464800579,-0.06154241580261788,0.37141427618412276,1.0,validation,0.6994308160087946,-0.7116912369418301
expr_depth_imbalance_rollz60__q80,expr_depth_imbalance_rollz60,alphaforge_unary,2,0.8,1428,0.9046464429731319,-0.9909535355702687,0.9961727137523743,0.5889355742296919,-0.06939450529203584,0.8593912328049376,-0.6779147441379716,-0.0746703115127737,0.36374249499666444,1.0,test,0.6994308160087946,-0.7116912369418301
expr_depth_imbalance_rollz60__q80,expr_depth_imbalance_rollz60,alphaforge_unary,2,0.8,204,80.25651136134067,-0.19743488638659334,0.5807823993671055,0.6323529411764706,-0.09678180705225227,0.917408518924105,-0.517796093488578,0.018281364389035826,0.507628294036061,1.0,latest72h,0.6994308160087946,-0.7116912369418301
expr_depth_imbalance_rollz60__q80,expr_depth_imbalance_rollz60,alphaforge_unary,2,0.8,5934,8.390002604621231e-11,-0.999999999999161,0.9999999999996498,0.5315133131108865,-0.016852039096716582,0.7204833808389908,-0.7558896074485482,-0.10724614718500214,0.31713911191217437,1.0,full,0.6994308160087946,-0.7116912369418301
expr_depth_imbalance_rollz60__q85,expr_depth_imbalance_rollz60,alphaforge_unary,2,0.85,2196,7.3732436615808595e-06,-0.9999999262675634,0.9999999803817583,0.44808743169398907,-0.04553733726172877,0.7821443396184821,-0.7241893214021213,-0.1442316217803552,0.2937201252678424,1.0,train,0.9012323294042008,-0.9090334101184905
expr_depth_imbalance_rollz60__q85,expr_depth_imbalance_rollz60,alphaforge_unary,2,0.85,1000,20.18556272478035,-0.7981443727521965,0.941013542796232,0.66,-0.07981443727522021,0.9397878295029697,-0.5038884200404163,-0.041096903959491726,0.3757505003335557,1.0,validation,0.9012323294042008,-0.9090334101184905
expr_depth_imbalance_rollz60__q85,expr_depth_imbalance_rollz60,alphaforge_unary,2,0.85,1014,3.185804248296335,-0.9681419575170367,0.9845254246238778,0.6203155818540433,-0.09547751060325804,0.7816865291092447,-0.6038015190335391,-0.06164793916993683,0.3604069379586391,1.0,test,0.9012323294042008,-0.9090334101184905
expr_depth_imbalance_rollz60__q85,expr_depth_imbalance_rollz60,alphaforge_unary,2,0.85,164,88.55485109307996,-0.11445148906920044,0.5262322755997222,0.6646341463414634,-0.06978749333487871,0.9398078769962493,-0.3445401796549866,-0.024018195594369907,0.43966712898751736,1.0,latest72h,0.9012323294042008,-0.9090334101184905
expr_depth_imbalance_rollz60__q85,expr_depth_imbalance_rollz60,alphaforge_unary,2,0.85,4210,4.7415303438966625e-08,-0.999999999525847,0.9999999998483697,0.5399049881235154,-0.023752969109877606,0.7821443731779758,-0.7241893214021213,-0.08144363696145485,0.3313534327379977,1.0,full,0.9012323294042008,-0.9090334101184905
expr_depth_imbalance_rollz60__q90,expr_depth_imbalance_rollz60,alphaforge_unary,2,0.9,1397,0.001992277198921756,-0.9999800772280107,0.9999859510236331,0.44595561918396565,-0.07158053523464654,0.6531822030627996,-0.6384407414416167,-0.095109182136354,0.3010548870941157,1.0,train,1.1666524426347313,-1.151430717409939
expr_depth_imbalance_rollz60__q90,expr_depth_imbalance_rollz60,alphaforge_unary,2,0.9,559,48.34105714762366,-0.5165894285237634,0.8096523717629539,0.6869409660107334,-0.09241313569298086,0.9458139296200697,-0.45482179350791385,-0.008755802195025031,0.4523015343562375,1.0,validation,1.1666524426347313,-1.151430717409939
expr_depth_imbalance_rollz60__q90,expr_depth_imbalance_rollz60,alphaforge_unary,2,0.9,639,2.5282570065386762,-0.9747174299346132,0.9872396000920463,0.621283255086072,-0.1525379389569036,0.548982833963824,-0.5691964924916244,-0.05711644229732615,0.2631754503002001,1.0,test,1.1666524426347313,-1.151430717409939
expr_depth_imbalance_rollz60__q90,expr_depth_imbalance_rollz60,alphaforge_unary,2,0.9,112,88.37197050511509,-0.11628029494884917,0.5262322755997222,0.6428571428571429,-0.1038216919186157,0.9131870358472141,-0.4067772120782811,0.008978633261660818,0.536754507628294,1.0,latest72h,1.1666524426347313,-1.151430717409939
expr_depth_imbalance_rollz60__q90,expr_depth_imbalance_rollz60,alphaforge_unary,2,0.9,2595,2.4349336281113053e-05,-0.9999997565066372,0.9999998816473972,0.5410404624277456,-0.0385356360888878,0.6532007265031593,-0.6384407414416167,-0.05599846084064819,0.331967884646895,1.0,full,1.1666524426347313,-1.151430717409939
expr_depth_imbalance_rollz60__q95,expr_depth_imbalance_rollz60,alphaforge_unary,2,0.95,647,0.6481963276723897,-0.9935180367232761,0.9974566345605961,0.446676970633694,-0.1535576563714495,0.6989043097451652,-0.39005927415422215,-0.04128978873131828,0.34926652381737266,0.9780781275754079,train,1.638237231891009,-1.547415282752126
expr_depth_imbalance_rollz60__q95,expr_depth_imbalance_rollz60,alphaforge_unary,2,0.95,217,79.06882466989988,-0.20931175330100116,0.49053000609328995,0.7188940092165899,-0.09645702917096852,0.9263491801337349,-0.26430843571459717,0.0,0.4718145430286858,0.961974649766511,validation,1.638237231891009,-1.547415282752126
expr_depth_imbalance_rollz60__q95,expr_depth_imbalance_rollz60,alphaforge_unary,2,0.95,297,28.682502838086055,-0.7131749716191395,0.8153322145563272,0.6868686868686869,-0.24012625307041738,0.6179468079449679,-0.44789517847241733,-0.017333820412465784,0.38792528352234823,0.9621414276184123,test,1.638237231891009,-1.547415282752126
expr_depth_imbalance_rollz60__q95,expr_depth_imbalance_rollz60,alphaforge_unary,2,0.95,68,87.59355738320255,-0.12406442616797453,0.41311516695416617,0.6617647058823529,-0.1824476855411398,0.839522262133958,-0.3259545974327287,0.031924260886979416,0.5783633841886269,1.0,latest72h,1.638237231891009,-1.547415282752126
expr_depth_imbalance_rollz60__q95,expr_depth_imbalance_rollz60,alphaforge_unary,2,0.95,1161,0.1470039128539019,-0.998529960871461,0.9993540813765358,0.5590008613264428,-0.0860060259148547,0.699930650544842,-0.44789517847241733,-0.023532007840873725,0.39341307553662136,0.9704653449123382,full,1.638237231891009,-1.547415282752126
expr_book_pressure_delta__q70,expr_book_pressure_delta,alphaforge_primitive,2,0.7,4532,4.0018136413997595e-09,-0.9999999999599819,0.9999999999832939,0.45410414827890555,-0.0220653133265663,0.8783075115111191,-0.827029215821703,-0.24154849694344616,0.2507005109609362,1.0,train,0.07436976138800033,-0.05025671505050366
expr_book_pressure_delta__q70,expr_book_pressure_delta,alphaforge_primitive,2,0.7,3114,0.15744608380848307,-0.9984255391619151,0.9993384301967432,0.5655105973025049,-0.032062477172829805,0.9181742365522633,-0.7950483492865787,-0.12335515252067725,0.32521681120747165,1.0,validation,0.07436976138800033,-0.05025671505050366
expr_book_pressure_delta__q70,expr_book_pressure_delta,alphaforge_primitive,2,0.7,2898,0.014380754654535295,-0.9998561924534547,0.9999289183822192,0.5403726708074534,-0.034501593942493275,0.7878277629837273,-0.8228250568987956,-0.1680521423620872,0.27368245496998,1.0,test,0.07436976138800033,-0.05025671505050366
expr_book_pressure_delta__q70,expr_book_pressure_delta,alphaforge_primitive,2,0.7,349,47.15344600884258,-0.5284655399115742,0.7326123210195374,0.6189111747851003,-0.15142279080560922,0.8288326022826011,-0.6621017511481145,-0.09445885199085469,0.3300970873786408,1.0,latest72h,0.07436976138800033,-0.05025671505050366
expr_book_pressure_delta__q70,expr_book_pressure_delta,alphaforge_primitive,2,0.7,10544,9.06088044534219e-16,-1.0,1.0,0.5107169954476479,-0.009484066767830073,0.8783075115134847,-0.827029215821703,-0.18385664163617155,0.2785924954940193,1.0,full,0.07436976138800033,-0.05025671505050366
expr_book_pressure_delta__q75,expr_book_pressure_delta,alphaforge_primitive,2,0.75,3749,4.737651471144653e-07,-0.9999999952623485,0.9999999981079682,0.46759135769538546,-0.026673779548208872,0.8812995078130967,-0.8272464442056868,-0.16548213123080108,0.28465468930278554,1.0,train,0.09801320343610279,-0.07353123381691805
expr_book_pressure_delta__q75,expr_book_pressure_delta,alphaforge_primitive,2,0.75,2498,0.443824679289892,-0.995561753207101,0.9976964947960956,0.5984787830264211,-0.03985435361117319,0.9177535843650018,-0.7235251595850601,-0.10782480636410441,0.3468979319546364,1.0,validation,0.09801320343610279,-0.07353123381691805
expr_book_pressure_delta__q75,expr_book_pressure_delta,alphaforge_primitive,2,0.75,2362,0.08111723257397573,-0.9991888276742602,0.9996877635669442,0.5584250635055038,-0.04230265993540481,0.8264067714960207,-0.7455750970637312,-0.15166381228515702,0.31487658438959304,1.0,test,0.09801320343610279,-0.07353123381691805
expr_book_pressure_delta__q75,expr_book_pressure_delta,alphaforge_primitive,2,0.75,285,84.85153018032808,-0.15148469819671917,0.6255044336514235,0.6526315789473685,-0.05315252568306016,0.9514362954589534,-0.5195580011886356,-0.04054075833787085,0.43966712898751736,1.0,latest72h,0.09801320343610279,-0.07353123381691805
expr_book_pressure_delta__q75,expr_book_pressure_delta,alphaforge_primitive,2,0.75,8609,1.705641215938439e-12,-0.9999999999999829,0.9999999999999961,0.5304913462655361,-0.011615750958299281,0.8812995080604575,-0.8272464442056868,-0.14860609101072786,0.3080042601999017,1.0,full,0.09801320343610279,-0.07353123381691805
expr_book_pressure_delta__q80,expr_book_pressure_delta,alphaforge_primitive,2,0.8,2989,2.0343393880097683e-06,-0.9999999796566061,0.9999999940634828,0.48009367681498827,-0.03345600467235223,0.8186275239933667,-0.8012465215180906,-0.14992410443046877,0.2658645129388495,1.0,train,0.1247073972714499,-0.10173280729323954
expr_book_pressure_delta__q80,expr_book_pressure_delta,alphaforge_primitive,2,0.8,1849,0.9759345708411563,-0.9902406542915885,0.9952290983571944,0.6403461330448891,-0.053555470756711285,0.8855679079496013,-0.6784132660293325,-0.09837669214993561,0.30787191460973984,1.0,validation,0.1247073972714499,-0.10173280729323954
expr_book_pressure_delta__q80,expr_book_pressure_delta,alphaforge_primitive,2,0.8,1854,0.5862851232441071,-0.9941371487675589,0.9982527485102912,0.5852211434735707,-0.05362120543514349,0.8734293139066589,-0.7124547513088889,-0.10413838348297866,0.3468979319546364,1.0,test,0.1247073972714499,-0.10173280729323954
expr_book_pressure_delta__q80,expr_book_pressure_delta,alphaforge_primitive,2,0.8,247,93.126328806912,-0.06873671193088005,0.6692243461590914,0.6558704453441295,-0.027828628312098015,0.9749546356787848,-0.5692325077715066,-0.036009378932249314,0.42441054091539526,1.0,latest72h,0.1247073972714499,-0.10173280729323954
expr_book_pressure_delta__q80,expr_book_pressure_delta,alphaforge_primitive,2,0.8,6692,1.1640000112192381e-10,-0.999999999998836,0.9999999999997058,0.5534967124925284,-0.014943215780018495,0.8186275261462177,-0.8012465215180906,-0.12347062008131615,0.2991561527117811,1.0,full,0.1247073972714499,-0.10173280729323954
expr_book_pressure_delta__q85,expr_book_pressure_delta,alphaforge_primitive,2,0.85,2195,4.500030892049246e-05,-0.9999995499969108,0.9999998641052366,0.5047835990888383,-0.045558066059084856,0.7324045190208262,-0.7778273543005555,-0.12810124183846638,0.2551508158892369,0.9995879347288611,train,0.1621961769895463,-0.13960580356047253
expr_book_pressure_delta__q85,expr_book_pressure_delta,alphaforge_primitive,2,0.85,1296,6.889358231792958,-0.9311064176820705,0.9768700279976668,0.6890432098765432,-0.07184463099398723,0.9277169802787786,-0.5617993689086279,-0.05565961170680567,0.3869246164109406,1.0,validation,0.1621961769895463,-0.13960580356047253
expr_book_pressure_delta__q85,expr_book_pressure_delta,alphaforge_primitive,2,0.85,1301,1.125889134239705,-0.9887411086576029,0.9949744997300086,0.6187548039969254,-0.0759985479367875,0.84892374321441,-0.6168902232985185,-0.07981625655134095,0.3510673782521681,1.0,test,0.1621961769895463,-0.13960580356047253
expr_book_pressure_delta__q85,expr_book_pressure_delta,alphaforge_primitive,2,0.85,193,87.66294524648654,-0.12337054753513454,0.5262322755997222,0.689119170984456,-0.06392256348970796,0.9350844755785274,-0.38820587590998146,0.014641094493529794,0.5450762829403606,1.0,latest72h,0.1621961769895463,-0.13960580356047253
expr_book_pressure_delta__q85,expr_book_pressure_delta,alphaforge_primitive,2,0.85,4792,3.4905180706696606e-08,-0.9999999996509482,0.9999999998475292,0.585559265442404,-0.020868113515253542,0.7324048283082434,-0.7778273543005555,-0.09579160369934614,0.3134114369981976,0.9997951826970343,full,0.1621961769895463,-0.13960580356047253
expr_book_pressure_delta__q90,expr_book_pressure_delta,alphaforge_primitive,2,0.9,1407,0.02913231111747263,-0.9997086768888253,0.9998592393207356,0.5543710021321961,-0.0710525001342449,0.7469917463174002,-0.7212446217615676,-0.06608022710199479,0.31110927970990604,0.9849184110763145,train,0.21429493740564245,-0.18976510778760897
expr_book_pressure_delta__q90,expr_book_pressure_delta,alphaforge_primitive,2,0.9,734,69.51821948357933,-0.30481780516420676,0.7557962348336018,0.7397820163487738,-0.041528311330274265,0.966899919081723,-0.32707927484957067,-0.015398293103448313,0.4471314209472982,0.9986657771847899,validation,0.21429493740564245,-0.18976510778760897
expr_book_pressure_delta__q90,expr_book_pressure_delta,alphaforge_primitive,2,0.9,830,1.7816917577736502,-0.9821830824222635,0.9875773168733447,0.6566265060240963,-0.11833531113521269,0.7386548410051172,-0.514659164620427,-0.056780537868584946,0.3033689126084056,1.0,test,0.21429493740564245,-0.18976510778760897
expr_book_pressure_delta__q90,expr_book_pressure_delta,alphaforge_primitive,2,0.9,148,68.47042175095491,-0.31529578249045087,0.48408497075978574,0.6756756756756757,-0.2130376908719264,0.7770372904664717,-0.34276420682603903,0.004749720893482801,0.507628294036061,1.0,latest72h,0.21429493740564245,-0.18976510778760897
expr_book_pressure_delta__q90,expr_book_pressure_delta,alphaforge_primitive,2,0.9,2971,0.0003608329181527274,-0.9999963916708184,0.999998224486192,0.6287445304611242,-0.033658579322477906,0.7471393217668042,-0.7212446217615676,-0.04331066903796876,0.34581353432738,0.9921759790267082,full,0.21429493740564245,-0.18976510778760897
expr_book_pressure_delta__q95,expr_book_pressure_delta,alphaforge_primitive,2,0.95,635,2.2934277123418676,-0.9770657228765813,0.9864158397512239,0.5417322834645669,-0.15386861777583957,0.6606282569953719,-0.6571395874219839,-0.026882566889436577,0.34316795780451625,0.9009395088181968,train,0.30408090213201794,-0.2697876681337346
expr_book_pressure_delta__q95,expr_book_pressure_delta,alphaforge_primitive,2,0.95,270,55.8026200797426,-0.44197379920257396,0.5511474688124653,0.7666666666666667,-0.1636939997046568,0.8002431309187529,-0.2542314452561345,-0.00632433529448162,0.4377918612408272,0.9668112074716477,validation,0.30408090213201794,-0.2697876681337346
expr_book_pressure_delta__q95,expr_book_pressure_delta,alphaforge_primitive,2,0.95,366,21.826335151983724,-0.7817366484801628,0.8418379737109142,0.7431693989071039,-0.21358924821862355,0.5829610006219097,-0.3744850767078205,-0.01837272565591086,0.3747498332221481,0.9979986657771848,test,0.30408090213201794,-0.2697876681337346
expr_book_pressure_delta__q95,expr_book_pressure_delta,alphaforge_primitive,2,0.95,78,86.6295732928869,-0.13370426707113092,0.36197287025991753,0.7435897435897436,-0.1714157270142705,0.8056490023365429,-0.24676606047939587,0.031412189675260827,0.6269070735090153,1.0,latest72h,0.30408090213201794,-0.2697876681337346
expr_book_pressure_delta__q95,expr_book_pressure_delta,alphaforge_primitive,2,0.95,1271,0.27933185554713424,-0.9972066814445286,0.9985378386094196,0.6475216365066876,-0.07845843284378669,0.6623959368744333,-0.6571395874219839,-0.01695701366938185,0.37461084712436504,0.9421186301818778,full,0.30408090213201794,-0.2697876681337346
expr_book_pressure_delta_tanh__q70,expr_book_pressure_delta_tanh,alphaforge_unary,2,0.7,4532,4.0018136413997595e-09,-0.9999999999599819,0.9999999999832939,0.45410414827890555,-0.0220653133265663,0.8783075115111191,-0.827029215821703,-0.24154849694344616,0.2507005109609362,1.0,train,0.07423295442892883,-0.05021444598845614
expr_book_pressure_delta_tanh__q70,expr_book_pressure_delta_tanh,alphaforge_unary,2,0.7,3114,0.15744608380848307,-0.9984255391619151,0.9993384301967432,0.5655105973025049,-0.032062477172829805,0.9181742365522633,-0.7950483492865787,-0.12335515252067725,0.32521681120747165,1.0,validation,0.07423295442892883,-0.05021444598845614
expr_book_pressure_delta_tanh__q70,expr_book_pressure_delta_tanh,alphaforge_unary,2,0.7,2898,0.014380754654535295,-0.9998561924534547,0.9999289183822192,0.5403726708074534,-0.034501593942493275,0.7878277629837273,-0.8228250568987956,-0.1680521423620872,0.27368245496998,1.0,test,0.07423295442892883,-0.05021444598845614
expr_book_pressure_delta_tanh__q70,expr_book_pressure_delta_tanh,alphaforge_unary,2,0.7,349,47.15344600884258,-0.5284655399115742,0.7326123210195374,0.6189111747851003,-0.15142279080560922,0.8288326022826011,-0.6621017511481145,-0.09445885199085469,0.3300970873786408,1.0,latest72h,0.07423295442892883,-0.05021444598845614
expr_book_pressure_delta_tanh__q70,expr_book_pressure_delta_tanh,alphaforge_unary,2,0.7,10544,9.06088044534219e-16,-1.0,1.0,0.5107169954476479,-0.009484066767830073,0.8783075115134847,-0.827029215821703,-0.18385664163617155,0.2785924954940193,1.0,full,0.07423295442892883,-0.05021444598845614
expr_book_pressure_delta_tanh__q75,expr_book_pressure_delta_tanh,alphaforge_unary,2,0.75,3749,4.737651471144653e-07,-0.9999999952623485,0.9999999981079682,0.46759135769538546,-0.026673779548208872,0.8812995078130967,-0.8272464442056868,-0.16548213123080108,0.28465468930278554,1.0,train,0.09770054731430594,-0.07339899570045111
expr_book_pressure_delta_tanh__q75,expr_book_pressure_delta_tanh,alphaforge_unary,2,0.75,2498,0.443824679289892,-0.995561753207101,0.9976964947960956,0.5984787830264211,-0.03985435361117319,0.9177535843650018,-0.7235251595850601,-0.10782480636410441,0.3468979319546364,1.0,validation,0.09770054731430594,-0.07339899570045111
expr_book_pressure_delta_tanh__q75,expr_book_pressure_delta_tanh,alphaforge_unary,2,0.75,2362,0.08111723257397573,-0.9991888276742602,0.9996877635669442,0.5584250635055038,-0.04230265993540481,0.8264067714960207,-0.7455750970637312,-0.15166381228515702,0.31487658438959304,1.0,test,0.09770054731430594,-0.07339899570045111
expr_book_pressure_delta_tanh__q75,expr_book_pressure_delta_tanh,alphaforge_unary,2,0.75,285,84.85153018032808,-0.15148469819671917,0.6255044336514235,0.6526315789473685,-0.05315252568306016,0.9514362954589534,-0.5195580011886356,-0.04054075833787085,0.43966712898751736,1.0,latest72h,0.09770054731430594,-0.07339899570045111
expr_book_pressure_delta_tanh__q75,expr_book_pressure_delta_tanh,alphaforge_unary,2,0.75,8609,1.705641215938439e-12,-0.9999999999999829,0.9999999999999961,0.5304913462655361,-0.011615750958299281,0.8812995080604575,-0.8272464442056868,-0.14860609101072786,0.3080042601999017,1.0,full,0.09770054731430594,-0.07339899570045111
expr_book_pressure_delta_tanh__q80,expr_book_pressure_delta_tanh,alphaforge_unary,2,0.8,2989,2.0343393880097683e-06,-0.9999999796566061,0.9999999940634828,0.48009367681498827,-0.03345600467235223,0.8186275239933667,-0.8012465215180906,-0.14992410443046877,0.2658645129388495,1.0,train,0.12406491286162245,-0.10138329065909557
expr_book_pressure_delta_tanh__q80,expr_book_pressure_delta_tanh,alphaforge_unary,2,0.8,1849,0.9759345708411563,-0.9902406542915885,0.9952290983571944,0.6403461330448891,-0.053555470756711285,0.8855679079496013,-0.6784132660293325,-0.09837669214993561,0.30787191460973984,1.0,validation,0.12406491286162245,-0.10138329065909557
expr_book_pressure_delta_tanh__q80,expr_book_pressure_delta_tanh,alphaforge_unary,2,0.8,1854,0.5862851232441071,-0.9941371487675589,0.9982527485102912,0.5852211434735707,-0.05362120543514349,0.8734293139066589,-0.7124547513088889,-0.10413838348297866,0.3468979319546364,1.0,test,0.12406491286162245,-0.10138329065909557
expr_book_pressure_delta_tanh__q80,expr_book_pressure_delta_tanh,alphaforge_unary,2,0.8,247,93.126328806912,-0.06873671193088005,0.6692243461590914,0.6558704453441295,-0.027828628312098015,0.9749546356787848,-0.5692325077715066,-0.036009378932249314,0.42441054091539526,1.0,latest72h,0.12406491286162245,-0.10138329065909557
expr_book_pressure_delta_tanh__q80,expr_book_pressure_delta_tanh,alphaforge_unary,2,0.8,6692,1.1640000112192381e-10,-0.999999999998836,0.9999999999997058,0.5534967124925284,-0.014943215780018495,0.8186275261462177,-0.8012465215180906,-0.12347062008131615,0.2991561527117811,1.0,full,0.12406491286162245,-0.10138329065909557
expr_book_pressure_delta_tanh__q85,expr_book_pressure_delta_tanh,alphaforge_unary,2,0.85,2195,4.500030892049246e-05,-0.9999995499969108,0.9999998641052366,0.5047835990888383,-0.045558066059084856,0.7324045190208262,-0.7778273543005555,-0.12810124183846638,0.2551508158892369,0.9995879347288611,train,0.16078865526243508,-0.1387058566605921
expr_book_pressure_delta_tanh__q85,expr_book_pressure_delta_tanh,alphaforge_unary,2,0.85,1296,6.889358231792958,-0.9311064176820705,0.9768700279976668,0.6890432098765432,-0.07184463099398723,0.9277169802787786,-0.5617993689086279,-0.05565961170680567,0.3869246164109406,1.0,validation,0.16078865526243508,-0.1387058566605921
expr_book_pressure_delta_tanh__q85,expr_book_pressure_delta_tanh,alphaforge_unary,2,0.85,1301,1.125889134239705,-0.9887411086576029,0.9949744997300086,0.6187548039969254,-0.0759985479367875,0.84892374321441,-0.6168902232985185,-0.07981625655134095,0.3510673782521681,1.0,test,0.16078865526243508,-0.1387058566605921
expr_book_pressure_delta_tanh__q85,expr_book_pressure_delta_tanh,alphaforge_unary,2,0.85,193,87.66294524648654,-0.12337054753513454,0.5262322755997222,0.689119170984456,-0.06392256348970796,0.9350844755785274,-0.38820587590998146,0.014641094493529794,0.5450762829403606,1.0,latest72h,0.16078865526243508,-0.1387058566605921
expr_book_pressure_delta_tanh__q85,expr_book_pressure_delta_tanh,alphaforge_unary,2,0.85,4792,3.4905180706696606e-08,-0.9999999996509482,0.9999999998475292,0.585559265442404,-0.020868113515253542,0.7324048283082434,-0.7778273543005555,-0.09579160369934614,0.3134114369981976,0.9997951826970343,full,0.16078865526243508,-0.1387058566605921
expr_book_pressure_delta_tanh__q90,expr_book_pressure_delta_tanh,alphaforge_unary,2,0.9,1407,0.02913231111747263,-0.9997086768888253,0.9998592393207356,0.5543710021321961,-0.0710525001342449,0.7469917463174002,-0.7212446217615676,-0.06608022710199479,0.31110927970990604,0.9849184110763145,train,0.21107378655821094,-0.1875195827498934
expr_book_pressure_delta_tanh__q90,expr_book_pressure_delta_tanh,alphaforge_unary,2,0.9,734,69.51821948357933,-0.30481780516420676,0.7557962348336018,0.7397820163487738,-0.041528311330274265,0.966899919081723,-0.32707927484957067,-0.015398293103448313,0.4471314209472982,0.9986657771847899,validation,0.21107378655821094,-0.1875195827498934
expr_book_pressure_delta_tanh__q90,expr_book_pressure_delta_tanh,alphaforge_unary,2,0.9,830,1.7816917577736502,-0.9821830824222635,0.9875773168733447,0.6566265060240963,-0.11833531113521269,0.7386548410051172,-0.514659164620427,-0.056780537868584946,0.3033689126084056,1.0,test,0.21107378655821094,-0.1875195827498934
expr_book_pressure_delta_tanh__q90,expr_book_pressure_delta_tanh,alphaforge_unary,2,0.9,148,68.47042175095491,-0.31529578249045087,0.48408497075978574,0.6756756756756757,-0.2130376908719264,0.7770372904664717,-0.34276420682603903,0.004749720893482801,0.507628294036061,1.0,latest72h,0.21107378655821094,-0.1875195827498934
expr_book_pressure_delta_tanh__q90,expr_book_pressure_delta_tanh,alphaforge_unary,2,0.9,2971,0.0003608329181527274,-0.9999963916708184,0.999998224486192,0.6287445304611242,-0.033658579322477906,0.7471393217668042,-0.7212446217615676,-0.04331066903796876,0.34581353432738,0.9921759790267082,full,0.21107378655821094,-0.1875195827498934
expr_book_pressure_delta_tanh__q95,expr_book_pressure_delta_tanh,alphaforge_unary,2,0.95,635,2.2934277123418676,-0.9770657228765813,0.9864158397512239,0.5417322834645669,-0.15386861777583957,0.6606282569953719,-0.6571395874219839,-0.026882566889436577,0.34316795780451625,0.9009395088181968,train,0.295042741657473,-0.2634272478657597
expr_book_pressure_delta_tanh__q95,expr_book_pressure_delta_tanh,alphaforge_unary,2,0.95,270,55.8026200797426,-0.44197379920257396,0.5511474688124653,0.7666666666666667,-0.1636939997046568,0.8002431309187529,-0.2542314452561345,-0.00632433529448162,0.4377918612408272,0.9668112074716477,validation,0.295042741657473,-0.2634272478657597
expr_book_pressure_delta_tanh__q95,expr_book_pressure_delta_tanh,alphaforge_unary,2,0.95,366,21.826335151983724,-0.7817366484801628,0.8418379737109142,0.7431693989071039,-0.21358924821862355,0.5829610006219097,-0.3744850767078205,-0.01837272565591086,0.3747498332221481,0.9979986657771848,test,0.295042741657473,-0.2634272478657597
expr_book_pressure_delta_tanh__q95,expr_book_pressure_delta_tanh,alphaforge_unary,2,0.95,78,86.6295732928869,-0.13370426707113092,0.36197287025991753,0.7435897435897436,-0.1714157270142705,0.8056490023365429,-0.24676606047939587,0.031412189675260827,0.6269070735090153,1.0,latest72h,0.295042741657473,-0.2634272478657597
expr_book_pressure_delta_tanh__q95,expr_book_pressure_delta_tanh,alphaforge_unary,2,0.95,1271,0.27933185554713424,-0.9972066814445286,0.9985378386094196,0.6475216365066876,-0.07845843284378669,0.6623959368744333,-0.6571395874219839,-0.01695701366938185,0.37461084712436504,0.9421186301818778,full,0.295042741657473,-0.2634272478657597
expr_book_pressure_delta_signed_log__q70,expr_book_pressure_delta_signed_log,alphaforge_unary,2,0.7,4544,4.720952466557299e-09,-0.9999999999527904,0.9999999999830533,0.45422535211267606,-0.022007042252482248,0.8783080672261546,-0.827029215821703,-0.24129225827235856,0.2509477501236196,1.0,train,0.07140634478725963,-0.0487289196511862
expr_book_pressure_delta_signed_log__q70,expr_book_pressure_delta_signed_log,alphaforge_unary,2,0.7,3123,0.1500613814187012,-0.998499386185813,0.9993201261641345,0.5654819084213897,-0.031972442721287804,0.9183770120752154,-0.7866829757880718,-0.12312026818645977,0.32421614409606403,1.0,validation,0.07140634478725963,-0.0487289196511862
expr_book_pressure_delta_signed_log__q70,expr_book_pressure_delta_signed_log,alphaforge_unary,2,0.7,2902,0.015500012977765033,-0.9998449998702224,0.9999233860792043,0.5406616126809097,-0.03445365264887054,0.7976479078188522,-0.8228250568987956,-0.16627937525034564,0.27601734489659774,1.0,test,0.07140634478725963,-0.0487289196511862
expr_book_pressure_delta_signed_log__q70,expr_book_pressure_delta_signed_log,alphaforge_unary,2,0.7,349,47.15344600884258,-0.5284655399115742,0.7326123210195374,0.6189111747851003,-0.15142279080560922,0.8288326022826011,-0.6621017511481145,-0.09445885199085469,0.3300970873786408,1.0,latest72h,0.07140634478725963,-0.0487289196511862
expr_book_pressure_delta_signed_log__q70,expr_book_pressure_delta_signed_log,alphaforge_unary,2,0.7,10569,1.098071524939847e-15,-1.0,1.0,0.5108335698741603,-0.009461633077869269,0.8783080672289673,-0.827029215821703,-0.18287136740375498,0.2787153858757988,1.0,full,0.07140634478725963,-0.0487289196511862
expr_book_pressure_delta_signed_log__q75,expr_book_pressure_delta_signed_log,alphaforge_unary,2,0.75,3762,2.8413595278236376e-07,-0.9999999971586405,0.9999999988104447,0.46624136097820307,-0.026581605453446094,0.8769729300111739,-0.8272464442056868,-0.16862312711304195,0.28267677600131863,1.0,train,0.09310040438927066,-0.07057300244925017
expr_book_pressure_delta_signed_log__q75,expr_book_pressure_delta_signed_log,alphaforge_unary,2,0.75,2507,0.5350303144392777,-0.9946496968556072,0.9972372913834261,0.5983246908655764,-0.03967489815937819,0.9184531012487588,-0.7235251595850601,-0.10200904199775623,0.3630753835890594,1.0,validation,0.09310040438927066,-0.07057300244925017
expr_book_pressure_delta_signed_log__q75,expr_book_pressure_delta_signed_log,alphaforge_unary,2,0.75,2367,0.065849471404324,-0.9993415052859568,0.9997357935145276,0.5572454583861428,-0.042219750962651355,0.8219930140456447,-0.755911108745517,-0.15797834887113943,0.30470313542361577,1.0,test,0.09310040438927066,-0.07057300244925017
expr_book_pressure_delta_signed_log__q75,expr_book_pressure_delta_signed_log,alphaforge_unary,2,0.75,286,81.40272605041794,-0.1859727394958206,0.6255044336514235,0.6503496503496503,-0.06502543339014774,0.9401226022201763,-0.5195580011886356,-0.04293047100927716,0.435506241331484,1.0,latest72h,0.09310040438927066,-0.07057300244925017
expr_book_pressure_delta_signed_log__q75,expr_book_pressure_delta_signed_log,alphaforge_unary,2,0.75,8636,1.001052541855163e-12,-0.99999999999999,0.9999999999999976,0.5295275590551181,-0.011579434923575637,0.8769729301874568,-0.8272464442056868,-0.1495101487817515,0.3084958217270195,1.0,full,0.09310040438927066,-0.07057300244925017
expr_book_pressure_delta_signed_log__q80,expr_book_pressure_delta_signed_log,alphaforge_unary,2,0.8,3000,1.867932466032344e-06,-0.9999999813206754,0.9999999938223469,0.48,-0.033333332710689244,0.8207488537006594,-0.8012465215180906,-0.15039239243503455,0.2628976429866491,1.0,train,0.11708447294910795,-0.09648641201570325
expr_book_pressure_delta_signed_log__q80,expr_book_pressure_delta_signed_log,alphaforge_unary,2,0.8,1856,0.9617277397065799,-0.9903827226029343,0.9952985491134481,0.6400862068965517,-0.053361138071278964,0.8855765977560058,-0.6784132660293325,-0.09690491106467275,0.30787191460973984,1.0,validation,0.11708447294910795,-0.09648641201570325
expr_book_pressure_delta_signed_log__q80,expr_book_pressure_delta_signed_log,alphaforge_unary,2,0.8,1861,0.6154899689393322,-0.9938451003106067,0.9980882999503378,0.584631918323482,-0.053403820543289036,0.870482300494844,-0.7124547513088889,-0.1060905761823514,0.342895263509006,1.0,test,0.11708447294910795,-0.09648641201570325
expr_book_pressure_delta_signed_log__q80,expr_book_pressure_delta_signed_log,alphaforge_unary,2,0.8,248,89.35528734411358,-0.10644712655886424,0.6692243461590914,0.6532258064516129,-0.0429222284511557,0.9616271480482514,-0.5692325077715066,-0.042047945983544,0.39944521497919555,1.0,latest72h,0.11708447294910795,-0.09648641201570325
expr_book_pressure_delta_signed_log__q80,expr_book_pressure_delta_signed_log,alphaforge_unary,2,0.8,6717,1.1056923191271803e-10,-0.9999999999988943,0.9999999999997088,0.5532231651034688,-0.014887598630324496,0.8207488555917123,-0.8012465215180906,-0.12374734446694591,0.296698345076192,1.0,full,0.11708447294910795,-0.09648641201570325
expr_book_pressure_delta_signed_log__q85,expr_book_pressure_delta_signed_log,alphaforge_unary,2,0.85,2200,4.43225810046507e-05,-0.99999955677419,0.9999998664360605,0.505,-0.04545452530791781,0.7323745228092085,-0.7778273543005555,-0.1272814788798115,0.257046316136476,0.9995879347288611,train,0.14996730179252055,-0.13015763631877125
expr_book_pressure_delta_signed_log__q85,expr_book_pressure_delta_signed_log,alphaforge_unary,2,0.85,1298,6.332408594439396,-0.936675914055606,0.9787399016615516,0.6879815100154083,-0.07216301340952319,0.9262136836868762,-0.5617993689086279,-0.0563568707589025,0.38358905937291526,1.0,validation,0.14996730179252055,-0.13015763631877125
expr_book_pressure_delta_signed_log__q85,expr_book_pressure_delta_signed_log,alphaforge_unary,2,0.85,1308,1.0129255018161938,-0.989870744981838,0.9954787223465872,0.6169724770642202,-0.07567819151237298,0.8461073933311718,-0.6168902232985185,-0.08560233308641241,0.35406937958639095,1.0,test,0.14996730179252055,-0.13015763631877125
expr_book_pressure_delta_signed_log__q85,expr_book_pressure_delta_signed_log,alphaforge_unary,2,0.85,193,87.66294524648654,-0.12337054753513454,0.5262322755997222,0.689119170984456,-0.06392256348970796,0.9350844755785274,-0.38820587590998146,0.014641094493529794,0.5450762829403606,1.0,latest72h,0.14996730179252055,-0.13015763631877125
expr_book_pressure_delta_signed_log__q85,expr_book_pressure_delta_signed_log,alphaforge_unary,2,0.85,4806,2.842964765811759e-08,-0.9999999997157035,0.9999999998758153,0.5848938826466916,-0.02080732417219528,0.7323748201860373,-0.7778273543005555,-0.09628534248302206,0.3142716696706538,0.9997951826970343,full,0.14996730179252055,-0.13015763631877125
expr_book_pressure_delta_signed_log__q90,expr_book_pressure_delta_signed_log,alphaforge_unary,2,0.9,1410,0.02695576618115901,-0.9997304423381884,0.9998697558891757,0.5539007092198581,-0.07090286825093538,0.7464015513961226,-0.7212446217615676,-0.0661087824613662,0.31036756222185596,0.9849184110763145,train,0.1938656203939155,-0.17339937989687432
expr_book_pressure_delta_signed_log__q90,expr_book_pressure_delta_signed_log,alphaforge_unary,2,0.9,734,69.51821948357933,-0.30481780516420676,0.7557962348336018,0.7397820163487738,-0.041528311330274265,0.966899919081723,-0.32707927484957067,-0.015398293103448313,0.4471314209472982,0.9986657771847899,validation,0.1938656203939155,-0.17339937989687432
expr_book_pressure_delta_signed_log__q90,expr_book_pressure_delta_signed_log,alphaforge_unary,2,0.9,834,1.7310441001548562,-0.9826895589984515,0.9880094496096373,0.657074340527578,-0.11782848429238033,0.7406697012303596,-0.514659164620427,-0.05683677684524413,0.30253502334889926,1.0,test,0.1938656203939155,-0.17339937989687432
expr_book_pressure_delta_signed_log__q90,expr_book_pressure_delta_signed_log,alphaforge_unary,2,0.9,148,68.47042175095491,-0.31529578249045087,0.48408497075978574,0.6756756756756757,-0.2130376908719264,0.7770372904664717,-0.34276420682603903,0.004749720893482801,0.507628294036061,1.0,latest72h,0.1938656203939155,-0.17339937989687432
expr_book_pressure_delta_signed_log__q90,expr_book_pressure_delta_signed_log,alphaforge_unary,2,0.9,2978,0.0003243832741526505,-0.9999967561672585,0.9999984038402447,0.628609805238415,-0.03357947468661043,0.7465392529910092,-0.7212446217615676,-0.04388669242936466,0.34524004587907586,0.9921759790267082,full,0.1938656203939155,-0.17339937989687432
expr_book_pressure_delta_signed_log__q95,expr_book_pressure_delta_signed_log,alphaforge_unary,2,0.95,639,2.377548556454813,-0.9762245144354519,0.9861775167165338,0.5446009389671361,-0.1527737894265183,0.6610535358356864,-0.6571395874219839,-0.02625436127472147,0.3455579363771221,0.9009395088181968,train,0.2652138070929616,-0.2385264085044812
expr_book_pressure_delta_signed_log__q95,expr_book_pressure_delta_signed_log,alphaforge_unary,2,0.95,271,53.544560569539065,-0.4645543943046093,0.5693103386791237,0.7638376383763837,-0.17142228572125787,0.7918831390563601,-0.2542314452561345,-0.00632433529448162,0.4377918612408272,0.9668112074716477,validation,0.2652138070929616,-0.2385264085044812
expr_book_pressure_delta_signed_log__q95,expr_book_pressure_delta_signed_log,alphaforge_unary,2,0.95,368,20.08403097243819,-0.7991596902756182,0.8544633804743496,0.7391304347826086,-0.2171629593140267,0.5681289648715021,-0.3744850767078205,-0.01950552073544476,0.36007338225483654,0.9983322214809873,test,0.2652138070929616,-0.2385264085044812
expr_book_pressure_delta_signed_log__q95,expr_book_pressure_delta_signed_log,alphaforge_unary,2,0.95,78,86.6295732928869,-0.13370426707113092,0.36197287025991753,0.7435897435897436,-0.1714157270142705,0.8056490023365429,-0.24676606047939587,0.031412189675260827,0.6269070735090153,1.0,latest72h,0.2652138070929616,-0.2385264085044812
expr_book_pressure_delta_signed_log__q95,expr_book_pressure_delta_signed_log,alphaforge_unary,2,0.95,1278,0.25567933992879194,-0.9974432066007121,0.9986616476001969,0.6471048513302035,-0.07804719926453148,0.6626614337583678,-0.6571395874219839,-0.017168105556252478,0.37219400294936916,0.942200557103064,full,0.2652138070929616,-0.2385264085044812
expr_book_pressure_delta_rollz60__q70,expr_book_pressure_delta_rollz60,alphaforge_unary,2,0.7,4509,6.819355883023548e-09,-0.9999999999318064,0.9999999999892021,0.45442448436460414,-0.022177866487731405,0.9262251177970823,-0.8482164730340105,-0.2076587761466075,0.27031481786715017,1.0,train,0.37802359365222854,-0.4212596607999398
expr_book_pressure_delta_rollz60__q70,expr_book_pressure_delta_rollz60,alphaforge_unary,2,0.7,2717,0.1285985447051842,-0.9987140145529482,0.9994292492634534,0.5745307324254693,-0.03675796888306781,0.9193329670803898,-0.7572137660176053,-0.11155303081301615,0.34122748498999333,1.0,validation,0.37802359365222854,-0.4212596607999398
expr_book_pressure_delta_rollz60__q70,expr_book_pressure_delta_rollz60,alphaforge_unary,2,0.7,2473,0.15647230862759748,-0.998435276913724,0.9992150704678409,0.5556004852405985,-0.040373444274715994,0.8518862275464989,-0.813034727508498,-0.11892762208958463,0.34889926617745165,1.0,test,0.37802359365222854,-0.4212596607999398
expr_book_pressure_delta_rollz60__q70,expr_book_pressure_delta_rollz60,alphaforge_unary,2,0.7,324,51.16340556097251,-0.4883659443902749,0.6974638931365471,0.6141975308641975,-0.15073022975008546,0.8444203893629917,-0.5999025146764374,-0.05790073154526065,0.3786407766990291,1.0,latest72h,0.37802359365222854,-0.4212596607999398
expr_book_pressure_delta_rollz60__q70,expr_book_pressure_delta_rollz60,alphaforge_unary,2,0.7,9699,1.3721983722806551e-14,-0.9999999999999999,1.0,0.5138674090112383,-0.010310341272296138,0.9262251177966496,-0.8482164730340105,-0.15334280272407252,0.30927412747828936,1.0,full,0.37802359365222854,-0.4212596607999398
expr_book_pressure_delta_rollz60__q75,expr_book_pressure_delta_rollz60,alphaforge_unary,2,0.75,3745,1.2981630832847084e-07,-0.9999999987018369,0.9999999998230195,0.4590120160213618,-0.026702269658260044,0.899057398766302,-0.8212531154873952,-0.18492350951997527,0.2859732981704302,1.0,train,0.5253678999436424,-0.5580061480968466
expr_book_pressure_delta_rollz60__q75,expr_book_pressure_delta_rollz60,alphaforge_unary,2,0.75,2144,0.8139955384824125,-0.9918600446151759,0.9946070844281348,0.6007462686567164,-0.046262128946603524,0.8672803037857565,-0.6901663359680211,-0.07553994418939947,0.3482321547698466,1.0,validation,0.5253678999436424,-0.5580061480968466
expr_book_pressure_delta_rollz60__q75,expr_book_pressure_delta_rollz60,alphaforge_unary,2,0.75,1932,0.22894565618746054,-0.9977105434381254,0.9989013033273006,0.5646997929606625,-0.05164133247609355,0.8606797936498898,-0.7808888661695205,-0.07954258065144515,0.36507671781187456,1.0,test,0.5253678999436424,-0.5580061480968466
expr_book_pressure_delta_rollz60__q75,expr_book_pressure_delta_rollz60,alphaforge_unary,2,0.75,253,60.64100275037602,-0.39358997249623984,0.6550000026385348,0.616600790513834,-0.15556915908942326,0.8527024636709993,-0.550708215805648,-0.04785765570010203,0.37170596393897365,1.0,latest72h,0.5253678999436424,-0.5580061480968466
expr_book_pressure_delta_rollz60__q75,expr_book_pressure_delta_rollz60,alphaforge_unary,2,0.75,7821,2.4192663633565124e-12,-0.9999999999999758,0.9999999999999949,0.5239739163789797,-0.012786088735455543,0.8990573987348893,-0.8212531154873952,-0.11867753783559054,0.3200884810748812,1.0,full,0.5253678999436424,-0.5580061480968466
expr_book_pressure_delta_rollz60__q80,expr_book_pressure_delta_rollz60,alphaforge_unary,2,0.8,2963,9.210896326106946e-08,-0.9999999990789104,0.9999999996220651,0.44954438069524133,-0.033749578099187,0.735736651133625,-0.766446023563326,-0.18219074633282228,0.24641503214109114,1.0,train,0.7005324687723561,-0.7136979594780957
expr_book_pressure_delta_rollz60__q80,expr_book_pressure_delta_rollz60,alphaforge_unary,2,0.8,1506,2.1894595124066196,-0.9781054048759338,0.9909220426444671,0.6314741035856574,-0.06494723803957095,0.9136970741583441,-0.6734384064202406,-0.05704116884324473,0.3700800533689126,1.0,validation,0.7005324687723561,-0.7136979594780957
expr_book_pressure_delta_rollz60__q80,expr_book_pressure_delta_rollz60,alphaforge_unary,2,0.8,1404,1.0552202879294996,-0.989447797120705,0.9956686695935114,0.5911680911680912,-0.07047348982341216,0.833671429602932,-0.6488325331318088,-0.08912417552571383,0.33689126084056037,1.0,test,0.7005324687723561,-0.7136979594780957
expr_book_pressure_delta_rollz60__q80,expr_book_pressure_delta_rollz60,alphaforge_unary,2,0.8,199,92.3729297304295,-0.0762707026957049,0.5458146748749336,0.6432160804020101,-0.03832698627924972,0.9694600574773119,-0.47484384823357695,0.00168206165307061,0.5006934812760055,1.0,latest72h,0.7005324687723561,-0.7136979594780957
expr_book_pressure_delta_rollz60__q80,expr_book_pressure_delta_rollz60,alphaforge_unary,2,0.8,5873,2.128050575207859e-11,-0.9999999999997872,0.9999999999999163,0.5300527839264431,-0.017027073046139752,0.7357366516276629,-0.766446023563326,-0.11431437399988992,0.29866459118466326,1.0,full,0.7005324687723561,-0.7136979594780957
expr_book_pressure_delta_rollz60__q85,expr_book_pressure_delta_rollz60,alphaforge_unary,2,0.85,2193,1.9328515880193004e-05,-0.9999998067148412,0.999999943300564,0.4482444140446876,-0.04559962638918571,0.790166499497066,-0.6880863961022354,-0.13589112748055066,0.2993242129553321,1.0,train,0.9078101835201571,-0.9073130275969822
expr_book_pressure_delta_rollz60__q85,expr_book_pressure_delta_rollz60,alphaforge_unary,2,0.85,998,8.818802761858596,-0.911811972381414,0.970504240348699,0.6503006012024048,-0.09136392508831864,0.9230443578518537,-0.5629585838819398,-0.05182742724746575,0.34989993328885927,1.0,validation,0.9078101835201571,-0.9073130275969822
expr_book_pressure_delta_rollz60__q85,expr_book_pressure_delta_rollz60,alphaforge_unary,2,0.85,988,3.3914004124147934,-0.9660859958758521,0.985186488923016,0.6214574898785425,-0.09778198338824423,0.7772563314561193,-0.6038015190335391,-0.06652830253817998,0.33188792528352234,1.0,test,0.9078101835201571,-0.9073130275969822
expr_book_pressure_delta_rollz60__q85,expr_book_pressure_delta_rollz60,alphaforge_unary,2,0.85,163,97.23203609421402,-0.02767963905785975,0.5262322755997222,0.6748466257668712,-0.016981373655129122,0.9859295006269283,-0.2854180848712319,-0.020517697067841456,0.4535367545076283,1.0,latest72h,0.9078101835201571,-0.9073130275969822
expr_book_pressure_delta_rollz60__q85,expr_book_pressure_delta_rollz60,alphaforge_unary,2,0.85,4179,5.780790180939214e-08,-0.999999999421921,0.9999999998279308,0.5374491505144772,-0.023929169643979963,0.7901665631511647,-0.6880863961022354,-0.0846958375479196,0.32119449451089627,1.0,full,0.9078101835201571,-0.9073130275969822
expr_book_pressure_delta_rollz60__q90,expr_book_pressure_delta_rollz60,alphaforge_unary,2,0.9,1406,0.0010503850181616842,-0.9999894961498184,0.9999944578235667,0.4423897581792319,-0.07112300826101133,0.7437812557658471,-0.6384407414416167,-0.09839815475260316,0.2951211471897148,1.0,train,1.1605413291813704,-1.1542691368642914
expr_book_pressure_delta_rollz60__q90,expr_book_pressure_delta_rollz60,alphaforge_unary,2,0.9,557,41.575872771739235,-0.5842412722826076,0.7748381081334342,0.6894075403949731,-0.1048907131566627,0.9143816309177871,-0.45536588353435303,-0.008022784403594219,0.46781187458305534,1.0,validation,1.1605413291813704,-1.1542691368642914
expr_book_pressure_delta_rollz60__q90,expr_book_pressure_delta_rollz60,alphaforge_unary,2,0.9,632,2.475741997656551,-0.9752425800234344,0.9876383154645514,0.620253164556962,-0.15431053481383472,0.55636337209066,-0.5691964924916244,-0.05612634297350916,0.26267511674449634,1.0,test,1.1605413291813704,-1.1542691368642914
expr_book_pressure_delta_rollz60__q90,expr_book_pressure_delta_rollz60,alphaforge_unary,2,0.9,113,89.17733799708985,-0.10822662002910155,0.5262322755997222,0.6460176991150443,-0.09577576993725857,0.921911062200312,-0.38117047303130047,-0.01109513706988896,0.4368932038834951,1.0,latest72h,1.1605413291813704,-1.1542691368642914
expr_book_pressure_delta_rollz60__q90,expr_book_pressure_delta_rollz60,alphaforge_unary,2,0.9,2595,1.0811732138184306e-05,-0.9999998918826786,0.9999999615951292,0.5387283236994219,-0.038535641305690926,0.7437839277732745,-0.6384407414416167,-0.056457694410465886,0.332787153858758,1.0,full,1.1605413291813704,-1.1542691368642914
expr_book_pressure_delta_rollz60__q95,expr_book_pressure_delta_rollz60,alphaforge_unary,2,0.95,637,0.9767687787977908,-0.9902323122120221,0.9959668453346272,0.4411302982731554,-0.1554524822938812,0.7217748655675339,-0.41045193554035664,-0.04116820947686006,0.35998022086698533,0.9780781275754079,train,1.6369412914978956,-1.5433534829608195
expr_book_pressure_delta_rollz60__q95,expr_book_pressure_delta_rollz60,alphaforge_unary,2,0.95,220,101.37058452399393,0.01370584523993923,0.5213006318872729,0.7318181818181818,0.0062299296545174606,1.0039563578406252,-0.26430843571459717,0.0011481376944409982,0.5126751167444963,0.961974649766511,validation,1.6369412914978956,-1.5433534829608195
expr_book_pressure_delta_rollz60__q95,expr_book_pressure_delta_rollz60,alphaforge_unary,2,0.95,297,30.17389137000226,-0.6982610862999774,0.80413764389986,0.6902356902356902,-0.23510474286194552,0.6281100669146388,-0.44789517847241733,-0.020202098216757447,0.3905937291527685,0.9774849899933289,test,1.6369412914978956,-1.5433534829608195
expr_book_pressure_delta_rollz60__q95,expr_book_pressure_delta_rollz60,alphaforge_unary,2,0.95,69,87.06621351221425,-0.12933786487785748,0.41311516695416617,0.6666666666666666,-0.18744618098240295,0.8329396143892809,-0.3259545974327287,0.03458729123765569,0.5672676837725381,1.0,latest72h,1.6369412914978956,-1.5433534829608195
expr_book_pressure_delta_rollz60__q95,expr_book_pressure_delta_rollz60,alphaforge_unary,2,0.95,1154,0.2987686623715752,-0.9970123133762843,0.9986792930553702,0.5606585788561526,-0.08639621433070066,0.7239365675686353,-0.44789517847241733,-0.020385278899101578,0.40934786170735704,0.974233983286908,full,1.6369412914978956,-1.5433534829608195
expr_btc_1mx_path_eff__q70,expr_btc_1mx_path_eff,alphaforge_interaction,2,0.7,4416,0.3509274553604981,-0.996490725446395,0.9982013561702314,0.720108695652174,-0.022565460268260756,0.8537331491448675,-0.6080331590848933,-0.06361186149619769,0.38635239821987805,1.0,train,0.041394330067895384,-0.03981882266191798
expr_btc_1mx_path_eff__q70,expr_btc_1mx_path_eff,alphaforge_interaction,2,0.7,2409,18.56942556546717,-0.8143057443453283,0.9555061394189692,0.7330842673308426,-0.03380264609154534,0.8749279486576488,-0.45912997619298057,-0.0695013601462603,0.37341561040693794,1.0,validation,0.041394330067895384,-0.03981882266191798
expr_btc_1mx_path_eff__q70,expr_btc_1mx_path_eff,alphaforge_interaction,2,0.7,2221,3.850237653392461,-0.9614976234660754,0.9765081803908374,0.7294011706438541,-0.0432912032177432,0.8663933142942023,-0.46454054248383103,-0.08406005723274823,0.31854569713142095,1.0,test,0.041394330067895384,-0.03981882266191798
expr_btc_1mx_path_eff__q70,expr_btc_1mx_path_eff,alphaforge_interaction,2,0.7,290,67.59556809122262,-0.32404431908777387,0.5910788721086533,0.7103448275862069,-0.11173942037509471,0.8523863433678752,-0.46454054248383103,-0.09131764404435161,0.27323162274618584,1.0,latest72h,0.041394330067895384,-0.03981882266191798
expr_btc_1mx_path_eff__q70,expr_btc_1mx_path_eff,alphaforge_interaction,2,0.7,9046,0.0025090155528987913,-0.999974909844471,0.9999840163171421,0.725845677647579,-0.011054332410396538,0.8538126223779999,-0.6080331590848933,-0.07148224565807382,0.367810912665902,1.0,full,0.041394330067895384,-0.03981882266191798
expr_btc_1mx_path_eff__q75,expr_btc_1mx_path_eff,alphaforge_interaction,2,0.75,3635,1.3976663784387533,-0.9860233362156124,0.9940974130767709,0.753232462173315,-0.027125813926151633,0.8791647678090135,-0.5672793846187005,-0.04426690374197617,0.41016977089170925,1.0,train,0.06521408977352461,-0.06410935667922092
expr_btc_1mx_path_eff__q75,expr_btc_1mx_path_eff,alphaforge_interaction,2,0.75,1966,67.78472717286212,-0.32215272827137875,0.862584820744138,0.7655137334689726,-0.01638620184493281,0.9613576756168729,-0.3981882471738267,-0.04243346280974375,0.4059372915276851,1.0,validation,0.06521408977352461,-0.06410935667922092
expr_btc_1mx_path_eff__q75,expr_btc_1mx_path_eff,alphaforge_interaction,2,0.75,1764,37.50380246236225,-0.6249619753763775,0.8045310811227808,0.7743764172335601,-0.03542868341135943,0.9527041620390794,-0.3499583576636155,-0.024904836537243513,0.43512341561040696,1.0,test,0.06521408977352461,-0.06410935667922092
expr_btc_1mx_path_eff__q75,expr_btc_1mx_path_eff,alphaforge_interaction,2,0.75,232,84.15679479148615,-0.15843205208513855,0.40165854838621523,0.75,-0.06828967762290535,0.9142998156408552,-0.27588752868799415,-0.05515092581305381,0.3356449375866852,1.0,latest72h,0.06521408977352461,-0.06410935667922092
expr_btc_1mx_path_eff__q75,expr_btc_1mx_path_eff,alphaforge_interaction,2,0.75,7365,0.3553126527228254,-0.9964468734727717,0.9978971566816789,0.7615750169721657,-0.01352948911707768,0.8814004234015957,-0.5672793846187005,-0.03820848675272093,0.41401769621497625,1.0,full,0.06521408977352461,-0.06410935667922092
expr_btc_1mx_path_eff__q80,expr_btc_1mx_path_eff,alphaforge_interaction,2,0.8,2872,19.078946660149946,-0.8092105333985006,0.9627155200468582,0.7914345403899722,-0.028175854226967216,0.9346736802401194,-0.45174305274988147,-0.00570870390866951,0.4826108455579364,1.0,train,0.09823027110628202,-0.09731332384641522
expr_btc_1mx_path_eff__q80,expr_btc_1mx_path_eff,alphaforge_interaction,2,0.8,1539,140.45164967761602,0.4045164967761601,0.5311748045514897,0.8024691358024691,0.026284372759984204,1.0326081446103157,-0.315059197306633,-0.00525886147073501,0.4824883255503669,1.0,validation,0.09823027110628202,-0.09731332384641522
expr_btc_1mx_path_eff__q80,expr_btc_1mx_path_eff,alphaforge_interaction,2,0.8,1333,107.98326350246657,0.07983263502466564,0.6308916819073631,0.8192048012003,0.005988944863065977,1.005482424862284,-0.26233287989168075,0.0022219058189660856,0.5046697798532355,1.0,test,0.09823027110628202,-0.09731332384641522
expr_btc_1mx_path_eff__q80,expr_btc_1mx_path_eff,alphaforge_interaction,2,0.8,183,60.311552712273276,-0.39688447287726725,0.4584670606825853,0.7704918032786885,-0.21687676113511897,0.706122866495643,-0.22962962827185596,-0.08807229619076706,0.11650485436893204,1.0,latest72h,0.09823027110628202,-0.09731332384641522
expr_btc_1mx_path_eff__q80,expr_btc_1mx_path_eff,alphaforge_interaction,2,0.8,5744,28.935946123064316,-0.7106405387693568,0.9627155200468582,0.8008356545961003,-0.012371875674953953,0.9619082804643294,-0.45174305274988147,-0.00461197956719378,0.48693265607078484,1.0,full,0.09823027110628202,-0.09731332384641522
expr_btc_1mx_path_eff__q85,expr_btc_1mx_path_eff,alphaforge_interaction,2,0.85,2161,61.206162998642434,-0.3879383700135757,0.7780346703413161,0.8283202221193892,-0.017951798704931608,0.9617654247006625,-0.32032362845812723,-0.0015543583770275538,0.4945607384209659,1.0,train,0.1489227067272142,-0.14746647324587508
expr_btc_1mx_path_eff__q85,expr_btc_1mx_path_eff,alphaforge_interaction,2,0.85,1079,180.71410041748314,0.8071410041748315,0.4294957124370995,0.8396663577386468,0.07480454162880779,1.0745571180652178,-0.26118955595826343,0.007018624696786935,0.5323549032688459,1.0,validation,0.1489227067272142,-0.14746647324587508
expr_btc_1mx_path_eff__q85,expr_btc_1mx_path_eff,alphaforge_interaction,2,0.85,963,103.19622999743967,0.0319622999743967,0.5688626245784275,0.8483904465212876,0.003319034265254959,1.0033280880214996,-0.20077849398817305,0.0026538247875267373,0.5231821214142762,1.0,test,0.1489227067272142,-0.14746647324587508
expr_btc_1mx_path_eff__q85,expr_btc_1mx_path_eff,alphaforge_interaction,2,0.85,133,73.9721578601328,-0.2602784213986721,0.3371269810695687,0.7969924812030075,-0.19569806120200953,0.7508092535238808,-0.1698128397195683,-0.04259991509533756,0.27739251040221913,1.0,latest72h,0.1489227067272142,-0.14746647324587508
expr_btc_1mx_path_eff__q85,expr_btc_1mx_path_eff,alphaforge_interaction,2,0.85,4203,114.14345827195038,0.14143458271950382,0.7780346703413161,0.8358315488936474,0.003365086431585011,1.0051628028209496,-0.32032362845812723,0.0024481118652778244,0.5109372439783713,1.0,full,0.1489227067272142,-0.14746647324587508
expr_btc_1mx_path_eff__q90,expr_btc_1mx_path_eff,alphaforge_interaction,2,0.9,1401,235.34190826586584,1.3534190826586583,0.3909204144016289,0.8772305496074233,0.09660378891211019,1.128152366983262,-0.2901403371739181,0.018130403641723025,0.6122465798582496,1.0,train,0.22664892357845262,-0.23190691088680696
expr_btc_1mx_path_eff__q90,expr_btc_1mx_path_eff,alphaforge_interaction,2,0.9,664,224.61295144921868,1.246129514492187,0.3087531266226967,0.8825301204819277,0.18767010760424507,1.2153365885462808,-0.17594558057249665,0.02569112176722843,0.6497665110073382,1.0,validation,0.22664892357845262,-0.23190691088680696
expr_btc_1mx_path_eff__q90,expr_btc_1mx_path_eff,alphaforge_interaction,2,0.9,578,104.3558032356245,0.043558032356245,0.39576384255227365,0.8771626297577855,0.007535991757136095,1.010920230651796,-0.1818327644152401,-0.0003071747688155879,0.49616410940627087,1.0,test,0.22664892357845262,-0.23190691088680696
expr_btc_1mx_path_eff__q90,expr_btc_1mx_path_eff,alphaforge_interaction,2,0.9,77,83.96665478574111,-0.16033345214258887,0.17668402512123824,0.8311688311688312,-0.2082252625228438,0.6852160600013665,-0.1298279154709251,-0.017549612647792423,0.3217753120665742,1.0,latest72h,0.22664892357845262,-0.23190691088680696
expr_btc_1mx_path_eff__q90,expr_btc_1mx_path_eff,alphaforge_interaction,2,0.9,2643,551.6335482118667,4.5163354821186665,0.39576384255227404,0.8785471055618616,0.17087913288379367,1.099775783664126,-0.2901403371739181,0.016527135174453034,0.5930689824676388,1.0,full,0.22664892357845262,-0.23190691088680696
expr_btc_1mx_path_eff__q95,expr_btc_1mx_path_eff,alphaforge_interaction,2,0.95,643,300.49547271039523,2.0049547271039523,0.11351307860806069,0.9284603421461898,0.3118125547595575,1.5078876611270806,-0.09263400892806872,0.019540778674772108,0.7083402010878523,1.0,train,0.3728860544932404,-0.38477861379415046
expr_btc_1mx_path_eff__q95,expr_btc_1mx_path_eff,alphaforge_interaction,2,0.95,252,150.37188973875567,0.5037188973875566,0.0939426125638662,0.9206349206349206,0.19988845134426825,1.502854515798779,-0.07947568146275863,0.01013676023503951,0.6984656437625083,0.9931621080720481,validation,0.3728860544932404,-0.38477861379415046
expr_btc_1mx_path_eff__q95,expr_btc_1mx_path_eff,alphaforge_interaction,2,0.95,239,86.42661063315508,-0.13573389366844923,0.22804524747547278,0.895397489539749,-0.056792424129058265,0.8611903855285332,-0.10940629194160911,0.0065882352941175615,0.5393595730486991,0.9936624416277519,test,0.3728860544932404,-0.38477861379415046
expr_btc_1mx_path_eff__q95,expr_btc_1mx_path_eff,alphaforge_interaction,2,0.95,32,98.43751685417784,-0.015624831458221577,0.055627451897538115,0.90625,-0.04882759830694318,0.8730426477450254,-0.028768734998490086,0.01110809623068465,0.7170596393897365,1.0,latest72h,0.3728860544932404,-0.38477861379415046
expr_btc_1mx_path_eff__q95,expr_btc_1mx_path_eff,alphaforge_interaction,2,0.95,1134,390.527905851249,2.9052790585124897,0.2280452474754733,0.9197530864197531,0.2561974478406079,1.255381331262382,-0.10940629194160911,0.014126797588996265,0.6638128789120105,0.9967638866131411,full,0.3728860544932404,-0.38477861379415046
expr_btc_1mx_uncertainty__q70,expr_btc_1mx_uncertainty,alphaforge_interaction,2,0.7,4622,1.8777931562438324,-0.9812220684375617,0.9926098305080122,0.6588057118130679,-0.021229382700942507,0.9117371300996231,-0.6101982020633234,-0.049481574112091586,0.41659798912147683,1.0,train,0.13834980000001137,-0.14154220000001075
expr_btc_1mx_uncertainty__q70,expr_btc_1mx_uncertainty,alphaforge_interaction,2,0.7,2477,36.15745907158868,-0.6384254092841132,0.8699025519355096,0.6725878078320549,-0.02577413844505902,0.9593046946776835,-0.5456781645808847,-0.007812217657372278,0.48599066044029354,1.0,validation,0.13834980000001137,-0.14154220000001075
expr_btc_1mx_uncertainty__q70,expr_btc_1mx_uncertainty,alphaforge_interaction,2,0.7,2031,4.503010147097665,-0.9549698985290234,0.9692946605311893,0.6489414081733137,-0.047019689735550325,0.9100554284489027,-0.5150786351880225,-0.06983423994776639,0.3407271514342895,1.0,test,0.13834980000001137,-0.14154220000001075
expr_btc_1mx_uncertainty__q70,expr_btc_1mx_uncertainty,alphaforge_interaction,2,0.7,248,49.62695272304275,-0.5037304727695725,0.5916815918923939,0.625,-0.20311712611676344,0.8144276105348068,-0.3548438619685067,-0.11685361841551678,0.2635228848821082,1.0,latest72h,0.13834980000001137,-0.14154220000001075
expr_btc_1mx_uncertainty__q70,expr_btc_1mx_uncertainty,alphaforge_interaction,2,0.7,9130,0.03057374090003256,-0.9996942625909997,0.9997345768602088,0.6603504928806133,-0.01094955380713035,0.912946804390371,-0.6101982020633234,-0.045488722417742045,0.4170489922988694,1.0,full,0.13834980000001137,-0.14154220000001075
expr_btc_1mx_uncertainty__q75,expr_btc_1mx_uncertainty,alphaforge_interaction,2,0.75,3872,5.32240170837156,-0.9467759829162844,0.983898123978786,0.6544421487603306,-0.02445185906292058,0.9432880510238749,-0.578099255877202,-0.03522014255792588,0.4315147519367068,1.0,train,0.18449149999998335,-0.18741300000001282
expr_btc_1mx_uncertainty__q75,expr_btc_1mx_uncertainty,alphaforge_interaction,2,0.75,2023,55.81005644468463,-0.4418994355531537,0.7710539404145351,0.67622343054869,-0.021843768440590983,0.9677398605207641,-0.5235099664875874,-0.013980101815576185,0.4668112074716478,1.0,validation,0.18449149999998335,-0.18741300000001282
expr_btc_1mx_uncertainty__q75,expr_btc_1mx_uncertainty,alphaforge_interaction,2,0.75,1575,17.195513557884574,-0.8280448644211542,0.8981474675877711,0.6501587301587302,-0.052574277106105155,0.9144860392456684,-0.4470741452090531,-0.030423969363799097,0.4281187458305537,1.0,test,0.18449149999998335,-0.18741300000001282
expr_btc_1mx_uncertainty__q75,expr_btc_1mx_uncertainty,alphaforge_interaction,2,0.75,184,101.81026297191171,0.018102629719117136,0.38711765677419446,0.6630434782608695,0.009838385716911148,1.0073047522475955,-0.3195353923677531,0.02361665309858285,0.5922330097087378,1.0,latest72h,0.18449149999998335,-0.18741300000001282
expr_btc_1mx_uncertainty__q75,expr_btc_1mx_uncertainty,alphaforge_interaction,2,0.75,7470,0.5107816215319719,-0.9948921837846803,0.9970807800806942,0.659437751004016,-0.013318503129647668,0.9438268368942179,-0.578099255877202,-0.029085706907847175,0.4388415533344257,1.0,full,0.18449149999998335,-0.18741300000001282
expr_btc_1mx_uncertainty__q80,expr_btc_1mx_uncertainty,alphaforge_interaction,2,0.8,3102,2.957469525021762,-0.9704253047497824,0.9929347563028246,0.6437782076079949,-0.03128385895389369,0.9409416609187835,-0.6148381249730833,-0.03992626246509001,0.4273116861710895,1.0,train,0.23832720000001192,-0.2380196000000155
expr_btc_1mx_uncertainty__q80,expr_btc_1mx_uncertainty,alphaforge_interaction,2,0.8,1603,133.81384821938838,0.33813848219388376,0.6150567146150246,0.6756082345601996,0.021094103692693933,1.0171979646395934,-0.43957543112130126,0.0016170391567648101,0.5070046697798533,1.0,validation,0.23832720000001192,-0.2380196000000155
expr_btc_1mx_uncertainty__q80,expr_btc_1mx_uncertainty,alphaforge_interaction,2,0.8,1154,9.285133984691154,-0.9071486601530885,0.9325554068895682,0.6291161178509532,-0.07860906933735633,0.8936042005568143,-0.4301287831245444,-0.02497682095871845,0.3975983989326217,0.9956637758505671,test,0.23832720000001192,-0.2380196000000155
expr_btc_1mx_uncertainty__q80,expr_btc_1mx_uncertainty,alphaforge_interaction,2,0.8,126,90.5631519536819,-0.09436848046318103,0.29631246222551577,0.626984126984127,-0.07489561941522344,0.9516514514921123,-0.23681935016633704,-0.005704584389491063,0.47018030513176146,1.0,latest72h,0.23832720000001192,-0.2380196000000155
expr_btc_1mx_uncertainty__q80,expr_btc_1mx_uncertainty,alphaforge_interaction,2,0.8,5859,0.3674595285473157,-0.9963254047145268,0.997981162678388,0.6495989076634238,-0.017005041896475958,0.9425767134446812,-0.6148381249730833,-0.024474766089268463,0.43781746681959693,0.9989349500245781,full,0.23832720000001192,-0.2380196000000155
expr_btc_1mx_uncertainty__q85,expr_btc_1mx_uncertainty,alphaforge_interaction,2,0.85,2339,6.365908132454122,-0.9363409186754588,0.9748951089663936,0.6344591705857204,-0.04003167672832238,0.9150972332536511,-0.5554556955666512,-0.021392665225948737,0.4456897972638866,1.0,train,0.31022320000001,-0.302954700000047
expr_btc_1mx_uncertainty__q85,expr_btc_1mx_uncertainty,alphaforge_interaction,2,0.85,1171,127.17957902566002,0.27179579025660017,0.5396389673995835,0.6703672075149445,0.023210571328488243,1.0173817886948608,-0.3762676436474577,0.005468236575593144,0.5195130086724483,1.0,validation,0.31022320000001,-0.302954700000047
expr_btc_1mx_uncertainty__q85,expr_btc_1mx_uncertainty,alphaforge_interaction,2,0.85,780,32.14360636754678,-0.6785639363245322,0.8787654956371092,0.6256410256410256,-0.08699537645186374,0.9315881338588962,-0.40953305498871695,-0.01526222619969908,0.4427951967978652,0.9871581054036024,test,0.31022320000001,-0.302954700000047
expr_btc_1mx_uncertainty__q85,expr_btc_1mx_uncertainty,alphaforge_interaction,2,0.85,79,94.19323794035748,-0.05806762059642523,0.2629585440020899,0.6075949367088608,-0.07350331721066516,0.9524065827334998,-0.22158577564150106,0.015338411228629223,0.5478502080443828,1.0,latest72h,0.31022320000001,-0.302954700000047
expr_btc_1mx_uncertainty__q85,expr_btc_1mx_uncertainty,alphaforge_interaction,2,0.85,4290,2.6023898181056357,-0.9739761018189437,0.982394300883274,0.6426573426573426,-0.02270340563680526,0.9240674338885184,-0.5554556955666512,-0.012780078717112953,0.4617810912665902,0.9968458135343273,full,0.31022320000001,-0.302954700000047
expr_btc_1mx_uncertainty__q90,expr_btc_1mx_uncertainty,alphaforge_interaction,2,0.9,1569,22.849412911910566,-0.7715058708808944,0.9375662787994836,0.6252390057361377,-0.049171820961178656,0.9458339164990041,-0.49568983369064146,-0.0034971434263967316,0.4896159551672985,0.9989286302950388,train,0.4071017999999689,-0.4016172000001136
expr_btc_1mx_uncertainty__q90,expr_btc_1mx_uncertainty,alphaforge_interaction,2,0.9,733,329.9515054804863,2.299515054804863,0.48135576597680235,0.6725784447476125,0.31371283148770235,1.1623421539918957,-0.2705107860618625,0.041510574176419235,0.6027351567711808,1.0,validation,0.4071017999999689,-0.4016172000001136
expr_btc_1mx_uncertainty__q90,expr_btc_1mx_uncertainty,alphaforge_interaction,2,0.9,461,47.95984632111704,-0.5204015367888296,0.7504129193563769,0.6073752711496746,-0.11288536589779417,0.9252832001850433,-0.3103012742179493,-0.0029453333333334664,0.4241160773849233,0.9404603068712475,test,0.4071017999999689,-0.4016172000001136
expr_btc_1mx_uncertainty__q90,expr_btc_1mx_uncertainty,alphaforge_interaction,2,0.9,53,88.67318765553878,-0.11326812344461212,0.2150706795397379,0.5849056603773585,-0.2137134404615319,0.8665384412199071,-0.2150706795397378,0.0,0.3106796116504854,0.8044382801664355,latest72h,0.4071017999999689,-0.4016172000001136
expr_btc_1mx_uncertainty__q90,expr_btc_1mx_uncertainty,alphaforge_interaction,2,0.9,2763,36.15787865591057,-0.6384212134408942,0.9375662787994836,0.6348172276511038,-0.023106088072417447,0.9719139652856136,-0.49568983369064146,0.0003358991057409444,0.500532524987711,0.9848435195805342,full,0.4071017999999689,-0.4016172000001136
expr_btc_1mx_uncertainty__q95,expr_btc_1mx_uncertainty,alphaforge_interaction,2,0.95,789,26.70002504839819,-0.7329997495160181,0.825102952871808,0.6007604562737643,-0.09290237636451439,0.8949172135958415,-0.3847786085316105,-0.012377094923152532,0.4249217075984836,0.9646447997362783,train,0.575965000000037,-0.5833260999999329
expr_btc_1mx_uncertainty__q95,expr_btc_1mx_uncertainty,alphaforge_interaction,2,0.95,345,265.3063351190865,1.6530633511908648,0.41392602724332384,0.663768115942029,0.479148797446628,1.2080942134610326,-0.26185053062526475,0.024918032786885203,0.5798865910607072,0.9808205470313542,validation,0.575965000000037,-0.5833260999999329
expr_btc_1mx_uncertainty__q95,expr_btc_1mx_uncertainty,alphaforge_interaction,2,0.95,173,103.84882770407825,0.03848827704078239,0.4240368378339812,0.6127167630057804,0.022247558983111034,1.0111385220602749,-0.19931854007410676,0.0,0.4097731821214143,0.8612408272181454,test,0.575965000000037,-0.5833260999999329
expr_btc_1mx_uncertainty__q95,expr_btc_1mx_uncertainty,alphaforge_interaction,2,0.95,20,86.62090102162993,-0.13379098978370063,0.22092041271300855,0.55,-0.6689549489185023,0.6211862045384686,-0.14479023804333835,-0.009898162291840151,0.17475728155339806,0.7558945908460472,latest72h,0.575965000000037,-0.5833260999999329
expr_btc_1mx_uncertainty__q95,expr_btc_1mx_uncertainty,alphaforge_interaction,2,0.95,1307,73.56324654456051,-0.2643675345543949,0.825102952871808,0.6189747513389442,-0.020227049315562073,0.9770994646639585,-0.3847786085316105,0.0,0.46014255284286415,0.9436342782238244,full,0.575965000000037,-0.5833260999999329
expr_btc_1mx_low_cost__q70,expr_btc_1mx_low_cost,alphaforge_interaction,2,0.7,4501,3.928932600065442,-0.9607106739993456,0.988393896144913,0.7031770717618308,-0.02134438289267596,0.9238745198216971,-0.5824633899520006,-0.03854556294531797,0.43102027361134004,1.0,train,0.30081999999986136,-0.3032200000000738
expr_btc_1mx_low_cost__q70,expr_btc_1mx_low_cost,alphaforge_interaction,2,0.7,2364,71.4971982426763,-0.2850280175732369,0.8463315484745825,0.7170050761421319,-0.012057022739984624,0.9804145901412785,-0.5017662980963493,-0.022607243580727077,0.47148098732488325,1.0,validation,0.30081999999986136,-0.3032200000000738
expr_btc_1mx_low_cost__q70,expr_btc_1mx_low_cost,alphaforge_interaction,2,0.7,1947,2.4591984666074085,-0.975408015333926,0.9803918021922529,0.7051874678993323,-0.05009799770590282,0.8891120236073957,-0.4742481550914438,-0.0768241926297425,0.28402268178785856,1.0,test,0.30081999999986136,-0.3032200000000738
expr_btc_1mx_low_cost__q70,expr_btc_1mx_low_cost,alphaforge_interaction,2,0.7,249,44.47385127124605,-0.5552614872875395,0.6233563670674506,0.6907630522088354,-0.22299658123997612,0.7405940055888154,-0.4640787178979371,-0.08161702838309326,0.2510402219140083,1.0,latest72h,0.30081999999986136,-0.3032200000000738
expr_btc_1mx_low_cost__q70,expr_btc_1mx_low_cost,alphaforge_interaction,2,0.7,8812,0.06908077186727904,-0.9993091922813272,0.9993442195827212,0.7073309123921925,-0.011340322200196627,0.9256409387012208,-0.5824633899520006,-0.0491977274692284,0.4041045387514337,1.0,full,0.30081999999986136,-0.3032200000000738
expr_btc_1mx_low_cost__q75,expr_btc_1mx_low_cost,alphaforge_interaction,2,0.75,3767,15.894155464209655,-0.8410584453579034,0.9527762413669882,0.7209981417573667,-0.02232700943344576,0.9673203066677243,-0.5832917401099585,-0.01680651179987247,0.46044173397066096,1.0,train,0.3995500000000538,-0.39880000000004656
expr_btc_1mx_low_cost__q75,expr_btc_1mx_low_cost,alphaforge_interaction,2,0.75,1912,92.06894426008402,-0.07931055739915971,0.6922622453265056,0.7327405857740585,-0.00414804170497693,0.9946804069459103,-0.4696787284013453,0.003362161099916827,0.505003335557038,1.0,validation,0.3995500000000538,-0.39880000000004656
expr_btc_1mx_low_cost__q75,expr_btc_1mx_low_cost,alphaforge_interaction,2,0.75,1501,15.710444533978679,-0.8428955546602133,0.8882293349896724,0.7275149900066622,-0.056155599910740525,0.9147198416843763,-0.4152002448710116,-0.027739840985035347,0.3880920613742495,1.0,test,0.3995500000000538,-0.39880000000004656
expr_btc_1mx_low_cost__q75,expr_btc_1mx_low_cost,alphaforge_interaction,2,0.75,186,65.05748969430991,-0.3494251030569009,0.4456248455189765,0.7204301075268817,-0.18786295863274236,0.794750524144409,-0.3528268596825427,-0.0626438878118526,0.36615811373092927,1.0,latest72h,0.3995500000000538,-0.39880000000004656
expr_btc_1mx_low_cost__q75,expr_btc_1mx_low_cost,alphaforge_interaction,2,0.75,7180,2.2990006475417655,-0.9770099935245824,0.9886821826454899,0.7254874651810584,-0.013607381525411992,0.9669398148478504,-0.5832917401099585,-0.017781573280569396,0.4521137145666066,1.0,full,0.3995500000000538,-0.39880000000004656
expr_btc_1mx_low_cost__q80,expr_btc_1mx_low_cost,alphaforge_interaction,2,0.8,3007,16.19162081194448,-0.8380837918805552,0.9782842678035901,0.7352843365480546,-0.027871093843716433,0.9520175612792171,-0.5532453325444681,-0.005274490946224786,0.48846217240810946,1.0,train,0.5134399999999439,-0.5107600000000386
expr_btc_1mx_low_cost__q80,expr_btc_1mx_low_cost,alphaforge_interaction,2,0.8,1497,269.6000627859716,1.696000627859716,0.4812715021805403,0.7595190380761523,0.11329329511420949,1.0743915069691203,-0.37452928227547944,0.01655686086306085,0.5451967978652434,1.0,validation,0.5134399999999439,-0.5107600000000386
expr_btc_1mx_low_cost__q80,expr_btc_1mx_low_cost,alphaforge_interaction,2,0.8,1093,34.26073896559988,-0.6573926103440012,0.8300506079894314,0.7557182067703568,-0.06014571000402581,0.933954304924022,-0.3326225614345989,-0.018062062948968283,0.4281187458305537,1.0,test,0.5134399999999439,-0.5107600000000386
expr_btc_1mx_low_cost__q80,expr_btc_1mx_low_cost,alphaforge_interaction,2,0.8,129,66.95345655515118,-0.3304654344484882,0.4071168373697185,0.7364341085271318,-0.2561747553864253,0.6966226006671998,-0.3081099562729621,-0.031925178126204545,0.27184466019417475,1.0,latest72h,0.5134399999999439,-0.5107600000000386
expr_btc_1mx_low_cost__q80,expr_btc_1mx_low_cost,alphaforge_interaction,2,0.8,5597,14.955710147042897,-0.850442898529571,0.9782842678035901,0.7457566553510809,-0.01519462030604913,0.9666530820258984,-0.5532453325444681,-0.005107912864317665,0.48676880222841223,1.0,full,0.5134399999999439,-0.5107600000000386
expr_btc_1mx_low_cost__q85,expr_btc_1mx_low_cost,alphaforge_interaction,2,0.85,2248,8.648161299568697,-0.9135183870043131,0.9495891240755479,0.748220640569395,-0.04063693892367934,0.897518538025362,-0.5156926228445979,-0.020196866233630928,0.42805340365913963,1.0,train,0.6581999999999316,-0.674620000000199
expr_btc_1mx_low_cost__q85,expr_btc_1mx_low_cost,alphaforge_interaction,2,0.85,1078,305.51093139971243,2.055109313997124,0.4519231534643553,0.7727272727272727,0.19064093821865777,1.1222789496427814,-0.34566096264633706,0.01677865608190432,0.5603735823882589,1.0,validation,0.6581999999999316,-0.674620000000199
expr_btc_1mx_low_cost__q85,expr_btc_1mx_low_cost,alphaforge_interaction,2,0.85,720,96.03107060072395,-0.039689293992760444,0.46101170932628605,0.7861111111111111,-0.0055124019434389625,0.9948342350251518,-0.2188483358576946,-4.736784787018333e-06,0.48732488325550366,0.9873248832555037,test,0.6581999999999316,-0.674620000000199
expr_btc_1mx_low_cost__q85,expr_btc_1mx_low_cost,alphaforge_interaction,2,0.85,78,75.7701494470712,-0.242298505529288,0.30032719205879205,0.7564102564102564,-0.3106391096529343,0.6489890944456066,-0.2188483358576946,-0.02673214793416656,0.42579750346740636,1.0,latest72h,0.6581999999999316,-0.674620000000199
expr_btc_1mx_low_cost__q85,expr_btc_1mx_low_cost,alphaforge_interaction,2,0.85,4046,25.372444197545786,-0.7462755580245422,0.9495891240755479,0.7614928324270884,-0.018444774049049446,0.9398040022219795,-0.5156926228445979,-0.006196807886638733,0.4743978371292807,0.9968867769949206,full,0.6581999999999316,-0.674620000000199
expr_btc_1mx_low_cost__q90,expr_btc_1mx_low_cost,alphaforge_interaction,2,0.9,1468,31.896816631238895,-0.6810318336876111,0.8909413274125015,0.7683923705722071,-0.046391814283897104,0.9443847612872073,-0.5897136450344007,0.007800290280569722,0.5337893522333937,0.9953848689632437,train,0.8676000000000932,-0.9009400000000897
expr_btc_1mx_low_cost__q90,expr_btc_1mx_low_cost,alphaforge_interaction,2,0.9,677,167.6522477130009,0.6765224771300089,0.31196566860685504,0.7976366322008862,0.09992946486410789,1.1047968299980955,-0.25105501968471033,0.019322823759371888,0.6070713809206137,1.0,validation,0.8676000000000932,-0.9009400000000897
expr_btc_1mx_low_cost__q90,expr_btc_1mx_low_cost,alphaforge_interaction,2,0.9,431,103.29712301392402,0.03297123013924019,0.5049126619759281,0.8051044083526682,0.00764993738729455,1.0063205402424358,-0.16297800942728724,0.0,0.4598065376917945,0.9399599733155437,test,0.8676000000000932,-0.9009400000000897
expr_btc_1mx_low_cost__q90,expr_btc_1mx_low_cost,alphaforge_interaction,2,0.9,40,95.50719377190516,-0.044928062280948367,0.14106792820397204,0.8,-0.11232015570237228,0.8663183672172835,-0.09117503364448376,-0.0016387805488143892,0.420249653259362,0.9403606102635229,latest72h,0.8676000000000932,-0.9009400000000897
expr_btc_1mx_low_cost__q90,expr_btc_1mx_low_cost,alphaforge_interaction,2,0.9,2576,55.238890632887774,-0.4476110936711223,0.8909413274125015,0.78222049689441,-0.017376207052450323,0.9738148922970267,-0.5897136450344007,0.005487738040926615,0.5332213665410453,0.9829592003932492,full,0.8676000000000932,-0.9009400000000897
expr_btc_1mx_low_cost__q95,expr_btc_1mx_low_cost,alphaforge_interaction,2,0.95,705,73.17246843535492,-0.2682753156464508,0.7574227057627233,0.7843971631205674,-0.03805323626190819,0.9593764779074121,-0.45546357538970983,0.0014925950500734864,0.5073347618262732,0.9029174221196637,train,1.2644699999997975,-1.2992699999999295
expr_btc_1mx_low_cost__q95,expr_btc_1mx_low_cost,alphaforge_interaction,2,0.95,286,100.86825671591384,0.008682567159138399,0.30693568569892704,0.7972027972027972,0.0030358626430556763,1.0035885773775894,-0.1384905816534049,0.002580645161290418,0.553035356904603,0.9224482988659106,validation,1.2644699999997975,-1.2992699999999295
expr_btc_1mx_low_cost__q95,expr_btc_1mx_low_cost,alphaforge_interaction,2,0.95,146,160.72456777478342,0.6072456777478343,0.11240861715474822,0.863013698630137,0.41592169708755866,1.525774847728964,-0.07927753396029247,0.006046511627906925,0.6012341561040694,0.7935290193462308,test,1.2644699999997975,-1.2992699999999295
expr_btc_1mx_low_cost__q95,expr_btc_1mx_low_cost,alphaforge_interaction,2,0.95,16,101.67860973425714,0.016786097342571304,0.04090909090909093,0.875,0.10491310839106763,1.2020278932020845,-0.03497599913983129,0.006385237866733062,0.5325936199722607,0.7323162274618585,latest72h,1.2644699999997975,-1.2992699999999295
expr_btc_1mx_low_cost__q95,expr_btc_1mx_low_cost,alphaforge_interaction,2,0.95,1137,118.62725677637125,0.18627256776371248,0.7574227057627233,0.7977132805628848,0.01638281158871694,1.0201882200582224,-0.45546357538970983,0.003043478260869481,0.541536949041455,0.8819842700311322,full,1.2644699999997975,-1.2992699999999295
expr_btc_1mx_tight_spread__q70,expr_btc_1mx_tight_spread,alphaforge_interaction,2,0.7,4508,4.321565402019095,-0.9567843459798091,0.9866914769057138,0.7031943212067435,-0.021224142546135933,0.9272969717231097,-0.5824633899520006,-0.037865820677645934,0.43489368716004617,1.0,train,0.26302499999997964,-0.26530000000006115
expr_btc_1mx_tight_spread__q70,expr_btc_1mx_tight_spread,alphaforge_interaction,2,0.7,2365,68.56755694883019,-0.3143244305116981,0.8526282069761119,0.7167019027484144,-0.013290673594575019,0.9778886232052888,-0.5017662980963493,-0.02523120873052942,0.466977985323549,1.0,validation,0.26302499999997964,-0.26530000000006115
expr_btc_1mx_tight_spread__q70,expr_btc_1mx_tight_spread,alphaforge_interaction,2,0.7,1947,2.4591984666074085,-0.975408015333926,0.9803918021922529,0.7051874678993323,-0.05009799770590282,0.8891120236073957,-0.4742481550914438,-0.0768241926297425,0.28402268178785856,1.0,test,0.26302499999997964,-0.26530000000006115
expr_btc_1mx_tight_spread__q70,expr_btc_1mx_tight_spread,alphaforge_interaction,2,0.7,249,44.47385127124605,-0.5552614872875395,0.6233563670674506,0.6907630522088354,-0.22299658123997612,0.7405940055888154,-0.4640787178979371,-0.08161702838309326,0.2510402219140083,1.0,latest72h,0.26302499999997964,-0.26530000000006115
expr_btc_1mx_tight_spread__q70,expr_btc_1mx_tight_spread,alphaforge_interaction,2,0.7,8820,0.07287076775360697,-0.9992712923224639,0.9993082413355674,0.7072562358276644,-0.01132960648891681,0.9288022699325439,-0.5824633899520006,-0.0491977274692284,0.40492380796329674,1.0,full,0.26302499999997964,-0.26530000000006115
expr_btc_1mx_tight_spread__q75,expr_btc_1mx_tight_spread,alphaforge_interaction,2,0.75,3768,17.486521081111047,-0.8251347891888895,0.9501552686603503,0.7213375796178344,-0.021898481666371754,0.9691493096985546,-0.5648501830765271,-0.015844510255156097,0.46233723421790013,1.0,train,0.3494312499999478,-0.34873124999999616
expr_btc_1mx_tight_spread__q75,expr_btc_1mx_tight_spread,alphaforge_interaction,2,0.75,1912,92.06894426008402,-0.07931055739915971,0.6922622453265056,0.7327405857740585,-0.00414804170497693,0.9946804069459103,-0.4696787284013453,0.003362161099916827,0.505003335557038,1.0,validation,0.3494312499999478,-0.34873124999999616
expr_btc_1mx_tight_spread__q75,expr_btc_1mx_tight_spread,alphaforge_interaction,2,0.75,1501,15.710444533978679,-0.8428955546602133,0.8882293349896724,0.7275149900066622,-0.056155599910740525,0.9147198416843763,-0.4152002448710116,-0.027739840985035347,0.3880920613742495,1.0,test,0.3494312499999478,-0.34873124999999616
expr_btc_1mx_tight_spread__q75,expr_btc_1mx_tight_spread,alphaforge_interaction,2,0.75,186,65.05748969430991,-0.3494251030569009,0.4456248455189765,0.7204301075268817,-0.18786295863274236,0.794750524144409,-0.3528268596825427,-0.0626438878118526,0.36615811373092927,1.0,latest72h,0.3494312499999478,-0.34873124999999616
expr_btc_1mx_tight_spread__q75,expr_btc_1mx_tight_spread,alphaforge_interaction,2,0.75,7181,2.5293274234829495,-0.9747067257651705,0.9880540308159118,0.7256649491714245,-0.013573412139885376,0.968501380143789,-0.5648501830765271,-0.0171517870545147,0.45305587416024906,1.0,full,0.3494312499999478,-0.34873124999999616
expr_btc_1mx_tight_spread__q80,expr_btc_1mx_tight_spread,alphaforge_interaction,2,0.8,3008,15.568691258260053,-0.8443130874173994,0.9782043036043566,0.7350398936170213,-0.028068919129567795,0.9501906308304647,-0.5532453325444681,-0.007629827024225988,0.4831877369375309,1.0,train,0.4487699999999531,-0.4461449999999023
expr_btc_1mx_tight_spread__q80,expr_btc_1mx_tight_spread,alphaforge_interaction,2,0.8,1499,260.90741939405916,1.6090741939405917,0.4812715021805399,0.7591727818545697,0.10734317504607013,1.072441205966412,-0.37452928227547944,0.013309560941237253,0.539859906604403,1.0,validation,0.4487699999999531,-0.4461449999999023
expr_btc_1mx_tight_spread__q80,expr_btc_1mx_tight_spread,alphaforge_interaction,2,0.8,1097,32.42493600030436,-0.6757506399969564,0.8424534141556674,0.7547857793983591,-0.06159987602524696,0.9312001871296255,-0.3361403734290832,-0.018062062948968283,0.4349566377585057,1.0,test,0.4487699999999531,-0.4461449999999023
expr_btc_1mx_tight_spread__q80,expr_btc_1mx_tight_spread,alphaforge_interaction,2,0.8,131,65.58510221985553,-0.3441489778014447,0.43113620652243223,0.732824427480916,-0.262709143359882,0.6854479255843391,-0.3361403734290832,-0.028236762122826997,0.3259361997226075,1.0,latest72h,0.4487699999999531,-0.4461449999999023
expr_btc_1mx_tight_spread__q80,expr_btc_1mx_tight_spread,alphaforge_interaction,2,0.8,5604,13.170967043950233,-0.8682903295604977,0.9782043036043566,0.7453604568165596,-0.015494117229844721,0.9644124427503561,-0.5532453325444681,-0.005894947718389276,0.48451581189578896,1.0,full,0.4487699999999531,-0.4461449999999023
expr_btc_1mx_tight_spread__q85,expr_btc_1mx_tight_spread,alphaforge_interaction,2,0.85,2249,9.143978717467679,-0.9085602128253232,0.9473364623258507,0.7492218763895064,-0.0403984087516817,0.8984932238384339,-0.5156926228445979,-0.01843921841186602,0.43489368716004617,1.0,train,0.5755924999999867,-0.5890587500000565
expr_btc_1mx_tight_spread__q85,expr_btc_1mx_tight_spread,alphaforge_interaction,2,0.85,1079,293.1317871663735,1.931317871663735,0.45192315346435574,0.7720111214087118,0.17899146169265426,1.1185043860077688,-0.34566096264633706,0.01631431101254588,0.5563709139426284,1.0,validation,0.5755924999999867,-0.5890587500000565
expr_btc_1mx_tight_spread__q85,expr_btc_1mx_tight_spread,alphaforge_interaction,2,0.85,721,96.82742582033958,-0.031725741796604146,0.4594471808681527,0.7864077669902912,-0.004400241580666106,0.9958823651127906,-0.2188483358576946,-4.736784787018333e-06,0.48732488325550366,0.9873248832555037,test,0.5755924999999867,-0.5890587500000565
expr_btc_1mx_tight_spread__q85,expr_btc_1mx_tight_spread,alphaforge_interaction,2,0.85,78,75.7701494470712,-0.242298505529288,0.30032719205879205,0.7564102564102564,-0.3106391096529343,0.6489890944456066,-0.2188483358576946,-0.02673214793416656,0.42579750346740636,1.0,latest72h,0.5755924999999867,-0.5890587500000565
expr_btc_1mx_tight_spread__q85,expr_btc_1mx_tight_spread,alphaforge_interaction,2,0.85,4049,25.95353436089774,-0.7404646563910227,0.9473364623258507,0.7619165225981724,-0.018287593390738953,0.9407920460891057,-0.5156926228445979,-0.005591335496379191,0.47681468130427657,0.9968867769949206,full,0.5755924999999867,-0.5890587500000565
expr_btc_1mx_tight_spread__q90,expr_btc_1mx_tight_spread,alphaforge_interaction,2,0.9,1468,31.896816631238895,-0.6810318336876111,0.8909413274125015,0.7683923705722071,-0.046391814283897104,0.9443847612872073,-0.5897136450344007,0.007800290280569722,0.5337893522333937,0.9953848689632437,train,0.7591500000000051,-0.7880425000001107
expr_btc_1mx_tight_spread__q90,expr_btc_1mx_tight_spread,alphaforge_interaction,2,0.9,677,167.6522477130009,0.6765224771300089,0.31196566860685504,0.7976366322008862,0.09992946486410789,1.1047968299980955,-0.25105501968471033,0.019322823759371888,0.6070713809206137,1.0,validation,0.7591500000000051,-0.7880425000001107
expr_btc_1mx_tight_spread__q90,expr_btc_1mx_tight_spread,alphaforge_interaction,2,0.9,431,103.29712301392402,0.03297123013924019,0.5049126619759281,0.8051044083526682,0.00764993738729455,1.0063205402424358,-0.16297800942728724,0.0,0.4598065376917945,0.9399599733155437,test,0.7591500000000051,-0.7880425000001107
expr_btc_1mx_tight_spread__q90,expr_btc_1mx_tight_spread,alphaforge_interaction,2,0.9,40,95.50719377190516,-0.044928062280948367,0.14106792820397204,0.8,-0.11232015570237228,0.8663183672172835,-0.09117503364448376,-0.0016387805488143892,0.420249653259362,0.9403606102635229,latest72h,0.7591500000000051,-0.7880425000001107
expr_btc_1mx_tight_spread__q90,expr_btc_1mx_tight_spread,alphaforge_interaction,2,0.9,2576,55.238890632887774,-0.4476110936711223,0.8909413274125015,0.78222049689441,-0.017376207052450323,0.9738148922970267,-0.5897136450344007,0.005487738040926615,0.5332213665410453,0.9829592003932492,full,0.7591500000000051,-0.7880425000001107
expr_btc_1mx_tight_spread__q95,expr_btc_1mx_tight_spread,alphaforge_interaction,2,0.95,706,76.6650357473061,-0.2333496425269389,0.7469247703088694,0.7861189801699717,-0.03305235729843334,0.965368309944055,-0.45546357538970983,0.0014925950500734864,0.5081588923685512,0.9029174221196637,train,1.1064112499998229,-1.1338424999999737
expr_btc_1mx_tight_spread__q95,expr_btc_1mx_tight_spread,alphaforge_interaction,2,0.95,287,96.72734933494488,-0.03272650665055121,0.3353877996544437,0.794425087108014,-0.01140296398973927,0.9863323518189074,-0.17385781040658088,0.0017048418322687109,0.537358238825884,0.9224482988659106,validation,1.1064112499998229,-1.1338424999999737
expr_btc_1mx_tight_spread__q95,expr_btc_1mx_tight_spread,alphaforge_interaction,2,0.95,147,163.388003469337,0.6338800346933702,0.11240861715474812,0.8639455782312925,0.43121090795467437,1.5443375844290692,-0.07927753396029247,0.006089743543836068,0.6055703802535023,0.7935290193462308,test,1.1064112499998229,-1.1338424999999737
expr_btc_1mx_tight_spread__q95,expr_btc_1mx_tight_spread,alphaforge_interaction,2,0.95,16,101.67860973425714,0.016786097342571304,0.04090909090909093,0.875,0.10491310839106763,1.2020278932020845,-0.03497599913983129,0.006385237866733062,0.5325936199722607,0.7323162274618585,latest72h,1.1064112499998229,-1.1338424999999737
expr_btc_1mx_tight_spread__q95,expr_btc_1mx_tight_spread,alphaforge_interaction,2,0.95,1140,121.16210089411375,0.21162100894113745,0.7469247703088694,0.7982456140350878,0.01856324639834523,1.022423916924794,-0.45546357538970983,0.002580645161290418,0.5391610683270522,0.8819842700311322,full,1.1064112499998229,-1.1338424999999737
expr_btc_1mx_depth_z__q70,expr_btc_1mx_depth_z,alphaforge_interaction,2,0.7,4378,3.239927041746782e-05,-0.9999996760072958,0.9999997367106539,0.5534490634993148,-0.022841472727439385,0.7636898587957014,-0.6620568391131672,-0.1665589156372369,0.2508653370693918,1.0,train,0.11330671309154802,-0.11545272505394462
expr_btc_1mx_depth_z__q70,expr_btc_1mx_depth_z,alphaforge_interaction,2,0.7,2403,0.05372786604821347,-0.9994627213395179,0.9996047923905161,0.5418227215980025,-0.04159228969369615,0.648586879514832,-0.6692517194556459,-0.17782414184371864,0.2896931287525017,1.0,validation,0.11330671309154802,-0.11545272505394462
expr_btc_1mx_depth_z__q70,expr_btc_1mx_depth_z,alphaforge_interaction,2,0.7,2307,0.12116305887843995,-0.9987883694112156,0.9996903411363279,0.5227568270481144,-0.043293817486398704,0.9120193986675048,-0.6728739477409795,-0.17141926948525266,0.30253502334889926,1.0,test,0.11330671309154802,-0.11545272505394462
expr_btc_1mx_depth_z__q70,expr_btc_1mx_depth_z,alphaforge_interaction,2,0.7,291,166.38109292423215,0.6638109292423215,0.5445771379512347,0.5429553264604811,0.22811372138911343,1.0897989605520997,-0.3554282257844714,0.02363464398996018,0.5228848821081831,1.0,latest72h,0.11330671309154802,-0.11545272505394462
expr_btc_1mx_depth_z__q70,expr_btc_1mx_depth_z,alphaforge_interaction,2,0.7,9088,2.109138266960193e-11,-0.9999999999997891,0.9999999999999347,0.5425836267605634,-0.011003521126758248,0.763689833800828,-0.6728739477409795,-0.1701886284536977,0.27601179747665083,1.0,full,0.11330671309154802,-0.11545272505394462
expr_btc_1mx_depth_z__q75,expr_btc_1mx_depth_z,alphaforge_interaction,2,0.75,3579,0.0006530317569141427,-0.9999934696824309,0.9999941641873334,0.5624476110645432,-0.027940583114904445,0.7371835402401654,-0.6402891220100964,-0.13308411935220066,0.290753255315642,1.0,train,0.17318773465987342,-0.1776565199534192
expr_btc_1mx_depth_z__q75,expr_btc_1mx_depth_z,alphaforge_interaction,2,0.75,1910,0.5240236195298911,-0.9947597638047011,0.9978401464483735,0.5528795811518324,-0.052081663026424176,0.6991103640487607,-0.6549353724690727,-0.13909831982748821,0.31454302868579054,1.0,validation,0.17318773465987342,-0.1776565199534192
expr_btc_1mx_depth_z__q75,expr_btc_1mx_depth_z,alphaforge_interaction,2,0.75,1871,0.29490122455264883,-0.9970509877544735,0.9989245539177339,0.5227151256012827,-0.05328973745347283,0.8576873530966497,-0.6617902170516943,-0.13931830844031817,0.3300533689126084,1.0,test,0.17318773465987342,-0.1776565199534192
expr_btc_1mx_depth_z__q75,expr_btc_1mx_depth_z,alphaforge_interaction,2,0.75,228,97.43084287701288,-0.025691571229871202,0.6499602166464237,0.5482456140350878,-0.01126823299555796,0.9929719966847993,-0.4794687273935313,-0.03655803961564241,0.42163661581137307,1.0,latest72h,0.17318773465987342,-0.1776565199534192
expr_btc_1mx_depth_z__q75,expr_btc_1mx_depth_z,alphaforge_interaction,2,0.75,7360,1.0091639779360406e-08,-0.9999999998990836,0.9999999999557813,0.5498641304347827,-0.01358695652036797,0.7371833318015462,-0.6617902170516943,-0.13596374534833466,0.30870063902998524,1.0,full,0.17318773465987342,-0.1776565199534192
expr_btc_1mx_depth_z__q80,expr_btc_1mx_depth_z,alphaforge_interaction,2,0.8,2792,0.013128223295297536,-0.999868717767047,0.9998957873200501,0.5816618911174785,-0.0358119168254673,0.7881392940250304,-0.6193653291559964,-0.09082048830306466,0.32998186912806987,1.0,train,0.2580067672013421,-0.2611751937193954
expr_btc_1mx_depth_z__q80,expr_btc_1mx_depth_z,alphaforge_interaction,2,0.8,1469,3.315084644670533,-0.9668491535532947,0.9810284742161083,0.5650102110279102,-0.0658168246122053,0.8072313380704333,-0.5948183995000336,-0.09179716040888797,0.33739159439626415,1.0,validation,0.2580067672013421,-0.2611751937193954
expr_btc_1mx_depth_z__q80,expr_btc_1mx_depth_z,alphaforge_interaction,2,0.8,1413,1.3312561153379954,-0.98668743884662,0.9954528691705921,0.5357395612172682,-0.0698292596494424,0.8193315515860391,-0.611648120487046,-0.12597192162719673,0.31737825216811205,1.0,test,0.2580067672013421,-0.2611751937193954
expr_btc_1mx_depth_z__q80,expr_btc_1mx_depth_z,alphaforge_interaction,2,0.8,174,77.62114879862999,-0.2237885120137001,0.6401010640598335,0.5747126436781609,-0.12861408736419586,0.8913455118882403,-0.3387499648352301,-0.09744816815559698,0.2302357836338419,1.0,latest72h,0.2580067672013421,-0.2611751937193954
expr_btc_1mx_depth_z__q80,expr_btc_1mx_depth_z,alphaforge_interaction,2,0.8,5674,5.793782565019807e-06,-0.9999999420621744,0.9999999759272985,0.5659146986253084,-0.01762424994822303,0.788142114425753,-0.6193653291559964,-0.09767134401457467,0.3306980173685073,1.0,full,0.2580067672013421,-0.2611751937193954
expr_btc_1mx_depth_z__q85,expr_btc_1mx_depth_z,alphaforge_interaction,2,0.85,2012,0.013631044683679736,-0.9998636895531632,0.9999055912735141,0.5989065606361829,-0.0496950143913103,0.7450187288670033,-0.5745405299714212,-0.08941617567969562,0.2835009065435965,1.0,train,0.3945761402718337,-0.38634598254844504
expr_btc_1mx_depth_z__q85,expr_btc_1mx_depth_z,alphaforge_interaction,2,0.85,1000,42.46824290424727,-0.5753175709575273,0.8194300541962882,0.588,-0.05753175709575281,0.953033129668456,-0.5356880271087883,-0.05571109150571063,0.39159439626417614,1.0,validation,0.3945761402718337,-0.38634598254844504
expr_btc_1mx_depth_z__q85,expr_btc_1mx_depth_z,alphaforge_interaction,2,0.85,956,4.783853791889594,-0.9521614620811041,0.9778634706880046,0.5502092050209205,-0.09959847929718668,0.7786253944524797,-0.4673200526014267,-0.09159763274322452,0.3393929286190794,1.0,test,0.3945761402718337,-0.38634598254844504
expr_btc_1mx_depth_z__q85,expr_btc_1mx_depth_z,alphaforge_interaction,2,0.85,123,81.44870711145872,-0.18551292888541282,0.4652408331468739,0.6178861788617886,-0.1508235194190352,0.8963617348922711,-0.32961374856072245,-0.001746750209256298,0.4882108183079057,1.0,latest72h,0.3945761402718337,-0.38634598254844504
expr_btc_1mx_depth_z__q85,expr_btc_1mx_depth_z,alphaforge_interaction,2,0.85,3968,0.00027693084578223786,-0.9999972306915422,0.9999986208251657,0.5844254032258065,-0.025201543112186045,0.7451093923375238,-0.5745405299714212,-0.08076691906950884,0.32733901359986894,1.0,full,0.3945761402718337,-0.38634598254844504
expr_btc_1mx_depth_z__q90,expr_btc_1mx_depth_z,alphaforge_interaction,2,0.9,1250,0.28034796348913954,-0.9971965203651086,0.9992662613241494,0.6152,-0.0797757216292086,0.7524675779910595,-0.4934968447241814,-0.0675849050014441,0.29174221196637545,1.0,train,0.6218066129829479,-0.6301164041050198
expr_btc_1mx_depth_z__q90,expr_btc_1mx_depth_z,alphaforge_interaction,2,0.9,560,83.35904728562478,-0.16640952714375212,0.7017568977073286,0.6160714285714286,-0.029715986989955503,0.9822323620973527,-0.4093388727409928,-0.03751342414401687,0.41244162775183457,1.0,validation,0.6218066129829479,-0.6301164041050198
expr_btc_1mx_depth_z__q90,expr_btc_1mx_depth_z,alphaforge_interaction,2,0.9,569,44.110005092745304,-0.558899949072547,0.7545338421012839,0.5711775043936731,-0.09822494711292554,0.9363283639930136,-0.326394898917878,-0.04665039373049973,0.36324216144096066,0.9953302201467645,test,0.6218066129829479,-0.6301164041050198
expr_btc_1mx_depth_z__q90,expr_btc_1mx_depth_z,alphaforge_interaction,2,0.9,68,64.67825605559267,-0.35321743944407336,0.4220803386999854,0.5882352941176471,-0.5194374109471668,0.62957777060225,-0.3108877222439024,-0.04617945970452664,0.3065187239944521,0.9611650485436893,latest72h,0.6218066129829479,-0.6301164041050198
expr_btc_1mx_depth_z__q90,expr_btc_1mx_depth_z,alphaforge_interaction,2,0.9,2379,0.10308304906975227,-0.9989691695093025,0.9993096701894632,0.6048759983186213,-0.041991137852429646,0.7548734162196566,-0.4934968447241814,-0.05212420499732873,0.34257742094052107,0.9988530231033917,full,0.6218066129829479,-0.6301164041050198
expr_btc_1mx_depth_z__q95,expr_btc_1mx_depth_z,alphaforge_interaction,2,0.95,527,4.442001662583313,-0.9555799833741668,0.9749417822405262,0.6242884250474383,-0.18132447502356097,0.5969357432717789,-0.4271218076515092,-0.037484183939601734,0.3268501730674139,0.977666062304269,train,1.142577638365347,-1.1376746444875112
expr_btc_1mx_depth_z__q95,expr_btc_1mx_depth_z,alphaforge_interaction,2,0.95,213,57.31586648417354,-0.4268413351582646,0.6680473262780474,0.6009389671361502,-0.2003949930320493,0.8755757646730817,-0.2648158386183316,-0.021776623376623228,0.43262174783188795,0.9729819879919946,validation,1.142577638365347,-1.1376746444875112
expr_btc_1mx_depth_z__q95,expr_btc_1mx_depth_z,alphaforge_interaction,2,0.95,218,34.77371289749799,-0.6522628710250201,0.7515137250866993,0.5688073394495413,-0.29920315184633917,0.7589527187539332,-0.22746031332433347,-0.037548837209302355,0.252501667778519,0.9372915276851234,test,1.142577638365347,-1.1376746444875112
expr_btc_1mx_depth_z__q95,expr_btc_1mx_depth_z,alphaforge_interaction,2,0.95,27,67.27129096200171,-0.3272870903799828,0.3326366747948275,0.5185185185185185,-1.212174408814751,0.29566536135210775,-0.18527700095615207,-0.03767574837572407,0.04854368932038835,0.8862690707350902,latest72h,1.142577638365347,-1.1376746444875112
expr_btc_1mx_depth_z__q95,expr_btc_1mx_depth_z,alphaforge_interaction,2,0.95,958,0.8853289040670219,-0.9911467109593298,0.9918699314394435,0.6064718162839249,-0.10345999070556672,0.6176227875843674,-0.4271218076515092,-0.03552157512943621,0.3424545305587416,0.9668605603801409,full,1.142577638365347,-1.1376746444875112
expr_btc_2mx_path_eff__q70,expr_btc_2mx_path_eff,alphaforge_interaction,2,0.7,4351,14.219511086177267,-0.8578048891382273,0.9682523394146233,0.7963686508848541,-0.019715120412278138,0.953534004563774,-0.44123339794627614,-0.01364066006686071,0.46513927806164496,1.0,train,0.06802223285632872,-0.07083820388737812
expr_btc_2mx_path_eff__q70,expr_btc_2mx_path_eff,alphaforge_interaction,2,0.7,2446,6.549202602668886,-0.9345079739733111,0.9591632306428796,0.785772690106296,-0.0382055590340684,0.9055742794958258,-0.4972907270645416,-0.053533857348992686,0.3417278185456971,1.0,validation,0.06802223285632872,-0.07083820388737812
expr_btc_2mx_path_eff__q70,expr_btc_2mx_path_eff,alphaforge_interaction,2,0.7,2247,15.87077685875833,-0.8412922314124167,0.8986300849026985,0.7952825990209168,-0.037440686756226756,0.9286015287151433,-0.35195534095146697,-0.04927887554988725,0.39192795196797864,1.0,test,0.06802223285632872,-0.07083820388737812
expr_btc_2mx_path_eff__q70,expr_btc_2mx_path_eff,alphaforge_interaction,2,0.7,300,67.78326067552013,-0.3221673932447987,0.5662807259873494,0.7766666666666666,-0.10738913108159989,0.8522153889035268,-0.35195534095146697,-0.10656026098709082,0.2912621359223301,1.0,latest72h,0.06802223285632872,-0.07083820388737812
expr_btc_2mx_path_eff__q70,expr_btc_2mx_path_eff,alphaforge_interaction,2,0.7,9044,0.14779892506617998,-0.9985220107493382,0.9995360587037052,0.793233082706767,-0.011040712193159365,0.9500187159347545,-0.4972907270645416,-0.032861685676262964,0.418032115353105,1.0,full,0.06802223285632872,-0.07083820388737812
expr_btc_2mx_path_eff__q75,expr_btc_2mx_path_eff,alphaforge_interaction,2,0.75,3609,17.04692425076777,-0.8295307574923223,0.9385760230817143,0.8146300914380715,-0.02298505839546468,0.9351086412659789,-0.4116952891004513,-0.014681377566743814,0.4559090159881325,1.0,train,0.11408866966342796,-0.11624923909505955
expr_btc_2mx_path_eff__q75,expr_btc_2mx_path_eff,alphaforge_interaction,2,0.75,1944,12.270034387075917,-0.8772996561292408,0.9131810173170498,0.8112139917695473,-0.045128583134220426,0.8944677734191634,-0.41208957018621184,-0.04146660647727968,0.3869246164109406,1.0,validation,0.11408866966342796,-0.11624923909505955
expr_btc_2mx_path_eff__q75,expr_btc_2mx_path_eff,alphaforge_interaction,2,0.75,1802,34.359966594923726,-0.6564003340507627,0.8348426184587862,0.8224195338512763,-0.036426211656535215,0.9442563312364592,-0.3301533645262933,-0.028311132638564995,0.43245496997998667,1.0,test,0.11408866966342796,-0.11624923909505955
expr_btc_2mx_path_eff__q75,expr_btc_2mx_path_eff,alphaforge_interaction,2,0.75,232,60.117896913094604,-0.39882103086905396,0.48613941346513895,0.7887931034482759,-0.1719056167539034,0.7418239854073879,-0.3301533645262933,-0.08259730333434245,0.1914008321775312,1.0,latest72h,0.11408866966342796,-0.11624923909505955
expr_btc_2mx_path_eff__q75,expr_btc_2mx_path_eff,alphaforge_interaction,2,0.75,7355,0.7186948687139644,-0.9928130513128604,0.996376136587522,0.8156356220258327,-0.013498477924036153,0.9312780223188704,-0.41208957018621184,-0.023372599920408965,0.4329837784696051,1.0,full,0.11408866966342796,-0.11624923909505955
expr_btc_2mx_path_eff__q80,expr_btc_2mx_path_eff,alphaforge_interaction,2,0.8,2876,43.66552356152754,-0.5633447643847246,0.8377768018839348,0.8393602225312935,-0.01958778735690965,0.9284058116523034,-0.3289451476039882,-0.0014626014569802392,0.49645623866820504,1.0,train,0.17268939372392017,-0.17343867175662322
expr_btc_2mx_path_eff__q80,expr_btc_2mx_path_eff,alphaforge_interaction,2,0.8,1499,31.29738599647939,-0.687026140035206,0.7497246948881111,0.8365577051367579,-0.045832297534036566,0.8997981109587045,-0.26861869831218643,-0.024610231364718183,0.39593062041360905,1.0,validation,0.17268939372392017,-0.17343867175662322
expr_btc_2mx_path_eff__q80,expr_btc_2mx_path_eff,alphaforge_interaction,2,0.8,1401,37.703346188457076,-0.6229665381154292,0.7397876343347533,0.8436830835117773,-0.04446584854499817,0.9175188200206698,-0.256767993941001,-0.012290706517086525,0.44613075383589057,1.0,test,0.17268939372392017,-0.17343867175662322
expr_btc_2mx_path_eff__q80,expr_btc_2mx_path_eff,alphaforge_interaction,2,0.8,174,68.95730877597208,-0.3104269122402792,0.370801664242967,0.8218390804597702,-0.17840627140245952,0.722061881479038,-0.17877440011552537,-0.06202251865637287,0.14979195561719832,1.0,latest72h,0.17268939372392017,-0.17343867175662322
expr_btc_2mx_path_eff__q80,expr_btc_2mx_path_eff,alphaforge_interaction,2,0.8,5776,5.15260242679391,-0.9484739757320609,0.9496975541223167,0.8396814404432132,-0.016420948333311244,0.9202604976896599,-0.3289451476039882,-0.01170686762396167,0.4594461740127806,1.0,full,0.17268939372392017,-0.17343867175662322
expr_btc_2mx_path_eff__q85,expr_btc_2mx_path_eff,alphaforge_interaction,2,0.85,2156,260.47852079702426,1.6047852079702425,0.5369364876612286,0.8724489795918368,0.07443345120455719,1.114531330389364,-0.23207051861823724,0.01151576629902884,0.5487061150486237,1.0,train,0.25762654009605346,-0.2635287577633251
expr_btc_2mx_path_eff__q85,expr_btc_2mx_path_eff,alphaforge_interaction,2,0.85,1076,85.09930463825694,-0.14900695361743066,0.4358384119572117,0.8689591078066915,-0.013848229890095756,0.9703964868544043,-0.2199440975857666,0.008642637878538029,0.5375250166777852,1.0,validation,0.25762654009605346,-0.2635287577633251
expr_btc_2mx_path_eff__q85,expr_btc_2mx_path_eff,alphaforge_interaction,2,0.85,995,87.46975028104217,-0.1253024971895783,0.36275741498953346,0.8763819095477386,-0.012593215797946757,0.9761049975286124,-0.19849341677819377,0.004184671526382466,0.5345230153435624,1.0,test,0.25762654009605346,-0.2635287577633251
expr_btc_2mx_path_eff__q85,expr_btc_2mx_path_eff,alphaforge_interaction,2,0.85,126,86.39851457355878,-0.13601485426441218,0.27385672865906285,0.8571428571428571,-0.10794829703524834,0.8106012069739281,-0.14437148268718525,-0.0378865521755164,0.2787794729542302,1.0,latest72h,0.25762654009605346,-0.2635287577633251
expr_btc_2mx_path_eff__q85,expr_btc_2mx_path_eff,alphaforge_interaction,2,0.85,4227,193.89018052546908,0.9389018052546907,0.5369364876612286,0.8724863969718476,0.022212013372479706,1.0242318475652048,-0.23207051861823724,0.008626328213821033,0.541250204817303,1.0,full,0.25762654009605346,-0.2635287577633251
expr_btc_2mx_path_eff__q90,expr_btc_2mx_path_eff,alphaforge_interaction,2,0.9,1403,214.2093452470064,1.142093452470064,0.30555682687551167,0.8966500356379188,0.08140366731789561,1.1204894036029553,-0.24110732795233458,0.012955728333272631,0.5699686830393934,1.0,train,0.3962482262134853,-0.3999313560935856
expr_btc_2mx_path_eff__q90,expr_btc_2mx_path_eff,alphaforge_interaction,2,0.9,645,120.98247398280134,0.2098247398280133,0.22353406571402518,0.9023255813953488,0.0325309674151963,1.0731850970554417,-0.1362440412014334,0.006496710713546516,0.5817211474316211,1.0,validation,0.3962482262134853,-0.3999313560935856
expr_btc_2mx_path_eff__q90,expr_btc_2mx_path_eff,alphaforge_interaction,2,0.9,603,124.55890661455953,0.24558906614559528,0.2379573029352159,0.9104477611940298,0.040727871665936694,1.1062426581634888,-0.15580431779389525,0.01041162167283094,0.6054036024016011,1.0,test,0.3962482262134853,-0.3999313560935856
expr_btc_2mx_path_eff__q90,expr_btc_2mx_path_eff,alphaforge_interaction,2,0.9,73,108.09693915422116,0.08096939154221161,0.07779325813361107,0.9315068493150684,0.11091697471535918,1.3656212015150568,-0.05828340498215878,0.019461431538729812,0.7281553398058253,1.0,latest72h,0.3962482262134853,-0.3999313560935856
expr_btc_2mx_path_eff__q90,expr_btc_2mx_path_eff,alphaforge_interaction,2,0.9,2651,322.8015877886489,2.228015877886489,0.36661189780660713,0.9011693700490381,0.08404435601231619,1.1030970092980992,-0.24110732795233458,0.009164475540603956,0.5784859904964771,1.0,full,0.3962482262134853,-0.3999313560935856
expr_btc_2mx_path_eff__q95,expr_btc_2mx_path_eff,alphaforge_interaction,2,0.95,610,246.94710611717744,1.4694710611717743,0.11362007489200696,0.9311475409836065,0.24089689527406138,1.4251245154264442,-0.0793164745208278,0.012079860360187267,0.6706774353057524,0.9995879347288611,train,0.6320499211841523,-0.6805133001724611
expr_btc_2mx_path_eff__q95,expr_btc_2mx_path_eff,alphaforge_interaction,2,0.95,231,115.7085697021601,0.15708569702160102,0.15146908951099589,0.9307359307359307,0.06800246624311714,1.2003232938765698,-0.10500928549809097,0.00854723426513404,0.6796197464976651,0.985657104736491,validation,0.6320499211841523,-0.6805133001724611
expr_btc_2mx_path_eff__q95,expr_btc_2mx_path_eff,alphaforge_interaction,2,0.95,198,78.23832558887524,-0.21761674411124754,0.2545695933096152,0.9040404040404041,-0.10990744652083183,0.6866910742642891,-0.07767992069436747,0.0055172413793103114,0.6477651767845231,0.978819212808539,test,0.6320499211841523,-0.6805133001724611
expr_btc_2mx_path_eff__q95,expr_btc_2mx_path_eff,alphaforge_interaction,2,0.95,23,103.19076489730266,0.03190764897302656,0.040444444444444366,0.9565217391304348,0.13872890857837455,1.7358426943595369,-0.03196283909774433,0.0071428571428571175,0.9195561719833565,1.0,latest72h,0.6320499211841523,-0.6805133001724611
expr_btc_2mx_path_eff__q95,expr_btc_2mx_path_eff,alphaforge_interaction,2,0.95,1039,223.55738130864208,1.235573813086421,0.35556783137146536,0.9258902791145333,0.1189195200275668,1.1674740706412212,-0.10500928549809097,0.009975036012485061,0.6671718826806489,0.991069965590693,full,0.6320499211841523,-0.6805133001724611
expr_btc_2mx_uncertainty__q70,expr_btc_2mx_uncertainty,alphaforge_interaction,2,0.7,4547,6.613581097561341,-0.9338641890243866,0.9750776530741444,0.7506047943699142,-0.020538029228598664,0.9655142575405466,-0.5401096092179867,-0.028049861202674553,0.42945442558101204,1.0,train,0.210365999999941,-0.21598680000007847
expr_btc_2mx_uncertainty__q70,expr_btc_2mx_uncertainty,alphaforge_interaction,2,0.7,2508,17.58304065715811,-0.8241695934284189,0.9042529770617362,0.7515948963317385,-0.03286162653223373,0.9418116132211403,-0.5024651611571307,-0.029056861455236727,0.43829219479653103,1.0,validation,0.210365999999941,-0.21598680000007847
expr_btc_2mx_uncertainty__q70,expr_btc_2mx_uncertainty,alphaforge_interaction,2,0.7,1869,33.467145195700915,-0.6653285480429909,0.7890364398032542,0.7613697164258962,-0.035598103159068674,0.9348650142975665,-0.41115989924120033,-0.013282206215202041,0.4536357571714476,1.0,test,0.210365999999941,-0.21598680000007847
expr_btc_2mx_uncertainty__q70,expr_btc_2mx_uncertainty,alphaforge_interaction,2,0.7,200,130.7618390985033,0.30761839098503296,0.26771074970926595,0.79,0.15380919549251523,1.1552571906186688,-0.23652185528694536,0.02738225370577685,0.6144244105409153,1.0,latest72h,0.210365999999941,-0.21598680000007847
expr_btc_2mx_uncertainty__q70,expr_btc_2mx_uncertainty,alphaforge_interaction,2,0.7,8924,0.3891789406279528,-0.9961082105937205,0.9987675511543679,0.7531376064545047,-0.011162126967657053,0.9645957046988759,-0.5401096092179867,-0.02382632876897517,0.4391692610191709,1.0,full,0.210365999999941,-0.21598680000007847
expr_btc_2mx_uncertainty__q75,expr_btc_2mx_uncertainty,alphaforge_interaction,2,0.75,3851,22.35828230003711,-0.7764171769996289,0.9177406156842085,0.7525318099195014,-0.020161443183578848,0.9716298904592583,-0.4710204584174337,-0.024151425486905964,0.4419812098236361,1.0,train,0.25102650000000465,-0.25286350000001623
expr_btc_2mx_uncertainty__q75,expr_btc_2mx_uncertainty,alphaforge_interaction,2,0.75,2002,33.40330947766651,-0.6659669052233349,0.8078152525665094,0.7552447552447552,-0.03326508018098576,0.9574910279147412,-0.4017693076514033,-0.009288103927299618,0.4744829886591061,1.0,validation,0.25102650000000465,-0.25286350000001623
expr_btc_2mx_uncertainty__q75,expr_btc_2mx_uncertainty,alphaforge_interaction,2,0.75,1382,31.819110405117325,-0.6818088959488268,0.7963927128874115,0.7568740955137482,-0.04933494181974161,0.9013081569905826,-0.41590336775886116,-0.011590772066871313,0.45146764509673115,0.9849899933288859,test,0.25102650000000465,-0.25286350000001623
expr_btc_2mx_uncertainty__q75,expr_btc_2mx_uncertainty,alphaforge_interaction,2,0.75,130,121.65132607996863,0.21651326079968625,0.2027102572883085,0.7846153846153846,0.16654866215360253,1.1868268320290558,-0.2027102572883086,0.04129752580481583,0.5977808599167822,1.0,latest72h,0.25102650000000465,-0.25286350000001623
expr_btc_2mx_uncertainty__q75,expr_btc_2mx_uncertainty,alphaforge_interaction,2,0.75,7235,2.376380424008282,-0.9762361957599172,0.9921764760221411,0.7541119557705598,-0.013493243894400967,0.9688959553730649,-0.4710204584174337,-0.017617860403892738,0.45297394723906276,0.9963132885466164,full,0.25102650000000465,-0.25286350000001623
expr_btc_2mx_uncertainty__q80,expr_btc_2mx_uncertainty,alphaforge_interaction,2,0.8,3113,25.83959351946166,-0.7416040648053834,0.9010048562914325,0.7497590748474141,-0.02382280966287761,0.9598944229427594,-0.4120906310501792,-0.02030372010348802,0.4358826438107796,0.9987638041865832,train,0.2959152000000444,-0.29484519999997005
expr_btc_2mx_uncertainty__q80,expr_btc_2mx_uncertainty,alphaforge_interaction,2,0.8,1533,35.68154073481335,-0.6431845926518664,0.8143359952589535,0.7547292889758643,-0.04195594211688643,0.9325987620195558,-0.36732886176682145,-0.015761057619277263,0.4558038692461641,1.0,validation,0.2959152000000444,-0.29484519999997005
expr_btc_2mx_uncertainty__q80,expr_btc_2mx_uncertainty,alphaforge_interaction,2,0.8,948,87.72222476095666,-0.12277775239043331,0.597713697011716,0.7647679324894515,-0.012951239703632537,0.9872690793453169,-0.30506926606211304,0.010068705742949047,0.5265176784523016,0.9821547698465644,test,0.2959152000000444,-0.29484519999997005
expr_btc_2mx_uncertainty__q80,expr_btc_2mx_uncertainty,alphaforge_interaction,2,0.8,84,130.41658353479423,0.30416583534794217,0.1627674161555359,0.7976190476190477,0.36210218493802465,1.4258609791530061,-0.10045729383006652,0.061565487784633444,0.8099861303744799,1.0,latest72h,0.2959152000000444,-0.29484519999997005
expr_btc_2mx_uncertainty__q80,expr_btc_2mx_uncertainty,alphaforge_interaction,2,0.8,5594,8.087958496812972,-0.9191204150318703,0.9710275962399976,0.7536646406864498,-0.01643046862767014,0.9579277699817699,-0.4120906310501792,-0.010687760494062337,0.46440275274455184,0.9950024578076356,full,0.2959152000000444,-0.29484519999997005
expr_btc_2mx_uncertainty__q85,expr_btc_2mx_uncertainty,alphaforge_interaction,2,0.85,2334,65.21589346582046,-0.3478410653417954,0.8474548801011798,0.7506426735218509,-0.014903216167171834,0.9887959074152187,-0.4158590023028733,-0.00795476194196737,0.4793143233888248,0.9985989780781276,train,0.3474909000000059,-0.3488172000000063
expr_btc_2mx_uncertainty__q85,expr_btc_2mx_uncertainty,alphaforge_interaction,2,0.85,1062,67.58686302452922,-0.3241313697547078,0.7138071370849814,0.7617702448210922,-0.030520844609671634,0.9662361443651017,-0.39700831107105583,-0.0024462751855779397,0.4853235490326885,1.0,validation,0.3474909000000059,-0.3488172000000063
expr_btc_2mx_uncertainty__q85,expr_btc_2mx_uncertainty,alphaforge_interaction,2,0.85,604,104.4981248628445,0.0449812486284451,0.4666242108142683,0.7665562913907285,0.007447226594113217,1.0074851971028678,-0.2561857909358647,0.010769230769230864,0.5366911274182788,0.9643095396931287,test,0.3474909000000059,-0.3488172000000063
expr_btc_2mx_uncertainty__q85,expr_btc_2mx_uncertainty,alphaforge_interaction,2,0.85,50,102.64346599097553,0.026434659909755354,0.15578231350889016,0.76,0.05286931981950981,1.0566422725953337,-0.1271123268175146,0.025236249345206963,0.7378640776699029,0.9944521497919556,latest72h,0.3474909000000059,-0.3488172000000063
expr_btc_2mx_uncertainty__q85,expr_btc_2mx_uncertainty,alphaforge_interaction,2,0.85,4000,46.06003202211485,-0.5393996797788516,0.9239508804208288,0.756,-0.013484991994471205,0.9864999406011685,-0.4158590023028733,0.0,0.49512534818941506,0.9905374406029821,full,0.3474909000000059,-0.3488172000000063
expr_btc_2mx_uncertainty__q90,expr_btc_2mx_uncertainty,alphaforge_interaction,2,0.9,1563,121.49393942249425,0.21493939422494246,0.7197851912779403,0.7523992322456814,0.013751720679779032,1.0098863411542685,-0.40417578472670423,0.0,0.4920883467941322,0.9895335421130708,train,0.4132588000000479,-0.42479400000000456
expr_btc_2mx_uncertainty__q90,expr_btc_2mx_uncertainty,alphaforge_interaction,2,0.9,626,81.60953312791402,-0.18390466872085975,0.5163615566120273,0.7651757188498403,-0.029377742607166336,0.9704943792632955,-0.4669353292388311,0.0010516489094214432,0.5020013342228152,0.965143428952635,validation,0.4132588000000479,-0.42479400000000456
expr_btc_2mx_uncertainty__q90,expr_btc_2mx_uncertainty,alphaforge_interaction,2,0.9,326,159.88803011830385,0.5988803011830384,0.2848761997111922,0.7914110429447853,0.18370561385982764,1.1539915553026439,-0.22934701792188683,0.009055790043451806,0.573549032688459,0.8488992661774516,test,0.4132588000000479,-0.42479400000000456
expr_btc_2mx_uncertainty__q90,expr_btc_2mx_uncertainty,alphaforge_interaction,2,0.9,22,96.28379584607191,-0.03716204153928093,0.11022504882298623,0.7272727272727273,-0.16891837063309512,0.8422372115603762,-0.11022504882298623,0.0040000000000000036,0.5395284327323162,0.7350901525658807,latest72h,0.4132588000000479,-0.42479400000000456
expr_btc_2mx_uncertainty__q90,expr_btc_2mx_uncertainty,alphaforge_interaction,2,0.9,2515,158.5299999355929,0.5852999993559291,0.7197851912779403,0.7606361829025845,0.023272365779559847,1.0176456659775917,-0.4669353292388311,0.0040000000000000036,0.5164673111584467,0.9491233819433066,full,0.4132588000000479,-0.42479400000000456
expr_btc_2mx_uncertainty__q95,expr_btc_2mx_uncertainty,alphaforge_interaction,2,0.95,763,112.68528432435025,0.12685284324350254,0.6549343506830737,0.7418086500655308,0.016625536467038605,1.011705269194899,-0.44663437120429605,0.0,0.48442393275094775,0.9080270314817868,train,0.5457763999999904,-0.5371988999999942
expr_btc_2mx_uncertainty__q95,expr_btc_2mx_uncertainty,alphaforge_interaction,2,0.95,283,54.65891676135419,-0.4534108323864581,0.506278452690097,0.7314487632508834,-0.1602158418326709,0.7946004958732767,-0.30831086309071365,0.0,0.33038692461641095,0.7840226817878586,validation,0.5457763999999904,-0.5371988999999942
expr_btc_2mx_uncertainty__q95,expr_btc_2mx_uncertainty,alphaforge_interaction,2,0.95,122,90.50291521069164,-0.09497084789308363,0.1948837759593199,0.7459016393442623,-0.07784495728941448,0.9235859574238856,-0.10618299360771588,0.0,0.3512341561040694,0.6482655103402268,test,0.5457763999999904,-0.5371988999999942
expr_btc_2mx_uncertainty__q95,expr_btc_2mx_uncertainty,alphaforge_interaction,2,0.95,7,99.8326258381963,-0.0016737416180370168,0.06029373234077743,0.7142857142857143,-0.023910594543390125,0.9802569364537587,-0.040645161290322585,0.0,0.29819694868238555,0.5048543689320388,latest72h,0.5457763999999904,-0.5371988999999942
expr_btc_2mx_uncertainty__q95,expr_btc_2mx_uncertainty,alphaforge_interaction,2,0.95,1168,55.74305851660417,-0.4425694148339583,0.7755912432996702,0.7397260273972602,-0.037891217023455305,0.9685903200302843,-0.44663437120429605,0.0,0.4140586596755694,0.8148451581189579,full,0.5457763999999904,-0.5371988999999942
expr_btc_2mx_low_cost__q70,expr_btc_2mx_low_cost,alphaforge_interaction,2,0.7,4427,37.826637059169585,-0.6217336294083042,0.9245435707735302,0.7953467359385589,-0.014044129871432115,0.9797183921125034,-0.43258287544757557,-0.01168392693117648,0.4817867150156585,1.0,train,0.4102199999998846,-0.41179999999993017
expr_btc_2mx_low_cost__q70,expr_btc_2mx_low_cost,alphaforge_interaction,2,0.7,2416,8.022642310636442,-0.9197735768936356,0.948951195054827,0.7884933774834437,-0.0380700983813592,0.9059455924812952,-0.4710872638480238,-0.05523430274692509,0.33705803869246165,1.0,validation,0.4102199999998846,-0.41179999999993017
expr_btc_2mx_low_cost__q70,expr_btc_2mx_low_cost,alphaforge_interaction,2,0.7,1991,16.02762885365975,-0.8397237114634025,0.8849578348960877,0.8066298342541437,-0.04217597747179333,0.8781652884847164,-0.33655063062751334,-0.04979461736299218,0.3363909272848566,1.0,test,0.4102199999998846,-0.41179999999993017
expr_btc_2mx_low_cost__q70,expr_btc_2mx_low_cost,alphaforge_interaction,2,0.7,238,89.55695765438236,-0.10443042345617637,0.36544444264290676,0.8235294117647058,-0.04387832918326775,0.9335749146196279,-0.2529507017371637,-0.0066827684138679455,0.463245492371706,1.0,latest72h,0.4102199999998846,-0.41179999999993017
expr_btc_2mx_low_cost__q70,expr_btc_2mx_low_cost,alphaforge_interaction,2,0.7,8834,0.4863897779626402,-0.9951361022203736,0.9986843490976887,0.7960153950645235,-0.011264841546528967,0.9712083322316117,-0.4710872638480238,-0.0347422793305574,0.4114369981976077,1.0,full,0.4102199999998846,-0.41179999999993017
expr_btc_2mx_low_cost__q75,expr_btc_2mx_low_cost,alphaforge_interaction,2,0.75,3711,30.156021276106948,-0.6984397872389305,0.9026099134452066,0.8124494745351657,-0.018820797284799958,0.9585774140781367,-0.46693606166677615,-0.00931549381301594,0.47700675787044666,1.0,train,0.5341499999998632,-0.5431500000000233
expr_btc_2mx_low_cost__q75,expr_btc_2mx_low_cost,alphaforge_interaction,2,0.75,1981,21.58515340565566,-0.7841484659434435,0.858254379472629,0.8107016658253408,-0.039583466226322216,0.9285386696313485,-0.4473759352311659,-0.02734719119833018,0.42078052034689795,1.0,validation,0.5341499999998632,-0.5431500000000233
expr_btc_2mx_low_cost__q75,expr_btc_2mx_low_cost,alphaforge_interaction,2,0.75,1571,34.12912691677953,-0.6587087308322046,0.7189048510645778,0.8306810948440484,-0.04192926357938904,0.9165230345742598,-0.25980312424097884,-0.02307068988237193,0.41410940627084725,1.0,test,0.5341499999998632,-0.5431500000000233
expr_btc_2mx_low_cost__q75,expr_btc_2mx_low_cost,alphaforge_interaction,2,0.75,177,75.52592900928431,-0.2447407099071569,0.3323430108855164,0.8248587570621468,-0.1382715875181686,0.7727726054108849,-0.2058366262061313,-0.04032536084657434,0.2510402219140083,1.0,latest72h,0.5341499999998632,-0.5431500000000233
expr_btc_2mx_low_cost__q75,expr_btc_2mx_low_cost,alphaforge_interaction,2,0.75,7263,2.2215411337383415,-0.9777845886626166,0.9883205566064562,0.8159162880352472,-0.01346254424704134,0.9527274862212256,-0.46693606166677615,-0.01750495105180594,0.4477306242831394,1.0,full,0.5341499999998632,-0.5431500000000233
expr_btc_2mx_low_cost__q80,expr_btc_2mx_low_cost,alphaforge_interaction,2,0.8,2982,26.300021831532572,-0.7369997816846743,0.9131495755088426,0.829309188464118,-0.024714949083993003,0.9432053142519728,-0.4615571793820564,-0.009783834080076326,0.4627492994890391,1.0,train,0.6911999999999534,-0.7062799999999698
expr_btc_2mx_low_cost__q80,expr_btc_2mx_low_cost,alphaforge_interaction,2,0.8,1537,27.864178869254232,-0.7213582113074577,0.7895951601835915,0.8295380611581002,-0.046932869961448125,0.9057651081802726,-0.46349164944768595,-0.01345394829671831,0.4321214142761841,1.0,validation,0.6911999999999534,-0.7062799999999698
expr_btc_2mx_low_cost__q80,expr_btc_2mx_low_cost,alphaforge_interaction,2,0.8,1146,65.12642435393076,-0.34873575646069244,0.4870756847406886,0.8577661431064573,-0.03043069428103741,0.9412908224304394,-0.2696792307817415,0.0008305024777184311,0.5038358905937291,0.997498332221481,test,0.6911999999999534,-0.7062799999999698
expr_btc_2mx_low_cost__q80,expr_btc_2mx_low_cost,alphaforge_interaction,2,0.8,125,80.1472159006605,-0.19852784099339504,0.25503448065773443,0.84,-0.15882227279471603,0.7306829420516788,-0.1312207070628757,-0.04731207359266998,0.2801664355062413,1.0,latest72h,0.6911999999999534,-0.7062799999999698
expr_btc_2mx_low_cost__q80,expr_btc_2mx_low_cost,alphaforge_interaction,2,0.8,5665,4.772650068888748,-0.9522734993111125,0.9752175540008948,0.8351279788172992,-0.01680977050858093,0.9382647015775902,-0.46349164944768595,-0.008018588775348556,0.4657545469441258,0.9993855480911027,full,0.6911999999999534,-0.7062799999999698
expr_btc_2mx_low_cost__q85,expr_btc_2mx_low_cost,alphaforge_interaction,2,0.85,2241,91.19978723223849,-0.08800212767761506,0.6467879790256972,0.8531905399375279,-0.003926913327872134,0.994299907999958,-0.4856912928666641,0.00612192489632446,0.5325531564199769,1.0,train,0.8884300000001162,-0.9204200000000708
expr_btc_2mx_low_cost__q85,expr_btc_2mx_low_cost,alphaforge_interaction,2,0.85,1068,30.166404613653835,-0.6983359538634617,0.7510198408802159,0.8455056179775281,-0.06538726159770243,0.842263771279395,-0.34865308634414804,-0.012602580372432726,0.4362908605737158,1.0,validation,0.8884300000001162,-0.9204200000000708
expr_btc_2mx_low_cost__q85,expr_btc_2mx_low_cost,alphaforge_interaction,2,0.85,794,109.88498826551223,0.09884988265512229,0.3068984070117944,0.8866498740554156,0.012449607387295746,1.0262266748342475,-0.20398166510852456,0.008300285863830137,0.6117411607738492,0.9849899933288859,test,0.8884300000001162,-0.9204200000000708
expr_btc_2mx_low_cost__q85,expr_btc_2mx_low_cost,alphaforge_interaction,2,0.85,77,94.03058539588133,-0.059694146041186724,0.1133833290979453,0.8831168831168831,-0.07752486498855501,0.8377539380988538,-0.1110952860762624,0.003371257617728496,0.5270457697642164,1.0,latest72h,0.8884300000001162,-0.9204200000000708
expr_btc_2mx_low_cost__q85,expr_btc_2mx_low_cost,alphaforge_interaction,2,0.85,4103,30.23122482589194,-0.6976877517410807,0.8956829446441292,0.8576651230806727,-0.017004332238388487,0.9659884922852257,-0.4856912928666641,0.0040000000000000036,0.5279780435851221,0.9963132885466164,full,0.8884300000001162,-0.9204200000000708
expr_btc_2mx_low_cost__q90,expr_btc_2mx_low_cost,alphaforge_interaction,2,0.9,1438,230.15978400322305,1.3015978400322306,0.5033818588400719,0.8810848400556328,0.09051445340975209,1.0902874550776134,-0.4424834231282446,0.012880695018413713,0.6553486072193836,0.9816218889072029,train,1.1701600000001207,-1.233280000000028
expr_btc_2mx_low_cost__q90,expr_btc_2mx_low_cost,alphaforge_interaction,2,0.9,629,36.61252517602308,-0.6338747482397693,0.6853141058715415,0.8569157392686805,-0.10077499972015412,0.7245038820395869,-0.2222172506022445,0.002580645161290418,0.5188458972648432,0.9908272181454303,validation,1.1701600000001207,-1.233280000000028
expr_btc_2mx_low_cost__q90,expr_btc_2mx_low_cost,alphaforge_interaction,2,0.9,451,113.9312885040351,0.1393128850403509,0.19671072388031027,0.9068736141906873,0.030889774953514745,1.0768662472057957,-0.13758814328748703,0.006899596106054728,0.6094062708472315,0.949466310873916,test,1.1701600000001207,-1.233280000000028
expr_btc_2mx_low_cost__q90,expr_btc_2mx_low_cost,alphaforge_interaction,2,0.9,34,113.74227375919949,0.13742273759199497,0.0,1.0,0.40418452232939406,,0.0016842105263157325,0.022176747129267982,1.0,1.0,latest72h,1.1701600000001207,-1.233280000000028
expr_btc_2mx_low_cost__q90,expr_btc_2mx_low_cost,alphaforge_interaction,2,0.9,2518,96.00683077558725,-0.039931692244127515,0.8048932191782462,0.8796664019062749,-0.001585849572840327,0.9981198924893153,-0.4424834231282446,0.008888888888888946,0.6086760609536294,0.9762002293953793,full,1.1701600000001207,-1.233280000000028
expr_btc_2mx_low_cost__q95,expr_btc_2mx_low_cost,alphaforge_interaction,2,0.95,629,208.22532106784482,1.0822532106784482,0.29363649015316984,0.8966613672496025,0.1720593339711363,1.2216760636374595,-0.2738772665324726,0.0021276595744681437,0.557194659634086,0.8257788033624526,train,1.7451399999999777,-1.895610000000073
expr_btc_2mx_low_cost__q95,expr_btc_2mx_low_cost,alphaforge_interaction,2,0.95,222,72.1760697365713,-0.278239302634287,0.28702553610705156,0.8738738738738738,-0.12533301920463416,0.7188203478911109,-0.1307164641196613,0.0,0.4231154102735157,0.7835223482321547,validation,1.7451399999999777,-1.895610000000073
expr_btc_2mx_low_cost__q95,expr_btc_2mx_low_cost,alphaforge_interaction,2,0.95,106,83.3443283845858,-0.16655671615414203,0.21630859487253626,0.8867924528301887,-0.15712897750390858,0.6419606577894301,-0.07409204569293071,0.0016842105263157325,0.5068378919279519,0.7249833222148099,test,1.7451399999999777,-1.895610000000073
expr_btc_2mx_low_cost__q95,expr_btc_2mx_low_cost,alphaforge_interaction,2,0.95,9,102.50666933773873,0.025066693377387317,0.0,1.0,0.27851881530430034,,0.0,0.006136170212766023,0.6768377253814147,0.6768377253814147,latest72h,1.7451399999999777,-1.895610000000073
expr_btc_2mx_low_cost__q95,expr_btc_2mx_low_cost,alphaforge_interaction,2,0.95,957,125.25723512234698,0.2525723512234699,0.5626090441275001,0.890282131661442,0.02639209521666326,1.0330516487609427,-0.2738772665324726,0.0016842105263157325,0.5053662133377028,0.7896935933147632,full,1.7451399999999777,-1.895610000000073
expr_btc_2mx_tight_spread__q70,expr_btc_2mx_tight_spread,alphaforge_interaction,2,0.7,4428,36.29029364630496,-0.6370970635369504,0.9276082626682668,0.79516711833785,-0.014387919230735046,0.9788598851331404,-0.43258287544757557,-0.011751184769434597,0.4809625844733806,1.0,train,0.35755999999991017,-0.3599925000000875
expr_btc_2mx_tight_spread__q70,expr_btc_2mx_tight_spread,alphaforge_interaction,2,0.7,2421,8.226473952869249,-0.9177352604713075,0.9476541957193088,0.7885171416769929,-0.037907280482086324,0.9065228814118098,-0.4710872638480238,-0.05506214683230082,0.3387258172114743,1.0,validation,0.35755999999991017,-0.3599925000000875
expr_btc_2mx_tight_spread__q70,expr_btc_2mx_tight_spread,alphaforge_interaction,2,0.7,1992,16.232782502986595,-0.837672174970134,0.8834852951827575,0.8067269076305221,-0.04205181601255705,0.8788145090152165,-0.33655063062751334,-0.04938791629320671,0.33705803869246165,1.0,test,0.35755999999991017,-0.3599925000000875
expr_btc_2mx_tight_spread__q70,expr_btc_2mx_tight_spread,alphaforge_interaction,2,0.7,238,89.55695765438236,-0.10443042345617637,0.36544444264290676,0.8235294117647058,-0.04387832918326775,0.9335749146196279,-0.2529507017371637,-0.0066827684138679455,0.463245492371706,1.0,latest72h,0.35755999999991017,-0.3599925000000875
expr_btc_2mx_tight_spread__q70,expr_btc_2mx_tight_spread,alphaforge_interaction,2,0.7,8841,0.4846153644176801,-0.9951538463558232,0.9986891487643085,0.7959506843117294,-0.011256123134892207,0.9706497369939332,-0.4710872638480238,-0.03477956733905874,0.4116008520399803,1.0,full,0.35755999999991017,-0.3599925000000875
expr_btc_2mx_tight_spread__q75,expr_btc_2mx_tight_spread,alphaforge_interaction,2,0.75,3714,27.88391365236799,-0.72116086347632,0.9099477766238967,0.8120624663435649,-0.019417363044596566,0.9561110670882631,-0.46693606166677615,-0.009854385764112461,0.4746167792978408,1.0,train,0.4666812499999924,-0.4749062500002037
expr_btc_2mx_tight_spread__q75,expr_btc_2mx_tight_spread,alphaforge_interaction,2,0.75,1981,21.58515340565566,-0.7841484659434435,0.858254379472629,0.8107016658253408,-0.039583466226322216,0.9285386696313485,-0.4473759352311659,-0.02734719119833018,0.42078052034689795,1.0,validation,0.4666812499999924,-0.4749062500002037
expr_btc_2mx_tight_spread__q75,expr_btc_2mx_tight_spread,alphaforge_interaction,2,0.75,1572,32.74575963908619,-0.6725424036091381,0.7249778688110948,0.8301526717557252,-0.04278259564943622,0.9117597864961489,-0.25980312424097884,-0.02307068988237193,0.41410940627084725,1.0,test,0.4666812499999924,-0.4749062500002037
expr_btc_2mx_tight_spread__q75,expr_btc_2mx_tight_spread,alphaforge_interaction,2,0.75,177,75.52592900928431,-0.2447407099071569,0.3323430108855164,0.8248587570621468,-0.1382715875181686,0.7727726054108849,-0.2058366262061313,-0.04032536084657434,0.2510402219140083,1.0,latest72h,0.4666812499999924,-0.4749062500002037
expr_btc_2mx_tight_spread__q75,expr_btc_2mx_tight_spread,alphaforge_interaction,2,0.75,7267,1.9708970452573713,-0.9802910295474263,0.9896382830256893,0.8156047887711573,-0.013489624735756479,0.950862473650187,-0.46693606166677615,-0.017835371989654125,0.44654268392593804,1.0,full,0.4666812499999924,-0.4749062500002037
expr_btc_2mx_tight_spread__q80,expr_btc_2mx_tight_spread,alphaforge_interaction,2,0.8,2985,26.183751098531573,-0.7381624890146843,0.9150820397236077,0.8291457286432161,-0.024729061608532017,0.9423024724042242,-0.4615571793820564,-0.009165176566714117,0.46365584308554475,1.0,train,0.6045199999999531,-0.6163850000001042
expr_btc_2mx_tight_spread__q80,expr_btc_2mx_tight_spread,alphaforge_interaction,2,0.8,1540,27.155948668960917,-0.7284405133103908,0.789171204083644,0.8292207792207792,-0.04730133203314226,0.9022546638941225,-0.46349164944768595,-0.014657425773762722,0.4322881921280854,1.0,validation,0.6045199999999531,-0.6163850000001042
expr_btc_2mx_tight_spread__q80,expr_btc_2mx_tight_spread,alphaforge_interaction,2,0.8,1148,66.71271282124854,-0.33287287178751457,0.4870756847406888,0.85801393728223,-0.028995894755009837,0.9447875064652497,-0.2696792307817415,0.0010656037682627018,0.5071714476317545,0.997498332221481,test,0.6045199999999531,-0.6163850000001042
expr_btc_2mx_tight_spread__q80,expr_btc_2mx_tight_spread,alphaforge_interaction,2,0.8,125,80.1472159006605,-0.19852784099339504,0.25503448065773443,0.84,-0.15882227279471603,0.7306829420516788,-0.1312207070628757,-0.04731207359266998,0.2801664355062413,1.0,latest72h,0.6045199999999531,-0.6163850000001042
expr_btc_2mx_tight_spread__q80,expr_btc_2mx_tight_spread,alphaforge_interaction,2,0.8,5673,4.743571425577416,-0.9525642857442258,0.975368547662108,0.8350079323109466,-0.016791191358086065,0.9372225511242787,-0.46349164944768595,-0.007568490859620969,0.4670653776831067,0.9993855480911027,full,0.6045199999999531,-0.6163850000001042
expr_btc_2mx_tight_spread__q85,expr_btc_2mx_tight_spread,alphaforge_interaction,2,0.85,2242,91.3938293327324,-0.0860617066726761,0.6467879790256973,0.8532560214094559,-0.003838613143294947,0.9944350803240238,-0.4856912928666641,0.0063965691609761954,0.5325531564199769,1.0,train,0.7771837499998209,-0.8053499999998295
expr_btc_2mx_tight_spread__q85,expr_btc_2mx_tight_spread,alphaforge_interaction,2,0.85,1068,30.166404613653835,-0.6983359538634617,0.7510198408802159,0.8455056179775281,-0.06538726159770243,0.842263771279395,-0.34865308634414804,-0.012602580372432726,0.4362908605737158,1.0,validation,0.7771837499998209,-0.8053499999998295
expr_btc_2mx_tight_spread__q85,expr_btc_2mx_tight_spread,alphaforge_interaction,2,0.85,794,109.88498826551223,0.09884988265512229,0.3068984070117944,0.8866498740554156,0.012449607387295746,1.0262266748342475,-0.20398166510852456,0.008300285863830137,0.6117411607738492,0.9849899933288859,test,0.7771837499998209,-0.8053499999998295
expr_btc_2mx_tight_spread__q85,expr_btc_2mx_tight_spread,alphaforge_interaction,2,0.85,77,94.03058539588133,-0.059694146041186724,0.1133833290979453,0.8831168831168831,-0.07752486498855501,0.8377539380988538,-0.1110952860762624,0.003371257617728496,0.5270457697642164,1.0,latest72h,0.7771837499998209,-0.8053499999998295
expr_btc_2mx_tight_spread__q85,expr_btc_2mx_tight_spread,alphaforge_interaction,2,0.85,4104,30.295546580840483,-0.6970445341915952,0.8956829446441296,0.8576998050682261,-0.01698451594034089,0.9660812208339957,-0.4856912928666641,0.0040000000000000036,0.5279780435851221,0.9963132885466164,full,0.7771837499998209,-0.8053499999998295
expr_btc_2mx_tight_spread__q90,expr_btc_2mx_tight_spread,alphaforge_interaction,2,0.9,1439,231.08042313923525,1.3108042313923525,0.5033818588400729,0.8811674774148714,0.09109132949217259,1.0905921837412744,-0.4424834231282446,0.012903299357811093,0.6555958463820669,0.9816218889072029,train,1.0228050000000122,-1.078192499999963
expr_btc_2mx_tight_spread__q90,expr_btc_2mx_tight_spread,alphaforge_interaction,2,0.9,630,36.98328492464101,-0.6301671507535899,0.6821274132727722,0.8571428571428571,-0.1000265318656492,0.7265199050645806,-0.2222172506022445,0.002580645161290418,0.5188458972648432,0.9908272181454303,validation,1.0228050000000122,-1.078192499999963
expr_btc_2mx_tight_spread__q90,expr_btc_2mx_tight_spread,alphaforge_interaction,2,0.9,452,109.32340083564971,0.09323400835649709,0.19671072388030972,0.9048672566371682,0.0206269929992251,1.051770646812502,-0.13758814328748703,0.006136170212766023,0.6042361574382922,0.949466310873916,test,1.0228050000000122,-1.078192499999963
expr_btc_2mx_tight_spread__q90,expr_btc_2mx_tight_spread,alphaforge_interaction,2,0.9,34,113.74227375919949,0.13742273759199497,0.0,1.0,0.40418452232939406,,0.0016842105263157325,0.022176747129267982,1.0,1.0,latest72h,1.0228050000000122,-1.078192499999963
expr_btc_2mx_tight_spread__q90,expr_btc_2mx_tight_spread,alphaforge_interaction,2,0.9,2521,93.42901512393053,-0.06570984876069474,0.8029174543091653,0.879412931376438,-0.0026064993558382763,0.9969198078939334,-0.4424834231282446,0.008888888888888946,0.6075290840570211,0.9762002293953793,full,1.0228050000000122,-1.078192499999963
expr_btc_2mx_tight_spread__q95,expr_btc_2mx_tight_spread,alphaforge_interaction,2,0.95,630,208.7626767351166,1.087626767351166,0.2936364901531693,0.8968253968253969,0.17263916942082014,1.2223688218686668,-0.2738772665324726,0.0021276595744681437,0.557194659634086,0.8257788033624526,train,1.5269974999999805,-1.6581337500000843
expr_btc_2mx_tight_spread__q95,expr_btc_2mx_tight_spread,alphaforge_interaction,2,0.95,222,72.1760697365713,-0.278239302634287,0.28702553610705156,0.8738738738738738,-0.12533301920463416,0.7188203478911109,-0.1307164641196613,0.0,0.4231154102735157,0.7835223482321547,validation,1.5269974999999805,-1.6581337500000843
expr_btc_2mx_tight_spread__q95,expr_btc_2mx_tight_spread,alphaforge_interaction,2,0.95,106,83.3443283845858,-0.16655671615414203,0.21630859487253626,0.8867924528301887,-0.15712897750390858,0.6419606577894301,-0.07409204569293071,0.0016842105263157325,0.5068378919279519,0.7249833222148099,test,1.5269974999999805,-1.6581337500000843
expr_btc_2mx_tight_spread__q95,expr_btc_2mx_tight_spread,alphaforge_interaction,2,0.95,9,102.50666933773873,0.025066693377387317,0.0,1.0,0.27851881530430034,,0.0,0.006136170212766023,0.6768377253814147,0.6768377253814147,latest72h,1.5269974999999805,-1.6581337500000843
expr_btc_2mx_tight_spread__q95,expr_btc_2mx_tight_spread,alphaforge_interaction,2,0.95,958,125.58047960008211,0.2558047960008212,0.5626090441274995,0.8903966597077244,0.026701962004260858,1.033404369351879,-0.2738772665324726,0.0016842105263157325,0.5053662133377028,0.7896935933147632,full,1.5269974999999805,-1.6581337500000843
expr_btc_2mx_depth_z__q70,expr_btc_2mx_depth_z,alphaforge_interaction,2,0.7,4367,2.43877064476118e-05,-0.9999997561229356,0.999999823778502,0.5674376001831921,-0.022899009757795668,0.8656160522621869,-0.7326591033278678,-0.1716181177405693,0.2859732981704302,1.0,train,0.1657461975183326,-0.15066057662689497
expr_btc_2mx_depth_z__q70,expr_btc_2mx_depth_z,alphaforge_interaction,2,0.7,2448,0.058808922372833444,-0.9994119107762717,0.9996556552392174,0.5588235294117647,-0.0408256499500111,0.6321085329123282,-0.740209074623059,-0.15396330962695487,0.30370246831220815,1.0,validation,0.1657461975183326,-0.15066057662689497
expr_btc_2mx_depth_z__q70,expr_btc_2mx_depth_z,alphaforge_interaction,2,0.7,2332,0.38739528251013433,-0.9961260471748986,0.9992015256000841,0.5394511149228131,-0.04271552517902662,0.8926251677975588,-0.6856538358720703,-0.13520156648879295,0.3405603735823883,1.0,test,0.1657461975183326,-0.15066057662689497
expr_btc_2mx_depth_z__q70,expr_btc_2mx_depth_z,alphaforge_interaction,2,0.7,292,143.1179474865198,0.43117947486519803,0.6213206801962534,0.5376712328767124,0.14766420372095773,1.081136128921217,-0.6203398831321606,0.05874724807819831,0.6324549237170597,1.0,latest72h,0.1657461975183326,-0.15066057662689497
expr_btc_2mx_depth_z__q70,expr_btc_2mx_depth_z,alphaforge_interaction,2,0.7,9147,5.556080225729937e-11,-0.9999999999994444,0.9999999999998299,0.5579971575379906,-0.010932546190001592,0.8656160314775139,-0.740209074623059,-0.15412630856944082,0.30870063902998524,1.0,full,0.1657461975183326,-0.15066057662689497
expr_btc_2mx_depth_z__q75,expr_btc_2mx_depth_z,alphaforge_interaction,2,0.75,3575,0.00017542528671627054,-0.9999982457471328,0.9999986253619711,0.5806993006993006,-0.027971978902017743,0.8779862815252887,-0.6824055982524986,-0.140477103685671,0.2937201252678424,1.0,train,0.24263907343012905,-0.23414399035993
expr_btc_2mx_depth_z__q75,expr_btc_2mx_depth_z,alphaforge_interaction,2,0.75,1966,0.15642889305728225,-0.9984357110694272,0.9991517515453894,0.560528992878942,-0.05078513281126283,0.6597969815527168,-0.6569112254448269,-0.16491125789163968,0.319212808539026,1.0,validation,0.24263907343012905,-0.23414399035993
expr_btc_2mx_depth_z__q75,expr_btc_2mx_depth_z,alphaforge_interaction,2,0.75,1873,0.7713816575560994,-0.992286183424439,0.99867339596592,0.5499199145755472,-0.05297844011876362,0.9069236740442365,-0.6606007113534988,-0.13210016644312372,0.3455637091394263,1.0,test,0.24263907343012905,-0.23414399035993
expr_btc_2mx_depth_z__q75,expr_btc_2mx_depth_z,alphaforge_interaction,2,0.75,222,140.9381304839933,0.40938130483993285,0.6103434016243836,0.5720720720720721,0.18440599317114012,1.1096683083940981,-0.4871716280545918,-0.06729144667856213,0.39944521497919555,1.0,latest72h,0.24263907343012905,-0.23414399035993
expr_btc_2mx_depth_z__q75,expr_btc_2mx_depth_z,alphaforge_interaction,2,0.75,7414,2.116793410084466e-09,-0.999999999978832,0.9999999999941949,0.5675748583760453,-0.013487995683555886,0.8779861445666857,-0.6824055982524986,-0.13956794302442765,0.31554153694904147,1.0,full,0.24263907343012905,-0.23414399035993
expr_btc_2mx_depth_z__q80,expr_btc_2mx_depth_z,alphaforge_interaction,2,0.8,2782,0.004055651582384728,-0.9999594434841762,0.9999649353673477,0.595255212077642,-0.03594390522948158,0.8319773653882864,-0.7125734739314116,-0.10832971636212319,0.30641173561892204,1.0,train,0.363451638077703,-0.34932294350148063
expr_btc_2mx_depth_z__q80,expr_btc_2mx_depth_z,alphaforge_interaction,2,0.8,1526,1.2695600394169015,-0.9873043996058309,0.9935441025923931,0.573394495412844,-0.06469884663209903,0.7347708630089825,-0.5081084042070307,-0.11194736265547245,0.3208805870580387,1.0,validation,0.363451638077703,-0.34932294350148063
expr_btc_2mx_depth_z__q80,expr_btc_2mx_depth_z,alphaforge_interaction,2,0.8,1426,1.1953303174968668,-0.9880466968250313,0.9973910125770489,0.55890603085554,-0.06928798715463068,0.8959615324667466,-0.5820925001011454,-0.11458324464338054,0.3110406937958639,1.0,test,0.363451638077703,-0.34932294350148063
expr_btc_2mx_depth_z__q80,expr_btc_2mx_depth_z,alphaforge_interaction,2,0.8,164,65.205278094329,-0.34794721905671,0.721620711048466,0.573170731707317,-0.2121629384492137,0.81629638776977,-0.4796965971758007,-0.11735371090377555,0.20110957004160887,1.0,latest72h,0.363451638077703,-0.34932294350148063
expr_btc_2mx_depth_z__q80,expr_btc_2mx_depth_z,alphaforge_interaction,2,0.8,5734,6.154628122946088e-07,-0.9999999938453719,0.9999999974275248,0.5803976281827694,-0.017439832470271595,0.8319749521477839,-0.7125734739314116,-0.10902222855020682,0.31763067343929213,1.0,full,0.363451638077703,-0.34932294350148063
expr_btc_2mx_depth_z__q85,expr_btc_2mx_depth_z,alphaforge_interaction,2,0.85,2004,0.14964913244263564,-0.9985035086755737,0.9986171238854212,0.6307385229540918,-0.049825524385008646,0.7915295639238393,-0.6375713539035446,-0.06734079320766184,0.34943134992582825,1.0,train,0.5569882610590758,-0.5322676662415939
expr_btc_2mx_depth_z__q85,expr_btc_2mx_depth_z,alphaforge_interaction,2,0.85,1000,2.5960593294044028,-0.974039406705956,0.9818035314580421,0.585,-0.09740394067059555,0.7739105310791826,-0.52823887288501,-0.1266128005836722,0.30153435623749164,1.0,validation,0.5569882610590758,-0.5322676662415939
expr_btc_2mx_depth_z__q85,expr_btc_2mx_depth_z,alphaforge_interaction,2,0.85,1006,4.591051146525346,-0.9540894885347465,0.979834496029348,0.5765407554671969,-0.09483990939709212,0.8629827800106368,-0.47962953984872614,-0.0916403275334221,0.3315543695797198,1.0,test,0.5569882610590758,-0.5322676662415939
expr_btc_2mx_depth_z__q85,expr_btc_2mx_depth_z,alphaforge_interaction,2,0.85,109,66.35629364888264,-0.33643706351117364,0.560068351289597,0.5871559633027523,-0.30865785643226934,0.7824383052494124,-0.4021237631433737,-0.051512786738540206,0.3841886269070735,1.0,latest72h,0.5569882610590758,-0.5322676662415939
expr_btc_2mx_depth_z__q85,expr_btc_2mx_depth_z,alphaforge_interaction,2,0.85,4010,0.00017836143095953245,-0.9999982163856904,0.9999988220080491,0.6057356608478803,-0.024937611381189276,0.79150991087111,-0.6375713539035446,-0.08415348927989597,0.334958217270195,1.0,full,0.5569882610590758,-0.5322676662415939
expr_btc_2mx_depth_z__q90,expr_btc_2mx_depth_z,alphaforge_interaction,2,0.9,1243,0.2712467940336171,-0.9972875320596638,0.997774243657252,0.6548672566371682,-0.0802323034641725,0.5805511621832459,-0.5392001524818537,-0.06096360999835593,0.28152299324212954,1.0,train,0.8773243056643192,-0.8482737952471012
expr_btc_2mx_depth_z__q90,expr_btc_2mx_depth_z,alphaforge_interaction,2,0.9,546,49.216075083975724,-0.5078392491602428,0.8713258839774645,0.6428571428571429,-0.09301085149454953,0.9302755440108728,-0.3420629472338742,-0.05134741847832236,0.36207471647765177,1.0,validation,0.8773243056643192,-0.8482737952471012
expr_btc_2mx_depth_z__q90,expr_btc_2mx_depth_z,alphaforge_interaction,2,0.9,571,6.093750813503009,-0.9390624918649699,0.9622746217089932,0.5901926444833625,-0.16445928053677217,0.7115540934078363,-0.3484329196257543,-0.08846124075356854,0.3033689126084056,1.0,test,0.8773243056643192,-0.8482737952471012
expr_btc_2mx_depth_z__q90,expr_btc_2mx_depth_z,alphaforge_interaction,2,0.9,65,99.68546482949438,-0.003145351705056254,0.2471245765492648,0.6461538461538462,-0.004839002623164215,0.9964697081148558,-0.24216445611241288,-0.004819199836229471,0.49514563106796117,1.0,latest72h,0.8773243056643192,-0.8482737952471012
expr_btc_2mx_depth_z__q90,expr_btc_2mx_depth_z,alphaforge_interaction,2,0.9,2360,0.00813497609657112,-0.9999186502390343,0.9999382325739555,0.6364406779661017,-0.04236943433216248,0.5836650250337634,-0.5392001524818537,-0.061369925531765124,0.30927412747828936,1.0,full,0.8773243056643192,-0.8482737952471012
expr_btc_2mx_depth_z__q95,expr_btc_2mx_depth_z,alphaforge_interaction,2,0.95,505,8.31657419955084,-0.9168342580044916,0.9407571911147248,0.6871287128712872,-0.1815513382187112,0.5281155446766882,-0.3908699143999277,0.0,0.4379429701664744,0.9283830558760507,train,1.5654242316083666,-1.5873410002244228
expr_btc_2mx_depth_z__q95,expr_btc_2mx_depth_z,alphaforge_interaction,2,0.95,198,131.39277193393434,0.3139277193393435,0.5913121551433542,0.6616161616161617,0.15854935320168922,1.0713412041556873,-0.25014218041341996,-0.016131090016901384,0.40076717811874585,0.930787191460974,validation,1.5654242316083666,-1.5873410002244228
expr_btc_2mx_depth_z__q95,expr_btc_2mx_depth_z,alphaforge_interaction,2,0.95,229,10.560900875110606,-0.8943909912488939,0.8999909560175852,0.5982532751091703,-0.3905637516370713,0.37685160533776685,-0.3147779206994129,-0.06593337068896032,0.240660440293529,0.9509673115410273,test,1.5654242316083666,-1.5873410002244228
expr_btc_2mx_depth_z__q95,expr_btc_2mx_depth_z,alphaforge_interaction,2,0.95,23,93.65206174812141,-0.06347938251878593,0.18969049787408604,0.7391304347826086,-0.27599731529906874,0.7680603864750775,-0.1256058585858586,0.0021276595744681437,0.5173370319001387,0.8765603328710125,latest72h,1.5654242316083666,-1.5873410002244228
expr_btc_2mx_depth_z__q95,expr_btc_2mx_depth_z,alphaforge_interaction,2,0.95,932,1.154029492372303,-0.988459705076277,0.9889820057203376,0.6598712446351931,-0.10605790826998679,0.5991191369792802,-0.3908699143999277,-0.025949680130035513,0.38288546616418156,0.9353596591840079,full,1.5654242316083666,-1.5873410002244228
expr_btc_4mx_path_eff__q70,expr_btc_4mx_path_eff,alphaforge_interaction,4,0.7,3370,45.31873454995025,-0.5468126545004974,0.9189582234119299,0.8747774480712166,-0.016225894792298853,0.9749565265063946,-0.3037211823142588,-0.015521547143718117,0.4167628152299324,1.0,train,0.07382609448918497,-0.0838738655833234
expr_btc_4mx_path_eff__q70,expr_btc_4mx_path_eff,alphaforge_interaction,4,0.7,1828,47.29876269350141,-0.5270123730649858,0.6254139772350269,0.8807439824945296,-0.028829998526530395,0.909040252514866,-0.3033041706792673,-0.010843809410055805,0.46447631754503,1.0,validation,0.07382609448918497,-0.0838738655833234
expr_btc_4mx_path_eff__q70,expr_btc_4mx_path_eff,alphaforge_interaction,4,0.7,1703,79.82513564268845,-0.2017486435731155,0.5367338007130903,0.8714034057545508,-0.011846661395954557,0.9661060702093491,-0.24688347491107887,-0.015804370117723177,0.4416277518345564,1.0,test,0.07382609448918497,-0.0838738655833234
expr_btc_4mx_path_eff__q70,expr_btc_4mx_path_eff,alphaforge_interaction,4,0.7,247,112.82219014642061,0.1282219014642061,0.23577889828847798,0.8825910931174089,0.05191170099765494,1.112343660208554,-0.20964187099377274,0.02991728949184269,0.6102635228848821,1.0,latest72h,0.07382609448918497,-0.0838738655833234
expr_btc_4mx_path_eff__q70,expr_btc_4mx_path_eff,alphaforge_interaction,4,0.7,6901,17.110678042422254,-0.8288932195757774,0.9765205675922086,0.8755252861904071,-0.012011204456973554,0.9677926635370765,-0.3037211823142588,-0.014574141650433914,0.4351548418810421,1.0,full,0.07382609448918497,-0.0838738655833234
expr_btc_4mx_path_eff__q75,expr_btc_4mx_path_eff,alphaforge_interaction,4,0.75,2665,98.49888267012722,-0.015011173298727809,0.8431591537920738,0.8904315196998124,-0.0005632710431032743,0.9991745038997043,-0.2733818934809715,-0.007857213891122261,0.4598648425910664,1.0,train,0.12169185869248517,-0.12652787957129313
expr_btc_4mx_path_eff__q75,expr_btc_4mx_path_eff,alphaforge_interaction,4,0.75,1395,87.23222389561933,-0.12767776104380668,0.3375941280519641,0.8960573476702509,-0.009152527673390658,0.9677534213971583,-0.19187417776693194,-0.0009960721248599702,0.4933288859239493,1.0,validation,0.12169185869248517,-0.12652787957129313
expr_btc_4mx_path_eff__q75,expr_btc_4mx_path_eff,alphaforge_interaction,4,0.75,1288,43.83815453419717,-0.5616184546580283,0.6639231001527984,0.8788819875776398,-0.04360391728711353,0.8028222717670934,-0.25969831480004724,-0.01775052690931911,0.38742494996664445,1.0,test,0.12169185869248517,-0.12652787957129313
expr_btc_4mx_path_eff__q75,expr_btc_4mx_path_eff,alphaforge_interaction,4,0.75,174,123.60613449617861,0.2360613449617861,0.18850678692566838,0.896551724137931,0.135667439633211,1.317825249687066,-0.11410605643612359,0.00824390941515829,0.5173370319001387,1.0,latest72h,0.12169185869248517,-0.12652787957129313
expr_btc_4mx_path_eff__q75,expr_btc_4mx_path_eff,alphaforge_interaction,4,0.75,5348,37.66695488016944,-0.6233304511983055,0.9428918857512973,0.8891174270755423,-0.011655393627491933,0.9745908556239872,-0.2733818934809715,-0.009213627783334566,0.4460920858594134,1.0,full,0.12169185869248517,-0.12652787957129313
expr_btc_4mx_path_eff__q80,expr_btc_4mx_path_eff,alphaforge_interaction,4,0.8,1991,100.1213176480074,0.0012131764800740186,0.7694151717037141,0.9000502260170768,6.093302260610341e-05,1.0001308243519103,-0.2776922453026017,-0.008501002725838536,0.4481621888907203,1.0,train,0.18703496819505488,-0.1974453287934742
expr_btc_4mx_path_eff__q80,expr_btc_4mx_path_eff,alphaforge_interaction,4,0.8,968,143.15485017284573,0.43154850172845727,0.212770147616895,0.9101239669421488,0.04458145679013047,1.1702364520216006,-0.11795733004080211,0.011590169556720431,0.5538692461641094,1.0,validation,0.18703496819505488,-0.1974453287934742
expr_btc_4mx_path_eff__q80,expr_btc_4mx_path_eff,alphaforge_interaction,4,0.8,918,62.156776576459485,-0.3784322342354052,0.4705311468006987,0.8845315904139434,-0.041223554927603656,0.7974010315539687,-0.21148126842766035,-0.010479453848475928,0.40376917945296864,1.0,test,0.18703496819505488,-0.1974453287934742
expr_btc_4mx_path_eff__q80,expr_btc_4mx_path_eff,alphaforge_interaction,4,0.8,127,108.83250328301777,0.08832503283017767,0.10223108791651518,0.9133858267716536,0.06954726994502336,1.283617038516755,-0.08196854930663688,0.010508431587365585,0.6629680998613038,1.0,latest72h,0.18703496819505488,-0.1974453287934742
expr_btc_4mx_path_eff__q80,expr_btc_4mx_path_eff,alphaforge_interaction,4,0.8,3877,89.08838935775678,-0.10911610642243219,0.7694151717037141,0.8988908950219242,-0.0028144469028218836,0.9924688353114042,-0.2776922453026017,-0.005673005492025485,0.45907750286744226,1.0,full,0.18703496819505488,-0.1974453287934742
expr_btc_4mx_path_eff__q85,expr_btc_4mx_path_eff,alphaforge_interaction,4,0.85,1303,70.5224014967056,-0.294775985032944,0.598467448852994,0.9094397544128934,-0.022622869150647377,0.9219791922055465,-0.2818535952344199,0.003817069884554991,0.5206856766111753,1.0,train,0.27937879392766746,-0.29486315173357897
expr_btc_4mx_path_eff__q85,expr_btc_4mx_path_eff,alphaforge_interaction,4,0.85,589,116.85313804316525,0.1685313804316524,0.1338531388911266,0.8930390492359932,0.02861313759450868,1.157240670349101,-0.10802487731624688,0.005813131577784736,0.6100733822548365,1.0,validation,0.27937879392766746,-0.29486315173357897
expr_btc_4mx_path_eff__q85,expr_btc_4mx_path_eff,alphaforge_interaction,4,0.85,593,75.9349702437485,-0.2406502975625151,0.3368036678375123,0.8785834738617201,-0.04058183770025512,0.7633729404019464,-0.1455026506960978,0.0038087960805885945,0.5416944629753169,1.0,test,0.27937879392766746,-0.29486315173357897
expr_btc_4mx_path_eff__q85,expr_btc_4mx_path_eff,alphaforge_interaction,4,0.85,86,103.29360876490492,0.032936087649049206,0.0960003017384161,0.9069767441860465,0.038297776336104136,1.1912221409845491,-0.08621158196011935,0.00502698548405589,0.6754507628294036,1.0,latest72h,0.27937879392766746,-0.29486315173357897
expr_btc_4mx_path_eff__q85,expr_btc_4mx_path_eff,alphaforge_interaction,4,0.85,2485,62.576216284061935,-0.37423783715938064,0.6249964602597892,0.8981891348088531,-0.015059872722710883,0.9303370545141951,-0.2818535952344199,0.004383710276436359,0.5482549565787318,1.0,full,0.27937879392766746,-0.29486315173357897
expr_btc_4mx_path_eff__q90,expr_btc_4mx_path_eff,alphaforge_interaction,4,0.9,686,156.0155573265829,0.560155573265829,0.31159261428419116,0.9198250728862973,0.08165533137985961,1.3251586369793786,-0.11886882909727858,0.002877175826293543,0.7436129882973463,1.0,train,0.4254478133119679,-0.4509743249032762
expr_btc_4mx_path_eff__q90,expr_btc_4mx_path_eff,alphaforge_interaction,4,0.9,296,131.69369634789223,0.3169369634789223,0.07494655837976295,0.8682432432432432,0.10707329847260987,2.2795233017185286,-0.0749465583797626,0.0034281360598984456,0.8769179452968646,1.0,validation,0.4254478133119679,-0.4509743249032762
expr_btc_4mx_path_eff__q90,expr_btc_4mx_path_eff,alphaforge_interaction,4,0.9,293,81.49260804962589,-0.1850739195037412,0.23812390567852443,0.8361774744027304,-0.06316516024018408,0.5870288039047118,-0.07787156032372389,0.0018063360764082326,0.6752835223482322,0.9958305537024683,test,0.4254478133119679,-0.4509743249032762
expr_btc_4mx_path_eff__q90,expr_btc_4mx_path_eff,alphaforge_interaction,4,0.9,42,101.476355775378,0.01476355775377991,0.04067796610169494,0.8809523809523809,0.03515132798519015,1.3515275568451384,-0.04067796610169494,0.009382035141452638,0.8432732316227461,0.9653259361997226,latest72h,0.4254478133119679,-0.4509743249032762
expr_btc_4mx_path_eff__q90,expr_btc_4mx_path_eff,alphaforge_interaction,4,0.9,1275,167.43687557428623,0.6743687557428624,0.31159261428419116,0.8886274509803922,0.05289166711708817,1.2225676662943485,-0.11886882909727858,0.0026625134291751174,0.754628871047026,0.9989759134851712,full,0.4254478133119679,-0.4509743249032762
expr_btc_4mx_path_eff__q95,expr_btc_4mx_path_eff,alphaforge_interaction,4,0.95,196,115.34538665543562,0.1534538665543561,0.21710120538118613,0.8622448979591837,0.0782927890583459,1.3187651931602016,-0.0796524137931035,0.00040816326530612734,0.5728531399373661,0.8511620240646118,train,0.7166947443903995,-0.7433669597680338
expr_btc_4mx_path_eff__q95,expr_btc_4mx_path_eff,alphaforge_interaction,4,0.95,78,110.88679812861896,0.10886798128618969,0.04042553191489364,0.7307692307692307,0.13957433498229493,3.2211476477433956,-0.04042553191489362,0.0,0.3325550366911274,0.8110406937958639,validation,0.7166947443903995,-0.7433669597680338
expr_btc_4mx_path_eff__q95,expr_btc_4mx_path_eff,alphaforge_interaction,4,0.95,73,90.33456589468707,-0.09665434105312931,0.10657884447375529,0.6986301369863014,-0.13240320692209404,0.2232102732672509,-0.04075396212539073,0.0,0.3512341561040694,0.7433288859239493,test,0.7166947443903995,-0.7433669597680338
expr_btc_4mx_path_eff__q95,expr_btc_4mx_path_eff,alphaforge_interaction,4,0.95,11,100.39858916439388,0.00398589164393881,0.0010013090588910775,0.6363636363636364,0.03623537858126009,4.0038015143908945,-0.0010013090588912865,0.0,0.24549237170596394,0.5478502080443828,latest72h,0.7166947443903995,-0.7433669597680338
expr_btc_4mx_path_eff__q95,expr_btc_4mx_path_eff,alphaforge_interaction,4,0.95,347,115.54044461355448,0.15540444613554483,0.21710120538118613,0.7982708933717579,0.044785142978543975,1.2229351970343256,-0.0796524137931035,0.0,0.4611256758970998,0.8165656234638702,full,0.7166947443903995,-0.7433669597680338
expr_btc_4mx_low_cost__q70,expr_btc_4mx_low_cost,alphaforge_interaction,4,0.7,3380,1865.0833320560428,17.650833320560427,0.8717554466967413,0.8994082840236687,0.522214003566895,1.0382374943058754,-0.2357908923359261,-0.01846646394686957,0.39088511620240646,1.0,train,0.535419999999809,-0.5762999999999587
expr_btc_4mx_low_cost__q70,expr_btc_4mx_low_cost,alphaforge_interaction,4,0.7,1778,175.50709482832175,0.7550709482832176,0.33244263632385324,0.9161979752530933,0.04246743241188043,1.1503586959792242,-0.22310731648660387,0.010571854120950075,0.5446964643095397,1.0,validation,0.535419999999809,-0.5762999999999587
expr_btc_4mx_low_cost__q70,expr_btc_4mx_low_cost,alphaforge_interaction,4,0.7,1444,28.793623467472056,-0.7120637653252795,0.766192368652697,0.8947368421052632,-0.04931189510562854,0.684470293896845,-0.24750897553109008,-0.0250042260893798,0.3402268178785857,1.0,test,0.535419999999809,-0.5762999999999587
expr_btc_4mx_low_cost__q70,expr_btc_4mx_low_cost,alphaforge_interaction,4,0.7,169,101.10184831611686,0.011018483161168602,0.139903428594693,0.9230769230769231,0.0065198125214027585,1.0310391776232009,-0.09224468927794904,-0.006222790923833044,0.43273231622746183,1.0,latest72h,0.535419999999809,-0.5762999999999587
expr_btc_4mx_low_cost__q70,expr_btc_4mx_low_cost,alphaforge_interaction,4,0.7,6602,942.5171023437354,8.425171023437354,0.9424115354114699,0.9029082096334444,0.127615435071771,1.0133915271297689,-0.24750897553109008,-0.014952786748176572,0.4188923480255612,1.0,full,0.535419999999809,-0.5762999999999587
expr_btc_4mx_low_cost__q75,expr_btc_4mx_low_cost,alphaforge_interaction,4,0.75,2641,5477.693244515646,53.77693244515646,0.7542493166684512,0.9178341537296478,2.036233716211937,1.1273793890002666,-0.24515875582788338,-0.009069914527799261,0.43654194824460196,1.0,train,0.7072999999999593,-0.7591499999999723
expr_btc_4mx_low_cost__q75,expr_btc_4mx_low_cost,alphaforge_interaction,4,0.75,1347,190.48890305829514,0.9048890305829513,0.2603883427613074,0.9294729027468448,0.06717810175077696,1.3477722771621485,-0.14095389747130793,0.02102367816059969,0.6821214142761841,1.0,validation,0.7072999999999593,-0.7591499999999723
expr_btc_4mx_low_cost__q75,expr_btc_4mx_low_cost,alphaforge_interaction,4,0.75,1021,63.40320289858662,-0.3659679710141338,0.46069262830833657,0.9079333986287953,-0.035844071597857886,0.7807903181208545,-0.13931300940653069,-0.008149582173455627,0.4246164109406271,1.0,test,0.7072999999999593,-0.7591499999999723
expr_btc_4mx_low_cost__q75,expr_btc_4mx_low_cost,alphaforge_interaction,4,0.75,117,99.61365547161616,-0.003863445283838418,0.0857022527718449,0.9401709401709402,-0.0033020899861852236,0.968299013676529,-0.07324384285871988,0.003441631751716079,0.5547850208044383,1.0,latest72h,0.7072999999999593,-0.7591499999999723
expr_btc_4mx_low_cost__q75,expr_btc_4mx_low_cost,alphaforge_interaction,4,0.75,5009,6615.742392133352,65.15742392133352,0.7542493166684512,0.9189458973847076,1.300807025780305,1.088180750067409,-0.24515875582788338,-0.0003926014699472402,0.49479764050466984,1.0,full,0.7072999999999593,-0.7591499999999723
expr_btc_4mx_low_cost__q80,expr_btc_4mx_low_cost,alphaforge_interaction,4,0.8,1926,6073.645603916982,59.736456039169816,0.4884857970862356,0.930944963655244,3.1015813104449763,1.2668372784206354,-0.188588967809466,0.0022798880743055694,0.5149167628152299,1.0,train,0.923159999999916,-0.9872400000001075
expr_btc_4mx_low_cost__q80,expr_btc_4mx_low_cost,alphaforge_interaction,4,0.8,897,170.86253781654617,0.7086253781654617,0.1682443931167395,0.927536231884058,0.07899948474531411,1.6293843528180438,-0.09376828756209765,0.009778402202758052,0.7493328885923949,1.0,validation,0.923159999999916,-0.9872400000001075
expr_btc_4mx_low_cost__q80,expr_btc_4mx_low_cost,alphaforge_interaction,4,0.8,591,56.21955615642158,-0.4378044384357842,0.4725869996594314,0.8764805414551607,-0.07407858518371936,0.5178042850691851,-0.11346953652189762,-0.0003603603603603567,0.42628418945963975,0.9876584389593062,test,0.923159999999916,-0.9872400000001075
expr_btc_4mx_low_cost__q80,expr_btc_4mx_low_cost,alphaforge_interaction,4,0.8,62,92.50946564733415,-0.07490534352665845,0.0986664847263528,0.8870967741935484,-0.1208150702042868,0.37062930917840464,-0.07676788436376902,-0.00032064128256514834,0.3897364771151179,0.9902912621359223,latest72h,0.923159999999916,-0.9872400000001075
expr_btc_4mx_low_cost__q80,expr_btc_4mx_low_cost,alphaforge_interaction,4,0.8,3414,5834.232236220286,57.34232236220286,0.4884857970862356,0.9206209724663151,1.6796227991272477,1.1483730491368245,-0.188588967809466,0.004130772296076168,0.5505489103719482,0.9969687039161068,full,0.923159999999916,-0.9872400000001075
expr_btc_4mx_low_cost__q85,expr_btc_4mx_low_cost,alphaforge_interaction,4,0.85,1209,8005.254503822832,79.05254503822832,0.4299976968018952,0.9296939619520265,6.5386720461727785,1.4243091526866367,-0.13468976066350236,0.002597952324270514,0.6466952365254657,0.9991758694577221,train,1.2132600000000666,-1.2982000000000697
expr_btc_4mx_low_cost__q85,expr_btc_4mx_low_cost,alphaforge_interaction,4,0.85,460,131.921562666163,0.31921562666162995,0.07807214285714292,0.8978260869565218,0.06939470144818144,1.9709474349024694,-0.06690393351425383,0.004226791137569297,0.7368245496997998,0.9778185456971314,validation,1.2132600000000666,-1.2982000000000697
expr_btc_4mx_low_cost__q85,expr_btc_4mx_low_cost,alphaforge_interaction,4,0.85,290,90.53292493886917,-0.09467075061130825,0.17433920917515142,0.8344827586206897,-0.032645086417691774,0.6777063023259912,-0.11433553432923649,0.0016501647358910798,0.6687791861240827,0.9106070713809206,test,1.2132600000000666,-1.2982000000000697
expr_btc_4mx_low_cost__q85,expr_btc_4mx_low_cost,alphaforge_interaction,4,0.85,26,101.26590330999574,0.012659033099957417,0.0006808860965175288,0.8846153846153846,0.048688588845991074,13.528941182149122,-0.00032064128256514834,0.0022111046238413312,0.5839112343966713,0.840499306518724,latest72h,1.2132600000000666,-1.2982000000000697
expr_btc_4mx_low_cost__q85,expr_btc_4mx_low_cost,alphaforge_interaction,4,0.85,1959,9560.871527153799,94.60871527153799,0.4646823907307953,0.9081163859111792,4.829439268582894,1.3883001321721553,-0.13468976066350236,0.002536691272253755,0.6752416844174995,0.9721858102572505,full,1.2132600000000666,-1.2982000000000697
expr_btc_4mx_low_cost__q90,expr_btc_4mx_low_cost,alphaforge_interaction,4,0.9,595,14252.965658347975,141.52965658347975,0.180197426220051,0.9210084033613445,23.786496904786585,2.8600382126245254,-0.11418501777481183,0.0012332421628444834,0.6344981044997527,0.8887423767924839,train,1.6387400000000214,-1.7339800000000691
expr_btc_4mx_low_cost__q90,expr_btc_4mx_low_cost,alphaforge_interaction,4,0.9,203,112.88583144085042,0.12885831440850426,0.07807214285714292,0.8177339901477833,0.06347700217167714,2.4190560672954926,-0.07654296557981055,0.00040816326530612734,0.5962308205470314,0.8262174783188793,validation,1.6387400000000214,-1.7339800000000691
expr_btc_4mx_low_cost__q90,expr_btc_4mx_low_cost,alphaforge_interaction,4,0.9,99,99.08103342852472,-0.00918966571475277,0.04107985601103773,0.7474747474747475,-0.00928249062096153,0.8161125893228339,-0.040416666666666656,0.0,0.473815877251501,0.7269846564376251,test,1.6387400000000214,-1.7339800000000691
expr_btc_4mx_low_cost__q90,expr_btc_4mx_low_cost,alphaforge_interaction,4,0.9,5,100.20590015378241,0.0020590015378241233,0.0,1.0,0.041180030756483764,,0.0,0.0,0.34257975034674065,0.34951456310679613,latest72h,1.6387400000000214,-1.7339800000000691
expr_btc_4mx_low_cost__q90,expr_btc_4mx_low_cost,alphaforge_interaction,4,0.9,897,15941.720937848377,158.41720937848376,0.20715092508345267,0.8784838350055741,17.66078142458019,2.631941947299623,-0.11418501777481183,0.0005354212942869641,0.5867606095362936,0.834958217270195,full,1.6387400000000214,-1.7339800000000691
expr_btc_4mx_low_cost__q95,expr_btc_4mx_low_cost,alphaforge_interaction,4,0.95,172,12913.489803102519,128.1348980310252,0.14444055493212649,0.8255813953488372,74.49703373896823,5.759832064079245,-0.07802456382001854,0.0,0.2628152299324213,0.5471402670182957,train,2.349740000000042,-2.4712299999999514
expr_btc_4mx_low_cost__q95,expr_btc_4mx_low_cost,alphaforge_interaction,4,0.95,69,101.84699277192509,0.018469927719250823,0.04040816326530616,0.6956521739130435,0.026768011187320122,1.3951269935251953,-0.04001649312786337,0.0,0.23232154769846564,0.5376917945296864,validation,2.349740000000042,-2.4712299999999514
expr_btc_4mx_low_cost__q95,expr_btc_4mx_low_cost,alphaforge_interaction,4,0.95,19,99.6090637850768,-0.0039093621492319874,0.0039093621492319874,0.3684210526315789,-0.020575590259116087,0.09441305330082277,-0.0010806915491093916,0.0,0.02401601067378252,0.3372248165443629,test,2.349740000000042,-2.4712299999999514
expr_btc_4mx_low_cost__q95,expr_btc_4mx_low_cost,alphaforge_interaction,4,0.95,1,100.0,0.0,0.0,1.0,3.504491870660217e-17,,0.0,0.0,0.0,0.19972260748959778,latest72h,2.349740000000042,-2.4712299999999514
expr_btc_4mx_low_cost__q95,expr_btc_4mx_low_cost,alphaforge_interaction,4,0.95,260,13100.58509136996,130.0058509136996,0.14444055493212649,0.7576923076923077,50.00225035142297,4.87797862655516,-0.07802456382001854,0.0,0.1935933147632312,0.4897181713911191,full,2.349740000000042,-2.4712299999999514
expr_btc_4mx_tight_spread__q70,expr_btc_4mx_tight_spread,alphaforge_interaction,4,0.7,3381,1789.6778123944202,16.896778123944202,0.876940387776529,0.8991422656018929,0.4997568211755355,1.0369365656795693,-0.2357908923359261,-0.018537759773928353,0.3870941157079281,1.0,train,0.4677924999999449,-0.5032999999999084
expr_btc_4mx_tight_spread__q70,expr_btc_4mx_tight_spread,alphaforge_interaction,4,0.7,1782,171.5609861621064,0.715609861621064,0.3324426363238533,0.9158249158249159,0.04015768022564987,1.1403255004622461,-0.22310731648660387,0.010571854120950075,0.54736490993996,1.0,validation,0.4677924999999449,-0.5032999999999084
expr_btc_4mx_tight_spread__q70,expr_btc_4mx_tight_spread,alphaforge_interaction,4,0.7,1446,29.011059633353888,-0.7098894036664611,0.7654807802094664,0.8948824343015215,-0.04909331975563327,0.6872639095854578,-0.24750897553109008,-0.0250042260893798,0.3430620413609073,1.0,test,0.4677924999999449,-0.5032999999999084
expr_btc_4mx_tight_spread__q70,expr_btc_4mx_tight_spread,alphaforge_interaction,4,0.7,169,101.10184831611686,0.011018483161168602,0.139903428594693,0.9230769230769231,0.0065198125214027585,1.0310391776232009,-0.09224468927794904,-0.006222790923833044,0.43273231622746183,1.0,latest72h,0.4677924999999449,-0.5032999999999084
expr_btc_4mx_tight_spread__q70,expr_btc_4mx_tight_spread,alphaforge_interaction,4,0.7,6609,890.752355935134,7.90752355935134,0.9455743981946205,0.9027084279013466,0.11964780692014386,1.0127867209575048,-0.24750897553109008,-0.01484160315841443,0.41835982303785024,1.0,full,0.4677924999999449,-0.5032999999999084
expr_btc_4mx_tight_spread__q75,expr_btc_4mx_tight_spread,alphaforge_interaction,4,0.75,2645,5630.530539151714,55.30530539151714,0.7497696280605781,0.9179584120982986,2.0909378219855554,1.1293332580135753,-0.24515875582788338,-0.00899361123858422,0.43802538322070217,1.0,train,0.6186250000001019,-0.6639062500000636
expr_btc_4mx_tight_spread__q75,expr_btc_4mx_tight_spread,alphaforge_interaction,4,0.75,1349,191.94740796828518,0.9194740796828518,0.2603883427613074,0.9295774647887324,0.06815967973927839,1.353326835205032,-0.14095389747130793,0.021209418895643095,0.6826217478318879,1.0,validation,0.6186250000001019,-0.6639062500000636
expr_btc_4mx_tight_spread__q75,expr_btc_4mx_tight_spread,alphaforge_interaction,4,0.75,1021,63.40320289858662,-0.3659679710141338,0.46069262830833657,0.9079333986287953,-0.035844071597857886,0.7807903181208545,-0.13931300940653069,-0.008149582173455627,0.4246164109406271,1.0,test,0.6186250000001019,-0.6639062500000636
expr_btc_4mx_tight_spread__q75,expr_btc_4mx_tight_spread,alphaforge_interaction,4,0.75,117,99.61365547161616,-0.003863445283838418,0.0857022527718449,0.9401709401709402,-0.0033020899861852236,0.968299013676529,-0.07324384285871988,0.003441631751716079,0.5547850208044383,1.0,latest72h,0.6186250000001019,-0.6639062500000636
expr_btc_4mx_tight_spread__q75,expr_btc_4mx_tight_spread,alphaforge_interaction,4,0.75,5015,6852.400965607525,67.52400965607525,0.7497696280605781,0.9190428713858425,1.346440870510024,1.0894859925204847,-0.24515875582788338,-0.00034519352989448304,0.495657873177126,1.0,full,0.6186250000001019,-0.6639062500000636
expr_btc_4mx_tight_spread__q80,expr_btc_4mx_tight_spread,alphaforge_interaction,4,0.8,1929,6118.553170313583,60.18553170313583,0.48848579708623563,0.931052358735096,3.1200379317333486,1.2673226911518893,-0.188588967809466,0.0022798880743055694,0.5149167628152299,1.0,train,0.8075199999999532,-0.863064999999988
expr_btc_4mx_tight_spread__q80,expr_btc_4mx_tight_spread,alphaforge_interaction,4,0.8,898,171.0761159888169,0.7107611598881689,0.1682443931167394,0.9276169265033407,0.07914934965347153,1.6306145874062579,-0.09376828756209765,0.009778402202758052,0.7493328885923949,1.0,validation,0.8075199999999532,-0.863064999999988
expr_btc_4mx_tight_spread__q80,expr_btc_4mx_tight_spread,alphaforge_interaction,4,0.8,592,56.21955615642158,-0.4378044384357842,0.4725869996594314,0.8766891891891891,-0.07395345243847659,0.5178042850691851,-0.11346953652189762,-0.0003603603603603567,0.42628418945963975,0.9876584389593062,test,0.8075199999999532,-0.863064999999988
expr_btc_4mx_tight_spread__q80,expr_btc_4mx_tight_spread,alphaforge_interaction,4,0.8,62,92.50946564733415,-0.07490534352665845,0.0986664847263528,0.8870967741935484,-0.1208150702042868,0.37062930917840464,-0.07676788436376902,-0.00032064128256514834,0.3897364771151179,0.9902912621359223,latest72h,0.8075199999999532,-0.863064999999988
expr_btc_4mx_tight_spread__q80,expr_btc_4mx_tight_spread,alphaforge_interaction,4,0.8,3419,5884.716330403379,57.84716330403379,0.48848579708623563,0.9207370576191869,1.6919322405391963,1.1486534285117065,-0.188588967809466,0.004182765080255724,0.5505489103719482,0.9969687039161068,full,0.8075199999999532,-0.863064999999988
expr_btc_4mx_tight_spread__q85,expr_btc_4mx_tight_spread,alphaforge_interaction,4,0.85,1210,8008.521954640694,79.08521954640695,0.42999769680189526,0.9297520661157025,6.5359685575543525,1.4243113804236989,-0.13468976066350236,0.002597952324270514,0.6466952365254657,0.9991758694577221,train,1.0616025000000582,-1.1350500000000103
expr_btc_4mx_tight_spread__q85,expr_btc_4mx_tight_spread,alphaforge_interaction,4,0.85,460,131.921562666163,0.31921562666162995,0.07807214285714292,0.8978260869565218,0.06939470144818144,1.9709474349024694,-0.06690393351425383,0.004226791137569297,0.7368245496997998,0.9778185456971314,validation,1.0616025000000582,-1.1350500000000103
expr_btc_4mx_tight_spread__q85,expr_btc_4mx_tight_spread,alphaforge_interaction,4,0.85,293,86.91048817724591,-0.13089511822754085,0.20402559634312722,0.8327645051194539,-0.04467410178414296,0.6033794874651395,-0.11433553432923649,0.001441195960466768,0.6447631754503002,0.9106070713809206,test,1.0616025000000582,-1.1350500000000103
expr_btc_4mx_tight_spread__q85,expr_btc_4mx_tight_spread,alphaforge_interaction,4,0.85,28,97.17435166110705,-0.0282564833889295,0.04040404040404039,0.8571428571428571,-0.10091601210331967,0.3198482281201233,-0.0395126161413738,0.0,0.43411927877947293,0.840499306518724,latest72h,1.0616025000000582,-1.1350500000000103
expr_btc_4mx_tight_spread__q85,expr_btc_4mx_tight_spread,alphaforge_interaction,4,0.85,1963,9182.06466403986,90.8206466403986,0.4646823907307954,0.9077941925624045,4.626624892531826,1.3668314546886495,-0.13468976066350236,0.0025020788004999073,0.6693429460920859,0.9721858102572505,full,1.0616025000000582,-1.1350500000000103
expr_btc_4mx_tight_spread__q90,expr_btc_4mx_tight_spread,alphaforge_interaction,4,0.9,595,14924.801861741767,148.24801861741767,0.18019742622005058,0.9226890756302522,24.915633381078678,2.866068854247105,-0.11418501777481183,0.0012332421628444834,0.6344981044997527,0.8818196802373496,train,1.4310100000000168,-1.5111074999998821
expr_btc_4mx_tight_spread__q90,expr_btc_4mx_tight_spread,alphaforge_interaction,4,0.9,203,112.88583144085042,0.12885831440850426,0.07807214285714292,0.8177339901477833,0.06347700217167714,2.4190560672954926,-0.07654296557981055,0.00040816326530612734,0.5962308205470314,0.8262174783188793,validation,1.4310100000000168,-1.5111074999998821
expr_btc_4mx_tight_spread__q90,expr_btc_4mx_tight_spread,alphaforge_interaction,4,0.9,99,99.08103342852472,-0.00918966571475277,0.04107985601103773,0.7474747474747475,-0.00928249062096153,0.8161125893228339,-0.040416666666666656,0.0,0.473815877251501,0.7269846564376251,test,1.4310100000000168,-1.5111074999998821
expr_btc_4mx_tight_spread__q90,expr_btc_4mx_tight_spread,alphaforge_interaction,4,0.9,5,100.20590015378241,0.0020590015378241233,0.0,1.0,0.041180030756483764,,0.0,0.0,0.34257975034674065,0.34951456310679613,latest72h,1.4310100000000168,-1.5111074999998821
expr_btc_4mx_tight_spread__q90,expr_btc_4mx_tight_spread,alphaforge_interaction,4,0.9,897,16693.159307039587,165.93159307039588,0.20715092508345223,0.8795986622073578,18.498505359018566,2.6361437090555224,-0.11418501777481183,0.0005354212942869641,0.5867606095362936,0.8315172865803703,full,1.4310100000000168,-1.5111074999998821
expr_btc_4mx_tight_spread__q95,expr_btc_4mx_tight_spread,alphaforge_interaction,4,0.95,171,12902.84827874892,128.0284827874892,0.14444055493212649,0.8245614035087719,74.87045777046156,5.758325741836016,-0.07802456382001854,0.0,0.2628152299324213,0.5471402670182957,train,2.053625000000008,-2.1615475000000988
expr_btc_4mx_tight_spread__q95,expr_btc_4mx_tight_spread,alphaforge_interaction,4,0.95,70,101.84699277192509,0.018469927719250823,0.04040816326530616,0.7,0.02638561102750127,1.3951269935251953,-0.04001649312786337,0.0,0.23232154769846564,0.5376917945296864,validation,2.053625000000008,-2.1615475000000988
expr_btc_4mx_tight_spread__q95,expr_btc_4mx_tight_spread,alphaforge_interaction,4,0.95,19,99.6090637850768,-0.0039093621492319874,0.0039093621492319874,0.3684210526315789,-0.020575590259116087,0.09441305330082277,-0.0010806915491093916,0.0,0.02401601067378252,0.3372248165443629,test,2.053625000000008,-2.1615475000000988
expr_btc_4mx_tight_spread__q95,expr_btc_4mx_tight_spread,alphaforge_interaction,4,0.95,1,100.0,0.0,0.0,1.0,3.504491870660217e-17,,0.0,0.0,0.0,0.19972260748959778,latest72h,2.053625000000008,-2.1615475000000988
expr_btc_4mx_tight_spread__q95,expr_btc_4mx_tight_spread,alphaforge_interaction,4,0.95,260,13089.789388781293,129.89789388781293,0.14444055493212649,0.7576923076923077,49.960728418389564,4.87698852467634,-0.07802456382001854,0.0,0.1935933147632312,0.4897181713911191,full,2.053625000000008,-2.1615475000000988
expr_pm_mom_2mx_path_eff__q70,expr_pm_mom_2mx_path_eff,alphaforge_interaction,2,0.7,4331,2.932330945723315,-0.9706766905427668,0.9863150862888339,0.7972754560147772,-0.022412299481476917,0.9214817310536373,-0.455300196325516,-0.015770248348561833,0.45178836327674304,1.0,train,0.44488847564042855,-0.46596766302756243
expr_pm_mom_2mx_path_eff__q70,expr_pm_mom_2mx_path_eff,alphaforge_interaction,2,0.7,2542,2.6695602827837437,-0.9733043971721625,0.9783281675201857,0.7812745869394178,-0.038288921997331256,0.8715842274652889,-0.5014299240371936,-0.0643336617114823,0.36874583055370247,1.0,validation,0.44488847564042855,-0.46596766302756243
expr_pm_mom_2mx_path_eff__q70,expr_pm_mom_2mx_path_eff,alphaforge_interaction,2,0.7,2494,5.277122727570751,-0.9472287727242925,0.9587963569654347,0.7830793905372895,-0.037980303637702266,0.9043983384134898,-0.40818153332456886,-0.07719753669251322,0.3455637091394263,1.0,test,0.44488847564042855,-0.46596766302756243
expr_pm_mom_2mx_path_eff__q70,expr_pm_mom_2mx_path_eff,alphaforge_interaction,2,0.7,347,42.455186809337654,-0.5754481319066235,0.6714430855027488,0.7521613832853026,-0.16583519651487783,0.7633590701049414,-0.3602830261162885,-0.18118530067776395,0.18446601941747573,1.0,latest72h,0.44488847564042855,-0.46596766302756243
expr_pm_mom_2mx_path_eff__q70,expr_pm_mom_2mx_path_eff,alphaforge_interaction,2,0.7,9367,0.00413094973403724,-0.9999586905026596,0.9999714648528829,0.7891534109106437,-0.01067533565178454,0.9205905406894116,-0.5014299240371936,-0.039437981207174566,0.4043503195149926,1.0,full,0.44488847564042855,-0.46596766302756243
expr_pm_mom_2mx_path_eff__q75,expr_pm_mom_2mx_path_eff,alphaforge_interaction,2,0.75,3608,9.238215001737954,-0.9076178499826204,0.9647165083844974,0.8198447893569845,-0.0251557053764584,0.9268569102250563,-0.36136748717966016,-0.018157960328904932,0.45310697214438767,1.0,train,0.7311126730447801,-0.7692059561184686
expr_pm_mom_2mx_path_eff__q75,expr_pm_mom_2mx_path_eff,alphaforge_interaction,2,0.75,2093,6.851363930244041,-0.9314863606975596,0.9476630256645625,0.8036311514572384,-0.04450484284269292,0.8791076402197312,-0.39119369346087274,-0.05101551266706117,0.32221480987324885,1.0,validation,0.7311126730447801,-0.7692059561184686
expr_pm_mom_2mx_path_eff__q75,expr_pm_mom_2mx_path_eff,alphaforge_interaction,2,0.75,2112,8.968665447821301,-0.910313345521787,0.9281249048464675,0.8011363636363636,-0.04310195764781181,0.907593315182649,-0.35769195897733463,-0.06293294978322628,0.354736490993996,1.0,test,0.7311126730447801,-0.7692059561184686
expr_pm_mom_2mx_path_eff__q75,expr_pm_mom_2mx_path_eff,alphaforge_interaction,2,0.75,293,39.62121416889181,-0.6037878583110818,0.6803080104614866,0.7610921501706485,-0.2060709414031003,0.6716873518781663,-0.35769195897733463,-0.19705816190497694,0.18169209431345354,1.0,latest72h,0.7311126730447801,-0.7692059561184686
expr_pm_mom_2mx_path_eff__q75,expr_pm_mom_2mx_path_eff,alphaforge_interaction,2,0.75,7813,0.0567666056549997,-0.99943233394345,0.999717932330701,0.8104441315755792,-0.012791915191903865,0.9241875813247499,-0.39119369346087274,-0.036630105301270144,0.3967311158446666,1.0,full,0.7311126730447801,-0.7692059561184686
expr_pm_mom_2mx_path_eff__q80,expr_pm_mom_2mx_path_eff,alphaforge_interaction,2,0.8,2860,18.311907111633506,-0.8168809288836649,0.903103268664435,0.8405594405594405,-0.028562270240687516,0.8909571974154138,-0.2745479827610815,-0.012071453805446719,0.4587110598318774,0.9971979561562552,train,1.1009687880526884,-1.163681349503242
expr_pm_mom_2mx_path_eff__q80,expr_pm_mom_2mx_path_eff,alphaforge_interaction,2,0.8,1598,24.13655411171956,-0.7586344588828045,0.8183692590037037,0.8322903629536921,-0.04747399617539487,0.9025040438178635,-0.38354337605053035,-0.030926313982342912,0.3777518345563709,1.0,validation,1.1009687880526884,-1.163681349503242
expr_pm_mom_2mx_path_eff__q80,expr_pm_mom_2mx_path_eff,alphaforge_interaction,2,0.8,1722,13.894875201265911,-0.8610512479873409,0.8702036555657163,0.8193960511033682,-0.05000297607359689,0.880927823338283,-0.32281103513834786,-0.03565520292220803,0.36891260840560375,1.0,test,1.1009687880526884,-1.163681349503242
expr_pm_mom_2mx_path_eff__q80,expr_pm_mom_2mx_path_eff,alphaforge_interaction,2,0.8,242,45.255056553792876,-0.5474494344620713,0.6182704303388099,0.7768595041322314,-0.22621877457110445,0.6449555056019024,-0.32281103513834786,-0.1708877414100316,0.11234396671289876,1.0,latest72h,1.1009687880526884,-1.163681349503242
expr_pm_mom_2mx_path_eff__q80,expr_pm_mom_2mx_path_eff,alphaforge_interaction,2,0.8,6180,0.6141344991733495,-0.9938586550082665,0.9949882512480078,0.8325242718446602,-0.016081855259033422,0.8923915360165586,-0.38354337605053035,-0.022252577502214654,0.4176224807471735,0.9986072423398329,full,1.1009687880526884,-1.163681349503242
expr_pm_mom_2mx_path_eff__q85,expr_pm_mom_2mx_path_eff,alphaforge_interaction,2,0.85,2073,74.95290957084889,-0.2504709042915111,0.7334846691545106,0.8683068017366136,-0.01208253276852424,0.9598265820671065,-0.2590338002018727,0.008271700282699523,0.5356024394264052,0.9946431514751937,train,1.6208857719219822,-1.6905130400419326
expr_pm_mom_2mx_path_eff__q85,expr_pm_mom_2mx_path_eff,alphaforge_interaction,2,0.85,1138,50.01937809963045,-0.4998062190036955,0.5570429330375335,0.8576449912126538,-0.043919702900148884,0.8958078558226938,-0.25640283056716173,-0.015625339213798828,0.41811207471647766,1.0,validation,1.6208857719219822,-1.6905130400419326
expr_pm_mom_2mx_path_eff__q85,expr_pm_mom_2mx_path_eff,alphaforge_interaction,2,0.85,1276,31.24116685417518,-0.6875883314582483,0.7458877402901334,0.8424764890282131,-0.05388623287290302,0.8847647377266091,-0.27095705292463357,-0.01396343246613252,0.4106070713809206,1.0,test,1.6208857719219822,-1.6905130400419326
expr_pm_mom_2mx_path_eff__q85,expr_pm_mom_2mx_path_eff,alphaforge_interaction,2,0.85,184,61.12365541310045,-0.38876344586899547,0.44751690552048523,0.8043478260869565,-0.2112844814505407,0.674775988535529,-0.27095705292463357,-0.09571248504048768,0.13730929264909847,1.0,latest72h,1.6208857719219822,-1.6905130400419326
expr_pm_mom_2mx_path_eff__q85,expr_pm_mom_2mx_path_eff,alphaforge_interaction,2,0.85,4487,11.712619378044595,-0.882873806219554,0.8855466425313681,0.8582571874303544,-0.01967626044616777,0.9268370673452128,-0.27095705292463357,-0.005946517715976651,0.4756267409470752,0.9973373750614452,full,1.6208857719219822,-1.6905130400419326
expr_pm_mom_2mx_path_eff__q90,expr_pm_mom_2mx_path_eff,alphaforge_interaction,2,0.9,1344,44.49466990617764,-0.5550533009382236,0.7027357657967865,0.8742559523809523,-0.04129860870076044,0.843923160056298,-0.2573139410213563,-0.001690682308658431,0.4848359980220867,0.9946431514751937,train,2.3250853502425506,-2.414483442093168
expr_pm_mom_2mx_path_eff__q90,expr_pm_mom_2mx_path_eff,alphaforge_interaction,2,0.9,685,140.34729088976337,0.40347290889763365,0.2892983859558609,0.8963503649635036,0.05890115458359583,1.1137582344589678,-0.13274798052144832,0.011124509448470654,0.5582054703135424,1.0,validation,2.3250853502425506,-2.414483442093168
expr_pm_mom_2mx_path_eff__q90,expr_pm_mom_2mx_path_eff,alphaforge_interaction,2,0.9,883,61.39596348481411,-0.3860403651518589,0.4139193379027992,0.8663646659116648,-0.04371918065139911,0.9041690473839246,-0.22855622557004784,-0.004509354410193067,0.47414943295530354,1.0,test,2.3250853502425506,-2.414483442093168
expr_pm_mom_2mx_path_eff__q90,expr_pm_mom_2mx_path_eff,alphaforge_interaction,2,0.9,127,88.11323110152517,-0.11886768898474831,0.19678841955315848,0.8503937007874016,-0.09359660549980123,0.8455761781473754,-0.13135849878499506,-0.008479809880701739,0.42579750346740636,1.0,latest72h,2.3250853502425506,-2.414483442093168
expr_pm_mom_2mx_path_eff__q90,expr_pm_mom_2mx_path_eff,alphaforge_interaction,2,0.9,2912,38.33997649023553,-0.6166002350976447,0.7027357657967865,0.8770604395604396,-0.021174458622858484,0.9193985053132459,-0.2573139410213563,8.614667541295695e-05,0.5006963788300836,0.9973373750614452,full,2.3250853502425506,-2.414483442093168
expr_pm_mom_2mx_path_eff__q95,expr_pm_mom_2mx_path_eff,alphaforge_interaction,2,0.95,610,105.8362284110804,0.05836228411080402,0.1935062477502858,0.9,0.009567587559148022,1.023645757606399,-0.13812226922150883,0.005177613320999086,0.6333443217405637,0.9620899950552168,train,3.491765694632117,-3.567800990224128
expr_pm_mom_2mx_path_eff__q95,expr_pm_mom_2mx_path_eff,alphaforge_interaction,2,0.95,270,117.1953057076509,0.1719530570765091,0.17292362057610094,0.9185185185185185,0.06368631743574422,1.1518286402002844,-0.08578703283520339,0.006405945020409698,0.6702801867911942,0.9716477651767845,validation,3.491765694632117,-3.567800990224128
expr_pm_mom_2mx_path_eff__q95,expr_pm_mom_2mx_path_eff,alphaforge_interaction,2,0.95,439,93.89777029941801,-0.06102229700581985,0.3050240461951927,0.8883826879271071,-0.013900295445516447,0.9695758474487316,-0.17485901062612652,0.009468919635689188,0.5943962641761175,1.0,test,3.491765694632117,-3.567800990224128
expr_pm_mom_2mx_path_eff__q95,expr_pm_mom_2mx_path_eff,alphaforge_interaction,2,0.95,76,104.42960653067672,0.04429606530676722,0.14879334406951836,0.8947368421052632,0.058284296456273206,1.1221076100615759,-0.09316494930178698,0.013285292057418685,0.6712898751733704,1.0,latest72h,3.491765694632117,-3.567800990224128
expr_pm_mom_2mx_path_eff__q95,expr_pm_mom_2mx_path_eff,alphaforge_interaction,2,0.95,1319,116.46618524707324,0.1646618524707324,0.3656010417600506,0.8999241849886277,0.012483840217644723,1.0267541311348025,-0.17485901062612652,0.006136170212766023,0.6311240373586761,0.9741930198263149,full,3.491765694632117,-3.567800990224128
expr_pm_mom_2mx_uncertainty__q70,expr_pm_mom_2mx_uncertainty,alphaforge_interaction,2,0.7,4455,0.050835771109617435,-0.9994916422889039,0.9996871128828334,0.7283950617283951,-0.022435278165856345,0.8931103858236366,-0.555383265964777,-0.0842977509563797,0.3476182627328169,1.0,train,1.5539999999999996,-1.598599999999999
expr_pm_mom_2mx_uncertainty__q70,expr_pm_mom_2mx_uncertainty,alphaforge_interaction,2,0.7,2705,8.153394468241443,-0.9184660553175856,0.9445473695181827,0.7375231053604436,-0.03395438282135246,0.9423063343696566,-0.5292026951688011,-0.04443465313926487,0.4034356237491661,1.0,validation,1.5539999999999996,-1.598599999999999
expr_pm_mom_2mx_uncertainty__q70,expr_pm_mom_2mx_uncertainty,alphaforge_interaction,2,0.7,2563,1.7527936406320894,-0.9824720635936791,0.9869750481181844,0.7323449083105735,-0.0383328936244121,0.8955264678633444,-0.4792953337509066,-0.09029635749673909,0.27218145430286855,1.0,test,1.5539999999999996,-1.598599999999999
expr_pm_mom_2mx_uncertainty__q70,expr_pm_mom_2mx_uncertainty,alphaforge_interaction,2,0.7,352,37.069230078381516,-0.6293076992161848,0.6972560795119658,0.7045454545454546,-0.17878059636823462,0.7621966901735168,-0.4792953337509066,-0.1471645407431985,0.2274618585298197,1.0,latest72h,1.5539999999999996,-1.598599999999999
expr_pm_mom_2mx_uncertainty__q70,expr_pm_mom_2mx_uncertainty,alphaforge_interaction,2,0.7,9723,7.265050857784171e-05,-0.9999992734949142,0.999999433839472,0.7319757276560732,-0.01028488402236872,0.8931530263275304,-0.555383265964777,-0.07654590792669069,0.3444207766672128,1.0,full,1.5539999999999996,-1.598599999999999
expr_pm_mom_2mx_uncertainty__q75,expr_pm_mom_2mx_uncertainty,alphaforge_interaction,2,0.75,3713,0.3829707423369544,-0.9961702925766305,0.9982448365267913,0.7287907352545112,-0.026829256465839644,0.9077866722892293,-0.5101454631329055,-0.06307684293249438,0.370693917916598,1.0,train,1.7999999999999998,-1.8464999999999998
expr_pm_mom_2mx_uncertainty__q75,expr_pm_mom_2mx_uncertainty,alphaforge_interaction,2,0.75,2287,10.162917348121216,-0.8983708265187879,0.9216630395971429,0.7367730651508526,-0.03928162774459071,0.9295040533730168,-0.5069778595371097,-0.03410428184341041,0.42111407605070045,1.0,validation,1.7999999999999998,-1.8464999999999998
expr_pm_mom_2mx_uncertainty__q75,expr_pm_mom_2mx_uncertainty,alphaforge_interaction,2,0.75,2129,4.426057275452302,-0.955739427245477,0.9720852670649468,0.7303898543917332,-0.04489147145352188,0.9174194073570343,-0.399075355453662,-0.07325455640918477,0.3043695797198132,1.0,test,1.7999999999999998,-1.8464999999999998
expr_pm_mom_2mx_uncertainty__q75,expr_pm_mom_2mx_uncertainty,alphaforge_interaction,2,0.75,290,44.93120288100814,-0.5506879711899186,0.6374066833616732,0.7034482758620689,-0.18989240385859285,0.764453792566484,-0.399075355453662,-0.11980360859480255,0.18862690707350901,1.0,latest72h,1.7999999999999998,-1.8464999999999998
expr_pm_mom_2mx_uncertainty__q75,expr_pm_mom_2mx_uncertainty,alphaforge_interaction,2,0.75,8129,0.001722665752674107,-0.9999827733424732,0.9999890341706147,0.7314552835527125,-0.012301424201531169,0.9078882999291598,-0.5101454631329055,-0.06010850091504433,0.3679747665082746,1.0,full,1.7999999999999998,-1.8464999999999998
expr_pm_mom_2mx_uncertainty__q80,expr_pm_mom_2mx_uncertainty,alphaforge_interaction,2,0.8,2958,0.770904392663228,-0.9922909560733677,0.9969446560907061,0.7237998647734956,-0.033546009333108986,0.9152226373455821,-0.46840316385783054,-0.05160554888731006,0.38808307235866163,1.0,train,2.03,-2.0540000000000003
expr_pm_mom_2mx_uncertainty__q80,expr_pm_mom_2mx_uncertainty,alphaforge_interaction,2,0.8,1814,21.69295590693861,-0.783070440930614,0.8354174202853579,0.7414553472987873,-0.04316816102153367,0.9334985483601894,-0.4773832490484059,-0.027679297748074205,0.4267845230153436,1.0,validation,2.03,-2.0540000000000003
expr_pm_mom_2mx_uncertainty__q80,expr_pm_mom_2mx_uncertainty,alphaforge_interaction,2,0.8,1679,7.81063757265747,-0.9218936242734252,0.9427569181192567,0.726027397260274,-0.054907303411163275,0.9057389308757996,-0.4078930524355542,-0.05172184996941909,0.33288859239492996,1.0,test,2.03,-2.0540000000000003
expr_pm_mom_2mx_uncertainty__q80,expr_pm_mom_2mx_uncertainty,alphaforge_interaction,2,0.8,231,57.01607767082291,-0.42983922329177093,0.5560796220029204,0.7056277056277056,-0.18607758584059433,0.7885316428166992,-0.4078930524355542,-0.07046949725825036,0.34812760055478503,1.0,latest72h,2.03,-2.0540000000000003
expr_pm_mom_2mx_uncertainty__q80,expr_pm_mom_2mx_uncertainty,alphaforge_interaction,2,0.8,6451,0.013061881519022862,-0.9998693811848097,0.9999345396600775,0.7293442877073322,-0.0154994478559108,0.9153499590739881,-0.4773832490484059,-0.04576227914038494,0.3859577257086679,1.0,full,2.03,-2.0540000000000003
expr_pm_mom_2mx_uncertainty__q85,expr_pm_mom_2mx_uncertainty,alphaforge_interaction,2,0.85,2198,3.477400509058317,-0.9652259949094169,0.9874403272262754,0.7229299363057324,-0.043913830523631354,0.9036573877917102,-0.4163676053081782,-0.03537334080115062,0.3810779627492995,1.0,train,2.2139999999999995,-2.244
expr_pm_mom_2mx_uncertainty__q85,expr_pm_mom_2mx_uncertainty,alphaforge_interaction,2,0.85,1360,42.32224169654611,-0.576777583034539,0.7142836700238643,0.7426470588235294,-0.04241011639959886,0.9422870968824897,-0.47271940693477776,-0.005360399857662568,0.4876584389593062,1.0,validation,2.2139999999999995,-2.244
expr_pm_mom_2mx_uncertainty__q85,expr_pm_mom_2mx_uncertainty,alphaforge_interaction,2,0.85,1256,11.289293625589021,-0.8871070637441097,0.9065368284130227,0.7229299363057324,-0.07062954329172892,0.8411386051852434,-0.35500299012481995,-0.04163864583474941,0.34156104069379584,1.0,test,2.2139999999999995,-2.244
expr_pm_mom_2mx_uncertainty__q85,expr_pm_mom_2mx_uncertainty,alphaforge_interaction,2,0.85,178,74.85588661257727,-0.2514411338742274,0.384368302280988,0.7247191011235955,-0.14125906397428634,0.8562168151003003,-0.30478083329134353,-0.011453989629629291,0.39528432732316227,1.0,latest72h,2.2139999999999995,-2.244
expr_pm_mom_2mx_uncertainty__q85,expr_pm_mom_2mx_uncertainty,alphaforge_interaction,2,0.85,4814,0.16614609765181937,-0.9983385390234818,0.9991340430990117,0.7285002077274616,-0.02073823304992693,0.9044505190236682,-0.47271940693477776,-0.029360349987388235,0.39873832541373094,1.0,full,2.2139999999999995,-2.244
expr_pm_mom_2mx_uncertainty__q90,expr_pm_mom_2mx_uncertainty,alphaforge_interaction,2,0.9,1440,2.1720577647269557,-0.9782794223527305,0.9855499666423848,0.6979166666666666,-0.06793607099671753,0.8102669676558415,-0.34775803789992044,-0.044638710976051876,0.353057524311851,1.0,train,2.4079999999999995,-2.444
expr_pm_mom_2mx_uncertainty__q90,expr_pm_mom_2mx_uncertainty,alphaforge_interaction,2,0.9,852,54.88021370310556,-0.4511978629689444,0.684807780721389,0.7370892018779343,-0.05295749565363277,0.947244486889333,-0.38418010104331957,0.011542024531804085,0.5475316877918612,1.0,validation,2.4079999999999995,-2.444
expr_pm_mom_2mx_uncertainty__q90,expr_pm_mom_2mx_uncertainty,alphaforge_interaction,2,0.9,756,29.322897854925362,-0.7067710214507463,0.7298689632790252,0.7195767195767195,-0.09348823035062856,0.8692048264667251,-0.3041209241874252,-0.02461901303415792,0.39593062041360905,1.0,test,2.4079999999999995,-2.444
expr_pm_mom_2mx_uncertainty__q90,expr_pm_mom_2mx_uncertainty,alphaforge_interaction,2,0.9,115,83.9429952283296,-0.16057004771670402,0.2433750914967407,0.7217391304347827,-0.13962612844930825,0.8724258562646452,-0.20420801502344155,-0.00425301967235292,0.46879334257975036,1.0,latest72h,2.4079999999999995,-2.444
expr_pm_mom_2mx_uncertainty__q90,expr_pm_mom_2mx_uncertainty,alphaforge_interaction,2,0.9,3048,0.3495377225968789,-0.9965046227740312,0.9969560468528798,0.714238845144357,-0.03269372121962051,0.8156759497041155,-0.38418010104331957,-0.026545610130989772,0.4130755366213338,1.0,full,2.4079999999999995,-2.444
expr_pm_mom_2mx_uncertainty__q95,expr_pm_mom_2mx_uncertainty,alphaforge_interaction,2,0.95,695,14.5312316817467,-0.854687683182533,0.9155760475647778,0.6820143884892086,-0.12297664506223523,0.8099925440389653,-0.27456510201213324,-0.011383158358848955,0.4513762980056041,0.9993406955661777,train,2.646,-2.68
expr_pm_mom_2mx_uncertainty__q95,expr_pm_mom_2mx_uncertainty,alphaforge_interaction,2,0.95,396,129.45421396093013,0.2945421396093013,0.40989665491652444,0.75,0.07437932818416632,1.059182309001773,-0.21494453424780113,0.008245595046325604,0.5533689126084056,1.0,validation,2.646,-2.68
expr_pm_mom_2mx_uncertainty__q95,expr_pm_mom_2mx_uncertainty,alphaforge_interaction,2,0.95,313,34.56353182678775,-0.6543646817321225,0.6998086867089663,0.6677316293929713,-0.20906219863646178,0.783423575797737,-0.1876348303023947,-0.02237480947204107,0.36524349566377584,1.0,test,2.646,-2.68
expr_pm_mom_2mx_uncertainty__q95,expr_pm_mom_2mx_uncertainty,alphaforge_interaction,2,0.95,48,81.2877592140439,-0.18712240785956102,0.3176940121012986,0.6458333333333334,-0.38983834970741854,0.7204719495461273,-0.18344693091223963,-0.016427762282771985,0.23300970873786409,1.0,latest72h,2.646,-2.68
expr_pm_mom_2mx_uncertainty__q95,expr_pm_mom_2mx_uncertainty,alphaforge_interaction,2,0.95,1404,6.501846811886853,-0.9349815318811314,0.9568457320223509,0.698005698005698,-0.06659412620235997,0.8385107272717877,-0.27456510201213324,-0.01023218566841022,0.4568245125348189,0.9996722923152548,full,2.646,-2.68
expr_pm_mom_2mx_low_cost__q70,expr_pm_mom_2mx_low_cost,alphaforge_interaction,2,0.7,4403,0.45908561633869976,-0.995409143836613,0.9982805888313218,0.7946854417442653,-0.022607520868421736,0.9009499250702813,-0.4884406300022943,-0.04569495133406576,0.37769902752596013,1.0,train,3.1000000000000005,-3.2000000000000006
expr_pm_mom_2mx_low_cost__q70,expr_pm_mom_2mx_low_cost,alphaforge_interaction,2,0.7,2559,8.109887827817811,-0.9189011217218219,0.9298410819609626,0.7913247362250879,-0.03590860186486208,0.8897742031410989,-0.5089272794678907,-0.03494922979544468,0.40643762508338893,1.0,validation,3.1000000000000005,-3.2000000000000006
expr_pm_mom_2mx_low_cost__q70,expr_pm_mom_2mx_low_cost,alphaforge_interaction,2,0.7,2431,4.695697862385633,-0.9530430213761437,0.9590316583000179,0.7897984368572604,-0.03920374419482281,0.8719497676272011,-0.41461796353934166,-0.06469639193710458,0.3165443629086057,1.0,test,3.1000000000000005,-3.2000000000000006
expr_pm_mom_2mx_low_cost__q70,expr_pm_mom_2mx_low_cost,alphaforge_interaction,2,0.7,326,53.922184732391145,-0.46077815267608857,0.5492007524772933,0.7760736196319018,-0.1413429916184323,0.8038503068876518,-0.41461796353934166,-0.07896952252892353,0.21359223300970873,1.0,latest72h,3.1000000000000005,-3.2000000000000006
expr_pm_mom_2mx_low_cost__q70,expr_pm_mom_2mx_low_cost,alphaforge_interaction,2,0.7,9393,0.001748270697391066,-0.9999825172930261,0.9999891898154438,0.7925050569573087,-0.010646039788065817,0.9008995736889424,-0.5089272794678907,-0.048964720884048685,0.3711289529739472,1.0,full,3.1000000000000005,-3.2000000000000006
expr_pm_mom_2mx_low_cost__q75,expr_pm_mom_2mx_low_cost,alphaforge_interaction,2,0.75,3663,2.1407892980273404,-0.9785921070197265,0.9914722042841093,0.8195468195468195,-0.026715591237229712,0.89740393951664,-0.4081978372187698,-0.01798063528570415,0.43258612164166804,1.0,train,3.925,-4.000000000000001
expr_pm_mom_2mx_low_cost__q75,expr_pm_mom_2mx_low_cost,alphaforge_interaction,2,0.75,2100,13.272794989183792,-0.8672720501081621,0.894732557240544,0.8142857142857143,-0.04129866905276972,0.9023016813120432,-0.4986142064695157,-0.027396866677593334,0.4117745163442295,1.0,validation,3.925,-4.000000000000001
expr_pm_mom_2mx_low_cost__q75,expr_pm_mom_2mx_low_cost,alphaforge_interaction,2,0.75,2029,4.36735789410646,-0.9563264210589354,0.9643827364122396,0.8063085263676688,-0.04713289408866125,0.7937832857153622,-0.37579299671271293,-0.06848193599357993,0.3140426951300867,1.0,test,3.925,-4.000000000000001
expr_pm_mom_2mx_low_cost__q75,expr_pm_mom_2mx_low_cost,alphaforge_interaction,2,0.75,270,72.71962060393729,-0.27280379396062715,0.4177590336688184,0.8111111111111111,-0.10103844220764015,0.8454105911419904,-0.32887437342944625,-0.043851072134968194,0.3925104022191401,1.0,latest72h,3.925,-4.000000000000001
expr_pm_mom_2mx_low_cost__q75,expr_pm_mom_2mx_low_cost,alphaforge_interaction,2,0.75,7792,0.012409523165697527,-0.999875904768343,0.999921103494401,0.8146817248459959,-0.012832082966739485,0.8973593206900359,-0.4986142064695157,-0.031269949052120494,0.3995166311650008,1.0,full,3.925,-4.000000000000001
expr_pm_mom_2mx_low_cost__q80,expr_pm_mom_2mx_low_cost,alphaforge_interaction,2,0.8,2998,12.323332539306856,-0.8767666746069315,0.9289955655708295,0.8455637091394262,-0.02924505252191226,0.8568350547851667,-0.33505332319472114,-0.01716852541317715,0.4447008406131531,1.0,train,4.8,-5.0
expr_pm_mom_2mx_low_cost__q80,expr_pm_mom_2mx_low_cost,alphaforge_interaction,2,0.8,1682,32.33785877330796,-0.6766214122669204,0.7762499712988052,0.8412604042806183,-0.040227194546190635,0.9264714297858084,-0.35045329373106326,-0.011213867153085033,0.4641427618412275,1.0,validation,4.8,-5.0
expr_pm_mom_2mx_low_cost__q80,expr_pm_mom_2mx_low_cost,alphaforge_interaction,2,0.8,1629,7.723789149687561,-0.9227621085031243,0.9346979635492093,0.8268876611418048,-0.056645924401665146,0.7562516821862624,-0.304440969004816,-0.05156214013771909,0.3163775850567045,1.0,test,4.8,-5.0
expr_pm_mom_2mx_low_cost__q80,expr_pm_mom_2mx_low_cost,alphaforge_interaction,2,0.8,219,80.92634049051097,-0.19073659509489038,0.3070447521363062,0.8356164383561644,-0.08709433565976767,0.8525567927122115,-0.19164888251612067,-0.054736278739071054,0.3786407766990291,1.0,latest72h,4.8,-5.0
expr_pm_mom_2mx_low_cost__q80,expr_pm_mom_2mx_low_cost,alphaforge_interaction,2,0.8,6309,0.30780086604961826,-0.9969219913395038,0.9974434981268486,0.839594230464416,-0.015801584899976257,0.8654453414724096,-0.35045329373106326,-0.023632306068152586,0.4191381287891201,1.0,full,4.8,-5.0
expr_pm_mom_2mx_low_cost__q85,expr_pm_mom_2mx_low_cost,alphaforge_interaction,2,0.85,2192,50.268937612713835,-0.4973106238728616,0.7190208382502934,0.8772810218978102,-0.022687528461353103,0.914526692168851,-0.299376608924796,-0.000743089399548702,0.49612658645129387,1.0,train,5.800000000000001,-5.914999999999964
expr_pm_mom_2mx_low_cost__q85,expr_pm_mom_2mx_low_cost,alphaforge_interaction,2,0.85,1187,40.76293505035523,-0.5923706494964477,0.677995955129688,0.8652064026958719,-0.04990485673938051,0.89395405674623,-0.2582576702617462,-0.017749347769509982,0.4042695130086724,1.0,validation,5.800000000000001,-5.914999999999964
expr_pm_mom_2mx_low_cost__q85,expr_pm_mom_2mx_low_cost,alphaforge_interaction,2,0.85,1176,19.20775852079803,-0.8079224147920196,0.8224208157365411,0.8545918367346939,-0.06870088561156608,0.7688929253165498,-0.2819809762583416,-0.028659450125640196,0.34106070713809206,1.0,test,5.800000000000001,-5.914999999999964
expr_pm_mom_2mx_low_cost__q85,expr_pm_mom_2mx_low_cost,alphaforge_interaction,2,0.85,162,76.9882289189153,-0.23011771081084698,0.33325297197989634,0.845679012345679,-0.14204796963632554,0.7492272389785751,-0.20126140982958318,-0.04199233499814259,0.2593619972260749,1.0,latest72h,5.800000000000001,-5.914999999999964
expr_pm_mom_2mx_low_cost__q85,expr_pm_mom_2mx_low_cost,alphaforge_interaction,2,0.85,4555,3.935879928618178,-0.9606412007138182,0.963585053648659,0.8682766190998902,-0.021089817798327446,0.8971770417511068,-0.299376608924796,-0.012264266667762092,0.4355235130263805,1.0,full,5.800000000000001,-5.914999999999964
expr_pm_mom_2mx_low_cost__q90,expr_pm_mom_2mx_low_cost,alphaforge_interaction,2,0.9,1457,78.80564497978263,-0.2119435502021737,0.38816948010689234,0.9039121482498285,-0.014546571736593388,0.9561897716494406,-0.20880476775964962,0.0018033417410956432,0.509807153453107,1.0,train,6.799999999999999,-6.999999999999999
expr_pm_mom_2mx_low_cost__q90,expr_pm_mom_2mx_low_cost,alphaforge_interaction,2,0.9,768,53.08118756917578,-0.4691881243082422,0.5369953414955152,0.8880208333333334,-0.06109220368596857,0.8427069502071023,-0.16280140100458662,-0.012226603876850428,0.4309539693128753,1.0,validation,6.799999999999999,-6.999999999999999
expr_pm_mom_2mx_low_cost__q90,expr_pm_mom_2mx_low_cost,alphaforge_interaction,2,0.9,798,40.45990413750257,-0.5954009586249743,0.6014142630381488,0.8796992481203008,-0.07461164895049711,0.7946446899842076,-0.23519701294289863,-0.013518163873678546,0.39176117411607736,1.0,test,6.799999999999999,-6.999999999999999
expr_pm_mom_2mx_low_cost__q90,expr_pm_mom_2mx_low_cost,alphaforge_interaction,2,0.9,102,76.62443981896298,-0.23375560181037014,0.3384411405917172,0.8529411764705882,-0.22917215863761722,0.5904896867755517,-0.23519701294289863,-0.03673055865561725,0.3828016643550624,1.0,latest72h,6.799999999999999,-6.999999999999999
expr_pm_mom_2mx_low_cost__q90,expr_pm_mom_2mx_low_cost,alphaforge_interaction,2,0.9,3023,16.924771262755563,-0.8307522873724443,0.8438445140441853,0.8934832947403242,-0.02748105482541946,0.901116052491501,-0.23519701294289863,-0.005099993675109382,0.4609618220547272,1.0,full,6.799999999999999,-6.999999999999999
expr_pm_mom_2mx_low_cost__q95,expr_pm_mom_2mx_low_cost,alphaforge_interaction,2,0.95,658,64.95664493057703,-0.35043355069422977,0.4061790318758174,0.9148936170212766,-0.05325737852495937,0.8025475164019841,-0.09931469539737792,-0.0034057116262277143,0.48772045492005933,1.0,train,7.899999999999999,-8.2
expr_pm_mom_2mx_low_cost__q95,expr_pm_mom_2mx_low_cost,alphaforge_interaction,2,0.95,347,81.78664800225755,-0.18213351997742455,0.31664517869826736,0.9164265129682997,-0.052488046103004435,0.8434708246138033,-0.13343960558131607,0.0008266697765557662,0.5016677785190127,0.9941627751834556,validation,7.899999999999999,-8.2
expr_pm_mom_2mx_low_cost__q95,expr_pm_mom_2mx_low_cost,alphaforge_interaction,2,0.95,338,89.77933316648237,-0.10220666833517622,0.24228209240939166,0.9171597633136095,-0.030238659270762035,0.9139554280951735,-0.0922095597064646,0.007771620065053275,0.5315210140093396,1.0,test,7.899999999999999,-8.2
expr_pm_mom_2mx_low_cost__q95,expr_pm_mom_2mx_low_cost,alphaforge_interaction,2,0.95,52,89.6685415439761,-0.10331458456023901,0.1425100824762436,0.8846153846153846,-0.19868189338507522,0.5692163718830434,-0.0922095597064646,-0.0065490781674513165,0.42163661581137307,1.0,latest72h,7.899999999999999,-8.2
expr_pm_mom_2mx_low_cost__q95,expr_pm_mom_2mx_low_cost,alphaforge_interaction,2,0.95,1343,47.69604513044897,-0.5230395486955103,0.5305716938487463,0.9158600148920327,-0.03894561047621093,0.8345670537469201,-0.13343960558131607,0.0009389117230687027,0.5016795018843192,0.9985662788792398,full,7.899999999999999,-8.2
expr_pm_mom_2mx_tight_spread__q70,expr_pm_mom_2mx_tight_spread,alphaforge_interaction,2,0.7,4401,0.471378046671064,-0.9952862195332893,0.9982345500506423,0.7948193592365371,-0.02261500157994286,0.9024542753008971,-0.4884406300022943,-0.045612246217192176,0.3781935058513268,1.0,train,2.7125000000000004,-2.8000000000000007
expr_pm_mom_2mx_tight_spread__q70,expr_pm_mom_2mx_tight_spread,alphaforge_interaction,2,0.7,2559,8.109887827817811,-0.9189011217218219,0.9298410819609626,0.7913247362250879,-0.03590860186486208,0.8897742031410989,-0.5089272794678907,-0.03494922979544468,0.40643762508338893,1.0,validation,2.7125000000000004,-2.8000000000000007
expr_pm_mom_2mx_tight_spread__q70,expr_pm_mom_2mx_tight_spread,alphaforge_interaction,2,0.7,2431,4.695697862385633,-0.9530430213761437,0.9590316583000179,0.7897984368572604,-0.03920374419482281,0.8719497676272011,-0.41461796353934166,-0.06469639193710458,0.3165443629086057,1.0,test,2.7125000000000004,-2.8000000000000007
expr_pm_mom_2mx_tight_spread__q70,expr_pm_mom_2mx_tight_spread,alphaforge_interaction,2,0.7,326,53.922184732391145,-0.46077815267608857,0.5492007524772933,0.7760736196319018,-0.1413429916184323,0.8038503068876518,-0.41461796353934166,-0.07896952252892353,0.21359223300970873,1.0,latest72h,2.7125000000000004,-2.8000000000000007
expr_pm_mom_2mx_tight_spread__q70,expr_pm_mom_2mx_tight_spread,alphaforge_interaction,2,0.7,9391,0.0017950822179113152,-0.9999820491778209,0.9999889003630282,0.7925673517197317,-0.010648302088998154,0.9023971692261097,-0.5089272794678907,-0.04890717953978063,0.3713747337375061,1.0,full,2.7125000000000004,-2.8000000000000007
expr_pm_mom_2mx_tight_spread__q75,expr_pm_mom_2mx_tight_spread,alphaforge_interaction,2,0.75,3664,1.9327282431948343,-0.9806727175680516,0.9922780093178908,0.8190502183406113,-0.026765085086464194,0.8937864171881945,-0.4081978372187698,-0.018805006457491613,0.4290423603098731,1.0,train,3.4125,-3.500000000000001
expr_pm_mom_2mx_tight_spread__q75,expr_pm_mom_2mx_tight_spread,alphaforge_interaction,2,0.75,2101,13.503626206386995,-0.86496373793613,0.892901819105597,0.8143741075678248,-0.04116914507073451,0.9027271093257091,-0.4986142064695157,-0.02724281674381418,0.412108072048032,1.0,validation,3.4125,-3.500000000000001
expr_pm_mom_2mx_tight_spread__q75,expr_pm_mom_2mx_tight_spread,alphaforge_interaction,2,0.75,2029,4.36735789410646,-0.9563264210589354,0.9643827364122396,0.8063085263676688,-0.04713289408866125,0.7937832857153622,-0.37579299671271293,-0.06848193599357993,0.3140426951300867,1.0,test,3.4125,-3.500000000000001
expr_pm_mom_2mx_tight_spread__q75,expr_pm_mom_2mx_tight_spread,alphaforge_interaction,2,0.75,270,72.71962060393729,-0.27280379396062715,0.4177590336688184,0.8111111111111111,-0.10103844220764015,0.8454105911419904,-0.32887437342944625,-0.043851072134968194,0.3925104022191401,1.0,latest72h,3.4125,-3.500000000000001
expr_pm_mom_2mx_tight_spread__q75,expr_pm_mom_2mx_tight_spread,alphaforge_interaction,2,0.75,7794,0.011398297382940263,-0.9998860170261706,0.9999273160912123,0.8144726712856043,-0.012828919900258747,0.8938210553920306,-0.4986142064695157,-0.03168560574600754,0.39783712928068166,1.0,full,3.4125,-3.500000000000001
expr_pm_mom_2mx_tight_spread__q80,expr_pm_mom_2mx_tight_spread,alphaforge_interaction,2,0.8,2998,12.323332539306856,-0.8767666746069315,0.9289955655708295,0.8455637091394262,-0.02924505252191226,0.8568350547851667,-0.33505332319472114,-0.01716852541317715,0.4447008406131531,1.0,train,4.2,-4.375
expr_pm_mom_2mx_tight_spread__q80,expr_pm_mom_2mx_tight_spread,alphaforge_interaction,2,0.8,1682,32.33785877330796,-0.6766214122669204,0.7762499712988052,0.8412604042806183,-0.040227194546190635,0.9264714297858084,-0.35045329373106326,-0.011213867153085033,0.4641427618412275,1.0,validation,4.2,-4.375
expr_pm_mom_2mx_tight_spread__q80,expr_pm_mom_2mx_tight_spread,alphaforge_interaction,2,0.8,1629,7.723789149687561,-0.9227621085031243,0.9346979635492093,0.8268876611418048,-0.056645924401665146,0.7562516821862624,-0.304440969004816,-0.05156214013771909,0.3163775850567045,1.0,test,4.2,-4.375
expr_pm_mom_2mx_tight_spread__q80,expr_pm_mom_2mx_tight_spread,alphaforge_interaction,2,0.8,219,80.92634049051097,-0.19073659509489038,0.3070447521363062,0.8356164383561644,-0.08709433565976767,0.8525567927122115,-0.19164888251612067,-0.054736278739071054,0.3786407766990291,1.0,latest72h,4.2,-4.375
expr_pm_mom_2mx_tight_spread__q80,expr_pm_mom_2mx_tight_spread,alphaforge_interaction,2,0.8,6309,0.30780086604961826,-0.9969219913395038,0.9974434981268486,0.839594230464416,-0.015801584899976257,0.8654453414724096,-0.35045329373106326,-0.023632306068152586,0.4191381287891201,1.0,full,4.2,-4.375
expr_pm_mom_2mx_tight_spread__q85,expr_pm_mom_2mx_tight_spread,alphaforge_interaction,2,0.85,2194,53.90121320247441,-0.4609878679752559,0.7190208382502934,0.877848678213309,-0.021011297537614063,0.9218054964860581,-0.299376608924796,-0.0006151182293064883,0.49719795615625517,1.0,train,5.075000000000001,-5.1625000000000005
expr_pm_mom_2mx_tight_spread__q85,expr_pm_mom_2mx_tight_spread,alphaforge_interaction,2,0.85,1190,37.9089697514566,-0.620910302485434,0.7005406607312258,0.8638655462184874,-0.0521773363433137,0.885136673008859,-0.2582576702617462,-0.02106931796131062,0.38108739159439625,1.0,validation,5.075000000000001,-5.1625000000000005
expr_pm_mom_2mx_tight_spread__q85,expr_pm_mom_2mx_tight_spread,alphaforge_interaction,2,0.85,1176,19.20775852079803,-0.8079224147920196,0.8224208157365411,0.8545918367346939,-0.06870088561156608,0.7688929253165498,-0.2819809762583416,-0.028659450125640196,0.34106070713809206,1.0,test,5.075000000000001,-5.1625000000000005
expr_pm_mom_2mx_tight_spread__q85,expr_pm_mom_2mx_tight_spread,alphaforge_interaction,2,0.85,162,76.9882289189153,-0.23011771081084698,0.33325297197989634,0.845679012345679,-0.14204796963632554,0.7492272389785751,-0.20126140982958318,-0.04199233499814259,0.2593619972260749,1.0,latest72h,5.075000000000001,-5.1625000000000005
expr_pm_mom_2mx_tight_spread__q85,expr_pm_mom_2mx_tight_spread,alphaforge_interaction,2,0.85,4560,3.924797094020513,-0.9607520290597948,0.9636875925559971,0.8682017543859649,-0.021069123444293635,0.8991170656156616,-0.299376608924796,-0.012865224681060106,0.43036211699164345,1.0,full,5.075000000000001,-5.1625000000000005
expr_pm_mom_2mx_tight_spread__q90,expr_pm_mom_2mx_tight_spread,alphaforge_interaction,2,0.9,1455,81.54519710732066,-0.18454802892679334,0.36690017125349955,0.90446735395189,-0.012683713328301363,0.9625184883552224,-0.17873863300048365,0.0018033417410956432,0.509807153453107,1.0,train,5.949999999999999,-6.124999999999999
expr_pm_mom_2mx_tight_spread__q90,expr_pm_mom_2mx_tight_spread,alphaforge_interaction,2,0.9,768,53.08118756917578,-0.4691881243082422,0.5369953414955152,0.8880208333333334,-0.06109220368596857,0.8427069502071023,-0.16280140100458662,-0.012226603876850428,0.4309539693128753,1.0,validation,5.949999999999999,-6.124999999999999
expr_pm_mom_2mx_tight_spread__q90,expr_pm_mom_2mx_tight_spread,alphaforge_interaction,2,0.9,798,40.45990413750257,-0.5954009586249743,0.6014142630381488,0.8796992481203008,-0.07461164895049711,0.7946446899842076,-0.23519701294289863,-0.013518163873678546,0.39176117411607736,1.0,test,5.949999999999999,-6.124999999999999
expr_pm_mom_2mx_tight_spread__q90,expr_pm_mom_2mx_tight_spread,alphaforge_interaction,2,0.9,102,76.62443981896298,-0.23375560181037014,0.3384411405917172,0.8529411764705882,-0.22917215863761722,0.5904896867755517,-0.23519701294289863,-0.03673055865561725,0.3828016643550624,1.0,latest72h,5.949999999999999,-6.124999999999999
expr_pm_mom_2mx_tight_spread__q90,expr_pm_mom_2mx_tight_spread,alphaforge_interaction,2,0.9,3021,17.513133849380843,-0.8248686615061915,0.8384160184854376,0.8937437934458788,-0.027304490615894635,0.9042087873456044,-0.23519701294289863,-0.005099993675109382,0.4609618220547272,1.0,full,5.949999999999999,-6.124999999999999
expr_pm_mom_2mx_tight_spread__q95,expr_pm_mom_2mx_tight_spread,alphaforge_interaction,2,0.95,656,64.59159744555147,-0.35408402554448526,0.40743979826249344,0.9146341463414634,-0.05397622340617184,0.8001231343379974,-0.09931469539737792,-0.0034186689881702814,0.48772045492005933,1.0,train,6.912499999999999,-7.174999999999999
expr_pm_mom_2mx_tight_spread__q95,expr_pm_mom_2mx_tight_spread,alphaforge_interaction,2,0.95,347,81.78664800225755,-0.18213351997742455,0.31664517869826736,0.9164265129682997,-0.052488046103004435,0.8434708246138033,-0.13343960558131607,0.0008266697765557662,0.5016677785190127,0.9941627751834556,validation,6.912499999999999,-7.174999999999999
expr_pm_mom_2mx_tight_spread__q95,expr_pm_mom_2mx_tight_spread,alphaforge_interaction,2,0.95,338,89.77933316648237,-0.10220666833517622,0.24228209240939166,0.9171597633136095,-0.030238659270762035,0.9139554280951735,-0.0922095597064646,0.007771620065053275,0.5315210140093396,1.0,test,6.912499999999999,-7.174999999999999
expr_pm_mom_2mx_tight_spread__q95,expr_pm_mom_2mx_tight_spread,alphaforge_interaction,2,0.95,52,89.6685415439761,-0.10331458456023901,0.1425100824762436,0.8846153846153846,-0.19868189338507522,0.5692163718830434,-0.0922095597064646,-0.0065490781674513165,0.42163661581137307,1.0,latest72h,6.912499999999999,-7.174999999999999
expr_pm_mom_2mx_tight_spread__q95,expr_pm_mom_2mx_tight_spread,alphaforge_interaction,2,0.95,1341,47.42799986211444,-0.5257200013788557,0.5332098169036452,0.9157345264727815,-0.039203579521167695,0.833135670460322,-0.13343960558131607,0.0009389117230687027,0.5016795018843192,0.9985662788792398,full,6.912499999999999,-7.174999999999999
expr_pm_mom_2mx_depth_z__q70,expr_pm_mom_2mx_depth_z,alphaforge_interaction,2,0.7,4301,6.265037124731087e-06,-0.9999999373496288,0.9999999506053772,0.5635898628225994,-0.02325040542547381,0.8189418433562925,-0.7497259089441751,-0.19309814253600066,0.26157903411900446,1.0,train,1.193373118196697,-1.0869320329205738
expr_pm_mom_2mx_depth_z__q70,expr_pm_mom_2mx_depth_z,alphaforge_interaction,2,0.7,2529,0.041609841529571145,-0.9995839015847043,0.999742356232118,0.5543693159351523,-0.03952486759923703,0.6652778449163586,-0.76150483317197,-0.18091193884106727,0.3187124749833222,1.0,validation,1.193373118196697,-1.0869320329205738
expr_pm_mom_2mx_depth_z__q70,expr_pm_mom_2mx_depth_z,alphaforge_interaction,2,0.7,2649,0.13000515300419963,-0.998699948469958,0.9998377871252769,0.5300113250283126,-0.03770101730728429,0.8649686009830344,-0.6928543669785134,-0.18092493408483368,0.30770513675783856,1.0,test,1.193373118196697,-1.0869320329205738
expr_pm_mom_2mx_depth_z__q70,expr_pm_mom_2mx_depth_z,alphaforge_interaction,2,0.7,368,235.49015126266605,1.3549015126266606,0.6692602926965809,0.5407608695652174,0.3681797588659399,1.1873642292041926,-0.641130261122659,0.10899832524540631,0.6421636615811374,1.0,latest72h,1.193373118196697,-1.0869320329205738
expr_pm_mom_2mx_depth_z__q70,expr_pm_mom_2mx_depth_z,alphaforge_interaction,2,0.7,9479,3.389067957404869e-12,-0.9999999999999661,0.9999999999999936,0.5517459647642157,-0.010549636037556348,0.8189418381525646,-0.76150483317197,-0.18339190540524264,0.2902261183024742,1.0,full,1.193373118196697,-1.0869320329205738
expr_pm_mom_2mx_depth_z__q75,expr_pm_mom_2mx_depth_z,alphaforge_interaction,2,0.75,3511,2.8322610220685676e-05,-0.9999997167738978,0.9999997945904019,0.5679293648533181,-0.02848190591779825,0.7265515071492098,-0.71468201325343,-0.17949633329495668,0.2427888577550684,1.0,train,1.7251328744863013,-1.649834487662572
expr_pm_mom_2mx_depth_z__q75,expr_pm_mom_2mx_depth_z,alphaforge_interaction,2,0.75,2035,0.20215683886068758,-0.9979784316113931,0.9988374602661769,0.5641277641277641,-0.04904070917009312,0.6665183249370806,-0.6528169306892334,-0.14630571204060472,0.32254836557705135,1.0,validation,1.7251328744863013,-1.649834487662572
expr_pm_mom_2mx_depth_z__q75,expr_pm_mom_2mx_depth_z,alphaforge_interaction,2,0.75,2201,0.8798704416938024,-0.991201295583062,0.9988292568730895,0.5361199454793276,-0.0450341342836468,0.9242755829531334,-0.6082865028840342,-0.14725433662738402,0.3357238158772515,1.0,test,1.7251328744863013,-1.649834487662572
expr_pm_mom_2mx_depth_z__q75,expr_pm_mom_2mx_depth_z,alphaforge_interaction,2,0.75,299,213.80509535989142,1.1380509535989143,0.6438000697182735,0.5451505016722408,0.38061904802639257,1.152694842725059,-0.6029400472742943,0.025606331939009852,0.5187239944521498,1.0,latest72h,1.7251328744863013,-1.649834487662572
expr_pm_mom_2mx_depth_z__q75,expr_pm_mom_2mx_depth_z,alphaforge_interaction,2,0.75,7747,5.037794428188139e-10,-0.9999999999949623,0.999999999998752,0.5578933780818381,-0.012908222537691506,0.7265514936405061,-0.71468201325343,-0.16227097161212956,0.291536949041455,1.0,full,1.7251328744863013,-1.649834487662572
expr_pm_mom_2mx_depth_z__q80,expr_pm_mom_2mx_depth_z,alphaforge_interaction,2,0.8,2730,0.0006513459282741005,-0.9999934865407173,0.9999941760562658,0.591941391941392,-0.03662979804178451,0.6955825691952296,-0.7205009974208536,-0.14266294863880435,0.2638041865831548,1.0,train,2.4413306526179532,-2.3474581384393165
expr_pm_mom_2mx_depth_z__q80,expr_pm_mom_2mx_depth_z,alphaforge_interaction,2,0.8,1579,0.6731976678631425,-0.9932680233213685,0.9951707439894998,0.5718809373020899,-0.06290487798108736,0.6921299486106192,-0.6061141065638175,-0.13563277766293058,0.3190460306871247,1.0,validation,2.4413306526179532,-2.3474581384393165
expr_pm_mom_2mx_depth_z__q80,expr_pm_mom_2mx_depth_z,alphaforge_interaction,2,0.8,1748,2.6167238639678425,-0.9738327613603216,0.9957621649738211,0.5451945080091534,-0.055711256370728116,0.9191840746448929,-0.5915915933980944,-0.13702599710447794,0.37141427618412276,1.0,test,2.4413306526179532,-2.3474581384393165
expr_pm_mom_2mx_depth_z__q80,expr_pm_mom_2mx_depth_z,alphaforge_interaction,2,0.8,230,173.77288627625765,0.7377288627625764,0.7021755377713883,0.5608695652173913,0.32075167946198857,1.1519000435556925,-0.5417474759423365,-0.02208127731202958,0.47295423023578365,1.0,latest72h,2.4413306526179532,-2.3474581384393165
expr_pm_mom_2mx_depth_z__q80,expr_pm_mom_2mx_depth_z,alphaforge_interaction,2,0.8,6057,1.1473930118358538e-07,-0.999999998852607,0.9999999996646719,0.573221066534588,-0.016509823325946957,0.6955825830741073,-0.7205009974208536,-0.13758415128227802,0.3064066852367688,1.0,full,2.4413306526179532,-2.3474581384393165
expr_pm_mom_2mx_depth_z__q85,expr_pm_mom_2mx_depth_z,alphaforge_interaction,2,0.85,1967,0.17021918049576362,-0.9982978081950423,0.9985924936945316,0.621250635485511,-0.050752303416118076,0.767742658354092,-0.649368214456558,-0.08994091327580966,0.31053238833031155,1.0,train,3.552544119806199,-3.405106997094288
expr_pm_mom_2mx_depth_z__q85,expr_pm_mom_2mx_depth_z,alphaforge_interaction,2,0.85,1078,6.794480743377808,-0.9320551925662219,0.9577589944587012,0.5844155844155844,-0.08646152064621733,0.8615076592883402,-0.4754274304730093,-0.10493073334951175,0.3363909272848566,1.0,validation,3.552544119806199,-3.405106997094288
expr_pm_mom_2mx_depth_z__q85,expr_pm_mom_2mx_depth_z,alphaforge_interaction,2,0.85,1305,7.284435268997086,-0.9271556473100291,0.9835182864503051,0.5563218390804597,-0.07104640975555776,0.8805436305317026,-0.616357693240132,-0.08305191758334562,0.36490993995997334,1.0,test,3.552544119806199,-3.405106997094288
expr_pm_mom_2mx_depth_z__q85,expr_pm_mom_2mx_depth_z,alphaforge_interaction,2,0.85,174,128.32806837030486,0.2832806837030486,0.6414239899634078,0.5632183908045977,0.16280499063393492,1.100163959402491,-0.45170045789523716,-0.08956718495256677,0.33980582524271846,1.0,latest72h,3.552544119806199,-3.405106997094288
expr_pm_mom_2mx_depth_z__q85,expr_pm_mom_2mx_depth_z,alphaforge_interaction,2,0.85,4350,0.0008424820487098704,-0.9999915751795129,0.9999973722182125,0.5926436781609196,-0.02298831207309226,0.7680153369404619,-0.649368214456558,-0.09067359553447718,0.3328690807799443,1.0,full,3.552544119806199,-3.405106997094288
expr_pm_mom_2mx_depth_z__q90,expr_pm_mom_2mx_depth_z,alphaforge_interaction,2,0.9,1194,1.4363080690257728,-0.9856369193097423,0.9906087601814291,0.6532663316582915,-0.08254915572108391,0.743258933346412,-0.48043394822981833,-0.06223922044418484,0.3114389319268172,1.0,train,5.231371301870178,-5.016382703781994
expr_pm_mom_2mx_depth_z__q90,expr_pm_mom_2mx_depth_z,alphaforge_interaction,2,0.9,631,20.970051693454884,-0.7902994830654512,0.8560893854771356,0.5752773375594294,-0.1252455599152853,0.8579572167988972,-0.3930127634868702,-0.06910191949130096,0.3752501667778519,1.0,validation,5.231371301870178,-5.016382703781994
expr_pm_mom_2mx_depth_z__q90,expr_pm_mom_2mx_depth_z,alphaforge_interaction,2,0.9,827,5.823491035618294,-0.9417650896438171,0.9802751639792106,0.558645707376058,-0.11387727807059451,0.7293351008312496,-0.5163804208684932,-0.09548859488841754,0.28885923949299536,1.0,test,5.231371301870178,-5.016382703781994
expr_pm_mom_2mx_depth_z__q90,expr_pm_mom_2mx_depth_z,alphaforge_interaction,2,0.9,109,117.68731655280756,0.17687316552807553,0.5422606563491777,0.5871559633027523,0.16226895920006923,1.1138511917897196,-0.3371409109459985,-0.050341337784264195,0.3300970873786408,1.0,latest72h,5.231371301870178,-5.016382703781994
expr_pm_mom_2mx_depth_z__q90,expr_pm_mom_2mx_depth_z,alphaforge_interaction,2,0.9,2652,0.017540037301755247,-0.9998245996269824,0.9999397495207648,0.6052036199095022,-0.03770077675818183,0.7455544400500871,-0.5163804208684932,-0.0672250417017296,0.32213665410453873,1.0,full,5.231371301870178,-5.016382703781994
expr_pm_mom_2mx_depth_z__q95,expr_pm_mom_2mx_depth_z,alphaforge_interaction,2,0.95,479,13.79252454896895,-0.8620747545103105,0.8899890044362633,0.7077244258872651,-0.17997385271613994,0.64591233693269,-0.31878448924484315,-0.024103831275395504,0.3609691775177188,0.989039063787704,train,8.369952133462588,-8.216839313037124
expr_pm_mom_2mx_depth_z__q95,expr_pm_mom_2mx_depth_z,alphaforge_interaction,2,0.95,234,34.584542692374356,-0.6541545730762565,0.7173490410405529,0.5683760683760684,-0.2795532363573743,0.7585704449203524,-0.2875058324164187,-0.03829230769230785,0.34523015343562374,1.0,validation,8.369952133462588,-8.216839313037124
expr_pm_mom_2mx_depth_z__q95,expr_pm_mom_2mx_depth_z,alphaforge_interaction,2,0.95,375,23.40781686503595,-0.7659218313496405,0.8269034388141934,0.5653333333333334,-0.20424582169323693,0.8156735729318185,-0.3912481427324531,-0.03589071383258979,0.3672448298865911,0.9884923282188125,test,8.369952133462588,-8.216839313037124
expr_pm_mom_2mx_depth_z__q95,expr_pm_mom_2mx_depth_z,alphaforge_interaction,2,0.95,53,94.346614157284,-0.05653385842716008,0.29499196468153877,0.6226415094339622,-0.10666765740973595,0.9300997678711922,-0.2679228068355233,0.007815997571802624,0.6671289875173371,1.0,latest72h,8.369952133462588,-8.216839313037124
expr_pm_mom_2mx_depth_z__q95,expr_pm_mom_2mx_depth_z,alphaforge_interaction,2,0.95,1088,1.1165719514288492,-0.9888342804857115,0.9914178229092213,0.6286764705882353,-0.09088550372111316,0.6711071296112253,-0.3912481427324531,-0.02962576834597319,0.35802064558413893,0.9917253809601835,full,8.369952133462588,-8.216839313037124
expr_prior_up_2mx_path_eff__q70,expr_prior_up_2mx_path_eff,alphaforge_interaction,2,0.7,4329,8.299836434648553,-0.9170016356535144,0.9693159785496351,0.8045738045738046,-0.021182758966355058,0.922985317964135,-0.4383495024504047,-0.011768602473888279,0.46934234382726225,1.0,train,0.02223852104230702,-0.02383962059694284
expr_prior_up_2mx_path_eff__q70,expr_prior_up_2mx_path_eff,alphaforge_interaction,2,0.7,2561,2.0889053520978895,-0.9791109464790211,0.9834595025530648,0.7813354158531823,-0.03823158713311285,0.8716047235516613,-0.461160979210687,-0.07450522112006897,0.32505003335557037,1.0,validation,0.02223852104230702,-0.02383962059694284
expr_prior_up_2mx_path_eff__q70,expr_prior_up_2mx_path_eff,alphaforge_interaction,2,0.7,2479,7.193671196990279,-0.9280632880300972,0.9509119032365291,0.7878176684146834,-0.037437002340867144,0.9101662044181567,-0.40995086173300976,-0.07461849212415184,0.3587391594396264,1.0,test,0.02223852104230702,-0.02383962059694284
expr_prior_up_2mx_path_eff__q70,expr_prior_up_2mx_path_eff,alphaforge_interaction,2,0.7,335,44.983185696483645,-0.5501681430351635,0.6336500235023941,0.7611940298507462,-0.16422929642840814,0.7491629820922403,-0.37527216163533406,-0.15894364223178958,0.1622746185852982,1.0,latest72h,0.02223852104230702,-0.02383962059694284
expr_prior_up_2mx_path_eff__q70,expr_prior_up_2mx_path_eff,alphaforge_interaction,2,0.7,9369,0.012472079771649658,-0.9998752792022835,0.9999065561819174,0.7937880243355747,-0.010672166498049737,0.9203773772940578,-0.461160979210687,-0.042467881126755425,0.40590693101753234,1.0,full,0.02223852104230702,-0.02383962059694284
expr_prior_up_2mx_path_eff__q75,expr_prior_up_2mx_path_eff,alphaforge_interaction,2,0.75,3597,19.883123261880694,-0.801168767381193,0.9257183404293469,0.8270781206561023,-0.022273249023664,0.9289673973001287,-0.34750558147755994,-0.013834612919846223,0.46035932091643317,1.0,train,0.03714099126819902,-0.03919462971002877
expr_prior_up_2mx_path_eff__q75,expr_prior_up_2mx_path_eff,alphaforge_interaction,2,0.75,2073,3.895785894515181,-0.9610421410548482,0.9696974067740975,0.8017366136034733,-0.046359968212969074,0.8360909614528768,-0.3736240215126062,-0.07081165211427531,0.28402268178785856,1.0,validation,0.03714099126819902,-0.03919462971002877
expr_prior_up_2mx_path_eff__q75,expr_prior_up_2mx_path_eff,alphaforge_interaction,2,0.75,2126,10.783318394727912,-0.8921668160527209,0.9118761721391202,0.8052681091251176,-0.04196457272120043,0.9066375988187505,-0.37190965933333886,-0.05267193495753708,0.3802535023348899,1.0,test,0.03714099126819902,-0.03919462971002877
expr_prior_up_2mx_path_eff__q75,expr_prior_up_2mx_path_eff,alphaforge_interaction,2,0.75,294,49.3379741206692,-0.506620258793308,0.6254851186965507,0.7755102040816326,-0.17231981591609202,0.7294328271583923,-0.37190965933333886,-0.14762744892802282,0.17891816920943135,1.0,latest72h,0.03714099126819902,-0.03919462971002877
expr_prior_up_2mx_path_eff__q75,expr_prior_up_2mx_path_eff,alphaforge_interaction,2,0.75,7796,0.08352800606701868,-0.9991647199393298,0.9994709219559397,0.814391995895331,-0.012816376602608147,0.9201862810414116,-0.3736240215126062,-0.03602528445576836,0.39726364083237753,1.0,full,0.03714099126819902,-0.03919462971002877
expr_prior_up_2mx_path_eff__q80,expr_prior_up_2mx_path_eff,alphaforge_interaction,2,0.8,2840,31.721062880726674,-0.6827893711927333,0.8354543396944234,0.8492957746478873,-0.024041879267349648,0.9154263554372793,-0.287989352416991,-0.0036539436890811183,0.48022086698533045,0.9948079775836492,train,0.05634889493140846,-0.05881600415675426
expr_prior_up_2mx_path_eff__q80,expr_prior_up_2mx_path_eff,alphaforge_interaction,2,0.8,1624,14.438055753068657,-0.8556194424693134,0.8778227220564365,0.8275862068965517,-0.05268592626042579,0.8502221422111945,-0.37599683557426344,-0.04076056780485726,0.32771847898599066,1.0,validation,0.05634889493140846,-0.05881600415675426
expr_prior_up_2mx_path_eff__q80,expr_prior_up_2mx_path_eff,alphaforge_interaction,2,0.8,1710,23.749597068380687,-0.7625040293161931,0.8300810827034739,0.8280701754385965,-0.04459087890737952,0.913487576652382,-0.3074828132645233,-0.024481736141490518,0.41861240827218144,1.0,test,0.05634889493140846,-0.05881600415675426
expr_prior_up_2mx_path_eff__q80,expr_prior_up_2mx_path_eff,alphaforge_interaction,2,0.8,237,54.80894291340404,-0.45191057086595965,0.5206779987387284,0.7932489451476793,-0.19067956576622877,0.7016184807001615,-0.26391419043335507,-0.12307998867325565,0.1289875173370319,1.0,latest72h,0.05634889493140846,-0.05881600415675426
expr_prior_up_2mx_path_eff__q80,expr_prior_up_2mx_path_eff,alphaforge_interaction,2,0.8,6174,1.0877089228596648,-0.9891229107714034,0.9909022636881663,0.8377065111758989,-0.01602077924799807,0.9038666330209362,-0.37599683557426344,-0.02078952393136846,0.42458626904800917,0.9974193019826315,full,0.05634889493140846,-0.05881600415675426
expr_prior_up_2mx_path_eff__q85,expr_prior_up_2mx_path_eff,alphaforge_interaction,2,0.85,2087,68.34219568925826,-0.31657804310741744,0.6871576547717204,0.8730234786775275,-0.015169048543718994,0.9509513211577332,-0.20725902483111747,0.0011685997401822412,0.5079116532058678,0.9948079775836492,train,0.08349928990019824,-0.08651018827197515
expr_prior_up_2mx_path_eff__q85,expr_prior_up_2mx_path_eff,alphaforge_interaction,2,0.85,1137,38.90012806239161,-0.610998719376084,0.6231545881971152,0.8557607739665787,-0.05373779414037674,0.847863554213499,-0.27834532662791633,-0.01844055331063771,0.42378252168112074,1.0,validation,0.08349928990019824,-0.08651018827197515
expr_prior_up_2mx_path_eff__q85,expr_prior_up_2mx_path_eff,alphaforge_interaction,2,0.85,1273,33.44066215676867,-0.6655933784323134,0.6986828843991585,0.8468185388845247,-0.05228541857284414,0.8773591501862731,-0.2691186124965794,-0.013242612882717608,0.45030020013342226,1.0,test,0.08349928990019824,-0.08651018827197515
expr_prior_up_2mx_path_eff__q85,expr_prior_up_2mx_path_eff,alphaforge_interaction,2,0.85,182,72.62762089075846,-0.2737237910924154,0.34273863979389,0.8241758241758241,-0.15039768741341533,0.7591990194896777,-0.2550612915798294,-0.05444539071238208,0.26629680998613037,1.0,latest72h,0.08349928990019824,-0.08651018827197515
expr_prior_up_2mx_path_eff__q85,expr_prior_up_2mx_path_eff,alphaforge_interaction,2,0.85,4497,8.890267465389472,-0.9110973253461052,0.9147807461543873,0.8612408272181454,-0.020260113972561767,0.914385813180038,-0.27834532662791633,-0.0070791649260394385,0.46808946419793546,0.9974193019826315,full,0.08349928990019824,-0.08651018827197515
expr_prior_up_2mx_path_eff__q90,expr_prior_up_2mx_path_eff,alphaforge_interaction,2,0.9,1340,57.43213646617688,-0.42567863533823125,0.6702910708677977,0.8835820895522388,-0.031767062338673754,0.8802585818297368,-0.2279869159723844,0.0014386045805514502,0.5068402835009066,0.9948079775836492,train,0.11850517657166522,-0.12291182356763279
expr_prior_up_2mx_path_eff__q90,expr_prior_up_2mx_path_eff,alphaforge_interaction,2,0.9,684,91.18683182536259,-0.08813168174637409,0.3638559173283732,0.8859649122807017,-0.012884748793329598,0.9685610962367114,-0.16258748086219743,0.0015512428008268575,0.5130086724482988,1.0,validation,0.11850517657166522,-0.12291182356763279
expr_prior_up_2mx_path_eff__q90,expr_prior_up_2mx_path_eff,alphaforge_interaction,2,0.9,865,59.92569520053732,-0.4007430479946268,0.5132638942354942,0.8670520231213873,-0.04632867606874243,0.8976631160741443,-0.2897498750374483,-0.0020788017977678708,0.48599066044029354,1.0,test,0.11850517657166522,-0.12291182356763279
expr_prior_up_2mx_path_eff__q90,expr_prior_up_2mx_path_eff,alphaforge_interaction,2,0.9,129,79.46185431181858,-0.2053814568818142,0.26238367228605874,0.8372093023255814,-0.159210431691329,0.7380300671032634,-0.1750833649709026,-0.036224462918877265,0.21497919556171982,1.0,latest72h,0.11850517657166522,-0.12291182356763279
expr_prior_up_2mx_path_eff__q90,expr_prior_up_2mx_path_eff,alphaforge_interaction,2,0.9,2889,31.383413586920405,-0.6861658641307959,0.6931418901899381,0.8791969539633091,-0.023750981797535115,0.9049071738262888,-0.2897498750374483,0.00015004843294419423,0.5015975749631328,0.9974193019826315,full,0.11850517657166522,-0.12291182356763279
expr_prior_up_2mx_path_eff__q95,expr_prior_up_2mx_path_eff,alphaforge_interaction,2,0.95,600,152.27971000884912,0.5227971000884912,0.1815679815106035,0.9183333333333333,0.08713285001474895,1.209007195108271,-0.15980199484875168,0.007316289094022599,0.7044667875391462,0.9718147354540959,train,0.1768970259332957,-0.1817205917105384
expr_prior_up_2mx_path_eff__q95,expr_prior_up_2mx_path_eff,alphaforge_interaction,2,0.95,275,114.82484966572694,0.14824849665726947,0.16251955429323717,0.9127272727272727,0.05390854423900751,1.1340721292668765,-0.07924038277511958,0.006631647848718725,0.6692795196797865,0.9696464309539693,validation,0.1768970259332957,-0.1817205917105384
expr_prior_up_2mx_path_eff__q95,expr_prior_up_2mx_path_eff,alphaforge_interaction,2,0.95,438,104.40513424266618,0.044051342426661755,0.29889350969914086,0.8926940639269406,0.010057384115676552,1.0221145317305445,-0.15028273510502665,0.010665383363167802,0.5983989326217478,1.0,test,0.1768970259332957,-0.1817205917105384
expr_prior_up_2mx_path_eff__q95,expr_prior_up_2mx_path_eff,alphaforge_interaction,2,0.95,71,106.13120399821308,0.06131203998213075,0.13684457765766705,0.9014084507042254,0.0863549858903244,1.191577702187584,-0.07535530517793165,0.01833279693995471,0.7309292649098474,1.0,latest72h,0.1768970259332957,-0.1817205917105384
expr_prior_up_2mx_path_eff__q95,expr_prior_up_2mx_path_eff,alphaforge_interaction,2,0.95,1313,182.55754328233337,0.8255754328233338,0.2988935096991411,0.9086062452399086,0.06287703220284403,1.1076622863064771,-0.15980199484875168,0.007325673521812792,0.6670899557594625,0.978535146649189,full,0.1768970259332957,-0.1817205917105384
expr_prior_up_2mx_uncertainty__q70,expr_prior_up_2mx_uncertainty,alphaforge_interaction,2,0.7,4563,0.10420156027127483,-0.9989579843972872,0.9997106571412879,0.7394258163488933,-0.021892570335246216,0.8731670652596659,-0.5344696348401582,-0.07193037608486907,0.3505027196307895,1.0,train,0.08295,-0.08579999999999999
expr_prior_up_2mx_uncertainty__q70,expr_prior_up_2mx_uncertainty,alphaforge_interaction,2,0.7,2702,2.2312456457092966,-0.977687543542907,0.984538091238418,0.7376017764618801,-0.03618384691128448,0.9066058329016613,-0.5327103921387477,-0.0873238061495728,0.3258839226150767,1.0,validation,0.08295,-0.08579999999999999
expr_prior_up_2mx_uncertainty__q70,expr_prior_up_2mx_uncertainty,alphaforge_interaction,2,0.7,2509,1.5557883778871835,-0.9844421162211282,0.9867090074581758,0.738939816660024,-0.0392364334882873,0.8836237286848625,-0.4203863741503223,-0.1091992898623248,0.26100733822548366,1.0,test,0.08295,-0.08579999999999999
expr_prior_up_2mx_uncertainty__q70,expr_prior_up_2mx_uncertainty,alphaforge_interaction,2,0.7,327,38.24118518213882,-0.6175881481786119,0.6390656668396283,0.7186544342507645,-0.18886487711884178,0.7260935470011425,-0.4203863741503223,-0.16064107791298254,0.18030513176144244,1.0,latest72h,0.08295,-0.08579999999999999
expr_prior_up_2mx_uncertainty__q70,expr_prior_up_2mx_uncertainty,alphaforge_interaction,2,0.7,9774,3.61719674006093e-05,-0.999999638280326,0.9999997216751044,0.7387968078575813,-0.01023122200000331,0.8732135723823649,-0.5344696348401582,-0.086490710690169,0.32422579059478945,1.0,full,0.08295,-0.08579999999999999
expr_prior_up_2mx_uncertainty__q75,expr_prior_up_2mx_uncertainty,alphaforge_interaction,2,0.75,3735,0.1921231726054641,-0.9980787682739454,0.9992204518991762,0.7373493975903614,-0.026722323113090793,0.8693342228996748,-0.4916178953932082,-0.06454464682430544,0.3488544585462337,1.0,train,0.09855,-0.09855
expr_prior_up_2mx_uncertainty__q75,expr_prior_up_2mx_uncertainty,alphaforge_interaction,2,0.75,2289,2.9859258463478544,-0.9701407415365214,0.9789308005234147,0.7378768020969856,-0.04238273226459242,0.9019102208582834,-0.5285324767746284,-0.07218708711657562,0.3230486991327552,1.0,validation,0.09855,-0.09855
expr_prior_up_2mx_uncertainty__q75,expr_prior_up_2mx_uncertainty,alphaforge_interaction,2,0.75,2069,2.8078140684989097,-0.9719218593150108,0.9798739644852363,0.736104398260029,-0.04697544027622103,0.8460774000739076,-0.39719019583307724,-0.09037895290277992,0.302368245496998,1.0,test,0.09855,-0.09855
expr_prior_up_2mx_uncertainty__q75,expr_prior_up_2mx_uncertainty,alphaforge_interaction,2,0.75,277,55.740854571594355,-0.44259145428405644,0.5746263709552288,0.7328519855595668,-0.159780308405797,0.7836656815761716,-0.39719019583307724,-0.06404294361612928,0.40499306518723993,1.0,latest72h,0.09855,-0.09855
expr_prior_up_2mx_uncertainty__q75,expr_prior_up_2mx_uncertainty,alphaforge_interaction,2,0.75,8093,0.00016107461928199063,-0.9999983892538071,0.999999023710946,0.737180279253676,-0.012356337442898841,0.8694139552765062,-0.5285324767746284,-0.07210060351122316,0.33168114042274294,1.0,full,0.09855,-0.09855
expr_prior_up_2mx_uncertainty__q80,expr_prior_up_2mx_uncertainty,alphaforge_interaction,2,0.8,3120,0.984734630420493,-0.9901526536957951,0.9952719908973191,0.7423076923076923,-0.03173566197742935,0.8672648743364525,-0.47585623890862694,-0.054020533124637615,0.3650898302291083,1.0,train,0.10695,-0.10695
expr_prior_up_2mx_uncertainty__q80,expr_prior_up_2mx_uncertainty,alphaforge_interaction,2,0.8,1957,7.222556608606736,-0.9277744339139327,0.9528734044202639,0.7445068983137455,-0.047407993557176,0.908272545196496,-0.4872083036735182,-0.05057743723391389,0.37458305537024683,1.0,validation,0.10695,-0.10695
expr_prior_up_2mx_uncertainty__q80,expr_prior_up_2mx_uncertainty,alphaforge_interaction,2,0.8,1732,6.37866211866944,-0.9362133788133056,0.9512698083308433,0.7396073903002309,-0.054053890231715376,0.8570019583482149,-0.39187711770859746,-0.06379067583025066,0.35607071380920613,1.0,test,0.10695,-0.10695
expr_prior_up_2mx_uncertainty__q80,expr_prior_up_2mx_uncertainty,alphaforge_interaction,2,0.8,231,69.1289762743175,-0.308710237256825,0.47260234043458293,0.7445887445887446,-0.13364079534927553,0.8342885048267911,-0.304438428914095,-0.044611908003360456,0.4077669902912621,1.0,latest72h,0.10695,-0.10695
expr_prior_up_2mx_uncertainty__q80,expr_prior_up_2mx_uncertainty,alphaforge_interaction,2,0.8,6809,0.004536696887327348,-0.9999546330311267,0.999968202986436,0.7422529005727714,-0.014685778132341423,0.8677985433207743,-0.4872083036735182,-0.055692987132703875,0.3667458626904801,1.0,full,0.10695,-0.10695
expr_prior_up_2mx_uncertainty__q85,expr_prior_up_2mx_uncertainty,alphaforge_interaction,2,0.85,2299,3.0399667555686216,-0.9696003324443138,0.9830640339862913,0.742061765985211,-0.042174873094576695,0.8806461214398457,-0.3760121296838109,-0.03386864594562966,0.3931926817207846,1.0,train,0.11655000000000001,-0.11374999999999999
expr_prior_up_2mx_uncertainty__q85,expr_prior_up_2mx_uncertainty,alphaforge_interaction,2,0.85,1481,22.231795407043865,-0.7776820459295614,0.8500868705670525,0.7515192437542201,-0.052510604046561334,0.9229878779481245,-0.42340461651531447,-0.025577018276696006,0.4404603068712475,1.0,validation,0.11655000000000001,-0.11374999999999999
expr_prior_up_2mx_uncertainty__q85,expr_prior_up_2mx_uncertainty,alphaforge_interaction,2,0.85,1347,11.377270916831163,-0.8862272908316884,0.9163524746084265,0.7386785449146251,-0.06579267192514437,0.840208505386355,-0.3121588446236576,-0.056538984640587986,0.35140093395597066,1.0,test,0.11655000000000001,-0.11374999999999999
expr_prior_up_2mx_uncertainty__q85,expr_prior_up_2mx_uncertainty,alphaforge_interaction,2,0.85,182,81.24172248072311,-0.1875827751927689,0.4097088017923391,0.7472527472527473,-0.1030674588971277,0.8817538486794236,-0.27085280386917476,-0.030949598687385116,0.44244105409153955,1.0,latest72h,0.11655000000000001,-0.11374999999999999
expr_prior_up_2mx_uncertainty__q85,expr_prior_up_2mx_uncertainty,alphaforge_interaction,2,0.85,5127,0.0768920555561006,-0.999231079444439,0.9995104971704738,0.7439048176321436,-0.019489586101900602,0.8820020634942899,-0.42340461651531447,-0.037039755552209286,0.3947648697361953,1.0,full,0.11655000000000001,-0.11374999999999999
expr_prior_up_2mx_uncertainty__q90,expr_prior_up_2mx_uncertainty,alphaforge_interaction,2,0.9,1555,22.608173145076325,-0.7739182685492367,0.8777738545362194,0.752411575562701,-0.04976966357229831,0.9112565544780697,-0.29037960735329504,-0.010777902327751832,0.4510466457886929,1.0,train,0.12094999999999999,-0.12094999999999999
expr_prior_up_2mx_uncertainty__q90,expr_prior_up_2mx_uncertainty,alphaforge_interaction,2,0.9,994,35.72775828217749,-0.6427224171782251,0.7936385009005078,0.7515090543259557,-0.06466020293543563,0.9243536249983926,-0.3251669725511679,-0.013507972204730656,0.4588058705803869,1.0,validation,0.12094999999999999,-0.12094999999999999
expr_prior_up_2mx_uncertainty__q90,expr_prior_up_2mx_uncertainty,alphaforge_interaction,2,0.9,924,19.164404844604277,-0.8083559515539572,0.8346938794247104,0.7380952380952381,-0.08748441034133793,0.8268766795259762,-0.2968141442329786,-0.028964589337711732,0.37958639092728486,1.0,test,0.12094999999999999,-0.12094999999999999
expr_prior_up_2mx_uncertainty__q90,expr_prior_up_2mx_uncertainty,alphaforge_interaction,2,0.9,119,79.32554916802047,-0.2067445083197953,0.31139782571627894,0.7394957983193278,-0.17373488094100598,0.8086633887746476,-0.19395126211255975,-0.02978448025286773,0.37447988904299584,1.0,latest72h,0.12094999999999999,-0.12094999999999999
expr_prior_up_2mx_uncertainty__q90,expr_prior_up_2mx_uncertainty,alphaforge_interaction,2,0.9,3473,1.5479843822798742,-0.9845201561772012,0.9893400672224145,0.7483443708609272,-0.028347830583852724,0.9106515710268369,-0.3251669725511679,-0.016221624621461816,0.43335244961494346,1.0,full,0.12094999999999999,-0.12094999999999999
expr_prior_up_2mx_uncertainty__q95,expr_prior_up_2mx_uncertainty,alphaforge_interaction,2,0.95,923,21.05125964784161,-0.7894874035215839,0.864504955146693,0.7378114842903575,-0.08553492995900148,0.8378308597960358,-0.23292805545161788,-0.011186006153146355,0.44049777484753583,1.0,train,0.12375,-0.12375
expr_prior_up_2mx_uncertainty__q95,expr_prior_up_2mx_uncertainty,alphaforge_interaction,2,0.95,598,68.76645550868346,-0.31233544491316534,0.568420455277795,0.7591973244147158,-0.05223000751056318,0.9467516476740941,-0.259166234207429,-0.0010844640754252843,0.49516344229486325,1.0,validation,0.12375,-0.12375
expr_prior_up_2mx_uncertainty__q95,expr_prior_up_2mx_uncertainty,alphaforge_interaction,2,0.95,554,28.673203849446804,-0.713267961505532,0.751209805982444,0.7292418772563177,-0.1287487295136346,0.7964857509492267,-0.2540173166261869,-0.023613004247046487,0.430787191460974,1.0,test,0.12375,-0.12375
expr_prior_up_2mx_uncertainty__q95,expr_prior_up_2mx_uncertainty,alphaforge_interaction,2,0.95,67,81.26038749891089,-0.1873961250108911,0.2761976924595344,0.7164179104477612,-0.27969570897148055,0.7208871296154155,-0.20550114534943398,0.001895670745549971,0.5201109570041609,1.0,latest72h,0.12375,-0.12375
expr_prior_up_2mx_uncertainty__q95,expr_prior_up_2mx_uncertainty,alphaforge_interaction,2,0.95,2075,4.150791797915464,-0.9584920820208453,0.9646270332457231,0.7416867469879518,-0.046192389494980564,0.8550033335119203,-0.259166234207429,-0.011545481390466295,0.44965590693101753,1.0,full,0.12375,-0.12375
expr_prior_up_2mx_low_cost__q70,expr_prior_up_2mx_low_cost,alphaforge_interaction,2,0.7,4393,0.7434324391148317,-0.9925656756088517,0.9954766982388586,0.8015023901661734,-0.022594256216909844,0.8721199263736408,-0.4963546971457138,-0.04614665742241997,0.36138124278885775,1.0,train,0.16500000000000004,-0.16499999999999998
expr_prior_up_2mx_low_cost__q70,expr_prior_up_2mx_low_cost,alphaforge_interaction,2,0.7,2576,3.7585673122994248,-0.9624143268770058,0.9684100427810564,0.7892080745341615,-0.03736080461479053,0.8851524648399992,-0.4664733852641667,-0.0635552158576671,0.3297198132088059,1.0,validation,0.16500000000000004,-0.16499999999999998
expr_prior_up_2mx_low_cost__q70,expr_prior_up_2mx_low_cost,alphaforge_interaction,2,0.7,2434,2.505079764548556,-0.9749492023545144,0.9784638939365922,0.7892358258011504,-0.04005543148539504,0.8441012011692904,-0.37340170090235303,-0.08580945892351066,0.2940293529019346,1.0,test,0.16500000000000004,-0.16499999999999998
expr_prior_up_2mx_low_cost__q70,expr_prior_up_2mx_low_cost,alphaforge_interaction,2,0.7,319,58.707667847648246,-0.4129233215235175,0.5098386326595932,0.786833855799373,-0.1294430474995358,0.8005557508593334,-0.3698862272083848,-0.07114100507220855,0.29680998613037446,1.0,latest72h,0.16500000000000004,-0.16499999999999998
expr_prior_up_2mx_low_cost__q70,expr_prior_up_2mx_low_cost,alphaforge_interaction,2,0.7,9403,0.0006999796247084023,-0.9999930002037529,0.9999943672849577,0.7949590556205466,-0.01063482931196161,0.8722174193561164,-0.4963546971457138,-0.059102365505089516,0.3386858921841717,1.0,full,0.16500000000000004,-0.16499999999999998
expr_prior_up_2mx_low_cost__q75,expr_prior_up_2mx_low_cost,alphaforge_interaction,2,0.75,3692,8.053808468766425,-0.9194619153123358,0.9557035614709263,0.8309859154929577,-0.024904168887116215,0.8880599927757398,-0.400470031998965,-0.010007337044020348,0.47164990934564033,1.0,train,0.20499999999999996,-0.21500000000000002
expr_prior_up_2mx_low_cost__q75,expr_prior_up_2mx_low_cost,alphaforge_interaction,2,0.75,2116,12.163630012283488,-0.8783636998771651,0.9168769943914276,0.8171077504725898,-0.041510571827843415,0.9087867914486697,-0.4275360896407969,-0.029475922844480196,0.3972648432288192,1.0,validation,0.20499999999999996,-0.21500000000000002
expr_prior_up_2mx_low_cost__q75,expr_prior_up_2mx_low_cost,alphaforge_interaction,2,0.75,2041,4.545854391510294,-0.954541456084897,0.9584349955012662,0.8103870651641353,-0.04676832219916205,0.7864398839739932,-0.3696531866011996,-0.06224167102255407,0.3005336891260841,1.0,test,0.20499999999999996,-0.21500000000000002
expr_prior_up_2mx_low_cost__q75,expr_prior_up_2mx_low_cost,alphaforge_interaction,2,0.75,265,66.64728575321666,-0.3335271424678333,0.40495077771418675,0.8113207547169812,-0.1258592990444657,0.8016834302910746,-0.3021199590178375,-0.06401332005163451,0.2260748959778086,1.0,latest72h,0.20499999999999996,-0.21500000000000002
expr_prior_up_2mx_low_cost__q75,expr_prior_up_2mx_low_cost,alphaforge_interaction,2,0.75,7849,0.044532801762795275,-0.999554671982372,0.999613242878253,0.8218881386163842,-0.012734802802680176,0.8893469509979804,-0.4275360896407969,-0.02720175179773021,0.4105358020645584,1.0,full,0.20499999999999996,-0.21500000000000002
expr_prior_up_2mx_low_cost__q80,expr_prior_up_2mx_low_cost,alphaforge_interaction,2,0.8,2966,17.58770154629922,-0.8241229845370078,0.882393419429339,0.8560350640593392,-0.02778567041594776,0.8866251812329188,-0.32275078729103956,-0.0016673441603494155,0.4939014339871436,1.0,train,0.255,-0.255
expr_prior_up_2mx_low_cost__q80,expr_prior_up_2mx_low_cost,alphaforge_interaction,2,0.8,1689,14.638932543727929,-0.8536106745627208,0.8872421557377168,0.8365896980461812,-0.050539412348296585,0.8449708227446465,-0.3833275868932805,-0.027403603472497373,0.4267845230153436,1.0,validation,0.255,-0.255
expr_prior_up_2mx_low_cost__q80,expr_prior_up_2mx_low_cost,alphaforge_interaction,2,0.8,1633,17.518493238034246,-0.8248150676196575,0.8548439189668444,0.840783833435395,-0.05050918968889533,0.8372878650905939,-0.2967349337162877,-0.03530139835857149,0.3827551701134089,1.0,test,0.255,-0.255
expr_prior_up_2mx_low_cost__q80,expr_prior_up_2mx_low_cost,alphaforge_interaction,2,0.8,221,82.41122488982566,-0.17588775110174337,0.33940452272597055,0.8416289592760181,-0.07958721769309798,0.865534953206331,-0.24556110874157955,-0.0386052342945149,0.39389736477115117,1.0,latest72h,0.255,-0.255
expr_prior_up_2mx_low_cost__q80,expr_prior_up_2mx_low_cost,alphaforge_interaction,2,0.8,6288,0.4510401954166331,-0.9954895980458337,0.9961146057986917,0.8468511450381679,-0.015831577577064847,0.8810351080640189,-0.3833275868932805,-0.014044345769987587,0.45104866459118464,1.0,full,0.255,-0.255
expr_prior_up_2mx_low_cost__q85,expr_prior_up_2mx_low_cost,alphaforge_interaction,2,0.85,2282,36.11880034098994,-0.6388119965901006,0.7465729256935888,0.880806310254163,-0.027993514311572928,0.8853354289782477,-0.29795412831193013,-0.0025622908249406384,0.48425910664249217,1.0,train,0.29500000000000004,-0.305
expr_prior_up_2mx_low_cost__q85,expr_prior_up_2mx_low_cost,alphaforge_interaction,2,0.85,1219,26.568470099111813,-0.7343152990088819,0.7613566788205468,0.8630024610336341,-0.06023915496381298,0.8216439505596626,-0.23465563078665874,-0.02427827162868912,0.3830887258172115,1.0,validation,0.29500000000000004,-0.305
expr_prior_up_2mx_low_cost__q85,expr_prior_up_2mx_low_cost,alphaforge_interaction,2,0.85,1209,24.10065004486765,-0.7589934995513234,0.7714055284786971,0.8626964433416047,-0.06277861865602288,0.8000532559125287,-0.2523210832367402,-0.02051604329699308,0.3989326217478319,1.0,test,0.29500000000000004,-0.305
expr_prior_up_2mx_low_cost__q85,expr_prior_up_2mx_low_cost,alphaforge_interaction,2,0.85,158,78.22971171757325,-0.21770288282426753,0.3172668176000996,0.8544303797468354,-0.13778663469890323,0.7545553324995308,-0.16589510733517954,-0.05493680430822778,0.31345353675450766,1.0,latest72h,0.29500000000000004,-0.305
expr_prior_up_2mx_low_cost__q85,expr_prior_up_2mx_low_cost,alphaforge_interaction,2,0.85,4710,2.3127496328576136,-0.9768725036714239,0.9790282947238639,0.8715498938428875,-0.02074039285926573,0.8683897514766334,-0.29795412831193013,-0.011679081133208702,0.43777650335900375,1.0,full,0.29500000000000004,-0.305
expr_prior_up_2mx_low_cost__q90,expr_prior_up_2mx_low_cost,alphaforge_interaction,2,0.9,1461,48.12503848591396,-0.5187496151408604,0.6322327182069301,0.9069130732375086,-0.03550647605344646,0.8717382118142453,-0.17654187138800104,-0.003914888583188669,0.4735454095928795,1.0,train,0.35,-0.355
expr_prior_up_2mx_low_cost__q90,expr_prior_up_2mx_low_cost,alphaforge_interaction,2,0.9,715,38.84953514599137,-0.6115046485400863,0.636711955794222,0.8895104895104895,-0.08552512566994169,0.7078448800282017,-0.17225153226230328,-0.017098162998736233,0.34272848565710473,1.0,validation,0.35,-0.355
expr_prior_up_2mx_low_cost__q90,expr_prior_up_2mx_low_cost,alphaforge_interaction,2,0.9,777,47.96375122059404,-0.5203624877940596,0.5518769359244587,0.8931788931788932,-0.06697071914981338,0.80168013050735,-0.19603331917270894,-0.014102376442203024,0.4081054036024016,1.0,test,0.35,-0.355
expr_prior_up_2mx_low_cost__q90,expr_prior_up_2mx_low_cost,alphaforge_interaction,2,0.9,96,82.79926349100667,-0.1720073650899333,0.25407773948584256,0.875,-0.17917433863534624,0.6235951103895497,-0.13713270283599865,-0.044872875832393855,0.2552011095700416,1.0,latest72h,0.35,-0.355
expr_prior_up_2mx_low_cost__q90,expr_prior_up_2mx_low_cost,alphaforge_interaction,2,0.9,2953,8.96747259546697,-0.9103252740453303,0.9289759436797623,0.8990856755841518,-0.030827134237904466,0.8357501786383656,-0.19603331917270894,-0.009889686171624112,0.42266098640013106,1.0,full,0.35,-0.355
expr_prior_up_2mx_low_cost__q95,expr_prior_up_2mx_low_cost,alphaforge_interaction,2,0.95,660,86.22046749515917,-0.1377953250484083,0.19696393086505393,0.9393939393939394,-0.020878079552790228,0.9127543681734839,-0.09188088464619126,0.009934932650461192,0.6000494478325367,1.0,train,0.405,-0.415
expr_prior_up_2mx_low_cost__q95,expr_prior_up_2mx_low_cost,alphaforge_interaction,2,0.95,329,71.81982201894938,-0.28180177981050614,0.32480809381301984,0.9209726443768997,-0.08565403641656794,0.699366134617618,-0.10453732772378799,0.002580645161290418,0.5021681120747165,1.0,validation,0.405,-0.415
expr_prior_up_2mx_low_cost__q95,expr_prior_up_2mx_low_cost,alphaforge_interaction,2,0.95,299,78.11123529300164,-0.21888764706998354,0.22963004941458176,0.9230769230769231,-0.07320657092641637,0.7396658909304891,-0.09055593546979179,0.009915815001362072,0.6005670446964643,1.0,test,0.405,-0.415
expr_prior_up_2mx_low_cost__q95,expr_prior_up_2mx_low_cost,alphaforge_interaction,2,0.95,44,97.47536322736339,-0.025246367726366126,0.09161809643541317,0.9318181818181818,-0.05737810846901488,0.7985307112111198,-0.06210703538600082,0.005506090080744874,0.6338418862690708,1.0,latest72h,0.405,-0.415
expr_prior_up_2mx_low_cost__q95,expr_prior_up_2mx_low_cost,alphaforge_interaction,2,0.95,1288,48.36912197335106,-0.5163087802664894,0.5520249689529874,0.9309006211180124,-0.040086085424417606,0.8224668678793418,-0.10453732772378799,0.009003121652720436,0.5745944617401278,1.0,full,0.405,-0.415
expr_prior_up_2mx_tight_spread__q70,expr_prior_up_2mx_tight_spread,alphaforge_interaction,2,0.7,4394,0.7132576391025363,-0.9928674236089746,0.9956602922264983,0.8013199817933546,-0.02259598142032254,0.8718817868187118,-0.4963546971457138,-0.046663001655601166,0.3570957639690127,1.0,train,0.14,-0.14437499999999998
expr_prior_up_2mx_tight_spread__q70,expr_prior_up_2mx_tight_spread,alphaforge_interaction,2,0.7,2578,3.9002207515458083,-0.9609977924845419,0.9672194758139393,0.7893716058960435,-0.037276873253861156,0.8859777080174588,-0.4664733852641667,-0.06282227644139804,0.3300533689126084,1.0,validation,0.14,-0.14437499999999998
expr_prior_up_2mx_tight_spread__q70,expr_prior_up_2mx_tight_spread,alphaforge_interaction,2,0.7,2436,2.6017105517843775,-0.9739828944821562,0.9776331615533954,0.7894088669950738,-0.039982877441796245,0.8467336046416819,-0.37340170090235303,-0.08539948481977411,0.30003335557038024,1.0,test,0.14,-0.14437499999999998
expr_prior_up_2mx_tight_spread__q70,expr_prior_up_2mx_tight_spread,alphaforge_interaction,2,0.7,319,58.707667847648246,-0.4129233215235175,0.5098386326595932,0.786833855799373,-0.1294430474995358,0.8005557508593334,-0.3698862272083848,-0.07114100507220855,0.29680998613037446,1.0,latest72h,0.14,-0.14437499999999998
expr_prior_up_2mx_tight_spread__q70,expr_prior_up_2mx_tight_spread,alphaforge_interaction,2,0.7,9408,0.0007237600357015788,-0.999992762399643,0.9999941759247037,0.7949617346938775,-0.010629174770404341,0.8719845725876016,-0.4963546971457138,-0.059189190043376805,0.3381124037358676,1.0,full,0.14,-0.14437499999999998
expr_prior_up_2mx_tight_spread__q75,expr_prior_up_2mx_tight_spread,alphaforge_interaction,2,0.75,3692,8.053808468766425,-0.9194619153123358,0.9557035614709263,0.8309859154929577,-0.024904168887116215,0.8880599927757398,-0.400470031998965,-0.010007337044020348,0.47164990934564033,1.0,train,0.17937499999999995,-0.18812500000000001
expr_prior_up_2mx_tight_spread__q75,expr_prior_up_2mx_tight_spread,alphaforge_interaction,2,0.75,2116,12.163630012283488,-0.8783636998771651,0.9168769943914276,0.8171077504725898,-0.041510571827843415,0.9087867914486697,-0.4275360896407969,-0.029475922844480196,0.3972648432288192,1.0,validation,0.17937499999999995,-0.18812500000000001
expr_prior_up_2mx_tight_spread__q75,expr_prior_up_2mx_tight_spread,alphaforge_interaction,2,0.75,2041,4.545854391510294,-0.954541456084897,0.9584349955012662,0.8103870651641353,-0.04676832219916205,0.7864398839739932,-0.3696531866011996,-0.06224167102255407,0.3005336891260841,1.0,test,0.17937499999999995,-0.18812500000000001
expr_prior_up_2mx_tight_spread__q75,expr_prior_up_2mx_tight_spread,alphaforge_interaction,2,0.75,265,66.64728575321666,-0.3335271424678333,0.40495077771418675,0.8113207547169812,-0.1258592990444657,0.8016834302910746,-0.3021199590178375,-0.06401332005163451,0.2260748959778086,1.0,latest72h,0.17937499999999995,-0.18812500000000001
expr_prior_up_2mx_tight_spread__q75,expr_prior_up_2mx_tight_spread,alphaforge_interaction,2,0.75,7849,0.044532801762795275,-0.999554671982372,0.999613242878253,0.8218881386163842,-0.012734802802680176,0.8893469509979804,-0.4275360896407969,-0.02720175179773021,0.4105358020645584,1.0,full,0.17937499999999995,-0.18812500000000001
expr_prior_up_2mx_tight_spread__q80,expr_prior_up_2mx_tight_spread,alphaforge_interaction,2,0.8,2966,17.58770154629922,-0.8241229845370078,0.882393419429339,0.8560350640593392,-0.02778567041594776,0.8866251812329188,-0.32275078729103956,-0.0016673441603494155,0.4939014339871436,1.0,train,0.22312500000000002,-0.22312500000000002
expr_prior_up_2mx_tight_spread__q80,expr_prior_up_2mx_tight_spread,alphaforge_interaction,2,0.8,1689,14.638932543727929,-0.8536106745627208,0.8872421557377168,0.8365896980461812,-0.050539412348296585,0.8449708227446465,-0.3833275868932805,-0.027403603472497373,0.4267845230153436,1.0,validation,0.22312500000000002,-0.22312500000000002
expr_prior_up_2mx_tight_spread__q80,expr_prior_up_2mx_tight_spread,alphaforge_interaction,2,0.8,1633,17.518493238034246,-0.8248150676196575,0.8548439189668444,0.840783833435395,-0.05050918968889533,0.8372878650905939,-0.2967349337162877,-0.03530139835857149,0.3827551701134089,1.0,test,0.22312500000000002,-0.22312500000000002
expr_prior_up_2mx_tight_spread__q80,expr_prior_up_2mx_tight_spread,alphaforge_interaction,2,0.8,221,82.41122488982566,-0.17588775110174337,0.33940452272597055,0.8416289592760181,-0.07958721769309798,0.865534953206331,-0.24556110874157955,-0.0386052342945149,0.39389736477115117,1.0,latest72h,0.22312500000000002,-0.22312500000000002
expr_prior_up_2mx_tight_spread__q80,expr_prior_up_2mx_tight_spread,alphaforge_interaction,2,0.8,6288,0.4510401954166331,-0.9954895980458337,0.9961146057986917,0.8468511450381679,-0.015831577577064847,0.8810351080640189,-0.3833275868932805,-0.014044345769987587,0.45104866459118464,1.0,full,0.22312500000000002,-0.22312500000000002
expr_prior_up_2mx_tight_spread__q85,expr_prior_up_2mx_tight_spread,alphaforge_interaction,2,0.85,2280,37.37523644062953,-0.6262476355937048,0.7377571587860912,0.881140350877193,-0.027467001561127212,0.889939419915928,-0.29795412831193013,-0.002568302018630342,0.48425910664249217,1.0,train,0.25812500000000005,-0.266875
expr_prior_up_2mx_tight_spread__q85,expr_prior_up_2mx_tight_spread,alphaforge_interaction,2,0.85,1219,26.568470099111813,-0.7343152990088819,0.7613566788205468,0.8630024610336341,-0.06023915496381298,0.8216439505596626,-0.23465563078665874,-0.02427827162868912,0.3830887258172115,1.0,validation,0.25812500000000005,-0.266875
expr_prior_up_2mx_tight_spread__q85,expr_prior_up_2mx_tight_spread,alphaforge_interaction,2,0.85,1209,24.10065004486765,-0.7589934995513234,0.7714055284786971,0.8626964433416047,-0.06277861865602288,0.8000532559125287,-0.2523210832367402,-0.02051604329699308,0.3989326217478319,1.0,test,0.25812500000000005,-0.266875
expr_prior_up_2mx_tight_spread__q85,expr_prior_up_2mx_tight_spread,alphaforge_interaction,2,0.85,158,78.22971171757325,-0.21770288282426753,0.3172668176000996,0.8544303797468354,-0.13778663469890323,0.7545553324995308,-0.16589510733517954,-0.05493680430822778,0.31345353675450766,1.0,latest72h,0.25812500000000005,-0.266875
expr_prior_up_2mx_tight_spread__q85,expr_prior_up_2mx_tight_spread,alphaforge_interaction,2,0.85,4708,2.393201422527165,-0.9760679857747283,0.9782987686230198,0.8717077315208156,-0.020732115245852206,0.8716671971518307,-0.29795412831193013,-0.011717836790515523,0.43777650335900375,1.0,full,0.25812500000000005,-0.266875
expr_prior_up_2mx_tight_spread__q90,expr_prior_up_2mx_tight_spread,alphaforge_interaction,2,0.9,1459,49.977981883381126,-0.5002201811661887,0.6180726888741251,0.9074708704592186,-0.034285139216324936,0.8785714672797154,-0.16528503355145963,-0.003914888583188669,0.4733805834844239,1.0,train,0.30624999999999997,-0.310625
expr_prior_up_2mx_tight_spread__q90,expr_prior_up_2mx_tight_spread,alphaforge_interaction,2,0.9,715,38.84953514599137,-0.6115046485400863,0.636711955794222,0.8895104895104895,-0.08552512566994169,0.7078448800282017,-0.17225153226230328,-0.017098162998736233,0.34272848565710473,1.0,validation,0.30624999999999997,-0.310625
expr_prior_up_2mx_tight_spread__q90,expr_prior_up_2mx_tight_spread,alphaforge_interaction,2,0.9,777,47.96375122059404,-0.5203624877940596,0.5518769359244587,0.8931788931788932,-0.06697071914981338,0.80168013050735,-0.19603331917270894,-0.014102376442203024,0.4081054036024016,1.0,test,0.30624999999999997,-0.310625
expr_prior_up_2mx_tight_spread__q90,expr_prior_up_2mx_tight_spread,alphaforge_interaction,2,0.9,96,82.79926349100667,-0.1720073650899333,0.25407773948584256,0.875,-0.17917433863534624,0.6235951103895497,-0.13713270283599865,-0.044872875832393855,0.2552011095700416,1.0,latest72h,0.30624999999999997,-0.310625
expr_prior_up_2mx_tight_spread__q90,expr_prior_up_2mx_tight_spread,alphaforge_interaction,2,0.9,2951,9.312744405329571,-0.9068725559467044,0.9262413265166312,0.8993561504574721,-0.030731025277759838,0.8401985282213904,-0.19603331917270894,-0.009801919660905711,0.4225790594789448,1.0,full,0.30624999999999997,-0.310625
expr_prior_up_2mx_tight_spread__q95,expr_prior_up_2mx_tight_spread,alphaforge_interaction,2,0.95,659,86.03740917775961,-0.13962590822240384,0.1969639308650539,0.9393019726858877,-0.02118754297760398,0.9114798445299812,-0.09188088464619126,0.009934932650461192,0.6000494478325367,1.0,train,0.354375,-0.363125
expr_prior_up_2mx_tight_spread__q95,expr_prior_up_2mx_tight_spread,alphaforge_interaction,2,0.95,329,71.81982201894938,-0.28180177981050614,0.32480809381301984,0.9209726443768997,-0.08565403641656794,0.699366134617618,-0.10453732772378799,0.002580645161290418,0.5021681120747165,1.0,validation,0.354375,-0.363125
expr_prior_up_2mx_tight_spread__q95,expr_prior_up_2mx_tight_spread,alphaforge_interaction,2,0.95,299,78.11123529300164,-0.21888764706998354,0.22963004941458176,0.9230769230769231,-0.07320657092641637,0.7396658909304891,-0.09055593546979179,0.009915815001362072,0.6005670446964643,1.0,test,0.354375,-0.363125
expr_prior_up_2mx_tight_spread__q95,expr_prior_up_2mx_tight_spread,alphaforge_interaction,2,0.95,44,97.47536322736339,-0.025246367726366126,0.09161809643541317,0.9318181818181818,-0.05737810846901488,0.7985307112111198,-0.06210703538600082,0.005506090080744874,0.6338418862690708,1.0,latest72h,0.354375,-0.363125
expr_prior_up_2mx_tight_spread__q95,expr_prior_up_2mx_tight_spread,alphaforge_interaction,2,0.95,1287,48.26642744686829,-0.5173357255313171,0.5520249689529878,0.9308469308469308,-0.04019702607081006,0.8218146485143378,-0.10453732772378799,0.009003121652720436,0.5745944617401278,1.0,full,0.354375,-0.363125
expr_prior_up_2mx_depth_z__q70,expr_prior_up_2mx_depth_z,alphaforge_interaction,2,0.7,4279,2.3321549432620988e-05,-0.9999997667845056,0.9999998289267427,0.5655526992287918,-0.023369940798890078,0.8216839916502539,-0.7630004364299225,-0.19423670687364347,0.26874896983682217,1.0,train,0.061961242353643635,-0.05711138408200685
expr_prior_up_2mx_depth_z__q70,expr_prior_up_2mx_depth_z,alphaforge_interaction,2,0.7,2493,0.10615208382862493,-0.9989384791617137,0.9993577298594629,0.5567589249899719,-0.040069734422852575,0.7559319536976956,-0.7612479473242809,-0.15615667709269343,0.3188792528352235,1.0,validation,0.061961242353643635,-0.05711138408200685
expr_prior_up_2mx_depth_z__q70,expr_prior_up_2mx_depth_z,alphaforge_interaction,2,0.7,2614,0.07159016666576166,-0.9992840983333424,0.999902303206711,0.5279265493496557,-0.03822815984442789,0.873511352269118,-0.6708184767300532,-0.1858788535751389,0.2858572381587725,1.0,test,0.061961242353643635,-0.05711138408200685
expr_prior_up_2mx_depth_z__q70,expr_prior_up_2mx_depth_z,alphaforge_interaction,2,0.7,366,223.27521325048895,1.2327521325048894,0.6740199889645014,0.5382513661202186,0.336817522542319,1.1593880753253398,-0.5995914333070465,0.07965410984172205,0.6005547850208044,1.0,latest72h,0.061961242353643635,-0.05711138408200685
expr_prior_up_2mx_depth_z__q70,expr_prior_up_2mx_depth_z,alphaforge_interaction,2,0.7,9386,1.7723084093179878e-11,-0.9999999999998228,0.99999999999996,0.5527381206051566,-0.01065416577881764,0.821683980476919,-0.7630004364299225,-0.18073182040483315,0.2904309356054399,1.0,full,0.061961242353643635,-0.05711138408200685
expr_prior_up_2mx_depth_z__q75,expr_prior_up_2mx_depth_z,alphaforge_interaction,2,0.75,3492,7.478740138717872e-05,-0.9999992521259862,0.9999994578366629,0.5721649484536082,-0.02863686289020576,0.7991446967050011,-0.7036367045523613,-0.1737667946384085,0.2581176858414373,1.0,train,0.08882333900526854,-0.08574082481770656
expr_prior_up_2mx_depth_z__q75,expr_prior_up_2mx_depth_z,alphaforge_interaction,2,0.75,2024,0.2949338653263278,-0.9970506613467367,0.9983655027373064,0.5652173913043478,-0.04926139631159772,0.7233653384701328,-0.6491376791645309,-0.142361726067272,0.31754503002001333,1.0,validation,0.08882333900526854,-0.08574082481770656
expr_prior_up_2mx_depth_z__q75,expr_prior_up_2mx_depth_z,alphaforge_interaction,2,0.75,2196,1.5809088148484272,-0.9841909118515157,0.9982023478374443,0.5368852459016393,-0.04481743678740984,0.9191357940727377,-0.6681430869124985,-0.12403051794411424,0.36524349566377584,1.0,test,0.08882333900526854,-0.08574082481770656
expr_prior_up_2mx_depth_z__q75,expr_prior_up_2mx_depth_z,alphaforge_interaction,2,0.75,295,251.54435556395362,1.515443555639536,0.6307350937999995,0.5525423728813559,0.5137096798778075,1.1876042648004264,-0.6116028979267536,0.1671121291714095,0.6296809986130375,1.0,latest72h,0.08882333900526854,-0.08574082481770656
expr_prior_up_2mx_depth_z__q75,expr_prior_up_2mx_depth_z,alphaforge_interaction,2,0.75,7712,3.4870639078472744e-09,-0.9999999999651293,0.9999999999922904,0.560295643153527,-0.012966804978800942,0.7991446563246651,-0.7036367045523613,-0.15317069388641913,0.3052187448795674,1.0,full,0.08882333900526854,-0.08574082481770656
expr_prior_up_2mx_depth_z__q80,expr_prior_up_2mx_depth_z,alphaforge_interaction,2,0.8,2720,0.005178689923338265,-0.9999482131007666,0.9999668479697583,0.5941176470588235,-0.036762801952234074,0.7417251806925368,-0.7030455744198506,-0.12890586762474598,0.2952859732981704,1.0,train,0.12737579340311694,-0.12268088098710148
expr_prior_up_2mx_depth_z__q80,expr_prior_up_2mx_depth_z,alphaforge_interaction,2,0.8,1572,2.2647724486139955,-0.9773522755138601,0.9849666181972365,0.5725190839694656,-0.06217253661029652,0.7964198015030047,-0.5600486500339565,-0.09780500889000115,0.37958639092728486,1.0,validation,0.12737579340311694,-0.12268088098710148
expr_prior_up_2mx_depth_z__q80,expr_prior_up_2mx_depth_z,alphaforge_interaction,2,0.8,1722,4.470718972103074,-0.9552928102789693,0.9948705180993068,0.5499419279907085,-0.055475772954644044,0.9147529439574371,-0.6447404779030601,-0.10725663948712882,0.3727484989993329,1.0,test,0.12737579340311694,-0.12268088098710148
expr_prior_up_2mx_depth_z__q80,expr_prior_up_2mx_depth_z,alphaforge_interaction,2,0.8,224,252.59498831846366,1.5259498831846368,0.7024470760389715,0.5669642857142857,0.6812276264217118,1.2616557267123418,-0.5477097032079088,0.027681047066304254,0.5242718446601942,1.0,latest72h,0.12737579340311694,-0.12268088098710148
expr_prior_up_2mx_depth_z__q80,expr_prior_up_2mx_depth_z,alphaforge_interaction,2,0.8,6014,5.243507003788388e-06,-0.9999999475649299,0.9999999888010487,0.5758230794812105,-0.016627867435399568,0.7417292800431408,-0.7030455744198506,-0.11558837970782743,0.34175815172865803,1.0,full,0.12737579340311694,-0.12268088098710148
expr_prior_up_2mx_depth_z__q85,expr_prior_up_2mx_depth_z,alphaforge_interaction,2,0.85,1950,0.13231595575410898,-0.9986768404424589,0.9987626766140614,0.622051282051282,-0.05121419694576711,0.8135694784509243,-0.6493272151665086,-0.09224923288288667,0.3069886269985166,1.0,train,0.1824740395952468,-0.17740769960568495
expr_prior_up_2mx_depth_z__q85,expr_prior_up_2mx_depth_z,alphaforge_interaction,2,0.85,1082,7.059394254755567,-0.9294060574524443,0.9626682805195914,0.5813308687615527,-0.08589704782370108,0.8745411894997474,-0.5107885975872388,-0.10001699589390856,0.35840560373582386,1.0,validation,0.1824740395952468,-0.17740769960568495
expr_prior_up_2mx_depth_z__q85,expr_prior_up_2mx_depth_z,alphaforge_interaction,2,0.85,1288,5.1662756025518295,-0.9483372439744817,0.9891328402938796,0.5543478260869565,-0.07362866801044123,0.8482159875173514,-0.6081440209309354,-0.08275199967170321,0.36374249499666444,1.0,test,0.1824740395952468,-0.17740769960568495
expr_prior_up_2mx_depth_z__q85,expr_prior_up_2mx_depth_z,alphaforge_interaction,2,0.85,171,185.49048427168933,0.8549048427168933,0.591222134326754,0.5847953216374269,0.4999443524660181,1.2809563359705294,-0.4461799799352316,-0.00889927634948462,0.4812760055478502,1.0,latest72h,0.1824740395952468,-0.17740769960568495
expr_prior_up_2mx_depth_z__q85,expr_prior_up_2mx_depth_z,alphaforge_interaction,2,0.85,4320,0.00048256656241733105,-0.9999951743343758,0.9999986097620891,0.5916666666666667,-0.02314803644292536,0.8136845971488188,-0.6493272151665086,-0.09020722219958266,0.33762084220874977,1.0,full,0.1824740395952468,-0.17740769960568495
expr_prior_up_2mx_depth_z__q90,expr_prior_up_2mx_depth_z,alphaforge_interaction,2,0.9,1190,1.3710036693107766,-0.9862899633068922,0.9924357460953164,0.661344537815126,-0.08288150952158757,0.6662081691360007,-0.5294229725386616,-0.062107700907347574,0.314653041041701,1.0,train,0.2672560577619518,-0.2576935490246777
expr_prior_up_2mx_depth_z__q90,expr_prior_up_2mx_depth_z,alphaforge_interaction,2,0.9,646,48.2824487417296,-0.517175512582704,0.8430571595717204,0.5804953560371517,-0.08005812888277154,0.9474105072281921,-0.42261709814048687,-0.04692505831719335,0.4296197464976651,1.0,validation,0.2672560577619518,-0.2576935490246777
expr_prior_up_2mx_depth_z__q90,expr_prior_up_2mx_depth_z,alphaforge_interaction,2,0.9,814,4.605280534113727,-0.9539471946588627,0.9854580369794668,0.5515970515970516,-0.11719253005637124,0.7944545914944074,-0.5701202359402116,-0.09358814948144323,0.29603068712474984,1.0,test,0.2672560577619518,-0.2576935490246777
expr_prior_up_2mx_depth_z__q90,expr_prior_up_2mx_depth_z,alphaforge_interaction,2,0.9,107,90.86418200469669,-0.09135817995303308,0.6150042835140748,0.5607476635514018,-0.08538147659161983,0.9368096226948984,-0.35013257166634404,-0.11501140290918155,0.2843273231622746,1.0,latest72h,0.2672560577619518,-0.2576935490246777
expr_prior_up_2mx_depth_z__q90,expr_prior_up_2mx_depth_z,alphaforge_interaction,2,0.9,2650,0.030484845332966366,-0.9996951515466703,0.9998869305592805,0.6079245283018868,-0.03772434534138378,0.679621283582612,-0.5701202359402116,-0.06640028501031647,0.33880878256595115,1.0,full,0.2672560577619518,-0.2576935490246777
expr_prior_up_2mx_depth_z__q95,expr_prior_up_2mx_depth_z,alphaforge_interaction,2,0.95,479,7.191839160784173,-0.9280816083921583,0.9485200262991984,0.7014613778705637,-0.19375398922592038,0.5140327679073685,-0.3461581206461237,-0.026802285714285556,0.3296522169111587,0.9934069556617768,train,0.4279578647626558,-0.41716002981953065
expr_prior_up_2mx_depth_z__q95,expr_prior_up_2mx_depth_z,alphaforge_interaction,2,0.95,229,55.97588475721283,-0.44024115242787165,0.6124419651881756,0.5676855895196506,-0.1922450447283278,0.856016359542755,-0.2817300954563139,-0.036793444365265215,0.38325550366911276,1.0,validation,0.4279578647626558,-0.41716002981953065
expr_prior_up_2mx_depth_z__q95,expr_prior_up_2mx_depth_z,alphaforge_interaction,2,0.95,381,21.21255829669086,-0.7878744170330914,0.8416339434866839,0.5616797900262467,-0.2067911855729897,0.7753572847060536,-0.3660123058454229,-0.05893853296573326,0.33972648432288194,1.0,test,0.4279578647626558,-0.41716002981953065
expr_prior_up_2mx_depth_z__q95,expr_prior_up_2mx_depth_z,alphaforge_interaction,2,0.95,51,91.27936012173494,-0.08720639878265057,0.3386476648244631,0.6078431372549019,-0.17099293878951094,0.8953438079105602,-0.33429052002801274,0.012903284565096929,0.6643550624133149,1.0,latest72h,0.4279578647626558,-0.41716002981953065
expr_prior_up_2mx_depth_z__q95,expr_prior_up_2mx_depth_z,alphaforge_interaction,2,0.95,1089,0.853953026117097,-0.9914604697388291,0.9930033138844137,0.6244260789715336,-0.0910432019962194,0.5633964326428093,-0.3660123058454229,-0.03076091419406579,0.34757496313288544,0.996722923152548,full,0.4279578647626558,-0.41716002981953065
expr_size_imbalancex_path_eff__q70,expr_size_imbalancex_path_eff,alphaforge_interaction,2,0.7,2548,0.0003363518633012865,-0.9999966364813669,0.9999985793306592,0.5094191522762951,-0.039246335811670655,0.9071501694128453,-0.6270520725316728,-0.13587943373011957,0.3189385198615461,0.9970331300477996,train,0.062091736113314304,-0.06281049287067808
expr_size_imbalancex_path_eff__q70,expr_size_imbalancex_path_eff,alphaforge_interaction,2,0.7,1736,2.913134322341321,-0.9708686567765867,0.989788945471613,0.4988479262672811,-0.0559256138696191,0.828669667625511,-0.7214391782214453,-0.10965363244923976,0.3912608405603736,1.0,validation,0.062091736113314304,-0.06281049287067808
expr_size_imbalancex_path_eff__q70,expr_size_imbalancex_path_eff,alphaforge_interaction,2,0.7,1582,0.08715809738144999,-0.9991284190261855,0.9994559639417352,0.49051833122629585,-0.06315603154400676,0.652669042865574,-0.6470630023947602,-0.18918934795047015,0.2936957971981321,1.0,test,0.062091736113314304,-0.06281049287067808
expr_size_imbalancex_path_eff__q70,expr_size_imbalancex_path_eff,alphaforge_interaction,2,0.7,208,56.26691531377684,-0.43733084686223156,0.7275779629454684,0.5048076923076923,-0.21025521483761192,0.8769156865108815,-0.5622089756240229,-0.22419195873085807,0.37725381414701803,1.0,latest72h,0.062091736113314304,-0.06281049287067808
expr_size_imbalancex_path_eff__q70,expr_size_imbalancex_path_eff,alphaforge_interaction,2,0.7,5866,8.540082953780452e-09,-0.9999999999145992,0.9999999999770056,0.5011933174224343,-0.01704739174760656,0.9071500238652676,-0.7214391782214453,-0.14759332706013267,0.3292233327871539,0.9985253154186465,full,0.062091736113314304,-0.06281049287067808
expr_size_imbalancex_path_eff__q75,expr_size_imbalancex_path_eff,alphaforge_interaction,2,0.75,1975,0.0017264484200547458,-0.9999827355157994,0.999994140377185,0.5118987341772152,-0.05063203724130622,0.9173915983603257,-0.5722450597651058,-0.1398495015113851,0.298582495467282,0.9970331300477996,train,0.08790625426215998,-0.08959478027895743
expr_size_imbalancex_path_eff__q75,expr_size_imbalancex_path_eff,alphaforge_interaction,2,0.75,1379,4.947157904665519,-0.9505284209533448,0.9796487465262013,0.4873096446700508,-0.06892881950350586,0.8557091686774055,-0.6640975800994422,-0.10517633980712682,0.3762508338892595,1.0,validation,0.08790625426215998,-0.08959478027895743
expr_size_imbalancex_path_eff__q75,expr_size_imbalancex_path_eff,alphaforge_interaction,2,0.75,1274,0.16258113773072377,-0.9983741886226928,0.9991093186618557,0.48665620094191525,-0.0783653209279979,0.579856122235081,-0.5939406385441928,-0.17731619365964157,0.2631754503002001,1.0,test,0.08790625426215998,-0.08959478027895743
expr_size_imbalancex_path_eff__q75,expr_size_imbalancex_path_eff,alphaforge_interaction,2,0.75,174,60.93838116402868,-0.39061618835971323,0.7114916511227155,0.5,-0.22449206227569746,0.852246299412387,-0.49613009388766394,-0.2124210153927455,0.2857142857142857,1.0,latest72h,0.08790625426215998,-0.08959478027895743
expr_size_imbalancex_path_eff__q75,expr_size_imbalancex_path_eff,alphaforge_interaction,2,0.75,4628,1.3886076025027605e-07,-0.9999999986113924,0.9999999997208588,0.49762316335350043,-0.02160760584726427,0.9173909622479816,-0.6640975800994422,-0.1439908337051672,0.3079223332787154,0.9985253154186465,full,0.08790625426215998,-0.08959478027895743
expr_size_imbalancex_path_eff__q80,expr_size_imbalancex_path_eff,alphaforge_interaction,2,0.8,1442,0.053063336032755426,-0.9994693666396725,0.9997928151685647,0.5228848821081831,-0.06931132917057363,0.8780286595440706,-0.4750355655134648,-0.11876188497381379,0.3024559090159881,0.9970331300477996,train,0.1186276055117496,-0.12197264886867956
expr_size_imbalancex_path_eff__q80,expr_size_imbalancex_path_eff,alphaforge_interaction,2,0.8,1027,6.453052230915566,-0.9354694776908443,0.9749666730214197,0.48393378773125606,-0.09108758302734624,0.8754620905160052,-0.5960461863537905,-0.09090738390993869,0.37825216811207474,1.0,validation,0.1186276055117496,-0.12197264886867956
expr_size_imbalancex_path_eff__q80,expr_size_imbalancex_path_eff,alphaforge_interaction,2,0.8,974,0.18355135632931993,-0.9981644864367069,0.9987002866952912,0.473305954825462,-0.10248095343292687,0.5462825071290452,-0.5836813480545779,-0.16653837926196347,0.2309873248832555,1.0,test,0.1186276055117496,-0.12197264886867956
expr_size_imbalancex_path_eff__q80,expr_size_imbalancex_path_eff,alphaforge_interaction,2,0.8,137,71.52436241585801,-0.2847563758414199,0.6152838019107485,0.49635036496350365,-0.20785136922731517,0.8907794102959825,-0.4413197640129697,-0.13743222453402215,0.27045769764216365,1.0,latest72h,0.1186276055117496,-0.12197264886867956
expr_size_imbalancex_path_eff__q80,expr_size_imbalancex_path_eff,alphaforge_interaction,2,0.8,3443,6.285174334914368e-06,-0.9999999371482566,0.999999981834283,0.4972407783909381,-0.029044436164631295,0.8780243634501064,-0.5960461863537905,-0.12857956450095404,0.3024332295592332,0.9985253154186465,full,0.1186276055117496,-0.12197264886867956
expr_size_imbalancex_path_eff__q85,expr_size_imbalancex_path_eff,alphaforge_interaction,2,0.85,960,0.13848295577177952,-0.9986151704422822,0.9993149487275214,0.5239583333333333,-0.10402241358773785,0.8339357580594917,-0.4239309864015418,-0.10206892764242348,0.2525960112081754,0.9939014339871436,train,0.16049649554958226,-0.1629319749738669
expr_size_imbalancex_path_eff__q85,expr_size_imbalancex_path_eff,alphaforge_interaction,2,0.85,686,1.3888507177570013,-0.9861114928224299,0.9916228659028544,0.46355685131195334,-0.14374803102367786,0.6268441009152038,-0.5580966285810077,-0.13321946127326428,0.28885923949299536,1.0,validation,0.16049649554958226,-0.1629319749738669
expr_size_imbalancex_path_eff__q85,expr_size_imbalancex_path_eff,alphaforge_interaction,2,0.85,685,5.936922318759208,-0.9406307768124079,0.9702572032110561,0.4832116788321168,-0.13731836157845376,0.7261800099907292,-0.49727084088250006,-0.11148771424673376,0.3032021347565043,1.0,test,0.16049649554958226,-0.1629319749738669
expr_size_imbalancex_path_eff__q85,expr_size_imbalancex_path_eff,alphaforge_interaction,2,0.85,99,129.7809422969047,0.2978094229690469,0.500372869343244,0.5454545454545454,0.3008175989586327,1.1427591601859088,-0.3679544842361182,-0.1047621971563466,0.3245492371705964,1.0,latest72h,0.16049649554958226,-0.1629319749738669
expr_size_imbalancex_path_eff__q85,expr_size_imbalancex_path_eff,alphaforge_interaction,2,0.85,2331,0.0001141861048915424,-0.9999988581389511,0.9999997129853937,0.4942084942084942,-0.04289999391415498,0.833808623287671,-0.5580966285810077,-0.11018161845514879,0.2709732918236933,0.9969687039161068,full,0.16049649554958226,-0.1629319749738669
expr_size_imbalancex_path_eff__q90,expr_size_imbalancex_path_eff,alphaforge_interaction,2,0.9,560,1.2235737723920441,-0.9877642622760796,0.9942006018588206,0.5125,-0.17638647540644245,0.8501454417047324,-0.3653177738294028,-0.06888767618801184,0.25028844568979725,0.9735454095928795,train,0.2192830617065463,-0.22341939269798552
expr_size_imbalancex_path_eff__q90,expr_size_imbalancex_path_eff,alphaforge_interaction,2,0.9,376,2.9724978321413453,-0.9702750216785866,0.9785498791643146,0.43617021276595747,-0.25805186746770914,0.594890623231383,-0.3994509501251451,-0.11574110098207879,0.2448298865910607,1.0,validation,0.2192830617065463,-0.22341939269798552
expr_size_imbalancex_path_eff__q90,expr_size_imbalancex_path_eff,alphaforge_interaction,2,0.9,392,12.033342218246155,-0.8796665778175384,0.9131351920579006,0.48214285714285715,-0.22440473923916787,0.76003935417774,-0.4419295951406401,-0.06848195202460894,0.33438959306204136,1.0,test,0.2192830617065463,-0.22341939269798552
expr_size_imbalancex_path_eff__q90,expr_size_imbalancex_path_eff,alphaforge_interaction,2,0.9,60,69.56524582194018,-0.3043475417805982,0.5127176031085278,0.5333333333333333,-0.5072459029676625,0.7154993425026684,-0.3163970787612821,-0.11440765995695734,0.17614424410540916,1.0,latest72h,0.2192830617065463,-0.22341939269798552
expr_size_imbalancex_path_eff__q90,expr_size_imbalancex_path_eff,alphaforge_interaction,2,0.9,1328,0.004376611262538766,-0.9999562338873746,0.9999841677218188,0.4819277108433735,-0.07529790917826604,0.848997687720986,-0.4419295951406401,-0.0750780153274383,0.2667950188431919,0.9868507291495986,full,0.2192830617065463,-0.22341939269798552
expr_size_imbalancex_path_eff__q95,expr_size_imbalancex_path_eff,alphaforge_interaction,2,0.95,228,3.5982706198152767,-0.9640172938018472,0.970416800672249,0.4692982456140351,-0.4228146025446693,0.5744186297320212,-0.2628573510484714,-0.03640043061091536,0.20899950552167462,0.7959452777319928,train,0.3278257580930368,-0.3208912689125878
expr_size_imbalancex_path_eff__q95,expr_size_imbalancex_path_eff,alphaforge_interaction,2,0.95,133,31.41791799528465,-0.6858208200471535,0.7721249424599858,0.42857142857142855,-0.515654751915153,0.7062235295278472,-0.3131456113450991,-0.03438476821275249,0.2796864576384256,0.8630753835890593,validation,0.3278257580930368,-0.3208912689125878
expr_size_imbalancex_path_eff__q95,expr_size_imbalancex_path_eff,alphaforge_interaction,2,0.95,185,9.09465893288393,-0.9090534106711607,0.921237499080897,0.43243243243243246,-0.49138022198441134,0.4674528903984686,-0.30071612757023813,-0.05135235141608824,0.24149432955303535,0.9589726484322882,test,0.3278257580930368,-0.3208912689125878
expr_size_imbalancex_path_eff__q95,expr_size_imbalancex_path_eff,alphaforge_interaction,2,0.95,32,77.33661460911676,-0.2266338539088324,0.3302414940260614,0.5625,-0.7082307934651004,0.5363322068041309,-0.24066206602825846,-0.08143638095238104,0.2871012482662968,0.9181692094313454,latest72h,0.3278257580930368,-0.3208912689125878
expr_size_imbalancex_path_eff__q95,expr_size_imbalancex_path_eff,alphaforge_interaction,2,0.95,546,0.10281527498974313,-0.9989718472501026,0.9992679478183586,0.4468864468864469,-0.18296187678573284,0.5782217671637231,-0.3131456113450991,-0.03985714285714281,0.2318941504178273,0.8548664591184664,full,0.3278257580930368,-0.3208912689125878
expr_size_imbalancex_uncertainty__q70,expr_size_imbalancex_uncertainty,alphaforge_interaction,2,0.7,2172,13.292999057162753,-0.8670700094283725,0.953473781584597,0.5179558011049724,-0.03992035034200649,0.971264155918182,-0.6643294478177584,-0.02386071947353896,0.45772210318114387,1.0,train,0.21823895299037638,-0.20158546569446667
expr_size_imbalancex_uncertainty__q70,expr_size_imbalancex_uncertainty,alphaforge_interaction,2,0.7,1713,22.595087860045673,-0.7740491213995433,0.9000796275882915,0.5148861646234676,-0.045186755481584656,0.9285691509583255,-0.5942767769842106,-0.028123415134786445,0.4664776517678452,1.0,validation,0.21823895299037638,-0.20158546569446667
expr_size_imbalancex_uncertainty__q70,expr_size_imbalancex_uncertainty,alphaforge_interaction,2,0.7,1372,1.0181727687414373,-0.9898182723125857,0.9923835592918253,0.4912536443148688,-0.07214418894406607,0.6962607518470748,-0.5532426516841464,-0.10214583484277334,0.3157104736490994,1.0,test,0.21823895299037638,-0.20158546569446667
expr_size_imbalancex_uncertainty__q70,expr_size_imbalancex_uncertainty,alphaforge_interaction,2,0.7,173,96.82239550932373,-0.03177604490676278,0.43144824101903106,0.5317919075144508,-0.01836765601547057,0.9907145812961254,-0.3756802549151843,-0.036165727820911875,0.4535367545076283,1.0,latest72h,0.21823895299037638,-0.20158546569446667
expr_size_imbalancex_uncertainty__q70,expr_size_imbalancex_uncertainty,alphaforge_interaction,2,0.7,5257,0.030581479050056985,-0.9996941852094994,0.9998936097815901,0.5099866844207723,-0.01901643875232088,0.9684760064149006,-0.6643294478177584,-0.0443330531190288,0.4208585941340324,1.0,full,0.21823895299037638,-0.20158546569446667
expr_size_imbalancex_uncertainty__q75,expr_size_imbalancex_uncertainty,alphaforge_interaction,2,0.75,1599,24.449879532396974,-0.7555012046760303,0.8620419988084708,0.5103189493433395,-0.047248355514448774,0.9656032884598413,-0.48789391293553996,-0.011260765712960197,0.47090819185759025,1.0,train,0.28860439330878984,-0.27191808618845525
expr_size_imbalancex_uncertainty__q75,expr_size_imbalancex_uncertainty,alphaforge_interaction,2,0.75,1324,286.952308566705,1.8695230856670504,0.7068747074720487,0.5241691842900302,0.14120264997485246,1.0425490147873815,-0.49434493695014436,0.01943365427698418,0.5263509006004002,1.0,validation,0.28860439330878984,-0.27191808618845525
expr_size_imbalancex_uncertainty__q75,expr_size_imbalancex_uncertainty,alphaforge_interaction,2,0.75,1041,4.140884318389353,-0.9585911568161065,0.9837107673169104,0.4918347742555235,-0.09208368461249837,0.7392977400849539,-0.4316006087400922,-0.0729937063731722,0.35573715810540363,1.0,test,0.28860439330878984,-0.27191808618845525
expr_size_imbalancex_uncertainty__q75,expr_size_imbalancex_uncertainty,alphaforge_interaction,2,0.75,132,163.2671345891744,0.6326713458917439,0.3163444425007964,0.5757575757575758,0.47929647416041066,1.2147234554293278,-0.25010625991689506,0.05235291488979965,0.6601941747572816,1.0,latest72h,0.28860439330878984,-0.27191808618845525
expr_size_imbalancex_uncertainty__q75,expr_size_imbalancex_uncertainty,alphaforge_interaction,2,0.75,3964,2.905223474968864,-0.9709477652503113,0.9931335476393054,0.5100908173562059,-0.024494141403893138,0.972484180576174,-0.49434493695014436,-0.02142364088139681,0.4539570702932984,1.0,full,0.28860439330878984,-0.27191808618845525
expr_size_imbalancex_uncertainty__q80,expr_size_imbalancex_uncertainty,alphaforge_interaction,2,0.8,1079,44.089688639663464,-0.5591031136033653,0.8001896494627045,0.5115848007414272,-0.05181678532005273,0.9592067026838671,-0.37027752537976966,-0.004484880505351341,0.4878028679742871,1.0,train,0.362948618045531,-0.3565126458108587
expr_size_imbalancex_uncertainty__q80,expr_size_imbalancex_uncertainty,alphaforge_interaction,2,0.8,949,151.96884073593006,0.5196884073593007,0.7090677233519139,0.5258166491043204,0.054761686760725965,1.022357645924604,-0.41806741163797523,-0.006701833974563809,0.48198799199466313,1.0,validation,0.362948618045531,-0.3565126458108587
expr_size_imbalancex_uncertainty__q80,expr_size_imbalancex_uncertainty,alphaforge_interaction,2,0.8,755,13.71659968861289,-0.862834003113871,0.9497240582932855,0.4966887417218543,-0.11428264941905589,0.7806415799008624,-0.405691829537813,-0.0410807797842086,0.3907605070046698,1.0,test,0.362948618045531,-0.3565126458108587
expr_size_imbalancex_uncertainty__q80,expr_size_imbalancex_uncertainty,alphaforge_interaction,2,0.8,99,162.0023416566822,0.6200234165668221,0.28529495462049403,0.5959595959595959,0.6262862793604259,1.3276029814179917,-0.1954525180185388,0.05758703883322802,0.7517337031900139,1.0,latest72h,0.362948618045531,-0.3565126458108587
expr_size_imbalancex_uncertainty__q80,expr_size_imbalancex_uncertainty,alphaforge_interaction,2,0.8,2783,9.190476874327887,-0.9080952312567211,0.9805965425073357,0.512396694214876,-0.03263008376775881,0.9658477535721037,-0.41806741163797523,-0.014563729596978714,0.4597738816975258,1.0,full,0.362948618045531,-0.3565126458108587
expr_size_imbalancex_uncertainty__q85,expr_size_imbalancex_uncertainty,alphaforge_interaction,2,0.85,663,37.28858764609316,-0.6271141235390684,0.7520839641562095,0.497737556561086,-0.09458734895008598,0.9058045629116545,-0.3262130460129169,-0.008451017842084574,0.4680237349596176,0.9995055216746332,train,0.45249743658496816,-0.4464662931850362
expr_size_imbalancex_uncertainty__q85,expr_size_imbalancex_uncertainty,alphaforge_interaction,2,0.85,616,130.77403733580522,0.30774037335805215,0.688769550689648,0.5324675324675324,0.04995785281786512,1.0311628255505112,-0.35690273516772575,0.0030649616904780963,0.5020013342228152,1.0,validation,0.45249743658496816,-0.4464662931850362
expr_size_imbalancex_uncertainty__q85,expr_size_imbalancex_uncertainty,alphaforge_interaction,2,0.85,495,34.17411606156526,-0.6582588393843474,0.843128463656653,0.501010101010101,-0.13298158371401003,0.805005622116513,-0.3189097324319998,-0.02021267848151298,0.4309539693128753,0.9948298865910608,test,0.45249743658496816,-0.4464662931850362
expr_size_imbalancex_uncertainty__q85,expr_size_imbalancex_uncertainty,alphaforge_interaction,2,0.85,68,141.5030310163637,0.415030310163637,0.1764984586206326,0.6029411764705882,0.6103386914171117,1.3452230276984312,-0.12556509335325938,0.043589155842719496,0.6782246879334258,1.0,latest72h,0.45249743658496816,-0.4464662931850362
expr_size_imbalancex_uncertainty__q85,expr_size_imbalancex_uncertainty,alphaforge_interaction,2,0.85,1774,16.66459471358317,-0.8333540528641683,0.9342090956534864,0.5107102593010147,-0.04697598945119345,0.9304731922381212,-0.35690273516772575,-0.011162242275881473,0.46448467966573814,0.9984843519580534,full,0.45249743658496816,-0.4464662931850362
expr_size_imbalancex_uncertainty__q90,expr_size_imbalancex_uncertainty,alphaforge_interaction,2,0.9,309,71.06565647583014,-0.2893434352416986,0.5635037401810407,0.5080906148867314,-0.09363865218177932,0.9454183556598493,-0.17373923054858165,0.0,0.44610186253502554,0.9236855117850667,train,0.5534538048991139,-0.5522629858696708
expr_size_imbalancex_uncertainty__q90,expr_size_imbalancex_uncertainty,alphaforge_interaction,2,0.9,358,113.38590356776932,0.1338590356776932,0.6416409384845085,0.5363128491620112,0.03739079208874042,1.0258650606467654,-0.3410227733737835,0.00460761722512526,0.5170113408939293,1.0,validation,0.5534538048991139,-0.5522629858696708
expr_size_imbalancex_uncertainty__q90,expr_size_imbalancex_uncertainty,alphaforge_interaction,2,0.9,277,137.15991609458112,0.37159916094581114,0.4963637353823781,0.5379061371841155,0.13415132164108673,1.0967656579805964,-0.22699010932652297,0.007862810203006942,0.5300200133422281,0.9691460973982655,test,0.5534538048991139,-0.5522629858696708
expr_size_imbalancex_uncertainty__q90,expr_size_imbalancex_uncertainty,alphaforge_interaction,2,0.9,36,142.4876669962331,0.424876669962331,0.08759286127319343,0.6666666666666666,1.1802129721175845,1.7860258645167673,-0.04241571716636494,0.06291640081454553,0.8183079056865464,0.9750346740638003,latest72h,0.5534538048991139,-0.5522629858696708
expr_size_imbalancex_uncertainty__q90,expr_size_imbalancex_uncertainty,alphaforge_interaction,2,0.9,944,110.52131619751677,0.10521316197516772,0.796341060831921,0.527542372881356,0.011145462073640403,1.0087145087579523,-0.3410227733737835,0.0,0.4820580042601999,0.9544895952810093,full,0.5534538048991139,-0.5522629858696708
expr_size_imbalancex_uncertainty__q95,expr_size_imbalancex_uncertainty,alphaforge_interaction,2,0.95,79,93.08413212978537,-0.06915867870214631,0.2525129611981309,0.5063291139240507,-0.0875426312685393,0.9535423513891287,-0.15356352691414488,0.0,0.2818526454590407,0.5606560079116532,train,0.692906867853149,-0.6900284567336644
expr_size_imbalancex_uncertainty__q95,expr_size_imbalancex_uncertainty,alphaforge_interaction,2,0.95,106,132.3824210690256,0.323824210690256,0.3155315508746026,0.5660377358490566,0.30549453838703344,1.1558397671152787,-0.1533810742950087,0.0,0.4244496330887258,0.8734156104069379,validation,0.692906867853149,-0.6900284567336644
expr_size_imbalancex_uncertainty__q95,expr_size_imbalancex_uncertainty,alphaforge_interaction,2,0.95,82,163.51056726875802,0.6351056726875803,0.2783814555133466,0.5975609756097561,0.7745191130336347,1.5066995134399264,-0.15344511727935572,0.009116306171670141,0.5338559039359573,0.7963642428285523,test,0.692906867853149,-0.6900284567336644
expr_size_imbalancex_uncertainty__q95,expr_size_imbalancex_uncertainty,alphaforge_interaction,2,0.95,10,120.69620899694134,0.20696208996941334,0.040930232558139476,0.8,2.069620899694133,3.388824379564532,-0.008961240310077612,0.033333333333333215,0.6532593619972261,0.7697642163661581,latest72h,0.692906867853149,-0.6900284567336644
expr_size_imbalancex_uncertainty__q95,expr_size_imbalancex_uncertainty,alphaforge_interaction,2,0.95,267,201.4892120934627,1.0148921209346269,0.39133468772500596,0.5580524344569289,0.38010940858974823,1.2043100727783176,-0.15356352691414488,0.0,0.37547107979682126,0.7005161396034737,full,0.692906867853149,-0.6900284567336644
expr_size_imbalancex_low_cost__q70,expr_size_imbalancex_low_cost,alphaforge_interaction,2,0.7,1870,0.6221241386702967,-0.993778758613297,0.9961198545063047,0.5203208556149732,-0.05314324912370574,0.903953008095057,-0.47969448644924606,-0.06582513879516849,0.3890720290093951,1.0,train,0.5006331624325634,-0.5005555251509645
expr_size_imbalancex_low_cost__q70,expr_size_imbalancex_low_cost,alphaforge_interaction,2,0.7,1592,7.6645843025077305,-0.9233541569749227,0.9531258925723359,0.5062814070351759,-0.05799963297581184,0.8732705395873274,-0.6005013800625181,-0.07044219118302664,0.4066044029352902,1.0,validation,0.5006331624325634,-0.5005555251509645
expr_size_imbalancex_low_cost__q70,expr_size_imbalancex_low_cost,alphaforge_interaction,2,0.7,1230,0.3421515942004057,-0.996578484057996,0.9975225933644702,0.4894308943089431,-0.08102264098032491,0.6388242823170994,-0.5466583992663585,-0.15372008705120666,0.2418278852568379,1.0,test,0.5006331624325634,-0.5005555251509645
expr_size_imbalancex_low_cost__q70,expr_size_imbalancex_low_cost,alphaforge_interaction,2,0.7,158,96.6199043731257,-0.03380095626874291,0.43128988608347524,0.5379746835443038,-0.02139301029667349,0.9888885951077423,-0.3022073429313754,-0.13417595963316875,0.26490984743411927,1.0,latest72h,0.5006331624325634,-0.5005555251509645
expr_size_imbalancex_low_cost__q70,expr_size_imbalancex_low_cost,alphaforge_interaction,2,0.7,4692,0.000163148928445095,-0.9999983685107156,0.9999992632266432,0.507459505541347,-0.021312838203553196,0.9037856323361999,-0.6005013800625181,-0.09271317398367185,0.35265443224643617,1.0,full,0.5006331624325634,-0.5005555251509645
expr_size_imbalancex_low_cost__q75,expr_size_imbalancex_low_cost,alphaforge_interaction,2,0.75,1164,1.645253619346456,-0.9835474638065355,0.9912442443326103,0.5017182130584192,-0.08449720479437599,0.8840205123601436,-0.3921261500035469,-0.04499765096507502,0.35973298170430196,1.0,train,0.6056017890796808,-0.6066163031830583
expr_size_imbalancex_low_cost__q75,expr_size_imbalancex_low_cost,alphaforge_interaction,2,0.75,1164,54.51022483735662,-0.45489775162643387,0.8733114126065955,0.5094501718213058,-0.03908056285450507,0.970082280874427,-0.4798263963288866,-0.030986162759502722,0.45697131420947296,1.0,validation,0.6056017890796808,-0.6066163031830583
expr_size_imbalancex_low_cost__q75,expr_size_imbalancex_low_cost,alphaforge_interaction,2,0.75,851,1.4427300499164433,-0.9855726995008356,0.9873577544553611,0.481786133960047,-0.11581347820221354,0.6727719915842892,-0.5357810045646338,-0.09060014681719863,0.31070713809206135,0.9993328885923949,test,0.6056017890796808,-0.6066163031830583
expr_size_imbalancex_low_cost__q75,expr_size_imbalancex_low_cost,alphaforge_interaction,2,0.75,104,72.97342561079635,-0.2702657438920365,0.39053432636644636,0.5192307692307693,-0.25987090758849746,0.8471623252144639,-0.29065681473721583,-0.08766986728787018,0.27045769764216365,1.0,latest72h,0.6056017890796808,-0.6066163031830583
expr_size_imbalancex_low_cost__q75,expr_size_imbalancex_low_cost,alphaforge_interaction,2,0.75,3179,0.012938856783698051,-0.999870611432163,0.9999396613167544,0.4992135891789871,-0.03145236273772142,0.8858273100937045,-0.5357810045646338,-0.054921400171574986,0.36936752416844176,0.9998361461576274,full,0.6056017890796808,-0.6066163031830583
expr_size_imbalancex_low_cost__q80,expr_size_imbalancex_low_cost,alphaforge_interaction,2,0.8,615,21.157978018708533,-0.7884202198129147,0.9257639561003829,0.4878048780487805,-0.12819840972567698,0.8939398635693221,-0.35427571483095,-0.025529028571428802,0.3875885940332949,0.9873908027031482,train,0.7014986709504305,-0.7045257140346781
expr_size_imbalancex_low_cost__q80,expr_size_imbalancex_low_cost,alphaforge_interaction,2,0.8,729,174.29604367659854,0.7429604367659854,0.824098545589537,0.5157750342935528,0.10191501190205404,1.0202983230241047,-0.37296108962063024,-0.03530765190064761,0.4429619746497665,1.0,validation,0.7014986709504305,-0.7045257140346781
expr_size_imbalancex_low_cost__q80,expr_size_imbalancex_low_cost,alphaforge_interaction,2,0.8,490,11.098514354320162,-0.8890148564567983,0.9298680786141893,0.4857142857142857,-0.18143160335853048,0.69877837627722,-0.41948304162343664,-0.04745481109358318,0.35857238158772514,0.9939959973315544,test,0.7014986709504305,-0.7045257140346781
expr_size_imbalancex_low_cost__q80,expr_size_imbalancex_low_cost,alphaforge_interaction,2,0.8,53,90.4804067724398,-0.09519593227560197,0.2744654462418644,0.6037735849056604,-0.17961496655773987,0.8837718989205335,-0.15417684428571432,-0.04173913043478261,0.29819694868238555,0.9902912621359223,latest72h,0.7014986709504305,-0.7045257140346781
expr_size_imbalancex_low_cost__q80,expr_size_imbalancex_low_cost,alphaforge_interaction,2,0.8,1834,4.092856696289606,-0.959071433037104,0.9864192760350989,0.4983642311886587,-0.05229397126701779,0.9410395613981355,-0.41948304162343664,-0.03034127666857045,0.3932901851548419,0.9922579059478944,full,0.7014986709504305,-0.7045257140346781
expr_size_imbalancex_low_cost__q85,expr_size_imbalancex_low_cost,alphaforge_interaction,2,0.85,234,75.96105017179318,-0.24038949828206824,0.7045646364270348,0.48717948717948717,-0.10273055482139655,0.9444367099158242,-0.1959733852099288,-0.0076782464459759225,0.3554475028844569,0.8813252019119828,train,0.7904872101617408,-0.788095823270628
expr_size_imbalancex_low_cost__q85,expr_size_imbalancex_low_cost,alphaforge_interaction,2,0.85,323,80.33277883276077,-0.19667221167239235,0.729021627360598,0.5046439628482973,-0.060889229619936744,0.9730025667815815,-0.2705225348618081,-0.03910839086898088,0.3709139426284189,0.9963308872581721,validation,0.7904872101617408,-0.788095823270628
expr_size_imbalancex_low_cost__q85,expr_size_imbalancex_low_cost,alphaforge_interaction,2,0.85,217,32.454277157262,-0.6754572284273801,0.7509173536179936,0.4976958525345622,-0.31127061217851654,0.6907069180025757,-0.23104502651749848,-0.04069196749600107,0.3043695797198132,0.9524683122081388,test,0.7904872101617408,-0.788095823270628
expr_size_imbalancex_low_cost__q85,expr_size_imbalancex_low_cost,alphaforge_interaction,2,0.85,21,93.68061150619111,-0.06319388493808886,0.15425819171097313,0.47619047619047616,-0.30092326160994637,0.859997774421487,-0.11836022857142858,-0.04066666666666663,0.27600554785020803,0.970873786407767,latest72h,0.7904872101617408,-0.788095823270628
expr_size_imbalancex_low_cost__q85,expr_size_imbalancex_low_cost,alphaforge_interaction,2,0.85,774,19.804126470441908,-0.8019587352955809,0.9143677107955152,0.4974160206718346,-0.10361223970227151,0.9283497874657486,-0.2705225348618081,-0.027065429715490086,0.34634605931509094,0.9284368343437653,full,0.7904872101617408,-0.788095823270628
expr_size_imbalancex_low_cost__q90,expr_size_imbalancex_low_cost,alphaforge_interaction,2,0.9,53,80.11613448873676,-0.19883865511263243,0.26221164128926217,0.49056603773584906,-0.3751672737974201,0.8061174756152161,-0.1246212021857922,0.0,0.18386352398219877,0.40753255315641995,train,0.8663688273371312,-0.8652816642076671
expr_size_imbalancex_low_cost__q90,expr_size_imbalancex_low_cost,alphaforge_interaction,2,0.9,87,125.50564652468832,0.2550564652468832,0.4008523493891807,0.5287356321839081,0.2931683508584873,1.1044992170832342,-0.2149994633687773,0.0,0.33288859239492996,0.6529352901934623,validation,0.8663688273371312,-0.8652816642076671
expr_size_imbalancex_low_cost__q90,expr_size_imbalancex_low_cost,alphaforge_interaction,2,0.9,57,55.42703357180646,-0.4457296642819354,0.4705047169176203,0.49122807017543857,-0.7819818671612905,0.4717535125712563,-0.12800368391170092,0.0,0.27585056704469646,0.7311541027351568,test,0.8663688273371312,-0.8652816642076671
expr_size_imbalancex_low_cost__q90,expr_size_imbalancex_low_cost,alphaforge_interaction,2,0.9,6,97.53768866836029,-0.024623113316397105,0.08107826086956518,0.5,-0.4103852219399544,0.8021677633459733,-0.08107826086956516,0.0,0.43411927877947293,0.6782246879334258,latest72h,0.8663688273371312,-0.8652816642076671
expr_size_imbalancex_low_cost__q90,expr_size_imbalancex_low_cost,alphaforge_interaction,2,0.9,197,55.7320333287499,-0.44267966671250103,0.6593103530853773,0.5076142131979695,-0.22471049071700636,0.8844006773009309,-0.2149994633687773,0.0,0.2409061117483205,0.5464525643126331,full,0.8663688273371312,-0.8652816642076671
expr_size_imbalancex_low_cost__q95,expr_size_imbalancex_low_cost,alphaforge_interaction,2,0.95,15,84.99732932765023,-0.1500267067234976,0.17925839079644942,0.4,-1.0001780448233195,0.5952601097627003,-0.08752380952380945,0.0,0.049859897807812754,0.11793308059996703,train,0.9327368781364023,-0.9343438615483358
expr_size_imbalancex_low_cost__q95,expr_size_imbalancex_low_cost,alphaforge_interaction,2,0.95,5,86.41312990993809,-0.1358687009006191,0.15517889752853825,0.2,-2.7173740180123795,0.14400391464937554,-0.0796109289617487,0.0,0.02401601067378252,0.11574382921947965,validation,0.9327368781364023,-0.9343438615483358
expr_size_imbalancex_low_cost__q95,expr_size_imbalancex_low_cost,alphaforge_interaction,2,0.95,7,74.30514763074005,-0.25694852369259946,0.25694852369259946,0.0,-3.670693195608561,0.0,-0.0444444444444444,0.0,0.0,0.16811207471647766,test,0.9327368781364023,-0.9343438615483358
expr_size_imbalancex_low_cost__q95,expr_size_imbalancex_low_cost,alphaforge_interaction,2,0.95,1,95.82608695652173,-0.04173913043478261,0.04173913043478261,0.0,-4.173913043478262,0.0,-0.04173913043478261,0.0,0.0,0.19972260748959778,latest72h,0.9327368781364023,-0.9343438615483358
expr_size_imbalancex_low_cost__q95,expr_size_imbalancex_low_cost,alphaforge_interaction,2,0.95,27,54.576278366342336,-0.45423721633657665,0.4730067063864647,0.25925925925925924,-1.6823600605058393,0.3457744332344834,-0.08752380952380945,0.0,0.03068163198427003,0.13227101425528429,full,0.9327368781364023,-0.9343438615483358
expr_size_imbalancex_tight_spread__q70,expr_size_imbalancex_tight_spread,alphaforge_interaction,2,0.7,1875,0.7118194179932525,-0.9928818058200675,0.9953593357637738,0.5194666666666666,-0.05295369631040355,0.8973446100377532,-0.47969448644924606,-0.06504381649548108,0.3906378770397231,1.0,train,0.43728941731297033,-0.4375177832141513
expr_size_imbalancex_tight_spread__q70,expr_size_imbalancex_tight_spread,alphaforge_interaction,2,0.7,1593,7.3457375955234046,-0.926542624044766,0.9550758554413268,0.5059635907093534,-0.05816337878498229,0.8702909773006369,-0.6005013800625181,-0.07176513142667151,0.40360240160106736,1.0,validation,0.43728941731297033,-0.4375177832141513
expr_size_imbalancex_tight_spread__q70,expr_size_imbalancex_tight_spread,alphaforge_interaction,2,0.7,1232,0.3337180863657132,-0.9966628191363429,0.9975836576079945,0.48944805194805197,-0.08089795609872917,0.6387348014444056,-0.5466583992663585,-0.15352982704807117,0.2408272181454303,1.0,test,0.43728941731297033,-0.4375177832141513
expr_size_imbalancex_tight_spread__q70,expr_size_imbalancex_tight_spread,alphaforge_interaction,2,0.7,158,96.6199043731257,-0.03380095626874291,0.43128988608347524,0.5379746835443038,-0.02139301029667349,0.9888885951077423,-0.3022073429313754,-0.13417595963316875,0.26490984743411927,1.0,latest72h,0.43728941731297033,-0.4375177832141513
expr_size_imbalancex_tight_spread__q70,expr_size_imbalancex_tight_spread,alphaforge_interaction,2,0.7,4700,0.00017449580315224576,-0.9999982550419685,0.9999991762905834,0.5070212765957447,-0.021276558617914207,0.8971647869571101,-0.6005013800625181,-0.09258495604320005,0.35244961494347044,1.0,full,0.43728941731297033,-0.4375177832141513
expr_size_imbalancex_tight_spread__q75,expr_size_imbalancex_tight_spread,alphaforge_interaction,2,0.75,1167,1.520297727975775,-0.9847970227202423,0.9919092380096808,0.5012853470437018,-0.08438706278665324,0.8833868369109624,-0.3921261500035469,-0.04908774006855876,0.3580023075655184,1.0,train,0.5295244970715283,-0.5306441388673484
expr_size_imbalancex_tight_spread__q75,expr_size_imbalancex_tight_spread,alphaforge_interaction,2,0.75,1166,50.07550503294157,-0.4992449496705843,0.8836182566745339,0.5085763293310464,-0.04281689105236615,0.964870259735357,-0.5012453094212264,-0.032024151658337496,0.45547031354236156,1.0,validation,0.5295244970715283,-0.5306441388673484
expr_size_imbalancex_tight_spread__q75,expr_size_imbalancex_tight_spread,alphaforge_interaction,2,0.75,854,1.3289576127279035,-0.986710423872721,0.9883547109457543,0.4812646370023419,-0.11553986228017832,0.666252925707587,-0.5422489190173367,-0.09218787755388291,0.30770513675783856,0.9993328885923949,test,0.5295244970715283,-0.5306441388673484
expr_size_imbalancex_tight_spread__q75,expr_size_imbalancex_tight_spread,alphaforge_interaction,2,0.75,104,72.97342561079635,-0.2702657438920365,0.39053432636644636,0.5192307692307693,-0.25987090758849746,0.8471623252144639,-0.29065681473721583,-0.08766986728787018,0.27045769764216365,1.0,latest72h,0.5295244970715283,-0.5306441388673484
expr_size_imbalancex_tight_spread__q75,expr_size_imbalancex_tight_spread,alphaforge_interaction,2,0.75,3187,0.010117311317748868,-0.9998988268868225,0.9999528192286921,0.49858801380608725,-0.03137429641941712,0.8848514325095058,-0.5422489190173367,-0.059253543462238545,0.3674012780599705,0.9998361461576274,full,0.5295244970715283,-0.5306441388673484
expr_size_imbalancex_tight_spread__q80,expr_size_imbalancex_tight_spread,alphaforge_interaction,2,0.8,616,22.153135669354384,-0.7784686433064562,0.9189210270889332,0.48863636363636365,-0.12637477975754163,0.895714590808685,-0.35427571483095,-0.023883552182163093,0.3796769408274271,0.9878028679742872,train,0.6136574447862606,-0.6158968915604123
expr_size_imbalancex_tight_spread__q80,expr_size_imbalancex_tight_spread,alphaforge_interaction,2,0.8,731,160.14373985397793,0.6014373985397794,0.8313415466534972,0.5143638850889193,0.08227597791241648,1.0168781613069116,-0.37296108962063024,-0.035544576314295306,0.4384589726484323,1.0,validation,0.6136574447862606,-0.6158968915604123
expr_size_imbalancex_tight_spread__q80,expr_size_imbalancex_tight_spread,alphaforge_interaction,2,0.8,492,10.188137729821095,-0.898118622701789,0.9356207820682326,0.483739837398374,-0.182544435508494,0.6825615179031361,-0.41948304162343664,-0.04825680114281994,0.3550700466977985,0.9939959973315544,test,0.6136574447862606,-0.6158968915604123
expr_size_imbalancex_tight_spread__q80,expr_size_imbalancex_tight_spread,alphaforge_interaction,2,0.8,53,90.4804067724398,-0.09519593227560197,0.2744654462418644,0.6037735849056604,-0.17961496655773987,0.8837718989205335,-0.15417684428571432,-0.04173913043478261,0.29819694868238555,0.9902912621359223,latest72h,0.6136574447862606,-0.6158968915604123
expr_size_imbalancex_tight_spread__q80,expr_size_imbalancex_tight_spread,alphaforge_interaction,2,0.8,1839,3.6144313545156628,-0.9638556864548433,0.9874896708233201,0.49755301794453505,-0.05241194597361855,0.9410939293140509,-0.41948304162343664,-0.030099584369958077,0.38739144682942817,0.9924627232508603,full,0.6136574447862606,-0.6158968915604123
expr_size_imbalancex_tight_spread__q85,expr_size_imbalancex_tight_spread,alphaforge_interaction,2,0.85,234,75.96105017179318,-0.24038949828206824,0.7045646364270348,0.48717948717948717,-0.10273055482139655,0.9444367099158242,-0.1959733852099288,-0.0076782464459759225,0.3554475028844569,0.8813252019119828,train,0.6908628060052396,-0.6895040412756969
expr_size_imbalancex_tight_spread__q85,expr_size_imbalancex_tight_spread,alphaforge_interaction,2,0.85,327,73.47433208285494,-0.26525667917145057,0.73019968648005,0.5015290519877675,-0.08111825051114761,0.9615607148227728,-0.2705225348618081,-0.04066666666666663,0.3695797198132088,0.9963308872581721,validation,0.6908628060052396,-0.6895040412756969
expr_size_imbalancex_tight_spread__q85,expr_size_imbalancex_tight_spread,alphaforge_interaction,2,0.85,218,32.616548543048296,-0.673834514569517,0.7496719403860838,0.5,-0.30909840117867793,0.6922144788320206,-0.23104502651749848,-0.04066666666666663,0.3043695797198132,0.9524683122081388,test,0.6908628060052396,-0.6895040412756969
expr_size_imbalancex_tight_spread__q85,expr_size_imbalancex_tight_spread,alphaforge_interaction,2,0.85,21,93.68061150619111,-0.06319388493808886,0.15425819171097313,0.47619047619047616,-0.30092326160994637,0.859997774421487,-0.11836022857142858,-0.04066666666666663,0.27600554785020803,0.970873786407767,latest72h,0.6908628060052396,-0.6895040412756969
expr_size_imbalancex_tight_spread__q85,expr_size_imbalancex_tight_spread,alphaforge_interaction,2,0.85,779,18.203907059769698,-0.817960929402303,0.9143136910115205,0.496790757381258,-0.10500140300414698,0.9241934998352257,-0.2705225348618081,-0.027065429715490086,0.3460183516303457,0.9284368343437653,full,0.6908628060052396,-0.6895040412756969
expr_size_imbalancex_tight_spread__q90,expr_size_imbalancex_tight_spread,alphaforge_interaction,2,0.9,53,80.11613448873676,-0.19883865511263243,0.26221164128926217,0.49056603773584906,-0.3751672737974201,0.8061174756152161,-0.1246212021857922,0.0,0.18386352398219877,0.40753255315641995,train,0.7575547307809173,-0.7562060994169498
expr_size_imbalancex_tight_spread__q90,expr_size_imbalancex_tight_spread,alphaforge_interaction,2,0.9,87,125.50564652468832,0.2550564652468832,0.4008523493891807,0.5287356321839081,0.2931683508584873,1.1044992170832342,-0.2149994633687773,0.0,0.33288859239492996,0.6529352901934623,validation,0.7575547307809173,-0.7562060994169498
expr_size_imbalancex_tight_spread__q90,expr_size_imbalancex_tight_spread,alphaforge_interaction,2,0.9,59,57.560974364320984,-0.4243902563567902,0.45011914851894885,0.5084745762711864,-0.7193055192487965,0.508478228507262,-0.11755631226247343,0.0,0.27585056704469646,0.7311541027351568,test,0.7575547307809173,-0.7562060994169498
expr_size_imbalancex_tight_spread__q90,expr_size_imbalancex_tight_spread,alphaforge_interaction,2,0.9,6,97.53768866836029,-0.024623113316397105,0.08107826086956518,0.5,-0.4103852219399544,0.8021677633459733,-0.08107826086956516,0.0,0.43411927877947293,0.6782246879334258,latest72h,0.7575547307809173,-0.7562060994169498
expr_size_imbalancex_tight_spread__q90,expr_size_imbalancex_tight_spread,alphaforge_interaction,2,0.9,199,57.877716611906784,-0.4212228338809322,0.6461938016791644,0.5125628140703518,-0.21166976576931346,0.8905678613953554,-0.2149994633687773,0.0,0.2409061117483205,0.5464525643126331,full,0.7575547307809173,-0.7562060994169498
expr_size_imbalancex_tight_spread__q95,expr_size_imbalancex_tight_spread,alphaforge_interaction,2,0.95,15,84.99732932765023,-0.1500267067234976,0.17925839079644942,0.4,-1.0001780448233195,0.5952601097627003,-0.08752380952380945,0.0,0.049859897807812754,0.11793308059996703,train,0.8160665168678548,-0.8172312768665534
expr_size_imbalancex_tight_spread__q95,expr_size_imbalancex_tight_spread,alphaforge_interaction,2,0.95,5,86.41312990993809,-0.1358687009006191,0.15517889752853825,0.2,-2.7173740180123795,0.14400391464937554,-0.0796109289617487,0.0,0.02401601067378252,0.11574382921947965,validation,0.8160665168678548,-0.8172312768665534
expr_size_imbalancex_tight_spread__q95,expr_size_imbalancex_tight_spread,alphaforge_interaction,2,0.95,7,74.30514763074005,-0.25694852369259946,0.25694852369259946,0.0,-3.670693195608561,0.0,-0.0444444444444444,0.0,0.0,0.16811207471647766,test,0.8160665168678548,-0.8172312768665534
expr_size_imbalancex_tight_spread__q95,expr_size_imbalancex_tight_spread,alphaforge_interaction,2,0.95,1,95.82608695652173,-0.04173913043478261,0.04173913043478261,0.0,-4.173913043478262,0.0,-0.04173913043478261,0.0,0.0,0.19972260748959778,latest72h,0.8160665168678548,-0.8172312768665534
expr_size_imbalancex_tight_spread__q95,expr_size_imbalancex_tight_spread,alphaforge_interaction,2,0.95,27,54.576278366342336,-0.45423721633657665,0.4730067063864647,0.25925925925925924,-1.6823600605058393,0.3457744332344834,-0.08752380952380945,0.0,0.03068163198427003,0.13227101425528429,full,0.8160665168678548,-0.8172312768665534
expr_size_imbalancex_depth_z__q70,expr_size_imbalancex_depth_z,alphaforge_interaction,2,0.7,3705,9.107054166484654e-07,-0.9999999908929458,0.9999999917476622,0.47908232118758437,-0.02699055306053838,0.7360629934891096,-0.6465988339715008,-0.22170502133965864,0.22268007252348773,1.0,train,0.17249446379575475,-0.17167273209991932
expr_size_imbalancex_depth_z__q70,expr_size_imbalancex_depth_z,alphaforge_interaction,2,0.7,2391,0.0023470855018841107,-0.9999765291449811,0.9999887443207565,0.5056461731493099,-0.04182252317628528,0.626367583524718,-0.7251055431339057,-0.272496790416707,0.24032688458972648,1.0,validation,0.17249446379575475,-0.17167273209991932
expr_size_imbalancex_depth_z__q70,expr_size_imbalancex_depth_z,alphaforge_interaction,2,0.7,2340,0.02546164956952936,-0.9997453835043048,0.9998589223925011,0.497008547008547,-0.04272416168821836,0.9233813598554722,-0.7383328063626264,-0.19894387948833314,0.2621747831887925,1.0,test,0.17249446379575475,-0.17167273209991932
expr_size_imbalancex_depth_z__q70,expr_size_imbalancex_depth_z,alphaforge_interaction,2,0.7,332,35.74711064633297,-0.6425288935366703,0.694088356168282,0.5030120481927711,-0.1935327992580334,0.8466167613311127,-0.5132004760062593,-0.1309110169756419,0.34396671289875175,1.0,latest72h,0.17249446379575475,-0.17167273209991932
expr_size_imbalancex_depth_z__q70,expr_size_imbalancex_depth_z,alphaforge_interaction,2,0.7,8436,5.442436455893828e-15,-1.0,1.0,0.49158368895211,-0.011853959222380287,0.7360629927835605,-0.7383328063626264,-0.23020950742249024,0.23676880222841226,1.0,full,0.17249446379575475,-0.17167273209991932
expr_size_imbalancex_depth_z__q75,expr_size_imbalancex_depth_z,alphaforge_interaction,2,0.75,2949,8.700534491349635e-05,-0.9999991299465508,0.999999166819607,0.4801627670396745,-0.03390977042884205,0.7729065300286848,-0.6163496488187725,-0.19971485815193168,0.25267842426240317,1.0,train,0.2568511107505783,-0.24830702366774313
expr_size_imbalancex_depth_z__q75,expr_size_imbalancex_depth_z,alphaforge_interaction,2,0.75,1877,0.06805244450681476,-0.9993194755549318,0.9993559137790582,0.5093233883857219,-0.05324024909722601,0.7734513632424916,-0.6766385071928832,-0.19235957504825518,0.2608405603735824,1.0,validation,0.2568511107505783,-0.24830702366774313
expr_size_imbalancex_depth_z__q75,expr_size_imbalancex_depth_z,alphaforge_interaction,2,0.75,1895,0.027050958558465385,-0.9997294904144154,0.9998796715451682,0.49815303430079155,-0.0527561736366447,0.9260100175366642,-0.7295024670630816,-0.179413629859968,0.276184122748499,1.0,test,0.2568511107505783,-0.24830702366774313
expr_size_imbalancex_depth_z__q75,expr_size_imbalancex_depth_z,alphaforge_interaction,2,0.75,272,39.07740881755549,-0.6092259118244452,0.6404388606655648,0.5036764705882353,-0.22398011464134035,0.820696390476295,-0.5300516851322745,-0.03569815476669469,0.44660194174757284,1.0,latest72h,0.2568511107505783,-0.24830702366774313
expr_size_imbalancex_depth_z__q75,expr_size_imbalancex_depth_z,alphaforge_interaction,2,0.75,6721,1.6016673485054933e-11,-0.9999999999998398,0.9999999999998517,0.49337896146406784,-0.014878738282991239,0.7729065307816917,-0.7295024670630816,-0.19462376392223513,0.2577830575126987,1.0,full,0.2568511107505783,-0.24830702366774313
expr_size_imbalancex_depth_z__q80,expr_size_imbalancex_depth_z,alphaforge_interaction,2,0.8,2250,0.001600702718519188,-0.9999839929728148,0.999986391261196,0.4822222222222222,-0.04444373302101408,0.8204359884570256,-0.5424663181516138,-0.16115366989713342,0.24583814076149663,1.0,train,0.3559525364418354,-0.3468643684707421
expr_size_imbalancex_depth_z__q80,expr_size_imbalancex_depth_z,alphaforge_interaction,2,0.8,1432,0.08617098634650876,-0.9991382901365349,0.9991382901365349,0.5027932960893855,-0.06977222696484188,0.7767519076055281,-0.65331413736853,-0.17070409974257167,0.2603402268178786,1.0,validation,0.3559525364418354,-0.3468643684707421
expr_size_imbalancex_depth_z__q80,expr_size_imbalancex_depth_z,alphaforge_interaction,2,0.8,1475,0.3819329041693762,-0.9961806709583062,0.9987747753570158,0.5064406779661017,-0.0675376726073429,0.9535624664328745,-0.6365980092296415,-0.11584620328053291,0.3574049366244163,1.0,test,0.3559525364418354,-0.3468643684707421
expr_size_imbalancex_depth_z__q80,expr_size_imbalancex_depth_z,alphaforge_interaction,2,0.8,226,31.162564239117717,-0.6883743576088228,0.6751136919751557,0.49557522123893805,-0.30459042372071804,0.7633395591337536,-0.44719483253354997,-0.13670764354206444,0.29958391123439665,1.0,latest72h,0.3559525364418354,-0.3468643684707421
expr_size_imbalancex_depth_z__q80,expr_size_imbalancex_depth_z,alphaforge_interaction,2,0.8,5157,5.268158365792772e-09,-0.9999999999473184,0.999999999953308,0.49486135350009697,-0.01939111886653714,0.8204354335872485,-0.65331413736853,-0.15786639827719318,0.27470096673766997,1.0,full,0.3559525364418354,-0.3468643684707421
expr_size_imbalancex_depth_z__q85,expr_size_imbalancex_depth_z,alphaforge_interaction,2,0.85,1600,0.019299681058117635,-0.9998070031894188,0.9998913706451221,0.485625,-0.06248793769933881,0.8813236925249754,-0.49543046058299134,-0.12041190120285283,0.2521839459370364,1.0,train,0.47805674663206604,-0.4648304679636791
expr_size_imbalancex_depth_z__q85,expr_size_imbalancex_depth_z,alphaforge_interaction,2,0.85,999,1.8102700084905938,-0.9818972999150941,0.9884578292125,0.5185185185185185,-0.09828801800951899,0.7493773954474305,-0.5182645695941333,-0.09564399404169793,0.34906604402935293,1.0,validation,0.47805674663206604,-0.4648304679636791
expr_size_imbalancex_depth_z__q85,expr_size_imbalancex_depth_z,alphaforge_interaction,2,0.85,1095,1.8892480034947603,-0.9811075199650524,0.9934885433411466,0.5105022831050229,-0.08959886027078183,0.9404836661151006,-0.5632145586335493,-0.07433715224700166,0.3987658438959306,1.0,test,0.47805674663206604,-0.4648304679636791
expr_size_imbalancex_depth_z__q85,expr_size_imbalancex_depth_z,alphaforge_interaction,2,0.85,179,33.79695497298667,-0.6620304502701333,0.6476487673029049,0.5139664804469274,-0.36984941355873424,0.6856333180897302,-0.41793003092689973,-0.14497088949878545,0.24410540915395285,1.0,latest72h,0.47805674663206604,-0.4648304679636791
expr_size_imbalancex_depth_z__q85,expr_size_imbalancex_depth_z,alphaforge_interaction,2,0.85,3694,6.600585489015095e-06,-0.9999999339941451,0.9999999612692781,0.5018949648077964,-0.027070924038823687,0.881312255630409,-0.5632145586335493,-0.10733414866768798,0.31029821399311813,1.0,full,0.47805674663206604,-0.4648304679636791
expr_size_imbalancex_depth_z__q90,expr_size_imbalancex_depth_z,alphaforge_interaction,2,0.9,987,0.9497102583091338,-0.9905028974169087,0.9947984012060268,0.49645390070921985,-0.10035490348702228,0.8660545823001312,-0.36052143725211194,-0.06807776174818292,0.2978407779792319,1.0,train,0.6718717291253904,-0.6334859170911864
expr_size_imbalancex_depth_z__q90,expr_size_imbalancex_depth_z,alphaforge_interaction,2,0.9,553,18.443651921349424,-0.8155634807865058,0.9244780400174503,0.5298372513562387,-0.14747983377694523,0.8197407946627325,-0.3909312846441295,-0.07079538708305366,0.388425617078052,1.0,validation,0.6718717291253904,-0.6334859170911864
expr_size_imbalancex_depth_z__q90,expr_size_imbalancex_depth_z,alphaforge_interaction,2,0.9,715,7.009573921639569,-0.9299042607836043,0.9629752463044664,0.5104895104895105,-0.1300565399697353,0.8858387904853241,-0.47607538892812806,-0.04997217937899012,0.42845230153435626,1.0,test,0.6718717291253904,-0.6334859170911864
expr_size_imbalancex_depth_z__q90,expr_size_imbalancex_depth_z,alphaforge_interaction,2,0.9,123,59.35704409498275,-0.40642955905017253,0.412669205014693,0.5365853658536586,-0.3304305358131492,0.7799886965872541,-0.31809064057790704,-0.06542819773381692,0.39528432732316227,1.0,latest72h,0.6718717291253904,-0.6334859170911864
expr_size_imbalancex_depth_z__q90,expr_size_imbalancex_depth_z,alphaforge_interaction,2,0.9,2255,0.012278057602501934,-0.999877219423975,0.9999120645708277,0.509090909090909,-0.044340453189533315,0.8658254158872222,-0.47607538892812806,-0.06573881500744472,0.35150745534982797,1.0,full,0.6718717291253904,-0.6334859170911864
expr_size_imbalancex_depth_z__q95,expr_size_imbalancex_depth_z,alphaforge_interaction,2,0.95,409,7.700940785535885,-0.9229905921446412,0.9428914046627533,0.5012224938875306,-0.22567007142900794,0.7917653009568727,-0.29362280948635333,-0.04057971014492756,0.3178671501565848,0.9860721938355036,train,1.016610702479105,-0.9763114996948545
expr_size_imbalancex_depth_z__q95,expr_size_imbalancex_depth_z,alphaforge_interaction,2,0.95,197,47.5967849860947,-0.524032150139053,0.7132910183660637,0.5532994923857868,-0.2660061675832757,0.7441945279044687,-0.224428188972162,-0.016729430132708778,0.4061040693795864,0.9574716477651768,validation,1.016610702479105,-0.9763114996948545
expr_size_imbalancex_depth_z__q95,expr_size_imbalancex_depth_z,alphaforge_interaction,2,0.95,336,30.094089793253676,-0.6990591020674632,0.871671832183041,0.5357142857142857,-0.20805330418674503,0.8174910905399575,-0.35277439910830743,-0.022226249704141776,0.4309539693128753,0.9901601067378252,test,1.016610702479105,-0.9763114996948545
expr_size_imbalancex_depth_z__q95,expr_size_imbalancex_depth_z,alphaforge_interaction,2,0.95,62,121.81029085273552,0.21810290852735514,0.286546358493923,0.6290322580645161,0.35177888472153984,1.1830935216540006,-0.247232356416063,0.027895802696919825,0.5436893203883495,1.0,latest72h,1.016610702479105,-0.9763114996948545
expr_size_imbalancex_depth_z__q95,expr_size_imbalancex_depth_z,alphaforge_interaction,2,0.95,942,1.1030688357754657,-0.9889693116422453,0.9947865670842502,0.524416135881104,-0.10498612650130007,0.7909423811383303,-0.35277439910830743,-0.03205670854700848,0.3677289857447157,0.9802146485335081,full,1.016610702479105,-0.9763114996948545
expr_sell_size_imbalancex_path_eff__q70,expr_sell_size_imbalancex_path_eff,alphaforge_interaction,2,0.7,2823,0.0003857217535113169,-0.9999961427824648,0.9999977988541351,0.5157633722989727,-0.0354231719016106,0.8855809523316386,-0.6074158201385245,-0.11755452645329934,0.3485248063293226,0.9972803692104829,train,0.060772765369487516,-0.06561739920844162
expr_sell_size_imbalancex_path_eff__q70,expr_sell_size_imbalancex_path_eff,alphaforge_interaction,2,0.7,1840,0.26558998550922913,-0.9973441001449077,0.9987601187754959,0.48641304347826086,-0.05420348370352766,0.7012366708988884,-0.7235007231795731,-0.16304421545613024,0.35340226817878584,1.0,validation,0.060772765369487516,-0.06561739920844162
expr_sell_size_imbalancex_path_eff__q70,expr_sell_size_imbalancex_path_eff,alphaforge_interaction,2,0.7,1733,0.011097650792738252,-0.9998890234920726,0.9999302377753363,0.4887478361223312,-0.057697000778538544,0.5761208948965733,-0.5957164463423189,-0.22929176403238138,0.21997998665777185,1.0,test,0.060772765369487516,-0.06561739920844162
expr_sell_size_imbalancex_path_eff__q70,expr_sell_size_imbalancex_path_eff,alphaforge_interaction,2,0.7,228,53.02708989799844,-0.46972910102001564,0.7311750640113542,0.5175438596491229,-0.2060215355350943,0.8746906490036364,-0.5519333768767714,-0.19526147464372723,0.260748959778086,1.0,latest72h,0.060772765369487516,-0.06561739920844162
expr_sell_size_imbalancex_path_eff__q70,expr_sell_size_imbalancex_path_eff,alphaforge_interaction,2,0.7,6396,1.1368859058739611e-10,-0.9999999999988631,0.9999999999995872,0.5,-0.015634771732314975,0.8855806798815272,-0.7235007231795731,-0.167245840840352,0.3146813042765853,0.998648205800426,full,0.060772765369487516,-0.06561739920844162
expr_sell_size_imbalancex_path_eff__q75,expr_sell_size_imbalancex_path_eff,alphaforge_interaction,2,0.75,2251,0.002807570874033192,-0.9999719242912597,0.9999827870618003,0.5166592625499777,-0.0444234528783323,0.8661062402484334,-0.5956034130312327,-0.13443486884664513,0.32396571616944125,0.9972803692104829,train,0.08677015566420457,-0.0908067785385606
expr_sell_size_imbalancex_path_eff__q75,expr_sell_size_imbalancex_path_eff,alphaforge_interaction,2,0.75,1475,0.5027158979340894,-0.9949728410206591,0.9973687479497882,0.48135593220338985,-0.06745578583190916,0.7078778780505303,-0.6874805381534266,-0.13773600696567007,0.3575717144763175,1.0,validation,0.08677015566420457,-0.0908067785385606
expr_sell_size_imbalancex_path_eff__q75,expr_sell_size_imbalancex_path_eff,alphaforge_interaction,2,0.75,1406,0.08068299809293121,-0.9991931700190707,0.9995395950403929,0.4900426742532006,-0.0710663705561217,0.6242069218512827,-0.6065700405846579,-0.18005762935617908,0.21981320880587057,1.0,test,0.08677015566420457,-0.0908067785385606
expr_sell_size_imbalancex_path_eff__q75,expr_sell_size_imbalancex_path_eff,alphaforge_interaction,2,0.75,193,79.18607277009454,-0.2081392722990546,0.6502207662604832,0.533678756476684,-0.10784418253837107,0.9365692485057135,-0.4291612901606543,-0.17871476012183962,0.217753120665742,1.0,latest72h,0.08677015566420457,-0.0908067785385606
expr_sell_size_imbalancex_path_eff__q75,expr_sell_size_imbalancex_path_eff,alphaforge_interaction,2,0.75,5132,1.1387683172494513e-08,-0.9999999998861232,0.9999999999593091,0.4992205767731878,-0.019485580668085024,0.8661042021431098,-0.6874805381534266,-0.1480064905019236,0.3053006718007537,0.998648205800426,full,0.08677015566420457,-0.0908067785385606
expr_sell_size_imbalancex_path_eff__q80,expr_sell_size_imbalancex_path_eff,alphaforge_interaction,2,0.8,1671,0.018501326403974627,-0.9998149867359603,0.9998876229607162,0.5170556552962298,-0.05983333253955477,0.8521236897328779,-0.5470495546689056,-0.11691807849458447,0.3202571287291907,0.9972803692104829,train,0.11947365636548093,-0.1224981883357661
expr_sell_size_imbalancex_path_eff__q80,expr_sell_size_imbalancex_path_eff,alphaforge_interaction,2,0.8,1099,0.7866622890975341,-0.9921333771090246,0.9959076461038562,0.4713375796178344,-0.09027601247579856,0.7167418042546096,-0.6120746272433084,-0.13468949771581906,0.3290527018012008,1.0,validation,0.11947365636548093,-0.1224981883357661
expr_sell_size_imbalancex_path_eff__q80,expr_sell_size_imbalancex_path_eff,alphaforge_interaction,2,0.8,1088,0.11291488907803479,-0.9988708511092197,0.9993394112512363,0.4834558823529412,-0.09180798263871508,0.6190234817208596,-0.6465319366857187,-0.16525909949237805,0.25333555703802535,1.0,test,0.11947365636548093,-0.1224981883357661
expr_sell_size_imbalancex_path_eff__q80,expr_sell_size_imbalancex_path_eff,alphaforge_interaction,2,0.8,150,78.51607487323966,-0.2148392512676034,0.6730467156214088,0.5333333333333333,-0.1432261675117363,0.9238038039875461,-0.4450922766751151,-0.13429780507227596,0.27461858529819694,1.0,latest72h,0.11947365636548093,-0.1224981883357661
expr_sell_size_imbalancex_path_eff__q80,expr_sell_size_imbalancex_path_eff,alphaforge_interaction,2,0.8,3858,1.6433966936404975e-07,-0.9999999983566034,0.9999999994160211,0.49455676516329705,-0.025920165846464564,0.8521105837612911,-0.6465319366857187,-0.13547255865639263,0.30452236604948385,0.998648205800426,full,0.11947365636548093,-0.1224981883357661
expr_sell_size_imbalancex_path_eff__q85,expr_sell_size_imbalancex_path_eff,alphaforge_interaction,2,0.85,1162,0.10823671262880069,-0.998917632873712,0.9993481944943409,0.5240963855421686,-0.08596537288069828,0.8454920503062623,-0.4494601247169576,-0.09430730990155134,0.28292401516400195,0.9972803692104829,train,0.15859022384726168,-0.16436483608028724
expr_sell_size_imbalancex_path_eff__q85,expr_sell_size_imbalancex_path_eff,alphaforge_interaction,2,0.85,757,2.7096518029238696,-0.9729034819707613,0.9900027607365102,0.45970937912813736,-0.1285209355311443,0.735693508958271,-0.5847363970699009,-0.12508649404674899,0.357238158772515,1.0,validation,0.15859022384726168,-0.16436483608028724
expr_sell_size_imbalancex_path_eff__q85,expr_sell_size_imbalancex_path_eff,alphaforge_interaction,2,0.85,786,1.646921554350655,-0.9835307844564934,0.9892110090920895,0.48982188295165396,-0.12513114306062262,0.7047333078556567,-0.5458561833845672,-0.12131743369344561,0.28418945963975983,1.0,test,0.15859022384726168,-0.16436483608028724
expr_sell_size_imbalancex_path_eff__q85,expr_sell_size_imbalancex_path_eff,alphaforge_interaction,2,0.85,109,86.60032286659813,-0.13399677133401866,0.5953235843597411,0.5504587155963303,-0.12293281773763162,0.935909987324295,-0.39449385943547455,-0.08508507654864628,0.3800277392510402,1.0,latest72h,0.15859022384726168,-0.16436483608028724
expr_sell_size_imbalancex_path_eff__q85,expr_sell_size_imbalancex_path_eff,alphaforge_interaction,2,0.85,2705,4.8301541755439145e-05,-0.9999995169845824,0.9999998094485149,0.49611829944547137,-0.036968558853404235,0.8454223039210164,-0.5847363970699009,-0.10703354506184565,0.3006308372931345,0.998648205800426,full,0.15859022384726168,-0.16436483608028724
expr_sell_size_imbalancex_path_eff__q90,expr_sell_size_imbalancex_path_eff,alphaforge_interaction,2,0.9,700,2.0078715134478293,-0.9799212848655217,0.990196948023368,0.5271428571428571,-0.13998875498078872,0.8317733940492458,-0.39174218882354794,-0.06437693456979565,0.31028514916762817,0.9905224987638042,train,0.21493147020393705,-0.2263610567664334
expr_sell_size_imbalancex_path_eff__q90,expr_sell_size_imbalancex_path_eff,alphaforge_interaction,2,0.9,448,6.844563102405174,-0.9315543689759482,0.9701081223400165,0.44419642857142855,-0.20793624307498854,0.6214843216428247,-0.4890749566100826,-0.11676514139784933,0.2816877918612408,1.0,validation,0.21493147020393705,-0.2263610567664334
expr_sell_size_imbalancex_path_eff__q90,expr_sell_size_imbalancex_path_eff,alphaforge_interaction,2,0.9,485,17.70646154978479,-0.8229353845021521,0.9184155638615352,0.511340206185567,-0.16967739886642322,0.7898259200567983,-0.4158112155861238,-0.07105804174171271,0.33072048032021345,1.0,test,0.21493147020393705,-0.2263610567664334
expr_sell_size_imbalancex_path_eff__q90,expr_sell_size_imbalancex_path_eff,alphaforge_interaction,2,0.9,71,95.59204196479394,-0.04407958035206061,0.45712967051809805,0.5633802816901409,-0.062083915988818024,0.9706359908723574,-0.3316694653557726,-0.06388628196093549,0.2552011095700416,1.0,latest72h,0.21493147020393705,-0.2263610567664334
expr_sell_size_imbalancex_path_eff__q90,expr_sell_size_imbalancex_path_eff,alphaforge_interaction,2,0.9,1633,0.02433399590729385,-0.9997566600409271,0.9999435774579615,0.49969381506429883,-0.06122208573428821,0.8299676890681899,-0.4890749566100826,-0.08046888460041113,0.3071030640668524,0.9952892020317876,full,0.21493147020393705,-0.2263610567664334
expr_sell_size_imbalancex_path_eff__q95,expr_sell_size_imbalancex_path_eff,alphaforge_interaction,2,0.95,311,2.115397100469917,-0.9788460289953008,0.9831817482754069,0.4790996784565916,-0.3147414884229263,0.643304678853582,-0.3929788545791135,-0.040487804878048816,0.1875721114224493,0.8227295203560244,train,0.32327956299321114,-0.32855315021915693
expr_sell_size_imbalancex_path_eff__q95,expr_sell_size_imbalancex_path_eff,alphaforge_interaction,2,0.95,184,35.50131364286768,-0.6449868635713232,0.8312815391718291,0.45652173913043476,-0.35053633889745817,0.739858771511464,-0.3859044444857126,-0.037091070988903685,0.29236157438292193,0.9012675116744496,validation,0.32327956299321114,-0.32855315021915693
expr_sell_size_imbalancex_path_eff__q95,expr_sell_size_imbalancex_path_eff,alphaforge_interaction,2,0.95,228,16.99982451119594,-0.8300017548880406,0.854827864070304,0.4956140350877193,-0.3640358574070353,0.5881314963071954,-0.30336273450704754,-0.04869706260869566,0.3147098065376918,0.9751501000667111,test,0.32327956299321114,-0.32855315021915693
expr_sell_size_imbalancex_path_eff__q95,expr_sell_size_imbalancex_path_eff,alphaforge_interaction,2,0.95,39,93.87714343228278,-0.061228565677172164,0.3239454843339423,0.6410256410256411,-0.1569963222491585,0.9005212908365787,-0.211458027476491,-0.07919694222222229,0.2815533980582524,0.955617198335645,latest72h,0.32327956299321114,-0.32855315021915693
expr_sell_size_imbalancex_path_eff__q95,expr_sell_size_imbalancex_path_eff,alphaforge_interaction,2,0.95,723,0.12766762119312527,-0.9987233237880687,0.9991065981778025,0.4785615491009682,-0.13813600605644105,0.6448087478254831,-0.3929788545791135,-0.04063824175824171,0.24688677699492054,0.8815336719646075,full,0.32327956299321114,-0.32855315021915693
expr_sell_size_imbalancex_uncertainty__q70,expr_sell_size_imbalancex_uncertainty,alphaforge_interaction,2,0.7,2519,4.493627891416561,-0.9550637210858344,0.9729329133855827,0.5168717745136959,-0.03791439940793318,0.9236892209139845,-0.601268559376797,-0.04808441594362911,0.42541618592385033,1.0,train,0.21504843862239495,-0.20887916853664856
expr_sell_size_imbalancex_uncertainty__q70,expr_sell_size_imbalancex_uncertainty,alphaforge_interaction,2,0.7,1797,20.420150716119295,-0.7957984928388071,0.9602306861587604,0.5119643850862549,-0.04428483543899889,0.9229492766540948,-0.5638908446307869,-0.021889163203433093,0.4666444296197465,1.0,validation,0.21504843862239495,-0.20887916853664856
expr_sell_size_imbalancex_uncertainty__q70,expr_sell_size_imbalancex_uncertainty,alphaforge_interaction,2,0.7,1548,0.22886694582084527,-0.9977113305417915,0.9982479185731652,0.49483204134366926,-0.06445163633990914,0.7253960194195093,-0.5666778265092389,-0.12009214362015519,0.2753502334889927,1.0,test,0.21504843862239495,-0.20887916853664856
expr_sell_size_imbalancex_uncertainty__q70,expr_sell_size_imbalancex_uncertainty,alphaforge_interaction,2,0.7,197,93.2876072688075,-0.06712392731192496,0.4574563586712238,0.5329949238578681,-0.034073059549201104,0.9831969031302644,-0.41436131312264335,-0.05681220688196664,0.3897364771151179,1.0,latest72h,0.21504843862239495,-0.20887916853664856
expr_sell_size_imbalancex_uncertainty__q70,expr_sell_size_imbalancex_uncertainty,alphaforge_interaction,2,0.7,5864,0.0021000958840487857,-0.9999789990411595,0.9999883382435294,0.509549795361528,-0.017052847869051195,0.9231548021880726,-0.601268559376797,-0.06889121895807349,0.3936998197607734,1.0,full,0.21504843862239495,-0.20887916853664856
expr_sell_size_imbalancex_uncertainty__q75,expr_sell_size_imbalancex_uncertainty,alphaforge_interaction,2,0.75,1916,15.21708046172291,-0.8478291953827709,0.9601591077350373,0.5135699373695198,-0.04424995800536388,0.9328594616753297,-0.48670198088632255,-0.03604953747950479,0.41635074995879345,1.0,train,0.2841748662460617,-0.2772015391440784
expr_sell_size_imbalancex_uncertainty__q75,expr_sell_size_imbalancex_uncertainty,alphaforge_interaction,2,0.75,1438,96.40370133596173,-0.03596298664038278,0.9210861407043152,0.5152990264255911,-0.0025009031043387417,0.9980086078814562,-0.44347670044167187,-0.020841175972474923,0.4761507671781188,1.0,validation,0.2841748662460617,-0.2772015391440784
expr_sell_size_imbalancex_uncertainty__q75,expr_sell_size_imbalancex_uncertainty,alphaforge_interaction,2,0.75,1201,2.20885623841107,-0.9779114376158893,0.9910679752382333,0.4904246461282265,-0.08142476582979946,0.8048040303906776,-0.47966629590887233,-0.09717589309157837,0.30370246831220815,1.0,test,0.2841748662460617,-0.2772015391440784
expr_sell_size_imbalancex_uncertainty__q75,expr_sell_size_imbalancex_uncertainty,alphaforge_interaction,2,0.75,161,127.07718607347775,0.27077186073477755,0.31981711810353225,0.5403726708074534,0.16818127995948917,1.0764676919269867,-0.2791668855853927,0.0025336638167074987,0.5034674063800277,1.0,latest72h,0.2841748662460617,-0.2772015391440784
expr_sell_size_imbalancex_uncertainty__q75,expr_sell_size_imbalancex_uncertainty,alphaforge_interaction,2,0.75,4555,0.32403542862124685,-0.9967596457137875,0.998971905011327,0.50801317233809,-0.021882758413036,0.9381306136703439,-0.48670198088632255,-0.052678620252325725,0.39849254465017203,1.0,full,0.2841748662460617,-0.2772015391440784
expr_sell_size_imbalancex_uncertainty__q80,expr_sell_size_imbalancex_uncertainty,alphaforge_interaction,2,0.8,1394,59.4392442064691,-0.405607557935309,0.8260068211854422,0.5193687230989957,-0.029096668431514518,0.9805266406994249,-0.3804918172753433,-0.009472103590509762,0.47082577880336246,1.0,train,0.3607708982401104,-0.3586516265300865
expr_sell_size_imbalancex_uncertainty__q80,expr_sell_size_imbalancex_uncertainty,alphaforge_interaction,2,0.8,1069,86.31948135765958,-0.1368051864234041,0.9064168071341832,0.5173058933582788,-0.012797491714070184,0.9905465383999168,-0.3943698967616104,-0.023263433156238245,0.4573048699132755,1.0,validation,0.3607708982401104,-0.3586516265300865
expr_sell_size_imbalancex_uncertainty__q80,expr_sell_size_imbalancex_uncertainty,alphaforge_interaction,2,0.8,888,16.843312908037397,-0.831566870919626,0.954851386838949,0.5123873873873874,-0.09364491789635443,0.856536181546864,-0.40767145797582993,-0.04265620252779767,0.4157771847898599,1.0,test,0.3607708982401104,-0.3586516265300865
expr_sell_size_imbalancex_uncertainty__q80,expr_sell_size_imbalancex_uncertainty,alphaforge_interaction,2,0.8,118,165.81766639749475,0.6581766639749476,0.14909336407890325,0.5932203389830508,0.5577768338770733,1.2707687586371321,-0.11574460395209629,0.08505711399664673,0.869625520110957,1.0,latest72h,0.3607708982401104,-0.3586516265300865
expr_sell_size_imbalancex_uncertainty__q80,expr_sell_size_imbalancex_uncertainty,alphaforge_interaction,2,0.8,3351,8.641907584186097,-0.9135809241581391,0.9802283201560807,0.5168606386153387,-0.02726293417362415,0.9718069991970362,-0.40767145797582993,-0.020323469718330656,0.451949860724234,1.0,full,0.3607708982401104,-0.3586516265300865
expr_sell_size_imbalancex_uncertainty__q85,expr_sell_size_imbalancex_uncertainty,alphaforge_interaction,2,0.85,921,38.89641435565629,-0.611035856443437,0.8650456977728164,0.504885993485342,-0.06634482697540048,0.9276591208256382,-0.3255645847955203,-0.02047504356080798,0.42854788198450633,0.9995055216746332,train,0.4491476206120043,-0.4458720723633997
expr_sell_size_imbalancex_uncertainty__q85,expr_sell_size_imbalancex_uncertainty,alphaforge_interaction,2,0.85,758,71.24408000873218,-0.2875591999126782,0.7701753964005776,0.5290237467018469,-0.03793656990932495,0.9711607304350186,-0.34554633793017064,-0.017326331329690747,0.44629753168779185,1.0,validation,0.4491476206120043,-0.4458720723633997
expr_sell_size_imbalancex_uncertainty__q85,expr_sell_size_imbalancex_uncertainty,alphaforge_interaction,2,0.85,637,50.28637379870099,-0.4971362620129901,0.8063902191813631,0.5196232339089482,-0.07804336923280862,0.904981202292414,-0.3469574863252338,-0.02348621434524134,0.44613075383589057,1.0,test,0.4491476206120043,-0.4458720723633997
expr_sell_size_imbalancex_uncertainty__q85,expr_sell_size_imbalancex_uncertainty,alphaforge_interaction,2,0.85,85,142.89503626519246,0.42895036265192465,0.16030294699731418,0.5647058823529412,0.5046474854728515,1.2672513836946,-0.11706054305769564,0.0615447589979905,0.7461858529819695,1.0,latest72h,0.4491476206120043,-0.4458720723633997
expr_sell_size_imbalancex_uncertainty__q85,expr_sell_size_imbalancex_uncertainty,alphaforge_interaction,2,0.85,2316,13.935054449594594,-0.860649455504054,0.9520823424077366,0.5168393782383419,-0.03716103003039973,0.9375203344364527,-0.3469574863252338,-0.021690683874558414,0.43327052269375715,0.9997542192364411,full,0.4491476206120043,-0.4458720723633997
expr_sell_size_imbalancex_uncertainty__q90,expr_sell_size_imbalancex_uncertainty,alphaforge_interaction,2,0.9,487,60.734728249369276,-0.39265271750630726,0.7838747934495213,0.5071868583162218,-0.08062684137706504,0.9418395260132579,-0.2938352846501586,-0.006230733424469115,0.4538486896324378,0.9863194329981869,train,0.553372471685029,-0.5539945454236161
expr_sell_size_imbalancex_uncertainty__q90,expr_sell_size_imbalancex_uncertainty,alphaforge_interaction,2,0.9,463,195.4188393010507,0.9541883930105071,0.504296865105021,0.5550755939524838,0.2060882058338019,1.0877527354089822,-0.31936790001758386,0.009461128946629538,0.5361907938625751,1.0,validation,0.553372471685029,-0.5539945454236161
expr_sell_size_imbalancex_uncertainty__q90,expr_sell_size_imbalancex_uncertainty,alphaforge_interaction,2,0.9,379,76.16308858051775,-0.23836911419482254,0.7320836355566755,0.5171503957783641,-0.06289422538121996,0.9354970702405556,-0.24822045624537448,-0.008383966031367707,0.4829886591060707,1.0,test,0.553372471685029,-0.5539945454236161
expr_sell_size_imbalancex_uncertainty__q90,expr_sell_size_imbalancex_uncertainty,alphaforge_interaction,2,0.9,51,133.46752453932663,0.33467524539326643,0.159998515907673,0.5882352941176471,0.6562259713593449,1.3636525791850964,-0.11703035021179531,0.047634445782821944,0.7614424410540915,1.0,latest72h,0.553372471685029,-0.5539945454236161
expr_sell_size_imbalancex_uncertainty__q90,expr_sell_size_imbalancex_uncertainty,alphaforge_interaction,2,0.9,1329,90.39576186642394,-0.0960423813357606,0.8435778834330003,0.526711813393529,-0.007226665262284759,0.9945865092543935,-0.31936790001758386,-0.0031145076923075887,0.48123873504833686,0.993200065541537,full,0.553372471685029,-0.5539945454236161
expr_sell_size_imbalancex_uncertainty__q95,expr_sell_size_imbalancex_uncertainty,alphaforge_interaction,2,0.95,194,63.35968611972298,-0.3664031388027702,0.6925114777253863,0.5,-0.18886759732101582,0.8729483878482057,-0.2685271289507444,0.0,0.3730014834349761,0.8578374814570628,train,0.6976268759359977,-0.6899347397580141
expr_sell_size_imbalancex_uncertainty__q95,expr_sell_size_imbalancex_uncertainty,alphaforge_interaction,2,0.95,180,114.46413261694079,0.14464132616940795,0.4606781442188002,0.5444444444444444,0.08035629231633723,1.045467214375767,-0.18835802790490008,0.0,0.4916611074049366,0.9858238825883923,validation,0.6976268759359977,-0.6899347397580141
expr_sell_size_imbalancex_uncertainty__q95,expr_sell_size_imbalancex_uncertainty,alphaforge_interaction,2,0.95,147,80.64724388586129,-0.19352756114138714,0.5414412706504336,0.5170068027210885,-0.13165140213699844,0.9106818883393424,-0.1883680671967476,-0.004550588235294084,0.4281187458305537,0.9574716477651768,test,0.6976268759359977,-0.6899347397580141
expr_sell_size_imbalancex_uncertainty__q95,expr_sell_size_imbalancex_uncertainty,alphaforge_interaction,2,0.95,20,108.61271168690891,0.08612711686908914,0.15333899646088706,0.6,0.43063558434544735,1.2395079374685856,-0.153338996460887,0.02407338501291978,0.5173370319001387,0.9140083217753121,latest72h,0.6976268759359977,-0.6899347397580141
expr_sell_size_imbalancex_uncertainty__q95,expr_sell_size_imbalancex_uncertainty,alphaforge_interaction,2,0.95,521,58.4887000176616,-0.415112999823384,0.7574484108514332,0.5201535508637236,-0.07967619958222366,0.9358492735673826,-0.2685271289507444,0.0,0.41549238079632966,0.9154104538751434,full,0.6976268759359977,-0.6899347397580141
expr_sell_size_imbalancex_low_cost__q70,expr_sell_size_imbalancex_low_cost,alphaforge_interaction,2,0.7,2290,0.29517708602909687,-0.997048229139709,0.9982449670992138,0.5157205240174673,-0.04353922397989996,0.8897461508802199,-0.5097229860575117,-0.0834375475888115,0.34456897972638867,1.0,train,0.49500667795649744,-0.5062497023840599
expr_sell_size_imbalancex_low_cost__q70,expr_sell_size_imbalancex_low_cost,alphaforge_interaction,2,0.7,1749,1.777402378196457,-0.9822259762180354,0.9918964463582384,0.4985706117781589,-0.05615928966369558,0.7962802199656336,-0.6019554049290925,-0.11110167057253284,0.3634089392928619,1.0,validation,0.49500667795649744,-0.5062497023840599
expr_sell_size_imbalancex_low_cost__q70,expr_sell_size_imbalancex_low_cost,alphaforge_interaction,2,0.7,1423,0.2347333452325303,-0.9976526665476747,0.9980956589875589,0.49754040758959944,-0.07010911219590137,0.6922836394759968,-0.5363304592756302,-0.16230648263947028,0.27635090060040024,1.0,test,0.49500667795649744,-0.5062497023840599
expr_sell_size_imbalancex_low_cost__q70,expr_sell_size_imbalancex_low_cost,alphaforge_interaction,2,0.7,187,105.19870828767681,0.05198708287676812,0.5305984151170856,0.5561497326203209,0.027800579078484693,1.0124085613692853,-0.3744739628754501,-0.0945893006834112,0.30235783633841884,1.0,latest72h,0.49500667795649744,-0.5062497023840599
expr_sell_size_imbalancex_low_cost__q70,expr_sell_size_imbalancex_low_cost,alphaforge_interaction,2,0.7,5462,1.2315248684215483e-05,-0.9999998768475131,0.9999999405959932,0.5054924935920908,-0.01830830971892188,0.8895955835929785,-0.6019554049290925,-0.10951111005615816,0.3308618712108799,1.0,full,0.49500667795649744,-0.5062497023840599
expr_sell_size_imbalancex_low_cost__q75,expr_sell_size_imbalancex_low_cost,alphaforge_interaction,2,0.75,1608,0.5042652631569734,-0.9949573473684302,0.9964590998888367,0.5155472636815921,-0.06187545692589738,0.8437448750780356,-0.4720012580922245,-0.0771125316297212,0.35272787209493983,1.0,train,0.6031882680696564,-0.6127528506088706
expr_sell_size_imbalancex_low_cost__q75,expr_sell_size_imbalancex_low_cost,alphaforge_interaction,2,0.75,1347,38.781534451972526,-0.6121846554802748,0.9290565229307122,0.5070527097253155,-0.045448007088365217,0.9447661178807463,-0.5069475349087518,-0.05152296195865025,0.4227818545697131,1.0,validation,0.6031882680696564,-0.6127528506088706
expr_sell_size_imbalancex_low_cost__q75,expr_sell_size_imbalancex_low_cost,alphaforge_interaction,2,0.75,1054,1.5969179828807718,-0.9840308201711923,0.9874115426832218,0.5028462998102466,-0.09336155789100514,0.7541465927456293,-0.5168642083212183,-0.10146210775324283,0.29036024016010675,1.0,test,0.6031882680696564,-0.6127528506088706
expr_sell_size_imbalancex_low_cost__q75,expr_sell_size_imbalancex_low_cost,alphaforge_interaction,2,0.75,141,99.26985016070851,-0.007301498392914829,0.3637158092416701,0.5673758865248227,-0.005178367654550699,0.9973504065728098,-0.27528262855886276,-0.0808072371555194,0.3314840499306519,1.0,latest72h,0.6031882680696564,-0.6127528506088706
expr_sell_size_imbalancex_low_cost__q75,expr_sell_size_imbalancex_low_cost,alphaforge_interaction,2,0.75,4009,0.0031229616598057656,-0.9999687703834019,0.9999825329051367,0.5093539536043902,-0.024943097290681015,0.8445137445538172,-0.5168642083212183,-0.0805771929688266,0.35265443224643617,1.0,full,0.6031882680696564,-0.6127528506088706
expr_sell_size_imbalancex_low_cost__q80,expr_sell_size_imbalancex_low_cost,alphaforge_interaction,2,0.8,1061,4.712073937247768,-0.9528792606275224,0.9775322031680208,0.5117813383600377,-0.08980954388572333,0.8926783127367415,-0.4132785614567991,-0.03759012087574798,0.3855282676776001,1.0,train,0.7057185755689387,-0.7084423045475186
expr_sell_size_imbalancex_low_cost__q80,expr_sell_size_imbalancex_low_cost,alphaforge_interaction,2,0.8,926,125.12000108285444,0.2512000108285444,0.8651196730323203,0.5043196544276458,0.027127430975004314,1.0179611089415515,-0.46437205415171057,-0.04542166549162574,0.42728485657104737,1.0,validation,0.7057185755689387,-0.7084423045475186
expr_sell_size_imbalancex_low_cost__q80,expr_sell_size_imbalancex_low_cost,alphaforge_interaction,2,0.8,692,13.783385575496283,-0.8621661442450372,0.9188298101443985,0.5130057803468208,-0.12459048327240442,0.8092583491358024,-0.44015980687166356,-0.06837463084100026,0.3388925950633756,1.0,test,0.7057185755689387,-0.7084423045475186
expr_sell_size_imbalancex_low_cost__q80,expr_sell_size_imbalancex_low_cost,alphaforge_interaction,2,0.8,83,110.93778160076721,0.10937781600767216,0.34078797465139954,0.5542168674698795,0.13178050121406196,1.0603890499935094,-0.2692324982031068,-0.06223119284500511,0.36615811373092927,1.0,latest72h,0.7057185755689387,-0.7084423045475186
expr_sell_size_imbalancex_low_cost__q80,expr_sell_size_imbalancex_low_cost,alphaforge_interaction,2,0.8,2679,0.8126335362328673,-0.9918736646376713,0.99760672673922,0.509518477043673,-0.0370240263022648,0.8988320950291689,-0.46437205415171057,-0.04708352581068087,0.38280353924299526,1.0,full,0.7057185755689387,-0.7084423045475186
expr_sell_size_imbalancex_low_cost__q85,expr_sell_size_imbalancex_low_cost,alphaforge_interaction,2,0.85,637,21.767232868318256,-0.7823276713168175,0.9055863045529701,0.5180533751962323,-0.12281439110154124,0.865964434468115,-0.46892424105716723,-0.025000000000000022,0.4023405307400692,0.9942310862040548,train,0.7935017270668404,-0.7898192575298574
expr_sell_size_imbalancex_low_cost__q85,expr_sell_size_imbalancex_low_cost,alphaforge_interaction,2,0.85,560,195.28430312295703,0.9528430312295704,0.7470214681421653,0.5178571428571429,0.17015054129099463,1.0981732882213255,-0.3433934932543755,-0.025266097883591354,0.4279519679786524,1.0,validation,0.7935017270668404,-0.7898192575298574
expr_sell_size_imbalancex_low_cost__q85,expr_sell_size_imbalancex_low_cost,alphaforge_interaction,2,0.85,417,34.28117323951663,-0.6571882676048337,0.8255036193094529,0.5275779376498801,-0.1575991049412076,0.8477805953344237,-0.403532055655764,-0.036778176596694356,0.40126751167444963,0.9966644429619747,test,0.7935017270668404,-0.7898192575298574
expr_sell_size_imbalancex_low_cost__q85,expr_sell_size_imbalancex_low_cost,alphaforge_interaction,2,0.85,41,96.63570839369027,-0.03364291606309733,0.20517305026267396,0.5365853658536586,-0.08205589283682325,0.9572593869354794,-0.187631130391696,0.011737682139151273,0.5450762829403606,0.9722607489597781,latest72h,0.7935017270668404,-0.7898192575298574
expr_sell_size_imbalancex_low_cost__q85,expr_sell_size_imbalancex_low_cost,alphaforge_interaction,2,0.85,1614,14.572237355225623,-0.8542776264477437,0.9537628391951063,0.5204460966542751,-0.05292922096950093,0.9126917428549708,-0.46892424105716723,-0.026928568162646216,0.4072996886776995,0.9963132885466164,full,0.7935017270668404,-0.7898192575298574
expr_sell_size_imbalancex_low_cost__q90,expr_sell_size_imbalancex_low_cost,alphaforge_interaction,2,0.9,360,25.206969467823104,-0.747930305321769,0.8566909906460868,0.49722222222222223,-0.20775841814493587,0.7404474145287528,-0.2809684690826795,-0.026548387096774095,0.3486896324377781,0.9328333608043514,train,0.8727747623300033,-0.8682029705837703
expr_sell_size_imbalancex_low_cost__q90,expr_sell_size_imbalancex_low_cost,alphaforge_interaction,2,0.9,284,156.00451710218238,0.5600451710218237,0.4932692111817622,0.5140845070422535,0.19719900388092296,1.07499988588213,-0.2469842398354033,-0.0060119872122762485,0.4666444296197465,1.0,validation,0.8727747623300033,-0.8682029705837703
expr_sell_size_imbalancex_low_cost__q90,expr_sell_size_imbalancex_low_cost,alphaforge_interaction,2,0.9,223,88.75967868459517,-0.11240321315404822,0.5442701028626695,0.5650224215246636,-0.05040502832020169,0.9644957561803205,-0.22160962592081268,-0.0205584402753205,0.40877251501000667,0.9761507671781188,test,0.8727747623300033,-0.8682029705837703
expr_sell_size_imbalancex_low_cost__q90,expr_sell_size_imbalancex_low_cost,alphaforge_interaction,2,0.9,17,113.86053373710851,0.13860533737108516,0.13709799657800614,0.5882352941176471,0.8153255139475576,1.4660692603927032,-0.09916823818583054,0.05505263157894724,0.6061026352288488,0.9722607489597781,latest72h,0.8727747623300033,-0.8682029705837703
expr_sell_size_imbalancex_low_cost__q90,expr_sell_size_imbalancex_low_cost,alphaforge_interaction,2,0.9,867,34.903865804499496,-0.6509613419550051,0.8566909906460868,0.5201845444059977,-0.07508204636159248,0.8916662593681876,-0.2809684690826795,-0.02197398011746521,0.38972636408323774,0.9607570047517614,full,0.8727747623300033,-0.8682029705837703
expr_sell_size_imbalancex_low_cost__q95,expr_sell_size_imbalancex_low_cost,alphaforge_interaction,2,0.95,170,55.9738811774696,-0.440261188225304,0.5873941739193327,0.5235294117647059,-0.2589771695442967,0.785247947810054,-0.20630309799957813,0.0,0.34234382726223833,0.8074006922696555,train,0.9400939192557809,-0.9322872746878514
expr_sell_size_imbalancex_low_cost__q95,expr_sell_size_imbalancex_low_cost,alphaforge_interaction,2,0.95,117,142.0959006422194,0.42095900642219397,0.28750765048399185,0.5811965811965812,0.35979402258307147,1.1841611673175592,-0.19990090134263727,0.0,0.447631754503002,0.9144429619746498,validation,0.9400939192557809,-0.9322872746878514
expr_sell_size_imbalancex_low_cost__q95,expr_sell_size_imbalancex_low_cost,alphaforge_interaction,2,0.95,99,104.16163606925902,0.041616360692590115,0.4295768984572182,0.5656565656565656,0.042036727972312046,1.0244540443526207,-0.1186642489462828,0.0,0.37825216811207474,0.8644096064042696,test,0.9400939192557809,-0.9322872746878514
expr_sell_size_imbalancex_low_cost__q95,expr_sell_size_imbalancex_low_cost,alphaforge_interaction,2,0.95,9,106.56300459513426,0.06563004595134259,0.08208695652173907,0.5555555555555556,0.729222732792691,1.3863415790608697,-0.04210526315789476,0.006124032614638786,0.6213592233009708,0.9098474341192788,latest72h,0.9400939192557809,-0.9322872746878514
expr_sell_size_imbalancex_low_cost__q95,expr_sell_size_imbalancex_low_cost,alphaforge_interaction,2,0.95,386,82.84661402551417,-0.17153385974485824,0.6011903788833484,0.5518134715025906,-0.044438823768098296,0.963371892247344,-0.20630309799957813,0.0,0.3742012125184336,0.8493363919383909,full,0.9400939192557809,-0.9322872746878514
expr_sell_size_imbalancex_tight_spread__q70,expr_sell_size_imbalancex_tight_spread,alphaforge_interaction,2,0.7,2295,0.32983504339829745,-0.996701649566017,0.9980389014581599,0.5167755991285403,-0.04342926577629706,0.8915435779120849,-0.5097229860575117,-0.08275777103452842,0.3459700016482611,1.0,train,0.43264248896402707,-0.4426720219309111
expr_sell_size_imbalancex_tight_spread__q70,expr_sell_size_imbalancex_tight_spread,alphaforge_interaction,2,0.7,1753,1.6432968915927488,-0.9835670310840725,0.9925078616560228,0.4980034227039361,-0.056107645811983645,0.7935613524569508,-0.6181339916964906,-0.11216359385221852,0.36274182788525683,1.0,validation,0.43264248896402707,-0.4426720219309111
expr_sell_size_imbalancex_tight_spread__q70,expr_sell_size_imbalancex_tight_spread,alphaforge_interaction,2,0.7,1423,0.2347333452325303,-0.9976526665476747,0.9980956589875589,0.49754040758959944,-0.07010911219590137,0.6922836394759968,-0.5363304592756302,-0.16230648263947028,0.27635090060040024,1.0,test,0.43264248896402707,-0.4426720219309111
expr_sell_size_imbalancex_tight_spread__q70,expr_sell_size_imbalancex_tight_spread,alphaforge_interaction,2,0.7,187,105.19870828767681,0.05198708287676812,0.5305984151170856,0.5561497326203209,0.027800579078484693,1.0124085613692853,-0.3744739628754501,-0.0945893006834112,0.30235783633841884,1.0,latest72h,0.43264248896402707,-0.4426720219309111
expr_sell_size_imbalancex_tight_spread__q70,expr_sell_size_imbalancex_tight_spread,alphaforge_interaction,2,0.7,5471,1.272294404745246e-05,-0.9999998727705596,0.999999938629428,0.5057576311460428,-0.01827819178889709,0.8913725124252362,-0.6181339916964906,-0.1089011526565749,0.33139439619859085,1.0,full,0.43264248896402707,-0.4426720219309111
expr_sell_size_imbalancex_tight_spread__q75,expr_sell_size_imbalancex_tight_spread,alphaforge_interaction,2,0.75,1608,0.47440921725312923,-0.9952559078274688,0.9966687460492683,0.5149253731343284,-0.06189402411862367,0.8430371221569268,-0.4720012580922245,-0.07866942764670448,0.35116202406461183,1.0,train,0.5272238533493447,-0.5352573942777308
expr_sell_size_imbalancex_tight_spread__q75,expr_sell_size_imbalancex_tight_spread,alphaforge_interaction,2,0.75,1350,38.67798153106066,-0.6132201846893934,0.9311915710462584,0.5074074074074074,-0.04542371738439981,0.9442661328816294,-0.5069475349087518,-0.05152296195865025,0.4219479653102068,1.0,validation,0.5272238533493447,-0.5352573942777308
expr_sell_size_imbalancex_tight_spread__q75,expr_sell_size_imbalancex_tight_spread,alphaforge_interaction,2,0.75,1056,1.6726653720787372,-0.9832733462792126,0.9868144282502965,0.5037878787878788,-0.09311300627644076,0.754473357129408,-0.5168642083212183,-0.0968629632336322,0.2956971314209473,1.0,test,0.5272238533493447,-0.5352573942777308
expr_sell_size_imbalancex_tight_spread__q75,expr_sell_size_imbalancex_tight_spread,alphaforge_interaction,2,0.75,142,103.66306906143762,0.03663069061437629,0.3637158092416708,0.5704225352112676,0.025796260996039287,1.0128838162154545,-0.27528262855886276,-0.07424853365237616,0.37586685159500693,1.0,latest72h,0.5272238533493447,-0.5352573942777308
expr_sell_size_imbalancex_tight_spread__q75,expr_sell_size_imbalancex_tight_spread,alphaforge_interaction,2,0.75,4014,0.0030692056296153045,-0.9999693079437039,0.9999828335689878,0.5094668659691082,-0.02491204055664434,0.8437610164468332,-0.5168642083212183,-0.08090511370168929,0.3529821399311814,1.0,full,0.5272238533493447,-0.5352573942777308
expr_sell_size_imbalancex_tight_spread__q80,expr_sell_size_imbalancex_tight_spread,alphaforge_interaction,2,0.8,1062,5.421348886296349,-0.9457865111370365,0.9741502856375536,0.5141242937853108,-0.08905711027655734,0.8951564567662262,-0.4132785614567991,-0.0375031740159818,0.3870941157079281,1.0,train,0.6164581051478643,-0.6196278325590224
expr_sell_size_imbalancex_tight_spread__q80,expr_sell_size_imbalancex_tight_spread,alphaforge_interaction,2,0.8,928,115.09329056872784,0.15093290568727835,0.8651196730323204,0.5032327586206896,0.016264321733542454,1.0113160509449468,-0.46437205415171057,-0.04826049057013948,0.4227818545697131,1.0,validation,0.6164581051478643,-0.6196278325590224
expr_sell_size_imbalancex_tight_spread__q80,expr_sell_size_imbalancex_tight_spread,alphaforge_interaction,2,0.8,694,13.458901706739802,-0.865410982932602,0.9207406916972491,0.5129682997118156,-0.12469898889518778,0.8100676746617422,-0.44015980687166356,-0.06897233648596235,0.33589059372915275,1.0,test,0.6164581051478643,-0.6196278325590224
expr_sell_size_imbalancex_tight_spread__q80,expr_sell_size_imbalancex_tight_spread,alphaforge_interaction,2,0.8,83,110.93778160076721,0.10937781600767216,0.34078797465139954,0.5542168674698795,0.13178050121406196,1.0603890499935094,-0.2692324982031068,-0.06223119284500511,0.36615811373092927,1.0,latest72h,0.6164581051478643,-0.6196278325590224
expr_sell_size_imbalancex_tight_spread__q80,expr_sell_size_imbalancex_tight_spread,alphaforge_interaction,2,0.8,2684,0.8397828188369045,-0.9916021718116309,0.9975267698469573,0.5100596125186289,-0.03694493933724417,0.9011199269964776,-0.46437205415171057,-0.04785167289954895,0.3817384892675733,1.0,full,0.6164581051478643,-0.6196278325590224
expr_sell_size_imbalancex_tight_spread__q85,expr_sell_size_imbalancex_tight_spread,alphaforge_interaction,2,0.85,639,22.34003336087803,-0.7765996663912197,0.9031018265495597,0.5179968701095462,-0.12153359411443197,0.8669397630283775,-0.46892424105716723,-0.024265166796597293,0.399291247733641,0.9942310862040548,train,0.6931311260579079,-0.6905577552396063
expr_sell_size_imbalancex_tight_spread__q85,expr_sell_size_imbalancex_tight_spread,alphaforge_interaction,2,0.85,563,218.29505736936375,1.1829505736936374,0.7371047096933381,0.5204262877442274,0.21011555483013084,1.1163416535532227,-0.3433934932543755,-0.02032108194947746,0.4439626417611741,1.0,validation,0.6931311260579079,-0.6905577552396063
expr_sell_size_imbalancex_tight_spread__q85,expr_sell_size_imbalancex_tight_spread,alphaforge_interaction,2,0.85,419,36.29230773448094,-0.6370769226551906,0.8207715140703873,0.5298329355608592,-0.15204699824706272,0.8541465660082964,-0.403532055655764,-0.03552629049284761,0.4059372915276851,0.9966644429619747,test,0.6931311260579079,-0.6905577552396063
expr_sell_size_imbalancex_tight_spread__q85,expr_sell_size_imbalancex_tight_spread,alphaforge_interaction,2,0.85,42,99.60380515149643,-0.003961948485035727,0.20517305026267413,0.5476190476190477,-0.009433210678655964,0.995109065400943,-0.187631130391696,0.011737682139151273,0.5450762829403606,0.9722607489597781,latest72h,0.6931311260579079,-0.6905577552396063
expr_sell_size_imbalancex_tight_spread__q85,expr_sell_size_imbalancex_tight_spread,alphaforge_interaction,2,0.85,1621,17.69873817521482,-0.8230126182478518,0.9506859251145424,0.5219000616903147,-0.05077190735643762,0.9196125939982462,-0.46892424105716723,-0.026548387096774095,0.41086350974930363,0.9963132885466164,full,0.6931311260579079,-0.6905577552396063
expr_sell_size_imbalancex_tight_spread__q90,expr_sell_size_imbalancex_tight_spread,alphaforge_interaction,2,0.9,361,26.881235955397255,-0.7311876404460275,0.8485187945561689,0.5013850415512465,-0.20254505275513238,0.7513454513651345,-0.2809684690826795,-0.026548387096774095,0.3486896324377781,0.9328333608043514,train,0.7630855046224166,-0.7583333333333333
expr_sell_size_imbalancex_tight_spread__q90,expr_sell_size_imbalancex_tight_spread,alphaforge_interaction,2,0.9,286,163.0544115540676,0.6305441155406759,0.49326921118176226,0.5174825174825175,0.22046997046876743,1.0810896188924055,-0.2469842398354033,-0.005465565217391499,0.46997998665777185,1.0,validation,0.7630855046224166,-0.7583333333333333
expr_sell_size_imbalancex_tight_spread__q90,expr_sell_size_imbalancex_tight_spread,alphaforge_interaction,2,0.9,226,89.85624798995143,-0.10143752010048568,0.5426675361914168,0.5663716814159292,-0.044883858451543426,0.9683740374000833,-0.22160962592081268,-0.021044392337805307,0.3994329553035357,0.9761507671781188,test,0.7630855046224166,-0.7583333333333333
expr_sell_size_imbalancex_tight_spread__q90,expr_sell_size_imbalancex_tight_spread,alphaforge_interaction,2,0.9,17,113.86053373710851,0.13860533737108516,0.13709799657800614,0.5882352941176471,0.8153255139475576,1.4660692603927032,-0.09916823818583054,0.05505263157894724,0.6061026352288488,0.9722607489597781,latest72h,0.7630855046224166,-0.7583333333333333
expr_sell_size_imbalancex_tight_spread__q90,expr_sell_size_imbalancex_tight_spread,alphaforge_interaction,2,0.9,873,39.384928992365595,-0.6061507100763441,0.8485187945561689,0.5234822451317297,-0.06943307102821827,0.9058285904856987,-0.2809684690826795,-0.022108722448479945,0.38825167950188433,0.9607570047517614,full,0.7630855046224166,-0.7583333333333333
expr_sell_size_imbalancex_tight_spread__q95,expr_sell_size_imbalancex_tight_spread,alphaforge_interaction,2,0.95,169,58.33472167833389,-0.4166527832166611,0.5699914760071516,0.5266272189349113,-0.24654010841222557,0.8000858400717994,-0.20630309799957813,0.0,0.34234382726223833,0.8027855612328992,train,0.8222545989462061,-0.8153440188585402
expr_sell_size_imbalancex_tight_spread__q95,expr_sell_size_imbalancex_tight_spread,alphaforge_interaction,2,0.95,120,134.26075428994264,0.3426075428994264,0.34606815109437705,0.575,0.2855062857495209,1.154346816115227,-0.19990090134263727,0.0,0.447631754503002,0.9144429619746498,validation,0.8222545989462061,-0.8153440188585402
expr_sell_size_imbalancex_tight_spread__q95,expr_sell_size_imbalancex_tight_spread,alphaforge_interaction,2,0.95,99,104.16163606925902,0.041616360692590115,0.4295768984572182,0.5656565656565656,0.042036727972312046,1.0244540443526207,-0.1186642489462828,0.0,0.37825216811207474,0.8644096064042696,test,0.8222545989462061,-0.8153440188585402
expr_sell_size_imbalancex_tight_spread__q95,expr_sell_size_imbalancex_tight_spread,alphaforge_interaction,2,0.95,9,106.56300459513426,0.06563004595134259,0.08208695652173907,0.5555555555555556,0.729222732792691,1.3863415790608697,-0.04210526315789476,0.006124032614638786,0.6213592233009708,0.9098474341192788,latest72h,0.8222545989462061,-0.8153440188585402
expr_sell_size_imbalancex_tight_spread__q95,expr_sell_size_imbalancex_tight_spread,alphaforge_interaction,2,0.95,388,81.5800572314127,-0.18419942768587305,0.6185306759749218,0.5515463917525774,-0.04747407930048307,0.960907649567589,-0.20630309799957813,0.0,0.3742012125184336,0.8470424381451745,full,0.8222545989462061,-0.8153440188585402
expr_sell_size_imbalancex_depth_z__q70,expr_sell_size_imbalancex_depth_z,alphaforge_interaction,2,0.7,3966,3.754995542549656e-05,-0.9999996245004458,0.9999996589294572,0.49067070095814425,-0.02521431226677879,0.6904554692989202,-0.6742465199833518,-0.19443595298565997,0.2803692104829405,1.0,train,0.16521042306940878,-0.1829530494007028
expr_sell_size_imbalancex_depth_z__q70,expr_sell_size_imbalancex_depth_z,alphaforge_interaction,2,0.7,2449,0.0018380207457566107,-0.9999816197925424,0.9999875267900572,0.5063291139240507,-0.04083224253950765,0.6953223808929359,-0.6934999806075588,-0.27095547786085683,0.2304869913275517,1.0,validation,0.16521042306940878,-0.1829530494007028
expr_sell_size_imbalancex_depth_z__q70,expr_sell_size_imbalancex_depth_z,alphaforge_interaction,2,0.7,2439,0.017972144656415785,-0.9998202785534358,0.9999322138376896,0.5026650266502665,-0.040993041351104584,0.9406020311768805,-0.7460897724080067,-0.1964418662285758,0.2753502334889927,1.0,test,0.16521042306940878,-0.1829530494007028
expr_sell_size_imbalancex_depth_z__q70,expr_sell_size_imbalancex_depth_z,alphaforge_interaction,2,0.7,349,45.06073734142407,-0.5493926265857593,0.7216619524659614,0.5071633237822349,-0.15741909071225232,0.8984774056012224,-0.576744793660829,-0.14512373648606824,0.34396671289875175,1.0,latest72h,0.16521042306940878,-0.1829530494007028
expr_sell_size_imbalancex_depth_z__q70,expr_sell_size_imbalancex_depth_z,alphaforge_interaction,2,0.7,8854,1.2403942384575144e-13,-0.9999999999999988,0.9999999999999989,0.4983058504630675,-0.011294330246216398,0.6904554711645974,-0.7460897724080067,-0.21223489202022616,0.26699983614615763,1.0,full,0.16521042306940878,-0.1829530494007028
expr_sell_size_imbalancex_depth_z__q75,expr_sell_size_imbalancex_depth_z,alphaforge_interaction,2,0.75,3187,0.0002594007704177015,-0.9999974059922958,0.9999975159269114,0.4876058989645435,-0.03137738958243794,0.7553064735274544,-0.6306680867515597,-0.17481002618223196,0.28003955826602933,1.0,train,0.24527626021502094,-0.2671056791022576
expr_sell_size_imbalancex_depth_z__q75,expr_sell_size_imbalancex_depth_z,alphaforge_interaction,2,0.75,1948,0.034094925068941455,-0.9996590507493106,0.99976901310178,0.5092402464065708,-0.051317199730457445,0.8077096912193732,-0.6439083317279259,-0.20395985540055944,0.23382254836557706,1.0,validation,0.24527626021502094,-0.2671056791022576
expr_sell_size_imbalancex_depth_z__q75,expr_sell_size_imbalancex_depth_z,alphaforge_interaction,2,0.75,1981,0.13124333774356675,-0.9986875666225643,0.9995406549545071,0.5058051489146895,-0.05041330472602567,0.9309424824117402,-0.7149017643056593,-0.12749009736924688,0.3033689126084056,1.0,test,0.24527626021502094,-0.2671056791022576
expr_sell_size_imbalancex_depth_z__q75,expr_sell_size_imbalancex_depth_z,alphaforge_interaction,2,0.75,290,49.29088527186147,-0.5070911472813853,0.6820328242016849,0.503448275862069,-0.1748590163039263,0.880056167467564,-0.5525159021772912,-0.12233593288613953,0.36615811373092927,1.0,latest72h,0.24527626021502094,-0.2671056791022576
expr_sell_size_imbalancex_depth_z__q75,expr_sell_size_imbalancex_depth_z,alphaforge_interaction,2,0.75,7116,1.1607488675556803e-10,-0.9999999999988393,0.999999999999127,0.4985947161326588,-0.014052838673395733,0.7553066469974066,-0.7149017643056593,-0.17264605468363597,0.27150581681140423,1.0,full,0.24527626021502094,-0.2671056791022576
expr_sell_size_imbalancex_depth_z__q80,expr_sell_size_imbalancex_depth_z,alphaforge_interaction,2,0.8,2465,0.0005192110605268616,-0.9999948078893948,0.9999956165362298,0.4847870182555781,-0.04056774068516819,0.7545946224004737,-0.5510611446132927,-0.1603106454774148,0.2656172737761661,1.0,train,0.34258859532870173,-0.3623637248487381
expr_sell_size_imbalancex_depth_z__q80,expr_sell_size_imbalancex_depth_z,alphaforge_interaction,2,0.8,1510,0.04839786947007784,-0.9995160213052993,0.9995183936342121,0.5059602649006623,-0.06619311399372857,0.7766224615624879,-0.5952826050904518,-0.1772207473335703,0.20513675783855903,1.0,validation,0.34258859532870173,-0.3623637248487381
expr_sell_size_imbalancex_depth_z__q80,expr_sell_size_imbalancex_depth_z,alphaforge_interaction,2,0.8,1589,0.5689693490849647,-0.9943103065091503,0.9968951041353327,0.5154185022026432,-0.06257459449396817,0.9303559339878558,-0.6655671280726494,-0.08036034009061693,0.3907605070046698,1.0,test,0.34258859532870173,-0.3623637248487381
expr_sell_size_imbalancex_depth_z__q80,expr_sell_size_imbalancex_depth_z,alphaforge_interaction,2,0.8,243,28.91647434301604,-0.7108352565698396,0.7242899752363253,0.5061728395061729,-0.29252479694232086,0.7736409326354405,-0.5149903975503396,-0.14751349322233487,0.260748959778086,1.0,latest72h,0.34258859532870173,-0.3623637248487381
expr_sell_size_imbalancex_depth_z__q80,expr_sell_size_imbalancex_depth_z,alphaforge_interaction,2,0.8,5564,1.4297465279772332e-09,-0.9999999999857025,0.9999999999874163,0.49928109273903665,-0.01797268152382645,0.754594749536438,-0.6655671280726494,-0.1513234083895647,0.2784696051122399,1.0,full,0.34258859532870173,-0.3623637248487381
expr_sell_size_imbalancex_depth_z__q85,expr_sell_size_imbalancex_depth_z,alphaforge_interaction,2,0.85,1755,0.005085172443402744,-0.999949148275566,0.9999669219888886,0.4843304843304843,-0.056977159445901246,0.8033587359003943,-0.5265591936035574,-0.12512632330917423,0.2484753584967859,1.0,train,0.4669384044090737,-0.4852794096775212
expr_sell_size_imbalancex_depth_z__q85,expr_sell_size_imbalancex_depth_z,alphaforge_interaction,2,0.85,1049,0.5532585237660828,-0.9944674147623391,0.9965489234866003,0.5128693994280267,-0.09480146947210105,0.7882644300131912,-0.508459069699268,-0.1314733799793567,0.2875250166777852,1.0,validation,0.4669384044090737,-0.4852794096775212
expr_sell_size_imbalancex_depth_z__q85,expr_sell_size_imbalancex_depth_z,alphaforge_interaction,2,0.85,1190,3.105333330674153,-0.9689466666932585,0.9870279075871344,0.5109243697478991,-0.081424089638089,0.9408042847609235,-0.6021057079729455,-0.06496609993668467,0.40326884589726486,1.0,test,0.4669384044090737,-0.4852794096775212
expr_sell_size_imbalancex_depth_z__q85,expr_sell_size_imbalancex_depth_z,alphaforge_interaction,2,0.85,195,26.03055207918512,-0.7396944792081488,0.7286176485361551,0.48717948717948717,-0.3793305021580249,0.6505234097356606,-0.47158307329618,-0.14933608555060884,0.24826629680998613,1.0,latest72h,0.4669384044090737,-0.4852794096775212
expr_sell_size_imbalancex_depth_z__q85,expr_sell_size_imbalancex_depth_z,alphaforge_interaction,2,0.85,3994,8.736591369826229e-07,-0.9999999912634087,0.9999999940754988,0.499749624436655,-0.02503755611575888,0.8033581514555145,-0.6021057079729455,-0.11287313251724773,0.29452728166475506,1.0,full,0.4669384044090737,-0.4852794096775212
expr_sell_size_imbalancex_depth_z__q90,expr_sell_size_imbalancex_depth_z,alphaforge_interaction,2,0.9,1088,1.1504767239869773,-0.9884952327601302,0.9947716452485115,0.5018382352941176,-0.09085434124633568,0.844220451299014,-0.39048874129726296,-0.07847668140350872,0.3290753255315642,1.0,train,0.6580013153122866,-0.6713611199151434
expr_sell_size_imbalancex_depth_z__q90,expr_sell_size_imbalancex_depth_z,alphaforge_interaction,2,0.9,619,14.747891590060702,-0.852521084099393,0.9315944442101302,0.5363489499192245,-0.13772553862671957,0.8376629193544773,-0.4024352505312796,-0.048439154092372316,0.4127751834556371,1.0,validation,0.6580013153122866,-0.6713611199151434
expr_sell_size_imbalancex_depth_z__q90,expr_sell_size_imbalancex_depth_z,alphaforge_interaction,2,0.9,775,6.862724539895468,-0.9313727546010453,0.9675366230599789,0.5135483870967742,-0.12017712962594175,0.9047503486607402,-0.472393636975699,-0.055417283688949825,0.4076050700466978,1.0,test,0.6580013153122866,-0.6713611199151434
expr_sell_size_imbalancex_depth_z__q90,expr_sell_size_imbalancex_depth_z,alphaforge_interaction,2,0.9,128,75.31220866434458,-0.24687791335655418,0.4320879712248727,0.5703125,-0.1928733698098084,0.8871812453431787,-0.3000160176457043,-0.0614678919884184,0.40360610263522884,1.0,latest72h,0.6580013153122866,-0.6713611199151434
expr_sell_size_imbalancex_depth_z__q90,expr_sell_size_imbalancex_depth_z,alphaforge_interaction,2,0.9,2482,0.01164405747326354,-0.9998835594252674,0.9999318419255748,0.5141015310233682,-0.04028539723711801,0.8443151263253398,-0.472393636975699,-0.06620371896717825,0.3670735703752253,1.0,full,0.6580013153122866,-0.6713611199151434
expr_sell_size_imbalancex_depth_z__q95,expr_sell_size_imbalancex_depth_z,alphaforge_interaction,2,0.95,464,14.508530009630997,-0.8549146999036901,0.9367789082976056,0.5193965517241379,-0.18424885773786423,0.8105201294017362,-0.2351439512962289,-0.03617375451091198,0.3857755068402835,0.9993406955661777,train,0.9936268922153134,-1.0155410810059462
expr_sell_size_imbalancex_depth_z__q95,expr_sell_size_imbalancex_depth_z,alphaforge_interaction,2,0.95,243,29.447348713187687,-0.7055265128681232,0.7792185417940445,0.5390946502057613,-0.2903401287523141,0.6548498084953602,-0.2844114849324916,-0.02524644264695297,0.3987658438959306,0.9991661107404937,validation,0.9936268922153134,-1.0155410810059462
expr_sell_size_imbalancex_depth_z__q95,expr_sell_size_imbalancex_depth_z,alphaforge_interaction,2,0.95,362,21.46556838948343,-0.7853443161051656,0.8901558702782073,0.5359116022099447,-0.21694594367546033,0.801819093255902,-0.4064611780627806,-0.02651540240843775,0.38525683789192794,0.9791527685123416,test,0.9936268922153134,-1.0155410810059462
expr_sell_size_imbalancex_depth_z__q95,expr_sell_size_imbalancex_depth_z,alphaforge_interaction,2,0.95,66,124.66418300016637,0.24664183000166373,0.22889340408011788,0.6515151515151515,0.37369974242676274,1.206850727795701,-0.17660926473328187,0.017559758123480318,0.5242718446601942,1.0,latest72h,0.9936268922153134,-1.0155410810059462
expr_sell_size_imbalancex_depth_z__q95,expr_sell_size_imbalancex_depth_z,alphaforge_interaction,2,0.95,1069,0.9170900980403013,-0.990829099019597,0.9945983850512472,0.529466791393826,-0.09268747418331122,0.800949509196045,-0.4064611780627806,-0.03236144820455167,0.38681795838112404,0.9943470424381452,full,0.9936268922153134,-1.0155410810059462
expr_depth_imbalancex_path_eff__q70,expr_depth_imbalancex_path_eff,alphaforge_interaction,2,0.7,4588,5.825743774476073e-10,-0.9999999999941742,0.9999999999986051,0.451176983435048,-0.021795989537798134,0.9301892113706396,-0.8488476438100895,-0.22611932324332779,0.2507005109609362,1.0,train,0.005706764051445558,-0.0033966845717699158
expr_depth_imbalancex_path_eff__q70,expr_depth_imbalancex_path_eff,alphaforge_interaction,2,0.7,2688,0.6751833763445217,-0.9932481662365548,0.9967436234645703,0.5889136904761905,-0.03695119666058618,0.8834141775754052,-0.6973455395584056,-0.10455712460197192,0.3655770513675784,1.0,validation,0.005706764051445558,-0.0033966845717699158
expr_depth_imbalancex_path_eff__q70,expr_depth_imbalancex_path_eff,alphaforge_interaction,2,0.7,2737,0.021574215949608497,-0.999784257840504,0.9998475054120103,0.5527950310559007,-0.03652847124006227,0.7899496247649984,-0.7792599448992663,-0.15218001387193086,0.3085390260173449,1.0,test,0.005706764051445558,-0.0033966845717699158
expr_depth_imbalancex_path_eff__q70,expr_depth_imbalancex_path_eff,alphaforge_interaction,2,0.7,374,21.621659372880256,-0.7837834062711975,0.8379416707373107,0.5882352941176471,-0.20956775568748637,0.7036253723935408,-0.6434557402985617,-0.2285098015666508,0.3342579750346741,1.0,latest72h,0.005706764051445558,-0.0033966845717699158
expr_depth_imbalancex_path_eff__q70,expr_depth_imbalancex_path_eff,alphaforge_interaction,2,0.7,10013,8.486099943641542e-16,-1.0,1.0,0.5159292919205033,-0.009987016878058563,0.9301892113704758,-0.8488476438100895,-0.17725806042213743,0.29342126822874,1.0,full,0.005706764051445558,-0.0033966845717699158
expr_depth_imbalancex_path_eff__q75,expr_depth_imbalancex_path_eff,alphaforge_interaction,2,0.75,3810,2.0287273171522446e-09,-0.9999999999797127,0.9999999999947216,0.45223097112860894,-0.02624671915957265,0.9255027719842921,-0.839072039287996,-0.21293890743154953,0.26462831712543267,1.0,train,0.008957732619525236,-0.006142574491857471
expr_depth_imbalancex_path_eff__q75,expr_depth_imbalancex_path_eff,alphaforge_interaction,2,0.75,2124,1.2703343253594068,-0.9872966567464059,0.993047326223813,0.6214689265536724,-0.04648289344380466,0.8920025105641097,-0.634883059136692,-0.07970073207551398,0.36324216144096066,1.0,validation,0.008957732619525236,-0.006142574491857471
expr_depth_imbalancex_path_eff__q75,expr_depth_imbalancex_path_eff,alphaforge_interaction,2,0.75,2267,0.4259958630746216,-0.9957400413692538,0.9977628435107849,0.580502867225408,-0.0439232484062309,0.8338129096864011,-0.7587390841704613,-0.08783035460615041,0.3720813875917278,1.0,test,0.008957732619525236,-0.006142574491857471
expr_depth_imbalancex_path_eff__q75,expr_depth_imbalancex_path_eff,alphaforge_interaction,2,0.75,318,66.01865594604736,-0.33981344053952645,0.6663411762127437,0.6320754716981132,-0.10685957249670681,0.8953354804125904,-0.5422023713659483,-0.05887309810167107,0.47572815533980584,1.0,latest72h,0.008957732619525236,-0.006142574491857471
expr_depth_imbalancex_path_eff__q75,expr_depth_imbalancex_path_eff,alphaforge_interaction,2,0.75,8201,1.0978603282245422e-13,-0.9999999999999989,0.9999999999999999,0.5315205462748446,-0.012193634922570465,0.9255027719838187,-0.839072039287996,-0.1451535441815749,0.3156644273308209,1.0,full,0.008957732619525236,-0.006142574491857471
expr_depth_imbalancex_path_eff__q80,expr_depth_imbalancex_path_eff,alphaforge_interaction,2,0.8,3021,1.6401629383144754e-08,-0.9999999998359838,0.9999999999281715,0.4611055941741145,-0.03310162197404787,0.8618776314096175,-0.7960428016245908,-0.18783397299251547,0.28234712378440746,1.0,train,0.012993455119640895,-0.010054322105448911
expr_depth_imbalancex_path_eff__q80,expr_depth_imbalancex_path_eff,alphaforge_interaction,2,0.8,1617,5.7309497019708155,-0.9426905029802919,0.970902163345307,0.670995670995671,-0.05829873240447097,0.9038782809132146,-0.49204048628592434,-0.08100344834103901,0.35456971314209473,1.0,validation,0.012993455119640895,-0.010054322105448911
expr_depth_imbalancex_path_eff__q80,expr_depth_imbalancex_path_eff,alphaforge_interaction,2,0.8,1807,0.30084508314795644,-0.9969915491685204,0.9981646748608808,0.5921416712783619,-0.05517385440888334,0.8056244473091954,-0.7227582921990021,-0.11610894007998096,0.33338892595063374,1.0,test,0.012993455119640895,-0.010054322105448911
expr_depth_imbalancex_path_eff__q80,expr_depth_imbalancex_path_eff,alphaforge_interaction,2,0.8,268,44.347098397757556,-0.5565290160224244,0.7118320057751049,0.6156716417910447,-0.20766008060538224,0.7341156501848297,-0.6882615842110995,-0.09555051201070008,0.420249653259362,1.0,latest72h,0.012993455119640895,-0.010054322105448911
expr_depth_imbalancex_path_eff__q80,expr_depth_imbalancex_path_eff,alphaforge_interaction,2,0.8,6445,2.827850911470828e-12,-0.9999999999999717,0.9999999999999918,0.5505042668735454,-0.015515903801396029,0.8618776314185744,-0.7960428016245908,-0.13290786930181653,0.3130018023922661,1.0,full,0.012993455119640895,-0.010054322105448911
expr_depth_imbalancex_path_eff__q85,expr_depth_imbalancex_path_eff,alphaforge_interaction,2,0.85,2219,1.0144725248339228e-07,-0.9999999989855275,0.9999999994020224,0.46237043713384407,-0.04506534470416984,0.799693961648832,-0.7384955797639556,-0.16443516985579554,0.24386022746002967,0.9991758694577221,train,0.018302526681501716,-0.015088252625299128
expr_depth_imbalancex_path_eff__q85,expr_depth_imbalancex_path_eff,alphaforge_interaction,2,0.85,1230,28.352222703735343,-0.7164777729626466,0.9048400416743327,0.7195121951219512,-0.05825022544411829,0.9481671932126405,-0.4154329459249201,-0.047433359030648714,0.38492328218812544,1.0,validation,0.018302526681501716,-0.015088252625299128
expr_depth_imbalancex_path_eff__q85,expr_depth_imbalancex_path_eff,alphaforge_interaction,2,0.85,1411,1.1979704399590392,-0.9880202956004096,0.9939776655378558,0.6180014174344437,-0.07002269990080866,0.8304400627887124,-0.6606847009777654,-0.09929748633585889,0.3654102735156771,1.0,test,0.018302526681501716,-0.015088252625299128
expr_depth_imbalancex_path_eff__q85,expr_depth_imbalancex_path_eff,alphaforge_interaction,2,0.85,225,57.56402936438867,-0.4243597063561133,0.6569310713474801,0.6311111111111111,-0.18860431393605065,0.788868711102267,-0.6497530137633658,-0.05770716682481092,0.4188626907073509,1.0,latest72h,0.018302526681501716,-0.015088252625299128
expr_depth_imbalancex_path_eff__q85,expr_depth_imbalancex_path_eff,alphaforge_interaction,2,0.85,4860,3.4456685817008474e-10,-0.9999999999965543,0.9999999999987023,0.5726337448559671,-0.020576131687171928,0.7996939620761963,-0.7384955797639556,-0.10854752142763402,0.3096427986236277,0.9995903653940685,full,0.018302526681501716,-0.015088252625299128
expr_depth_imbalancex_path_eff__q90,expr_depth_imbalancex_path_eff,alphaforge_interaction,2,0.9,1436,3.088049557776206e-05,-0.9999996911950442,0.9999998744158108,0.4568245125348189,-0.06963786150383328,0.8084947498683667,-0.7223818545663999,-0.11448704439107893,0.27657820998846216,0.9943134992582825,train,0.027758615642210577,-0.023028199803080095
expr_depth_imbalancex_path_eff__q90,expr_depth_imbalancex_path_eff,alphaforge_interaction,2,0.9,812,28.808621845052524,-0.7119137815494747,0.8299525351565632,0.7463054187192119,-0.08767411102826099,0.8991855274538931,-0.41385469479302395,-0.046631874063303436,0.32505003335557037,1.0,validation,0.027758615642210577,-0.023028199803080095
expr_depth_imbalancex_path_eff__q90,expr_depth_imbalancex_path_eff,alphaforge_interaction,2,0.9,1006,5.792309683745403,-0.942076903162546,0.9777397882600292,0.6421471172962226,-0.09364581542371238,0.822624693239282,-0.6199615701661672,-0.05860660185523847,0.3722481654436291,1.0,test,0.027758615642210577,-0.023028199803080095
expr_depth_imbalancex_path_eff__q90,expr_depth_imbalancex_path_eff,alphaforge_interaction,2,0.9,153,105.60275245663841,0.05602752456638416,0.5171811807269024,0.6862745098039216,0.036619297102210804,1.0304422687826496,-0.5070791254313423,0.018545088600675497,0.5547850208044383,1.0,latest72h,0.027758615642210577,-0.023028199803080095
expr_depth_imbalancex_path_eff__q90,expr_depth_imbalancex_path_eff,alphaforge_interaction,2,0.9,3254,5.152980719125166e-07,-0.9999999948470193,0.9999999989680304,0.5863552550706822,-0.030731407340105127,0.8084947890201701,-0.7223818545663999,-0.07633971396169148,0.3125102408651483,0.9971735212190725,full,0.027758615642210577,-0.023028199803080095
expr_depth_imbalancex_path_eff__q95,expr_depth_imbalancex_path_eff,alphaforge_interaction,2,0.95,634,0.1516902729911382,-0.9984830972700887,0.9995272370779157,0.444794952681388,-0.1574894475189415,0.6869896423622448,-0.5714118508376946,-0.039985852631578944,0.3619581341684523,0.9793967364430526,train,0.04659621633729475,-0.03902902189023624
expr_depth_imbalancex_path_eff__q95,expr_depth_imbalancex_path_eff,alphaforge_interaction,2,0.95,374,85.79076531419561,-0.14209234685804395,0.4718083359704864,0.7994652406417112,-0.03799260611177692,0.9620666291199802,-0.26828644155644854,-0.004670729787889405,0.4759839893262175,0.9931621080720481,validation,0.04659621633729475,-0.03902902189023624
expr_depth_imbalancex_path_eff__q95,expr_depth_imbalancex_path_eff,alphaforge_interaction,2,0.95,568,1.150243997030821,-0.9884975600296918,0.9913267917781562,0.6637323943661971,-0.17403126056860752,0.46255377770196454,-0.5877931071764748,-0.05775885171258721,0.264342895263509,1.0,test,0.04659621633729475,-0.03902902189023624
expr_depth_imbalancex_path_eff__q95,expr_depth_imbalancex_path_eff,alphaforge_interaction,2,0.95,95,81.73109851876535,-0.18268901481234645,0.34815232228696535,0.7263157894736842,-0.19230422611826012,0.8043017179191873,-0.32675696472546545,-0.018370966027638436,0.3869625520110957,1.0,latest72h,0.04659621633729475,-0.03902902189023624
expr_depth_imbalancex_path_eff__q95,expr_depth_imbalancex_path_eff,alphaforge_interaction,2,0.95,1576,0.0014968843587988521,-0.999985031156412,0.9999939155207807,0.6078680203045685,-0.06345082685002618,0.6873104085827005,-0.5877931071764748,-0.02967524723641546,0.3666639357692938,0.9880796329673931,full,0.04659621633729475,-0.03902902189023624
expr_depth_imbalancex_uncertainty__q70,expr_depth_imbalancex_uncertainty,alphaforge_interaction,2,0.7,4470,3.7205946216126406e-06,-0.9999999627940538,0.9999999627940538,0.5031319910514541,-0.02237136382089607,0.8151754665575803,-0.7697330342423279,-0.16675438051215152,0.2596835338717653,1.0,train,0.011188502326265642,-0.018601881887943986
expr_depth_imbalancex_uncertainty__q70,expr_depth_imbalancex_uncertainty,alphaforge_interaction,2,0.7,3170,2.427466744447344e-05,-0.9999997572533256,0.9999998253303611,0.4444794952681388,-0.03154573366729735,0.798885428924513,-0.7921570488585354,-0.32063241457846153,0.22148098732488325,1.0,validation,0.011188502326265642,-0.018601881887943986
expr_depth_imbalancex_uncertainty__q70,expr_depth_imbalancex_uncertainty,alphaforge_interaction,2,0.7,2999,0.00013051324686333556,-0.9999986948675313,0.999999484112353,0.4474824941647216,-0.033344404630461226,0.8313167890388778,-0.8605360247292629,-0.2816749615073046,0.30120080053368914,1.0,test,0.011188502326265642,-0.018601881887943986
expr_depth_imbalancex_uncertainty__q70,expr_depth_imbalancex_uncertainty,alphaforge_interaction,2,0.7,380,144.52076635716784,0.4452076635716784,0.7004213490776698,0.4,0.11715991146622926,1.0218469706644138,-0.5760423709252283,-0.02065855229084368,0.4895977808599168,1.0,latest72h,0.011188502326265642,-0.018601881887943986
expr_depth_imbalancex_uncertainty__q70,expr_depth_imbalancex_uncertainty,alphaforge_interaction,2,0.7,10639,1.1787460132482799e-18,-1.0,1.0,0.4699689820471849,-0.009399379640943704,0.8151754660005863,-0.8605360247292629,-0.217417556804321,0.2577011305915124,1.0,full,0.011188502326265642,-0.018601881887943986
expr_depth_imbalancex_uncertainty__q75,expr_depth_imbalancex_uncertainty,alphaforge_interaction,2,0.75,3730,0.00024626877706385115,-0.9999975373122294,0.9999979086089574,0.5053619302949062,-0.026809585450729995,0.8845078648125261,-0.7814162770331656,-0.12449135398568278,0.27682544915114554,1.0,train,0.015629370378716204,-0.02387774263826892
expr_depth_imbalancex_uncertainty__q75,expr_depth_imbalancex_uncertainty,alphaforge_interaction,2,0.75,2768,0.0022676271569999646,-0.99997732372843,0.9999825755652769,0.45195086705202314,-0.03612634840059357,0.8261488201608285,-0.7564835833733666,-0.2417759208038851,0.2428285523682455,1.0,validation,0.015629370378716204,-0.02387774263826892
expr_depth_imbalancex_uncertainty__q75,expr_depth_imbalancex_uncertainty,alphaforge_interaction,2,0.75,2606,0.006275534799108089,-0.999937244652009,0.9999738845799185,0.4547198772064467,-0.03837057730821227,0.8132313361940748,-0.8353298445837413,-0.20611025162052354,0.33172114743162107,1.0,test,0.015629370378716204,-0.02387774263826892
expr_depth_imbalancex_uncertainty__q75,expr_depth_imbalancex_uncertainty,alphaforge_interaction,2,0.75,320,165.71109876600502,0.6571109876600503,0.6333448152583446,0.39375,0.2053471836437648,1.0364973746276704,-0.5849673712311814,0.01914911174065015,0.5145631067961165,1.0,latest72h,0.015629370378716204,-0.02387774263826892
expr_depth_imbalancex_uncertainty__q75,expr_depth_imbalancex_uncertainty,alphaforge_interaction,2,0.75,9104,3.5045458429125105e-13,-0.9999999999999964,0.9999999999999987,0.4746265377855888,-0.010984182776801361,0.884507769336573,-0.8353298445837413,-0.15878986586967747,0.27949369162706866,1.0,full,0.015629370378716204,-0.02387774263826892
expr_depth_imbalancex_uncertainty__q80,expr_depth_imbalancex_uncertainty,alphaforge_interaction,2,0.8,2963,0.011148592446318599,-0.9998885140755368,0.9999134015456312,0.49915626054674317,-0.03374581552735537,0.9198123538604381,-0.736611982693748,-0.08181448534849678,0.3324542607549036,1.0,train,0.0213375013780753,-0.030281127229577792
expr_depth_imbalancex_uncertainty__q80,expr_depth_imbalancex_uncertainty,alphaforge_interaction,2,0.8,2282,0.12229965023130689,-0.9987770034976869,0.9990645913442402,0.4566170026292726,-0.04376761627947802,0.8501229395940019,-0.6912913713035485,-0.17030606394876885,0.33288859239492996,1.0,validation,0.0213375013780753,-0.030281127229577792
expr_depth_imbalancex_uncertainty__q80,expr_depth_imbalancex_uncertainty,alphaforge_interaction,2,0.8,2168,0.008399002921865654,-0.9999160099707813,0.9999571633869793,0.4566420664206642,-0.04612158717577416,0.8143685256125236,-0.7354496541781057,-0.20772033992890993,0.26767845230153436,1.0,test,0.0213375013780753,-0.030281127229577792
expr_depth_imbalancex_uncertainty__q80,expr_depth_imbalancex_uncertainty,alphaforge_interaction,2,0.8,254,137.77360875438077,0.37773608754380783,0.7680407400291442,0.3937007874015748,0.1487149950959852,1.0286244231015214,-0.5358144956479763,-0.1728333797106123,0.34257975034674065,1.0,latest72h,0.0213375013780753,-0.030281127229577792
expr_depth_imbalancex_uncertainty__q80,expr_depth_imbalancex_uncertainty,alphaforge_interaction,2,0.8,7413,1.1451779751668098e-09,-0.9999999999885483,0.9999999999950191,0.4736274113044651,-0.013489815189377457,0.9198081957184426,-0.736611982693748,-0.11885940471212286,0.31328854661641814,1.0,full,0.0213375013780753,-0.030281127229577792
expr_depth_imbalancex_uncertainty__q85,expr_depth_imbalancex_uncertainty,alphaforge_interaction,2,0.85,2236,0.25439022566883696,-0.9974560977433117,0.9977635263583138,0.48881932021466906,-0.044608948915175056,0.9306487338406987,-0.6475046942139768,-0.03765080764792994,0.42920718641832867,1.0,train,0.02882168344935983,-0.039055033699745445
expr_depth_imbalancex_uncertainty__q85,expr_depth_imbalancex_uncertainty,alphaforge_interaction,2,0.85,1612,1.5696286286320114,-0.9843037137136799,0.9932367756315038,0.45409429280397023,-0.06106102442392569,0.9269908980288725,-0.6095881785763645,-0.14355553123704612,0.3675783855903936,1.0,validation,0.02882168344935983,-0.039055033699745445
expr_depth_imbalancex_uncertainty__q85,expr_depth_imbalancex_uncertainty,alphaforge_interaction,2,0.85,1636,0.09365381579178643,-0.9990634618420822,0.9991933283488132,0.4578239608801956,-0.06106744876785354,0.8083786451279148,-0.6994438657596167,-0.14237907678668882,0.29803202134756507,1.0,test,0.02882168344935983,-0.039055033699745445
expr_depth_imbalancex_uncertainty__q85,expr_depth_imbalancex_uncertainty,alphaforge_interaction,2,0.85,194,58.65506290638422,-0.41344937093615786,0.8297413428590312,0.36597938144329895,-0.21311823244131856,0.949345237808614,-0.4772049843268399,-0.24316832605208683,0.21497919556171982,1.0,latest72h,0.02882168344935983,-0.039055033699745445
expr_depth_imbalancex_uncertainty__q85,expr_depth_imbalancex_uncertainty,alphaforge_interaction,2,0.85,5484,3.7395798294423267e-06,-0.9999999626042017,0.9999999710436017,0.46936542669584247,-0.018234864380091247,0.9306382667120431,-0.6994438657596167,-0.08073682524970838,0.37932164509257743,1.0,full,0.02882168344935983,-0.039055033699745445
expr_depth_imbalancex_uncertainty__q90,expr_depth_imbalancex_uncertainty,alphaforge_interaction,2,0.9,1484,2.539718328564228,-0.9746028167143577,0.9856601029467206,0.47911051212938005,-0.06567404425298913,0.8527252630046828,-0.5692983091559054,-0.04210011406179048,0.3739904400857096,0.9985989780781276,train,0.039853588707365065,-0.05228875910078619
expr_depth_imbalancex_uncertainty__q90,expr_depth_imbalancex_uncertainty,alphaforge_interaction,2,0.9,905,4.866003334357432,-0.9513399666564257,0.9689325930910193,0.44419889502762433,-0.10512043830457755,0.8797563968019749,-0.5462695424817978,-0.07707735311822794,0.35690460306871247,1.0,validation,0.039853588707365065,-0.05228875910078619
expr_depth_imbalancex_uncertainty__q90,expr_depth_imbalancex_uncertainty,alphaforge_interaction,2,0.9,1003,3.112376857941939,-0.9688762314205807,0.9789480948756867,0.46061814556331004,-0.09659782965309884,0.8105110864423677,-0.5469674488371936,-0.07672470667387588,0.3712474983322215,1.0,test,0.039853588707365065,-0.05228875910078619
expr_depth_imbalancex_uncertainty__q90,expr_depth_imbalancex_uncertainty,alphaforge_interaction,2,0.9,122,142.46908870175065,0.42469088701750657,0.5584502216286487,0.4344262295081967,0.34810728444057687,1.0711191007319933,-0.41291659998692365,0.009797171353367995,0.5020804438280166,1.0,latest72h,0.039853588707365065,-0.05228875910078619
expr_depth_imbalancex_uncertainty__q90,expr_depth_imbalancex_uncertainty,alphaforge_interaction,2,0.9,3392,0.003846361800029883,-0.9999615363819997,0.9999757313128994,0.46432783018867924,-0.02947999812446936,0.8534820280854398,-0.5692983091559054,-0.05564279527457017,0.36752416844174995,0.9993036211699164,full,0.039853588707365065,-0.05228875910078619
expr_depth_imbalancex_uncertainty__q95,expr_depth_imbalancex_uncertainty,alphaforge_interaction,2,0.95,723,6.488784427941573,-0.9351121557205843,0.9567540481274184,0.47164591977869985,-0.12933778087421677,0.8144784736871504,-0.4773004350384411,-0.018988947107958953,0.38931926817207846,0.9654689302785561,train,0.05998535841715161,-0.07464463932918593
expr_depth_imbalancex_uncertainty__q95,expr_depth_imbalancex_uncertainty,alphaforge_interaction,2,0.95,275,33.37512093124456,-0.6662487906875544,0.7691627529934648,0.43272727272727274,-0.2422722875227479,0.8727993015796461,-0.2860652302018206,-0.017147476510438686,0.4137758505670447,0.9811541027351568,validation,0.05998535841715161,-0.07464463932918593
expr_depth_imbalancex_uncertainty__q95,expr_depth_imbalancex_uncertainty,alphaforge_interaction,2,0.95,418,15.656763403808553,-0.8434323659619145,0.884287918340497,0.4569377990430622,-0.20177807798131955,0.777146482825256,-0.3711847998090394,-0.035850527947776434,0.35607071380920613,1.0,test,0.05998535841715161,-0.07464463932918593
expr_depth_imbalancex_uncertainty__q95,expr_depth_imbalancex_uncertainty,alphaforge_interaction,2,0.95,58,106.18385031142394,0.06183850311423944,0.30973602705822517,0.43103448275862066,0.10661810881765292,1.039949165965286,-0.24638337566037605,0.00046582252553872827,0.5006934812760055,1.0,latest72h,0.05998535841715161,-0.07464463932918593
expr_depth_imbalancex_uncertainty__q95,expr_depth_imbalancex_uncertainty,alphaforge_interaction,2,0.95,1416,0.3390690761472,-0.996609309238528,0.9972866225240696,0.4597457627118644,-0.07038201336430303,0.8175470718227109,-0.4773004350384411,-0.02255611731892504,0.3848926757332459,0.9782074389644437,full,0.05998535841715161,-0.07464463932918593
expr_depth_imbalancex_low_cost__q70,expr_depth_imbalancex_low_cost,alphaforge_interaction,2,0.7,4543,2.3429087097837195e-09,-0.999999999976571,0.9999999999904663,0.45388509795289456,-0.022011886418150408,0.8867730552528387,-0.8193202115129211,-0.2448520907934837,0.24064611834514588,1.0,train,0.03876812190575628,-0.02435679120489157
expr_depth_imbalancex_low_cost__q70,expr_depth_imbalancex_low_cost,alphaforge_interaction,2,0.7,3093,0.14606066940012521,-0.9985393933059987,0.9991770038512818,0.566763659877142,-0.03228384718092475,0.9117239256468139,-0.7667657263810841,-0.11085204945568738,0.3350567044696464,1.0,validation,0.03876812190575628,-0.02435679120489157
expr_depth_imbalancex_low_cost__q70,expr_depth_imbalancex_low_cost,alphaforge_interaction,2,0.7,2900,0.008790974312293613,-0.9999120902568771,0.9999540789161682,0.5396551724137931,-0.03447972725023716,0.7881974995969134,-0.8204129466020035,-0.19139456238489772,0.27284856571047367,1.0,test,0.03876812190575628,-0.02435679120489157
expr_depth_imbalancex_low_cost__q70,expr_depth_imbalancex_low_cost,alphaforge_interaction,2,0.7,347,44.624757820271455,-0.5537524217972855,0.732574190567154,0.6167146974063401,-0.15958283048913163,0.8057710526611813,-0.6620535656328453,-0.08998970482648039,0.3342579750346741,1.0,latest72h,0.03876812190575628,-0.02435679120489157
expr_depth_imbalancex_low_cost__q70,expr_depth_imbalancex_low_cost,alphaforge_interaction,2,0.7,10536,3.008331315712045e-16,-1.0,1.0,0.5106302201974183,-0.009491268033409283,0.8867730552535854,-0.8204129466020035,-0.19060345157932634,0.27433229559233163,1.0,full,0.03876812190575628,-0.02435679120489157
expr_depth_imbalancex_low_cost__q75,expr_depth_imbalancex_low_cost,alphaforge_interaction,2,0.75,3752,1.4537737346760435e-07,-0.9999999985462262,0.999999999503927,0.4650852878464819,-0.026652451986839788,0.8933188834725843,-0.8291984617852836,-0.17530216625183936,0.2847371023570133,1.0,train,0.05091118062613485,-0.035837997860929234
expr_depth_imbalancex_low_cost__q75,expr_depth_imbalancex_low_cost,alphaforge_interaction,2,0.75,2474,0.4841317100710956,-0.995158682899289,0.9976651004620367,0.5966046887631367,-0.04022468402988263,0.9143510927510192,-0.7307182672560377,-0.10531136030222343,0.3413942628418946,1.0,validation,0.05091118062613485,-0.035837997860929234
expr_depth_imbalancex_low_cost__q75,expr_depth_imbalancex_low_cost,alphaforge_interaction,2,0.75,2364,0.0977526235570108,-0.9990224737644299,0.9995706166874722,0.5587986463620981,-0.042259833915585014,0.838623795624133,-0.7385755535146343,-0.16074200330598803,0.3090393595730487,1.0,test,0.05091118062613485,-0.035837997860929234
expr_depth_imbalancex_low_cost__q75,expr_depth_imbalancex_low_cost,alphaforge_interaction,2,0.75,288,66.24823486253337,-0.3375176513746664,0.6701122907654808,0.6388888888888888,-0.11719362894953772,0.8817314445032365,-0.5767856160400787,-0.07434024739637268,0.4133148404993065,1.0,latest72h,0.05091118062613485,-0.035837997860929234
expr_depth_imbalancex_low_cost__q75,expr_depth_imbalancex_low_cost,alphaforge_interaction,2,0.75,8590,6.880005250956341e-13,-0.9999999999999931,0.9999999999999983,0.5287543655413272,-0.011641443538998786,0.8933188835102301,-0.8291984617852836,-0.1506857384184377,0.3053416352613469,1.0,full,0.05091118062613485,-0.035837997860929234
expr_depth_imbalancex_low_cost__q80,expr_depth_imbalancex_low_cost,alphaforge_interaction,2,0.8,2989,9.383012929308338e-07,-0.9999999906169871,0.9999999968837946,0.477751756440281,-0.03345600503904282,0.8585265040190143,-0.7831976836253914,-0.16174892996609086,0.25918905554639854,1.0,train,0.06407385864478554,-0.049944035414565026
expr_depth_imbalancex_low_cost__q80,expr_depth_imbalancex_low_cost,alphaforge_interaction,2,0.8,1839,3.444682907441859,-0.9655531709255815,0.9871505361911834,0.6438281674823274,-0.05250425073004807,0.8921941144317025,-0.6872614503370471,-0.08039746558473138,0.3705803869246164,1.0,validation,0.06407385864478554,-0.049944035414565026
expr_depth_imbalancex_low_cost__q80,expr_depth_imbalancex_low_cost,alphaforge_interaction,2,0.8,1851,0.44705398438998556,-0.9955294601561001,0.99828252322624,0.5845488924905456,-0.05378333118077264,0.871164077204048,-0.6778517904008545,-0.11647104852120649,0.32521681120747165,1.0,test,0.06407385864478554,-0.049944035414565026
expr_depth_imbalancex_low_cost__q80,expr_depth_imbalancex_low_cost,alphaforge_interaction,2,0.8,244,83.52029259163206,-0.16479707408367938,0.6255044336514235,0.6557377049180327,-0.06753978446052508,0.9358675039375846,-0.5122962827117408,-0.03886376511915879,0.37586685159500693,1.0,latest72h,0.06407385864478554,-0.049944035414565026
expr_depth_imbalancex_low_cost__q80,expr_depth_imbalancex_low_cost,alphaforge_interaction,2,0.8,6679,1.444945725996966e-10,-0.999999999998555,0.9999999999996629,0.5530768079053751,-0.014972301242679412,0.8585265044237591,-0.7831976836253914,-0.12284197043243272,0.3054645256431263,1.0,full,0.06407385864478554,-0.049944035414565026
expr_depth_imbalancex_low_cost__q85,expr_depth_imbalancex_low_cost,alphaforge_interaction,2,0.85,2190,8.941175158168609e-05,-0.9999991058824842,0.9999997607058184,0.5073059360730594,-0.04566205962933726,0.7171722898823737,-0.7778273543005555,-0.12346032364189585,0.2741882314158563,1.0,train,0.08285430373031095,-0.06865722513117892
expr_depth_imbalancex_low_cost__q85,expr_depth_imbalancex_low_cost,alphaforge_interaction,2,0.85,1277,9.251570327951175,-0.9074842967204882,0.9657368371176708,0.6914643696162882,-0.07106376638375043,0.9291473520397904,-0.5318958028781187,-0.056730916647416585,0.36941294196130753,1.0,validation,0.08285430373031095,-0.06865722513117892
expr_depth_imbalancex_low_cost__q85,expr_depth_imbalancex_low_cost,alphaforge_interaction,2,0.85,1301,1.8454037903758669,-0.9815459620962413,0.9915230706507779,0.6179861644888547,-0.07544550054544516,0.8570959963384632,-0.6198217184813133,-0.0761356113587951,0.35190126751167444,1.0,test,0.08285430373031095,-0.06865722513117892
expr_depth_imbalancex_low_cost__q85,expr_depth_imbalancex_low_cost,alphaforge_interaction,2,0.85,187,83.46569212717348,-0.16534307872826515,0.5262322755997222,0.679144385026738,-0.0884187586782173,0.9134777650152249,-0.38820587590998146,-0.011350716866561195,0.4882108183079057,1.0,latest72h,0.08285430373031095,-0.06865722513117892
expr_depth_imbalancex_low_cost__q85,expr_depth_imbalancex_low_cost,alphaforge_interaction,2,0.85,4768,1.5265163691202304e-07,-0.9999999984734836,0.9999999992981964,0.5868288590604027,-0.020973154330400277,0.7171729989346999,-0.7778273543005555,-0.08928836046227473,0.31947402916598394,1.0,full,0.08285430373031095,-0.06865722513117892
expr_depth_imbalancex_low_cost__q90,expr_depth_imbalancex_low_cost,alphaforge_interaction,2,0.9,1409,0.01992269745254518,-0.9998007730254745,0.9999174197422921,0.5521646557842441,-0.070958181194143,0.7523709211517167,-0.7212446217615676,-0.07639851068546866,0.28308884127245754,0.9832701499917587,train,0.10938578119011699,-0.09422969973648077
expr_depth_imbalancex_low_cost__q90,expr_depth_imbalancex_low_cost,alphaforge_interaction,2,0.9,726,58.283607022172255,-0.41716392977827743,0.7931036042664277,0.7355371900826446,-0.057460596388193085,0.95316597848468,-0.32321752111377655,-0.01934194927618893,0.4212808539026017,0.9958305537024683,validation,0.10938578119011699,-0.09422969973648077
expr_depth_imbalancex_low_cost__q90,expr_depth_imbalancex_low_cost,alphaforge_interaction,2,0.9,827,1.9029378566562676,-0.9809706214334373,0.987017844405083,0.6590084643288996,-0.11861797115277348,0.7615181497032614,-0.514659164620427,-0.055440075019699386,0.30403602401601065,1.0,test,0.10938578119011699,-0.09422969973648077
expr_depth_imbalancex_low_cost__q90,expr_depth_imbalancex_low_cost,alphaforge_interaction,2,0.9,145,69.52032366419039,-0.30479676335809613,0.48408497075978574,0.6758620689655173,-0.2102046643848941,0.7847754163119715,-0.3172434793977851,-0.008208066640421063,0.49514563106796117,1.0,latest72h,0.10938578119011699,-0.09422969973648077
expr_depth_imbalancex_low_cost__q90,expr_depth_imbalancex_low_cost,alphaforge_interaction,2,0.9,2962,0.00022096280126049535,-0.9999977903719874,0.9999990599355529,0.6269412559081702,-0.03376089771681256,0.7524602075067965,-0.7212446217615676,-0.05084418923084699,0.3263558905456333,0.9906603309847616,full,0.10938578119011699,-0.09422969973648077
expr_depth_imbalancex_low_cost__q95,expr_depth_imbalancex_low_cost,alphaforge_interaction,2,0.95,635,3.122047165669908,-0.9687795283433009,0.9838480483325345,0.5433070866141733,-0.1525637052509136,0.6813915742201894,-0.6571395874219839,-0.022658542303702456,0.3710235701335092,0.9208834679413219,train,0.1550159566498392,-0.1352351045809191
expr_depth_imbalancex_low_cost__q95,expr_depth_imbalancex_low_cost,alphaforge_interaction,2,0.95,257,52.344076451343305,-0.476559235486567,0.5267769115330203,0.754863813229572,-0.18543160913874215,0.7678496052777256,-0.2860509035918727,-0.009585244827325035,0.41410940627084725,0.9666444296197465,validation,0.1550159566498392,-0.1352351045809191
expr_depth_imbalancex_low_cost__q95,expr_depth_imbalancex_low_cost,alphaforge_interaction,2,0.95,360,17.052797597783435,-0.8294720240221657,0.858583398923141,0.7361111111111112,-0.2304088955617125,0.5424112852784035,-0.3479907318430293,-0.034581766315789686,0.3589059372915277,0.9983322214809873,test,0.1550159566498392,-0.1352351045809191
expr_depth_imbalancex_low_cost__q95,expr_depth_imbalancex_low_cost,alphaforge_interaction,2,0.95,71,78.90398038649609,-0.21096019613503914,0.3349485576832364,0.7464788732394366,-0.29712703680991476,0.6556349402644404,-0.2148620418630368,0.004410500301039955,0.5936199722607489,1.0,latest72h,0.1550159566498392,-0.1352351045809191
expr_depth_imbalancex_low_cost__q95,expr_depth_imbalancex_low_cost,alphaforge_interaction,2,0.95,1252,0.2786779703012777,-0.9972132202969872,0.9983305983394029,0.6421725239616614,-0.07964961823458368,0.6818458910138818,-0.6571395874219839,-0.019684024823757307,0.3787481566442733,0.9520727511060134,full,0.1550159566498392,-0.1352351045809191
expr_depth_imbalancex_tight_spread__q70,expr_depth_imbalancex_tight_spread,alphaforge_interaction,2,0.7,4548,1.980021347683852e-09,-0.9999999999801998,0.999999999991943,0.4536059806508355,-0.021987686894903297,0.8867658676515541,-0.8193202115129211,-0.2445370693207644,0.23932750947750123,1.0,train,0.03384825846545331,-0.021298273988368
expr_depth_imbalancex_tight_spread__q70,expr_depth_imbalancex_tight_spread,alphaforge_interaction,2,0.7,3098,0.13406797537081627,-0.9986593202462919,0.9992445781068252,0.566171723692705,-0.03223561395243044,0.909928893230303,-0.7667657263810841,-0.115566136472524,0.32638425617078054,1.0,validation,0.03384825846545331,-0.021298273988368
expr_depth_imbalancex_tight_spread__q70,expr_depth_imbalancex_tight_spread,alphaforge_interaction,2,0.7,2903,0.013260432501040772,-0.9998673956749896,0.999930731974535,0.5397864278332759,-0.03444255582759181,0.7870488049909995,-0.8204129466020035,-0.17601722823049765,0.2771847898599066,1.0,test,0.03384825846545331,-0.021298273988368
expr_depth_imbalancex_tight_spread__q70,expr_depth_imbalancex_tight_spread,alphaforge_interaction,2,0.7,347,44.624757820271455,-0.5537524217972855,0.732574190567154,0.6167146974063401,-0.15958283048913163,0.8057710526611813,-0.6620535656328453,-0.08998970482648039,0.3342579750346741,1.0,latest72h,0.03384825846545331,-0.021298273988368
expr_depth_imbalancex_tight_spread__q70,expr_depth_imbalancex_tight_spread,alphaforge_interaction,2,0.7,10549,3.520080641050922e-16,-1.0,1.0,0.510380130818087,-0.009479571523367161,0.8867658676521285,-0.8204129466020035,-0.18850870804004416,0.2726118302474193,1.0,full,0.03384825846545331,-0.021298273988368
expr_depth_imbalancex_tight_spread__q75,expr_depth_imbalancex_tight_spread,alphaforge_interaction,2,0.75,3755,1.921740943782561e-07,-0.999999998078259,0.999999999348893,0.4655126498002663,-0.026631158404214688,0.8933202531269149,-0.8291984617852836,-0.1725303432923132,0.28547881984506346,1.0,train,0.044475314606805934,-0.03135057794287459
expr_depth_imbalancex_tight_spread__q75,expr_depth_imbalancex_tight_spread,alphaforge_interaction,2,0.75,2478,0.4989273850495921,-0.995010726149504,0.9975937429906038,0.5964487489911219,-0.04015378233048876,0.9142672240581291,-0.7307182672560377,-0.10526123689207817,0.3362241494329553,1.0,validation,0.044475314606805934,-0.03135057794287459
expr_depth_imbalancex_tight_spread__q75,expr_depth_imbalancex_tight_spread,alphaforge_interaction,2,0.75,2367,0.08615622711011083,-0.9991384377288989,0.9996162421716938,0.5580904098014364,-0.04221117185166453,0.8327448091832944,-0.7385755535146343,-0.16074200330598803,0.3090393595730487,1.0,test,0.044475314606805934,-0.03135057794287459
expr_depth_imbalancex_tight_spread__q75,expr_depth_imbalancex_tight_spread,alphaforge_interaction,2,0.75,288,66.24823486253337,-0.3375176513746664,0.6701122907654808,0.6388888888888888,-0.11719362894953772,0.8817314445032365,-0.5767856160400787,-0.07434024739637268,0.4133148404993065,1.0,latest72h,0.044475314606805934,-0.03135057794287459
expr_depth_imbalancex_tight_spread__q75,expr_depth_imbalancex_tight_spread,alphaforge_interaction,2,0.75,8600,8.260738179681511e-13,-0.9999999999999918,0.9999999999999981,0.5287209302325582,-0.01162790697674412,0.8933202531763849,-0.8291984617852836,-0.15063269927454237,0.30444043912829755,1.0,full,0.044475314606805934,-0.03135057794287459
expr_depth_imbalancex_tight_spread__q80,expr_depth_imbalancex_tight_spread,alphaforge_interaction,2,0.8,2990,6.087532518105203e-07,-0.9999999939124675,0.9999999978866841,0.47759197324414715,-0.0334448158499154,0.8584818278716347,-0.7831976836253914,-0.1623926026203083,0.2593538816548541,1.0,train,0.05593289328031854,-0.043694845593709
expr_depth_imbalancex_tight_spread__q80,expr_depth_imbalancex_tight_spread,alphaforge_interaction,2,0.8,1841,3.1686513759330905,-0.968313486240669,0.9871505361911834,0.6431287343834873,-0.05259714754158994,0.885053605193073,-0.6872614503370471,-0.08391795221358217,0.3655770513675784,1.0,validation,0.05593289328031854,-0.043694845593709
expr_depth_imbalancex_tight_spread__q80,expr_depth_imbalancex_tight_spread,alphaforge_interaction,2,0.8,1852,0.5096415422045829,-0.9949035845779541,0.9980420764779137,0.5847732181425486,-0.05372049592753539,0.8712793933868598,-0.6744487706123247,-0.11647104852120649,0.32521681120747165,1.0,test,0.05593289328031854,-0.043694845593709
expr_depth_imbalancex_tight_spread__q80,expr_depth_imbalancex_tight_spread,alphaforge_interaction,2,0.8,244,83.52029259163206,-0.16479707408367938,0.6255044336514235,0.6557377049180327,-0.06753978446052508,0.9358675039375846,-0.5122962827117408,-0.03886376511915879,0.37586685159500693,1.0,latest72h,0.05593289328031854,-0.043694845593709
expr_depth_imbalancex_tight_spread__q80,expr_depth_imbalancex_tight_spread,alphaforge_interaction,2,0.8,6683,9.830612439074835e-11,-0.9999999999990169,0.9999999999997707,0.552895406254676,-0.014963339817432584,0.8584818280671738,-0.7831976836253914,-0.12357853246351225,0.3042356218253318,1.0,full,0.05593289328031854,-0.043694845593709
expr_depth_imbalancex_tight_spread__q85,expr_depth_imbalancex_tight_spread,alphaforge_interaction,2,0.85,2192,9.03489125247079e-05,-0.9999990965108747,0.9999997581976788,0.5077554744525548,-0.045620396738634876,0.7171725531931828,-0.7778273543005555,-0.12223896206799201,0.274682709741223,1.0,train,0.0722844850819732,-0.06003705644845325
expr_depth_imbalancex_tight_spread__q85,expr_depth_imbalancex_tight_spread,alphaforge_interaction,2,0.85,1279,8.903310174508636,-0.9109668982549136,0.9670266175484346,0.691164972634871,-0.07122493340538848,0.928841172442981,-0.5318958028781187,-0.056783113132398255,0.3712474983322215,1.0,validation,0.0722844850819732,-0.06003705644845325
expr_depth_imbalancex_tight_spread__q85,expr_depth_imbalancex_tight_spread,alphaforge_interaction,2,0.85,1304,1.702701797772059,-0.9829729820222795,0.9918434995827721,0.6173312883435583,-0.07538136365201538,0.8559400121213662,-0.6198217184813133,-0.07830647799147816,0.3510673782521681,1.0,test,0.0722844850819732,-0.06003705644845325
expr_depth_imbalancex_tight_spread__q85,expr_depth_imbalancex_tight_spread,alphaforge_interaction,2,0.85,188,80.03683126140857,-0.1996316873859143,0.5262322755997222,0.675531914893617,-0.10618706775846597,0.8952200108842601,-0.38820587590998146,-0.011350716866561195,0.4882108183079057,1.0,latest72h,0.0722844850819732,-0.06003705644845325
expr_depth_imbalancex_tight_spread__q85,expr_depth_imbalancex_tight_spread,alphaforge_interaction,2,0.85,4775,1.3696608046274523e-07,-0.9999999986303392,0.9999999993433331,0.5868062827225131,-0.020942408348279387,0.7171732671614135,-0.7778273543005555,-0.09016209664948716,0.31996559069310176,1.0,full,0.0722844850819732,-0.06003705644845325
expr_depth_imbalancex_tight_spread__q90,expr_depth_imbalancex_tight_spread,alphaforge_interaction,2,0.9,1411,0.021224591805861767,-0.9997877540819414,0.9999127469081973,0.5527994330262226,-0.07085667994910998,0.752406116208694,-0.7212446217615676,-0.07639851068546866,0.2850667545739245,0.9832701499917587,train,0.09556194390664242,-0.0824337544266011
expr_depth_imbalancex_tight_spread__q90,expr_depth_imbalancex_tight_spread,alphaforge_interaction,2,0.9,728,56.40789013889034,-0.4359210986110966,0.8016464231870396,0.7348901098901099,-0.05987927178723919,0.9514382789720814,-0.32321752111377655,-0.019459484848877273,0.4276184122748499,0.9958305537024683,validation,0.09556194390664242,-0.0824337544266011
expr_depth_imbalancex_tight_spread__q90,expr_depth_imbalancex_tight_spread,alphaforge_interaction,2,0.9,830,1.6730919589296491,-0.9832690804107035,0.9885858909898431,0.6566265060240963,-0.11846615426634977,0.7558906765705614,-0.514659164620427,-0.05575424819683317,0.3033689126084056,1.0,test,0.09556194390664242,-0.0824337544266011
expr_depth_imbalancex_tight_spread__q90,expr_depth_imbalancex_tight_spread,alphaforge_interaction,2,0.9,145,69.52032366419039,-0.30479676335809613,0.48408497075978574,0.6758620689655173,-0.2102046643848941,0.7847754163119715,-0.3172434793977851,-0.008208066640421063,0.49514563106796117,1.0,latest72h,0.09556194390664242,-0.0824337544266011
expr_depth_imbalancex_tight_spread__q90,expr_depth_imbalancex_tight_spread,alphaforge_interaction,2,0.9,2969,0.000200308331924888,-0.9999979969166808,0.9999991478079557,0.626473560121253,-0.033681306733468544,0.7525003859023779,-0.7212446217615676,-0.05038719309184159,0.32873177126003605,0.9906603309847616,full,0.09556194390664242,-0.0824337544266011
expr_depth_imbalancex_tight_spread__q95,expr_depth_imbalancex_tight_spread,alphaforge_interaction,2,0.95,636,3.1598403682017016,-0.968401596317983,0.9836525247070862,0.5440251572327044,-0.15226440193678986,0.6815576403318612,-0.6571395874219839,-0.022658542303702456,0.3710235701335092,0.9208834679413219,train,0.13507611256125024,-0.11813285613421179
expr_depth_imbalancex_tight_spread__q95,expr_depth_imbalancex_tight_spread,alphaforge_interaction,2,0.95,261,48.83125467816243,-0.5116874532183757,0.5585350106616571,0.7509578544061303,-0.19604883265071885,0.7532338917040121,-0.2860509035918727,-0.012643344618857855,0.409606404269513,0.9666444296197465,validation,0.13507611256125024,-0.11813285613421179
expr_depth_imbalancex_tight_spread__q95,expr_depth_imbalancex_tight_spread,alphaforge_interaction,2,0.95,365,16.666690672223613,-0.8333330932777638,0.8617853327261906,0.7342465753424657,-0.22831043651445562,0.5475069604591378,-0.3744850767078205,-0.034581766315789686,0.3602401601067378,0.9983322214809873,test,0.13507611256125024,-0.11813285613421179
expr_depth_imbalancex_tight_spread__q95,expr_depth_imbalancex_tight_spread,alphaforge_interaction,2,0.95,72,75.6977234057115,-0.24302276594288497,0.36197287025991753,0.7361111111111112,-0.3375316193651187,0.6137803223231576,-0.24676606047939587,0.0038154535274355084,0.5839112343966713,1.0,latest72h,0.13507611256125024,-0.11813285613421179
expr_depth_imbalancex_tight_spread__q95,expr_depth_imbalancex_tight_spread,alphaforge_interaction,2,0.95,1262,0.257165320006597,-0.9974283467999341,0.9984594684258578,0.6418383518225039,-0.07903552668779194,0.6818406065247185,-0.6571395874219839,-0.01980926801156846,0.37796985089300345,0.9520727511060134,full,0.13507611256125024,-0.11813285613421179
expr_depth_imbalancex_depth_z__q70,expr_depth_imbalancex_depth_z,alphaforge_interaction,2,0.7,4354,5.9076684686093735e-09,-0.9999999999409234,0.9999999999838701,0.4712907671107028,-0.02296738631008098,0.9200907942469306,-0.8136021904628474,-0.25440528229308945,0.2292731168617109,1.0,train,0.012279552560702506,-0.012371861690756302
expr_depth_imbalancex_depth_z__q70,expr_depth_imbalancex_depth_z,alphaforge_interaction,2,0.7,2796,0.011270333406428355,-0.9998872966659357,0.9999407711352521,0.5143061516452074,-0.03576134823554851,0.8485165736904832,-0.7470575095063161,-0.21389003538391982,0.28885923949299536,1.0,validation,0.012279552560702506,-0.012371861690756302
expr_depth_imbalancex_depth_z__q70,expr_depth_imbalancex_depth_z,alphaforge_interaction,2,0.7,2808,0.02560839151300806,-0.9997439160848699,0.9999619090093685,0.4928774928774929,-0.03560341581498832,0.8662179346633955,-0.7458203819778069,-0.17955261137182504,0.31437625083388926,1.0,test,0.012279552560702506,-0.012371861690756302
expr_depth_imbalancex_depth_z__q70,expr_depth_imbalancex_depth_z,alphaforge_interaction,2,0.7,345,160.7214530106397,0.6072145301063969,0.6435032086594967,0.5043478260869565,0.1760042116250414,1.106460685507792,-0.48413903523904556,0.11233773324526486,0.6532593619972261,1.0,latest72h,0.012279552560702506,-0.012371861690756302
expr_depth_imbalancex_depth_z__q70,expr_depth_imbalancex_depth_z,alphaforge_interaction,2,0.7,9958,1.7050423870022464e-16,-1.0,1.0,0.48945571399879495,-0.010042177144004846,0.9200907942447004,-0.8136021904628474,-0.2222326263375357,0.2678600688186138,1.0,full,0.012279552560702506,-0.012371861690756302
expr_depth_imbalancex_depth_z__q75,expr_depth_imbalancex_depth_z,alphaforge_interaction,2,0.75,3552,1.4789929923017294e-07,-0.999999998521007,0.9999999995585107,0.4681869369369369,-0.0281531531115149,0.9211549100815357,-0.7691496715532005,-0.21959263997822975,0.24517883632767432,1.0,train,0.018907766725385466,-0.019339678172562765
expr_depth_imbalancex_depth_z__q75,expr_depth_imbalancex_depth_z,alphaforge_interaction,2,0.75,2293,0.1009447357551915,-0.9989905526424481,0.9994291713518528,0.5163541212385521,-0.043566966970887445,0.8407001563040648,-0.7151174639210003,-0.16319976986290663,0.30153435623749164,1.0,validation,0.018907766725385466,-0.019339678172562765
expr_depth_imbalancex_depth_z__q75,expr_depth_imbalancex_depth_z,alphaforge_interaction,2,0.75,2427,0.03955315894512945,-0.9996044684105487,0.9999408111379232,0.49484960857025134,-0.041186834297921394,0.9115315372451219,-0.7261724923362745,-0.19100053331324446,0.30370246831220815,1.0,test,0.018907766725385466,-0.019339678172562765
expr_depth_imbalancex_depth_z__q75,expr_depth_imbalancex_depth_z,alphaforge_interaction,2,0.75,293,132.31170067196098,0.32311700671960986,0.6356265270960251,0.5119453924914675,0.11027884188382547,1.0836906587550843,-0.5383689073388065,-0.00836143683271473,0.49653259361997226,1.0,latest72h,0.018907766725385466,-0.019339678172562765
expr_depth_imbalancex_depth_z__q75,expr_depth_imbalancex_depth_z,alphaforge_interaction,2,0.75,8272,5.905150440741776e-14,-0.9999999999999994,1.0,0.48936170212765956,-0.01208897485493232,0.9211549100226876,-0.7691496715532005,-0.19269701947622397,0.2785924954940193,1.0,full,0.018907766725385466,-0.019339678172562765
expr_depth_imbalancex_depth_z__q80,expr_depth_imbalancex_depth_z,alphaforge_interaction,2,0.8,2793,6.98869791375923e-07,-0.999999993011302,0.9999999963535824,0.4597207303974221,-0.035803794952069604,0.8863688937484604,-0.7900495386019768,-0.19645564822763817,0.2372671831218065,1.0,train,0.02830978483701842,-0.02935313127758191
expr_depth_imbalancex_depth_z__q80,expr_depth_imbalancex_depth_z,alphaforge_interaction,2,0.8,1765,0.4665867721920439,-0.9953341322780795,0.9970354165134729,0.5155807365439093,-0.056392868684310385,0.8205032988115857,-0.6910775692182685,-0.12988981784174658,0.3257171447631754,1.0,validation,0.02830978483701842,-0.02935313127758191
expr_depth_imbalancex_depth_z__q80,expr_depth_imbalancex_depth_z,alphaforge_interaction,2,0.8,1983,0.1750498488538921,-0.9982495015114611,0.9997099401970803,0.49924357034795763,-0.050340368205318335,0.879044585399606,-0.6803432399111853,-0.14121529840096558,0.3218812541694463,1.0,test,0.02830978483701842,-0.02935313127758191
expr_depth_imbalancex_depth_z__q80,expr_depth_imbalancex_depth_z,alphaforge_interaction,2,0.8,245,132.24651798468955,0.3224651798468954,0.6262103122575172,0.5061224489795918,0.13161844075383447,1.0979785170710068,-0.5185073349035791,0.05839247274427595,0.5852981969486823,1.0,latest72h,0.02830978483701842,-0.02935313127758191
expr_depth_imbalancex_depth_z__q80,expr_depth_imbalancex_depth_z,alphaforge_interaction,2,0.8,6541,5.7080849908378455e-12,-0.9999999999999429,0.9999999999999912,0.4867757223666106,-0.015288182235131405,0.8863688934581918,-0.7900495386019768,-0.16219205947588422,0.28248402425036867,1.0,full,0.02830978483701842,-0.02935313127758191
expr_depth_imbalancex_depth_z__q85,expr_depth_imbalancex_depth_z,alphaforge_interaction,2,0.85,1996,3.0761674529817234e-05,-0.9999996923832547,0.999999867751647,0.45190380761523047,-0.05010018498914116,0.8965438749376621,-0.6900943423747437,-0.1700656354426634,0.24427229273116863,1.0,train,0.04280647290518535,-0.04539001148263936
expr_depth_imbalancex_depth_z__q85,expr_depth_imbalancex_depth_z,alphaforge_interaction,2,0.85,1225,4.635868275327469,-0.9536413172467253,0.9654652927979719,0.5183673469387755,-0.07784827079565118,0.8678152711128168,-0.5820105952572094,-0.07744090047850061,0.3962641761174116,1.0,validation,0.04280647290518535,-0.04539001148263936
expr_depth_imbalancex_depth_z__q85,expr_depth_imbalancex_depth_z,alphaforge_interaction,2,0.85,1424,1.216506415900526,-0.9878349358409947,0.9978395836103163,0.5084269662921348,-0.06937043088771032,0.9015582652819591,-0.6588212363709951,-0.11774722176107277,0.34156104069379584,1.0,test,0.04280647290518535,-0.04539001148263936
expr_depth_imbalancex_depth_z__q85,expr_depth_imbalancex_depth_z,alphaforge_interaction,2,0.85,181,145.96015828374908,0.45960158283749086,0.4775561824857266,0.5469613259668509,0.25392352642955224,1.1722650640268153,-0.45553562324820973,0.018810951043496837,0.5353675450762829,1.0,latest72h,0.04280647290518535,-0.04539001148263936
expr_depth_imbalancex_depth_z__q85,expr_depth_imbalancex_depth_z,alphaforge_interaction,2,0.85,4645,1.734824168835611e-08,-0.9999999998265175,0.999999999970854,0.48675995694294943,-0.02152852529228246,0.8965438684158407,-0.6900943423747437,-0.13724255446999878,0.3067753563821072,1.0,full,0.04280647290518535,-0.04539001148263936
expr_depth_imbalancex_depth_z__q90,expr_depth_imbalancex_depth_z,alphaforge_interaction,2,0.9,1230,0.002673118309487413,-0.9999732688169052,0.999983680680206,0.4398373983739837,-0.0812986397412119,0.8017541658994842,-0.6476108419278647,-0.1124238480329659,0.2760837316630954,1.0,train,0.0661380210364809,-0.07167246927048258
expr_depth_imbalancex_depth_z__q90,expr_depth_imbalancex_depth_z,alphaforge_interaction,2,0.9,688,13.610280247017664,-0.8638971975298233,0.9466751276953835,0.5174418604651163,-0.12556645312933504,0.8785214002243485,-0.4692235740267705,-0.08469770733260956,0.3804202801867912,1.0,validation,0.0661380210364809,-0.07167246927048258
expr_depth_imbalancex_depth_z__q90,expr_depth_imbalancex_depth_z,alphaforge_interaction,2,0.9,931,2.950445236008702,-0.970495547639913,0.989994186959545,0.5241675617615468,-0.10424227149730536,0.856838250356632,-0.5222568615298082,-0.07909131175646267,0.35290193462308206,1.0,test,0.0661380210364809,-0.07167246927048258
expr_depth_imbalancex_depth_z__q90,expr_depth_imbalancex_depth_z,alphaforge_interaction,2,0.9,127,108.64019463448031,0.08640194634480314,0.41167093934242205,0.5354330708661418,0.06803302861795457,1.0449278118414658,-0.3623086051592873,0.01768803732626867,0.5423023578363384,1.0,latest72h,0.0661380210364809,-0.07167246927048258
expr_depth_imbalancex_depth_z__q90,expr_depth_imbalancex_depth_z,alphaforge_interaction,2,0.9,2849,1.0734277203758809e-05,-0.999999892657228,0.9999999630033409,0.48613548613548613,-0.03510003133230009,0.8017573282576197,-0.6476108419278647,-0.09837979673790681,0.3248812059642799,1.0,full,0.0661380210364809,-0.07167246927048258
expr_depth_imbalancex_depth_z__q95,expr_depth_imbalancex_depth_z,alphaforge_interaction,2,0.95,505,3.5846186682129186,-0.9641538133178709,0.9854385281164224,0.44752475247524753,-0.19092154719165796,0.8240652900316019,-0.5413725315568108,-0.04058884164473053,0.3488544585462337,0.9400032965221691,train,0.12133509241877004,-0.13238440197026285
expr_depth_imbalancex_depth_z__q95,expr_depth_imbalancex_depth_z,alphaforge_interaction,2,0.95,241,40.29431108132936,-0.5970568891867064,0.6718818958111142,0.5062240663900415,-0.24774144779531365,0.8580640606769019,-0.2697546283433023,-0.03405058921789561,0.3737491661107405,0.9946631087391594,validation,0.12133509241877004,-0.13238440197026285
expr_depth_imbalancex_depth_z__q95,expr_depth_imbalancex_depth_z,alphaforge_interaction,2,0.95,393,11.775777274937889,-0.8822422272506211,0.9477087481321633,0.5267175572519084,-0.22448911634875854,0.7422592578674598,-0.34459897708658915,-0.0670375485119914,0.34623082054703136,1.0,test,0.12133509241877004,-0.13238440197026285
expr_depth_imbalancex_depth_z__q95,expr_depth_imbalancex_depth_z,alphaforge_interaction,2,0.95,61,118.66052179377293,0.18660521793772933,0.2881039082823752,0.6065573770491803,0.30591019334053926,1.187502610510533,-0.22563724305796995,0.04592203830312691,0.665742024965326,1.0,latest72h,0.12133509241877004,-0.13238440197026285
expr_depth_imbalancex_depth_z__q95,expr_depth_imbalancex_depth_z,alphaforge_interaction,2,0.95,1139,0.17008902046505625,-0.9982991097953494,0.9995046607606735,0.4872695346795435,-0.08764698066684384,0.8242557674515584,-0.5413725315568108,-0.04063492063492058,0.35535802064558414,0.9688677699492053,full,0.12133509241877004,-0.13238440197026285
expr_book_pressure_deltax_path_eff__q70,expr_book_pressure_deltax_path_eff,alphaforge_interaction,2,0.7,4581,1.0964610083345328e-10,-0.9999999999989035,0.9999999999996874,0.4494651822746125,-0.021829294913750397,0.9218214466041431,-0.8472787246890876,-0.24488762708941075,0.23710235701335092,1.0,train,0.011059157015126284,-0.007188292641732064
expr_book_pressure_deltax_path_eff__q70,expr_book_pressure_deltax_path_eff,alphaforge_interaction,2,0.7,2678,0.47612277509487116,-0.9952387722490513,0.9977667431684896,0.5899925317401046,-0.03716350904589447,0.8877678015805475,-0.7316086872656244,-0.10066695442784768,0.3675783855903936,1.0,validation,0.011059157015126284,-0.007188292641732064
expr_book_pressure_deltax_path_eff__q70,expr_book_pressure_deltax_path_eff,alphaforge_interaction,2,0.7,2718,0.021710970139333548,-0.9997828902986067,0.9998532751589491,0.5518763796909493,-0.03678377079832994,0.7780500646113281,-0.7745859303801714,-0.14414845660256426,0.31687791861240827,1.0,test,0.011059157015126284,-0.007188292641732064
expr_book_pressure_deltax_path_eff__q70,expr_book_pressure_deltax_path_eff,alphaforge_interaction,2,0.7,368,26.232242011988227,-0.7376775798801177,0.8071951045371529,0.595108695652174,-0.20045586409785837,0.7495594600304543,-0.5898455332336787,-0.22055994901622922,0.33841886269070737,1.0,latest72h,0.011059157015126284,-0.007188292641732064
expr_book_pressure_deltax_path_eff__q70,expr_book_pressure_deltax_path_eff,alphaforge_interaction,2,0.7,9977,1.1334213222028917e-16,-1.0,1.0,0.5150846947980355,-0.01002305302195051,0.921821446604117,-0.8472787246890876,-0.1766044890755828,0.28940684909061115,1.0,full,0.011059157015126284,-0.007188292641732064
expr_book_pressure_deltax_path_eff__q75,expr_book_pressure_deltax_path_eff,alphaforge_interaction,2,0.75,3815,1.2801414624935312e-09,-0.9999999999871986,0.9999999999965277,0.4503276539973788,-0.026212319789965906,0.9214161180076663,-0.8249550342911995,-0.21196610378209163,0.2556452942146036,1.0,train,0.01715161061235129,-0.01267921723568823
expr_book_pressure_deltax_path_eff__q75,expr_book_pressure_deltax_path_eff,alphaforge_interaction,2,0.75,2129,0.8813045503454747,-0.9911869544965453,0.9932529630042954,0.6223579145138562,-0.04655645629387266,0.8426667025798033,-0.6645998900730576,-0.08653065672136317,0.3512341561040694,1.0,validation,0.01715161061235129,-0.01267921723568823
expr_book_pressure_deltax_path_eff__q75,expr_book_pressure_deltax_path_eff,alphaforge_interaction,2,0.75,2263,0.3475467359944658,-0.9965245326400554,0.9978538612209693,0.5757843570481661,-0.044035551596997624,0.867398537999766,-0.7781548032762894,-0.08423348741530196,0.39426284189459637,1.0,test,0.01715161061235129,-0.01267921723568823
expr_book_pressure_deltax_path_eff__q75,expr_book_pressure_deltax_path_eff,alphaforge_interaction,2,0.75,316,52.97603999687344,-0.47023960003126564,0.7112477465050914,0.6234177215189873,-0.1488100000098945,0.8542177626396878,-0.5162977250627532,-0.07109424959835198,0.478502080443828,1.0,latest72h,0.01715161061235129,-0.01267921723568823
expr_book_pressure_deltax_path_eff__q75,expr_book_pressure_deltax_path_eff,alphaforge_interaction,2,0.75,8207,3.921003146452766e-14,-0.9999999999999996,0.9999999999999999,0.5295479468746193,-0.012184720360667726,0.9214161180071633,-0.8249550342911995,-0.15020463900554498,0.31369818122234966,1.0,full,0.01715161061235129,-0.01267921723568823
expr_book_pressure_deltax_path_eff__q80,expr_book_pressure_deltax_path_eff,alphaforge_interaction,2,0.8,3014,3.56073345474441e-08,-0.9999999996439266,0.9999999998930068,0.4628400796284008,-0.033178500319971105,0.903276411797674,-0.7960428016245908,-0.18095627828744687,0.2835833195978243,1.0,train,0.02532981245926027,-0.020217843927072248
expr_book_pressure_deltax_path_eff__q80,expr_book_pressure_deltax_path_eff,alphaforge_interaction,2,0.8,1629,5.853202478842397,-0.941467975211576,0.9711254878521631,0.670963781461019,-0.05779422806700913,0.9100602547184988,-0.5556085351559339,-0.07361542540461219,0.37541694462975317,1.0,validation,0.02532981245926027,-0.020217843927072248
expr_book_pressure_deltax_path_eff__q80,expr_book_pressure_deltax_path_eff,alphaforge_interaction,2,0.8,1810,0.17427183441289365,-0.998257281655871,0.9987619814414168,0.5900552486187846,-0.05515233600308688,0.797092961396817,-0.7227582921990021,-0.13159083213446782,0.32671781187458304,1.0,test,0.02532981245926027,-0.020217843927072248
expr_book_pressure_deltax_path_eff__q80,expr_book_pressure_deltax_path_eff,alphaforge_interaction,2,0.8,271,37.76127059687955,-0.6223872940312045,0.714269243994611,0.6125461254612546,-0.22966320812959595,0.7044653279640833,-0.6874570979768055,-0.1114119179902523,0.4119278779472954,1.0,latest72h,0.02532981245926027,-0.020217843927072248
expr_book_pressure_deltax_path_eff__q80,expr_book_pressure_deltax_path_eff,alphaforge_interaction,2,0.8,6453,3.6321202254030177e-12,-0.9999999999999637,0.9999999999999915,0.5510615217728189,-0.015496668216332967,0.9032764117990666,-0.7960428016245908,-0.13060221860880883,0.3170981484515812,1.0,full,0.02532981245926027,-0.020217843927072248
expr_book_pressure_deltax_path_eff__q85,expr_book_pressure_deltax_path_eff,alphaforge_interaction,2,0.85,2222,1.316770150927528e-07,-0.9999999986832299,0.9999999992238339,0.46174617461746176,-0.04500450039078448,0.7889381182971565,-0.7384955797639556,-0.15373391381806945,0.252348772045492,0.9991758694577221,train,0.03581231564241204,-0.03086953125578857
expr_book_pressure_deltax_path_eff__q85,expr_book_pressure_deltax_path_eff,alphaforge_interaction,2,0.85,1215,11.017998774697482,-0.8898200122530252,0.9601091527899642,0.7185185185185186,-0.07323621500024904,0.9180454880979149,-0.49032838445828875,-0.061341875181915584,0.3604069379586391,1.0,validation,0.03581231564241204,-0.03086953125578857
expr_book_pressure_deltax_path_eff__q85,expr_book_pressure_deltax_path_eff,alphaforge_interaction,2,0.85,1401,1.3051203476603677,-0.9869487965233963,0.9930830479193465,0.6188436830835118,-0.0704460240202281,0.8335607461096068,-0.6606847009777654,-0.10088992071626884,0.3752501667778519,1.0,test,0.03581231564241204,-0.03086953125578857
expr_book_pressure_deltax_path_eff__q85,expr_book_pressure_deltax_path_eff,alphaforge_interaction,2,0.85,221,52.0734963285204,-0.47926503671479603,0.6569310713474801,0.6334841628959276,-0.21686200756325646,0.7579327007008296,-0.6497530137633658,-0.06547323993273846,0.4188626907073509,1.0,latest72h,0.03581231564241204,-0.03086953125578857
expr_book_pressure_deltax_path_eff__q85,expr_book_pressure_deltax_path_eff,alphaforge_interaction,2,0.85,4838,1.8934910366413975e-10,-0.9999999999981065,0.9999999999992116,0.5717238528317486,-0.02066969822236685,0.7889381186948422,-0.7384955797639556,-0.1078622404973908,0.3129198754710798,0.9995903653940685,full,0.03581231564241204,-0.03086953125578857
expr_book_pressure_deltax_path_eff__q90,expr_book_pressure_deltax_path_eff,alphaforge_interaction,2,0.9,1436,3.020236654008023e-05,-0.9999996979763346,0.9999998771736126,0.4582172701949861,-0.06963786197606797,0.8264322311649053,-0.716446176080018,-0.11888660344615376,0.2571287291907038,0.9943134992582825,train,0.05424593385593582,-0.04640632478935802
expr_book_pressure_deltax_path_eff__q90,expr_book_pressure_deltax_path_eff,alphaforge_interaction,2,0.9,827,42.53169144102743,-0.5746830855897258,0.8036659276776982,0.7521160822249093,-0.06949009499271228,0.928952373103774,-0.4648015763581993,-0.04026928881799707,0.3524016010673783,1.0,validation,0.05424593385593582,-0.04640632478935802
expr_book_pressure_deltax_path_eff__q90,expr_book_pressure_deltax_path_eff,alphaforge_interaction,2,0.9,1003,4.828171278767926,-0.9517182872123208,0.9751521771779248,0.6390827517447657,-0.09488716721957328,0.819825353169143,-0.6199615701661672,-0.05970937218589517,0.37141427618412276,1.0,test,0.05424593385593582,-0.04640632478935802
expr_book_pressure_deltax_path_eff__q90,expr_book_pressure_deltax_path_eff,alphaforge_interaction,2,0.9,157,99.6790104253682,-0.0032098957463179145,0.47392226208980825,0.6815286624203821,-0.002044519583642824,0.9983828822602484,-0.4629150971119951,-0.019168410683428894,0.4895977808599168,1.0,latest72h,0.05424593385593582,-0.04640632478935802
expr_book_pressure_deltax_path_eff__q90,expr_book_pressure_deltax_path_eff,alphaforge_interaction,2,0.9,3266,6.202064759494489e-07,-0.9999999937979352,0.999999998566222,0.5881812614819351,-0.030618493380218516,0.8264322738576442,-0.716446176080018,-0.0780863675187714,0.3095608717024414,0.9971735212190725,full,0.05424593385593582,-0.04640632478935802
expr_book_pressure_deltax_path_eff__q95,expr_book_pressure_deltax_path_eff,alphaforge_interaction,2,0.95,631,0.2818732546309429,-0.9971812674536906,0.99913418676709,0.4500792393026941,-0.15803189658537103,0.744410773314508,-0.5714118508376946,-0.03702797419354831,0.3515740893357508,0.9621724081094445,train,0.09148875886177375,-0.0789366327166766
expr_book_pressure_deltax_path_eff__q95,expr_book_pressure_deltax_path_eff,alphaforge_interaction,2,0.95,377,78.61050866736687,-0.21389491332633126,0.45040480058642535,0.8037135278514589,-0.05673605128019414,0.9354644712863122,-0.26828644155644854,-0.004427253237626549,0.4748165443629086,0.9938292194796531,validation,0.09148875886177375,-0.0789366327166766
expr_book_pressure_deltax_path_eff__q95,expr_book_pressure_deltax_path_eff,alphaforge_interaction,2,0.95,571,1.0845403215364107,-0.9891545967846359,0.9912390165083012,0.658493870402802,-0.17323197842112714,0.48562555216625236,-0.5877931071764748,-0.05970775384128052,0.2418278852568379,1.0,test,0.09148875886177375,-0.0789366327166766
expr_book_pressure_deltax_path_eff__q95,expr_book_pressure_deltax_path_eff,alphaforge_interaction,2,0.95,95,82.43979458919677,-0.1756020541080323,0.3169260862288559,0.7263157894736842,-0.18484426748213992,0.8160173854823473,-0.2945058013590206,-0.018370966027638436,0.4091539528432732,1.0,latest72h,0.09148875886177375,-0.0789366327166766
expr_book_pressure_deltax_path_eff__q95,expr_book_pressure_deltax_path_eff,alphaforge_interaction,2,0.95,1579,0.0024031461272699052,-0.9999759685387273,0.9999907863647362,0.609879670677644,-0.06332970035077444,0.7445850175853047,-0.5877931071764748,-0.029908234180958115,0.3556447648697362,0.9796821235457972,full,0.09148875886177375,-0.0789366327166766
expr_book_pressure_deltax_uncertainty__q70,expr_book_pressure_deltax_uncertainty,alphaforge_interaction,2,0.7,4468,7.350879990215128e-06,-0.9999999264912001,0.9999999265950003,0.5044762757385854,-0.022381377047699182,0.82610631633025,-0.7471116442371202,-0.15386684899762815,0.2697379264875556,1.0,train,0.023292939027589367,-0.03591527321728796
expr_book_pressure_deltax_uncertainty__q70,expr_book_pressure_deltax_uncertainty,alphaforge_interaction,2,0.7,3161,6.812915847326321e-05,-0.9999993187084153,0.9999994965757344,0.4444795950648529,-0.031635536814565504,0.8472600203696907,-0.7560400181273782,-0.3089498707757029,0.22865243495663776,1.0,validation,0.023292939027589367,-0.03591527321728796
expr_book_pressure_deltax_uncertainty__q70,expr_book_pressure_deltax_uncertainty,alphaforge_interaction,2,0.7,2999,0.00018273967150841977,-0.9999981726032849,0.9999990180926582,0.4471490496832277,-0.03334438721584817,0.7913267786485503,-0.8586308539286105,-0.28258064343386774,0.31137424949966647,1.0,test,0.023292939027589367,-0.03591527321728796
expr_book_pressure_deltax_uncertainty__q70,expr_book_pressure_deltax_uncertainty,alphaforge_interaction,2,0.7,379,142.93475324211394,0.4293475324211393,0.6699581420410401,0.39050131926121373,0.11328430934594563,1.022937249325194,-0.5115409707453273,1.2316593750449911e-05,0.507628294036061,1.0,latest72h,0.023292939027589367,-0.03591527321728796
expr_book_pressure_deltax_uncertainty__q70,expr_book_pressure_deltax_uncertainty,alphaforge_interaction,2,0.7,10628,9.151772108090047e-18,-1.0,1.0,0.4704554008280015,-0.009409108016560024,0.8261063181005879,-0.8586308539286105,-0.20693514181385708,0.26695887268556445,1.0,full,0.023292939027589367,-0.03591527321728796
expr_book_pressure_deltax_uncertainty__q75,expr_book_pressure_deltax_uncertainty,alphaforge_interaction,2,0.75,3726,0.0001455228609675525,-0.9999985447713903,0.9999987641746082,0.5042941492216855,-0.0268383935794791,0.8831268043055053,-0.7498358659048838,-0.11723376628820581,0.27690786220537333,1.0,train,0.03217684165707605,-0.04609135343273408
expr_book_pressure_deltax_uncertainty__q75,expr_book_pressure_deltax_uncertainty,alphaforge_interaction,2,0.75,2793,0.0013445882783076975,-0.9999865541172169,0.9999890146526869,0.4514858575008951,-0.03580331378865798,0.807222330983905,-0.7501521565410743,-0.2479105429528502,0.2371581054036024,1.0,validation,0.03217684165707605,-0.04609135343273408
expr_book_pressure_deltax_uncertainty__q75,expr_book_pressure_deltax_uncertainty,alphaforge_interaction,2,0.75,2618,0.011075408415388443,-0.9998892459158462,0.9999444408856313,0.4564553093964859,-0.038192866536128696,0.8227026303221443,-0.8428259166877848,-0.20544968181489642,0.3357238158772515,1.0,test,0.03217684165707605,-0.04609135343273408
expr_book_pressure_deltax_uncertainty__q75,expr_book_pressure_deltax_uncertainty,alphaforge_interaction,2,0.75,321,138.7772674574423,0.387772674574423,0.7202564691794925,0.38317757009345793,0.12080145625371254,1.0235126818257463,-0.6304429720470888,-0.06780507396613267,0.43411927877947293,1.0,latest72h,0.03217684165707605,-0.04609135343273408
expr_book_pressure_deltax_uncertainty__q75,expr_book_pressure_deltax_uncertainty,alphaforge_interaction,2,0.75,9137,2.1671067028499508e-13,-0.9999999999999978,0.9999999999999991,0.47444456605012586,-0.010944511327569215,0.883126737339213,-0.8428259166877848,-0.15906205170070087,0.2783467147304604,1.0,full,0.03217684165707605,-0.04609135343273408
expr_book_pressure_deltax_uncertainty__q80,expr_book_pressure_deltax_uncertainty,alphaforge_interaction,2,0.8,2952,0.014398848259245109,-0.9998560115174076,0.9998881546697534,0.497289972899729,-0.033870461094763174,0.9161201722212086,-0.7408457645705466,-0.06850315307292976,0.3603098730838965,1.0,train,0.04340545098402,-0.0590049414213846
expr_book_pressure_deltax_uncertainty__q80,expr_book_pressure_deltax_uncertainty,alphaforge_interaction,2,0.8,2304,0.061483803257638164,-0.9993851619674237,0.999511717885265,0.4544270833333333,-0.04337609209928057,0.8548446206563649,-0.6773799156199738,-0.18018675543599488,0.31804536357571717,1.0,validation,0.04340545098402,-0.0590049414213846
expr_book_pressure_deltax_uncertainty__q80,expr_book_pressure_deltax_uncertainty,alphaforge_interaction,2,0.8,2173,0.010034973642505234,-0.999899650263575,0.9999355826739642,0.4583525080533824,-0.04601471009036251,0.7808630133508087,-0.7569045727003021,-0.19978192994909294,0.29319546364242827,1.0,test,0.04340545098402,-0.0590049414213846
expr_book_pressure_deltax_uncertainty__q80,expr_book_pressure_deltax_uncertainty,alphaforge_interaction,2,0.8,256,83.4227653188343,-0.1657723468116571,0.8469781305470716,0.38671875,-0.0647548229733046,0.9841525187087657,-0.5390769877537378,-0.2581573325994653,0.3106796116504854,1.0,latest72h,0.04340545098402,-0.0590049414213846
expr_book_pressure_deltax_uncertainty__q80,expr_book_pressure_deltax_uncertainty,alphaforge_interaction,2,0.8,7429,8.883921559269389e-10,-0.9999999999911161,0.9999999999955703,0.472607349575986,-0.0134607618790028,0.916115071998615,-0.7569045727003021,-0.11451602933700555,0.32971489431427164,1.0,full,0.04340545098402,-0.0590049414213846
expr_book_pressure_deltax_uncertainty__q85,expr_book_pressure_deltax_uncertainty,alphaforge_interaction,2,0.85,2230,0.34907146213273577,-0.9965092853786727,0.9972952314868713,0.4914798206278027,-0.04468651503940249,0.9320904827996735,-0.647549680597379,-0.04051282051282046,0.4259930773034449,1.0,train,0.058285639652146295,-0.07601224000293628
expr_book_pressure_deltax_uncertainty__q85,expr_book_pressure_deltax_uncertainty,alphaforge_interaction,2,0.85,1628,1.641402495683261,-0.9835859750431674,0.9929997440518589,0.45454545454545453,-0.06041682893385564,0.9003995253105724,-0.6095881785763645,-0.13743709440635288,0.36674449633088724,1.0,validation,0.058285639652146295,-0.07601224000293628
expr_book_pressure_deltax_uncertainty__q85,expr_book_pressure_deltax_uncertainty,alphaforge_interaction,2,0.85,1624,0.11947376875894467,-0.9988052623124105,0.9989660538109653,0.45935960591133007,-0.06150278708820273,0.8288797709055349,-0.7051187197529601,-0.14366333985934437,0.30653769179452967,1.0,test,0.058285639652146295,-0.07601224000293628
expr_book_pressure_deltax_uncertainty__q85,expr_book_pressure_deltax_uncertainty,alphaforge_interaction,2,0.85,190,57.3178067514656,-0.42682193248534406,0.8153494925640214,0.3631578947368421,-0.22464312236070813,0.9405801358897884,-0.44883578804570046,-0.23644354723601002,0.19694868238557559,1.0,latest72h,0.058285639652146295,-0.07601224000293628
expr_book_pressure_deltax_uncertainty__q85,expr_book_pressure_deltax_uncertainty,alphaforge_interaction,2,0.85,5482,6.845449927998136e-06,-0.9999999315455007,0.9999999455063125,0.4709959868661073,-0.018241516445558256,0.9320138648215992,-0.7051187197529601,-0.0820601143831885,0.380018023922661,1.0,full,0.058285639652146295,-0.07601224000293628
expr_book_pressure_deltax_uncertainty__q90,expr_book_pressure_deltax_uncertainty,alphaforge_interaction,2,0.9,1490,4.777217462885118,-0.9522278253711488,0.9706282559719013,0.48456375838926175,-0.06390790774303017,0.8747814131382654,-0.6126609192462835,-0.034263325853987725,0.4079446184275589,0.9985989780781276,train,0.08035103506070379,-0.10206488003877254
expr_book_pressure_deltax_uncertainty__q90,expr_book_pressure_deltax_uncertainty,alphaforge_interaction,2,0.9,920,6.946133953013342,-0.9305386604698666,0.9565107260673034,0.44782608695652176,-0.10114550657281192,0.8955495493890047,-0.5262675037512969,-0.06507535661697339,0.3722481654436291,1.0,validation,0.08035103506070379,-0.10206488003877254
expr_book_pressure_deltax_uncertainty__q90,expr_book_pressure_deltax_uncertainty,alphaforge_interaction,2,0.9,1000,3.6068998917967012,-0.963931001082033,0.9736260707122844,0.461,-0.09639310010820341,0.8312207779990851,-0.5654440705316769,-0.07672470667387588,0.354736490993996,1.0,test,0.08035103506070379,-0.10206488003877254
expr_book_pressure_deltax_uncertainty__q90,expr_book_pressure_deltax_uncertainty,alphaforge_interaction,2,0.9,124,129.59197986554545,0.2959197986554545,0.5619859098384508,0.4274193548387097,0.23864499891568677,1.0552559842992413,-0.4374673603511068,-0.026004392750843985,0.4535367545076283,1.0,latest72h,0.08035103506070379,-0.10206488003877254
expr_book_pressure_deltax_uncertainty__q90,expr_book_pressure_deltax_uncertainty,alphaforge_interaction,2,0.9,3410,0.011968845314871466,-0.9998803115468513,0.9999138468716223,0.46774193548387094,-0.029322003271168677,0.8757769718542103,-0.6126609192462835,-0.05039009071925382,0.3834179911518925,0.9993036211699164,full,0.08035103506070379,-0.10206488003877254
expr_book_pressure_deltax_uncertainty__q95,expr_book_pressure_deltax_uncertainty,alphaforge_interaction,2,0.95,730,13.68004742474147,-0.8631995257525853,0.907976586136785,0.4808219178082192,-0.11824651037706678,0.8656539708974689,-0.4548114055159752,-0.012520638736263523,0.4166804021757046,0.9663754738750618,train,0.12045326514665287,-0.1473597995161906
expr_book_pressure_deltax_uncertainty__q95,expr_book_pressure_deltax_uncertainty,alphaforge_interaction,2,0.95,279,34.73915077828214,-0.6526084922171786,0.748393048481391,0.44086021505376344,-0.23390985384128307,0.869637527174468,-0.393491808623037,-0.01650126465811952,0.4496330887258172,0.9811541027351568,validation,0.12045326514665287,-0.1473597995161906
expr_book_pressure_deltax_uncertainty__q95,expr_book_pressure_deltax_uncertainty,alphaforge_interaction,2,0.95,412,15.840135441176553,-0.8415986455882345,0.8829326982599001,0.4587378640776699,-0.20427151591947468,0.7642124284903117,-0.3527824474050335,-0.03416253344502629,0.3604069379586391,1.0,test,0.12045326514665287,-0.1473597995161906
expr_book_pressure_deltax_uncertainty__q95,expr_book_pressure_deltax_uncertainty,alphaforge_interaction,2,0.95,55,102.90816534646312,0.029081653464631207,0.331030106255655,0.43636363636363634,0.052875733572056334,1.0206166529339644,-0.2272011792116797,-0.019697110437522092,0.4091539528432732,1.0,latest72h,0.12045326514665287,-0.1473597995161906
expr_book_pressure_deltax_uncertainty__q95,expr_book_pressure_deltax_uncertainty,alphaforge_interaction,2,0.95,1421,0.7527758731599408,-0.9924722412684006,0.9939759617070795,0.4665728360309641,-0.06984322598651675,0.8636650077110376,-0.4548114055159752,-0.01891067936374191,0.4088153367196461,0.9786580370309684,full,0.12045326514665287,-0.1473597995161906
expr_book_pressure_deltax_low_cost__q70,expr_book_pressure_deltax_low_cost,alphaforge_interaction,2,0.7,4532,4.0018136413997595e-09,-0.9999999999599819,0.9999999999832939,0.45410414827890555,-0.0220653133265663,0.8783075115111191,-0.827029215821703,-0.24154849694344616,0.2507005109609362,1.0,train,0.07436976138800033,-0.05025671505050366
expr_book_pressure_deltax_low_cost__q70,expr_book_pressure_deltax_low_cost,alphaforge_interaction,2,0.7,3114,0.15744608380848307,-0.9984255391619151,0.9993384301967432,0.5655105973025049,-0.032062477172829805,0.9181742365522633,-0.7950483492865787,-0.12335515252067725,0.32521681120747165,1.0,validation,0.07436976138800033,-0.05025671505050366
expr_book_pressure_deltax_low_cost__q70,expr_book_pressure_deltax_low_cost,alphaforge_interaction,2,0.7,2898,0.014380754654535295,-0.9998561924534547,0.9999289183822192,0.5403726708074534,-0.034501593942493275,0.7878277629837273,-0.8228250568987956,-0.1680521423620872,0.27368245496998,1.0,test,0.07436976138800033,-0.05025671505050366
expr_book_pressure_deltax_low_cost__q70,expr_book_pressure_deltax_low_cost,alphaforge_interaction,2,0.7,349,47.15344600884258,-0.5284655399115742,0.7326123210195374,0.6189111747851003,-0.15142279080560922,0.8288326022826011,-0.6621017511481145,-0.09445885199085469,0.3300970873786408,1.0,latest72h,0.07436976138800033,-0.05025671505050366
expr_book_pressure_deltax_low_cost__q70,expr_book_pressure_deltax_low_cost,alphaforge_interaction,2,0.7,10544,9.06088044534219e-16,-1.0,1.0,0.5107169954476479,-0.009484066767830073,0.8783075115134847,-0.827029215821703,-0.18385664163617155,0.2785924954940193,1.0,full,0.07436976138800033,-0.05025671505050366
expr_book_pressure_deltax_low_cost__q75,expr_book_pressure_deltax_low_cost,alphaforge_interaction,2,0.75,3749,4.737651471144653e-07,-0.9999999952623485,0.9999999981079682,0.46759135769538546,-0.026673779548208872,0.8812995078130967,-0.8272464442056868,-0.16548213123080108,0.28465468930278554,1.0,train,0.09801320343610279,-0.07353123381691805
expr_book_pressure_deltax_low_cost__q75,expr_book_pressure_deltax_low_cost,alphaforge_interaction,2,0.75,2498,0.443824679289892,-0.995561753207101,0.9976964947960956,0.5984787830264211,-0.03985435361117319,0.9177535843650018,-0.7235251595850601,-0.10782480636410441,0.3468979319546364,1.0,validation,0.09801320343610279,-0.07353123381691805
expr_book_pressure_deltax_low_cost__q75,expr_book_pressure_deltax_low_cost,alphaforge_interaction,2,0.75,2362,0.08111723257397573,-0.9991888276742602,0.9996877635669442,0.5584250635055038,-0.04230265993540481,0.8264067714960207,-0.7455750970637312,-0.15166381228515702,0.31487658438959304,1.0,test,0.09801320343610279,-0.07353123381691805
expr_book_pressure_deltax_low_cost__q75,expr_book_pressure_deltax_low_cost,alphaforge_interaction,2,0.75,285,84.85153018032808,-0.15148469819671917,0.6255044336514235,0.6526315789473685,-0.05315252568306016,0.9514362954589534,-0.5195580011886356,-0.04054075833787085,0.43966712898751736,1.0,latest72h,0.09801320343610279,-0.07353123381691805
expr_book_pressure_deltax_low_cost__q75,expr_book_pressure_deltax_low_cost,alphaforge_interaction,2,0.75,8609,1.705641215938439e-12,-0.9999999999999829,0.9999999999999961,0.5304913462655361,-0.011615750958299281,0.8812995080604575,-0.8272464442056868,-0.14860609101072786,0.3080042601999017,1.0,full,0.09801320343610279,-0.07353123381691805
expr_book_pressure_deltax_low_cost__q80,expr_book_pressure_deltax_low_cost,alphaforge_interaction,2,0.8,2989,2.0343393880097683e-06,-0.9999999796566061,0.9999999940634828,0.48009367681498827,-0.03345600467235223,0.8186275239933667,-0.8012465215180906,-0.14992410443046877,0.2658645129388495,1.0,train,0.1247073972714499,-0.10173280729323954
expr_book_pressure_deltax_low_cost__q80,expr_book_pressure_deltax_low_cost,alphaforge_interaction,2,0.8,1849,0.9759345708411563,-0.9902406542915885,0.9952290983571944,0.6403461330448891,-0.053555470756711285,0.8855679079496013,-0.6784132660293325,-0.09837669214993561,0.30787191460973984,1.0,validation,0.1247073972714499,-0.10173280729323954
expr_book_pressure_deltax_low_cost__q80,expr_book_pressure_deltax_low_cost,alphaforge_interaction,2,0.8,1854,0.5862851232441071,-0.9941371487675589,0.9982527485102912,0.5852211434735707,-0.05362120543514349,0.8734293139066589,-0.7124547513088889,-0.10413838348297866,0.3468979319546364,1.0,test,0.1247073972714499,-0.10173280729323954
expr_book_pressure_deltax_low_cost__q80,expr_book_pressure_deltax_low_cost,alphaforge_interaction,2,0.8,247,93.126328806912,-0.06873671193088005,0.6692243461590914,0.6558704453441295,-0.027828628312098015,0.9749546356787848,-0.5692325077715066,-0.036009378932249314,0.42441054091539526,1.0,latest72h,0.1247073972714499,-0.10173280729323954
expr_book_pressure_deltax_low_cost__q80,expr_book_pressure_deltax_low_cost,alphaforge_interaction,2,0.8,6692,1.1640000112192381e-10,-0.999999999998836,0.9999999999997058,0.5534967124925284,-0.014943215780018495,0.8186275261462177,-0.8012465215180906,-0.12347062008131615,0.2991561527117811,1.0,full,0.1247073972714499,-0.10173280729323954
expr_book_pressure_deltax_low_cost__q85,expr_book_pressure_deltax_low_cost,alphaforge_interaction,2,0.85,2195,4.500030892049246e-05,-0.9999995499969108,0.9999998641052366,0.5047835990888383,-0.045558066059084856,0.7324045190208262,-0.7778273543005555,-0.12810124183846638,0.2551508158892369,0.9995879347288611,train,0.1621961769895463,-0.13960580356047253
expr_book_pressure_deltax_low_cost__q85,expr_book_pressure_deltax_low_cost,alphaforge_interaction,2,0.85,1296,6.889358231792958,-0.9311064176820705,0.9768700279976668,0.6890432098765432,-0.07184463099398723,0.9277169802787786,-0.5617993689086279,-0.05565961170680567,0.3869246164109406,1.0,validation,0.1621961769895463,-0.13960580356047253
expr_book_pressure_deltax_low_cost__q85,expr_book_pressure_deltax_low_cost,alphaforge_interaction,2,0.85,1301,1.125889134239705,-0.9887411086576029,0.9949744997300086,0.6187548039969254,-0.0759985479367875,0.84892374321441,-0.6168902232985185,-0.07981625655134095,0.3510673782521681,1.0,test,0.1621961769895463,-0.13960580356047253
expr_book_pressure_deltax_low_cost__q85,expr_book_pressure_deltax_low_cost,alphaforge_interaction,2,0.85,193,87.66294524648654,-0.12337054753513454,0.5262322755997222,0.689119170984456,-0.06392256348970796,0.9350844755785274,-0.38820587590998146,0.014641094493529794,0.5450762829403606,1.0,latest72h,0.1621961769895463,-0.13960580356047253
expr_book_pressure_deltax_low_cost__q85,expr_book_pressure_deltax_low_cost,alphaforge_interaction,2,0.85,4792,3.4905180706696606e-08,-0.9999999996509482,0.9999999998475292,0.585559265442404,-0.020868113515253542,0.7324048283082434,-0.7778273543005555,-0.09579160369934614,0.3134114369981976,0.9997951826970343,full,0.1621961769895463,-0.13960580356047253
expr_book_pressure_deltax_low_cost__q90,expr_book_pressure_deltax_low_cost,alphaforge_interaction,2,0.9,1407,0.02913231111747263,-0.9997086768888253,0.9998592393207356,0.5543710021321961,-0.0710525001342449,0.7469917463174002,-0.7212446217615676,-0.06608022710199479,0.31110927970990604,0.9849184110763145,train,0.21429493740564245,-0.18976510778760897
expr_book_pressure_deltax_low_cost__q90,expr_book_pressure_deltax_low_cost,alphaforge_interaction,2,0.9,734,69.51821948357933,-0.30481780516420676,0.7557962348336018,0.7397820163487738,-0.041528311330274265,0.966899919081723,-0.32707927484957067,-0.015398293103448313,0.4471314209472982,0.9986657771847899,validation,0.21429493740564245,-0.18976510778760897
expr_book_pressure_deltax_low_cost__q90,expr_book_pressure_deltax_low_cost,alphaforge_interaction,2,0.9,830,1.7816917577736502,-0.9821830824222635,0.9875773168733447,0.6566265060240963,-0.11833531113521269,0.7386548410051172,-0.514659164620427,-0.056780537868584946,0.3033689126084056,1.0,test,0.21429493740564245,-0.18976510778760897
expr_book_pressure_deltax_low_cost__q90,expr_book_pressure_deltax_low_cost,alphaforge_interaction,2,0.9,148,68.47042175095491,-0.31529578249045087,0.48408497075978574,0.6756756756756757,-0.2130376908719264,0.7770372904664717,-0.34276420682603903,0.004749720893482801,0.507628294036061,1.0,latest72h,0.21429493740564245,-0.18976510778760897
expr_book_pressure_deltax_low_cost__q90,expr_book_pressure_deltax_low_cost,alphaforge_interaction,2,0.9,2971,0.0003608329181527274,-0.9999963916708184,0.999998224486192,0.6287445304611242,-0.033658579322477906,0.7471393217668042,-0.7212446217615676,-0.04331066903796876,0.34581353432738,0.9921759790267082,full,0.21429493740564245,-0.18976510778760897
expr_book_pressure_deltax_low_cost__q95,expr_book_pressure_deltax_low_cost,alphaforge_interaction,2,0.95,635,2.2934277123418676,-0.9770657228765813,0.9864158397512239,0.5417322834645669,-0.15386861777583957,0.6606282569953719,-0.6571395874219839,-0.026882566889436577,0.34316795780451625,0.9009395088181968,train,0.30408090213201794,-0.2697876681337346
expr_book_pressure_deltax_low_cost__q95,expr_book_pressure_deltax_low_cost,alphaforge_interaction,2,0.95,270,55.8026200797426,-0.44197379920257396,0.5511474688124653,0.7666666666666667,-0.1636939997046568,0.8002431309187529,-0.2542314452561345,-0.00632433529448162,0.4377918612408272,0.9668112074716477,validation,0.30408090213201794,-0.2697876681337346
expr_book_pressure_deltax_low_cost__q95,expr_book_pressure_deltax_low_cost,alphaforge_interaction,2,0.95,366,21.826335151983724,-0.7817366484801628,0.8418379737109142,0.7431693989071039,-0.21358924821862355,0.5829610006219097,-0.3744850767078205,-0.01837272565591086,0.3747498332221481,0.9979986657771848,test,0.30408090213201794,-0.2697876681337346
expr_book_pressure_deltax_low_cost__q95,expr_book_pressure_deltax_low_cost,alphaforge_interaction,2,0.95,78,86.6295732928869,-0.13370426707113092,0.36197287025991753,0.7435897435897436,-0.1714157270142705,0.8056490023365429,-0.24676606047939587,0.031412189675260827,0.6269070735090153,1.0,latest72h,0.30408090213201794,-0.2697876681337346
expr_book_pressure_deltax_low_cost__q95,expr_book_pressure_deltax_low_cost,alphaforge_interaction,2,0.95,1271,0.27933185554713424,-0.9972066814445286,0.9985378386094196,0.6475216365066876,-0.07845843284378669,0.6623959368744333,-0.6571395874219839,-0.01695701366938185,0.37461084712436504,0.9421186301818778,full,0.30408090213201794,-0.2697876681337346
expr_book_pressure_deltax_tight_spread__q70,expr_book_pressure_deltax_tight_spread,alphaforge_interaction,2,0.7,4535,5.3502502144303505e-09,-0.9999999999464975,0.999999999979834,0.45446527012127896,-0.022050716647111362,0.8783077389952682,-0.827029215821703,-0.23951138032501362,0.25144222844898634,1.0,train,0.0649314039195081,-0.04393498595466004
expr_book_pressure_deltax_tight_spread__q70,expr_book_pressure_deltax_tight_spread,alphaforge_interaction,2,0.7,3117,0.15565824005601836,-0.9984434175994398,0.9993173356160481,0.5656079563683029,-0.032032191774124,0.9184560884583922,-0.7950483492865787,-0.1221041649041194,0.32521681120747165,1.0,validation,0.0649314039195081,-0.04393498595466004
expr_book_pressure_deltax_tight_spread__q70,expr_book_pressure_deltax_tight_spread,alphaforge_interaction,2,0.7,2898,0.014380754654535295,-0.9998561924534547,0.9999289183822192,0.5403726708074534,-0.034501593942493275,0.7878277629837273,-0.8228250568987956,-0.1680521423620872,0.27368245496998,1.0,test,0.0649314039195081,-0.04393498595466004
expr_book_pressure_deltax_tight_spread__q70,expr_book_pressure_deltax_tight_spread,alphaforge_interaction,2,0.7,349,47.15344600884258,-0.5284655399115742,0.7326123210195374,0.6189111747851003,-0.15142279080560922,0.8288326022826011,-0.6621017511481145,-0.09445885199085469,0.3300970873786408,1.0,latest72h,0.0649314039195081,-0.04393498595466004
expr_book_pressure_deltax_tight_spread__q70,expr_book_pressure_deltax_tight_spread,alphaforge_interaction,2,0.7,10550,1.1976443937821375e-15,-1.0,1.0,0.5109004739336492,-0.009478672985782019,0.8783077389984645,-0.827029215821703,-0.18325608548730776,0.2785515320334262,1.0,full,0.0649314039195081,-0.04393498595466004
expr_book_pressure_deltax_tight_spread__q75,expr_book_pressure_deltax_tight_spread,alphaforge_interaction,2,0.75,3753,4.1894492953292423e-07,-0.9999999958105507,0.9999999982460575,0.46735944577671196,-0.026645350274728277,0.8770004153755409,-0.8272464442056868,-0.16548213123080108,0.28424262403164663,1.0,train,0.08562188950547103,-0.06426066818204118
expr_book_pressure_deltax_tight_spread__q75,expr_book_pressure_deltax_tight_spread,alphaforge_interaction,2,0.75,2502,0.4812521288603021,-0.995187478711397,0.9976166428289377,0.5987210231814548,-0.039775678605571664,0.9207138067050514,-0.7235251595850601,-0.10557938485892215,0.35807204803202136,1.0,validation,0.08562188950547103,-0.06426066818204118
expr_book_pressure_deltax_tight_spread__q75,expr_book_pressure_deltax_tight_spread,alphaforge_interaction,2,0.75,2365,0.07162092421389385,-0.9992837907578611,0.9997126368326231,0.5577167019027485,-0.04225301440836628,0.8258164117516534,-0.755911108745517,-0.15384458645552562,0.3068712474983322,1.0,test,0.08562188950547103,-0.06426066818204118
expr_book_pressure_deltax_tight_spread__q75,expr_book_pressure_deltax_tight_spread,alphaforge_interaction,2,0.75,286,81.40272605041794,-0.1859727394958206,0.6255044336514235,0.6503496503496503,-0.06502543339014774,0.9401226022201763,-0.5195580011886356,-0.04293047100927716,0.435506241331484,1.0,latest72h,0.08562188950547103,-0.06426066818204118
expr_book_pressure_deltax_tight_spread__q75,expr_book_pressure_deltax_tight_spread,alphaforge_interaction,2,0.75,8620,1.444007746871682e-12,-0.9999999999999856,0.9999999999999964,0.5302784222737819,-0.011600928074245795,0.8770004156575495,-0.8272464442056868,-0.1477243206603771,0.3085777486482058,1.0,full,0.08562188950547103,-0.06426066818204118
expr_book_pressure_deltax_tight_spread__q80,expr_book_pressure_deltax_tight_spread,alphaforge_interaction,2,0.8,2993,1.1969677061530837e-06,-0.999999988030323,0.9999999960413712,0.4794520547945205,-0.03341129261711743,0.8185479423748601,-0.8012465215180906,-0.14944048942309796,0.26232075160705454,1.0,train,0.10883626874492258,-0.08890728652496449
expr_book_pressure_deltax_tight_spread__q80,expr_book_pressure_deltax_tight_spread,alphaforge_interaction,2,0.8,1853,1.0278844656804365,-0.9897211553431956,0.9949751388746252,0.6405828386400432,-0.053411827055758164,0.8857435668070575,-0.6784132660293325,-0.09530362829408223,0.3085390260173449,1.0,validation,0.10883626874492258,-0.08890728652496449
expr_book_pressure_deltax_tight_spread__q80,expr_book_pressure_deltax_tight_spread,alphaforge_interaction,2,0.8,1859,0.6218440848610011,-0.99378155915139,0.9980685641880411,0.584722969338354,-0.05345785686666978,0.873909460306111,-0.7124547513088889,-0.10398790485722925,0.3442294863242161,1.0,test,0.10883626874492258,-0.08890728652496449
expr_book_pressure_deltax_tight_spread__q80,expr_book_pressure_deltax_tight_spread,alphaforge_interaction,2,0.8,248,89.35528734411358,-0.10644712655886424,0.6692243461590914,0.6532258064516129,-0.0429222284511557,0.9616271480482514,-0.5692325077715066,-0.042047945983544,0.39944521497919555,1.0,latest72h,0.10883626874492258,-0.08890728652496449
expr_book_pressure_deltax_tight_spread__q80,expr_book_pressure_deltax_tight_spread,alphaforge_interaction,2,0.8,6705,7.65082456553753e-11,-0.999999999999235,0.9999999999997984,0.5531692766592096,-0.014914243102151179,0.8185479436488061,-0.8012465215180906,-0.12293399615618394,0.2969031623791578,1.0,full,0.10883626874492258,-0.08890728652496449
expr_book_pressure_deltax_tight_spread__q85,expr_book_pressure_deltax_tight_spread,alphaforge_interaction,2,0.85,2198,4.831014422750167e-05,-0.9999995168985577,0.9999998544197328,0.5054595086442221,-0.045495883389379405,0.7324091907413559,-0.7778273543005555,-0.1253794792741556,0.25754079446184275,0.9995879347288611,train,0.14174406007622012,-0.12208251867591186
expr_book_pressure_deltax_tight_spread__q85,expr_book_pressure_deltax_tight_spread,alphaforge_interaction,2,0.85,1298,6.332408594439396,-0.936675914055606,0.9787399016615516,0.6879815100154083,-0.07216301340952319,0.9262136836868762,-0.5617993689086279,-0.0563568707589025,0.38358905937291526,1.0,validation,0.14174406007622012,-0.12208251867591186
expr_book_pressure_deltax_tight_spread__q85,expr_book_pressure_deltax_tight_spread,alphaforge_interaction,2,0.85,1302,1.0796988107837169,-0.9892030118921629,0.9951806741000597,0.6182795698924731,-0.07597565375515858,0.8472580394403356,-0.6168902232985185,-0.08246855330110459,0.3510673782521681,1.0,test,0.14174406007622012,-0.12208251867591186
expr_book_pressure_deltax_tight_spread__q85,expr_book_pressure_deltax_tight_spread,alphaforge_interaction,2,0.85,193,87.66294524648654,-0.12337054753513454,0.5262322755997222,0.689119170984456,-0.06392256348970796,0.9350844755785274,-0.38820587590998146,0.014641094493529794,0.5450762829403606,1.0,latest72h,0.14174406007622012,-0.12208251867591186
expr_book_pressure_deltax_tight_spread__q85,expr_book_pressure_deltax_tight_spread,alphaforge_interaction,2,0.85,4798,3.303009986289365e-08,-0.999999999669699,0.9999999998557197,0.5854522717799083,-0.020842017500410603,0.732409514873539,-0.7778273543005555,-0.09533670518675152,0.31378010814353596,0.9997951826970343,full,0.14174406007622012,-0.12208251867591186
expr_book_pressure_deltax_tight_spread__q90,expr_book_pressure_deltax_tight_spread,alphaforge_interaction,2,0.9,1409,0.028106157754360695,-0.9997189384224564,0.9998641974596157,0.5542938254080908,-0.07095237320244548,0.7469815111141285,-0.7212446217615676,-0.06608022710199479,0.31110927970990604,0.9849184110763145,train,0.18749066960255825,-0.16578519337276124
expr_book_pressure_deltax_tight_spread__q90,expr_book_pressure_deltax_tight_spread,alphaforge_interaction,2,0.9,734,69.51821948357933,-0.30481780516420676,0.7557962348336018,0.7397820163487738,-0.041528311330274265,0.966899919081723,-0.32707927484957067,-0.015398293103448313,0.4471314209472982,0.9986657771847899,validation,0.18749066960255825,-0.16578519337276124
expr_book_pressure_deltax_tight_spread__q90,expr_book_pressure_deltax_tight_spread,alphaforge_interaction,2,0.9,832,1.794244368956926,-0.9820575563104308,0.9874897949378239,0.6574519230769231,-0.11803576397961918,0.7392220116527414,-0.514659164620427,-0.056780537868584946,0.3033689126084056,1.0,test,0.18749066960255825,-0.16578519337276124
expr_book_pressure_deltax_tight_spread__q90,expr_book_pressure_deltax_tight_spread,alphaforge_interaction,2,0.9,148,68.47042175095491,-0.31529578249045087,0.48408497075978574,0.6756756756756757,-0.2130376908719264,0.7770372904664717,-0.34276420682603903,0.004749720893482801,0.507628294036061,1.0,latest72h,0.18749066960255825,-0.16578519337276124
expr_book_pressure_deltax_tight_spread__q90,expr_book_pressure_deltax_tight_spread,alphaforge_interaction,2,0.9,2975,0.0003505756208304205,-0.9999964942437917,0.9999982749582308,0.6289075630252101,-0.03361332753760645,0.7471240079581154,-0.7212446217615676,-0.04331066903796876,0.34581353432738,0.9921759790267082,full,0.18749066960255825,-0.16578519337276124
expr_book_pressure_deltax_tight_spread__q95,expr_book_pressure_deltax_tight_spread,alphaforge_interaction,2,0.95,638,2.3506836010146444,-0.9764931639898535,0.9863337029683242,0.5438871473354232,-0.15305535485734384,0.6608759370426792,-0.6571395874219839,-0.02625436127472147,0.3455579363771221,0.9009395088181968,train,0.2657293740477908,-0.23598717320290474
expr_book_pressure_deltax_tight_spread__q95,expr_book_pressure_deltax_tight_spread,alphaforge_interaction,2,0.95,270,55.8026200797426,-0.44197379920257396,0.5511474688124653,0.7666666666666667,-0.1636939997046568,0.8002431309187529,-0.2542314452561345,-0.00632433529448162,0.4377918612408272,0.9668112074716477,validation,0.2657293740477908,-0.23598717320290474
expr_book_pressure_deltax_tight_spread__q95,expr_book_pressure_deltax_tight_spread,alphaforge_interaction,2,0.95,367,20.93249476004533,-0.7906750523995467,0.8483150852637055,0.7411444141689373,-0.21544279356935858,0.5785724716159141,-0.3744850767078205,-0.01950552073544476,0.36007338225483654,0.9983322214809873,test,0.2657293740477908,-0.23598717320290474
expr_book_pressure_deltax_tight_spread__q95,expr_book_pressure_deltax_tight_spread,alphaforge_interaction,2,0.95,78,86.6295732928869,-0.13370426707113092,0.36197287025991753,0.7435897435897436,-0.1714157270142705,0.8056490023365429,-0.24676606047939587,0.031412189675260827,0.6269070735090153,1.0,latest72h,0.2657293740477908,-0.23598717320290474
expr_book_pressure_deltax_tight_spread__q95,expr_book_pressure_deltax_tight_spread,alphaforge_interaction,2,0.95,1275,0.2745805429355458,-0.9972541945706446,0.9985627093347498,0.647843137254902,-0.07821601526044271,0.662642797620933,-0.6571395874219839,-0.017168105556252478,0.37219400294936916,0.942200557103064,full,0.2657293740477908,-0.23598717320290474
expr_book_pressure_deltax_depth_z__q70,expr_book_pressure_deltax_depth_z,alphaforge_interaction,2,0.7,4358,2.7901380321287085e-09,-0.9999999999720987,0.9999999999920425,0.4683340982101882,-0.02294630564415109,0.9126779198940037,-0.7901711249325558,-0.25730792656518636,0.22597659469259931,1.0,train,0.024426309631810864,-0.02422009718911954
expr_book_pressure_deltax_depth_z__q70,expr_book_pressure_deltax_depth_z,alphaforge_interaction,2,0.7,2808,0.012440195748057131,-0.9998755980425195,0.9999534186000691,0.5149572649572649,-0.03560810534339464,0.8668577862457137,-0.7619712606825422,-0.20330468859399237,0.28569046030687123,1.0,validation,0.024426309631810864,-0.02422009718911954
expr_book_pressure_deltax_depth_z__q70,expr_book_pressure_deltax_depth_z,alphaforge_interaction,2,0.7,2823,0.03963512086162276,-0.9996036487913837,0.9999466149222812,0.4955720864328728,-0.035409268465865645,0.8603248690626806,-0.7458203819778069,-0.1804168381476518,0.30520346897931955,1.0,test,0.024426309631810864,-0.02422009718911954
expr_book_pressure_deltax_depth_z__q70,expr_book_pressure_deltax_depth_z,alphaforge_interaction,2,0.7,350,184.3724308649348,0.8437243086493482,0.5944724856303434,0.5114285714285715,0.2410640881855269,1.1367159633558983,-0.4691694549448643,0.09906151187312018,0.6296809986130375,1.0,latest72h,0.024426309631810864,-0.02422009718911954
expr_book_pressure_deltax_depth_z__q70,expr_book_pressure_deltax_depth_z,alphaforge_interaction,2,0.7,9989,1.3757296263430218e-16,-1.0,1.0,0.48913805185704273,-0.010011012113324712,0.9126779198931649,-0.7901711249325558,-0.21990130532335106,0.26708176306734394,1.0,full,0.024426309631810864,-0.02422009718911954
expr_book_pressure_deltax_depth_z__q75,expr_book_pressure_deltax_depth_z,alphaforge_interaction,2,0.75,3559,7.089542908504623e-08,-0.9999999992910457,0.9999999997780131,0.46529924135993256,-0.028097780255438295,0.9185129968396343,-0.7691204832451404,-0.222584127572586,0.249217075984836,1.0,train,0.03736018319138891,-0.03779361275591865
expr_book_pressure_deltax_depth_z__q75,expr_book_pressure_deltax_depth_z,alphaforge_interaction,2,0.75,2305,0.11252485559865126,-0.9988747514440135,0.9993449315979509,0.5180043383947939,-0.0433351302144908,0.7772477322230409,-0.7285163361952285,-0.15663250774421872,0.3178785857238159,1.0,validation,0.03736018319138891,-0.03779361275591865
expr_book_pressure_deltax_depth_z__q75,expr_book_pressure_deltax_depth_z,alphaforge_interaction,2,0.75,2432,0.06900465197744544,-0.9993099534802256,0.9999007694712693,0.4967105263157895,-0.04109004742928567,0.9087302295182415,-0.7141959413052565,-0.17944080712979016,0.32221480987324885,1.0,test,0.03736018319138891,-0.03779361275591865
expr_book_pressure_deltax_depth_z__q75,expr_book_pressure_deltax_depth_z,alphaforge_interaction,2,0.75,297,179.35334620583322,0.7935334620583321,0.6247004611351366,0.5252525252525253,0.2671829838580237,1.1545300672621284,-0.5303405405099162,0.08327636357255686,0.5409153952843273,1.0,latest72h,0.03736018319138891,-0.03779361275591865
expr_book_pressure_deltax_depth_z__q75,expr_book_pressure_deltax_depth_z,alphaforge_interaction,2,0.75,8296,5.504844676479452e-14,-0.9999999999999994,1.0,0.4891513982642237,-0.012054001928640338,0.9185129968030313,-0.7691204832451404,-0.193538531933927,0.289079141405866,1.0,full,0.03736018319138891,-0.03779361275591865
expr_book_pressure_deltax_depth_z__q80,expr_book_pressure_deltax_depth_z,alphaforge_interaction,2,0.8,2780,8.667187421219445e-07,-0.9999999913328126,0.9999999947721145,0.4589928057553957,-0.035971222709813504,0.8735600707579501,-0.7809974324777227,-0.1956763257063721,0.228448986319433,1.0,train,0.05622327664644195,-0.0579070163159705
expr_book_pressure_deltax_depth_z__q80,expr_book_pressure_deltax_depth_z,alphaforge_interaction,2,0.8,1776,0.3020837329747907,-0.9969791626702521,0.997995455866273,0.5129504504504504,-0.05613621411431601,0.8245632520519126,-0.6704173886080602,-0.11571601454844038,0.3115410273515677,1.0,validation,0.05622327664644195,-0.0579070163159705
expr_book_pressure_deltax_depth_z__q80,expr_book_pressure_deltax_depth_z,alphaforge_interaction,2,0.8,1966,0.17478900465382124,-0.9982521099534618,0.9997224872778906,0.4989827060020346,-0.05077579399559835,0.8522167754262554,-0.6823320860088548,-0.15614093371330656,0.328552368245497,1.0,test,0.05622327664644195,-0.0579070163159705
expr_book_pressure_deltax_depth_z__q80,expr_book_pressure_deltax_depth_z,alphaforge_interaction,2,0.8,241,157.95032563404942,0.5795032563404943,0.6268056058395404,0.5145228215767634,0.24045778271389737,1.1753007781860045,-0.5185073349035791,0.05787356811635713,0.5936199722607489,1.0,latest72h,0.05622327664644195,-0.0579070163159705
expr_book_pressure_deltax_depth_z__q80,expr_book_pressure_deltax_depth_z,alphaforge_interaction,2,0.8,6522,4.5763542639292554e-12,-0.9999999999999543,0.9999999999999931,0.48574057037718493,-0.015332720024531692,0.8735600704523353,-0.7809974324777227,-0.1629391938340305,0.275233491725381,1.0,full,0.05622327664644195,-0.0579070163159705
expr_book_pressure_deltax_depth_z__q85,expr_book_pressure_deltax_depth_z,alphaforge_interaction,2,0.85,1995,4.582821761558829e-05,-0.9999995417178238,0.9999998278791687,0.4546365914786967,-0.05012529031167057,0.9062133882433148,-0.6684009463409757,-0.16799226161032466,0.25267842426240317,1.0,train,0.08425845190765278,-0.08905759520837515
expr_book_pressure_deltax_depth_z__q85,expr_book_pressure_deltax_depth_z,alphaforge_interaction,2,0.85,1241,1.9923321042309636,-0.9800766789576904,0.9860974086012084,0.5149073327961321,-0.0789747525348664,0.8290399703429997,-0.6396328432333942,-0.0961817635233968,0.34523015343562374,1.0,validation,0.08425845190765278,-0.08905759520837515
expr_book_pressure_deltax_depth_z__q85,expr_book_pressure_deltax_depth_z,alphaforge_interaction,2,0.85,1434,0.7497779911558466,-0.9925022200884416,0.9987678624866253,0.5062761506276151,-0.06921214923908243,0.8705806719054666,-0.6588212363709951,-0.13707601212959641,0.337891927951968,1.0,test,0.08425845190765278,-0.08905759520837515
expr_book_pressure_deltax_depth_z__q85,expr_book_pressure_deltax_depth_z,alphaforge_interaction,2,0.85,185,178.82757735137272,0.7882757735137274,0.48156102781326404,0.5513513513513514,0.42609501271012246,1.2861814967705085,-0.45553562324820973,0.027492513799255658,0.5423023578363384,1.0,latest72h,0.08425845190765278,-0.08905759520837515
expr_book_pressure_deltax_depth_z__q85,expr_book_pressure_deltax_depth_z,alphaforge_interaction,2,0.85,4670,6.8458501402408875e-09,-0.9999999999315415,0.9999999999918905,0.4865096359743041,-0.021413276229797544,0.9062133689938423,-0.6684009463409757,-0.14178199483620568,0.2974766508274619,1.0,full,0.08425845190765278,-0.08905759520837515
expr_book_pressure_deltax_depth_z__q90,expr_book_pressure_deltax_depth_z,alphaforge_interaction,2,0.9,1232,0.000824031027328276,-0.9999917596897268,0.9999949590745153,0.43344155844155846,-0.08116816231247799,0.795494638018862,-0.6476108419278647,-0.12141942699507391,0.25028844568979725,1.0,train,0.13094424579033237,-0.14316408742372777
expr_book_pressure_deltax_depth_z__q90,expr_book_pressure_deltax_depth_z,alphaforge_interaction,2,0.9,687,19.37796340537759,-0.8062203659462241,0.9309379487858636,0.5211062590975255,-0.1173537650576747,0.8951052130389452,-0.4772730722028936,-0.0726026190520539,0.3900933955970647,1.0,validation,0.13094424579033237,-0.14316408742372777
expr_book_pressure_deltax_depth_z__q90,expr_book_pressure_deltax_depth_z,alphaforge_interaction,2,0.9,940,3.4155815698156946,-0.965844184301843,0.9881517299036323,0.5223404255319148,-0.10274938130870678,0.8721096863250284,-0.5220355446684333,-0.08331757627258563,0.3532354903268846,1.0,test,0.13094424579033237,-0.14316408742372777
expr_book_pressure_deltax_depth_z__q90,expr_book_pressure_deltax_depth_z,alphaforge_interaction,2,0.9,130,111.24971548880238,0.11249715488802381,0.41333378056366143,0.5384615384615384,0.08653627299078738,1.0582227495243333,-0.36411096307202684,0.028630648062767827,0.5533980582524272,1.0,latest72h,0.13094424579033237,-0.14316408742372777
expr_book_pressure_deltax_depth_z__q90,expr_book_pressure_deltax_depth_z,alphaforge_interaction,2,0.9,2859,5.454015369263948e-06,-0.9999999454598463,0.999999981657805,0.4837355718782791,-0.03497726287022905,0.7954961171448971,-0.6476108419278647,-0.09827156862534348,0.31382107160412914,1.0,full,0.13094424579033237,-0.14316408742372777
expr_book_pressure_deltax_depth_z__q95,expr_book_pressure_deltax_depth_z,alphaforge_interaction,2,0.95,514,1.9239778694609637,-0.9807602213053903,0.9900652189415903,0.44163424124513617,-0.19080938157692445,0.766236615162922,-0.5413725315568108,-0.041897142857142855,0.3363276743036097,0.9471732322399868,train,0.24065806984892174,-0.26250943519122066
expr_book_pressure_deltax_depth_z__q95,expr_book_pressure_deltax_depth_z,alphaforge_interaction,2,0.95,254,36.83864633623472,-0.6316135366376529,0.6861978081856877,0.5,-0.24866674670773697,0.8473784059674058,-0.29951557179195276,-0.03793879920026266,0.3682454969979987,1.0,validation,0.24065806984892174,-0.26250943519122066
expr_book_pressure_deltax_depth_z__q95,expr_book_pressure_deltax_depth_z,alphaforge_interaction,2,0.95,398,12.22562951430523,-0.8777437048569477,0.9326023757910833,0.5251256281407035,-0.22053861931079086,0.7602687770145381,-0.34346084609792815,-0.06912010438489435,0.33755837224816543,1.0,test,0.24065806984892174,-0.26250943519122066
expr_book_pressure_deltax_depth_z__q95,expr_book_pressure_deltax_depth_z,alphaforge_interaction,2,0.95,62,95.29115577091838,-0.04708844229081621,0.309679324132014,0.5645161290322581,-0.07594910046905907,0.9545938418828812,-0.25379500671699384,0.006142665595093577,0.5104022191400832,1.0,latest72h,0.24065806984892174,-0.26250943519122066
expr_book_pressure_deltax_depth_z__q95,expr_book_pressure_deltax_depth_z,alphaforge_interaction,2,0.95,1166,0.08665127679893583,-0.9991334872320107,0.9996210142325148,0.48284734133790735,-0.08568897832178493,0.7677027148581179,-0.5413725315568108,-0.043636363636363584,0.3456496804850074,0.9737424217597903,full,0.24065806984892174,-0.26250943519122066
expr_btc_2m__mul__expr_pm_mom_2m__q70,expr_btc_2m__mul__expr_pm_mom_2m,alphaforge_pair,2,0.7,4482,7.029514077697962e-09,-0.9999999999297049,0.999999999939461,0.48728246318607765,-0.022311468093032246,0.7464088630180117,-0.774003869883634,-0.2525291462125651,0.24592055381572442,1.0,train,-0.6184879999999694,-4.985287999999412
expr_btc_2m__mul__expr_pm_mom_2m__q70,expr_btc_2m__mul__expr_pm_mom_2m,alphaforge_pair,2,0.7,2414,50.15881414053228,-0.4984118585946772,0.9609232747791197,0.5236122618061309,-0.020646721565645766,0.9916912919533997,-0.6419812037054771,-0.039733216752267986,0.4676450967311541,1.0,validation,-0.6184879999999694,-4.985287999999412
expr_btc_2m__mul__expr_pm_mom_2m__q70,expr_btc_2m__mul__expr_pm_mom_2m,alphaforge_pair,2,0.7,2325,0.0005867032828684167,-0.9999941329671713,0.999994503636391,0.48301075268817206,-0.04301050034267406,0.6871843885380997,-0.6905451569041912,-0.24605062594658494,0.23632421614409607,1.0,test,-0.6184879999999694,-4.985287999999412
expr_btc_2m__mul__expr_pm_mom_2m__q70,expr_btc_2m__mul__expr_pm_mom_2m,alphaforge_pair,2,0.7,321,9.893809399850694,-0.901061906001493,0.9138684678870435,0.46417445482866043,-0.28070464361417236,0.7300905557608532,-0.5685758758340853,-0.3279991954353718,0.04160887656033287,1.0,latest72h,-0.6184879999999694,-4.985287999999412
expr_btc_2m__mul__expr_pm_mom_2m__q70,expr_btc_2m__mul__expr_pm_mom_2m,alphaforge_pair,2,0.7,9221,2.06866936787724e-14,-0.9999999999999998,0.9999999999999998,0.49571629975056936,-0.010844810758052275,0.7464088632786083,-0.774003869883634,-0.2054113440069517,0.29895133540881536,1.0,full,-0.6184879999999694,-4.985287999999412
expr_btc_2m__mul__expr_pm_mom_2m__q75,expr_btc_2m__mul__expr_pm_mom_2m,alphaforge_pair,2,0.75,3737,3.353568301241595e-07,-0.9999999966464317,0.9999999973830485,0.4888948354294889,-0.02675943261028718,0.7648236826837802,-0.6938850491513159,-0.22379951452881275,0.28861051590571946,1.0,train,-0.3986900000001916,-6.130490000000816
expr_btc_2m__mul__expr_pm_mom_2m__q75,expr_btc_2m__mul__expr_pm_mom_2m,alphaforge_pair,2,0.75,1976,53.2276338059964,-0.467723661940036,0.9625260813347815,0.5222672064777328,-0.02367022580668239,0.991009427283326,-0.599874393086389,-0.04241262271084978,0.45863909272848563,1.0,validation,-0.3986900000001916,-6.130490000000816
expr_btc_2m__mul__expr_pm_mom_2m__q75,expr_btc_2m__mul__expr_pm_mom_2m,alphaforge_pair,2,0.75,1890,0.00864320671957469,-0.9999135679328043,0.9999223284931071,0.49153439153439155,-0.05290547978480449,0.6957417209642541,-0.6383598363339553,-0.18153484553013544,0.25033355570380256,1.0,test,-0.3986900000001916,-6.130490000000816
expr_btc_2m__mul__expr_pm_mom_2m__q75,expr_btc_2m__mul__expr_pm_mom_2m,alphaforge_pair,2,0.75,256,11.622006906186929,-0.8837799309381307,0.9030887441719456,0.453125,-0.3452265355227072,0.6977042897665926,-0.5611641777177211,-0.3138000793958019,0.0651872399445215,1.0,latest72h,-0.3986900000001916,-6.130490000000816
expr_btc_2m__mul__expr_pm_mom_2m__q75,expr_btc_2m__mul__expr_pm_mom_2m,alphaforge_pair,2,0.75,7603,1.5428340548419305e-11,-0.9999999999998457,0.9999999999998744,0.49822438511114037,-0.013152702880439902,0.7648236918689001,-0.6938850491513159,-0.17196188017177272,0.3203342618384401,1.0,full,-0.3986900000001916,-6.130490000000816
expr_btc_2m__mul__expr_pm_mom_2m__q80,expr_btc_2m__mul__expr_pm_mom_2m,alphaforge_pair,2,0.8,2967,6.510677732094929e-06,-0.9999999348932227,0.9999999519052137,0.4937647455342096,-0.03370407599909753,0.7846071445031231,-0.6554022001529007,-0.19351429097231937,0.28547881984506346,1.0,train,-0.22429599999993208,-7.727424000000768
expr_btc_2m__mul__expr_pm_mom_2m__q80,expr_btc_2m__mul__expr_pm_mom_2m,alphaforge_pair,2,0.8,1519,31.734808110777674,-0.6826519188922233,0.9509975798817266,0.5121790651744569,-0.044940876819764865,0.9812164657941004,-0.5707626203718311,-0.07715204979630375,0.4342895263509006,1.0,validation,-0.22429599999993208,-7.727424000000768
expr_btc_2m__mul__expr_pm_mom_2m__q80,expr_btc_2m__mul__expr_pm_mom_2m,alphaforge_pair,2,0.8,1468,0.0356801208523028,-0.999643198791477,0.9996924308164796,0.4843324250681199,-0.06809558574873824,0.7150118899048353,-0.5533855227382065,-0.18958085336292968,0.22915276851234156,1.0,test,-0.22429599999993208,-7.727424000000768
expr_btc_2m__mul__expr_pm_mom_2m__q80,expr_btc_2m__mul__expr_pm_mom_2m,alphaforge_pair,2,0.8,204,17.356941187134392,-0.8264305881286561,0.8636376816556384,0.44607843137254904,-0.4051130333964006,0.6935849604227621,-0.5165986706905709,-0.2806044031015442,0.04022191400832178,1.0,latest72h,-0.22429599999993208,-7.727424000000768
expr_btc_2m__mul__expr_pm_mom_2m__q80,expr_btc_2m__mul__expr_pm_mom_2m,alphaforge_pair,2,0.8,5954,7.372052041161189e-10,-0.9999999999926279,0.9999999999943494,0.49613705072220354,-0.016795431642469414,0.7846072436203377,-0.6554022001529007,-0.16972144409597278,0.30759462559397016,1.0,full,-0.22429599999993208,-7.727424000000768
expr_btc_2m__mul__expr_pm_mom_2m__q85,expr_btc_2m__mul__expr_pm_mom_2m,alphaforge_pair,2,0.85,2173,0.003441052832776933,-0.9999655894716722,0.9999767739432834,0.5020708697653015,-0.04601774456841572,0.7995017374792481,-0.601893069352152,-0.12446758908610045,0.30179660458216584,1.0,train,-0.09634199999998655,-10.01664000000107
expr_btc_2m__mul__expr_pm_mom_2m__q85,expr_btc_2m__mul__expr_pm_mom_2m,alphaforge_pair,2,0.85,1021,34.55391504635867,-0.6544608495364133,0.8919894550022824,0.5239960822722821,-0.06409998526311611,0.9452829991403543,-0.5090250349999479,-0.0724138469583957,0.3990993995997332,1.0,validation,-0.09634199999998655,-10.01664000000107
expr_btc_2m__mul__expr_pm_mom_2m__q85,expr_btc_2m__mul__expr_pm_mom_2m,alphaforge_pair,2,0.85,998,0.3393596971445418,-0.9966064030285546,0.9973909699667699,0.467935871743487,-0.09986036102490534,0.7009829732670317,-0.5664554886198616,-0.1328555731471187,0.29903268845897263,1.0,test,-0.09634199999998655,-10.01664000000107
expr_btc_2m__mul__expr_pm_mom_2m__q85,expr_btc_2m__mul__expr_pm_mom_2m,alphaforge_pair,2,0.85,131,17.276733573177136,-0.8272326642682286,0.8587191060482833,0.3816793893129771,-0.6314753162352892,0.563029471583223,-0.4857873590813363,-0.3221557378680663,0.036061026352288486,1.0,latest72h,-0.09634199999998655,-10.01664000000107
expr_btc_2m__mul__expr_pm_mom_2m__q85,expr_btc_2m__mul__expr_pm_mom_2m,alphaforge_pair,2,0.85,4192,4.035049487397819e-06,-0.9999999596495052,0.999999969908752,0.49928435114503816,-0.023854960869501587,0.7995129840415135,-0.601893069352152,-0.11146733585362878,0.32705226937571685,1.0,full,-0.09634199999998655,-10.01664000000107
expr_btc_2m__mul__expr_pm_mom_2m__q90,expr_btc_2m__mul__expr_pm_mom_2m,alphaforge_pair,2,0.9,1399,1.3907806024592195,-0.9860921939754078,0.9916405886882512,0.5189421015010722,-0.07048550350074399,0.8902522787052733,-0.5509163525463348,-0.05028667035769285,0.3793472886105159,1.0,train,-0.017911999999993686,-13.42830800000144
expr_btc_2m__mul__expr_pm_mom_2m__q90,expr_btc_2m__mul__expr_pm_mom_2m,alphaforge_pair,2,0.9,615,66.59157273401817,-0.3340842726598183,0.7339593116740689,0.5300813008130081,-0.05432264596094612,0.9654633569714415,-0.36992112858362514,-0.04250862940515576,0.3814209472981988,1.0,validation,-0.017911999999993686,-13.42830800000144
expr_btc_2m__mul__expr_pm_mom_2m__q90,expr_btc_2m__mul__expr_pm_mom_2m,alphaforge_pair,2,0.9,562,2.5369855936040553,-0.9746301440639594,0.9768810216526777,0.45907473309608543,-0.17342173381920997,0.6228292439788363,-0.45551554218569745,-0.086069289431152,0.25633755837224814,1.0,test,-0.017911999999993686,-13.42830800000144
expr_btc_2m__mul__expr_pm_mom_2m__q90,expr_btc_2m__mul__expr_pm_mom_2m,alphaforge_pair,2,0.9,81,35.5230472730042,-0.644769527269958,0.6893346231200329,0.37037037037037035,-0.7960117620616778,0.5440487205935143,-0.33626025857543174,-0.19473496994802908,0.0027739251040221915,1.0,latest72h,-0.017911999999993686,-13.42830800000144
expr_btc_2m__mul__expr_pm_mom_2m__q90,expr_btc_2m__mul__expr_pm_mom_2m,alphaforge_pair,2,0.9,2576,0.02349610627793943,-0.9997650389372206,0.9998312401388274,0.5085403726708074,-0.03881075461712816,0.8906589617698151,-0.5509163525463348,-0.059897506580758875,0.35117974766508275,1.0,full,-0.017911999999993686,-13.42830800000144
expr_btc_2m__mul__expr_pm_mom_2m__q95,expr_btc_2m__mul__expr_pm_mom_2m,alphaforge_pair,2,0.95,608,43.2932941753586,-0.567067058246414,0.8682981559256204,0.5180921052631579,-0.09326760826421286,0.921461479771181,-0.5075833827413556,-0.028366907820499887,0.3865996373825614,0.9743695401351574,train,0.022568000000051564,-19.64995600000076
expr_btc_2m__mul__expr_pm_mom_2m__q95,expr_btc_2m__mul__expr_pm_mom_2m,alphaforge_pair,2,0.95,217,220.51701670913752,1.2051701670913753,0.5594634913923819,0.5622119815668203,0.5553779571849659,1.141752519507326,-0.38176006713670185,-0.006028684518005312,0.42328218812541696,0.9724816544362909,validation,0.022568000000051564,-19.64995600000076
expr_btc_2m__mul__expr_pm_mom_2m__q95,expr_btc_2m__mul__expr_pm_mom_2m,alphaforge_pair,2,0.95,180,94.7164789561762,-0.05283521043823791,0.5066813313689326,0.4888888888888889,-0.029352894687911007,0.987179565428646,-0.21165250627101218,-0.0356708421977604,0.352234823215477,0.9843228819212808,test,0.022568000000051564,-19.64995600000076
expr_btc_2m__mul__expr_pm_mom_2m__q95,expr_btc_2m__mul__expr_pm_mom_2m,alphaforge_pair,2,0.95,26,83.22525439767428,-0.16774745602325725,0.23180676705963277,0.4230769230769231,-0.6451825231663733,0.6922997837958442,-0.1882882980490982,-0.035355609773197294,0.3106796116504854,1.0,latest72h,0.022568000000051564,-19.64995600000076
expr_btc_2m__mul__expr_pm_mom_2m__q95,expr_btc_2m__mul__expr_pm_mom_2m,alphaforge_pair,2,0.95,1005,90.42495177880788,-0.09575048221192117,0.8682981559256204,0.5223880597014925,-0.009527411165365462,0.9935458331159026,-0.5075833827413556,-0.02524324928378996,0.3860396526298542,0.976650827461904,full,0.022568000000051564,-19.64995600000076
expr_btc_2m__mul__expr_size_imbalance__q70,expr_btc_2m__mul__expr_size_imbalance,alphaforge_pair,2,0.7,4285,1.7161015617550752e-09,-0.999999999982839,0.9999999999937491,0.47327887981330224,-0.023337222870077945,0.8187616270169399,-0.7306229797369884,-0.276784158423819,0.21781770232404812,1.0,train,0.15585097904945036,-0.20663861627446642
expr_btc_2m__mul__expr_size_imbalance__q70,expr_btc_2m__mul__expr_size_imbalance,alphaforge_pair,2,0.7,2456,0.00010162374241665761,-0.9999989837625758,0.9999995125904102,0.4796416938110749,-0.04071657100010486,0.8913628847453832,-0.7633934925956102,-0.30927410799492494,0.21264176117411607,1.0,validation,0.15585097904945036,-0.20663861627446642
expr_btc_2m__mul__expr_size_imbalance__q70,expr_btc_2m__mul__expr_size_imbalance,alphaforge_pair,2,0.7,1987,0.008550765156873141,-0.9999144923484312,0.9999866339534474,0.47055863110216406,-0.05032282296670517,0.7723450323666451,-0.7092363905879444,-0.20057600779600748,0.3417278185456971,1.0,test,0.15585097904945036,-0.20663861627446642
expr_btc_2m__mul__expr_size_imbalance__q70,expr_btc_2m__mul__expr_size_imbalance,alphaforge_pair,2,0.7,248,302.6303678369267,2.0263036783692674,0.5063429787150172,0.5282258064516129,0.8170579348263163,1.2225731906617963,-0.42716019426045493,0.304827948506055,0.7128987517337032,1.0,latest72h,0.15585097904945036,-0.20663861627446642
expr_btc_2m__mul__expr_size_imbalance__q70,expr_btc_2m__mul__expr_size_imbalance,alphaforge_pair,2,0.7,8728,1.4912249100763181e-19,-1.0,1.0,0.4744500458295142,-0.01145737855178736,0.8187616270190184,-0.7633934925956102,-0.2642079259438127,0.2529903326233,1.0,full,0.15585097904945036,-0.20663861627446642
expr_btc_2m__mul__expr_size_imbalance__q75,expr_btc_2m__mul__expr_size_imbalance,alphaforge_pair,2,0.75,3508,7.540252316011324e-08,-0.9999999992459747,0.9999999997294929,0.47063854047890535,-0.02850627135820915,0.8387205908011249,-0.6774526208161431,-0.2349658502239711,0.23504203065765616,1.0,train,0.23129373270539616,-0.2789998506617157
expr_btc_2m__mul__expr_size_imbalance__q75,expr_btc_2m__mul__expr_size_imbalance,alphaforge_pair,2,0.75,2022,0.0005600698516967669,-0.999994399301483,0.999996908435469,0.47675568743818003,-0.04945570718602789,0.8885237833870229,-0.7372522192840062,-0.26276312861755136,0.21297531687791862,1.0,validation,0.23129373270539616,-0.2789998506617157
expr_btc_2m__mul__expr_size_imbalance__q75,expr_btc_2m__mul__expr_size_imbalance,alphaforge_pair,2,0.75,1563,0.035522449261795444,-0.9996447755073821,0.9998084077609865,0.4689699296225208,-0.0639567994566464,0.7693774732422596,-0.7100087834390015,-0.14074028566131835,0.34906604402935293,1.0,test,0.23129373270539616,-0.2789998506617157
expr_btc_2m__mul__expr_size_imbalance__q75,expr_btc_2m__mul__expr_size_imbalance,alphaforge_pair,2,0.75,187,80.74705171708857,-0.1925294828291143,0.6414309455460341,0.49732620320855614,-0.10295694268936671,0.9584154836958017,-0.4568856140944435,-0.00018219701261523724,0.49791955617198336,1.0,latest72h,0.23129373270539616,-0.2789998506617157
expr_btc_2m__mul__expr_size_imbalance__q75,expr_btc_2m__mul__expr_size_imbalance,alphaforge_pair,2,0.75,7093,1.5001371863068586e-16,-1.0,1.0,0.4720146623431552,-0.01409840688002259,0.8387205908554544,-0.7372522192840062,-0.22119559163347013,0.2662624938554809,1.0,full,0.23129373270539616,-0.2789998506617157
expr_btc_2m__mul__expr_size_imbalance__q80,expr_btc_2m__mul__expr_size_imbalance,alphaforge_pair,2,0.8,2779,3.808593764445749e-06,-0.9999999619140624,0.9999999867321249,0.4703130622526088,-0.03598416559604402,0.7955365719281228,-0.6239439083094296,-0.21279255555636922,0.2671831218064942,1.0,train,0.3332580349939611,-0.3674845683669045
expr_btc_2m__mul__expr_size_imbalance__q80,expr_btc_2m__mul__expr_size_imbalance,alphaforge_pair,2,0.8,1595,0.01170207239326256,-0.9998829792760674,0.9999620675224278,0.47962382445141066,-0.06268858804238671,0.9076190771984651,-0.708223817706462,-0.2374322804757525,0.2458305537024683,1.0,validation,0.3332580349939611,-0.3674845683669045
expr_btc_2m__mul__expr_size_imbalance__q80,expr_btc_2m__mul__expr_size_imbalance,alphaforge_pair,2,0.8,1135,0.15106476899055182,-0.9984893523100945,0.9988922874434627,0.46079295154185024,-0.08797263015947965,0.6568508144210435,-0.6170976614753336,-0.1366080002577269,0.3382254836557705,1.0,test,0.3332580349939611,-0.3674845683669045
expr_btc_2m__mul__expr_size_imbalance__q80,expr_btc_2m__mul__expr_size_imbalance,alphaforge_pair,2,0.8,125,90.8254336665008,-0.09174566333499201,0.47788803280137426,0.488,-0.07339653066799373,0.9657589711917931,-0.4117032710091787,-0.012455845680239497,0.492371705963939,1.0,latest72h,0.3332580349939611,-0.3674845683669045
expr_btc_2m__mul__expr_size_imbalance__q80,expr_btc_2m__mul__expr_size_imbalance,alphaforge_pair,2,0.8,5509,6.732721085024862e-13,-0.9999999999999932,0.9999999999999974,0.4710473770194228,-0.01815211472136493,0.7955365813745606,-0.708223817706462,-0.1986090597607688,0.28383581844994266,1.0,full,0.3332580349939611,-0.3674845683669045
expr_btc_2m__mul__expr_size_imbalance__q85,expr_btc_2m__mul__expr_size_imbalance,alphaforge_pair,2,0.85,2018,0.0007798506775772007,-0.9999922014932242,0.9999969391408962,0.4796828543111992,-0.049553627427810935,0.7999887799043927,-0.5537817522180772,-0.1553250400596623,0.2844074501401022,1.0,train,0.4750569735021727,-0.4878427291005057
expr_btc_2m__mul__expr_size_imbalance__q85,expr_btc_2m__mul__expr_size_imbalance,alphaforge_pair,2,0.85,1152,0.37927639735605434,-0.9962072360264395,0.9986758990118043,0.4895833333333333,-0.08647632257173966,0.9134222787453636,-0.5923095113775261,-0.18039247780028167,0.2951967978652435,1.0,validation,0.4750569735021727,-0.4878427291005057
expr_btc_2m__mul__expr_size_imbalance__q85,expr_btc_2m__mul__expr_size_imbalance,alphaforge_pair,2,0.85,756,0.6316191475919124,-0.9936838085240809,0.9952621237493476,0.4576719576719577,-0.13143965721218,0.5932278062421071,-0.5879455529480442,-0.13289692385998186,0.31054036024016013,1.0,test,0.4750569735021727,-0.4878427291005057
expr_btc_2m__mul__expr_size_imbalance__q85,expr_btc_2m__mul__expr_size_imbalance,alphaforge_pair,2,0.85,77,92.33697999763167,-0.07663020002368326,0.3901288270307194,0.4935064935064935,-0.09951974029049791,0.9520818866469327,-0.3718379980548254,-0.02929854817936106,0.4604715672676838,1.0,latest72h,0.4750569735021727,-0.4878427291005057
expr_btc_2m__mul__expr_size_imbalance__q85,expr_btc_2m__mul__expr_size_imbalance,alphaforge_pair,2,0.85,3926,1.8681965172779376e-08,-0.9999999998131803,0.9999999999225941,0.478349465104432,-0.025471217519439145,0.7999908127686828,-0.5923095113775261,-0.15129114225027324,0.29735376044568246,1.0,full,0.4750569735021727,-0.4878427291005057
expr_btc_2m__mul__expr_size_imbalance__q90,expr_btc_2m__mul__expr_size_imbalance,alphaforge_pair,2,0.9,1298,0.02558464524654259,-0.9997441535475345,0.9998511756004456,0.4815100154083205,-0.0770218916446484,0.8298428405722508,-0.5014574241278986,-0.11497853966486038,0.26026042525135984,0.9971155431020273,train,0.6755910339654628,-0.6679721533741017
expr_btc_2m__mul__expr_size_imbalance__q90,expr_btc_2m__mul__expr_size_imbalance,alphaforge_pair,2,0.9,684,0.798157664443424,-0.9920184233555658,0.9947290951271689,0.45614035087719296,-0.14503193323911784,0.8039995930695619,-0.529335554406607,-0.14990148853369445,0.2730153435623749,1.0,validation,0.6755910339654628,-0.6679721533741017
expr_btc_2m__mul__expr_size_imbalance__q90,expr_btc_2m__mul__expr_size_imbalance,alphaforge_pair,2,0.9,416,0.4580831809650744,-0.9954191681903493,0.996378649375506,0.4326923076923077,-0.23928345389191083,0.3996242789706893,-0.46269125985844284,-0.12715058560000025,0.23182121414276183,0.9876584389593062,test,0.6755910339654628,-0.6679721533741017
expr_btc_2m__mul__expr_size_imbalance__q90,expr_btc_2m__mul__expr_size_imbalance,alphaforge_pair,2,0.9,33,78.87291432867137,-0.21127085671328627,0.36614194016233614,0.6060606060606061,-0.640214717312988,0.5492540664196937,-0.17692245417170394,-0.05737618825996604,0.2552011095700416,0.9403606102635229,latest72h,0.6755910339654628,-0.6679721533741017
expr_btc_2m__mul__expr_size_imbalance__q90,expr_btc_2m__mul__expr_size_imbalance,alphaforge_pair,2,0.9,2398,9.354324562191667e-07,-0.9999999906456755,0.9999999956270823,0.46580483736447037,-0.04170141745811831,0.8298368982252261,-0.529335554406607,-0.12385386635599327,0.25720956906439457,0.9955349827953466,full,0.6755910339654628,-0.6679721533741017
expr_btc_2m__mul__expr_size_imbalance__q95,expr_btc_2m__mul__expr_size_imbalance,alphaforge_pair,2,0.95,599,2.790057791333515,-0.9720994220866649,0.981160938048455,0.48247078464106846,-0.16228704876238154,0.6574165968159584,-0.44004671134539297,-0.04571428571428571,0.2624855777155101,0.9006922696555134,train,1.0838147767807573,-0.9828924410807197
expr_btc_2m__mul__expr_size_imbalance__q95,expr_btc_2m__mul__expr_size_imbalance,alphaforge_pair,2,0.95,299,54.44616173522932,-0.45553838264770685,0.8484179270156814,0.4782608695652174,-0.15235397412966808,0.9619733864786568,-0.4554202043074056,-0.04400000000000004,0.3080386924616411,0.919613075383589,validation,1.0838147767807573,-0.9828924410807197
expr_btc_2m__mul__expr_size_imbalance__q95,expr_btc_2m__mul__expr_size_imbalance,alphaforge_pair,2,0.95,163,7.746971433004019,-0.9225302856699598,0.9226605415998969,0.3619631901840491,-0.5659695004110187,0.47191771321555825,-0.3295234014692201,-0.04800000000000004,0.19462975316877917,0.8767511674449633,test,1.0838147767807573,-0.9828924410807197
expr_btc_2m__mul__expr_size_imbalance__q95,expr_btc_2m__mul__expr_size_imbalance,alphaforge_pair,2,0.95,8,88.77700050017906,-0.1122299949982094,0.11600395272424968,0.625,-1.4028749374776215,0.13704714505322213,-0.08797777777777771,0.0,0.2801664355062413,0.6823855755894591,latest72h,1.0838147767807573,-0.9828924410807197
expr_btc_2m__mul__expr_size_imbalance__q95,expr_btc_2m__mul__expr_size_imbalance,alphaforge_pair,2,0.95,1061,0.11768264542545345,-0.9988231735457455,0.9991523029720153,0.46277097078228085,-0.0941397901551127,0.6877044761433129,-0.4554202043074056,-0.04571428571428571,0.25487465181058494,0.9000491561527117,full,1.0838147767807573,-0.9828924410807197
expr_btc_2m__mul__expr_book_pressure_delta__q70,expr_btc_2m__mul__expr_book_pressure_delta,alphaforge_pair,2,0.7,4561,8.191810147680463e-09,-0.9999999999180819,0.9999999999488565,0.4950668713001535,-0.0219250164419663,0.862926446821797,-0.7579494882194252,-0.28650480047931715,0.2506180979067084,1.0,train,0.012614222153122195,-0.029497796421212436
expr_btc_2m__mul__expr_book_pressure_delta__q70,expr_btc_2m__mul__expr_book_pressure_delta,alphaforge_pair,2,0.7,2503,0.44242002651078266,-0.9955757997348922,0.9986812819848191,0.5189772273272073,-0.03977530162744305,0.9558758678177742,-0.6771380403646647,-0.13424355397224863,0.37341561040693794,1.0,validation,0.012614222153122195,-0.029497796421212436
expr_btc_2m__mul__expr_book_pressure_delta__q70,expr_btc_2m__mul__expr_book_pressure_delta,alphaforge_pair,2,0.7,2371,0.0006118870434110849,-0.9999938811295659,0.9999971888414837,0.4947279628848587,-0.042176038849834105,0.7437480993618528,-0.6729022485624263,-0.29393156920731556,0.23315543695797197,1.0,test,0.012614222153122195,-0.029497796421212436
expr_btc_2m__mul__expr_book_pressure_delta__q70,expr_btc_2m__mul__expr_book_pressure_delta,alphaforge_pair,2,0.7,328,128.87872780524518,0.28878727805245186,0.5272237576183373,0.524390243902439,0.08804490184525963,1.0409141637484323,-0.420527491929794,0.0028774945770220217,0.5117891816920943,1.0,latest72h,0.012614222153122195,-0.029497796421212436
expr_btc_2m__mul__expr_book_pressure_delta__q70,expr_btc_2m__mul__expr_book_pressure_delta,alphaforge_pair,2,0.7,9435,2.2176137883512154e-16,-1.0,1.0,0.5013248542660307,-0.010598834128245905,0.8629264468453233,-0.7579494882194252,-0.2551949848546447,0.2739226609864001,1.0,full,0.012614222153122195,-0.029497796421212436
expr_btc_2m__mul__expr_book_pressure_delta__q75,expr_btc_2m__mul__expr_book_pressure_delta,alphaforge_pair,2,0.75,3820,3.844908980302261e-08,-0.9999999996155091,0.9999999997954317,0.49031413612565444,-0.02617801046113904,0.8403546501056318,-0.6980466183420628,-0.26085484746709053,0.21790011537827592,1.0,train,0.026141193572834592,-0.04431110038363005
expr_btc_2m__mul__expr_book_pressure_delta__q75,expr_btc_2m__mul__expr_book_pressure_delta,alphaforge_pair,2,0.75,2123,0.17840343984754725,-0.9982159656015245,0.9989597503589783,0.5190767781441357,-0.047019122261023394,0.9066903105885932,-0.711294664788056,-0.14979211362889833,0.34106070713809206,1.0,validation,0.026141193572834592,-0.04431110038363005
expr_btc_2m__mul__expr_book_pressure_delta__q75,expr_btc_2m__mul__expr_book_pressure_delta,alphaforge_pair,2,0.75,1964,0.001753260310114032,-0.9999824673968989,0.9999913752665142,0.4923625254582485,-0.05091560424627804,0.7306669558381835,-0.6288387748455275,-0.26817937856671037,0.1961307538358906,1.0,test,0.026141193572834592,-0.04431110038363005
expr_btc_2m__mul__expr_book_pressure_delta__q75,expr_btc_2m__mul__expr_book_pressure_delta,alphaforge_pair,2,0.75,281,118.38933733664913,0.18389337336649136,0.5518508897741434,0.5195729537366548,0.06544248162508545,1.0313531568425243,-0.424597882090776,-0.04135166559265835,0.42441054091539526,1.0,latest72h,0.026141193572834592,-0.04431110038363005
expr_btc_2m__mul__expr_book_pressure_delta__q75,expr_btc_2m__mul__expr_book_pressure_delta,alphaforge_pair,2,0.75,7907,1.2026401223586374e-15,-1.0,1.0,0.4985455925129632,-0.01264702162640701,0.8403546501491475,-0.711294664788056,-0.24106885333364725,0.2408241848271342,1.0,full,0.026141193572834592,-0.04431110038363005
expr_btc_2m__mul__expr_book_pressure_delta__q80,expr_btc_2m__mul__expr_book_pressure_delta,alphaforge_pair,2,0.8,3099,3.6470753625608794e-06,-0.9999999635292464,0.9999999818799494,0.49080348499515974,-0.032268472524338454,0.8471027255783138,-0.6528356416693868,-0.22254895441977607,0.2628976429866491,1.0,train,0.05619633388315928,-0.06422167882207341
expr_btc_2m__mul__expr_book_pressure_delta__q80,expr_btc_2m__mul__expr_book_pressure_delta,alphaforge_pair,2,0.8,1761,0.2194170914450968,-0.997805829085549,0.9986920506024031,0.5105053946621237,-0.0566613190849263,0.8931111404321879,-0.6418850281701036,-0.17748754972998587,0.3043695797198132,1.0,validation,0.05619633388315928,-0.06422167882207341
expr_btc_2m__mul__expr_book_pressure_delta__q80,expr_btc_2m__mul__expr_book_pressure_delta,alphaforge_pair,2,0.8,1522,0.013741451798583389,-0.9998625854820141,0.9999293017286511,0.4888304862023653,-0.06569399378988272,0.755448581172342,-0.6423983205049522,-0.19535521102779696,0.2053035356904603,1.0,test,0.05619633388315928,-0.06422167882207341
expr_btc_2m__mul__expr_book_pressure_delta__q80,expr_btc_2m__mul__expr_book_pressure_delta,alphaforge_pair,2,0.8,224,141.41288482087904,0.41412884820879037,0.5869549724121739,0.5223214285714286,0.18487895009320843,1.066947352969092,-0.5169165503449404,-0.03867154406797313,0.4576976421636616,1.0,latest72h,0.05619633388315928,-0.06422167882207341
expr_btc_2m__mul__expr_book_pressure_delta__q80,expr_btc_2m__mul__expr_book_pressure_delta,alphaforge_pair,2,0.8,6382,1.0996331156662303e-12,-0.999999999999989,0.9999999999999967,0.49576935130053273,-0.01566906925728598,0.8471027279686726,-0.6528356416693868,-0.20539466675080897,0.2564312633131247,1.0,full,0.05619633388315928,-0.06422167882207341
expr_btc_2m__mul__expr_book_pressure_delta__q85,expr_btc_2m__mul__expr_book_pressure_delta,alphaforge_pair,2,0.85,2310,0.0005972846887503421,-0.9999940271531125,0.9999972351093845,0.4987012987012987,-0.04328978472524308,0.8643321381055828,-0.6800313381179637,-0.16845997007107205,0.2509477501236196,0.9962914125597495,train,0.14749614628089255,-0.0950267966878108
expr_btc_2m__mul__expr_book_pressure_delta__q85,expr_btc_2m__mul__expr_book_pressure_delta,alphaforge_pair,2,0.85,1056,1.3557461063134697,-0.9864425389368653,0.9967530117822738,0.521780303030303,-0.0934131192175069,0.9343288550651381,-0.5474832983086063,-0.10066093498975875,0.3357238158772515,1.0,validation,0.14749614628089255,-0.0950267966878108
expr_btc_2m__mul__expr_book_pressure_delta__q85,expr_btc_2m__mul__expr_book_pressure_delta,alphaforge_pair,2,0.85,875,0.11315688438056475,-0.9988684311561944,0.9993291732938714,0.48342857142857143,-0.1141563921321365,0.7823008430604906,-0.52490373578602,-0.16841788937865976,0.23498999332888593,1.0,test,0.14749614628089255,-0.0950267966878108
expr_btc_2m__mul__expr_book_pressure_delta__q85,expr_btc_2m__mul__expr_book_pressure_delta,alphaforge_pair,2,0.85,121,98.57737875301864,-0.014226212469813593,0.5750749633347683,0.5289256198347108,-0.011757200388275227,0.9944796513090101,-0.39470627629696997,-0.0366830165934906,0.43411927877947293,1.0,latest72h,0.14749614628089255,-0.0950267966878108
expr_btc_2m__mul__expr_book_pressure_delta__q85,expr_btc_2m__mul__expr_book_pressure_delta,alphaforge_pair,2,0.85,4241,9.16306418968087e-09,-0.9999999999083694,0.9999999999732537,0.5012968639471823,-0.023579344492062525,0.8643329859528864,-0.6800313381179637,-0.15633838697960123,0.266016713091922,0.9981566442733082,full,0.14749614628089255,-0.0950267966878108
expr_btc_2m__mul__expr_book_pressure_delta__q90,expr_btc_2m__mul__expr_book_pressure_delta,alphaforge_pair,2,0.9,1485,0.041277865496062105,-0.9995872213450394,0.9998715371202377,0.5023569023569023,-0.06731227079764583,0.8104719473970656,-0.6088105392719287,-0.10165268538565453,0.2756716663919565,0.9864842591066425,train,0.2791560744182849,-0.13896043886123238
expr_btc_2m__mul__expr_book_pressure_delta__q90,expr_btc_2m__mul__expr_book_pressure_delta,alphaforge_pair,2,0.9,453,19.367155162131734,-0.8063284483786827,0.9687276000452058,0.5055187637969095,-0.17799744997321953,0.9508383732647456,-0.4115717603700829,-0.09242666666666666,0.3090393595730487,1.0,validation,0.2791560744182849,-0.13896043886123238
expr_btc_2m__mul__expr_book_pressure_delta__q90,expr_btc_2m__mul__expr_book_pressure_delta,alphaforge_pair,2,0.9,412,0.5410253630421943,-0.9945897463695781,0.9953910561615756,0.4587378640776699,-0.2414052782450433,0.5005671081693929,-0.3853039809781691,-0.14798704216752545,0.16777851901267513,1.0,test,0.2791560744182849,-0.13896043886123238
expr_btc_2m__mul__expr_book_pressure_delta__q90,expr_btc_2m__mul__expr_book_pressure_delta,alphaforge_pair,2,0.9,56,64.22454283566847,-0.35775457164331526,0.45946611247634656,0.5178571428571429,-0.6388474493630627,0.6095193167936357,-0.31959420983383324,-0.04302926763717807,0.3550624133148405,1.0,latest72h,0.2791560744182849,-0.13896043886123238
expr_btc_2m__mul__expr_book_pressure_delta__q90,expr_btc_2m__mul__expr_book_pressure_delta,alphaforge_pair,2,0.9,2350,4.3251451686991605e-05,-0.9999995674854831,0.9999997782080523,0.49531914893617024,-0.0425531730844887,0.8106425536762484,-0.6088105392719287,-0.11090828411429754,0.2571686056038014,0.9932819924627232,full,0.2791560744182849,-0.13896043886123238
expr_btc_2m__mul__expr_book_pressure_delta__q95,expr_btc_2m__mul__expr_book_pressure_delta,alphaforge_pair,2,0.95,667,3.6726493749103963,-0.963273506250896,0.9773410863425288,0.527736131934033,-0.1444188165293698,0.7501188741642801,-0.4880580385720592,-0.043683890577507545,0.29462666886434813,0.9240151640019779,train,0.5089996886932787,-0.239313045981145
expr_btc_2m__mul__expr_book_pressure_delta__q95,expr_btc_2m__mul__expr_book_pressure_delta,alphaforge_pair,2,0.95,183,103.36259279697066,0.03362592796970665,0.8192529151741429,0.546448087431694,0.018374824027161143,1.0048188443436434,-0.38705270614001575,-0.043251612903225656,0.3589059372915277,0.970647098065377,validation,0.5089996886932787,-0.239313045981145
expr_btc_2m__mul__expr_book_pressure_delta__q95,expr_btc_2m__mul__expr_book_pressure_delta,alphaforge_pair,2,0.95,166,6.313901602707384,-0.9368609839729262,0.9370525631286216,0.4759036144578313,-0.5643740867306781,0.3683940959868024,-0.31676177943475814,-0.0647543847128379,0.1442628418945964,0.9638092061374249,test,0.5089996886932787,-0.239313045981145
expr_btc_2m__mul__expr_book_pressure_delta__q95,expr_btc_2m__mul__expr_book_pressure_delta,alphaforge_pair,2,0.95,23,68.82944130823118,-0.3117055869176881,0.3199946053819887,0.6086956521739131,-1.3552416822508182,0.1090674584113087,-0.2011902278069443,-0.040659277108433756,0.1664355062413315,0.9625520110957004,latest72h,0.5089996886932787,-0.239313045981145
expr_btc_2m__mul__expr_book_pressure_delta__q95,expr_btc_2m__mul__expr_book_pressure_delta,alphaforge_pair,2,0.95,1016,0.2396848990317375,-0.9976031510096827,0.9981678784988525,0.5226377952755905,-0.09818928651670109,0.7606238642869169,-0.4880580385720592,-0.044638297872340305,0.274168441749959,0.9455595608717025,full,0.5089996886932787,-0.239313045981145
expr_pm_mom_2m__mul__expr_size_imbalance__q70,expr_pm_mom_2m__mul__expr_size_imbalance,alphaforge_pair,2,0.7,4214,1.4215036598562284e-08,-0.9999999998578496,0.999999999950452,0.4738965353583294,-0.02373042239814549,0.8275591344297943,-0.7260040976143227,-0.25717950151199254,0.23940992253172902,1.0,train,1.152092523063595,-1.4875283179981122
expr_pm_mom_2m__mul__expr_size_imbalance__q70,expr_pm_mom_2m__mul__expr_size_imbalance,alphaforge_pair,2,0.7,2597,1.8182940449823177e-05,-0.9999998181705955,0.999999865156125,0.46977281478629185,-0.03850596142358864,0.8830907495609597,-0.7368802692087395,-0.3222631257628513,0.19279519679786525,1.0,validation,1.152092523063595,-1.4875283179981122
expr_pm_mom_2m__mul__expr_size_imbalance__q70,expr_pm_mom_2m__mul__expr_size_imbalance,alphaforge_pair,2,0.7,2359,0.04086830718498293,-0.9995913169281502,0.999970389202495,0.47562526494277235,-0.042373519157615544,0.8112948879105506,-0.7378442232474602,-0.1633258365451128,0.3659106070713809,1.0,test,1.152092523063595,-1.4875283179981122
expr_pm_mom_2m__mul__expr_size_imbalance__q70,expr_pm_mom_2m__mul__expr_size_imbalance,alphaforge_pair,2,0.7,322,231.33686867944854,1.3133686867944854,0.6143110036751143,0.5124223602484472,0.4078784741597773,1.125387493804746,-0.5196188943829045,0.2036882396161619,0.6074895977808599,1.0,latest72h,1.152092523063595,-1.4875283179981122
expr_pm_mom_2m__mul__expr_size_imbalance__q70,expr_pm_mom_2m__mul__expr_size_imbalance,alphaforge_pair,2,0.7,9170,1.0563278927329127e-18,-1.0,1.0,0.47317339149400217,-0.010905125408942217,0.8275591344414379,-0.7378442232474602,-0.25720514560561475,0.2651155169588727,1.0,full,1.152092523063595,-1.4875283179981122
expr_pm_mom_2m__mul__expr_size_imbalance__q75,expr_pm_mom_2m__mul__expr_size_imbalance,alphaforge_pair,2,0.75,3452,9.593520947986133e-08,-0.999999999040648,0.9999999996750433,0.4690034762456547,-0.028968713761316548,0.8392612462466401,-0.678179067147729,-0.23888364255021172,0.24427229273116863,1.0,train,1.6516549344502063,-2.0072128093100554
expr_pm_mom_2m__mul__expr_size_imbalance__q75,expr_pm_mom_2m__mul__expr_size_imbalance,alphaforge_pair,2,0.75,2161,0.0007049955208723799,-0.9999929500447913,0.9999970959981895,0.4784821841739935,-0.04627454650831983,0.91098171815324,-0.710193008648329,-0.2651598150046986,0.23382254836557706,1.0,validation,1.6516549344502063,-2.0072128093100554
expr_pm_mom_2m__mul__expr_size_imbalance__q75,expr_pm_mom_2m__mul__expr_size_imbalance,alphaforge_pair,2,0.75,1920,0.16361933053819694,-0.998363806694618,0.9997567345101619,0.471875,-0.05199811493201138,0.7257916883748832,-0.6912044510665365,-0.1605249744480169,0.3757505003335557,1.0,test,1.6516549344502063,-2.0072128093100554
expr_pm_mom_2m__mul__expr_size_imbalance__q75,expr_pm_mom_2m__mul__expr_size_imbalance,alphaforge_pair,2,0.75,276,139.6483030600244,0.39648303060024404,0.6462910605334694,0.48188405797101447,0.14365327195661015,1.0571934485790595,-0.539086456934339,0.07397331281959207,0.5742024965325936,1.0,latest72h,1.6516549344502063,-2.0072128093100554
expr_pm_mom_2m__mul__expr_size_imbalance__q75,expr_pm_mom_2m__mul__expr_size_imbalance,alphaforge_pair,2,0.75,7533,1.1066212290630634e-15,-1.0,1.0,0.472454533386433,-0.013274923669188891,0.8392612463708792,-0.710193008648329,-0.22724415244365098,0.2797804358512207,1.0,full,1.6516549344502063,-2.0072128093100554
expr_pm_mom_2m__mul__expr_size_imbalance__q80,expr_pm_mom_2m__mul__expr_size_imbalance,alphaforge_pair,2,0.8,2691,7.873631233107033e-06,-0.9999999212636876,0.9999999719664061,0.4700854700854701,-0.03716090380021137,0.8182682637121043,-0.6226778735361789,-0.1975470294611995,0.27525960112081754,1.0,train,2.2670681371528985,-2.573339366367332
expr_pm_mom_2m__mul__expr_size_imbalance__q80,expr_pm_mom_2m__mul__expr_size_imbalance,alphaforge_pair,2,0.8,1741,0.011983358302312503,-0.9998801664169769,0.9999643733713238,0.4813325674899483,-0.057431370845317624,0.9097080664428627,-0.6774830871500831,-0.22027868053907068,0.28785857238158774,1.0,validation,2.2670681371528985,-2.573339366367332
expr_pm_mom_2m__mul__expr_size_imbalance__q80,expr_pm_mom_2m__mul__expr_size_imbalance,alphaforge_pair,2,0.8,1530,0.5251619590169545,-0.9947483804098305,0.9983356008592064,0.4764705882352941,-0.06501623401371438,0.6433364784105605,-0.652777357637852,-0.14874426527703866,0.3865910607071381,1.0,test,2.2670681371528985,-2.573339366367332
expr_pm_mom_2m__mul__expr_size_imbalance__q80,expr_pm_mom_2m__mul__expr_size_imbalance,alphaforge_pair,2,0.8,222,230.0613633082032,1.300613633082032,0.60470174718811,0.4954954954954955,0.5858619968837977,1.157386089864115,-0.5048714582991121,0.3046039789124504,0.6435506241331485,1.0,latest72h,2.2670681371528985,-2.573339366367332
expr_pm_mom_2m__mul__expr_size_imbalance__q80,expr_pm_mom_2m__mul__expr_size_imbalance,alphaforge_pair,2,0.8,5962,4.955036695377173e-12,-0.9999999999999505,0.999999999999992,0.4750083864475008,-0.016772895001676464,0.8182682782003239,-0.6774830871500831,-0.18962320207069394,0.31029821399311813,1.0,full,2.2670681371528985,-2.573339366367332
expr_pm_mom_2m__mul__expr_size_imbalance__q85,expr_pm_mom_2m__mul__expr_size_imbalance,alphaforge_pair,2,0.85,1950,0.0004939710031810236,-0.9999950602899682,0.9999979493800032,0.47025641025641024,-0.051281797963588206,0.8043662580015314,-0.5723006834675821,-0.16372157212177385,0.29924179990110433,1.0,train,2.9833517303192867,-3.272740113459158
expr_pm_mom_2m__mul__expr_size_imbalance__q85,expr_pm_mom_2m__mul__expr_size_imbalance,alphaforge_pair,2,0.85,1311,0.1265571615831882,-0.9987344283841681,0.9994568674915363,0.4843630816170862,-0.07618111581877733,0.89122369082915,-0.5985830231903921,-0.178731934167773,0.29853235490326885,1.0,validation,2.9833517303192867,-3.272740113459158
expr_pm_mom_2m__mul__expr_size_imbalance__q85,expr_pm_mom_2m__mul__expr_size_imbalance,alphaforge_pair,2,0.85,1096,1.2099853738364126,-0.9879001462616359,0.9963749388852211,0.46806569343065696,-0.09013687465890846,0.5716702107102247,-0.5981034067312099,-0.1386632964806186,0.39309539693128753,1.0,test,2.9833517303192867,-3.272740113459158
expr_pm_mom_2m__mul__expr_size_imbalance__q85,expr_pm_mom_2m__mul__expr_size_imbalance,alphaforge_pair,2,0.85,148,267.3797291184375,1.6737972911843753,0.4907906269939265,0.5337837837837838,1.1309441156651183,1.2862733654326592,-0.45407731563629716,0.10948221118956747,0.7420249653259362,1.0,latest72h,2.9833517303192867,-3.272740113459158
expr_pm_mom_2m__mul__expr_size_imbalance__q85,expr_pm_mom_2m__mul__expr_size_imbalance,alphaforge_pair,2,0.85,4357,7.564292299813315e-09,-0.9999999999243571,0.999999999986092,0.47394996557264174,-0.02295157218095843,0.8043670280111546,-0.5985830231903921,-0.1551603331313347,0.32672456169097164,1.0,full,2.9833517303192867,-3.272740113459158
expr_pm_mom_2m__mul__expr_size_imbalance__q90,expr_pm_mom_2m__mul__expr_size_imbalance,alphaforge_pair,2,0.9,1209,0.01805835990822569,-0.9998194164009178,0.9999235584896115,0.46898263027295284,-0.08269804933010082,0.8108300274652412,-0.46716688274497586,-0.12366510834046862,0.2803692104829405,1.0,train,3.9401307251025397,-4.146523525607478
expr_pm_mom_2m__mul__expr_size_imbalance__q90,expr_pm_mom_2m__mul__expr_size_imbalance,alphaforge_pair,2,0.9,844,2.0340521466655277,-0.9796594785333447,0.989468192331443,0.5011848341232228,-0.1160733979304912,0.8412911687082149,-0.4915610106419003,-0.14224680118066668,0.3438959306204136,1.0,validation,3.9401307251025397,-4.146523525607478
expr_pm_mom_2m__mul__expr_size_imbalance__q90,expr_pm_mom_2m__mul__expr_size_imbalance,alphaforge_pair,2,0.9,691,1.9151377769937774,-0.9808486222300622,0.9943574574573346,0.4630969609261939,-0.14194625502605823,0.5366852427847429,-0.48583486124166686,-0.12506702002633663,0.32921947965310205,1.0,test,3.9401307251025397,-4.146523525607478
expr_pm_mom_2m__mul__expr_size_imbalance__q90,expr_pm_mom_2m__mul__expr_size_imbalance,alphaforge_pair,2,0.9,94,275.33065157898034,1.7533065157898036,0.3635431010980201,0.5638297872340425,1.8652196976487267,1.4746333613877147,-0.34259037956895133,0.13868333941035238,0.7295423023578363,1.0,latest72h,3.9401307251025397,-4.146523525607478
expr_pm_mom_2m__mul__expr_size_imbalance__q90,expr_pm_mom_2m__mul__expr_size_imbalance,alphaforge_pair,2,0.9,2744,7.0346162361286825e-06,-0.9999999296538377,0.9999999876546456,0.4774052478134111,-0.03644314612441103,0.8108360471911443,-0.4915610106419003,-0.12375674180921259,0.31304276585285923,1.0,full,3.9401307251025397,-4.146523525607478
expr_pm_mom_2m__mul__expr_size_imbalance__q95,expr_pm_mom_2m__mul__expr_size_imbalance,alphaforge_pair,2,0.95,552,4.171727679926043,-0.9582827232007396,0.9806767754003958,0.49094202898550726,-0.17360194260882958,0.8782145744285024,-0.3516389821613458,-0.07599602109001913,0.2760013186088676,1.0,train,5.386824702673055,-5.360066447130472
expr_pm_mom_2m__mul__expr_size_imbalance__q95,expr_pm_mom_2m__mul__expr_size_imbalance,alphaforge_pair,2,0.95,370,13.992372530692746,-0.8600762746930726,0.9434650347779518,0.4837837837837838,-0.23245304721434382,0.8812905792159555,-0.37851454911510374,-0.10880127328019651,0.3068712474983322,1.0,validation,5.386824702673055,-5.360066447130472
expr_pm_mom_2m__mul__expr_size_imbalance__q95,expr_pm_mom_2m__mul__expr_size_imbalance,alphaforge_pair,2,0.95,304,3.8368452249396556,-0.9616315477506034,0.9773936910691392,0.4407894736842105,-0.316326167023225,0.42590369564817415,-0.4004539414043351,-0.10841057962755407,0.22981987991994662,1.0,test,5.386824702673055,-5.360066447130472
expr_pm_mom_2m__mul__expr_size_imbalance__q95,expr_pm_mom_2m__mul__expr_size_imbalance,alphaforge_pair,2,0.95,40,151.31281297498697,0.5131281297498698,0.21555310403475922,0.6,1.2828203243746732,1.551419515290489,-0.1772527585838981,0.08803602614379091,0.5714285714285714,1.0,latest72h,5.386824702673055,-5.360066447130472
expr_pm_mom_2m__mul__expr_size_imbalance__q95,expr_pm_mom_2m__mul__expr_size_imbalance,alphaforge_pair,2,0.95,1226,0.022396574063931987,-0.9997760342593607,0.9999388775689515,0.4763458401305057,-0.0815478005105514,0.8777876179483163,-0.4004539414043351,-0.08356851764705897,0.2728576110109782,1.0,full,5.386824702673055,-5.360066447130472
expr_pm_mom_2m__mul__expr_depth_imbalance__q70,expr_pm_mom_2m__mul__expr_depth_imbalance,alphaforge_pair,2,0.7,4518,5.349647383079761e-09,-0.9999999999465036,0.9999999999644719,0.4953519256308101,-0.022133687471148834,0.8452408228955868,-0.7182250495255436,-0.281376804933569,0.22078457227624856,1.0,train,0.04972607954939137,-0.11784576133345084
expr_pm_mom_2m__mul__expr_depth_imbalance__q70,expr_pm_mom_2m__mul__expr_depth_imbalance,alphaforge_pair,2,0.7,2643,0.030561820511131158,-0.9996943817948887,0.9999150161437335,0.5126749905410518,-0.03782422935281494,0.9568112525041007,-0.6815016347146616,-0.17746315360173964,0.2966977985323549,1.0,validation,0.04972607954939137,-0.11784576133345084
expr_pm_mom_2m__mul__expr_depth_imbalance__q70,expr_pm_mom_2m__mul__expr_depth_imbalance,alphaforge_pair,2,0.7,2658,0.00048512738202275216,-0.9999951487261798,0.9999976398317473,0.4890895410082769,-0.03762208986930702,0.7382535973039123,-0.686843672242114,-0.2738846063507444,0.20446964643095397,1.0,test,0.04972607954939137,-0.11784576133345084
expr_pm_mom_2m__mul__expr_depth_imbalance__q70,expr_pm_mom_2m__mul__expr_depth_imbalance,alphaforge_pair,2,0.7,372,53.489696080985496,-0.46510303919014506,0.7997520988116875,0.489247311827957,-0.1250276987070284,0.913391337762371,-0.5967266610887808,-0.1379306305315764,0.23439667128987518,1.0,latest72h,0.04972607954939137,-0.11784576133345084
expr_pm_mom_2m__mul__expr_depth_imbalance__q70,expr_pm_mom_2m__mul__expr_depth_imbalance,alphaforge_pair,2,0.7,9819,7.931588343208235e-18,-1.0,1.0,0.4983195844790712,-0.010184336490477655,0.8452408229169663,-0.7182250495255436,-0.25388478219096877,0.23283631001146976,1.0,full,0.04972607954939137,-0.11784576133345084
expr_pm_mom_2m__mul__expr_depth_imbalance__q75,expr_pm_mom_2m__mul__expr_depth_imbalance,alphaforge_pair,2,0.75,3746,8.512738088369553e-08,-0.9999999991487262,0.999999999609618,0.4938601174586225,-0.02669514146152501,0.8634101203860118,-0.6910061488333219,-0.26768235572472193,0.22737761661447173,1.0,train,0.10202897021399662,-0.17287464537537903
expr_pm_mom_2m__mul__expr_depth_imbalance__q75,expr_pm_mom_2m__mul__expr_depth_imbalance,alphaforge_pair,2,0.75,2178,0.17323588406968848,-0.9982676411593031,0.9991939823009844,0.5165289256198347,-0.04583414330391675,0.923946845600148,-0.630030967345589,-0.165359610256202,0.29452968645763844,1.0,validation,0.10202897021399662,-0.17287464537537903
expr_pm_mom_2m__mul__expr_depth_imbalance__q75,expr_pm_mom_2m__mul__expr_depth_imbalance,alphaforge_pair,2,0.75,2158,0.004314015344131372,-0.9999568598465587,0.9999790362009892,0.4907321594068582,-0.046337203885382754,0.7416751686428043,-0.6843807128058882,-0.2456280166360788,0.2663442294863242,1.0,test,0.10202897021399662,-0.17287464537537903
expr_pm_mom_2m__mul__expr_depth_imbalance__q75,expr_pm_mom_2m__mul__expr_depth_imbalance,alphaforge_pair,2,0.75,306,104.05853661359727,0.040585366135972745,0.6108861561103973,0.5065359477124183,0.01326319154770289,1.0069060357107515,-0.4758051098424054,-0.02915775743271487,0.4507628294036061,1.0,latest72h,0.10202897021399662,-0.17287464537537903
expr_pm_mom_2m__mul__expr_depth_imbalance__q75,expr_pm_mom_2m__mul__expr_depth_imbalance,alphaforge_pair,2,0.75,8082,6.361928939037833e-15,-0.9999999999999999,1.0,0.4991338777530314,-0.012373174956693897,0.8634101204783095,-0.6910061488333219,-0.2405829397611599,0.2511879403572014,1.0,full,0.10202897021399662,-0.17287464537537903
expr_pm_mom_2m__mul__expr_depth_imbalance__q80,expr_pm_mom_2m__mul__expr_depth_imbalance,alphaforge_pair,2,0.8,3017,2.141232550767306e-06,-0.9999999785876745,0.999999982676105,0.49055352999668544,-0.033145508073837406,0.755387183365187,-0.6704397414153683,-0.2257174421699638,0.2478160540629636,1.0,train,0.20076219786065036,-0.24009056244640187
expr_pm_mom_2m__mul__expr_depth_imbalance__q80,expr_pm_mom_2m__mul__expr_depth_imbalance,alphaforge_pair,2,0.8,1734,0.4977671505031379,-0.9950223284949686,0.997718689951978,0.5201845444059977,-0.05738306392704567,0.9021090094369847,-0.6216491904843131,-0.13728665800954487,0.3273849232821881,1.0,validation,0.20076219786065036,-0.24009056244640187
expr_pm_mom_2m__mul__expr_depth_imbalance__q80,expr_pm_mom_2m__mul__expr_depth_imbalance,alphaforge_pair,2,0.8,1702,0.03052683978250591,-0.9996947316021749,0.9998467381853338,0.491186839012926,-0.05873647071693156,0.8096420626526604,-0.6539115586954827,-0.19799934117925427,0.27201467645096733,1.0,test,0.20076219786065036,-0.24009056244640187
expr_pm_mom_2m__mul__expr_depth_imbalance__q80,expr_pm_mom_2m__mul__expr_depth_imbalance,alphaforge_pair,2,0.8,249,137.56419191140253,0.3756419191140252,0.4912728644178908,0.5180722891566265,0.1508602084795279,1.0636902897833316,-0.4319881494777893,-0.030210483073940364,0.4604715672676838,1.0,latest72h,0.20076219786065036,-0.24009056244640187
expr_pm_mom_2m__mul__expr_depth_imbalance__q80,expr_pm_mom_2m__mul__expr_depth_imbalance,alphaforge_pair,2,0.8,6453,3.2536581159116174e-12,-0.9999999999999675,0.9999999999999856,0.49868278320161163,-0.015496668216332984,0.7553871911839976,-0.6704397414153683,-0.20197746892354085,0.2707684745207275,1.0,full,0.20076219786065036,-0.24009056244640187
expr_pm_mom_2m__mul__expr_depth_imbalance__q85,expr_pm_mom_2m__mul__expr_depth_imbalance,alphaforge_pair,2,0.85,2249,0.00022747521874375714,-0.9999977252478126,0.9999985509704554,0.49844375277901287,-0.04446410516886677,0.7602907722206814,-0.6690079633655551,-0.16362911787849166,0.25605735948574254,1.0,train,0.37977334027662796,-0.3320143710338494
expr_pm_mom_2m__mul__expr_depth_imbalance__q85,expr_pm_mom_2m__mul__expr_depth_imbalance,alphaforge_pair,2,0.85,1211,0.8455340175532711,-0.9915446598244673,0.9982092732127689,0.5317919075144508,-0.08187817174438242,0.9508963952617424,-0.5948824181203929,-0.14093606842713735,0.31337558372248164,1.0,validation,0.37977334027662796,-0.3320143710338494
expr_pm_mom_2m__mul__expr_depth_imbalance__q85,expr_pm_mom_2m__mul__expr_depth_imbalance,alphaforge_pair,2,0.85,1208,0.022108744553450962,-0.9997789125544655,0.9998298410645793,0.4793046357615894,-0.08276315501278689,0.6591586890486889,-0.5778211052354849,-0.21749861163120443,0.2433288859239493,1.0,test,0.37977334027662796,-0.3320143710338494
expr_pm_mom_2m__mul__expr_depth_imbalance__q85,expr_pm_mom_2m__mul__expr_depth_imbalance,alphaforge_pair,2,0.85,182,103.55570828989565,0.03555708289895643,0.4740686285412531,0.4945054945054945,0.01953685873569018,1.00751682859713,-0.42714369217071846,0.010558808071241321,0.5173370319001387,1.0,latest72h,0.37977334027662796,-0.3320143710338494
expr_pm_mom_2m__mul__expr_depth_imbalance__q85,expr_pm_mom_2m__mul__expr_depth_imbalance,alphaforge_pair,2,0.85,4668,4.2523524969535533e-10,-0.9999999999957476,0.9999999999978352,0.5021422450728363,-0.021422450728272244,0.7602928695495874,-0.6690079633655551,-0.17111765091189046,0.26441913812878914,1.0,full,0.37977334027662796,-0.3320143710338494
expr_pm_mom_2m__mul__expr_depth_imbalance__q90,expr_pm_mom_2m__mul__expr_depth_imbalance,alphaforge_pair,2,0.9,1458,0.010357435172590688,-0.9998964256482741,0.9999561813969595,0.5089163237311386,-0.06858000175914097,0.723674639365662,-0.6290519439256896,-0.11357919497544655,0.268419317619911,0.9825284325037086,train,0.6117846911366535,-0.4589195882461223
expr_pm_mom_2m__mul__expr_depth_imbalance__q90,expr_pm_mom_2m__mul__expr_depth_imbalance,alphaforge_pair,2,0.9,727,4.199226259847428,-0.9580077374015257,0.9868488154863126,0.5419532324621733,-0.13177547969759687,0.905453104219138,-0.5183059134701591,-0.09561060992391907,0.32254836557705135,1.0,validation,0.6117846911366535,-0.4589195882461223
expr_pm_mom_2m__mul__expr_depth_imbalance__q90,expr_pm_mom_2m__mul__expr_depth_imbalance,alphaforge_pair,2,0.9,770,0.267595697822659,-0.9973240430217734,0.9987964999272628,0.4922077922077922,-0.1295226029898407,0.5094061133443285,-0.48382665920332657,-0.1841528476852795,0.2473315543695797,1.0,test,0.6117846911366535,-0.4589195882461223
expr_pm_mom_2m__mul__expr_depth_imbalance__q90,expr_pm_mom_2m__mul__expr_depth_imbalance,alphaforge_pair,2,0.9,120,169.56896860268918,0.6956896860268917,0.32730609536204625,0.5083333333333333,0.5797414050224085,1.1942864130618265,-0.3068983791009179,0.13833506322010347,0.6685159500693482,1.0,latest72h,0.6117846911366535,-0.4589195882461223
expr_pm_mom_2m__mul__expr_depth_imbalance__q90,expr_pm_mom_2m__mul__expr_depth_imbalance,alphaforge_pair,2,0.9,2955,1.1638596887034595e-06,-0.9999999883614031,0.9999999967855898,0.5126903553299492,-0.033840947152670206,0.723726821368414,-0.6290519439256896,-0.12622452705570952,0.2754792724889399,0.991315746354252,full,0.6117846911366535,-0.4589195882461223
expr_pm_mom_2m__mul__expr_depth_imbalance__q95,expr_pm_mom_2m__mul__expr_depth_imbalance,alphaforge_pair,2,0.95,645,4.980577232128971,-0.9501942276787103,0.976468839347047,0.5472868217054263,-0.14731693452383118,0.7622041153056915,-0.42237967119248465,-0.0416491754510766,0.32388330311521346,0.9508818196802373,train,1.0160490486856486,-0.7026854408609915
expr_pm_mom_2m__mul__expr_depth_imbalance__q95,expr_pm_mom_2m__mul__expr_depth_imbalance,alphaforge_pair,2,0.95,266,64.70335166928437,-0.3529664833071563,0.8697485303377144,0.5451127819548872,-0.1326941666568255,0.9620793377427133,-0.2759562486471947,-0.062326834226056005,0.33805870580386926,0.9948298865910608,validation,1.0160490486856486,-0.7026854408609915
expr_pm_mom_2m__mul__expr_depth_imbalance__q95,expr_pm_mom_2m__mul__expr_depth_imbalance,alphaforge_pair,2,0.95,353,12.06561142153819,-0.8793438857846181,0.9552047413936741,0.5014164305949008,-0.2491059166528663,0.7835333707039155,-0.35169427349577986,-0.08518153846153853,0.2633422281521014,1.0,test,1.0160490486856486,-0.7026854408609915
expr_pm_mom_2m__mul__expr_depth_imbalance__q95,expr_pm_mom_2m__mul__expr_depth_imbalance,alphaforge_pair,2,0.95,64,169.5826731363225,0.6958267313632251,0.4350002769374441,0.53125,1.0872292677550384,1.3930361380723066,-0.27406241119457475,0.06716186619677345,0.5533980582524272,1.0,latest72h,1.0160490486856486,-0.7026854408609915
expr_pm_mom_2m__mul__expr_depth_imbalance__q95,expr_pm_mom_2m__mul__expr_depth_imbalance,alphaforge_pair,2,0.95,1264,0.3888264421337938,-0.9961117355786621,0.998531667689202,0.5340189873417721,-0.07880630819451445,0.7829984314628803,-0.42237967119248465,-0.05658951472592344,0.31189578895625103,0.9743159102080944,full,1.0160490486856486,-0.7026854408609915
expr_size_imbalance__mul__expr_depth_imbalance__q70,expr_size_imbalance__mul__expr_depth_imbalance,alphaforge_pair,2,0.7,4434,7.894696741531687e-06,-0.9999999210530326,0.9999999720000585,0.4873703202525936,-0.022552997768449098,0.8869100000414717,-0.6969736026738371,-0.21723230840452218,0.30064282182297675,1.0,train,0.014646368501883921,-0.012389293466240585
expr_size_imbalance__mul__expr_depth_imbalance__q70,expr_size_imbalance__mul__expr_depth_imbalance,alphaforge_pair,2,0.7,3040,0.00029014129888464436,-0.9999970985870111,0.9999987834043451,0.4953947368421053,-0.03289464140088856,0.9156532848764242,-0.7631669072813598,-0.2639095954755351,0.21364242828552368,1.0,validation,0.014646368501883921,-0.012389293466240585
expr_size_imbalance__mul__expr_depth_imbalance__q70,expr_size_imbalance__mul__expr_depth_imbalance,alphaforge_pair,2,0.7,2781,0.019980685274331503,-0.9998001931472567,0.9998943863723553,0.4929881337648328,-0.035951103673040545,0.8012883854708903,-0.7047965723593501,-0.23316754688080849,0.2713475650433622,1.0,test,0.014646368501883921,-0.012389293466240585
expr_size_imbalance__mul__expr_depth_imbalance__q70,expr_size_imbalance__mul__expr_depth_imbalance,alphaforge_pair,2,0.7,362,95.57096520281931,-0.044290347971806865,0.571663527807203,0.4889502762430939,-0.0122349027546435,0.9938480834941945,-0.5007279042997277,0.018525603546184932,0.521497919556172,1.0,latest72h,0.014646368501883921,-0.012389293466240585
expr_size_imbalance__mul__expr_depth_imbalance__q70,expr_size_imbalance__mul__expr_depth_imbalance,alphaforge_pair,2,0.7,10255,4.576730946044022e-15,-1.0,1.0,0.49127254997562164,-0.009751340809361285,0.8869100030839325,-0.7631669072813598,-0.23032892909738595,0.2771178109126659,1.0,full,0.014646368501883921,-0.012389293466240585
expr_size_imbalance__mul__expr_depth_imbalance__q75,expr_size_imbalance__mul__expr_depth_imbalance,alphaforge_pair,2,0.75,3643,5.3442871965593664e-05,-0.9999994655712804,0.9999997942609092,0.4866867965962119,-0.027449889255319306,0.8765079486752361,-0.6455744757118056,-0.18397656383569982,0.3058348442393275,1.0,train,0.02151450620563461,-0.018868831538790806
expr_size_imbalance__mul__expr_depth_imbalance__q75,expr_size_imbalance__mul__expr_depth_imbalance,alphaforge_pair,2,0.75,2573,0.0008641994506852472,-0.9999913580054931,0.9999956965053273,0.491255343956471,-0.03886480209893098,0.8928399624095444,-0.7658141282061183,-0.23516991468889248,0.22464976651100735,1.0,validation,0.02151450620563461,-0.018868831538790806
expr_size_imbalance__mul__expr_depth_imbalance__q75,expr_size_imbalance__mul__expr_depth_imbalance,alphaforge_pair,2,0.75,2299,0.008188106802657217,-0.9999181189319735,0.99996653562403,0.4810787298825576,-0.04349361108882007,0.7401135862947629,-0.718012163557797,-0.2358413161240015,0.2576717811874583,1.0,test,0.02151450620563461,-0.018868831538790806
expr_size_imbalance__mul__expr_depth_imbalance__q75,expr_size_imbalance__mul__expr_depth_imbalance,alphaforge_pair,2,0.75,293,159.3341093076537,0.593341093076537,0.4848438288960161,0.4948805460750853,0.2025054925175888,1.0704199697116807,-0.43645080702948424,0.07895140368372155,0.5922330097087378,1.0,latest72h,0.02151450620563461,-0.018868831538790806
expr_size_imbalance__mul__expr_depth_imbalance__q75,expr_size_imbalance__mul__expr_depth_imbalance,alphaforge_pair,2,0.75,8515,3.781701739904847e-14,-0.9999999999999997,0.9999999999999999,0.4865531415149736,-0.011743981209630081,0.876507958733406,-0.7658141282061183,-0.20780086768851525,0.2801900704571522,1.0,full,0.02151450620563461,-0.018868831538790806
expr_size_imbalance__mul__expr_depth_imbalance__q80,expr_size_imbalance__mul__expr_depth_imbalance,alphaforge_pair,2,0.8,2883,0.0010604293197297645,-0.9999893957068027,0.9999953711734211,0.4821366631980576,-0.034685723056080635,0.8710494234531491,-0.584628642517433,-0.14838411828402276,0.3232239986813911,1.0,train,0.030215791260895773,-0.027121645820814885
expr_size_imbalance__mul__expr_depth_imbalance__q80,expr_size_imbalance__mul__expr_depth_imbalance,alphaforge_pair,2,0.8,2060,0.0014771463425978556,-0.999985228536574,0.999992061108661,0.487378640776699,-0.0485429722590571,0.8633871302927406,-0.7342986779957245,-0.2368274995766821,0.22965310206804537,1.0,validation,0.030215791260895773,-0.027121645820814885
expr_size_imbalance__mul__expr_depth_imbalance__q80,expr_size_imbalance__mul__expr_depth_imbalance,alphaforge_pair,2,0.8,1810,0.02782118926348059,-0.9997217881073652,0.9998862702336915,0.474585635359116,-0.055233247961732936,0.7419382567220624,-0.7264811664540687,-0.2061940364439624,0.28885923949299536,1.0,test,0.030215791260895773,-0.027121645820814885
expr_size_imbalance__mul__expr_depth_imbalance__q80,expr_size_imbalance__mul__expr_depth_imbalance,alphaforge_pair,2,0.8,239,174.63835011402463,0.7463835011402464,0.5520303362865423,0.5062761506276151,0.312294351941525,1.1082292815963426,-0.4854557312297302,0.13372148212349733,0.5603328710124826,1.0,latest72h,0.030215791260895773,-0.027121645820814885
expr_size_imbalance__mul__expr_depth_imbalance__q80,expr_size_imbalance__mul__expr_depth_imbalance,alphaforge_pair,2,0.8,6753,4.35793693551714e-12,-0.9999999999999564,0.9999999999999885,0.4817118317784688,-0.014808233377757416,0.8710493467482303,-0.7342986779957245,-0.18621005579780558,0.29678027199737833,1.0,full,0.030215791260895773,-0.027121645820814885
expr_size_imbalance__mul__expr_depth_imbalance__q85,expr_size_imbalance__mul__expr_depth_imbalance,alphaforge_pair,2,0.85,2102,0.1454617586393752,-0.9985453824136062,0.9995247418539408,0.4871550903901047,-0.04750453769807847,0.9152580909547858,-0.5228781178154942,-0.12524561506862442,0.3563540464809626,1.0,train,0.04214385718826913,-0.038435742004475304
expr_size_imbalance__mul__expr_depth_imbalance__q85,expr_size_imbalance__mul__expr_depth_imbalance,alphaforge_pair,2,0.85,1472,0.018589971575791394,-0.9998141002842421,0.9999203206374934,0.4898097826086957,-0.06792215355191877,0.8850565490522712,-0.6894414696236943,-0.19617891051442926,0.2479986657771848,1.0,validation,0.04214385718826913,-0.038435742004475304
expr_size_imbalance__mul__expr_depth_imbalance__q85,expr_size_imbalance__mul__expr_depth_imbalance,alphaforge_pair,2,0.85,1309,0.12157097999289425,-0.9987842902000711,0.9996944444980134,0.46829640947288004,-0.07630132087089932,0.7206438284337071,-0.6278660983268876,-0.17250752129964475,0.2920280186791194,1.0,test,0.04214385718826913,-0.038435742004475304
expr_size_imbalance__mul__expr_depth_imbalance__q85,expr_size_imbalance__mul__expr_depth_imbalance,alphaforge_pair,2,0.85,175,271.61564810169114,1.7161564810169114,0.49481498566771337,0.5257142857142857,0.9806608462953776,1.2771220069318006,-0.4120439129269988,0.07716022439625148,0.608876560332871,1.0,latest72h,0.04214385718826913,-0.038435742004475304
expr_size_imbalance__mul__expr_depth_imbalance__q85,expr_size_imbalance__mul__expr_depth_imbalance,alphaforge_pair,2,0.85,4883,3.2874372907941895e-08,-0.9999999996712563,0.9999999999597309,0.48289985664550483,-0.020479213591465494,0.9152256800558679,-0.6894414696236943,-0.1522828802249152,0.3173848926757332,1.0,full,0.04214385718826913,-0.038435742004475304
expr_size_imbalance__mul__expr_depth_imbalance__q90,expr_size_imbalance__mul__expr_depth_imbalance,alphaforge_pair,2,0.9,1316,0.1773847732272517,-0.9982261522677275,0.9992718532458953,0.479483282674772,-0.07585305108417405,0.9044188981807101,-0.6363953040518379,-0.09044136284702775,0.33904730509312675,0.9985165650238997,train,0.0603102834817776,-0.05545505569318561
expr_size_imbalance__mul__expr_depth_imbalance__q90,expr_size_imbalance__mul__expr_depth_imbalance,alphaforge_pair,2,0.9,868,0.3550134704839928,-0.9964498652951601,0.9985190807607732,0.4827188940092166,-0.11479837157778357,0.8778802426835806,-0.6066244530806193,-0.13343544004988128,0.25383589059372913,1.0,validation,0.0603102834817776,-0.05545505569318561
expr_size_imbalance__mul__expr_depth_imbalance__q90,expr_size_imbalance__mul__expr_depth_imbalance,alphaforge_pair,2,0.9,839,0.21031630925633532,-0.9978968369074367,0.9985855334184057,0.45292014302741357,-0.11893883634176845,0.5991371636394287,-0.5051219490694031,-0.15334145378021197,0.24249499666444296,1.0,test,0.0603102834817776,-0.05545505569318561
expr_size_imbalance__mul__expr_depth_imbalance__q90,expr_size_imbalance__mul__expr_depth_imbalance,alphaforge_pair,2,0.9,117,142.99458972402573,0.4299458972402572,0.45990440264322585,0.5128205128205128,0.36747512584637454,1.1173379108061507,-0.33396372452330125,0.010184466942752657,0.5201109570041609,1.0,latest72h,0.0603102834817776,-0.05545505569318561
expr_size_imbalance__mul__expr_depth_imbalance__q90,expr_size_imbalance__mul__expr_depth_imbalance,alphaforge_pair,2,0.9,3023,1.3244455884461866e-06,-0.9999999867555441,0.9999999957827479,0.4730400264637777,-0.03307972169221128,0.9043817118577159,-0.6363953040518379,-0.11475758321871365,0.29874651810584957,0.9992626577093233,full,0.0603102834817776,-0.05545505569318561
expr_size_imbalance__mul__expr_depth_imbalance__q95,expr_size_imbalance__mul__expr_depth_imbalance,alphaforge_pair,2,0.95,600,10.301795138934622,-0.8969820486106538,0.9542741773684537,0.505,-0.14949700810177521,0.9113892980978343,-0.42422694113447124,-0.03550545454545473,0.3336080435140926,0.9422284489863194,train,0.09441626925762467,-0.08825339416461454
expr_size_imbalance__mul__expr_depth_imbalance__q95,expr_size_imbalance__mul__expr_depth_imbalance,alphaforge_pair,2,0.95,338,1.2183506133397999,-0.987816493866602,0.9912590067860937,0.4467455621301775,-0.2922534005522493,0.6903529665566316,-0.4500874062103991,-0.08522370370370358,0.13392261507671782,0.9721480987324883,validation,0.09441626925762467,-0.08825339416461454
expr_size_imbalance__mul__expr_depth_imbalance__q95,expr_size_imbalance__mul__expr_depth_imbalance,alphaforge_pair,2,0.95,336,6.666340146242581,-0.9333365985375742,0.9494402266676935,0.44047619047619047,-0.27777874956475396,0.6969427847382846,-0.38967144968663336,-0.08171628469677417,0.28252168112074716,1.0,test,0.09441626925762467,-0.08825339416461454
expr_size_imbalance__mul__expr_depth_imbalance__q95,expr_size_imbalance__mul__expr_depth_imbalance,alphaforge_pair,2,0.95,57,61.745126068774404,-0.38254873931225597,0.4697383316060928,0.49122807017543857,-0.6711381391443081,0.5932821323138805,-0.24617394478470211,-0.05844870070358299,0.13869625520110956,1.0,latest72h,0.09441626925762467,-0.08825339416461454
expr_size_imbalance__mul__expr_depth_imbalance__q95,expr_size_imbalance__mul__expr_depth_imbalance,alphaforge_pair,2,0.95,1274,0.00836705579508467,-0.9999163294420491,0.9999677515980897,0.4725274725274725,-0.07848636808807274,0.9043621373256805,-0.4500874062103991,-0.05740311613196103,0.27588890709487135,0.964443716205145,full,0.09441626925762467,-0.08825339416461454
expr_book_pressure_delta__mul__expr_depth_imbalance__q70,expr_book_pressure_delta__mul__expr_depth_imbalance,alphaforge_pair,2,0.7,4482,1.5528676001531727e-05,-0.99999984471324,0.9999999349454493,0.5084783578759482,-0.022311464629925063,0.9167712738474432,-0.7381163128934538,-0.19172421570595127,0.28712708092961925,1.0,train,-0.0009157273656207088,-0.011380680250884635
expr_book_pressure_delta__mul__expr_depth_imbalance__q70,expr_book_pressure_delta__mul__expr_depth_imbalance,alphaforge_pair,2,0.7,2055,0.0010769139462973914,-0.999989230860537,0.9999953906814135,0.47493917274939174,-0.048661276440902075,0.8297898800739758,-0.6830341767950463,-0.2953711378318469,0.264342895263509,1.0,validation,-0.0009157273656207088,-0.011380680250884635
expr_book_pressure_delta__mul__expr_depth_imbalance__q70,expr_book_pressure_delta__mul__expr_depth_imbalance,alphaforge_pair,2,0.7,2121,0.0007972917691568054,-0.9999920270823084,0.9999933857128314,0.4766619519094767,-0.047147195996337064,0.5965274790365312,-0.7666939224830374,-0.24340842950807312,0.2494996664442962,1.0,test,-0.0009157273656207088,-0.011380680250884635
expr_book_pressure_delta__mul__expr_depth_imbalance__q70,expr_book_pressure_delta__mul__expr_depth_imbalance,alphaforge_pair,2,0.7,359,45.6233505740089,-0.543766494259911,0.8639936614884718,0.4735376044568245,-0.15146699004454459,0.9526572571254055,-0.5686147578656897,-0.21847853349663504,0.3925104022191401,1.0,latest72h,-0.0009157273656207088,-0.011380680250884635
expr_book_pressure_delta__mul__expr_depth_imbalance__q70,expr_book_pressure_delta__mul__expr_depth_imbalance,alphaforge_pair,2,0.7,8658,1.3333148329148098e-15,-1.0,1.0,0.49272349272349275,-0.011550011550011568,0.9167712672427706,-0.7666939224830374,-0.2250471863457555,0.2724479764050467,1.0,full,-0.0009157273656207088,-0.011380680250884635
expr_book_pressure_delta__mul__expr_depth_imbalance__q75,expr_book_pressure_delta__mul__expr_depth_imbalance,alphaforge_pair,2,0.75,3717,0.00020250583779336324,-0.999997974941622,0.9999987214047495,0.5060532687651331,-0.02690336225293582,0.8939477921626672,-0.7014895266131163,-0.16231143106740242,0.29330805999670345,1.0,train,-0.0005795776633069462,-0.015402102223403057
expr_book_pressure_delta__mul__expr_depth_imbalance__q75,expr_book_pressure_delta__mul__expr_depth_imbalance,alphaforge_pair,2,0.75,1564,0.03335759459451362,-0.9996664240540548,0.9998564440395405,0.46994884910485935,-0.06391729054054057,0.8336991634244499,-0.6100865291783542,-0.23197818538372006,0.2685123415610407,1.0,validation,-0.0005795776633069462,-0.015402102223403057
expr_book_pressure_delta__mul__expr_depth_imbalance__q75,expr_book_pressure_delta__mul__expr_depth_imbalance,alphaforge_pair,2,0.75,1673,0.007901242161225104,-0.9999209875783878,0.9999383520137117,0.474596533173939,-0.0597681403214817,0.5475640649481247,-0.6753874916919793,-0.24530571270530088,0.25183455637091395,1.0,test,-0.0005795776633069462,-0.015402102223403057
expr_book_pressure_delta__mul__expr_depth_imbalance__q75,expr_book_pressure_delta__mul__expr_depth_imbalance,alphaforge_pair,2,0.75,292,89.34440647912668,-0.1065559352087333,0.7506068019038662,0.4965753424657534,-0.03649175863312836,0.9896029432064807,-0.4918202072355533,-0.1215347993781436,0.435506241331484,1.0,latest72h,-0.0005795776633069462,-0.015402102223403057
expr_book_pressure_delta__mul__expr_depth_imbalance__q75,expr_book_pressure_delta__mul__expr_depth_imbalance,alphaforge_pair,2,0.75,6954,5.337374128983567e-12,-0.9999999999999466,0.9999999999999685,0.4903652574058096,-0.014380212827149108,0.8939477143282759,-0.7014895266131163,-0.19399123806352914,0.27781418974274946,1.0,full,-0.0005795776633069462,-0.015402102223403057
expr_book_pressure_delta__mul__expr_depth_imbalance__q80,expr_book_pressure_delta__mul__expr_depth_imbalance,alphaforge_pair,2,0.8,2963,0.0014136519684778345,-0.9999858634803153,0.9999915880040025,0.5021937225784677,-0.03374910102869784,0.868240392584599,-0.7005573313213521,-0.12955843757310626,0.3242953683863524,1.0,train,-0.000336322715558243,-0.0204255749760607
expr_book_pressure_delta__mul__expr_depth_imbalance__q80,expr_book_pressure_delta__mul__expr_depth_imbalance,alphaforge_pair,2,0.8,1171,0.20274180565358754,-0.9979725819434642,0.9993361598930977,0.4594363791631085,-0.08522396088330216,0.9005153916383546,-0.5396710067387673,-0.1816713000329485,0.26784523015343564,1.0,validation,-0.000336322715558243,-0.0204255749760607
expr_book_pressure_delta__mul__expr_depth_imbalance__q80,expr_book_pressure_delta__mul__expr_depth_imbalance,alphaforge_pair,2,0.8,1309,0.029199383575006885,-0.9997080061642499,0.9998296779924819,0.4766997708174179,-0.07637188740750575,0.4058134892847659,-0.6105480523320401,-0.1953372266817348,0.23699132755170113,1.0,test,-0.000336322715558243,-0.0204255749760607
expr_book_pressure_delta__mul__expr_depth_imbalance__q80,expr_book_pressure_delta__mul__expr_depth_imbalance,alphaforge_pair,2,0.8,241,128.98404490364206,0.2898404490364206,0.6191818647532678,0.5062240663900415,0.12026574648813955,1.03130004122155,-0.4764658775182685,0.079208200038549,0.5423023578363384,1.0,latest72h,-0.000336322715558243,-0.0204255749760607
expr_book_pressure_delta__mul__expr_depth_imbalance__q80,expr_book_pressure_delta__mul__expr_depth_imbalance,alphaforge_pair,2,0.8,5443,8.368728826205357e-10,-0.9999999999916312,0.9999999999967548,0.4868638618408966,-0.01837222120138955,0.8682409926943909,-0.7005573313213521,-0.1600111562065386,0.28948877601179746,1.0,full,-0.000336322715558243,-0.0204255749760607
expr_book_pressure_delta__mul__expr_depth_imbalance__q85,expr_book_pressure_delta__mul__expr_depth_imbalance,alphaforge_pair,2,0.85,2161,0.04580025604759778,-0.999541997439524,0.9997685208762056,0.4969921332716335,-0.046253678733897526,0.9265591734622013,-0.7472215285593895,-0.09029394297181237,0.3425086533706939,1.0,train,-0.0001740447458697741,-0.029030404477220453
expr_book_pressure_delta__mul__expr_depth_imbalance__q85,expr_book_pressure_delta__mul__expr_depth_imbalance,alphaforge_pair,2,0.85,808,0.5279269102554246,-0.9947207308974457,0.9985704768398713,0.4443069306930693,-0.12310900134869379,0.8939423640401671,-0.6020555662012463,-0.14699837691555218,0.23132088058705805,1.0,validation,-0.0001740447458697741,-0.029030404477220453
expr_book_pressure_delta__mul__expr_depth_imbalance__q85,expr_book_pressure_delta__mul__expr_depth_imbalance,alphaforge_pair,2,0.85,902,0.6966873521855363,-0.9930331264781447,0.9935891905368491,0.4745011086474501,-0.11009236435456146,0.5151178608126694,-0.5285672445546941,-0.14339939861171913,0.30253502334889926,1.0,test,-0.0001740447458697741,-0.029030404477220453
expr_book_pressure_delta__mul__expr_depth_imbalance__q85,expr_book_pressure_delta__mul__expr_depth_imbalance,alphaforge_pair,2,0.85,191,84.82327552814273,-0.15176724471857272,0.606532152065049,0.4973821989528796,-0.07945929042857305,0.972038939576178,-0.4662290599638744,0.024250203415616234,0.5173370319001387,1.0,latest72h,-0.0001740447458697741,-0.029030404477220453
expr_book_pressure_delta__mul__expr_depth_imbalance__q85,expr_book_pressure_delta__mul__expr_depth_imbalance,alphaforge_pair,2,0.85,3871,1.6845334231709945e-06,-0.9999999831546658,0.999999991272305,0.4807543270472746,-0.02583311762218205,0.926548732567465,-0.7472215285593895,-0.11866914631610292,0.3066934294609209,1.0,full,-0.0001740447458697741,-0.029030404477220453
expr_book_pressure_delta__mul__expr_depth_imbalance__q90,expr_book_pressure_delta__mul__expr_depth_imbalance,alphaforge_pair,2,0.9,1386,0.600818602167088,-0.9939918139783291,0.9968181543478829,0.4834054834054834,-0.07171658109511778,0.9403972249219483,-0.642533876131297,-0.06784811610619546,0.3220702159222021,1.0,train,-6.760412456604258e-05,-0.04176960260315801
expr_book_pressure_delta__mul__expr_depth_imbalance__q90,expr_book_pressure_delta__mul__expr_depth_imbalance,alphaforge_pair,2,0.9,485,7.717793344303776,-0.9228220665569622,0.9738781731197286,0.4556701030927835,-0.19027259104267263,0.8791051545833664,-0.46084017458925586,-0.10780984251629766,0.2716811207471648,1.0,validation,-6.760412456604258e-05,-0.04176960260315801
expr_book_pressure_delta__mul__expr_depth_imbalance__q90,expr_book_pressure_delta__mul__expr_depth_imbalance,alphaforge_pair,2,0.9,579,1.521538703725331,-0.9847846129627467,0.9848526907570968,0.4438687392055268,-0.17008369826645028,0.5615727244094533,-0.5272024812318409,-0.11458450579161261,0.2603402268178786,1.0,test,-6.760412456604258e-05,-0.04176960260315801
expr_book_pressure_delta__mul__expr_depth_imbalance__q90,expr_book_pressure_delta__mul__expr_depth_imbalance,alphaforge_pair,2,0.9,116,49.92259081962537,-0.5007740918037463,0.5121796010082755,0.45689655172413796,-0.4317018032790926,0.750761130219182,-0.3253097946561144,-0.1313809957956531,0.24271844660194175,1.0,latest72h,-6.760412456604258e-05,-0.04176960260315801
expr_book_pressure_delta__mul__expr_depth_imbalance__q90,expr_book_pressure_delta__mul__expr_depth_imbalance,alphaforge_pair,2,0.9,2450,0.0007055365549235498,-0.9999929446344508,0.9999959352448407,0.4685714285714286,-0.04081603855650833,0.9402055497486194,-0.642533876131297,-0.08726975457891728,0.2974766508274619,1.0,full,-6.760412456604258e-05,-0.04176960260315801
expr_book_pressure_delta__mul__expr_depth_imbalance__q95,expr_book_pressure_delta__mul__expr_depth_imbalance,alphaforge_pair,2,0.95,635,4.282612405998501,-0.957173875940015,0.9740795213390201,0.48661417322834644,-0.15073604345512057,0.8744050430077852,-0.3978651325285434,-0.04086956521739127,0.3497610021427394,0.9996703477830888,train,-1.0977142946241292e-05,-0.07571180107140736
expr_book_pressure_delta__mul__expr_depth_imbalance__q95,expr_book_pressure_delta__mul__expr_depth_imbalance,alphaforge_pair,2,0.95,201,23.48931443140459,-0.7651068556859542,0.8461977814742756,0.4577114427860697,-0.3806501769581863,0.6945626268664212,-0.24954977317018912,-0.06344941563786022,0.26651100733822547,0.9981654436290861,validation,-1.0977142946241292e-05,-0.07571180107140736
expr_book_pressure_delta__mul__expr_depth_imbalance__q95,expr_book_pressure_delta__mul__expr_depth_imbalance,alphaforge_pair,2,0.95,266,20.65047782664624,-0.7934952217335376,0.8116352596403714,0.43609022556390975,-0.29830647433591634,0.7645734180456346,-0.31912773659481797,-0.06640996257641318,0.2501667778519013,0.9849899933288859,test,-1.0977142946241292e-05,-0.07571180107140736
expr_book_pressure_delta__mul__expr_depth_imbalance__q95,expr_book_pressure_delta__mul__expr_depth_imbalance,alphaforge_pair,2,0.95,49,70.03472340541525,-0.29965276594584755,0.3660003666813076,0.4897959183673469,-0.6115362570323422,0.6889581805652191,-0.2330406106910683,-0.049748674122562675,0.31622746185852985,1.0,latest72h,-1.0977142946241292e-05,-0.07571180107140736
expr_book_pressure_delta__mul__expr_depth_imbalance__q95,expr_book_pressure_delta__mul__expr_depth_imbalance,alphaforge_pair,2,0.95,1102,0.20773478142238844,-0.9979226521857761,0.9987434877184838,0.4691470054446461,-0.09055559457221203,0.8714398234198353,-0.3978651325285434,-0.05165822275578846,0.30321153531050304,0.9956988366377192,full,-1.0977142946241292e-05,-0.07571180107140736
expr_prior_up_2m__plus__expr_pm_mom_2m__q70,expr_prior_up_2m__plus__expr_pm_mom_2m,alphaforge_pair,2,0.7,4357,0.5744893483702581,-0.9942551065162974,0.9977113878635322,0.7971081019049805,-0.022819717845221313,0.9006499504149109,-0.4884406300022943,-0.042485545614788234,0.38453931102686667,1.0,train,3.2800000000000007,-3.425
expr_prior_up_2m__plus__expr_pm_mom_2m__q70,expr_prior_up_2m__plus__expr_pm_mom_2m,alphaforge_pair,2,0.7,2528,8.57851048960902,-0.9142148951039097,0.9277039231228092,0.7931170886075949,-0.03616356388860404,0.8864633432150227,-0.5089272794678907,-0.03269305972924774,0.4184456304202802,1.0,validation,3.2800000000000007,-3.425
expr_prior_up_2m__plus__expr_pm_mom_2m__q70,expr_prior_up_2m__plus__expr_pm_mom_2m,alphaforge_pair,2,0.7,2408,3.940132577598301,-0.960598674224017,0.968021921979447,0.7898671096345515,-0.0398919715209309,0.8527971415739666,-0.41461796353934166,-0.07215109093563066,0.3007004669779853,1.0,test,3.2800000000000007,-3.425
expr_prior_up_2m__plus__expr_pm_mom_2m__q70,expr_prior_up_2m__plus__expr_pm_mom_2m,alphaforge_pair,2,0.7,321,58.06729795171154,-0.4193270204828846,0.5440345975109931,0.7819314641744548,-0.13063147055541582,0.8152273930370297,-0.41461796353934166,-0.07896952252892353,0.2593619972260749,1.0,latest72h,3.2800000000000007,-3.425
expr_prior_up_2m__plus__expr_pm_mom_2m__q70,expr_prior_up_2m__plus__expr_pm_mom_2m,alphaforge_pair,2,0.7,9293,0.0019418009207841046,-0.9999805819907922,0.9999879926915327,0.7941461314968256,-0.010760578736584389,0.900569395043239,-0.5089272794678907,-0.04865158285783133,0.3742831394396199,1.0,full,3.2800000000000007,-3.425
expr_prior_up_2m__plus__expr_pm_mom_2m__q75,expr_prior_up_2m__plus__expr_pm_mom_2m,alphaforge_pair,2,0.75,3655,2.834770285742328,-0.9716522971425767,0.9890060776083757,0.8213406292749658,-0.02658419417626746,0.9019674702122368,-0.4002478886797869,-0.01720277196971598,0.43406955661776825,1.0,train,4.114999999999999,-4.29125
expr_prior_up_2m__plus__expr_pm_mom_2m__q75,expr_prior_up_2m__plus__expr_pm_mom_2m,alphaforge_pair,2,0.75,2097,13.589376227970066,-0.8641062377202994,0.8942422643903812,0.8149737720553171,-0.04120678291465435,0.9022079486496866,-0.4986142064695157,-0.02859346045067168,0.41260840560373585,1.0,validation,4.114999999999999,-4.29125
expr_prior_up_2m__plus__expr_pm_mom_2m__q75,expr_prior_up_2m__plus__expr_pm_mom_2m,alphaforge_pair,2,0.75,2028,4.46670278291028,-0.9553329721708972,0.9635725456341041,0.8067061143984221,-0.04710714852913699,0.7940257099985413,-0.37579299671271293,-0.0671493061081222,0.31437625083388926,1.0,test,4.114999999999999,-4.29125
expr_prior_up_2m__plus__expr_pm_mom_2m__q75,expr_prior_up_2m__plus__expr_pm_mom_2m,alphaforge_pair,2,0.75,268,74.24873328587263,-0.25751266714127363,0.40551595486607855,0.8134328358208955,-0.09608681609749047,0.8524475498622424,-0.32887437342944625,-0.04082359737312413,0.39528432732316227,1.0,latest72h,4.114999999999999,-4.29125
expr_prior_up_2m__plus__expr_pm_mom_2m__q75,expr_prior_up_2m__plus__expr_pm_mom_2m,alphaforge_pair,2,0.75,7780,0.017206971899732183,-0.9998279302810027,0.9998934927784238,0.8158097686375322,-0.01285125874397174,0.9017839324597438,-0.4986142064695157,-0.03060902915125363,0.40058168114042275,1.0,full,4.114999999999999,-4.29125
expr_prior_up_2m__plus__expr_pm_mom_2m__q80,expr_prior_up_2m__plus__expr_pm_mom_2m,alphaforge_pair,2,0.8,2928,12.18398512769998,-0.8781601487230002,0.9226717047651414,0.8480191256830601,-0.029991808358025937,0.8470683971061342,-0.32099120808359427,-0.01606085579230998,0.4456073842096588,1.0,train,5.045,-5.265
expr_prior_up_2m__plus__expr_pm_mom_2m__q80,expr_prior_up_2m__plus__expr_pm_mom_2m,alphaforge_pair,2,0.8,1654,28.161647758723156,-0.7183835224127684,0.7953475241728873,0.841596130592503,-0.04343310292701176,0.9122577388650837,-0.3241685700536485,-0.013030133840742752,0.45280186791194127,1.0,validation,5.045,-5.265
expr_prior_up_2m__plus__expr_pm_mom_2m__q80,expr_prior_up_2m__plus__expr_pm_mom_2m,alphaforge_pair,2,0.8,1587,7.409886117204377,-0.9259011388279562,0.9343776798610032,0.8286074354127284,-0.058342856888970174,0.7450389006116687,-0.3024116228264434,-0.052102542502440785,0.31804536357571717,1.0,test,5.045,-5.265
expr_prior_up_2m__plus__expr_pm_mom_2m__q80,expr_prior_up_2m__plus__expr_pm_mom_2m,alphaforge_pair,2,0.8,215,75.63603108246582,-0.24363968917534184,0.31089544669847424,0.8325581395348837,-0.11332078566295047,0.810354190544535,-0.1858749459626643,-0.056920955570463616,0.34396671289875175,1.0,latest72h,5.045,-5.265
expr_prior_up_2m__plus__expr_pm_mom_2m__q80,expr_prior_up_2m__plus__expr_pm_mom_2m,alphaforge_pair,2,0.8,6169,0.2542488256616996,-0.997457511743383,0.9976963668372937,0.8413032906467823,-0.016168868726590742,0.8546898907740985,-0.3241685700536485,-0.02409712708098688,0.41733573652302147,1.0,full,5.045,-5.265
expr_prior_up_2m__plus__expr_pm_mom_2m__q85,expr_prior_up_2m__plus__expr_pm_mom_2m,alphaforge_pair,2,0.85,2185,49.97363488120236,-0.5002636511879764,0.6944103297271194,0.8782608695652174,-0.02289536161043358,0.9151980441068,-0.299376608924796,-0.004265847896710362,0.4833525630459865,1.0,train,6.096499999999997,-6.224999999999999
expr_prior_up_2m__plus__expr_pm_mom_2m__q85,expr_prior_up_2m__plus__expr_pm_mom_2m,alphaforge_pair,2,0.85,1178,42.589414453205215,-0.5741058554679479,0.6523487583883025,0.866723259762309,-0.04873564138098012,0.891833643330927,-0.23475223027717873,-0.017537585518037302,0.40260173448965975,1.0,validation,6.096499999999997,-6.224999999999999
expr_prior_up_2m__plus__expr_pm_mom_2m__q85,expr_prior_up_2m__plus__expr_pm_mom_2m,alphaforge_pair,2,0.85,1153,19.153118216688316,-0.8084688178331169,0.8182815258807414,0.8560277536860365,-0.07011871793869152,0.7567554839861665,-0.2768522689459012,-0.027785893386638394,0.3594062708472315,1.0,test,6.096499999999997,-6.224999999999999
expr_prior_up_2m__plus__expr_pm_mom_2m__q85,expr_prior_up_2m__plus__expr_pm_mom_2m,alphaforge_pair,2,0.85,158,73.0538901323457,-0.269461098676543,0.35073150557813615,0.8417721518987342,-0.1705449991623686,0.7026679643918218,-0.2010038020390934,-0.05032538950856247,0.21914008321775313,1.0,latest72h,6.096499999999997,-6.224999999999999
expr_prior_up_2m__plus__expr_pm_mom_2m__q85,expr_prior_up_2m__plus__expr_pm_mom_2m,alphaforge_pair,2,0.85,4516,4.07644979330154,-0.9592355020669846,0.9619054755677181,0.8695748449955713,-0.021240821569242244,0.8963997339268368,-0.299376608924796,-0.012991902066207928,0.43327052269375715,1.0,full,6.096499999999997,-6.224999999999999
expr_prior_up_2m__plus__expr_pm_mom_2m__q90,expr_prior_up_2m__plus__expr_pm_mom_2m,alphaforge_pair,2,0.9,1435,86.37139810336615,-0.13628601896633852,0.39324468651747496,0.9066202090592335,-0.00949728355166035,0.9716000336426868,-0.20880476775964962,0.0036250485878726035,0.5262073512444371,1.0,train,7.134999999999999,-7.305
expr_prior_up_2m__plus__expr_pm_mom_2m__q90,expr_prior_up_2m__plus__expr_pm_mom_2m,alphaforge_pair,2,0.9,753,53.154740808257785,-0.46845259191742217,0.532778664348007,0.8897742363877822,-0.062211499590626544,0.8397358432457919,-0.16280140100458662,-0.010906063377921438,0.4269513008672448,1.0,validation,7.134999999999999,-7.305
expr_prior_up_2m__plus__expr_pm_mom_2m__q90,expr_prior_up_2m__plus__expr_pm_mom_2m,alphaforge_pair,2,0.9,789,38.93618411728078,-0.6106381588271922,0.6164250021916479,0.8795944233206591,-0.07739393647999805,0.7810113075739326,-0.23519701294289863,-0.014102376442203024,0.3767511674449633,1.0,test,7.134999999999999,-7.305
expr_prior_up_2m__plus__expr_pm_mom_2m__q90,expr_prior_up_2m__plus__expr_pm_mom_2m,alphaforge_pair,2,0.9,102,76.62443981896298,-0.23375560181037014,0.3384411405917172,0.8529411764705882,-0.22917215863761722,0.5904896867755517,-0.23519701294289863,-0.03673055865561725,0.3828016643550624,1.0,latest72h,7.134999999999999,-7.305
expr_prior_up_2m__plus__expr_pm_mom_2m__q90,expr_prior_up_2m__plus__expr_pm_mom_2m,alphaforge_pair,2,0.9,2977,17.8757940035446,-0.821242059964554,0.8440663964485744,0.8951965065502183,-0.027586229760313594,0.9045471044262096,-0.23519701294289863,-0.005003512955978506,0.464443716205145,1.0,full,7.134999999999999,-7.305
expr_prior_up_2m__plus__expr_pm_mom_2m__q95,expr_prior_up_2m__plus__expr_pm_mom_2m,alphaforge_pair,2,0.95,640,71.21024790148788,-0.2878975209851212,0.3265205732898807,0.91875,-0.044983987653925674,0.8366724465710931,-0.09931469539737792,0.0047137954701443885,0.5216746332619087,1.0,train,8.254999999999999,-8.594999999999999
expr_prior_up_2m__plus__expr_pm_mom_2m__q95,expr_prior_up_2m__plus__expr_pm_mom_2m,alphaforge_pair,2,0.95,336,79.68781611862647,-0.20312183881373524,0.33713443743702154,0.9166666666666666,-0.06045292821837391,0.8185837979966056,-0.13343960558131607,-0.002621760419983632,0.48749166110740494,0.9941627751834556,validation,8.254999999999999,-8.594999999999999
expr_prior_up_2m__plus__expr_pm_mom_2m__q95,expr_prior_up_2m__plus__expr_pm_mom_2m,alphaforge_pair,2,0.95,330,89.60056811850583,-0.1039943188149417,0.21467774432151515,0.9181818181818182,-0.03151342994392163,0.907365050874899,-0.0922095597064646,0.009168265832344424,0.5538692461641094,1.0,test,8.254999999999999,-8.594999999999999
expr_prior_up_2m__plus__expr_pm_mom_2m__q95,expr_prior_up_2m__plus__expr_pm_mom_2m,alphaforge_pair,2,0.95,52,89.6685415439761,-0.10331458456023901,0.1425100824762436,0.8846153846153846,-0.19868189338507522,0.5692163718830434,-0.0922095597064646,-0.0065490781674513165,0.42163661581137307,1.0,latest72h,8.254999999999999,-8.594999999999999
expr_prior_up_2m__plus__expr_pm_mom_2m__q95,expr_prior_up_2m__plus__expr_pm_mom_2m,alphaforge_pair,2,0.95,1306,50.844641083109124,-0.4915535891689088,0.49958295965140337,0.9180704441041347,-0.037638100242642615,0.8462475819116023,-0.13343960558131607,0.005506090080744874,0.5205636572177618,0.9985662788792398,full,8.254999999999999,-8.594999999999999
expr_btc_2m__plus__expr_pm_mom_2m__q70,expr_btc_2m__plus__expr_pm_mom_2m,alphaforge_pair,2,0.7,4364,1.2568678169690737,-0.9874313218303092,0.9955086326162812,0.7988084326306141,-0.022626748896203162,0.9235225144236424,-0.4640566271660377,-0.03717435532245972,0.3936871600461513,1.0,train,3.4863800000000476,-3.7217599999998336
expr_btc_2m__plus__expr_pm_mom_2m__q70,expr_btc_2m__plus__expr_pm_mom_2m,alphaforge_pair,2,0.7,2537,7.008309824623242,-0.9299169017537676,0.9376788728321309,0.7914860070949941,-0.03665419399896599,0.8892712555649827,-0.5089272794678907,-0.040780390345002304,0.39826551034022684,1.0,validation,3.4863800000000476,-3.7217599999998336
expr_btc_2m__plus__expr_pm_mom_2m__q70,expr_btc_2m__plus__expr_pm_mom_2m,alphaforge_pair,2,0.7,2365,3.777731689465609,-0.9622226831053439,0.9705071925156231,0.7911205073995772,-0.040685948545680556,0.8544788879301026,-0.3898586024805828,-0.08025591046034841,0.30220146764509676,1.0,test,3.4863800000000476,-3.7217599999998336
expr_btc_2m__plus__expr_pm_mom_2m__q70,expr_btc_2m__plus__expr_pm_mom_2m,alphaforge_pair,2,0.7,312,66.76815036682586,-0.3323184963317414,0.49567197416267844,0.7916666666666666,-0.10651233856786593,0.8490663238462632,-0.3898586024805828,-0.05145407185672801,0.32038834951456313,1.0,latest72h,3.4863800000000476,-3.7217599999998336
expr_btc_2m__plus__expr_pm_mom_2m__q70,expr_btc_2m__plus__expr_pm_mom_2m,alphaforge_pair,2,0.7,9266,0.003327622162768815,-0.9999667237783723,0.9999824468772849,0.7948413554932009,-0.010791784197910308,0.9232140176062846,-0.5089272794678907,-0.048356503602946466,0.3739963952154678,1.0,full,3.4863800000000476,-3.7217599999998336
expr_btc_2m__plus__expr_pm_mom_2m__q75,expr_btc_2m__plus__expr_pm_mom_2m,alphaforge_pair,2,0.75,3654,4.018847453866686,-0.9598115254613332,0.9802791630661033,0.8210180623973727,-0.026267419963364295,0.9126606220462313,-0.4681626254922153,-0.014601779872728426,0.4587110598318774,1.0,train,4.526400000000139,-4.650899999999819
expr_btc_2m__plus__expr_pm_mom_2m__q75,expr_btc_2m__plus__expr_pm_mom_2m,alphaforge_pair,2,0.75,2077,17.016163875722953,-0.8298383612427704,0.8811541406865604,0.8175252768415985,-0.039953700589444946,0.9159718581090397,-0.4914711759863418,-0.022614479415606348,0.4359573048699133,1.0,validation,4.526400000000139,-4.650899999999819
expr_btc_2m__plus__expr_pm_mom_2m__q75,expr_btc_2m__plus__expr_pm_mom_2m,alphaforge_pair,2,0.75,1968,6.565682522465181,-0.9343431747753482,0.9472906771407954,0.8125,-0.04747678733614578,0.8228366954455927,-0.36349891576162174,-0.05927564380402911,0.31687791861240827,1.0,test,4.526400000000139,-4.650899999999819
expr_btc_2m__plus__expr_pm_mom_2m__q75,expr_btc_2m__plus__expr_pm_mom_2m,alphaforge_pair,2,0.75,256,73.34180510103727,-0.2665819489896273,0.3895900126261256,0.81640625,-0.10413357382407425,0.8339003115142292,-0.29231733017573025,-0.0511221126264465,0.3828016643550624,1.0,latest72h,4.526400000000139,-4.650899999999819
expr_btc_2m__plus__expr_pm_mom_2m__q75,expr_btc_2m__plus__expr_pm_mom_2m,alphaforge_pair,2,0.75,7699,0.04489966080279318,-0.9995510033919721,0.9996912148733614,0.8178984283673204,-0.01298286794898,0.9124920606009096,-0.4914711759863418,-0.02955486274253577,0.41893331148615437,1.0,full,4.526400000000139,-4.650899999999819
expr_btc_2m__plus__expr_pm_mom_2m__q80,expr_btc_2m__plus__expr_pm_mom_2m,alphaforge_pair,2,0.8,2940,19.96723121059995,-0.8003276878940004,0.8802102072497597,0.8479591836734693,-0.027222030200476192,0.8967462598001176,-0.39324330700282917,-0.006274805507701098,0.4701664743695401,1.0,train,5.552680000000109,-5.74979999999993
expr_btc_2m__plus__expr_pm_mom_2m__q80,expr_btc_2m__plus__expr_pm_mom_2m,alphaforge_pair,2,0.8,1621,19.886298943082465,-0.8011370105691753,0.8521048124269588,0.838371375694016,-0.04942239423622327,0.8784462066407847,-0.389790690533131,-0.02335620655308407,0.433288859239493,1.0,validation,5.552680000000109,-5.74979999999993
expr_btc_2m__plus__expr_pm_mom_2m__q80,expr_btc_2m__plus__expr_pm_mom_2m,alphaforge_pair,2,0.8,1506,9.034839968770624,-0.9096516003122938,0.9190409325835842,0.8326693227091634,-0.06040183269005934,0.7444715223943564,-0.3085577759292941,-0.039460263003504414,0.32921947965310205,1.0,test,5.552680000000109,-5.74979999999993
expr_btc_2m__plus__expr_pm_mom_2m__q80,expr_btc_2m__plus__expr_pm_mom_2m,alphaforge_pair,2,0.8,197,68.28392702940191,-0.31716072970598086,0.3626269310458198,0.8274111675126904,-0.1609952942669958,0.7230283016203539,-0.2281464825970605,-0.07824518261637903,0.26768377253814146,1.0,latest72h,5.552680000000109,-5.74979999999993
expr_btc_2m__plus__expr_pm_mom_2m__q80,expr_btc_2m__plus__expr_pm_mom_2m,alphaforge_pair,2,0.8,6067,0.35875030174959155,-0.9964124969825041,0.9966662220792397,0.8416021097741883,-0.01642347942941329,0.8917934618296042,-0.39324330700282917,-0.01825585155034265,0.42716696706537766,1.0,full,5.552680000000109,-5.74979999999993
expr_btc_2m__plus__expr_pm_mom_2m__q85,expr_btc_2m__plus__expr_pm_mom_2m,alphaforge_pair,2,0.85,2196,69.39412648594764,-0.3060587351405236,0.6298924856467771,0.8779599271402551,-0.013937100871608349,0.9607797549055959,-0.31823969754291936,0.002854103722243595,0.5161529586286467,1.0,train,6.737270000000119,-6.863230000000056
expr_btc_2m__plus__expr_pm_mom_2m__q85,expr_btc_2m__plus__expr_pm_mom_2m,alphaforge_pair,2,0.85,1158,35.127349346645715,-0.6487265065335428,0.7159890297986856,0.8644214162348878,-0.0560212872654182,0.869288561980544,-0.23998504891672845,-0.018303285316609463,0.3989326217478319,1.0,validation,6.737270000000119,-6.863230000000056
expr_btc_2m__plus__expr_pm_mom_2m__q85,expr_btc_2m__plus__expr_pm_mom_2m,alphaforge_pair,2,0.85,1070,32.89284231392971,-0.671071576860703,0.6817588411368302,0.8682242990654205,-0.0627169698000651,0.81240272043954,-0.2227883731027428,-0.013279642531557667,0.4056037358238826,1.0,test,6.737270000000119,-6.863230000000056
expr_btc_2m__plus__expr_pm_mom_2m__q85,expr_btc_2m__plus__expr_pm_mom_2m,alphaforge_pair,2,0.85,143,74.28774238638496,-0.2571225761361504,0.32073876000480456,0.8461538461538461,-0.1798059972980067,0.6763031696151758,-0.20877801865238566,-0.04078763682177178,0.27461858529819694,1.0,latest72h,6.737270000000119,-6.863230000000056
expr_btc_2m__plus__expr_pm_mom_2m__q85,expr_btc_2m__plus__expr_pm_mom_2m,alphaforge_pair,2,0.85,4424,8.018063590634691,-0.9198193640936531,0.9362221009690679,0.8720614828209765,-0.020791576946058928,0.9241050513957789,-0.31823969754291936,-0.007258062348561967,0.4600196624610847,1.0,full,6.737270000000119,-6.863230000000056
expr_btc_2m__plus__expr_pm_mom_2m__q90,expr_btc_2m__plus__expr_pm_mom_2m,alphaforge_pair,2,0.9,1444,120.71432472184812,0.2071432472184811,0.29296523337279673,0.9058171745152355,0.014345100222887094,1.035846296825036,-0.21199971836396414,0.007926158316569287,0.5603263556947421,1.0,train,7.921660000000004,-8.142879999999975
expr_btc_2m__plus__expr_pm_mom_2m__q90,expr_btc_2m__plus__expr_pm_mom_2m,alphaforge_pair,2,0.9,733,56.05380408574172,-0.4394619591425828,0.4902985092409795,0.8908594815825375,-0.059953882556968555,0.8425420277715394,-0.15346727788249603,-0.00978428317500657,0.4086057371581054,1.0,validation,7.921660000000004,-8.142879999999975
expr_btc_2m__plus__expr_pm_mom_2m__q90,expr_btc_2m__plus__expr_pm_mom_2m,alphaforge_pair,2,0.9,698,67.45807958575355,-0.3254192041424645,0.3776381332047475,0.8968481375358166,-0.04662166248459297,0.8744875415111921,-0.1577769881864559,-0.00666777268863239,0.44746497665110074,1.0,test,7.921660000000004,-8.142879999999975
expr_btc_2m__plus__expr_pm_mom_2m__q90,expr_btc_2m__plus__expr_pm_mom_2m,alphaforge_pair,2,0.9,83,82.80567472774283,-0.17194325272257172,0.25696704930623065,0.8674698795180723,-0.20716054544888182,0.6040687465867234,-0.14757009454790082,-0.03683416030951936,0.4077669902912621,1.0,latest72h,7.921660000000004,-8.142879999999975
expr_btc_2m__plus__expr_pm_mom_2m__q90,expr_btc_2m__plus__expr_pm_mom_2m,alphaforge_pair,2,0.9,2875,45.64549004485469,-0.543545099551453,0.6830266140566229,0.8998260869565218,-0.018905916506137044,0.9501432167751906,-0.21199971836396414,-0.0009739131898994224,0.4942651155169589,1.0,full,7.921660000000004,-8.142879999999975
expr_btc_2m__plus__expr_pm_mom_2m__q95,expr_btc_2m__plus__expr_pm_mom_2m,alphaforge_pair,2,0.95,640,96.2010272850679,-0.03798972714932103,0.25856136476414654,0.91875,-0.005935894867081548,0.9818386296726169,-0.10548904729894226,0.006350482126888046,0.554475028844569,0.9499752760837317,train,9.567859999999985,-9.918270000000062
expr_btc_2m__plus__expr_pm_mom_2m__q95,expr_btc_2m__plus__expr_pm_mom_2m,alphaforge_pair,2,0.95,286,74.78085742264987,-0.2521914257735013,0.29138179532292063,0.9090909090909091,-0.08817882020052537,0.7428396671826398,-0.11463193294547291,0.0021276595744681437,0.5150100066711141,0.980653769179453,validation,9.567859999999985,-9.918270000000062
expr_btc_2m__plus__expr_pm_mom_2m__q95,expr_btc_2m__plus__expr_pm_mom_2m,alphaforge_pair,2,0.95,194,100.9042813431732,0.009042813431731966,0.09989947154936003,0.9329896907216495,0.004661244036974483,1.0167969968165171,-0.0753129707657193,0.0063965691609761954,0.6989659773182122,0.9431287525016678,test,9.567859999999985,-9.918270000000062
expr_btc_2m__plus__expr_pm_mom_2m__q95,expr_btc_2m__plus__expr_pm_mom_2m,alphaforge_pair,2,0.95,20,105.08590415967956,0.05085904159679555,0.0,1.0,0.2542952079839769,,0.0,0.011042497189466927,0.941747572815534,0.941747572815534,latest72h,9.567859999999985,-9.918270000000062
expr_btc_2m__plus__expr_pm_mom_2m__q95,expr_btc_2m__plus__expr_pm_mom_2m,alphaforge_pair,2,0.95,1120,72.59049262691843,-0.27409507373081565,0.42063926498333687,0.91875,-0.02447277444025162,0.9199138955052792,-0.11463193294547291,0.005167950052029413,0.5777896116663935,0.9545715222021957,full,9.567859999999985,-9.918270000000062
expr_btc_2m__plus__expr_prior_up_2m__q70,expr_btc_2m__plus__expr_prior_up_2m,alphaforge_pair,2,0.7,4404,10.766792332826135,-0.8923320766717386,0.9764769944217484,0.7990463215258855,-0.020261854601992133,0.9593795756135608,-0.49042100658087484,-0.01381165063609957,0.4640679083566837,1.0,train,0.5740000000000292,-0.586260000000213
expr_btc_2m__plus__expr_prior_up_2m__q70,expr_btc_2m__plus__expr_prior_up_2m,alphaforge_pair,2,0.7,2465,10.030003031120403,-0.899699969688796,0.9407788035176687,0.7935091277890467,-0.03649898457155374,0.918982957055696,-0.474927188794556,-0.04683709573414063,0.3787525016677785,1.0,validation,0.5740000000000292,-0.586260000000213
expr_btc_2m__plus__expr_prior_up_2m__q70,expr_btc_2m__plus__expr_prior_up_2m,alphaforge_pair,2,0.7,2104,11.010892576649674,-0.8898910742335032,0.9184845611244562,0.8070342205323194,-0.0422952031479802,0.8745520624437565,-0.34118603909738554,-0.05607246647875275,0.33288859239492996,1.0,test,0.5740000000000292,-0.586260000000213
expr_btc_2m__plus__expr_prior_up_2m__q70,expr_btc_2m__plus__expr_prior_up_2m,alphaforge_pair,2,0.7,257,89.73530475229423,-0.10264695247705768,0.35162237301021504,0.8249027237354085,-0.039940448434653386,0.9393537640108081,-0.23835858378796182,-0.007590872631022316,0.4798890429958391,1.0,latest72h,0.5740000000000292,-0.586260000000213
expr_btc_2m__plus__expr_prior_up_2m__q70,expr_btc_2m__plus__expr_prior_up_2m,alphaforge_pair,2,0.7,8973,0.1189076856876951,-0.998810923143123,0.9996185341165461,0.7993981945837513,-0.011131293025109979,0.9570216037612316,-0.49042100658087484,-0.033377376577240936,0.4115598885793872,1.0,full,0.5740000000000292,-0.586260000000213
expr_btc_2m__plus__expr_prior_up_2m__q75,expr_btc_2m__plus__expr_prior_up_2m,alphaforge_pair,2,0.75,3694,38.3059266375683,-0.616940733624317,0.9069237121862362,0.8221440173253926,-0.016701156838773986,0.9692744435722043,-0.4615571793820564,0.0008254373221452393,0.503131696060656,1.0,train,0.737300000000032,-0.7616500000000087
expr_btc_2m__plus__expr_prior_up_2m__q75,expr_btc_2m__plus__expr_prior_up_2m,alphaforge_pair,2,0.75,2020,14.377104189696476,-0.8562289581030352,0.9095932918920266,0.8123762376237624,-0.042387572183318706,0.9104241277851001,-0.46267289204817186,-0.037992131634881465,0.36791194129419613,1.0,validation,0.737300000000032,-0.7616500000000087
expr_btc_2m__plus__expr_prior_up_2m__q75,expr_btc_2m__plus__expr_prior_up_2m,alphaforge_pair,2,0.75,1678,21.685162296302067,-0.7831483770369794,0.8287380803571597,0.8301549463647199,-0.046671536176220385,0.8594081153004566,-0.3299242949379946,-0.03201384763296361,0.3685790527018012,1.0,test,0.737300000000032,-0.7616500000000087
expr_btc_2m__plus__expr_prior_up_2m__q75,expr_btc_2m__plus__expr_prior_up_2m,alphaforge_pair,2,0.75,198,88.99122891361414,-0.1100877108638586,0.2756011328556475,0.8434343434343434,-0.055599853971646636,0.9066914553523313,-0.22333423469412728,-0.0054966977871788725,0.46879334257975036,1.0,latest72h,0.737300000000032,-0.7616500000000087
expr_btc_2m__plus__expr_prior_up_2m__q75,expr_btc_2m__plus__expr_prior_up_2m,alphaforge_pair,2,0.75,7392,1.1942632530911805,-0.9880573674690882,0.9954563955563975,0.82129329004329,-0.01336657694086962,0.9589120902279764,-0.46267289204817186,-0.019801804395159883,0.43753072259544484,1.0,full,0.737300000000032,-0.7616500000000087
expr_btc_2m__plus__expr_prior_up_2m__q80,expr_btc_2m__plus__expr_prior_up_2m,alphaforge_pair,2,0.8,2991,32.85447896742394,-0.6714552103257606,0.876678075304639,0.8385155466399198,-0.022449187907915596,0.9438768746494266,-0.4903029020371428,-0.0033237834451517734,0.4866490852150981,1.0,train,0.9450400000000374,-0.9550000000000001
expr_btc_2m__plus__expr_prior_up_2m__q80,expr_btc_2m__plus__expr_prior_up_2m,alphaforge_pair,2,0.8,1550,27.084637191913895,-0.729153628080861,0.8004662542651821,0.8361290322580646,-0.04704216955360397,0.8988291208578076,-0.4527267395562946,-0.00770151682004494,0.4721480987324883,1.0,validation,0.9450400000000374,-0.9550000000000001
expr_btc_2m__plus__expr_prior_up_2m__q80,expr_btc_2m__plus__expr_prior_up_2m,alphaforge_pair,2,0.8,1236,45.09109118086273,-0.5490890881913726,0.5997524352072414,0.8567961165048543,-0.04442468351062847,0.9070704849265847,-0.27893711434428925,-0.013567914208547027,0.4137758505670447,1.0,test,0.9450400000000374,-0.9550000000000001
expr_btc_2m__plus__expr_prior_up_2m__q80,expr_btc_2m__plus__expr_prior_up_2m,alphaforge_pair,2,0.8,144,66.96172968607694,-0.3303827031392307,0.3584757772074343,0.8263888888888888,-0.22943243273557734,0.6067804339640113,-0.15394009592437896,-0.0774212673176673,0.11095700416088766,1.0,latest72h,0.9450400000000374,-0.9550000000000001
expr_btc_2m__plus__expr_prior_up_2m__q80,expr_btc_2m__plus__expr_prior_up_2m,alphaforge_pair,2,0.8,5777,4.012438157024195,-0.9598756184297581,0.9754738499032506,0.8417863943223126,-0.01661546855512813,0.9353950682481448,-0.4903029020371428,-0.008819678075762671,0.46600032770768474,1.0,full,0.9450400000000374,-0.9550000000000001
expr_btc_2m__plus__expr_prior_up_2m__q85,expr_btc_2m__plus__expr_prior_up_2m,alphaforge_pair,2,0.85,2255,99.23815910323025,-0.007618408967697499,0.5782416189597337,0.8620842572062084,-0.00033784518703746394,0.999444542389217,-0.43636591176893724,0.008838169919499927,0.5422778968188561,1.0,train,1.1712899999999498,-1.2126600000001053
expr_btc_2m__plus__expr_prior_up_2m__q85,expr_btc_2m__plus__expr_prior_up_2m,alphaforge_pair,2,0.85,1083,29.88898974172864,-0.7011101025827136,0.7539444824951167,0.853185595567867,-0.0647377749383853,0.832498649602638,-0.28680733463933517,-0.01193660903976812,0.44112741827885255,1.0,validation,1.1712899999999498,-1.2126600000001053
expr_btc_2m__plus__expr_prior_up_2m__q85,expr_btc_2m__plus__expr_prior_up_2m,alphaforge_pair,2,0.85,846,72.09040830017945,-0.2790959169982056,0.38146971385291084,0.8806146572104019,-0.0329900611108984,0.9176607063596398,-0.20079759176895828,0.003043478260869481,0.5203468979319547,0.997498332221481,test,1.1712899999999498,-1.2126600000001053
expr_btc_2m__plus__expr_prior_up_2m__q85,expr_btc_2m__plus__expr_prior_up_2m,alphaforge_pair,2,0.85,86,87.51874791005307,-0.12481252089946937,0.17976305957383848,0.872093023255814,-0.1451308382551975,0.7081619035840883,-0.1110952860762624,-0.021378631269099002,0.2829403606102635,1.0,latest72h,1.1712899999999498,-1.2126600000001053
expr_btc_2m__plus__expr_prior_up_2m__q85,expr_btc_2m__plus__expr_prior_up_2m,alphaforge_pair,2,0.85,4184,21.38294016180365,-0.7861705983819636,0.8990098257347104,0.863527724665392,-0.018789928259607066,0.9583480436161991,-0.43636591176893724,0.002667607615264078,0.5115516958872686,0.9993855480911027,full,1.1712899999999498,-1.2126600000001053
expr_btc_2m__plus__expr_prior_up_2m__q90,expr_btc_2m__plus__expr_prior_up_2m,alphaforge_pair,2,0.9,1452,241.65753693168327,1.4165753693168326,0.4321745423353511,0.8891184573002755,0.09756028714303257,1.1070786009705342,-0.41889218029857433,0.012083730379504942,0.6361463655843086,0.9892038898961596,train,1.498599999999875,-1.5635399999999646
expr_btc_2m__plus__expr_prior_up_2m__q90,expr_btc_2m__plus__expr_prior_up_2m,alphaforge_pair,2,0.9,652,31.638019395633865,-0.6836198060436613,0.7225949099028168,0.8588957055214724,-0.10484966350362895,0.6852092965146476,-0.25369457598963596,-0.006948631722542342,0.46464309539693127,0.9908272181454303,validation,1.498599999999875,-1.5635399999999646
expr_btc_2m__plus__expr_prior_up_2m__q90,expr_btc_2m__plus__expr_prior_up_2m,alphaforge_pair,2,0.9,472,111.9861117867035,0.11986111786703502,0.20955718279315164,0.9110169491525424,0.02539430463284692,1.0724875788773711,-0.15840059780583005,0.006136170212766023,0.6125750500333556,0.9583055370246831,test,1.498599999999875,-1.5635399999999646
expr_btc_2m__plus__expr_prior_up_2m__q90,expr_btc_2m__plus__expr_prior_up_2m,alphaforge_pair,2,0.9,39,115.94996231548743,0.1594996231548742,0.0,1.0,0.40897339270480504,,0.0016842105263157325,0.02465918094122932,1.0,1.0,latest72h,1.498599999999875,-1.5635399999999646
expr_btc_2m__plus__expr_prior_up_2m__q90,expr_btc_2m__plus__expr_prior_up_2m,alphaforge_pair,2,0.9,2576,85.61971908919561,-0.14380280910804388,0.8072654475616302,0.8854813664596274,-0.005582407185871329,0.9927157174896619,-0.41889218029857433,0.0071832921230303715,0.5853678518761265,0.9815664427330821,full,1.498599999999875,-1.5635399999999646
expr_btc_2m__plus__expr_prior_up_2m__q95,expr_btc_2m__plus__expr_prior_up_2m,alphaforge_pair,2,0.95,637,184.75660177294034,0.8475660177294033,0.24083003821135696,0.9058084772370487,0.1330558897534385,1.2144769368420458,-0.21959365095184147,0.002402620420250856,0.5760672490522499,0.8462172408109444,train,2.1017900000000345,-2.276820000000211
expr_btc_2m__plus__expr_prior_up_2m__q95,expr_btc_2m__plus__expr_prior_up_2m,alphaforge_pair,2,0.95,221,81.89965730392133,-0.18100342696078675,0.23571748619412833,0.8914027149321267,-0.08190200314967727,0.799969113182227,-0.10195774074279529,0.0,0.4553035356904603,0.7931954636424283,validation,2.1017900000000345,-2.276820000000211
expr_btc_2m__plus__expr_prior_up_2m__q95,expr_btc_2m__plus__expr_prior_up_2m,alphaforge_pair,2,0.95,113,84.67664005116953,-0.15323359948830473,0.2084912448837152,0.8938053097345132,-0.13560495529938535,0.6726434928363179,-0.07212202876887308,0.0021276595744681437,0.5411941294196131,0.7593395597064709,test,2.1017900000000345,-2.276820000000211
expr_btc_2m__plus__expr_prior_up_2m__q95,expr_btc_2m__plus__expr_prior_up_2m,alphaforge_pair,2,0.95,10,102.67931214925493,0.0267931214925492,0.0,1.0,0.26793121492548944,,0.0,0.007830715341545336,0.6768377253814147,0.6768377253814147,latest72h,2.1017900000000345,-2.276820000000211
expr_btc_2m__plus__expr_prior_up_2m__q95,expr_btc_2m__plus__expr_prior_up_2m,alphaforge_pair,2,0.95,971,128.12847796044352,0.2812847796044351,0.4444730421673479,0.9011328527291452,0.028968566385626504,1.0444234483415475,-0.21959365095184147,0.0016842105263157325,0.5310912665902016,0.8106668851384565,full,2.1017900000000345,-2.276820000000211
