selected_by_validation,strategy,trades,ending_bankroll,total_return,max_drawdown,win_rate,profit_factor,worst_144_return,median_144_return,positive_144_rate,active_144_rate,worst_864_return,median_864_return,positive_864_rate,active_864_rate,split,family
classic_breakout_up,classic_breakout_up,28,110.1605766620911,0.10160576662091092,0.0810673049200502,0.8571428571428571,1.458951407003773,-0.05072266496867228,0.007558139534883823,0.7050298380221653,0.9258312020460358,0.012085780891538,0.06851596494129075,1.0,1.0,train,classic_quant
classic_breakout_up,classic_breakout_up,12,117.55899025357827,0.17558990253578277,0.05084745762711863,0.8333333333333334,2.5482208832054662,-0.011370950439819838,0.06000000000000005,0.7165048543689321,0.7436893203883496,,,,,validation,classic_quant
classic_breakout_up,classic_breakout_up,8,108.48653783692065,0.08486537836920638,0.018151884909977815,0.875,5.5160375888253705,-0.007242461408977663,0.008928571428571397,0.7766990291262136,0.8038834951456311,,,,,test,classic_quant
classic_breakout_up,classic_breakout_up,48,141.08577644922613,0.4108577644922613,0.0810673049200502,0.8541666666666666,2.1252792702653425,-0.05072266496867228,0.009638554216867545,0.6677380474085979,0.7999196464443552,0.012085780891538,0.10610065355832043,1.0,1.0,full,classic_quant
classic_breakout_up,classic_breakout_up,9,115.11606858630589,0.15116068586305875,0.017124419726394165,0.8888888888888888,9.043884943755788,-0.00620357994557641,0.006990528995969747,0.6047156726768377,0.624133148404993,0.15116068586305875,0.15116068586305875,1.0,1.0,latest72h,classic_quant
