fold_id,candidate,family,train_runs,validation_run,test_run,selected_config_id,selected_q_threshold,selected_hi_value,selected_lo_value,validation_score,validation_return,validation_trades,validation_fill_rate,delay_seconds,max_spread,max_overround,min_depth,max_adverse_slippage,fixed_slippage,fraction
1,classic_early_drop_down,classic_microstructure,"24949259015_attempt1,24952032748_attempt1,24986940107_attempt1",25044896828_attempt1,25100490855_attempt1,d8_sp40_ov30_dep100_adv15_fix25_f100,,,,0.9332031249999999,0.02110127206707424,16,0.37681159420289856,8,0.04,0.03,100.0,0.015,0.0025,0.01
1,btc2_path_eff,alphaforge_interaction,"24949259015_attempt1,24952032748_attempt1,24986940107_attempt1",25044896828_attempt1,25100490855_attempt1,d8_sp40_ov30_dep100_adv15_fix25_f100,0.85,0.2721605782035938,-0.2360531323735426,0.9225260416666666,0.020729653329317088,16,0.3181818181818182,8,0.04,0.03,100.0,0.015,0.0025,0.01
1,size_imbalance_uncertainty,alphaforge_interaction,"24949259015_attempt1,24952032748_attempt1,24986940107_attempt1",25044896828_attempt1,25100490855_attempt1,d8_sp40_ov30_dep300_adv5_fix25_f100,0.9,0.5173750981079759,-0.5601522396464513,0.8728515625,0.023455706995556547,9,0.13846153846153847,8,0.04,0.03,300.0,0.005,0.0025,0.01
2,classic_early_drop_down,classic_microstructure,"24949259015_attempt1,24952032748_attempt1,24986940107_attempt1,25044896828_attempt1",25100490855_attempt1,25157440693_attempt1,d4_sp40_ov30_dep300_adv5_fix25_f100,,,,0.8769531249999999,0.013679610006365195,9,0.19148936170212766,4,0.04,0.03,300.0,0.005,0.0025,0.01
2,btc2_path_eff,alphaforge_interaction,"24949259015_attempt1,24952032748_attempt1,24986940107_attempt1,25044896828_attempt1",25100490855_attempt1,25157440693_attempt1,d4_sp40_ov30_dep100_adv15_fix25_f100,0.85,0.2607274550011046,-0.23001755496943704,0.8361607142857144,0.01715476180856168,14,0.35,4,0.04,0.03,100.0,0.015,0.0025,0.01
2,size_imbalance_uncertainty,alphaforge_interaction,"24949259015_attempt1,24952032748_attempt1,24986940107_attempt1,25044896828_attempt1",25100490855_attempt1,25157440693_attempt1,d8_sp40_ov30_dep100_adv5_fix25_f100,0.95,0.6822647863991664,-0.7017889606028253,0.853794642857143,0.006859243754583799,6,0.47058823529411764,8,0.04,0.03,100.0,0.005,0.0025,0.01
3,classic_early_drop_down,classic_microstructure,"24949259015_attempt1,24952032748_attempt1,24986940107_attempt1,25044896828_attempt1,25100490855_attempt1",25157440693_attempt1,25208977834_attempt1,d8_sp40_ov30_dep100_adv15_fix25_f100,,,,0.749609375,0.028184423083414956,13,0.37254901960784315,8,0.04,0.03,100.0,0.015,0.0025,0.01
3,btc2_path_eff,alphaforge_interaction,"24949259015_attempt1,24952032748_attempt1,24986940107_attempt1,25044896828_attempt1,25100490855_attempt1",25157440693_attempt1,25208977834_attempt1,d8_sp60_ov30_dep100_adv15_fix25_f200,0.9,0.36784170032948177,-0.3237942523339369,0.8015624999999998,0.030410055599171537,17,0.37037037037037035,8,0.06,0.03,100.0,0.015,0.0025,0.02
3,size_imbalance_uncertainty,alphaforge_interaction,"24949259015_attempt1,24952032748_attempt1,24986940107_attempt1,25044896828_attempt1,25100490855_attempt1",25157440693_attempt1,25208977834_attempt1,d8_sp40_ov30_dep100_adv5_fix25_f100,0.95,0.6775947102309781,-0.6936936508081002,0.8988839285714285,0.0007004054053396658,6,0.44,8,0.04,0.03,100.0,0.005,0.0025,0.01
4,classic_early_drop_down,classic_microstructure,"24949259015_attempt1,24952032748_attempt1,24986940107_attempt1,25044896828_attempt1,25100490855_attempt1,25157440693_attempt1",25208977834_attempt1,25247789591_attempt1,d8_sp40_ov30_dep100_adv5_fix25_f100,,,,0.8075892857142857,0.014115064283447776,8,0.27586206896551724,8,0.04,0.03,100.0,0.005,0.0025,0.01
4,btc2_path_eff,alphaforge_interaction,"24949259015_attempt1,24952032748_attempt1,24986940107_attempt1,25044896828_attempt1,25100490855_attempt1,25157440693_attempt1",25208977834_attempt1,25247789591_attempt1,d4_sp40_ov30_dep100_adv15_fix25_f200,0.85,0.25546689240314197,-0.21870777416844062,0.7447010869565217,0.06732186051391009,17,0.410958904109589,4,0.04,0.03,100.0,0.015,0.0025,0.02
4,size_imbalance_uncertainty,alphaforge_interaction,"24949259015_attempt1,24952032748_attempt1,24986940107_attempt1,25044896828_attempt1,25100490855_attempt1,25157440693_attempt1",25208977834_attempt1,25247789591_attempt1,d8_sp40_ov30_dep100_adv15_fix25_f100,0.9,0.5560119511075292,-0.5542233611501549,0.8455078124999998,0.06567021420076968,19,0.4426229508196721,8,0.04,0.03,100.0,0.015,0.0025,0.01
5,classic_early_drop_down,classic_microstructure,"24949259015_attempt1,24952032748_attempt1,24986940107_attempt1,25044896828_attempt1,25100490855_attempt1,25157440693_attempt1,25208977834_attempt1",25247789591_attempt1,25274678535_attempt1,d4_sp40_ov30_dep300_adv15_fix25_f100,,,,0.8886718749999999,0.013366165640111616,8,0.18604651162790697,4,0.04,0.03,300.0,0.015,0.0025,0.01
5,btc2_path_eff,alphaforge_interaction,"24949259015_attempt1,24952032748_attempt1,24986940107_attempt1,25044896828_attempt1,25100490855_attempt1,25157440693_attempt1,25208977834_attempt1",25247789591_attempt1,25274678535_attempt1,d4_sp40_ov30_dep300_adv15_fix25_f200,0.9,0.3591155107979699,-0.3188958179168238,0.741015625,0.05631427251597465,10,0.1388888888888889,4,0.04,0.03,300.0,0.015,0.0025,0.02
5,size_imbalance_uncertainty,alphaforge_interaction,"24949259015_attempt1,24952032748_attempt1,24986940107_attempt1,25044896828_attempt1,25100490855_attempt1,25157440693_attempt1,25208977834_attempt1",25247789591_attempt1,25274678535_attempt1,d8_sp40_ov30_dep100_adv15_fix25_f100,0.9,0.5730214902117642,-0.5547384461654494,0.7869140625,0.016152029987009042,11,0.32558139534883723,8,0.04,0.03,100.0,0.015,0.0025,0.01
6,classic_early_drop_down,classic_microstructure,"24949259015_attempt1,24952032748_attempt1,24986940107_attempt1,25044896828_attempt1,25100490855_attempt1,25157440693_attempt1,25208977834_attempt1,25247789591_attempt1",25274678535_attempt1,25311264469_attempt1,d4_sp60_ov30_dep100_adv15_fix25_f100,,,,0.848046875,0.024144902344990893,14,0.22727272727272727,4,0.06,0.03,100.0,0.015,0.0025,0.01
6,btc2_path_eff,alphaforge_interaction,"24949259015_attempt1,24952032748_attempt1,24986940107_attempt1,25044896828_attempt1,25100490855_attempt1,25157440693_attempt1,25208977834_attempt1,25247789591_attempt1",25274678535_attempt1,25311264469_attempt1,d4_sp40_ov30_dep100_adv15_fix25_f100,0.95,0.6030917661662675,-0.5680387229547454,0.8080163043478261,-0.0006884919092559061,9,0.32142857142857145,4,0.04,0.03,100.0,0.015,0.0025,0.01
6,size_imbalance_uncertainty,alphaforge_interaction,"24949259015_attempt1,24952032748_attempt1,24986940107_attempt1,25044896828_attempt1,25100490855_attempt1,25157440693_attempt1,25208977834_attempt1,25247789591_attempt1",25274678535_attempt1,25311264469_attempt1,d8_sp40_ov30_dep100_adv5_fix25_f200,0.95,0.6930643890007477,-0.6925145112935651,0.7251953125,0.08355581664309719,9,0.52,8,0.04,0.03,100.0,0.005,0.0025,0.02
7,classic_early_drop_down,classic_microstructure,"24949259015_attempt1,24952032748_attempt1,24986940107_attempt1,25044896828_attempt1,25100490855_attempt1,25157440693_attempt1,25208977834_attempt1,25247789591_attempt1,25274678535_attempt1",25311264469_attempt1,25367630341_attempt1,d4_sp40_ov30_dep300_adv15_fix25_f100,,,,0.8941406249999999,0.012779130456933796,13,0.24242424242424243,4,0.04,0.03,300.0,0.015,0.0025,0.01
7,btc2_path_eff,alphaforge_interaction,"24949259015_attempt1,24952032748_attempt1,24986940107_attempt1,25044896828_attempt1,25100490855_attempt1,25157440693_attempt1,25208977834_attempt1,25247789591_attempt1,25274678535_attempt1",25311264469_attempt1,25367630341_attempt1,d4_sp40_ov30_dep100_adv5_fix25_f100,0.9,0.37504298409997433,-0.35599556790186143,0.8102864583333333,0.015625665811763056,16,0.2711864406779661,4,0.04,0.03,100.0,0.005,0.0025,0.01
7,size_imbalance_uncertainty,alphaforge_interaction,"24949259015_attempt1,24952032748_attempt1,24986940107_attempt1,25044896828_attempt1,25100490855_attempt1,25157440693_attempt1,25208977834_attempt1,25247789591_attempt1,25274678535_attempt1",25311264469_attempt1,25367630341_attempt1,d8_sp40_ov30_dep100_adv5_fix25_f100,0.95,0.6925849858874269,-0.6929948760769811,0.9064453124999999,0.02402055101974221,10,0.5,8,0.04,0.03,100.0,0.005,0.0025,0.01
8,classic_early_drop_down,classic_microstructure,"24949259015_attempt1,24952032748_attempt1,24986940107_attempt1,25044896828_attempt1,25100490855_attempt1,25157440693_attempt1,25208977834_attempt1,25247789591_attempt1,25274678535_attempt1,25311264469_attempt1",25367630341_attempt1,25427145257_attempt1,d4_sp60_ov30_dep300_adv15_fix75_f200,,,,0.86796875,0.07392801695763374,12,0.2459016393442623,4,0.06,0.03,300.0,0.015,0.0075,0.02
8,btc2_path_eff,alphaforge_interaction,"24949259015_attempt1,24952032748_attempt1,24986940107_attempt1,25044896828_attempt1,25100490855_attempt1,25157440693_attempt1,25208977834_attempt1,25247789591_attempt1,25274678535_attempt1,25311264469_attempt1",25367630341_attempt1,25427145257_attempt1,d4_sp40_ov30_dep100_adv15_fix25_f100,0.85,0.25724746001890986,-0.24312598083525216,0.8733072916666667,0.022379138316150904,18,0.39473684210526316,4,0.04,0.03,100.0,0.015,0.0025,0.01
8,size_imbalance_uncertainty,alphaforge_interaction,"24949259015_attempt1,24952032748_attempt1,24986940107_attempt1,25044896828_attempt1,25100490855_attempt1,25157440693_attempt1,25208977834_attempt1,25247789591_attempt1,25274678535_attempt1,25311264469_attempt1",25367630341_attempt1,25427145257_attempt1,d4_sp40_ov30_dep100_adv5_fix25_f200,0.95,0.6915105233273626,-0.6945351854335355,0.8470703125,0.19517654888435687,12,0.42857142857142855,4,0.04,0.03,100.0,0.005,0.0025,0.02
9,classic_early_drop_down,classic_microstructure,"24949259015_attempt1,24952032748_attempt1,24986940107_attempt1,25044896828_attempt1,25100490855_attempt1,25157440693_attempt1,25208977834_attempt1,25247789591_attempt1,25274678535_attempt1,25311264469_attempt1,25367630341_attempt1",25427145257_attempt1,25487949887_attempt1,d8_sp40_ov30_dep100_adv15_fix25_f100,,,,0.924609375,0.010090682193826472,20,0.5735294117647058,8,0.04,0.03,100.0,0.015,0.0025,0.01
9,btc2_path_eff,alphaforge_interaction,"24949259015_attempt1,24952032748_attempt1,24986940107_attempt1,25044896828_attempt1,25100490855_attempt1,25157440693_attempt1,25208977834_attempt1,25247789591_attempt1,25274678535_attempt1,25311264469_attempt1,25367630341_attempt1",25427145257_attempt1,25487949887_attempt1,d4_sp40_ov30_dep100_adv5_fix25_f200,0.85,0.2572765408129534,-0.24499300824299033,0.7542968750000001,0.05791373542299727,20,0.42857142857142855,4,0.04,0.03,100.0,0.005,0.0025,0.02
9,size_imbalance_uncertainty,alphaforge_interaction,"24949259015_attempt1,24952032748_attempt1,24986940107_attempt1,25044896828_attempt1,25100490855_attempt1,25157440693_attempt1,25208977834_attempt1,25247789591_attempt1,25274678535_attempt1,25311264469_attempt1,25367630341_attempt1",25427145257_attempt1,25487949887_attempt1,d8_sp40_ov30_dep300_adv15_fix75_f200,0.95,0.6940305646111414,-0.6931948238175678,0.8548828125,0.19523192945344547,9,0.36,8,0.04,0.03,300.0,0.015,0.0075,0.02
10,classic_early_drop_down,classic_microstructure,"24949259015_attempt1,24952032748_attempt1,24986940107_attempt1,25044896828_attempt1,25100490855_attempt1,25157440693_attempt1,25208977834_attempt1,25247789591_attempt1,25274678535_attempt1,25311264469_attempt1,25367630341_attempt1,25427145257_attempt1",25487949887_attempt1,25545252940_attempt1,d4_sp40_ov30_dep300_adv5_fix75_f200,,,,0.7246093749999999,0.08760163687988931,11,0.26785714285714285,4,0.04,0.03,300.0,0.005,0.0075,0.02
10,btc2_path_eff,alphaforge_interaction,"24949259015_attempt1,24952032748_attempt1,24986940107_attempt1,25044896828_attempt1,25100490855_attempt1,25157440693_attempt1,25208977834_attempt1,25247789591_attempt1,25274678535_attempt1,25311264469_attempt1,25367630341_attempt1,25427145257_attempt1",25487949887_attempt1,25545252940_attempt1,d4_sp40_ov30_dep100_adv15_fix25_f200,0.95,0.603917737516867,-0.603350251268959,0.744140625,0.30007943064211196,11,0.5,4,0.04,0.03,100.0,0.015,0.0025,0.02
10,size_imbalance_uncertainty,alphaforge_interaction,"24949259015_attempt1,24952032748_attempt1,24986940107_attempt1,25044896828_attempt1,25100490855_attempt1,25157440693_attempt1,25208977834_attempt1,25247789591_attempt1,25274678535_attempt1,25311264469_attempt1,25367630341_attempt1,25427145257_attempt1",25487949887_attempt1,25545252940_attempt1,d8_sp40_ov30_dep100_adv5_fix25_f200,0.95,0.693010286010281,-0.6935337593367972,0.7767578125,0.08180039871411715,8,0.36363636363636365,8,0.04,0.03,100.0,0.005,0.0025,0.02
11,classic_early_drop_down,classic_microstructure,"24949259015_attempt1,24952032748_attempt1,24986940107_attempt1,25044896828_attempt1,25100490855_attempt1,25157440693_attempt1,25208977834_attempt1,25247789591_attempt1,25274678535_attempt1,25311264469_attempt1,25367630341_attempt1,25427145257_attempt1,25487949887_attempt1",25545252940_attempt1,25596809734_attempt1,d8_sp40_ov30_dep100_adv5_fix25_f100,,,,0.843125,-0.0007235409127190895,4,0.12903225806451613,8,0.04,0.03,100.0,0.005,0.0025,0.01
11,btc2_path_eff,alphaforge_interaction,"24949259015_attempt1,24952032748_attempt1,24986940107_attempt1,25044896828_attempt1,25100490855_attempt1,25157440693_attempt1,25208977834_attempt1,25247789591_attempt1,25274678535_attempt1,25311264469_attempt1,25367630341_attempt1,25427145257_attempt1,25487949887_attempt1",25545252940_attempt1,25596809734_attempt1,d8_sp40_ov30_dep300_adv15_fix25_f100,0.9,0.36971208387571397,-0.367065259527193,0.8259114583333333,0.024614648510257187,16,0.25396825396825395,8,0.04,0.03,300.0,0.015,0.0025,0.01
11,size_imbalance_uncertainty,alphaforge_interaction,"24949259015_attempt1,24952032748_attempt1,24986940107_attempt1,25044896828_attempt1,25100490855_attempt1,25157440693_attempt1,25208977834_attempt1,25247789591_attempt1,25274678535_attempt1,25311264469_attempt1,25367630341_attempt1,25427145257_attempt1,25487949887_attempt1",25545252940_attempt1,25596809734_attempt1,d8_sp40_ov30_dep100_adv15_fix25_f100,0.9,0.5768036247197573,-0.5506659231072037,0.9212890625,0.03934657021083576,18,0.5344827586206896,8,0.04,0.03,100.0,0.015,0.0025,0.01
12,classic_early_drop_down,classic_microstructure,"24949259015_attempt1,24952032748_attempt1,24986940107_attempt1,25044896828_attempt1,25100490855_attempt1,25157440693_attempt1,25208977834_attempt1,25247789591_attempt1,25274678535_attempt1,25311264469_attempt1,25367630341_attempt1,25427145257_attempt1,25487949887_attempt1,25545252940_attempt1",25596809734_attempt1,25624592440_attempt1,d4_sp40_ov30_dep100_adv15_fix25_f100,,,,0.9214843749999999,0.008583256120880511,13,0.38181818181818183,4,0.04,0.03,100.0,0.015,0.0025,0.01
12,btc2_path_eff,alphaforge_interaction,"24949259015_attempt1,24952032748_attempt1,24986940107_attempt1,25044896828_attempt1,25100490855_attempt1,25157440693_attempt1,25208977834_attempt1,25247789591_attempt1,25274678535_attempt1,25311264469_attempt1,25367630341_attempt1,25427145257_attempt1,25487949887_attempt1,25545252940_attempt1",25596809734_attempt1,25624592440_attempt1,d8_sp60_ov30_dep100_adv5_fix25_f100,0.85,0.2562475138808744,-0.2486795303646455,0.8216145833333333,0.024830741656270527,18,0.30337078651685395,8,0.06,0.03,100.0,0.005,0.0025,0.01
12,size_imbalance_uncertainty,alphaforge_interaction,"24949259015_attempt1,24952032748_attempt1,24986940107_attempt1,25044896828_attempt1,25100490855_attempt1,25157440693_attempt1,25208977834_attempt1,25247789591_attempt1,25274678535_attempt1,25311264469_attempt1,25367630341_attempt1,25427145257_attempt1,25487949887_attempt1,25545252940_attempt1",25596809734_attempt1,25624592440_attempt1,d8_sp40_ov30_dep300_adv15_fix25_f100,0.9,0.574748133797195,-0.5541067400871221,0.8427083333333333,0.08197102360336994,8,0.1509433962264151,8,0.04,0.03,300.0,0.015,0.0025,0.01
13,classic_early_drop_down,classic_microstructure,"24949259015_attempt1,24952032748_attempt1,24986940107_attempt1,25044896828_attempt1,25100490855_attempt1,25157440693_attempt1,25208977834_attempt1,25247789591_attempt1,25274678535_attempt1,25311264469_attempt1,25367630341_attempt1,25427145257_attempt1,25487949887_attempt1,25545252940_attempt1,25596809734_attempt1",25624592440_attempt1,25665168591_attempt1,d8_sp40_ov30_dep300_adv15_fix25_f100,,,,0.8769531249999999,0.010288246648402666,12,0.24074074074074073,8,0.04,0.03,300.0,0.015,0.0025,0.01
13,btc2_path_eff,alphaforge_interaction,"24949259015_attempt1,24952032748_attempt1,24986940107_attempt1,25044896828_attempt1,25100490855_attempt1,25157440693_attempt1,25208977834_attempt1,25247789591_attempt1,25274678535_attempt1,25311264469_attempt1,25367630341_attempt1,25427145257_attempt1,25487949887_attempt1,25545252940_attempt1,25596809734_attempt1",25624592440_attempt1,25665168591_attempt1,d8_sp40_ov30_dep100_adv15_fix75_f100,0.9,0.3829120535805226,-0.3700590397215721,0.9266927083333333,-0.0008678710289060643,12,0.2777777777777778,8,0.04,0.03,100.0,0.015,0.0075,0.01
13,size_imbalance_uncertainty,alphaforge_interaction,"24949259015_attempt1,24952032748_attempt1,24986940107_attempt1,25044896828_attempt1,25100490855_attempt1,25157440693_attempt1,25208977834_attempt1,25247789591_attempt1,25274678535_attempt1,25311264469_attempt1,25367630341_attempt1,25427145257_attempt1,25487949887_attempt1,25545252940_attempt1,25596809734_attempt1",25624592440_attempt1,25665168591_attempt1,d8_sp40_ov30_dep300_adv5_fix25_f100,0.9,0.5749500713266763,-0.5537568768980238,0.8916015625,0.04570620437531381,11,0.39473684210526316,8,0.04,0.03,300.0,0.005,0.0025,0.01
14,classic_early_drop_down,classic_microstructure,"24949259015_attempt1,24952032748_attempt1,24986940107_attempt1,25044896828_attempt1,25100490855_attempt1,25157440693_attempt1,25208977834_attempt1,25247789591_attempt1,25274678535_attempt1,25311264469_attempt1,25367630341_attempt1,25427145257_attempt1,25487949887_attempt1,25545252940_attempt1,25596809734_attempt1,25624592440_attempt1",25665168591_attempt1,25791429807_attempt1,d4_sp40_ov30_dep100_adv15_fix25_f200,,,,0.744921875,0.09664882819354004,13,0.2909090909090909,4,0.04,0.03,100.0,0.015,0.0025,0.02
14,btc2_path_eff,alphaforge_interaction,"24949259015_attempt1,24952032748_attempt1,24986940107_attempt1,25044896828_attempt1,25100490855_attempt1,25157440693_attempt1,25208977834_attempt1,25247789591_attempt1,25274678535_attempt1,25311264469_attempt1,25367630341_attempt1,25427145257_attempt1,25487949887_attempt1,25545252940_attempt1,25596809734_attempt1,25624592440_attempt1",25665168591_attempt1,25791429807_attempt1,d8_sp40_ov30_dep100_adv5_fix25_f200,0.9,0.3860092241567168,-0.3721197458768959,0.69046875,0.01407948877116838,5,0.13157894736842105,8,0.04,0.03,100.0,0.005,0.0025,0.02
14,size_imbalance_uncertainty,alphaforge_interaction,"24949259015_attempt1,24952032748_attempt1,24986940107_attempt1,25044896828_attempt1,25100490855_attempt1,25157440693_attempt1,25208977834_attempt1,25247789591_attempt1,25274678535_attempt1,25311264469_attempt1,25367630341_attempt1,25427145257_attempt1,25487949887_attempt1,25545252940_attempt1,25596809734_attempt1,25624592440_attempt1",25665168591_attempt1,25791429807_attempt1,d8_sp40_ov30_dep100_adv5_fix25_f100,0.9,0.5741445098426518,-0.5502848512481479,0.8205078125,0.03610245484561525,14,0.38,8,0.04,0.03,100.0,0.005,0.0025,0.01
15,classic_early_drop_down,classic_microstructure,"24949259015_attempt1,24952032748_attempt1,24986940107_attempt1,25044896828_attempt1,25100490855_attempt1,25157440693_attempt1,25208977834_attempt1,25247789591_attempt1,25274678535_attempt1,25311264469_attempt1,25367630341_attempt1,25427145257_attempt1,25487949887_attempt1,25545252940_attempt1,25596809734_attempt1,25624592440_attempt1,25665168591_attempt1",25791429807_attempt1,25852951350_attempt1,d4_sp40_ov30_dep100_adv15_fix25_f100,,,,0.8621093750000001,0.041996040514537425,17,0.39622641509433965,4,0.04,0.03,100.0,0.015,0.0025,0.01
15,btc2_path_eff,alphaforge_interaction,"24949259015_attempt1,24952032748_attempt1,24986940107_attempt1,25044896828_attempt1,25100490855_attempt1,25157440693_attempt1,25208977834_attempt1,25247789591_attempt1,25274678535_attempt1,25311264469_attempt1,25367630341_attempt1,25427145257_attempt1,25487949887_attempt1,25545252940_attempt1,25596809734_attempt1,25624592440_attempt1,25665168591_attempt1",25791429807_attempt1,25852951350_attempt1,d4_sp60_ov30_dep100_adv5_fix75_f100,0.85,0.25932020456566374,-0.2466628693423913,0.7970052083333333,0.01135215181259519,17,0.2,4,0.06,0.03,100.0,0.005,0.0075,0.01
15,size_imbalance_uncertainty,alphaforge_interaction,"24949259015_attempt1,24952032748_attempt1,24986940107_attempt1,25044896828_attempt1,25100490855_attempt1,25157440693_attempt1,25208977834_attempt1,25247789591_attempt1,25274678535_attempt1,25311264469_attempt1,25367630341_attempt1,25427145257_attempt1,25487949887_attempt1,25545252940_attempt1,25596809734_attempt1,25624592440_attempt1,25665168591_attempt1",25791429807_attempt1,25852951350_attempt1,d4_sp40_ov30_dep300_adv5_fix25_f100,0.95,0.7004507922387774,-0.6950392224442083,0.8845703125,-0.014466178471713387,6,0.3181818181818182,4,0.04,0.03,300.0,0.005,0.0025,0.01
16,classic_early_drop_down,classic_microstructure,"24949259015_attempt1,24952032748_attempt1,24986940107_attempt1,25044896828_attempt1,25100490855_attempt1,25157440693_attempt1,25208977834_attempt1,25247789591_attempt1,25274678535_attempt1,25311264469_attempt1,25367630341_attempt1,25427145257_attempt1,25487949887_attempt1,25545252940_attempt1,25596809734_attempt1,25624592440_attempt1,25665168591_attempt1,25791429807_attempt1",25852951350_attempt1,25911485679_attempt1,d8_sp40_ov30_dep300_adv5_fix25_f200,,,,0.793359375,0.07720537257570448,12,0.14285714285714285,8,0.04,0.03,300.0,0.005,0.0025,0.02
16,btc2_path_eff,alphaforge_interaction,"24949259015_attempt1,24952032748_attempt1,24986940107_attempt1,25044896828_attempt1,25100490855_attempt1,25157440693_attempt1,25208977834_attempt1,25247789591_attempt1,25274678535_attempt1,25311264469_attempt1,25367630341_attempt1,25427145257_attempt1,25487949887_attempt1,25545252940_attempt1,25596809734_attempt1,25624592440_attempt1,25665168591_attempt1,25791429807_attempt1",25852951350_attempt1,25911485679_attempt1,d4_sp40_ov30_dep100_adv15_fix75_f200,0.85,0.2655028279310228,-0.24558613902795912,0.8032552083333333,0.01970888593528075,20,0.3448275862068966,4,0.04,0.03,100.0,0.015,0.0075,0.02
16,size_imbalance_uncertainty,alphaforge_interaction,"24949259015_attempt1,24952032748_attempt1,24986940107_attempt1,25044896828_attempt1,25100490855_attempt1,25157440693_attempt1,25208977834_attempt1,25247789591_attempt1,25274678535_attempt1,25311264469_attempt1,25367630341_attempt1,25427145257_attempt1,25487949887_attempt1,25545252940_attempt1,25596809734_attempt1,25624592440_attempt1,25665168591_attempt1,25791429807_attempt1",25852951350_attempt1,25911485679_attempt1,d4_sp40_ov30_dep100_adv5_fix25_f100,0.95,0.6999529724036787,-0.6931614991941366,0.8033203125,0.023646575816201,8,0.47619047619047616,4,0.04,0.03,100.0,0.005,0.0025,0.01
17,classic_early_drop_down,classic_microstructure,"24949259015_attempt1,24952032748_attempt1,24986940107_attempt1,25044896828_attempt1,25100490855_attempt1,25157440693_attempt1,25208977834_attempt1,25247789591_attempt1,25274678535_attempt1,25311264469_attempt1,25367630341_attempt1,25427145257_attempt1,25487949887_attempt1,25545252940_attempt1,25596809734_attempt1,25624592440_attempt1,25665168591_attempt1,25791429807_attempt1,25852951350_attempt1",25911485679_attempt1,25957739510_attempt1,d4_sp40_ov30_dep100_adv15_fix25_f200,,,,0.709765625,0.06954434282684563,18,0.4166666666666667,4,0.04,0.03,100.0,0.015,0.0025,0.02
17,btc2_path_eff,alphaforge_interaction,"24949259015_attempt1,24952032748_attempt1,24986940107_attempt1,25044896828_attempt1,25100490855_attempt1,25157440693_attempt1,25208977834_attempt1,25247789591_attempt1,25274678535_attempt1,25311264469_attempt1,25367630341_attempt1,25427145257_attempt1,25487949887_attempt1,25545252940_attempt1,25596809734_attempt1,25624592440_attempt1,25665168591_attempt1,25791429807_attempt1,25852951350_attempt1",25911485679_attempt1,25957739510_attempt1,d4_sp40_ov30_dep100_adv15_fix25_f100,0.85,0.2597551015457402,-0.24964637749133659,0.8954427083333334,0.03694897048417811,20,0.47297297297297297,4,0.04,0.03,100.0,0.015,0.0025,0.01
17,size_imbalance_uncertainty,alphaforge_interaction,"24949259015_attempt1,24952032748_attempt1,24986940107_attempt1,25044896828_attempt1,25100490855_attempt1,25157440693_attempt1,25208977834_attempt1,25247789591_attempt1,25274678535_attempt1,25311264469_attempt1,25367630341_attempt1,25427145257_attempt1,25487949887_attempt1,25545252940_attempt1,25596809734_attempt1,25624592440_attempt1,25665168591_attempt1,25791429807_attempt1,25852951350_attempt1",25911485679_attempt1,25957739510_attempt1,d8_sp40_ov30_dep100_adv5_fix25_f100,0.9,0.5711059923714842,-0.5441617574609088,0.8619140625,0.06607657277298595,17,0.38095238095238093,8,0.04,0.03,100.0,0.005,0.0025,0.01
18,classic_early_drop_down,classic_microstructure,"24949259015_attempt1,24952032748_attempt1,24986940107_attempt1,25044896828_attempt1,25100490855_attempt1,25157440693_attempt1,25208977834_attempt1,25247789591_attempt1,25274678535_attempt1,25311264469_attempt1,25367630341_attempt1,25427145257_attempt1,25487949887_attempt1,25545252940_attempt1,25596809734_attempt1,25624592440_attempt1,25665168591_attempt1,25791429807_attempt1,25852951350_attempt1,25911485679_attempt1",25957739510_attempt1,25986690554_attempt1,d4_sp40_ov30_dep100_adv5_fix25_f100,,,,0.811328125,0.014510827692302719,8,0.19047619047619047,4,0.04,0.03,100.0,0.005,0.0025,0.01
18,btc2_path_eff,alphaforge_interaction,"24949259015_attempt1,24952032748_attempt1,24986940107_attempt1,25044896828_attempt1,25100490855_attempt1,25157440693_attempt1,25208977834_attempt1,25247789591_attempt1,25274678535_attempt1,25311264469_attempt1,25367630341_attempt1,25427145257_attempt1,25487949887_attempt1,25545252940_attempt1,25596809734_attempt1,25624592440_attempt1,25665168591_attempt1,25791429807_attempt1,25852951350_attempt1,25911485679_attempt1",25957739510_attempt1,25986690554_attempt1,d4_sp40_ov30_dep300_adv15_fix25_f100,0.85,0.2583493052088583,-0.2479092340302332,0.8623697916666666,0.01203959937538679,14,0.18181818181818182,4,0.04,0.03,300.0,0.015,0.0025,0.01
18,size_imbalance_uncertainty,alphaforge_interaction,"24949259015_attempt1,24952032748_attempt1,24986940107_attempt1,25044896828_attempt1,25100490855_attempt1,25157440693_attempt1,25208977834_attempt1,25247789591_attempt1,25274678535_attempt1,25311264469_attempt1,25367630341_attempt1,25427145257_attempt1,25487949887_attempt1,25545252940_attempt1,25596809734_attempt1,25624592440_attempt1,25665168591_attempt1,25791429807_attempt1,25852951350_attempt1,25911485679_attempt1",25957739510_attempt1,25986690554_attempt1,d4_sp40_ov30_dep300_adv5_fix25_f200,0.95,0.6998784598481311,-0.6926013521947578,0.8287946428571429,0.04632576832277602,4,0.16666666666666666,4,0.04,0.03,300.0,0.005,0.0025,0.02
19,classic_early_drop_down,classic_microstructure,"24949259015_attempt1,24952032748_attempt1,24986940107_attempt1,25044896828_attempt1,25100490855_attempt1,25157440693_attempt1,25208977834_attempt1,25247789591_attempt1,25274678535_attempt1,25311264469_attempt1,25367630341_attempt1,25427145257_attempt1,25487949887_attempt1,25545252940_attempt1,25596809734_attempt1,25624592440_attempt1,25665168591_attempt1,25791429807_attempt1,25852951350_attempt1,25911485679_attempt1,25957739510_attempt1",25986690554_attempt1,26029755017_attempt1,d8_sp40_ov30_dep300_adv5_fix25_f100,,,,0.891015625,-0.0001701920407011226,13,0.18823529411764706,8,0.04,0.03,300.0,0.005,0.0025,0.01
19,btc2_path_eff,alphaforge_interaction,"24949259015_attempt1,24952032748_attempt1,24986940107_attempt1,25044896828_attempt1,25100490855_attempt1,25157440693_attempt1,25208977834_attempt1,25247789591_attempt1,25274678535_attempt1,25311264469_attempt1,25367630341_attempt1,25427145257_attempt1,25487949887_attempt1,25545252940_attempt1,25596809734_attempt1,25624592440_attempt1,25665168591_attempt1,25791429807_attempt1,25852951350_attempt1,25911485679_attempt1,25957739510_attempt1",25986690554_attempt1,26029755017_attempt1,d8_sp40_ov30_dep100_adv15_fix75_f100,0.9,0.3807456018961144,-0.36868922984096936,0.9188802083333333,0.01816900709417335,15,0.3220338983050847,8,0.04,0.03,100.0,0.015,0.0075,0.01
19,size_imbalance_uncertainty,alphaforge_interaction,"24949259015_attempt1,24952032748_attempt1,24986940107_attempt1,25044896828_attempt1,25100490855_attempt1,25157440693_attempt1,25208977834_attempt1,25247789591_attempt1,25274678535_attempt1,25311264469_attempt1,25367630341_attempt1,25427145257_attempt1,25487949887_attempt1,25545252940_attempt1,25596809734_attempt1,25624592440_attempt1,25665168591_attempt1,25791429807_attempt1,25852951350_attempt1,25911485679_attempt1,25957739510_attempt1",25986690554_attempt1,26029755017_attempt1,d8_sp40_ov30_dep100_adv15_fix25_f100,0.9,0.5671883593963896,-0.5483273843866678,0.9119140624999998,0.02449327895815867,13,0.4090909090909091,8,0.04,0.03,100.0,0.015,0.0025,0.01
20,classic_early_drop_down,classic_microstructure,"24949259015_attempt1,24952032748_attempt1,24986940107_attempt1,25044896828_attempt1,25100490855_attempt1,25157440693_attempt1,25208977834_attempt1,25247789591_attempt1,25274678535_attempt1,25311264469_attempt1,25367630341_attempt1,25427145257_attempt1,25487949887_attempt1,25545252940_attempt1,25596809734_attempt1,25624592440_attempt1,25665168591_attempt1,25791429807_attempt1,25852951350_attempt1,25911485679_attempt1,25957739510_attempt1,25986690554_attempt1",26029755017_attempt1,26091905404_attempt1,d4_sp40_ov30_dep100_adv15_fix25_f100,,,,0.861328125,0.01613348075976373,15,0.34615384615384615,4,0.04,0.03,100.0,0.015,0.0025,0.01
20,btc2_path_eff,alphaforge_interaction,"24949259015_attempt1,24952032748_attempt1,24986940107_attempt1,25044896828_attempt1,25100490855_attempt1,25157440693_attempt1,25208977834_attempt1,25247789591_attempt1,25274678535_attempt1,25311264469_attempt1,25367630341_attempt1,25427145257_attempt1,25487949887_attempt1,25545252940_attempt1,25596809734_attempt1,25624592440_attempt1,25665168591_attempt1,25791429807_attempt1,25852951350_attempt1,25911485679_attempt1,25957739510_attempt1,25986690554_attempt1",26029755017_attempt1,26091905404_attempt1,d8_sp40_ov30_dep100_adv15_fix25_f200,0.9,0.3814799924538372,-0.3700413117098524,0.7766369047619047,0.05120183018654778,18,0.4418604651162791,8,0.04,0.03,100.0,0.015,0.0025,0.02
20,size_imbalance_uncertainty,alphaforge_interaction,"24949259015_attempt1,24952032748_attempt1,24986940107_attempt1,25044896828_attempt1,25100490855_attempt1,25157440693_attempt1,25208977834_attempt1,25247789591_attempt1,25274678535_attempt1,25311264469_attempt1,25367630341_attempt1,25427145257_attempt1,25487949887_attempt1,25545252940_attempt1,25596809734_attempt1,25624592440_attempt1,25665168591_attempt1,25791429807_attempt1,25852951350_attempt1,25911485679_attempt1,25957739510_attempt1,25986690554_attempt1",26029755017_attempt1,26091905404_attempt1,d4_sp40_ov30_dep300_adv15_fix25_f100,0.9,0.5622973934291186,-0.5485794505221053,0.8556640624999999,0.07192617343900043,14,0.31666666666666665,4,0.04,0.03,300.0,0.015,0.0025,0.01
21,classic_early_drop_down,classic_microstructure,"24949259015_attempt1,24952032748_attempt1,24986940107_attempt1,25044896828_attempt1,25100490855_attempt1,25157440693_attempt1,25208977834_attempt1,25247789591_attempt1,25274678535_attempt1,25311264469_attempt1,25367630341_attempt1,25427145257_attempt1,25487949887_attempt1,25545252940_attempt1,25596809734_attempt1,25624592440_attempt1,25665168591_attempt1,25791429807_attempt1,25852951350_attempt1,25911485679_attempt1,25957739510_attempt1,25986690554_attempt1,26029755017_attempt1",26091905404_attempt1,26156603287_attempt1,d4_sp40_ov30_dep300_adv15_fix25_f100,,,,0.806640625,0.03442585543757004,12,0.19047619047619047,4,0.04,0.03,300.0,0.015,0.0025,0.01
21,btc2_path_eff,alphaforge_interaction,"24949259015_attempt1,24952032748_attempt1,24986940107_attempt1,25044896828_attempt1,25100490855_attempt1,25157440693_attempt1,25208977834_attempt1,25247789591_attempt1,25274678535_attempt1,25311264469_attempt1,25367630341_attempt1,25427145257_attempt1,25487949887_attempt1,25545252940_attempt1,25596809734_attempt1,25624592440_attempt1,25665168591_attempt1,25791429807_attempt1,25852951350_attempt1,25911485679_attempt1,25957739510_attempt1,25986690554_attempt1,26029755017_attempt1",26091905404_attempt1,26156603287_attempt1,d8_sp40_ov30_dep100_adv15_fix25_f100,0.85,0.25534567985457324,-0.24571431051075565,0.7871093749999999,0.019164633561603805,17,0.36507936507936506,8,0.04,0.03,100.0,0.015,0.0025,0.01
21,size_imbalance_uncertainty,alphaforge_interaction,"24949259015_attempt1,24952032748_attempt1,24986940107_attempt1,25044896828_attempt1,25100490855_attempt1,25157440693_attempt1,25208977834_attempt1,25247789591_attempt1,25274678535_attempt1,25311264469_attempt1,25367630341_attempt1,25427145257_attempt1,25487949887_attempt1,25545252940_attempt1,25596809734_attempt1,25624592440_attempt1,25665168591_attempt1,25791429807_attempt1,25852951350_attempt1,25911485679_attempt1,25957739510_attempt1,25986690554_attempt1,26029755017_attempt1",26091905404_attempt1,26156603287_attempt1,d4_sp40_ov30_dep300_adv5_fix25_f100,0.95,0.6936185811761146,-0.6936367673306403,0.8126953124999999,0.017121723817732137,4,0.23529411764705882,4,0.04,0.03,300.0,0.005,0.0025,0.01
22,classic_early_drop_down,classic_microstructure,"24949259015_attempt1,24952032748_attempt1,24986940107_attempt1,25044896828_attempt1,25100490855_attempt1,25157440693_attempt1,25208977834_attempt1,25247789591_attempt1,25274678535_attempt1,25311264469_attempt1,25367630341_attempt1,25427145257_attempt1,25487949887_attempt1,25545252940_attempt1,25596809734_attempt1,25624592440_attempt1,25665168591_attempt1,25791429807_attempt1,25852951350_attempt1,25911485679_attempt1,25957739510_attempt1,25986690554_attempt1,26029755017_attempt1,26091905404_attempt1",26156603287_attempt1,26221008452_attempt1,d4_sp60_ov30_dep100_adv15_fix25_f100,,,,0.921484375,0.03594366949352823,16,0.45901639344262296,4,0.06,0.03,100.0,0.015,0.0025,0.01
22,btc2_path_eff,alphaforge_interaction,"24949259015_attempt1,24952032748_attempt1,24986940107_attempt1,25044896828_attempt1,25100490855_attempt1,25157440693_attempt1,25208977834_attempt1,25247789591_attempt1,25274678535_attempt1,25311264469_attempt1,25367630341_attempt1,25427145257_attempt1,25487949887_attempt1,25545252940_attempt1,25596809734_attempt1,25624592440_attempt1,25665168591_attempt1,25791429807_attempt1,25852951350_attempt1,25911485679_attempt1,25957739510_attempt1,25986690554_attempt1,26029755017_attempt1,26091905404_attempt1",26156603287_attempt1,26221008452_attempt1,d4_sp40_ov30_dep100_adv15_fix25_f100,0.85,0.2537563021655998,-0.24426762438993546,0.8803385416666667,0.011747715215229215,20,0.3181818181818182,4,0.04,0.03,100.0,0.015,0.0025,0.01
22,size_imbalance_uncertainty,alphaforge_interaction,"24949259015_attempt1,24952032748_attempt1,24986940107_attempt1,25044896828_attempt1,25100490855_attempt1,25157440693_attempt1,25208977834_attempt1,25247789591_attempt1,25274678535_attempt1,25311264469_attempt1,25367630341_attempt1,25427145257_attempt1,25487949887_attempt1,25545252940_attempt1,25596809734_attempt1,25624592440_attempt1,25665168591_attempt1,25791429807_attempt1,25852951350_attempt1,25911485679_attempt1,25957739510_attempt1,25986690554_attempt1,26029755017_attempt1,26091905404_attempt1",26156603287_attempt1,26221008452_attempt1,d8_sp40_ov50_dep100_adv5_fix25_f100,0.95,0.692945362421721,-0.6924487111883192,0.8451171875,0.06641601893039417,10,0.45454545454545453,8,0.04,0.05,100.0,0.005,0.0025,0.01
23,classic_early_drop_down,classic_microstructure,"24949259015_attempt1,24952032748_attempt1,24986940107_attempt1,25044896828_attempt1,25100490855_attempt1,25157440693_attempt1,25208977834_attempt1,25247789591_attempt1,25274678535_attempt1,25311264469_attempt1,25367630341_attempt1,25427145257_attempt1,25487949887_attempt1,25545252940_attempt1,25596809734_attempt1,25624592440_attempt1,25665168591_attempt1,25791429807_attempt1,25852951350_attempt1,25911485679_attempt1,25957739510_attempt1,25986690554_attempt1,26029755017_attempt1,26091905404_attempt1,26156603287_attempt1",26221008452_attempt1,26357456273_attempt1,d8_sp40_ov30_dep300_adv15_fix25_f100,,,,0.871484375,0.0077746826775111355,13,0.22807017543859648,8,0.04,0.03,300.0,0.015,0.0025,0.01
23,btc2_path_eff,alphaforge_interaction,"24949259015_attempt1,24952032748_attempt1,24986940107_attempt1,25044896828_attempt1,25100490855_attempt1,25157440693_attempt1,25208977834_attempt1,25247789591_attempt1,25274678535_attempt1,25311264469_attempt1,25367630341_attempt1,25427145257_attempt1,25487949887_attempt1,25545252940_attempt1,25596809734_attempt1,25624592440_attempt1,25665168591_attempt1,25791429807_attempt1,25852951350_attempt1,25911485679_attempt1,25957739510_attempt1,25986690554_attempt1,26029755017_attempt1,26091905404_attempt1,26156603287_attempt1",26221008452_attempt1,26357456273_attempt1,d4_sp60_ov30_dep100_adv15_fix25_f100,0.85,0.25414882938923933,-0.24519973325748629,0.7815104166666668,0.014907156671372768,20,0.5277777777777778,4,0.06,0.03,100.0,0.015,0.0025,0.01
23,size_imbalance_uncertainty,alphaforge_interaction,"24949259015_attempt1,24952032748_attempt1,24986940107_attempt1,25044896828_attempt1,25100490855_attempt1,25157440693_attempt1,25208977834_attempt1,25247789591_attempt1,25274678535_attempt1,25311264469_attempt1,25367630341_attempt1,25427145257_attempt1,25487949887_attempt1,25545252940_attempt1,25596809734_attempt1,25624592440_attempt1,25665168591_attempt1,25791429807_attempt1,25852951350_attempt1,25911485679_attempt1,25957739510_attempt1,25986690554_attempt1,26029755017_attempt1,26091905404_attempt1,26156603287_attempt1",26221008452_attempt1,26357456273_attempt1,d4_sp40_ov30_dep100_adv5_fix25_f100,0.9,0.5598133347511604,-0.5503994028179527,0.8369140625,0.1270892062089799,17,0.4807692307692308,4,0.04,0.03,100.0,0.005,0.0025,0.01
24,classic_early_drop_down,classic_microstructure,"24949259015_attempt1,24952032748_attempt1,24986940107_attempt1,25044896828_attempt1,25100490855_attempt1,25157440693_attempt1,25208977834_attempt1,25247789591_attempt1,25274678535_attempt1,25311264469_attempt1,25367630341_attempt1,25427145257_attempt1,25487949887_attempt1,25545252940_attempt1,25596809734_attempt1,25624592440_attempt1,25665168591_attempt1,25791429807_attempt1,25852951350_attempt1,25911485679_attempt1,25957739510_attempt1,25986690554_attempt1,26029755017_attempt1,26091905404_attempt1,26156603287_attempt1,26221008452_attempt1",26357456273_attempt1,26709070227_attempt1,d4_sp40_ov30_dep100_adv5_fix25_f100,,,,0.914453125,0.02456374430738162,15,0.41379310344827586,4,0.04,0.03,100.0,0.005,0.0025,0.01
24,btc2_path_eff,alphaforge_interaction,"24949259015_attempt1,24952032748_attempt1,24986940107_attempt1,25044896828_attempt1,25100490855_attempt1,25157440693_attempt1,25208977834_attempt1,25247789591_attempt1,25274678535_attempt1,25311264469_attempt1,25367630341_attempt1,25427145257_attempt1,25487949887_attempt1,25545252940_attempt1,25596809734_attempt1,25624592440_attempt1,25665168591_attempt1,25791429807_attempt1,25852951350_attempt1,25911485679_attempt1,25957739510_attempt1,25986690554_attempt1,26029755017_attempt1,26091905404_attempt1,26156603287_attempt1,26221008452_attempt1",26357456273_attempt1,26709070227_attempt1,d4_sp40_ov30_dep100_adv5_fix25_f100,0.9,0.3736551112662455,-0.3688595979530107,0.8720052083333333,0.012046088263018229,18,0.40298507462686567,4,0.04,0.03,100.0,0.005,0.0025,0.01
24,size_imbalance_uncertainty,alphaforge_interaction,"24949259015_attempt1,24952032748_attempt1,24986940107_attempt1,25044896828_attempt1,25100490855_attempt1,25157440693_attempt1,25208977834_attempt1,25247789591_attempt1,25274678535_attempt1,25311264469_attempt1,25367630341_attempt1,25427145257_attempt1,25487949887_attempt1,25545252940_attempt1,25596809734_attempt1,25624592440_attempt1,25665168591_attempt1,25791429807_attempt1,25852951350_attempt1,25911485679_attempt1,25957739510_attempt1,25986690554_attempt1,26029755017_attempt1,26091905404_attempt1,26156603287_attempt1,26221008452_attempt1",26357456273_attempt1,26709070227_attempt1,d4_sp40_ov30_dep100_adv15_fix25_f100,0.95,0.6912107359121636,-0.6886860587204492,0.8947265625,0.0014712095408886405,12,0.4375,4,0.04,0.03,100.0,0.015,0.0025,0.01
25,classic_early_drop_down,classic_microstructure,"24949259015_attempt1,24952032748_attempt1,24986940107_attempt1,25044896828_attempt1,25100490855_attempt1,25157440693_attempt1,25208977834_attempt1,25247789591_attempt1,25274678535_attempt1,25311264469_attempt1,25367630341_attempt1,25427145257_attempt1,25487949887_attempt1,25545252940_attempt1,25596809734_attempt1,25624592440_attempt1,25665168591_attempt1,25791429807_attempt1,25852951350_attempt1,25911485679_attempt1,25957739510_attempt1,25986690554_attempt1,26029755017_attempt1,26091905404_attempt1,26156603287_attempt1,26221008452_attempt1,26357456273_attempt1",26709070227_attempt1,26709294970_attempt1,d4_sp40_ov30_dep100_adv15_fix25_f100,,,,0.8316406249999999,0.024447747395349273,18,0.43137254901960786,4,0.04,0.03,100.0,0.015,0.0025,0.01
25,btc2_path_eff,alphaforge_interaction,"24949259015_attempt1,24952032748_attempt1,24986940107_attempt1,25044896828_attempt1,25100490855_attempt1,25157440693_attempt1,25208977834_attempt1,25247789591_attempt1,25274678535_attempt1,25311264469_attempt1,25367630341_attempt1,25427145257_attempt1,25487949887_attempt1,25545252940_attempt1,25596809734_attempt1,25624592440_attempt1,25665168591_attempt1,25791429807_attempt1,25852951350_attempt1,25911485679_attempt1,25957739510_attempt1,25986690554_attempt1,26029755017_attempt1,26091905404_attempt1,26156603287_attempt1,26221008452_attempt1,26357456273_attempt1",26709070227_attempt1,26709294970_attempt1,d8_sp40_ov30_dep100_adv15_fix25_f200,0.85,0.25023479146242056,-0.24733790845440842,0.759765625,0.0749968297580359,19,0.4266666666666667,8,0.04,0.03,100.0,0.015,0.0025,0.02
25,size_imbalance_uncertainty,alphaforge_interaction,"24949259015_attempt1,24952032748_attempt1,24986940107_attempt1,25044896828_attempt1,25100490855_attempt1,25157440693_attempt1,25208977834_attempt1,25247789591_attempt1,25274678535_attempt1,25311264469_attempt1,25367630341_attempt1,25427145257_attempt1,25487949887_attempt1,25545252940_attempt1,25596809734_attempt1,25624592440_attempt1,25665168591_attempt1,25791429807_attempt1,25852951350_attempt1,25911485679_attempt1,25957739510_attempt1,25986690554_attempt1,26029755017_attempt1,26091905404_attempt1,26156603287_attempt1,26221008452_attempt1,26357456273_attempt1",26709070227_attempt1,26709294970_attempt1,d8_sp40_ov30_dep100_adv5_fix25_f100,0.9,0.5593999802044413,-0.5510711287966216,0.9111328124999999,0.014237832159958108,15,0.43333333333333335,8,0.04,0.03,100.0,0.005,0.0025,0.01
26,classic_early_drop_down,classic_microstructure,"24949259015_attempt1,24952032748_attempt1,24986940107_attempt1,25044896828_attempt1,25100490855_attempt1,25157440693_attempt1,25208977834_attempt1,25247789591_attempt1,25274678535_attempt1,25311264469_attempt1,25367630341_attempt1,25427145257_attempt1,25487949887_attempt1,25545252940_attempt1,25596809734_attempt1,25624592440_attempt1,25665168591_attempt1,25791429807_attempt1,25852951350_attempt1,25911485679_attempt1,25957739510_attempt1,25986690554_attempt1,26029755017_attempt1,26091905404_attempt1,26156603287_attempt1,26221008452_attempt1,26357456273_attempt1,26709070227_attempt1",26709294970_attempt1,26755468029_attempt1,d4_sp40_ov30_dep100_adv5_fix25_f100,,,,0.905078125,0.014021432893096986,12,0.2676056338028169,4,0.04,0.03,100.0,0.005,0.0025,0.01
26,btc2_path_eff,alphaforge_interaction,"24949259015_attempt1,24952032748_attempt1,24986940107_attempt1,25044896828_attempt1,25100490855_attempt1,25157440693_attempt1,25208977834_attempt1,25247789591_attempt1,25274678535_attempt1,25311264469_attempt1,25367630341_attempt1,25427145257_attempt1,25487949887_attempt1,25545252940_attempt1,25596809734_attempt1,25624592440_attempt1,25665168591_attempt1,25791429807_attempt1,25852951350_attempt1,25911485679_attempt1,25957739510_attempt1,25986690554_attempt1,26029755017_attempt1,26091905404_attempt1,26156603287_attempt1,26221008452_attempt1,26357456273_attempt1,26709070227_attempt1",26709294970_attempt1,26755468029_attempt1,d4_sp40_ov30_dep100_adv5_fix25_f200,0.85,0.2502207074654789,-0.24627439207604523,0.7743489583333333,0.04425320539960542,17,0.4155844155844156,4,0.04,0.03,100.0,0.005,0.0025,0.02
26,size_imbalance_uncertainty,alphaforge_interaction,"24949259015_attempt1,24952032748_attempt1,24986940107_attempt1,25044896828_attempt1,25100490855_attempt1,25157440693_attempt1,25208977834_attempt1,25247789591_attempt1,25274678535_attempt1,25311264469_attempt1,25367630341_attempt1,25427145257_attempt1,25487949887_attempt1,25545252940_attempt1,25596809734_attempt1,25624592440_attempt1,25665168591_attempt1,25791429807_attempt1,25852951350_attempt1,25911485679_attempt1,25957739510_attempt1,25986690554_attempt1,26029755017_attempt1,26091905404_attempt1,26156603287_attempt1,26221008452_attempt1,26357456273_attempt1,26709070227_attempt1",26709294970_attempt1,26755468029_attempt1,d4_sp40_ov30_dep300_adv5_fix25_f100,0.9,0.5586153813714919,-0.5546906503737848,0.9111328124999999,0.001034376862903974,11,0.28,4,0.04,0.03,300.0,0.005,0.0025,0.01
27,classic_early_drop_down,classic_microstructure,"24949259015_attempt1,24952032748_attempt1,24986940107_attempt1,25044896828_attempt1,25100490855_attempt1,25157440693_attempt1,25208977834_attempt1,25247789591_attempt1,25274678535_attempt1,25311264469_attempt1,25367630341_attempt1,25427145257_attempt1,25487949887_attempt1,25545252940_attempt1,25596809734_attempt1,25624592440_attempt1,25665168591_attempt1,25791429807_attempt1,25852951350_attempt1,25911485679_attempt1,25957739510_attempt1,25986690554_attempt1,26029755017_attempt1,26091905404_attempt1,26156603287_attempt1,26221008452_attempt1,26357456273_attempt1,26709070227_attempt1,26709294970_attempt1",26755468029_attempt1,26832707302_attempt1,d4_sp40_ov30_dep300_adv15_fix25_f200,,,,0.8691406250000001,0.11328929632303608,19,0.26595744680851063,4,0.04,0.03,300.0,0.015,0.0025,0.02
27,btc2_path_eff,alphaforge_interaction,"24949259015_attempt1,24952032748_attempt1,24986940107_attempt1,25044896828_attempt1,25100490855_attempt1,25157440693_attempt1,25208977834_attempt1,25247789591_attempt1,25274678535_attempt1,25311264469_attempt1,25367630341_attempt1,25427145257_attempt1,25487949887_attempt1,25545252940_attempt1,25596809734_attempt1,25624592440_attempt1,25665168591_attempt1,25791429807_attempt1,25852951350_attempt1,25911485679_attempt1,25957739510_attempt1,25986690554_attempt1,26029755017_attempt1,26091905404_attempt1,26156603287_attempt1,26221008452_attempt1,26357456273_attempt1,26709070227_attempt1,26709294970_attempt1",26755468029_attempt1,26832707302_attempt1,d4_sp40_ov50_dep100_adv15_fix75_f100,0.85,0.2502089087382533,-0.2474680903187834,0.8649739583333333,0.012590446022479718,18,0.43478260869565216,4,0.04,0.05,100.0,0.015,0.0075,0.01
27,size_imbalance_uncertainty,alphaforge_interaction,"24949259015_attempt1,24952032748_attempt1,24986940107_attempt1,25044896828_attempt1,25100490855_attempt1,25157440693_attempt1,25208977834_attempt1,25247789591_attempt1,25274678535_attempt1,25311264469_attempt1,25367630341_attempt1,25427145257_attempt1,25487949887_attempt1,25545252940_attempt1,25596809734_attempt1,25624592440_attempt1,25665168591_attempt1,25791429807_attempt1,25852951350_attempt1,25911485679_attempt1,25957739510_attempt1,25986690554_attempt1,26029755017_attempt1,26091905404_attempt1,26156603287_attempt1,26221008452_attempt1,26357456273_attempt1,26709070227_attempt1,26709294970_attempt1",26755468029_attempt1,26832707302_attempt1,d8_sp40_ov30_dep100_adv5_fix25_f100,0.9,0.5582206278399464,-0.555152198078441,0.8181640625,0.0693717007919874,12,0.40540540540540543,8,0.04,0.03,100.0,0.005,0.0025,0.01
28,classic_early_drop_down,classic_microstructure,"24949259015_attempt1,24952032748_attempt1,24986940107_attempt1,25044896828_attempt1,25100490855_attempt1,25157440693_attempt1,25208977834_attempt1,25247789591_attempt1,25274678535_attempt1,25311264469_attempt1,25367630341_attempt1,25427145257_attempt1,25487949887_attempt1,25545252940_attempt1,25596809734_attempt1,25624592440_attempt1,25665168591_attempt1,25791429807_attempt1,25852951350_attempt1,25911485679_attempt1,25957739510_attempt1,25986690554_attempt1,26029755017_attempt1,26091905404_attempt1,26156603287_attempt1,26221008452_attempt1,26357456273_attempt1,26709070227_attempt1,26709294970_attempt1,26755468029_attempt1",26832707302_attempt1,26944523023_attempt1,d4_sp40_ov30_dep100_adv15_fix25_f100,,,,0.8644531249999999,0.02065439278868686,20,0.44036697247706424,4,0.04,0.03,100.0,0.015,0.0025,0.01
28,btc2_path_eff,alphaforge_interaction,"24949259015_attempt1,24952032748_attempt1,24986940107_attempt1,25044896828_attempt1,25100490855_attempt1,25157440693_attempt1,25208977834_attempt1,25247789591_attempt1,25274678535_attempt1,25311264469_attempt1,25367630341_attempt1,25427145257_attempt1,25487949887_attempt1,25545252940_attempt1,25596809734_attempt1,25624592440_attempt1,25665168591_attempt1,25791429807_attempt1,25852951350_attempt1,25911485679_attempt1,25957739510_attempt1,25986690554_attempt1,26029755017_attempt1,26091905404_attempt1,26156603287_attempt1,26221008452_attempt1,26357456273_attempt1,26709070227_attempt1,26709294970_attempt1,26755468029_attempt1",26832707302_attempt1,26944523023_attempt1,d8_sp40_ov30_dep300_adv15_fix25_f100,0.9,0.37627915640909493,-0.38027887187869414,0.8399739583333333,0.038688485295237385,20,0.2978723404255319,8,0.04,0.03,300.0,0.015,0.0025,0.01
28,size_imbalance_uncertainty,alphaforge_interaction,"24949259015_attempt1,24952032748_attempt1,24986940107_attempt1,25044896828_attempt1,25100490855_attempt1,25157440693_attempt1,25208977834_attempt1,25247789591_attempt1,25274678535_attempt1,25311264469_attempt1,25367630341_attempt1,25427145257_attempt1,25487949887_attempt1,25545252940_attempt1,25596809734_attempt1,25624592440_attempt1,25665168591_attempt1,25791429807_attempt1,25852951350_attempt1,25911485679_attempt1,25957739510_attempt1,25986690554_attempt1,26029755017_attempt1,26091905404_attempt1,26156603287_attempt1,26221008452_attempt1,26357456273_attempt1,26709070227_attempt1,26709294970_attempt1,26755468029_attempt1",26832707302_attempt1,26944523023_attempt1,d4_sp40_ov30_dep300_adv15_fix25_f100,0.9,0.5531655931506073,-0.554740364015983,0.9294921875,0.010178415030410282,12,0.3488372093023256,4,0.04,0.03,300.0,0.015,0.0025,0.01
29,classic_early_drop_down,classic_microstructure,"24949259015_attempt1,24952032748_attempt1,24986940107_attempt1,25044896828_attempt1,25100490855_attempt1,25157440693_attempt1,25208977834_attempt1,25247789591_attempt1,25274678535_attempt1,25311264469_attempt1,25367630341_attempt1,25427145257_attempt1,25487949887_attempt1,25545252940_attempt1,25596809734_attempt1,25624592440_attempt1,25665168591_attempt1,25791429807_attempt1,25852951350_attempt1,25911485679_attempt1,25957739510_attempt1,25986690554_attempt1,26029755017_attempt1,26091905404_attempt1,26156603287_attempt1,26221008452_attempt1,26357456273_attempt1,26709070227_attempt1,26709294970_attempt1,26755468029_attempt1,26832707302_attempt1",26944523023_attempt1,27008365180_attempt1,d8_sp60_ov30_dep100_adv15_fix25_f200,,,,0.874609375,0.041377183392509176,19,0.2761904761904762,8,0.06,0.03,100.0,0.015,0.0025,0.02
29,btc2_path_eff,alphaforge_interaction,"24949259015_attempt1,24952032748_attempt1,24986940107_attempt1,25044896828_attempt1,25100490855_attempt1,25157440693_attempt1,25208977834_attempt1,25247789591_attempt1,25274678535_attempt1,25311264469_attempt1,25367630341_attempt1,25427145257_attempt1,25487949887_attempt1,25545252940_attempt1,25596809734_attempt1,25624592440_attempt1,25665168591_attempt1,25791429807_attempt1,25852951350_attempt1,25911485679_attempt1,25957739510_attempt1,25986690554_attempt1,26029755017_attempt1,26091905404_attempt1,26156603287_attempt1,26221008452_attempt1,26357456273_attempt1,26709070227_attempt1,26709294970_attempt1,26755468029_attempt1,26832707302_attempt1",26944523023_attempt1,27008365180_attempt1,d8_sp40_ov50_dep100_adv15_fix75_f100,0.85,0.2529103788722759,-0.25813496206184916,0.7876302083333333,0.03001658169598742,20,0.3559322033898305,8,0.04,0.05,100.0,0.015,0.0075,0.01
29,size_imbalance_uncertainty,alphaforge_interaction,"24949259015_attempt1,24952032748_attempt1,24986940107_attempt1,25044896828_attempt1,25100490855_attempt1,25157440693_attempt1,25208977834_attempt1,25247789591_attempt1,25274678535_attempt1,25311264469_attempt1,25367630341_attempt1,25427145257_attempt1,25487949887_attempt1,25545252940_attempt1,25596809734_attempt1,25624592440_attempt1,25665168591_attempt1,25791429807_attempt1,25852951350_attempt1,25911485679_attempt1,25957739510_attempt1,25986690554_attempt1,26029755017_attempt1,26091905404_attempt1,26156603287_attempt1,26221008452_attempt1,26357456273_attempt1,26709070227_attempt1,26709294970_attempt1,26755468029_attempt1,26832707302_attempt1",26944523023_attempt1,27008365180_attempt1,d8_sp40_ov30_dep100_adv5_fix25_f100,0.95,0.6909360153935921,-0.6937055327140536,0.8626953125,0.07891851892491264,9,0.5625,8,0.04,0.03,100.0,0.005,0.0025,0.01
30,classic_early_drop_down,classic_microstructure,"24949259015_attempt1,24952032748_attempt1,24986940107_attempt1,25044896828_attempt1,25100490855_attempt1,25157440693_attempt1,25208977834_attempt1,25247789591_attempt1,25274678535_attempt1,25311264469_attempt1,25367630341_attempt1,25427145257_attempt1,25487949887_attempt1,25545252940_attempt1,25596809734_attempt1,25624592440_attempt1,25665168591_attempt1,25791429807_attempt1,25852951350_attempt1,25911485679_attempt1,25957739510_attempt1,25986690554_attempt1,26029755017_attempt1,26091905404_attempt1,26156603287_attempt1,26221008452_attempt1,26357456273_attempt1,26709070227_attempt1,26709294970_attempt1,26755468029_attempt1,26832707302_attempt1,26944523023_attempt1",27008365180_attempt1,27059341408_attempt1,d4_sp40_ov30_dep100_adv5_fix25_f100,,,,0.8453124999999999,0.03574120533735359,20,0.3761467889908257,4,0.04,0.03,100.0,0.005,0.0025,0.01
30,btc2_path_eff,alphaforge_interaction,"24949259015_attempt1,24952032748_attempt1,24986940107_attempt1,25044896828_attempt1,25100490855_attempt1,25157440693_attempt1,25208977834_attempt1,25247789591_attempt1,25274678535_attempt1,25311264469_attempt1,25367630341_attempt1,25427145257_attempt1,25487949887_attempt1,25545252940_attempt1,25596809734_attempt1,25624592440_attempt1,25665168591_attempt1,25791429807_attempt1,25852951350_attempt1,25911485679_attempt1,25957739510_attempt1,25986690554_attempt1,26029755017_attempt1,26091905404_attempt1,26156603287_attempt1,26221008452_attempt1,26357456273_attempt1,26709070227_attempt1,26709294970_attempt1,26755468029_attempt1,26832707302_attempt1,26944523023_attempt1",27008365180_attempt1,27059341408_attempt1,d4_sp40_ov30_dep100_adv5_fix25_f100,0.95,0.6124154126072465,-0.6752437459148225,0.914453125,0.004141792811497513,13,0.3125,4,0.04,0.03,100.0,0.005,0.0025,0.01
30,size_imbalance_uncertainty,alphaforge_interaction,"24949259015_attempt1,24952032748_attempt1,24986940107_attempt1,25044896828_attempt1,25100490855_attempt1,25157440693_attempt1,25208977834_attempt1,25247789591_attempt1,25274678535_attempt1,25311264469_attempt1,25367630341_attempt1,25427145257_attempt1,25487949887_attempt1,25545252940_attempt1,25596809734_attempt1,25624592440_attempt1,25665168591_attempt1,25791429807_attempt1,25852951350_attempt1,25911485679_attempt1,25957739510_attempt1,25986690554_attempt1,26029755017_attempt1,26091905404_attempt1,26156603287_attempt1,26221008452_attempt1,26357456273_attempt1,26709070227_attempt1,26709294970_attempt1,26755468029_attempt1,26832707302_attempt1,26944523023_attempt1",27008365180_attempt1,27059341408_attempt1,d4_sp40_ov30_dep100_adv5_fix25_f100,0.9,0.5490438771897402,-0.5538719142674738,0.8009765624999999,0.06164515238381507,17,0.42857142857142855,4,0.04,0.03,100.0,0.005,0.0025,0.01
31,classic_early_drop_down,classic_microstructure,"24949259015_attempt1,24952032748_attempt1,24986940107_attempt1,25044896828_attempt1,25100490855_attempt1,25157440693_attempt1,25208977834_attempt1,25247789591_attempt1,25274678535_attempt1,25311264469_attempt1,25367630341_attempt1,25427145257_attempt1,25487949887_attempt1,25545252940_attempt1,25596809734_attempt1,25624592440_attempt1,25665168591_attempt1,25791429807_attempt1,25852951350_attempt1,25911485679_attempt1,25957739510_attempt1,25986690554_attempt1,26029755017_attempt1,26091905404_attempt1,26156603287_attempt1,26221008452_attempt1,26357456273_attempt1,26709070227_attempt1,26709294970_attempt1,26755468029_attempt1,26832707302_attempt1,26944523023_attempt1,27008365180_attempt1",27059341408_attempt1,27089462916_attempt1,d4_sp40_ov30_dep300_adv5_fix25_f100,,,,0.883203125,0.0013937150712917123,20,0.2912621359223301,4,0.04,0.03,300.0,0.005,0.0025,0.01
31,btc2_path_eff,alphaforge_interaction,"24949259015_attempt1,24952032748_attempt1,24986940107_attempt1,25044896828_attempt1,25100490855_attempt1,25157440693_attempt1,25208977834_attempt1,25247789591_attempt1,25274678535_attempt1,25311264469_attempt1,25367630341_attempt1,25427145257_attempt1,25487949887_attempt1,25545252940_attempt1,25596809734_attempt1,25624592440_attempt1,25665168591_attempt1,25791429807_attempt1,25852951350_attempt1,25911485679_attempt1,25957739510_attempt1,25986690554_attempt1,26029755017_attempt1,26091905404_attempt1,26156603287_attempt1,26221008452_attempt1,26357456273_attempt1,26709070227_attempt1,26709294970_attempt1,26755468029_attempt1,26832707302_attempt1,26944523023_attempt1,27008365180_attempt1",27059341408_attempt1,27089462916_attempt1,d4_sp40_ov50_dep100_adv5_fix25_f100,0.9,0.3950832111400499,-0.40906495871088305,0.8733072916666667,0.014867658319194454,20,0.4528301886792453,4,0.04,0.05,100.0,0.005,0.0025,0.01
31,size_imbalance_uncertainty,alphaforge_interaction,"24949259015_attempt1,24952032748_attempt1,24986940107_attempt1,25044896828_attempt1,25100490855_attempt1,25157440693_attempt1,25208977834_attempt1,25247789591_attempt1,25274678535_attempt1,25311264469_attempt1,25367630341_attempt1,25427145257_attempt1,25487949887_attempt1,25545252940_attempt1,25596809734_attempt1,25624592440_attempt1,25665168591_attempt1,25791429807_attempt1,25852951350_attempt1,25911485679_attempt1,25957739510_attempt1,25986690554_attempt1,26029755017_attempt1,26091905404_attempt1,26156603287_attempt1,26221008452_attempt1,26357456273_attempt1,26709070227_attempt1,26709294970_attempt1,26755468029_attempt1,26832707302_attempt1,26944523023_attempt1,27008365180_attempt1",27059341408_attempt1,27089462916_attempt1,d4_sp40_ov30_dep300_adv5_fix25_f100,0.95,0.6878100905808051,-0.693439231547259,0.8783203124999999,0.006411142448268015,8,0.36,4,0.04,0.03,300.0,0.005,0.0025,0.01
32,classic_early_drop_down,classic_microstructure,"24949259015_attempt1,24952032748_attempt1,24986940107_attempt1,25044896828_attempt1,25100490855_attempt1,25157440693_attempt1,25208977834_attempt1,25247789591_attempt1,25274678535_attempt1,25311264469_attempt1,25367630341_attempt1,25427145257_attempt1,25487949887_attempt1,25545252940_attempt1,25596809734_attempt1,25624592440_attempt1,25665168591_attempt1,25791429807_attempt1,25852951350_attempt1,25911485679_attempt1,25957739510_attempt1,25986690554_attempt1,26029755017_attempt1,26091905404_attempt1,26156603287_attempt1,26221008452_attempt1,26357456273_attempt1,26709070227_attempt1,26709294970_attempt1,26755468029_attempt1,26832707302_attempt1,26944523023_attempt1,27008365180_attempt1,27059341408_attempt1",27089462916_attempt1,27130700451_attempt1,d4_sp40_ov30_dep100_adv15_fix25_f100,,,,0.910546875,0.029253156457840657,20,0.5268817204301075,4,0.04,0.03,100.0,0.015,0.0025,0.01
32,btc2_path_eff,alphaforge_interaction,"24949259015_attempt1,24952032748_attempt1,24986940107_attempt1,25044896828_attempt1,25100490855_attempt1,25157440693_attempt1,25208977834_attempt1,25247789591_attempt1,25274678535_attempt1,25311264469_attempt1,25367630341_attempt1,25427145257_attempt1,25487949887_attempt1,25545252940_attempt1,25596809734_attempt1,25624592440_attempt1,25665168591_attempt1,25791429807_attempt1,25852951350_attempt1,25911485679_attempt1,25957739510_attempt1,25986690554_attempt1,26029755017_attempt1,26091905404_attempt1,26156603287_attempt1,26221008452_attempt1,26357456273_attempt1,26709070227_attempt1,26709294970_attempt1,26755468029_attempt1,26832707302_attempt1,26944523023_attempt1,27008365180_attempt1,27059341408_attempt1",27089462916_attempt1,27130700451_attempt1,d4_sp40_ov30_dep300_adv15_fix75_f100,0.85,0.25607354592196563,-0.27045355852923175,0.8694010416666667,0.021031545805359153,17,0.4090909090909091,4,0.04,0.03,300.0,0.015,0.0075,0.01
32,size_imbalance_uncertainty,alphaforge_interaction,"24949259015_attempt1,24952032748_attempt1,24986940107_attempt1,25044896828_attempt1,25100490855_attempt1,25157440693_attempt1,25208977834_attempt1,25247789591_attempt1,25274678535_attempt1,25311264469_attempt1,25367630341_attempt1,25427145257_attempt1,25487949887_attempt1,25545252940_attempt1,25596809734_attempt1,25624592440_attempt1,25665168591_attempt1,25791429807_attempt1,25852951350_attempt1,25911485679_attempt1,25957739510_attempt1,25986690554_attempt1,26029755017_attempt1,26091905404_attempt1,26156603287_attempt1,26221008452_attempt1,26357456273_attempt1,26709070227_attempt1,26709294970_attempt1,26755468029_attempt1,26832707302_attempt1,26944523023_attempt1,27008365180_attempt1,27059341408_attempt1",27089462916_attempt1,27130700451_attempt1,d4_sp40_ov30_dep100_adv5_fix25_f100,0.9,0.5491776812377351,-0.5546767097066847,0.8228515625,0.02357605956107811,16,0.5,4,0.04,0.03,100.0,0.005,0.0025,0.01
33,classic_early_drop_down,classic_microstructure,"24949259015_attempt1,24952032748_attempt1,24986940107_attempt1,25044896828_attempt1,25100490855_attempt1,25157440693_attempt1,25208977834_attempt1,25247789591_attempt1,25274678535_attempt1,25311264469_attempt1,25367630341_attempt1,25427145257_attempt1,25487949887_attempt1,25545252940_attempt1,25596809734_attempt1,25624592440_attempt1,25665168591_attempt1,25791429807_attempt1,25852951350_attempt1,25911485679_attempt1,25957739510_attempt1,25986690554_attempt1,26029755017_attempt1,26091905404_attempt1,26156603287_attempt1,26221008452_attempt1,26357456273_attempt1,26709070227_attempt1,26709294970_attempt1,26755468029_attempt1,26832707302_attempt1,26944523023_attempt1,27008365180_attempt1,27059341408_attempt1,27089462916_attempt1",27130700451_attempt1,27199408085_attempt1,d4_sp40_ov30_dep300_adv5_fix25_f100,,,,0.8582031250000001,0.011027735425343854,16,0.3380281690140845,4,0.04,0.03,300.0,0.005,0.0025,0.01
33,btc2_path_eff,alphaforge_interaction,"24949259015_attempt1,24952032748_attempt1,24986940107_attempt1,25044896828_attempt1,25100490855_attempt1,25157440693_attempt1,25208977834_attempt1,25247789591_attempt1,25274678535_attempt1,25311264469_attempt1,25367630341_attempt1,25427145257_attempt1,25487949887_attempt1,25545252940_attempt1,25596809734_attempt1,25624592440_attempt1,25665168591_attempt1,25791429807_attempt1,25852951350_attempt1,25911485679_attempt1,25957739510_attempt1,25986690554_attempt1,26029755017_attempt1,26091905404_attempt1,26156603287_attempt1,26221008452_attempt1,26357456273_attempt1,26709070227_attempt1,26709294970_attempt1,26755468029_attempt1,26832707302_attempt1,26944523023_attempt1,27008365180_attempt1,27059341408_attempt1,27089462916_attempt1",27130700451_attempt1,27199408085_attempt1,d4_sp40_ov30_dep100_adv15_fix25_f100,0.85,0.25788510732695635,-0.2715460988733111,0.830859375,0.019304853992677007,20,0.5949367088607594,4,0.04,0.03,100.0,0.015,0.0025,0.01
33,size_imbalance_uncertainty,alphaforge_interaction,"24949259015_attempt1,24952032748_attempt1,24986940107_attempt1,25044896828_attempt1,25100490855_attempt1,25157440693_attempt1,25208977834_attempt1,25247789591_attempt1,25274678535_attempt1,25311264469_attempt1,25367630341_attempt1,25427145257_attempt1,25487949887_attempt1,25545252940_attempt1,25596809734_attempt1,25624592440_attempt1,25665168591_attempt1,25791429807_attempt1,25852951350_attempt1,25911485679_attempt1,25957739510_attempt1,25986690554_attempt1,26029755017_attempt1,26091905404_attempt1,26156603287_attempt1,26221008452_attempt1,26357456273_attempt1,26709070227_attempt1,26709294970_attempt1,26755468029_attempt1,26832707302_attempt1,26944523023_attempt1,27008365180_attempt1,27059341408_attempt1,27089462916_attempt1",27130700451_attempt1,27199408085_attempt1,d4_sp40_ov30_dep100_adv15_fix75_f100,0.95,0.6896397737922801,-0.6936365381542615,0.9220703125,0.02415486193180083,9,0.5555555555555556,4,0.04,0.03,100.0,0.015,0.0075,0.01
34,classic_early_drop_down,classic_microstructure,"24949259015_attempt1,24952032748_attempt1,24986940107_attempt1,25044896828_attempt1,25100490855_attempt1,25157440693_attempt1,25208977834_attempt1,25247789591_attempt1,25274678535_attempt1,25311264469_attempt1,25367630341_attempt1,25427145257_attempt1,25487949887_attempt1,25545252940_attempt1,25596809734_attempt1,25624592440_attempt1,25665168591_attempt1,25791429807_attempt1,25852951350_attempt1,25911485679_attempt1,25957739510_attempt1,25986690554_attempt1,26029755017_attempt1,26091905404_attempt1,26156603287_attempt1,26221008452_attempt1,26357456273_attempt1,26709070227_attempt1,26709294970_attempt1,26755468029_attempt1,26832707302_attempt1,26944523023_attempt1,27008365180_attempt1,27059341408_attempt1,27089462916_attempt1,27130700451_attempt1",27199408085_attempt1,27269618919_attempt1,d4_sp40_ov30_dep300_adv15_fix25_f100,,,,0.891015625,0.034236348385182414,19,0.45263157894736844,4,0.04,0.03,300.0,0.015,0.0025,0.01
34,btc2_path_eff,alphaforge_interaction,"24949259015_attempt1,24952032748_attempt1,24986940107_attempt1,25044896828_attempt1,25100490855_attempt1,25157440693_attempt1,25208977834_attempt1,25247789591_attempt1,25274678535_attempt1,25311264469_attempt1,25367630341_attempt1,25427145257_attempt1,25487949887_attempt1,25545252940_attempt1,25596809734_attempt1,25624592440_attempt1,25665168591_attempt1,25791429807_attempt1,25852951350_attempt1,25911485679_attempt1,25957739510_attempt1,25986690554_attempt1,26029755017_attempt1,26091905404_attempt1,26156603287_attempt1,26221008452_attempt1,26357456273_attempt1,26709070227_attempt1,26709294970_attempt1,26755468029_attempt1,26832707302_attempt1,26944523023_attempt1,27008365180_attempt1,27059341408_attempt1,27089462916_attempt1,27130700451_attempt1",27199408085_attempt1,27269618919_attempt1,d8_sp40_ov30_dep100_adv15_fix25_f200,0.95,0.6301912417399801,-0.6904096193375259,0.8993489583333333,0.03496524006189583,12,0.42857142857142855,8,0.04,0.03,100.0,0.015,0.0025,0.02
34,size_imbalance_uncertainty,alphaforge_interaction,"24949259015_attempt1,24952032748_attempt1,24986940107_attempt1,25044896828_attempt1,25100490855_attempt1,25157440693_attempt1,25208977834_attempt1,25247789591_attempt1,25274678535_attempt1,25311264469_attempt1,25367630341_attempt1,25427145257_attempt1,25487949887_attempt1,25545252940_attempt1,25596809734_attempt1,25624592440_attempt1,25665168591_attempt1,25791429807_attempt1,25852951350_attempt1,25911485679_attempt1,25957739510_attempt1,25986690554_attempt1,26029755017_attempt1,26091905404_attempt1,26156603287_attempt1,26221008452_attempt1,26357456273_attempt1,26709070227_attempt1,26709294970_attempt1,26755468029_attempt1,26832707302_attempt1,26944523023_attempt1,27008365180_attempt1,27059341408_attempt1,27089462916_attempt1,27130700451_attempt1",27199408085_attempt1,27269618919_attempt1,d4_sp40_ov30_dep100_adv15_fix25_f100,0.9,0.5483666872656434,-0.5547138848189519,0.8798828124999999,-0.004827872888623408,15,0.4716981132075472,4,0.04,0.03,100.0,0.015,0.0025,0.01
35,classic_early_drop_down,classic_microstructure,"24949259015_attempt1,24952032748_attempt1,24986940107_attempt1,25044896828_attempt1,25100490855_attempt1,25157440693_attempt1,25208977834_attempt1,25247789591_attempt1,25274678535_attempt1,25311264469_attempt1,25367630341_attempt1,25427145257_attempt1,25487949887_attempt1,25545252940_attempt1,25596809734_attempt1,25624592440_attempt1,25665168591_attempt1,25791429807_attempt1,25852951350_attempt1,25911485679_attempt1,25957739510_attempt1,25986690554_attempt1,26029755017_attempt1,26091905404_attempt1,26156603287_attempt1,26221008452_attempt1,26357456273_attempt1,26709070227_attempt1,26709294970_attempt1,26755468029_attempt1,26832707302_attempt1,26944523023_attempt1,27008365180_attempt1,27059341408_attempt1,27089462916_attempt1,27130700451_attempt1,27199408085_attempt1",27269618919_attempt1,27340390720_attempt1,d8_sp40_ov30_dep100_adv15_fix25_f200,,,,0.812890625,0.043774154153391365,16,0.45348837209302323,8,0.04,0.03,100.0,0.015,0.0025,0.02
35,btc2_path_eff,alphaforge_interaction,"24949259015_attempt1,24952032748_attempt1,24986940107_attempt1,25044896828_attempt1,25100490855_attempt1,25157440693_attempt1,25208977834_attempt1,25247789591_attempt1,25274678535_attempt1,25311264469_attempt1,25367630341_attempt1,25427145257_attempt1,25487949887_attempt1,25545252940_attempt1,25596809734_attempt1,25624592440_attempt1,25665168591_attempt1,25791429807_attempt1,25852951350_attempt1,25911485679_attempt1,25957739510_attempt1,25986690554_attempt1,26029755017_attempt1,26091905404_attempt1,26156603287_attempt1,26221008452_attempt1,26357456273_attempt1,26709070227_attempt1,26709294970_attempt1,26755468029_attempt1,26832707302_attempt1,26944523023_attempt1,27008365180_attempt1,27059341408_attempt1,27089462916_attempt1,27130700451_attempt1,27199408085_attempt1",27269618919_attempt1,27340390720_attempt1,d8_sp40_ov30_dep300_adv5_fix25_f100,0.95,0.629374630672788,-0.6941041578338537,0.8915364583333334,0.003068232448314001,15,0.4358974358974359,8,0.04,0.03,300.0,0.005,0.0025,0.01
35,size_imbalance_uncertainty,alphaforge_interaction,"24949259015_attempt1,24952032748_attempt1,24986940107_attempt1,25044896828_attempt1,25100490855_attempt1,25157440693_attempt1,25208977834_attempt1,25247789591_attempt1,25274678535_attempt1,25311264469_attempt1,25367630341_attempt1,25427145257_attempt1,25487949887_attempt1,25545252940_attempt1,25596809734_attempt1,25624592440_attempt1,25665168591_attempt1,25791429807_attempt1,25852951350_attempt1,25911485679_attempt1,25957739510_attempt1,25986690554_attempt1,26029755017_attempt1,26091905404_attempt1,26156603287_attempt1,26221008452_attempt1,26357456273_attempt1,26709070227_attempt1,26709294970_attempt1,26755468029_attempt1,26832707302_attempt1,26944523023_attempt1,27008365180_attempt1,27059341408_attempt1,27089462916_attempt1,27130700451_attempt1,27199408085_attempt1",27269618919_attempt1,27340390720_attempt1,d8_sp40_ov30_dep300_adv15_fix25_f100,0.9,0.5476132678910703,-0.5553060414074427,0.8658203124999998,0.022340869738023406,11,0.32653061224489793,8,0.04,0.03,300.0,0.015,0.0025,0.01
36,classic_early_drop_down,classic_microstructure,"24949259015_attempt1,24952032748_attempt1,24986940107_attempt1,25044896828_attempt1,25100490855_attempt1,25157440693_attempt1,25208977834_attempt1,25247789591_attempt1,25274678535_attempt1,25311264469_attempt1,25367630341_attempt1,25427145257_attempt1,25487949887_attempt1,25545252940_attempt1,25596809734_attempt1,25624592440_attempt1,25665168591_attempt1,25791429807_attempt1,25852951350_attempt1,25911485679_attempt1,25957739510_attempt1,25986690554_attempt1,26029755017_attempt1,26091905404_attempt1,26156603287_attempt1,26221008452_attempt1,26357456273_attempt1,26709070227_attempt1,26709294970_attempt1,26755468029_attempt1,26832707302_attempt1,26944523023_attempt1,27008365180_attempt1,27059341408_attempt1,27089462916_attempt1,27130700451_attempt1,27199408085_attempt1,27269618919_attempt1",27340390720_attempt1,27410119221_attempt1,d4_sp40_ov30_dep300_adv15_fix25_f100,,,,0.941015625,-0.004032783301324838,16,0.43478260869565216,4,0.04,0.03,300.0,0.015,0.0025,0.01
36,btc2_path_eff,alphaforge_interaction,"24949259015_attempt1,24952032748_attempt1,24986940107_attempt1,25044896828_attempt1,25100490855_attempt1,25157440693_attempt1,25208977834_attempt1,25247789591_attempt1,25274678535_attempt1,25311264469_attempt1,25367630341_attempt1,25427145257_attempt1,25487949887_attempt1,25545252940_attempt1,25596809734_attempt1,25624592440_attempt1,25665168591_attempt1,25791429807_attempt1,25852951350_attempt1,25911485679_attempt1,25957739510_attempt1,25986690554_attempt1,26029755017_attempt1,26091905404_attempt1,26156603287_attempt1,26221008452_attempt1,26357456273_attempt1,26709070227_attempt1,26709294970_attempt1,26755468029_attempt1,26832707302_attempt1,26944523023_attempt1,27008365180_attempt1,27059341408_attempt1,27089462916_attempt1,27130700451_attempt1,27199408085_attempt1,27269618919_attempt1",27340390720_attempt1,27410119221_attempt1,d8_sp40_ov30_dep100_adv5_fix75_f100,0.85,0.2584066138218092,-0.27426788386653933,0.8032552083333334,0.01786218974249998,16,0.3880597014925373,8,0.04,0.03,100.0,0.005,0.0075,0.01
36,size_imbalance_uncertainty,alphaforge_interaction,"24949259015_attempt1,24952032748_attempt1,24986940107_attempt1,25044896828_attempt1,25100490855_attempt1,25157440693_attempt1,25208977834_attempt1,25247789591_attempt1,25274678535_attempt1,25311264469_attempt1,25367630341_attempt1,25427145257_attempt1,25487949887_attempt1,25545252940_attempt1,25596809734_attempt1,25624592440_attempt1,25665168591_attempt1,25791429807_attempt1,25852951350_attempt1,25911485679_attempt1,25957739510_attempt1,25986690554_attempt1,26029755017_attempt1,26091905404_attempt1,26156603287_attempt1,26221008452_attempt1,26357456273_attempt1,26709070227_attempt1,26709294970_attempt1,26755468029_attempt1,26832707302_attempt1,26944523023_attempt1,27008365180_attempt1,27059341408_attempt1,27089462916_attempt1,27130700451_attempt1,27199408085_attempt1,27269618919_attempt1",27340390720_attempt1,27410119221_attempt1,d4_sp40_ov30_dep100_adv15_fix25_f100,0.9,0.5475970867637746,-0.5546999441518516,0.9087890624999999,0.07510847388514175,18,0.6101694915254238,4,0.04,0.03,100.0,0.015,0.0025,0.01
37,classic_early_drop_down,classic_microstructure,"24949259015_attempt1,24952032748_attempt1,24986940107_attempt1,25044896828_attempt1,25100490855_attempt1,25157440693_attempt1,25208977834_attempt1,25247789591_attempt1,25274678535_attempt1,25311264469_attempt1,25367630341_attempt1,25427145257_attempt1,25487949887_attempt1,25545252940_attempt1,25596809734_attempt1,25624592440_attempt1,25665168591_attempt1,25791429807_attempt1,25852951350_attempt1,25911485679_attempt1,25957739510_attempt1,25986690554_attempt1,26029755017_attempt1,26091905404_attempt1,26156603287_attempt1,26221008452_attempt1,26357456273_attempt1,26709070227_attempt1,26709294970_attempt1,26755468029_attempt1,26832707302_attempt1,26944523023_attempt1,27008365180_attempt1,27059341408_attempt1,27089462916_attempt1,27130700451_attempt1,27199408085_attempt1,27269618919_attempt1,27340390720_attempt1",27410119221_attempt1,27464308599_attempt1,d8_sp40_ov30_dep300_adv5_fix25_f100,,,,0.859765625,0.004246436788619912,7,0.12727272727272726,8,0.04,0.03,300.0,0.005,0.0025,0.01
37,btc2_path_eff,alphaforge_interaction,"24949259015_attempt1,24952032748_attempt1,24986940107_attempt1,25044896828_attempt1,25100490855_attempt1,25157440693_attempt1,25208977834_attempt1,25247789591_attempt1,25274678535_attempt1,25311264469_attempt1,25367630341_attempt1,25427145257_attempt1,25487949887_attempt1,25545252940_attempt1,25596809734_attempt1,25624592440_attempt1,25665168591_attempt1,25791429807_attempt1,25852951350_attempt1,25911485679_attempt1,25957739510_attempt1,25986690554_attempt1,26029755017_attempt1,26091905404_attempt1,26156603287_attempt1,26221008452_attempt1,26357456273_attempt1,26709070227_attempt1,26709294970_attempt1,26755468029_attempt1,26832707302_attempt1,26944523023_attempt1,27008365180_attempt1,27059341408_attempt1,27089462916_attempt1,27130700451_attempt1,27199408085_attempt1,27269618919_attempt1,27340390720_attempt1",27410119221_attempt1,27464308599_attempt1,d8_sp40_ov30_dep300_adv15_fix25_f100,0.85,0.2583684080798417,-0.27289990659198854,0.8529947916666666,0.020777332394753545,17,0.36363636363636365,8,0.04,0.03,300.0,0.015,0.0025,0.01
37,size_imbalance_uncertainty,alphaforge_interaction,"24949259015_attempt1,24952032748_attempt1,24986940107_attempt1,25044896828_attempt1,25100490855_attempt1,25157440693_attempt1,25208977834_attempt1,25247789591_attempt1,25274678535_attempt1,25311264469_attempt1,25367630341_attempt1,25427145257_attempt1,25487949887_attempt1,25545252940_attempt1,25596809734_attempt1,25624592440_attempt1,25665168591_attempt1,25791429807_attempt1,25852951350_attempt1,25911485679_attempt1,25957739510_attempt1,25986690554_attempt1,26029755017_attempt1,26091905404_attempt1,26156603287_attempt1,26221008452_attempt1,26357456273_attempt1,26709070227_attempt1,26709294970_attempt1,26755468029_attempt1,26832707302_attempt1,26944523023_attempt1,27008365180_attempt1,27059341408_attempt1,27089462916_attempt1,27130700451_attempt1,27199408085_attempt1,27269618919_attempt1,27340390720_attempt1",27410119221_attempt1,27464308599_attempt1,d4_sp40_ov30_dep300_adv5_fix25_f100,0.9,0.5488545374009314,-0.5548219691791075,0.8783203124999999,0.0046228699199324375,13,0.30158730158730157,4,0.04,0.03,300.0,0.005,0.0025,0.01
38,classic_early_drop_down,classic_microstructure,"24949259015_attempt1,24952032748_attempt1,24986940107_attempt1,25044896828_attempt1,25100490855_attempt1,25157440693_attempt1,25208977834_attempt1,25247789591_attempt1,25274678535_attempt1,25311264469_attempt1,25367630341_attempt1,25427145257_attempt1,25487949887_attempt1,25545252940_attempt1,25596809734_attempt1,25624592440_attempt1,25665168591_attempt1,25791429807_attempt1,25852951350_attempt1,25911485679_attempt1,25957739510_attempt1,25986690554_attempt1,26029755017_attempt1,26091905404_attempt1,26156603287_attempt1,26221008452_attempt1,26357456273_attempt1,26709070227_attempt1,26709294970_attempt1,26755468029_attempt1,26832707302_attempt1,26944523023_attempt1,27008365180_attempt1,27059341408_attempt1,27089462916_attempt1,27130700451_attempt1,27199408085_attempt1,27269618919_attempt1,27340390720_attempt1,27410119221_attempt1",27464308599_attempt1,27496226714_attempt1,d4_sp40_ov30_dep300_adv15_fix25_f200,,,,0.760546875,0.05549286590873215,8,0.2857142857142857,4,0.04,0.03,300.0,0.015,0.0025,0.02
38,btc2_path_eff,alphaforge_interaction,"24949259015_attempt1,24952032748_attempt1,24986940107_attempt1,25044896828_attempt1,25100490855_attempt1,25157440693_attempt1,25208977834_attempt1,25247789591_attempt1,25274678535_attempt1,25311264469_attempt1,25367630341_attempt1,25427145257_attempt1,25487949887_attempt1,25545252940_attempt1,25596809734_attempt1,25624592440_attempt1,25665168591_attempt1,25791429807_attempt1,25852951350_attempt1,25911485679_attempt1,25957739510_attempt1,25986690554_attempt1,26029755017_attempt1,26091905404_attempt1,26156603287_attempt1,26221008452_attempt1,26357456273_attempt1,26709070227_attempt1,26709294970_attempt1,26755468029_attempt1,26832707302_attempt1,26944523023_attempt1,27008365180_attempt1,27059341408_attempt1,27089462916_attempt1,27130700451_attempt1,27199408085_attempt1,27269618919_attempt1,27340390720_attempt1,27410119221_attempt1",27464308599_attempt1,27496226714_attempt1,d8_sp40_ov30_dep300_adv15_fix25_f100,0.85,0.25606335131239216,-0.26956496186229034,0.8583806818181817,0.02306066628642589,18,0.3188405797101449,8,0.04,0.03,300.0,0.015,0.0025,0.01
38,size_imbalance_uncertainty,alphaforge_interaction,"24949259015_attempt1,24952032748_attempt1,24986940107_attempt1,25044896828_attempt1,25100490855_attempt1,25157440693_attempt1,25208977834_attempt1,25247789591_attempt1,25274678535_attempt1,25311264469_attempt1,25367630341_attempt1,25427145257_attempt1,25487949887_attempt1,25545252940_attempt1,25596809734_attempt1,25624592440_attempt1,25665168591_attempt1,25791429807_attempt1,25852951350_attempt1,25911485679_attempt1,25957739510_attempt1,25986690554_attempt1,26029755017_attempt1,26091905404_attempt1,26156603287_attempt1,26221008452_attempt1,26357456273_attempt1,26709070227_attempt1,26709294970_attempt1,26755468029_attempt1,26832707302_attempt1,26944523023_attempt1,27008365180_attempt1,27059341408_attempt1,27089462916_attempt1,27130700451_attempt1,27199408085_attempt1,27269618919_attempt1,27340390720_attempt1,27410119221_attempt1",27464308599_attempt1,27496226714_attempt1,d8_sp40_ov30_dep100_adv15_fix25_f100,0.9,0.550234318017581,-0.5554532605729449,0.8955078124999999,-0.023126646385024374,18,0.44285714285714284,8,0.04,0.03,100.0,0.015,0.0025,0.01
39,classic_early_drop_down,classic_microstructure,"24949259015_attempt1,24952032748_attempt1,24986940107_attempt1,25044896828_attempt1,25100490855_attempt1,25157440693_attempt1,25208977834_attempt1,25247789591_attempt1,25274678535_attempt1,25311264469_attempt1,25367630341_attempt1,25427145257_attempt1,25487949887_attempt1,25545252940_attempt1,25596809734_attempt1,25624592440_attempt1,25665168591_attempt1,25791429807_attempt1,25852951350_attempt1,25911485679_attempt1,25957739510_attempt1,25986690554_attempt1,26029755017_attempt1,26091905404_attempt1,26156603287_attempt1,26221008452_attempt1,26357456273_attempt1,26709070227_attempt1,26709294970_attempt1,26755468029_attempt1,26832707302_attempt1,26944523023_attempt1,27008365180_attempt1,27059341408_attempt1,27089462916_attempt1,27130700451_attempt1,27199408085_attempt1,27269618919_attempt1,27340390720_attempt1,27410119221_attempt1,27464308599_attempt1",27496226714_attempt1,27540844174_attempt1,d4_sp60_ov30_dep100_adv15_fix25_f100,,,,0.9691406250000001,-0.01011786737338094,16,0.58,4,0.06,0.03,100.0,0.015,0.0025,0.01
39,btc2_path_eff,alphaforge_interaction,"24949259015_attempt1,24952032748_attempt1,24986940107_attempt1,25044896828_attempt1,25100490855_attempt1,25157440693_attempt1,25208977834_attempt1,25247789591_attempt1,25274678535_attempt1,25311264469_attempt1,25367630341_attempt1,25427145257_attempt1,25487949887_attempt1,25545252940_attempt1,25596809734_attempt1,25624592440_attempt1,25665168591_attempt1,25791429807_attempt1,25852951350_attempt1,25911485679_attempt1,25957739510_attempt1,25986690554_attempt1,26029755017_attempt1,26091905404_attempt1,26156603287_attempt1,26221008452_attempt1,26357456273_attempt1,26709070227_attempt1,26709294970_attempt1,26755468029_attempt1,26832707302_attempt1,26944523023_attempt1,27008365180_attempt1,27059341408_attempt1,27089462916_attempt1,27130700451_attempt1,27199408085_attempt1,27269618919_attempt1,27340390720_attempt1,27410119221_attempt1,27464308599_attempt1",27496226714_attempt1,27540844174_attempt1,d8_sp40_ov30_dep100_adv5_fix75_f100,0.85,0.2575770163111495,-0.26547776414925606,0.947265625,0.019144821334194928,17,0.39215686274509803,8,0.04,0.03,100.0,0.005,0.0075,0.01
39,size_imbalance_uncertainty,alphaforge_interaction,"24949259015_attempt1,24952032748_attempt1,24986940107_attempt1,25044896828_attempt1,25100490855_attempt1,25157440693_attempt1,25208977834_attempt1,25247789591_attempt1,25274678535_attempt1,25311264469_attempt1,25367630341_attempt1,25427145257_attempt1,25487949887_attempt1,25545252940_attempt1,25596809734_attempt1,25624592440_attempt1,25665168591_attempt1,25791429807_attempt1,25852951350_attempt1,25911485679_attempt1,25957739510_attempt1,25986690554_attempt1,26029755017_attempt1,26091905404_attempt1,26156603287_attempt1,26221008452_attempt1,26357456273_attempt1,26709070227_attempt1,26709294970_attempt1,26755468029_attempt1,26832707302_attempt1,26944523023_attempt1,27008365180_attempt1,27059341408_attempt1,27089462916_attempt1,27130700451_attempt1,27199408085_attempt1,27269618919_attempt1,27340390720_attempt1,27410119221_attempt1,27464308599_attempt1",27496226714_attempt1,27540844174_attempt1,d4_sp40_ov30_dep300_adv5_fix25_f100,0.95,0.6904697281128929,-0.6963833318047988,0.8994140625,0.020334858671680056,14,0.4857142857142857,4,0.04,0.03,300.0,0.005,0.0025,0.01
40,classic_early_drop_down,classic_microstructure,"24949259015_attempt1,24952032748_attempt1,24986940107_attempt1,25044896828_attempt1,25100490855_attempt1,25157440693_attempt1,25208977834_attempt1,25247789591_attempt1,25274678535_attempt1,25311264469_attempt1,25367630341_attempt1,25427145257_attempt1,25487949887_attempt1,25545252940_attempt1,25596809734_attempt1,25624592440_attempt1,25665168591_attempt1,25791429807_attempt1,25852951350_attempt1,25911485679_attempt1,25957739510_attempt1,25986690554_attempt1,26029755017_attempt1,26091905404_attempt1,26156603287_attempt1,26221008452_attempt1,26357456273_attempt1,26709070227_attempt1,26709294970_attempt1,26755468029_attempt1,26832707302_attempt1,26944523023_attempt1,27008365180_attempt1,27059341408_attempt1,27089462916_attempt1,27130700451_attempt1,27199408085_attempt1,27269618919_attempt1,27340390720_attempt1,27410119221_attempt1,27464308599_attempt1,27496226714_attempt1",27540844174_attempt1,27612222130_attempt1,d4_sp40_ov30_dep300_adv5_fix25_f100,,,,0.8222656249999999,0.02170749525537663,19,0.3548387096774194,4,0.04,0.03,300.0,0.005,0.0025,0.01
40,btc2_path_eff,alphaforge_interaction,"24949259015_attempt1,24952032748_attempt1,24986940107_attempt1,25044896828_attempt1,25100490855_attempt1,25157440693_attempt1,25208977834_attempt1,25247789591_attempt1,25274678535_attempt1,25311264469_attempt1,25367630341_attempt1,25427145257_attempt1,25487949887_attempt1,25545252940_attempt1,25596809734_attempt1,25624592440_attempt1,25665168591_attempt1,25791429807_attempt1,25852951350_attempt1,25911485679_attempt1,25957739510_attempt1,25986690554_attempt1,26029755017_attempt1,26091905404_attempt1,26156603287_attempt1,26221008452_attempt1,26357456273_attempt1,26709070227_attempt1,26709294970_attempt1,26755468029_attempt1,26832707302_attempt1,26944523023_attempt1,27008365180_attempt1,27059341408_attempt1,27089462916_attempt1,27130700451_attempt1,27199408085_attempt1,27269618919_attempt1,27340390720_attempt1,27410119221_attempt1,27464308599_attempt1,27496226714_attempt1",27540844174_attempt1,27612222130_attempt1,d4_sp40_ov50_dep100_adv15_fix25_f100,0.85,0.25492552904886523,-0.2628428354089429,0.859375,0.01766491384466118,20,0.631578947368421,4,0.04,0.05,100.0,0.015,0.0025,0.01
40,size_imbalance_uncertainty,alphaforge_interaction,"24949259015_attempt1,24952032748_attempt1,24986940107_attempt1,25044896828_attempt1,25100490855_attempt1,25157440693_attempt1,25208977834_attempt1,25247789591_attempt1,25274678535_attempt1,25311264469_attempt1,25367630341_attempt1,25427145257_attempt1,25487949887_attempt1,25545252940_attempt1,25596809734_attempt1,25624592440_attempt1,25665168591_attempt1,25791429807_attempt1,25852951350_attempt1,25911485679_attempt1,25957739510_attempt1,25986690554_attempt1,26029755017_attempt1,26091905404_attempt1,26156603287_attempt1,26221008452_attempt1,26357456273_attempt1,26709070227_attempt1,26709294970_attempt1,26755468029_attempt1,26832707302_attempt1,26944523023_attempt1,27008365180_attempt1,27059341408_attempt1,27089462916_attempt1,27130700451_attempt1,27199408085_attempt1,27269618919_attempt1,27340390720_attempt1,27410119221_attempt1,27464308599_attempt1,27496226714_attempt1",27540844174_attempt1,27612222130_attempt1,d8_sp40_ov30_dep300_adv15_fix25_f100,0.9,0.5536565991779072,-0.5590334502550276,0.8365234375,0.020799619682448922,13,0.34615384615384615,8,0.04,0.03,300.0,0.015,0.0025,0.01
41,classic_early_drop_down,classic_microstructure,"24949259015_attempt1,24952032748_attempt1,24986940107_attempt1,25044896828_attempt1,25100490855_attempt1,25157440693_attempt1,25208977834_attempt1,25247789591_attempt1,25274678535_attempt1,25311264469_attempt1,25367630341_attempt1,25427145257_attempt1,25487949887_attempt1,25545252940_attempt1,25596809734_attempt1,25624592440_attempt1,25665168591_attempt1,25791429807_attempt1,25852951350_attempt1,25911485679_attempt1,25957739510_attempt1,25986690554_attempt1,26029755017_attempt1,26091905404_attempt1,26156603287_attempt1,26221008452_attempt1,26357456273_attempt1,26709070227_attempt1,26709294970_attempt1,26755468029_attempt1,26832707302_attempt1,26944523023_attempt1,27008365180_attempt1,27059341408_attempt1,27089462916_attempt1,27130700451_attempt1,27199408085_attempt1,27269618919_attempt1,27340390720_attempt1,27410119221_attempt1,27464308599_attempt1,27496226714_attempt1,27540844174_attempt1",27612222130_attempt1,27683808024_attempt1,d4_sp40_ov30_dep300_adv15_fix75_f200,,,,0.808203125,0.12730220583883423,20,0.43661971830985913,4,0.04,0.03,300.0,0.015,0.0075,0.02
41,btc2_path_eff,alphaforge_interaction,"24949259015_attempt1,24952032748_attempt1,24986940107_attempt1,25044896828_attempt1,25100490855_attempt1,25157440693_attempt1,25208977834_attempt1,25247789591_attempt1,25274678535_attempt1,25311264469_attempt1,25367630341_attempt1,25427145257_attempt1,25487949887_attempt1,25545252940_attempt1,25596809734_attempt1,25624592440_attempt1,25665168591_attempt1,25791429807_attempt1,25852951350_attempt1,25911485679_attempt1,25957739510_attempt1,25986690554_attempt1,26029755017_attempt1,26091905404_attempt1,26156603287_attempt1,26221008452_attempt1,26357456273_attempt1,26709070227_attempt1,26709294970_attempt1,26755468029_attempt1,26832707302_attempt1,26944523023_attempt1,27008365180_attempt1,27059341408_attempt1,27089462916_attempt1,27130700451_attempt1,27199408085_attempt1,27269618919_attempt1,27340390720_attempt1,27410119221_attempt1,27464308599_attempt1,27496226714_attempt1,27540844174_attempt1",27612222130_attempt1,27683808024_attempt1,d8_sp40_ov30_dep100_adv15_fix25_f100,0.9,0.3948719416600994,-0.3982507677317121,0.8477864583333332,0.0006004219261526167,19,0.44680851063829785,8,0.04,0.03,100.0,0.015,0.0025,0.01
41,size_imbalance_uncertainty,alphaforge_interaction,"24949259015_attempt1,24952032748_attempt1,24986940107_attempt1,25044896828_attempt1,25100490855_attempt1,25157440693_attempt1,25208977834_attempt1,25247789591_attempt1,25274678535_attempt1,25311264469_attempt1,25367630341_attempt1,25427145257_attempt1,25487949887_attempt1,25545252940_attempt1,25596809734_attempt1,25624592440_attempt1,25665168591_attempt1,25791429807_attempt1,25852951350_attempt1,25911485679_attempt1,25957739510_attempt1,25986690554_attempt1,26029755017_attempt1,26091905404_attempt1,26156603287_attempt1,26221008452_attempt1,26357456273_attempt1,26709070227_attempt1,26709294970_attempt1,26755468029_attempt1,26832707302_attempt1,26944523023_attempt1,27008365180_attempt1,27059341408_attempt1,27089462916_attempt1,27130700451_attempt1,27199408085_attempt1,27269618919_attempt1,27340390720_attempt1,27410119221_attempt1,27464308599_attempt1,27496226714_attempt1,27540844174_attempt1",27612222130_attempt1,27683808024_attempt1,d8_sp40_ov30_dep100_adv5_fix25_f100,0.9,0.5529437750484332,-0.5598409407546694,0.8033203124999999,0.06875031841101764,17,0.4642857142857143,8,0.04,0.03,100.0,0.005,0.0025,0.01
42,classic_early_drop_down,classic_microstructure,"24949259015_attempt1,24952032748_attempt1,24986940107_attempt1,25044896828_attempt1,25100490855_attempt1,25157440693_attempt1,25208977834_attempt1,25247789591_attempt1,25274678535_attempt1,25311264469_attempt1,25367630341_attempt1,25427145257_attempt1,25487949887_attempt1,25545252940_attempt1,25596809734_attempt1,25624592440_attempt1,25665168591_attempt1,25791429807_attempt1,25852951350_attempt1,25911485679_attempt1,25957739510_attempt1,25986690554_attempt1,26029755017_attempt1,26091905404_attempt1,26156603287_attempt1,26221008452_attempt1,26357456273_attempt1,26709070227_attempt1,26709294970_attempt1,26755468029_attempt1,26832707302_attempt1,26944523023_attempt1,27008365180_attempt1,27059341408_attempt1,27089462916_attempt1,27130700451_attempt1,27199408085_attempt1,27269618919_attempt1,27340390720_attempt1,27410119221_attempt1,27464308599_attempt1,27496226714_attempt1,27540844174_attempt1,27612222130_attempt1",27683808024_attempt1,27754758156_attempt1,d8_sp40_ov30_dep100_adv15_fix25_f100,,,,0.897265625,0.02583855801360735,20,0.43661971830985913,8,0.04,0.03,100.0,0.015,0.0025,0.01
42,btc2_path_eff,alphaforge_interaction,"24949259015_attempt1,24952032748_attempt1,24986940107_attempt1,25044896828_attempt1,25100490855_attempt1,25157440693_attempt1,25208977834_attempt1,25247789591_attempt1,25274678535_attempt1,25311264469_attempt1,25367630341_attempt1,25427145257_attempt1,25487949887_attempt1,25545252940_attempt1,25596809734_attempt1,25624592440_attempt1,25665168591_attempt1,25791429807_attempt1,25852951350_attempt1,25911485679_attempt1,25957739510_attempt1,25986690554_attempt1,26029755017_attempt1,26091905404_attempt1,26156603287_attempt1,26221008452_attempt1,26357456273_attempt1,26709070227_attempt1,26709294970_attempt1,26755468029_attempt1,26832707302_attempt1,26944523023_attempt1,27008365180_attempt1,27059341408_attempt1,27089462916_attempt1,27130700451_attempt1,27199408085_attempt1,27269618919_attempt1,27340390720_attempt1,27410119221_attempt1,27464308599_attempt1,27496226714_attempt1,27540844174_attempt1,27612222130_attempt1",27683808024_attempt1,27754758156_attempt1,d4_sp40_ov30_dep100_adv5_fix25_f100,0.85,0.25407141911085906,-0.26219584047718103,0.9313802083333333,0.008318876770150307,19,0.3246753246753247,4,0.04,0.03,100.0,0.005,0.0025,0.01
42,size_imbalance_uncertainty,alphaforge_interaction,"24949259015_attempt1,24952032748_attempt1,24986940107_attempt1,25044896828_attempt1,25100490855_attempt1,25157440693_attempt1,25208977834_attempt1,25247789591_attempt1,25274678535_attempt1,25311264469_attempt1,25367630341_attempt1,25427145257_attempt1,25487949887_attempt1,25545252940_attempt1,25596809734_attempt1,25624592440_attempt1,25665168591_attempt1,25791429807_attempt1,25852951350_attempt1,25911485679_attempt1,25957739510_attempt1,25986690554_attempt1,26029755017_attempt1,26091905404_attempt1,26156603287_attempt1,26221008452_attempt1,26357456273_attempt1,26709070227_attempt1,26709294970_attempt1,26755468029_attempt1,26832707302_attempt1,26944523023_attempt1,27008365180_attempt1,27059341408_attempt1,27089462916_attempt1,27130700451_attempt1,27199408085_attempt1,27269618919_attempt1,27340390720_attempt1,27410119221_attempt1,27464308599_attempt1,27496226714_attempt1,27540844174_attempt1,27612222130_attempt1",27683808024_attempt1,27754758156_attempt1,d4_sp40_ov30_dep100_adv15_fix75_f100,0.95,0.6931450154278769,-0.6956644070505843,0.8658203125,0.05769702128441079,14,0.5185185185185185,4,0.04,0.03,100.0,0.015,0.0075,0.01
43,classic_early_drop_down,classic_microstructure,"24949259015_attempt1,24952032748_attempt1,24986940107_attempt1,25044896828_attempt1,25100490855_attempt1,25157440693_attempt1,25208977834_attempt1,25247789591_attempt1,25274678535_attempt1,25311264469_attempt1,25367630341_attempt1,25427145257_attempt1,25487949887_attempt1,25545252940_attempt1,25596809734_attempt1,25624592440_attempt1,25665168591_attempt1,25791429807_attempt1,25852951350_attempt1,25911485679_attempt1,25957739510_attempt1,25986690554_attempt1,26029755017_attempt1,26091905404_attempt1,26156603287_attempt1,26221008452_attempt1,26357456273_attempt1,26709070227_attempt1,26709294970_attempt1,26755468029_attempt1,26832707302_attempt1,26944523023_attempt1,27008365180_attempt1,27059341408_attempt1,27089462916_attempt1,27130700451_attempt1,27199408085_attempt1,27269618919_attempt1,27340390720_attempt1,27410119221_attempt1,27464308599_attempt1,27496226714_attempt1,27540844174_attempt1,27612222130_attempt1,27683808024_attempt1",27754758156_attempt1,27821835753_attempt1,d8_sp40_ov30_dep300_adv15_fix25_f200,,,,0.8691406250000001,0.08833083091770977,17,0.2948717948717949,8,0.04,0.03,300.0,0.015,0.0025,0.02
43,btc2_path_eff,alphaforge_interaction,"24949259015_attempt1,24952032748_attempt1,24986940107_attempt1,25044896828_attempt1,25100490855_attempt1,25157440693_attempt1,25208977834_attempt1,25247789591_attempt1,25274678535_attempt1,25311264469_attempt1,25367630341_attempt1,25427145257_attempt1,25487949887_attempt1,25545252940_attempt1,25596809734_attempt1,25624592440_attempt1,25665168591_attempt1,25791429807_attempt1,25852951350_attempt1,25911485679_attempt1,25957739510_attempt1,25986690554_attempt1,26029755017_attempt1,26091905404_attempt1,26156603287_attempt1,26221008452_attempt1,26357456273_attempt1,26709070227_attempt1,26709294970_attempt1,26755468029_attempt1,26832707302_attempt1,26944523023_attempt1,27008365180_attempt1,27059341408_attempt1,27089462916_attempt1,27130700451_attempt1,27199408085_attempt1,27269618919_attempt1,27340390720_attempt1,27410119221_attempt1,27464308599_attempt1,27496226714_attempt1,27540844174_attempt1,27612222130_attempt1,27683808024_attempt1",27754758156_attempt1,27821835753_attempt1,d8_sp40_ov30_dep100_adv15_fix25_f200,0.85,0.2545342357580967,-0.2617183191657456,0.787890625,0.08467753070232176,20,0.475,8,0.04,0.03,100.0,0.015,0.0025,0.02
43,size_imbalance_uncertainty,alphaforge_interaction,"24949259015_attempt1,24952032748_attempt1,24986940107_attempt1,25044896828_attempt1,25100490855_attempt1,25157440693_attempt1,25208977834_attempt1,25247789591_attempt1,25274678535_attempt1,25311264469_attempt1,25367630341_attempt1,25427145257_attempt1,25487949887_attempt1,25545252940_attempt1,25596809734_attempt1,25624592440_attempt1,25665168591_attempt1,25791429807_attempt1,25852951350_attempt1,25911485679_attempt1,25957739510_attempt1,25986690554_attempt1,26029755017_attempt1,26091905404_attempt1,26156603287_attempt1,26221008452_attempt1,26357456273_attempt1,26709070227_attempt1,26709294970_attempt1,26755468029_attempt1,26832707302_attempt1,26944523023_attempt1,27008365180_attempt1,27059341408_attempt1,27089462916_attempt1,27130700451_attempt1,27199408085_attempt1,27269618919_attempt1,27340390720_attempt1,27410119221_attempt1,27464308599_attempt1,27496226714_attempt1,27540844174_attempt1,27612222130_attempt1,27683808024_attempt1",27754758156_attempt1,27821835753_attempt1,d8_sp40_ov30_dep100_adv5_fix25_f100,0.95,0.6932010705401953,-0.6960246681838754,0.8751953124999999,0.05106369365971797,17,0.6875,8,0.04,0.03,100.0,0.005,0.0025,0.01
44,classic_early_drop_down,classic_microstructure,"24949259015_attempt1,24952032748_attempt1,24986940107_attempt1,25044896828_attempt1,25100490855_attempt1,25157440693_attempt1,25208977834_attempt1,25247789591_attempt1,25274678535_attempt1,25311264469_attempt1,25367630341_attempt1,25427145257_attempt1,25487949887_attempt1,25545252940_attempt1,25596809734_attempt1,25624592440_attempt1,25665168591_attempt1,25791429807_attempt1,25852951350_attempt1,25911485679_attempt1,25957739510_attempt1,25986690554_attempt1,26029755017_attempt1,26091905404_attempt1,26156603287_attempt1,26221008452_attempt1,26357456273_attempt1,26709070227_attempt1,26709294970_attempt1,26755468029_attempt1,26832707302_attempt1,26944523023_attempt1,27008365180_attempt1,27059341408_attempt1,27089462916_attempt1,27130700451_attempt1,27199408085_attempt1,27269618919_attempt1,27340390720_attempt1,27410119221_attempt1,27464308599_attempt1,27496226714_attempt1,27540844174_attempt1,27612222130_attempt1,27683808024_attempt1,27754758156_attempt1",27821835753_attempt1,27869277828_attempt1,d8_sp40_ov30_dep100_adv15_fix25_f100,,,,0.853515625,0.04588934311393822,18,0.5306122448979592,8,0.04,0.03,100.0,0.015,0.0025,0.01
44,btc2_path_eff,alphaforge_interaction,"24949259015_attempt1,24952032748_attempt1,24986940107_attempt1,25044896828_attempt1,25100490855_attempt1,25157440693_attempt1,25208977834_attempt1,25247789591_attempt1,25274678535_attempt1,25311264469_attempt1,25367630341_attempt1,25427145257_attempt1,25487949887_attempt1,25545252940_attempt1,25596809734_attempt1,25624592440_attempt1,25665168591_attempt1,25791429807_attempt1,25852951350_attempt1,25911485679_attempt1,25957739510_attempt1,25986690554_attempt1,26029755017_attempt1,26091905404_attempt1,26156603287_attempt1,26221008452_attempt1,26357456273_attempt1,26709070227_attempt1,26709294970_attempt1,26755468029_attempt1,26832707302_attempt1,26944523023_attempt1,27008365180_attempt1,27059341408_attempt1,27089462916_attempt1,27130700451_attempt1,27199408085_attempt1,27269618919_attempt1,27340390720_attempt1,27410119221_attempt1,27464308599_attempt1,27496226714_attempt1,27540844174_attempt1,27612222130_attempt1,27683808024_attempt1,27754758156_attempt1",27821835753_attempt1,27869277828_attempt1,d8_sp40_ov30_dep100_adv5_fix75_f200,0.85,0.25361175797530733,-0.2624476509926169,0.741619318181818,0.03719487731021265,16,0.31666666666666665,8,0.04,0.03,100.0,0.005,0.0075,0.02
44,size_imbalance_uncertainty,alphaforge_interaction,"24949259015_attempt1,24952032748_attempt1,24986940107_attempt1,25044896828_attempt1,25100490855_attempt1,25157440693_attempt1,25208977834_attempt1,25247789591_attempt1,25274678535_attempt1,25311264469_attempt1,25367630341_attempt1,25427145257_attempt1,25487949887_attempt1,25545252940_attempt1,25596809734_attempt1,25624592440_attempt1,25665168591_attempt1,25791429807_attempt1,25852951350_attempt1,25911485679_attempt1,25957739510_attempt1,25986690554_attempt1,26029755017_attempt1,26091905404_attempt1,26156603287_attempt1,26221008452_attempt1,26357456273_attempt1,26709070227_attempt1,26709294970_attempt1,26755468029_attempt1,26832707302_attempt1,26944523023_attempt1,27008365180_attempt1,27059341408_attempt1,27089462916_attempt1,27130700451_attempt1,27199408085_attempt1,27269618919_attempt1,27340390720_attempt1,27410119221_attempt1,27464308599_attempt1,27496226714_attempt1,27540844174_attempt1,27612222130_attempt1,27683808024_attempt1,27754758156_attempt1",27821835753_attempt1,27869277828_attempt1,d4_sp40_ov30_dep100_adv15_fix25_f100,0.95,0.694004789857391,-0.6961312018057161,0.8837890624999999,0.03748194252951076,13,0.5185185185185185,4,0.04,0.03,100.0,0.015,0.0025,0.01
45,classic_early_drop_down,classic_microstructure,"24949259015_attempt1,24952032748_attempt1,24986940107_attempt1,25044896828_attempt1,25100490855_attempt1,25157440693_attempt1,25208977834_attempt1,25247789591_attempt1,25274678535_attempt1,25311264469_attempt1,25367630341_attempt1,25427145257_attempt1,25487949887_attempt1,25545252940_attempt1,25596809734_attempt1,25624592440_attempt1,25665168591_attempt1,25791429807_attempt1,25852951350_attempt1,25911485679_attempt1,25957739510_attempt1,25986690554_attempt1,26029755017_attempt1,26091905404_attempt1,26156603287_attempt1,26221008452_attempt1,26357456273_attempt1,26709070227_attempt1,26709294970_attempt1,26755468029_attempt1,26832707302_attempt1,26944523023_attempt1,27008365180_attempt1,27059341408_attempt1,27089462916_attempt1,27130700451_attempt1,27199408085_attempt1,27269618919_attempt1,27340390720_attempt1,27410119221_attempt1,27464308599_attempt1,27496226714_attempt1,27540844174_attempt1,27612222130_attempt1,27683808024_attempt1,27754758156_attempt1,27821835753_attempt1",27869277828_attempt1,27902430728_attempt1,d4_sp40_ov30_dep100_adv15_fix25_f100,,,,0.917578125,0.015262729252124352,18,0.54,4,0.04,0.03,100.0,0.015,0.0025,0.01
45,btc2_path_eff,alphaforge_interaction,"24949259015_attempt1,24952032748_attempt1,24986940107_attempt1,25044896828_attempt1,25100490855_attempt1,25157440693_attempt1,25208977834_attempt1,25247789591_attempt1,25274678535_attempt1,25311264469_attempt1,25367630341_attempt1,25427145257_attempt1,25487949887_attempt1,25545252940_attempt1,25596809734_attempt1,25624592440_attempt1,25665168591_attempt1,25791429807_attempt1,25852951350_attempt1,25911485679_attempt1,25957739510_attempt1,25986690554_attempt1,26029755017_attempt1,26091905404_attempt1,26156603287_attempt1,26221008452_attempt1,26357456273_attempt1,26709070227_attempt1,26709294970_attempt1,26755468029_attempt1,26832707302_attempt1,26944523023_attempt1,27008365180_attempt1,27059341408_attempt1,27089462916_attempt1,27130700451_attempt1,27199408085_attempt1,27269618919_attempt1,27340390720_attempt1,27410119221_attempt1,27464308599_attempt1,27496226714_attempt1,27540844174_attempt1,27612222130_attempt1,27683808024_attempt1,27754758156_attempt1,27821835753_attempt1",27869277828_attempt1,27902430728_attempt1,d4_sp40_ov30_dep100_adv5_fix25_f100,0.85,0.2528007911766496,-0.2613110453233413,0.8040364583333333,0.02556426188505423,17,0.3508771929824561,4,0.04,0.03,100.0,0.005,0.0025,0.01
45,size_imbalance_uncertainty,alphaforge_interaction,"24949259015_attempt1,24952032748_attempt1,24986940107_attempt1,25044896828_attempt1,25100490855_attempt1,25157440693_attempt1,25208977834_attempt1,25247789591_attempt1,25274678535_attempt1,25311264469_attempt1,25367630341_attempt1,25427145257_attempt1,25487949887_attempt1,25545252940_attempt1,25596809734_attempt1,25624592440_attempt1,25665168591_attempt1,25791429807_attempt1,25852951350_attempt1,25911485679_attempt1,25957739510_attempt1,25986690554_attempt1,26029755017_attempt1,26091905404_attempt1,26156603287_attempt1,26221008452_attempt1,26357456273_attempt1,26709070227_attempt1,26709294970_attempt1,26755468029_attempt1,26832707302_attempt1,26944523023_attempt1,27008365180_attempt1,27059341408_attempt1,27089462916_attempt1,27130700451_attempt1,27199408085_attempt1,27269618919_attempt1,27340390720_attempt1,27410119221_attempt1,27464308599_attempt1,27496226714_attempt1,27540844174_attempt1,27612222130_attempt1,27683808024_attempt1,27754758156_attempt1,27821835753_attempt1",27869277828_attempt1,27902430728_attempt1,d8_sp40_ov30_dep300_adv15_fix25_f100,0.95,0.6935452236943624,-0.6966078385040028,0.8697265625,0.017132572565981663,8,0.22727272727272727,8,0.04,0.03,300.0,0.015,0.0025,0.01
46,classic_early_drop_down,classic_microstructure,"24949259015_attempt1,24952032748_attempt1,24986940107_attempt1,25044896828_attempt1,25100490855_attempt1,25157440693_attempt1,25208977834_attempt1,25247789591_attempt1,25274678535_attempt1,25311264469_attempt1,25367630341_attempt1,25427145257_attempt1,25487949887_attempt1,25545252940_attempt1,25596809734_attempt1,25624592440_attempt1,25665168591_attempt1,25791429807_attempt1,25852951350_attempt1,25911485679_attempt1,25957739510_attempt1,25986690554_attempt1,26029755017_attempt1,26091905404_attempt1,26156603287_attempt1,26221008452_attempt1,26357456273_attempt1,26709070227_attempt1,26709294970_attempt1,26755468029_attempt1,26832707302_attempt1,26944523023_attempt1,27008365180_attempt1,27059341408_attempt1,27089462916_attempt1,27130700451_attempt1,27199408085_attempt1,27269618919_attempt1,27340390720_attempt1,27410119221_attempt1,27464308599_attempt1,27496226714_attempt1,27540844174_attempt1,27612222130_attempt1,27683808024_attempt1,27754758156_attempt1,27821835753_attempt1,27869277828_attempt1",27902430728_attempt1,27948683312_attempt1,d4_sp40_ov30_dep300_adv5_fix25_f100,,,,0.770703125,0.028224322643423783,20,0.4032258064516129,4,0.04,0.03,300.0,0.005,0.0025,0.01
46,btc2_path_eff,alphaforge_interaction,"24949259015_attempt1,24952032748_attempt1,24986940107_attempt1,25044896828_attempt1,25100490855_attempt1,25157440693_attempt1,25208977834_attempt1,25247789591_attempt1,25274678535_attempt1,25311264469_attempt1,25367630341_attempt1,25427145257_attempt1,25487949887_attempt1,25545252940_attempt1,25596809734_attempt1,25624592440_attempt1,25665168591_attempt1,25791429807_attempt1,25852951350_attempt1,25911485679_attempt1,25957739510_attempt1,25986690554_attempt1,26029755017_attempt1,26091905404_attempt1,26156603287_attempt1,26221008452_attempt1,26357456273_attempt1,26709070227_attempt1,26709294970_attempt1,26755468029_attempt1,26832707302_attempt1,26944523023_attempt1,27008365180_attempt1,27059341408_attempt1,27089462916_attempt1,27130700451_attempt1,27199408085_attempt1,27269618919_attempt1,27340390720_attempt1,27410119221_attempt1,27464308599_attempt1,27496226714_attempt1,27540844174_attempt1,27612222130_attempt1,27683808024_attempt1,27754758156_attempt1,27821835753_attempt1,27869277828_attempt1",27902430728_attempt1,27948683312_attempt1,d8_sp40_ov30_dep100_adv15_fix25_f100,0.85,0.2492977046690878,-0.25978456103592484,0.8412760416666667,0.013617054176880528,20,0.4,8,0.04,0.03,100.0,0.015,0.0025,0.01
46,size_imbalance_uncertainty,alphaforge_interaction,"24949259015_attempt1,24952032748_attempt1,24986940107_attempt1,25044896828_attempt1,25100490855_attempt1,25157440693_attempt1,25208977834_attempt1,25247789591_attempt1,25274678535_attempt1,25311264469_attempt1,25367630341_attempt1,25427145257_attempt1,25487949887_attempt1,25545252940_attempt1,25596809734_attempt1,25624592440_attempt1,25665168591_attempt1,25791429807_attempt1,25852951350_attempt1,25911485679_attempt1,25957739510_attempt1,25986690554_attempt1,26029755017_attempt1,26091905404_attempt1,26156603287_attempt1,26221008452_attempt1,26357456273_attempt1,26709070227_attempt1,26709294970_attempt1,26755468029_attempt1,26832707302_attempt1,26944523023_attempt1,27008365180_attempt1,27059341408_attempt1,27089462916_attempt1,27130700451_attempt1,27199408085_attempt1,27269618919_attempt1,27340390720_attempt1,27410119221_attempt1,27464308599_attempt1,27496226714_attempt1,27540844174_attempt1,27612222130_attempt1,27683808024_attempt1,27754758156_attempt1,27821835753_attempt1,27869277828_attempt1",27902430728_attempt1,27948683312_attempt1,d8_sp40_ov30_dep100_adv15_fix75_f100,0.95,0.6949633603331018,-0.6982007346142143,0.8908203124999999,0.11772531829056154,15,0.5769230769230769,8,0.04,0.03,100.0,0.015,0.0075,0.01
47,classic_early_drop_down,classic_microstructure,"24949259015_attempt1,24952032748_attempt1,24986940107_attempt1,25044896828_attempt1,25100490855_attempt1,25157440693_attempt1,25208977834_attempt1,25247789591_attempt1,25274678535_attempt1,25311264469_attempt1,25367630341_attempt1,25427145257_attempt1,25487949887_attempt1,25545252940_attempt1,25596809734_attempt1,25624592440_attempt1,25665168591_attempt1,25791429807_attempt1,25852951350_attempt1,25911485679_attempt1,25957739510_attempt1,25986690554_attempt1,26029755017_attempt1,26091905404_attempt1,26156603287_attempt1,26221008452_attempt1,26357456273_attempt1,26709070227_attempt1,26709294970_attempt1,26755468029_attempt1,26832707302_attempt1,26944523023_attempt1,27008365180_attempt1,27059341408_attempt1,27089462916_attempt1,27130700451_attempt1,27199408085_attempt1,27269618919_attempt1,27340390720_attempt1,27410119221_attempt1,27464308599_attempt1,27496226714_attempt1,27540844174_attempt1,27612222130_attempt1,27683808024_attempt1,27754758156_attempt1,27821835753_attempt1,27869277828_attempt1,27902430728_attempt1",27948683312_attempt1,28022420503_attempt1,d8_sp40_ov30_dep300_adv15_fix25_f100,,,,0.9003906249999999,0.013000218648755002,16,0.39655172413793105,8,0.04,0.03,300.0,0.015,0.0025,0.01
47,btc2_path_eff,alphaforge_interaction,"24949259015_attempt1,24952032748_attempt1,24986940107_attempt1,25044896828_attempt1,25100490855_attempt1,25157440693_attempt1,25208977834_attempt1,25247789591_attempt1,25274678535_attempt1,25311264469_attempt1,25367630341_attempt1,25427145257_attempt1,25487949887_attempt1,25545252940_attempt1,25596809734_attempt1,25624592440_attempt1,25665168591_attempt1,25791429807_attempt1,25852951350_attempt1,25911485679_attempt1,25957739510_attempt1,25986690554_attempt1,26029755017_attempt1,26091905404_attempt1,26156603287_attempt1,26221008452_attempt1,26357456273_attempt1,26709070227_attempt1,26709294970_attempt1,26755468029_attempt1,26832707302_attempt1,26944523023_attempt1,27008365180_attempt1,27059341408_attempt1,27089462916_attempt1,27130700451_attempt1,27199408085_attempt1,27269618919_attempt1,27340390720_attempt1,27410119221_attempt1,27464308599_attempt1,27496226714_attempt1,27540844174_attempt1,27612222130_attempt1,27683808024_attempt1,27754758156_attempt1,27821835753_attempt1,27869277828_attempt1,27902430728_attempt1",27948683312_attempt1,28022420503_attempt1,d4_sp40_ov30_dep100_adv15_fix25_f200,0.85,0.2502128416473285,-0.2602072404117077,0.7837239583333333,0.06075604163326842,20,0.582089552238806,4,0.04,0.03,100.0,0.015,0.0025,0.02
47,size_imbalance_uncertainty,alphaforge_interaction,"24949259015_attempt1,24952032748_attempt1,24986940107_attempt1,25044896828_attempt1,25100490855_attempt1,25157440693_attempt1,25208977834_attempt1,25247789591_attempt1,25274678535_attempt1,25311264469_attempt1,25367630341_attempt1,25427145257_attempt1,25487949887_attempt1,25545252940_attempt1,25596809734_attempt1,25624592440_attempt1,25665168591_attempt1,25791429807_attempt1,25852951350_attempt1,25911485679_attempt1,25957739510_attempt1,25986690554_attempt1,26029755017_attempt1,26091905404_attempt1,26156603287_attempt1,26221008452_attempt1,26357456273_attempt1,26709070227_attempt1,26709294970_attempt1,26755468029_attempt1,26832707302_attempt1,26944523023_attempt1,27008365180_attempt1,27059341408_attempt1,27089462916_attempt1,27130700451_attempt1,27199408085_attempt1,27269618919_attempt1,27340390720_attempt1,27410119221_attempt1,27464308599_attempt1,27496226714_attempt1,27540844174_attempt1,27612222130_attempt1,27683808024_attempt1,27754758156_attempt1,27821835753_attempt1,27869277828_attempt1,27902430728_attempt1",27948683312_attempt1,28022420503_attempt1,d8_sp40_ov30_dep100_adv5_fix25_f100,0.95,0.6958128681331384,-0.6979086047653701,0.8189453125,0.07099278151547916,11,0.5185185185185185,8,0.04,0.03,100.0,0.005,0.0025,0.01
48,classic_early_drop_down,classic_microstructure,"24949259015_attempt1,24952032748_attempt1,24986940107_attempt1,25044896828_attempt1,25100490855_attempt1,25157440693_attempt1,25208977834_attempt1,25247789591_attempt1,25274678535_attempt1,25311264469_attempt1,25367630341_attempt1,25427145257_attempt1,25487949887_attempt1,25545252940_attempt1,25596809734_attempt1,25624592440_attempt1,25665168591_attempt1,25791429807_attempt1,25852951350_attempt1,25911485679_attempt1,25957739510_attempt1,25986690554_attempt1,26029755017_attempt1,26091905404_attempt1,26156603287_attempt1,26221008452_attempt1,26357456273_attempt1,26709070227_attempt1,26709294970_attempt1,26755468029_attempt1,26832707302_attempt1,26944523023_attempt1,27008365180_attempt1,27059341408_attempt1,27089462916_attempt1,27130700451_attempt1,27199408085_attempt1,27269618919_attempt1,27340390720_attempt1,27410119221_attempt1,27464308599_attempt1,27496226714_attempt1,27540844174_attempt1,27612222130_attempt1,27683808024_attempt1,27754758156_attempt1,27821835753_attempt1,27869277828_attempt1,27902430728_attempt1,27948683312_attempt1",28022420503_attempt1,28095005508_attempt1,d4_sp40_ov30_dep100_adv15_fix25_f200,,,,0.785546875,0.17148082955871424,20,0.5423728813559322,4,0.04,0.03,100.0,0.015,0.0025,0.02
48,btc2_path_eff,alphaforge_interaction,"24949259015_attempt1,24952032748_attempt1,24986940107_attempt1,25044896828_attempt1,25100490855_attempt1,25157440693_attempt1,25208977834_attempt1,25247789591_attempt1,25274678535_attempt1,25311264469_attempt1,25367630341_attempt1,25427145257_attempt1,25487949887_attempt1,25545252940_attempt1,25596809734_attempt1,25624592440_attempt1,25665168591_attempt1,25791429807_attempt1,25852951350_attempt1,25911485679_attempt1,25957739510_attempt1,25986690554_attempt1,26029755017_attempt1,26091905404_attempt1,26156603287_attempt1,26221008452_attempt1,26357456273_attempt1,26709070227_attempt1,26709294970_attempt1,26755468029_attempt1,26832707302_attempt1,26944523023_attempt1,27008365180_attempt1,27059341408_attempt1,27089462916_attempt1,27130700451_attempt1,27199408085_attempt1,27269618919_attempt1,27340390720_attempt1,27410119221_attempt1,27464308599_attempt1,27496226714_attempt1,27540844174_attempt1,27612222130_attempt1,27683808024_attempt1,27754758156_attempt1,27821835753_attempt1,27869277828_attempt1,27902430728_attempt1,27948683312_attempt1",28022420503_attempt1,28095005508_attempt1,d4_sp40_ov30_dep100_adv15_fix25_f100,0.9,0.38542047622678616,-0.3954577000202283,0.8134114583333333,0.006478674253785899,16,0.6097560975609756,4,0.04,0.03,100.0,0.015,0.0025,0.01
48,size_imbalance_uncertainty,alphaforge_interaction,"24949259015_attempt1,24952032748_attempt1,24986940107_attempt1,25044896828_attempt1,25100490855_attempt1,25157440693_attempt1,25208977834_attempt1,25247789591_attempt1,25274678535_attempt1,25311264469_attempt1,25367630341_attempt1,25427145257_attempt1,25487949887_attempt1,25545252940_attempt1,25596809734_attempt1,25624592440_attempt1,25665168591_attempt1,25791429807_attempt1,25852951350_attempt1,25911485679_attempt1,25957739510_attempt1,25986690554_attempt1,26029755017_attempt1,26091905404_attempt1,26156603287_attempt1,26221008452_attempt1,26357456273_attempt1,26709070227_attempt1,26709294970_attempt1,26755468029_attempt1,26832707302_attempt1,26944523023_attempt1,27008365180_attempt1,27059341408_attempt1,27089462916_attempt1,27130700451_attempt1,27199408085_attempt1,27269618919_attempt1,27340390720_attempt1,27410119221_attempt1,27464308599_attempt1,27496226714_attempt1,27540844174_attempt1,27612222130_attempt1,27683808024_attempt1,27754758156_attempt1,27821835753_attempt1,27869277828_attempt1,27902430728_attempt1,27948683312_attempt1",28022420503_attempt1,28095005508_attempt1,d4_sp40_ov30_dep100_adv15_fix25_f100,0.95,0.6960965550473699,-0.6979993257430195,0.8416015625000001,0.021586738034438113,11,0.48,4,0.04,0.03,100.0,0.015,0.0025,0.01
49,classic_early_drop_down,classic_microstructure,"24949259015_attempt1,24952032748_attempt1,24986940107_attempt1,25044896828_attempt1,25100490855_attempt1,25157440693_attempt1,25208977834_attempt1,25247789591_attempt1,25274678535_attempt1,25311264469_attempt1,25367630341_attempt1,25427145257_attempt1,25487949887_attempt1,25545252940_attempt1,25596809734_attempt1,25624592440_attempt1,25665168591_attempt1,25791429807_attempt1,25852951350_attempt1,25911485679_attempt1,25957739510_attempt1,25986690554_attempt1,26029755017_attempt1,26091905404_attempt1,26156603287_attempt1,26221008452_attempt1,26357456273_attempt1,26709070227_attempt1,26709294970_attempt1,26755468029_attempt1,26832707302_attempt1,26944523023_attempt1,27008365180_attempt1,27059341408_attempt1,27089462916_attempt1,27130700451_attempt1,27199408085_attempt1,27269618919_attempt1,27340390720_attempt1,27410119221_attempt1,27464308599_attempt1,27496226714_attempt1,27540844174_attempt1,27612222130_attempt1,27683808024_attempt1,27754758156_attempt1,27821835753_attempt1,27869277828_attempt1,27902430728_attempt1,27948683312_attempt1,28022420503_attempt1",28095005508_attempt1,28166886036_attempt1,d8_sp40_ov30_dep300_adv15_fix25_f200,,,,0.853515625,0.13237141609478575,17,0.35802469135802467,8,0.04,0.03,300.0,0.015,0.0025,0.02
49,btc2_path_eff,alphaforge_interaction,"24949259015_attempt1,24952032748_attempt1,24986940107_attempt1,25044896828_attempt1,25100490855_attempt1,25157440693_attempt1,25208977834_attempt1,25247789591_attempt1,25274678535_attempt1,25311264469_attempt1,25367630341_attempt1,25427145257_attempt1,25487949887_attempt1,25545252940_attempt1,25596809734_attempt1,25624592440_attempt1,25665168591_attempt1,25791429807_attempt1,25852951350_attempt1,25911485679_attempt1,25957739510_attempt1,25986690554_attempt1,26029755017_attempt1,26091905404_attempt1,26156603287_attempt1,26221008452_attempt1,26357456273_attempt1,26709070227_attempt1,26709294970_attempt1,26755468029_attempt1,26832707302_attempt1,26944523023_attempt1,27008365180_attempt1,27059341408_attempt1,27089462916_attempt1,27130700451_attempt1,27199408085_attempt1,27269618919_attempt1,27340390720_attempt1,27410119221_attempt1,27464308599_attempt1,27496226714_attempt1,27540844174_attempt1,27612222130_attempt1,27683808024_attempt1,27754758156_attempt1,27821835753_attempt1,27869277828_attempt1,27902430728_attempt1,27948683312_attempt1,28022420503_attempt1",28095005508_attempt1,28166886036_attempt1,d4_sp40_ov30_dep100_adv5_fix25_f100,0.9,0.38353652710805525,-0.3933988387741265,0.8350260416666666,0.014792523836440807,20,0.4262295081967213,4,0.04,0.03,100.0,0.005,0.0025,0.01
49,size_imbalance_uncertainty,alphaforge_interaction,"24949259015_attempt1,24952032748_attempt1,24986940107_attempt1,25044896828_attempt1,25100490855_attempt1,25157440693_attempt1,25208977834_attempt1,25247789591_attempt1,25274678535_attempt1,25311264469_attempt1,25367630341_attempt1,25427145257_attempt1,25487949887_attempt1,25545252940_attempt1,25596809734_attempt1,25624592440_attempt1,25665168591_attempt1,25791429807_attempt1,25852951350_attempt1,25911485679_attempt1,25957739510_attempt1,25986690554_attempt1,26029755017_attempt1,26091905404_attempt1,26156603287_attempt1,26221008452_attempt1,26357456273_attempt1,26709070227_attempt1,26709294970_attempt1,26755468029_attempt1,26832707302_attempt1,26944523023_attempt1,27008365180_attempt1,27059341408_attempt1,27089462916_attempt1,27130700451_attempt1,27199408085_attempt1,27269618919_attempt1,27340390720_attempt1,27410119221_attempt1,27464308599_attempt1,27496226714_attempt1,27540844174_attempt1,27612222130_attempt1,27683808024_attempt1,27754758156_attempt1,27821835753_attempt1,27869277828_attempt1,27902430728_attempt1,27948683312_attempt1,28022420503_attempt1",28095005508_attempt1,28166886036_attempt1,d8_sp40_ov30_dep300_adv15_fix25_f100,0.95,0.6966308893341152,-0.6977735244640322,0.9126953124999999,0.03250866743266756,11,0.3142857142857143,8,0.04,0.03,300.0,0.015,0.0025,0.01
50,classic_early_drop_down,classic_microstructure,"24949259015_attempt1,24952032748_attempt1,24986940107_attempt1,25044896828_attempt1,25100490855_attempt1,25157440693_attempt1,25208977834_attempt1,25247789591_attempt1,25274678535_attempt1,25311264469_attempt1,25367630341_attempt1,25427145257_attempt1,25487949887_attempt1,25545252940_attempt1,25596809734_attempt1,25624592440_attempt1,25665168591_attempt1,25791429807_attempt1,25852951350_attempt1,25911485679_attempt1,25957739510_attempt1,25986690554_attempt1,26029755017_attempt1,26091905404_attempt1,26156603287_attempt1,26221008452_attempt1,26357456273_attempt1,26709070227_attempt1,26709294970_attempt1,26755468029_attempt1,26832707302_attempt1,26944523023_attempt1,27008365180_attempt1,27059341408_attempt1,27089462916_attempt1,27130700451_attempt1,27199408085_attempt1,27269618919_attempt1,27340390720_attempt1,27410119221_attempt1,27464308599_attempt1,27496226714_attempt1,27540844174_attempt1,27612222130_attempt1,27683808024_attempt1,27754758156_attempt1,27821835753_attempt1,27869277828_attempt1,27902430728_attempt1,27948683312_attempt1,28022420503_attempt1,28095005508_attempt1",28166886036_attempt1,28235383560_attempt1,d8_sp40_ov30_dep300_adv5_fix25_f200,,,,0.862890625,0.04466293485734285,15,0.2619047619047619,8,0.04,0.03,300.0,0.005,0.0025,0.02
50,btc2_path_eff,alphaforge_interaction,"24949259015_attempt1,24952032748_attempt1,24986940107_attempt1,25044896828_attempt1,25100490855_attempt1,25157440693_attempt1,25208977834_attempt1,25247789591_attempt1,25274678535_attempt1,25311264469_attempt1,25367630341_attempt1,25427145257_attempt1,25487949887_attempt1,25545252940_attempt1,25596809734_attempt1,25624592440_attempt1,25665168591_attempt1,25791429807_attempt1,25852951350_attempt1,25911485679_attempt1,25957739510_attempt1,25986690554_attempt1,26029755017_attempt1,26091905404_attempt1,26156603287_attempt1,26221008452_attempt1,26357456273_attempt1,26709070227_attempt1,26709294970_attempt1,26755468029_attempt1,26832707302_attempt1,26944523023_attempt1,27008365180_attempt1,27059341408_attempt1,27089462916_attempt1,27130700451_attempt1,27199408085_attempt1,27269618919_attempt1,27340390720_attempt1,27410119221_attempt1,27464308599_attempt1,27496226714_attempt1,27540844174_attempt1,27612222130_attempt1,27683808024_attempt1,27754758156_attempt1,27821835753_attempt1,27869277828_attempt1,27902430728_attempt1,27948683312_attempt1,28022420503_attempt1,28095005508_attempt1",28166886036_attempt1,28235383560_attempt1,d8_sp40_ov30_dep100_adv15_fix25_f100,0.85,0.24901649851918167,-0.25955426719474367,0.8761718749999999,0.01436310615155545,20,0.46987951807228917,8,0.04,0.03,100.0,0.015,0.0025,0.01
50,size_imbalance_uncertainty,alphaforge_interaction,"24949259015_attempt1,24952032748_attempt1,24986940107_attempt1,25044896828_attempt1,25100490855_attempt1,25157440693_attempt1,25208977834_attempt1,25247789591_attempt1,25274678535_attempt1,25311264469_attempt1,25367630341_attempt1,25427145257_attempt1,25487949887_attempt1,25545252940_attempt1,25596809734_attempt1,25624592440_attempt1,25665168591_attempt1,25791429807_attempt1,25852951350_attempt1,25911485679_attempt1,25957739510_attempt1,25986690554_attempt1,26029755017_attempt1,26091905404_attempt1,26156603287_attempt1,26221008452_attempt1,26357456273_attempt1,26709070227_attempt1,26709294970_attempt1,26755468029_attempt1,26832707302_attempt1,26944523023_attempt1,27008365180_attempt1,27059341408_attempt1,27089462916_attempt1,27130700451_attempt1,27199408085_attempt1,27269618919_attempt1,27340390720_attempt1,27410119221_attempt1,27464308599_attempt1,27496226714_attempt1,27540844174_attempt1,27612222130_attempt1,27683808024_attempt1,27754758156_attempt1,27821835753_attempt1,27869277828_attempt1,27902430728_attempt1,27948683312_attempt1,28022420503_attempt1,28095005508_attempt1",28166886036_attempt1,28235383560_attempt1,d4_sp40_ov30_dep300_adv5_fix25_f100,0.9,0.5638540685126173,-0.5637916354469149,0.8810546874999999,0.007492205261657503,16,0.36666666666666664,4,0.04,0.03,300.0,0.005,0.0025,0.01
51,classic_early_drop_down,classic_microstructure,"24949259015_attempt1,24952032748_attempt1,24986940107_attempt1,25044896828_attempt1,25100490855_attempt1,25157440693_attempt1,25208977834_attempt1,25247789591_attempt1,25274678535_attempt1,25311264469_attempt1,25367630341_attempt1,25427145257_attempt1,25487949887_attempt1,25545252940_attempt1,25596809734_attempt1,25624592440_attempt1,25665168591_attempt1,25791429807_attempt1,25852951350_attempt1,25911485679_attempt1,25957739510_attempt1,25986690554_attempt1,26029755017_attempt1,26091905404_attempt1,26156603287_attempt1,26221008452_attempt1,26357456273_attempt1,26709070227_attempt1,26709294970_attempt1,26755468029_attempt1,26832707302_attempt1,26944523023_attempt1,27008365180_attempt1,27059341408_attempt1,27089462916_attempt1,27130700451_attempt1,27199408085_attempt1,27269618919_attempt1,27340390720_attempt1,27410119221_attempt1,27464308599_attempt1,27496226714_attempt1,27540844174_attempt1,27612222130_attempt1,27683808024_attempt1,27754758156_attempt1,27821835753_attempt1,27869277828_attempt1,27902430728_attempt1,27948683312_attempt1,28022420503_attempt1,28095005508_attempt1,28166886036_attempt1",28235383560_attempt1,28288053257_attempt1,d4_sp40_ov30_dep100_adv15_fix75_f100,,,,0.819140625,0.04769074799450079,15,0.43859649122807015,4,0.04,0.03,100.0,0.015,0.0075,0.01
51,btc2_path_eff,alphaforge_interaction,"24949259015_attempt1,24952032748_attempt1,24986940107_attempt1,25044896828_attempt1,25100490855_attempt1,25157440693_attempt1,25208977834_attempt1,25247789591_attempt1,25274678535_attempt1,25311264469_attempt1,25367630341_attempt1,25427145257_attempt1,25487949887_attempt1,25545252940_attempt1,25596809734_attempt1,25624592440_attempt1,25665168591_attempt1,25791429807_attempt1,25852951350_attempt1,25911485679_attempt1,25957739510_attempt1,25986690554_attempt1,26029755017_attempt1,26091905404_attempt1,26156603287_attempt1,26221008452_attempt1,26357456273_attempt1,26709070227_attempt1,26709294970_attempt1,26755468029_attempt1,26832707302_attempt1,26944523023_attempt1,27008365180_attempt1,27059341408_attempt1,27089462916_attempt1,27130700451_attempt1,27199408085_attempt1,27269618919_attempt1,27340390720_attempt1,27410119221_attempt1,27464308599_attempt1,27496226714_attempt1,27540844174_attempt1,27612222130_attempt1,27683808024_attempt1,27754758156_attempt1,27821835753_attempt1,27869277828_attempt1,27902430728_attempt1,27948683312_attempt1,28022420503_attempt1,28095005508_attempt1,28166886036_attempt1",28235383560_attempt1,28288053257_attempt1,d4_sp40_ov30_dep100_adv15_fix25_f100,0.85,0.24927469513113096,-0.2603098594481045,0.901171875,0.026163278190396655,20,0.4657534246575342,4,0.04,0.03,100.0,0.015,0.0025,0.01
51,size_imbalance_uncertainty,alphaforge_interaction,"24949259015_attempt1,24952032748_attempt1,24986940107_attempt1,25044896828_attempt1,25100490855_attempt1,25157440693_attempt1,25208977834_attempt1,25247789591_attempt1,25274678535_attempt1,25311264469_attempt1,25367630341_attempt1,25427145257_attempt1,25487949887_attempt1,25545252940_attempt1,25596809734_attempt1,25624592440_attempt1,25665168591_attempt1,25791429807_attempt1,25852951350_attempt1,25911485679_attempt1,25957739510_attempt1,25986690554_attempt1,26029755017_attempt1,26091905404_attempt1,26156603287_attempt1,26221008452_attempt1,26357456273_attempt1,26709070227_attempt1,26709294970_attempt1,26755468029_attempt1,26832707302_attempt1,26944523023_attempt1,27008365180_attempt1,27059341408_attempt1,27089462916_attempt1,27130700451_attempt1,27199408085_attempt1,27269618919_attempt1,27340390720_attempt1,27410119221_attempt1,27464308599_attempt1,27496226714_attempt1,27540844174_attempt1,27612222130_attempt1,27683808024_attempt1,27754758156_attempt1,27821835753_attempt1,27869277828_attempt1,27902430728_attempt1,27948683312_attempt1,28022420503_attempt1,28095005508_attempt1,28166886036_attempt1",28235383560_attempt1,28288053257_attempt1,d8_sp40_ov30_dep300_adv15_fix25_f100,0.9,0.5648556982014726,-0.5651829075292947,0.8869140624999999,0.07348532766007354,14,0.3283582089552239,8,0.04,0.03,300.0,0.015,0.0025,0.01
52,classic_early_drop_down,classic_microstructure,"24949259015_attempt1,24952032748_attempt1,24986940107_attempt1,25044896828_attempt1,25100490855_attempt1,25157440693_attempt1,25208977834_attempt1,25247789591_attempt1,25274678535_attempt1,25311264469_attempt1,25367630341_attempt1,25427145257_attempt1,25487949887_attempt1,25545252940_attempt1,25596809734_attempt1,25624592440_attempt1,25665168591_attempt1,25791429807_attempt1,25852951350_attempt1,25911485679_attempt1,25957739510_attempt1,25986690554_attempt1,26029755017_attempt1,26091905404_attempt1,26156603287_attempt1,26221008452_attempt1,26357456273_attempt1,26709070227_attempt1,26709294970_attempt1,26755468029_attempt1,26832707302_attempt1,26944523023_attempt1,27008365180_attempt1,27059341408_attempt1,27089462916_attempt1,27130700451_attempt1,27199408085_attempt1,27269618919_attempt1,27340390720_attempt1,27410119221_attempt1,27464308599_attempt1,27496226714_attempt1,27540844174_attempt1,27612222130_attempt1,27683808024_attempt1,27754758156_attempt1,27821835753_attempt1,27869277828_attempt1,27902430728_attempt1,27948683312_attempt1,28022420503_attempt1,28095005508_attempt1,28166886036_attempt1,28235383560_attempt1",28288053257_attempt1,28321073325_attempt1,d4_sp40_ov30_dep300_adv15_fix25_f100,,,,0.9191406249999999,0.01682431322362188,18,0.5227272727272727,4,0.04,0.03,300.0,0.015,0.0025,0.01
52,btc2_path_eff,alphaforge_interaction,"24949259015_attempt1,24952032748_attempt1,24986940107_attempt1,25044896828_attempt1,25100490855_attempt1,25157440693_attempt1,25208977834_attempt1,25247789591_attempt1,25274678535_attempt1,25311264469_attempt1,25367630341_attempt1,25427145257_attempt1,25487949887_attempt1,25545252940_attempt1,25596809734_attempt1,25624592440_attempt1,25665168591_attempt1,25791429807_attempt1,25852951350_attempt1,25911485679_attempt1,25957739510_attempt1,25986690554_attempt1,26029755017_attempt1,26091905404_attempt1,26156603287_attempt1,26221008452_attempt1,26357456273_attempt1,26709070227_attempt1,26709294970_attempt1,26755468029_attempt1,26832707302_attempt1,26944523023_attempt1,27008365180_attempt1,27059341408_attempt1,27089462916_attempt1,27130700451_attempt1,27199408085_attempt1,27269618919_attempt1,27340390720_attempt1,27410119221_attempt1,27464308599_attempt1,27496226714_attempt1,27540844174_attempt1,27612222130_attempt1,27683808024_attempt1,27754758156_attempt1,27821835753_attempt1,27869277828_attempt1,27902430728_attempt1,27948683312_attempt1,28022420503_attempt1,28095005508_attempt1,28166886036_attempt1,28235383560_attempt1",28288053257_attempt1,28321073325_attempt1,d8_sp40_ov30_dep100_adv15_fix25_f100,0.85,0.24901085663705982,-0.25993067662786756,0.8680397727272727,0.022059495930286,18,0.3559322033898305,8,0.04,0.03,100.0,0.015,0.0025,0.01
52,size_imbalance_uncertainty,alphaforge_interaction,"24949259015_attempt1,24952032748_attempt1,24986940107_attempt1,25044896828_attempt1,25100490855_attempt1,25157440693_attempt1,25208977834_attempt1,25247789591_attempt1,25274678535_attempt1,25311264469_attempt1,25367630341_attempt1,25427145257_attempt1,25487949887_attempt1,25545252940_attempt1,25596809734_attempt1,25624592440_attempt1,25665168591_attempt1,25791429807_attempt1,25852951350_attempt1,25911485679_attempt1,25957739510_attempt1,25986690554_attempt1,26029755017_attempt1,26091905404_attempt1,26156603287_attempt1,26221008452_attempt1,26357456273_attempt1,26709070227_attempt1,26709294970_attempt1,26755468029_attempt1,26832707302_attempt1,26944523023_attempt1,27008365180_attempt1,27059341408_attempt1,27089462916_attempt1,27130700451_attempt1,27199408085_attempt1,27269618919_attempt1,27340390720_attempt1,27410119221_attempt1,27464308599_attempt1,27496226714_attempt1,27540844174_attempt1,27612222130_attempt1,27683808024_attempt1,27754758156_attempt1,27821835753_attempt1,27869277828_attempt1,27902430728_attempt1,27948683312_attempt1,28022420503_attempt1,28095005508_attempt1,28166886036_attempt1,28235383560_attempt1",28288053257_attempt1,28321073325_attempt1,d8_sp40_ov30_dep100_adv5_fix25_f100,0.9,0.566268016332142,-0.5660818076594814,0.8923828125,0.04857416932446146,17,0.4810126582278481,8,0.04,0.03,100.0,0.005,0.0025,0.01
53,classic_early_drop_down,classic_microstructure,"24949259015_attempt1,24952032748_attempt1,24986940107_attempt1,25044896828_attempt1,25100490855_attempt1,25157440693_attempt1,25208977834_attempt1,25247789591_attempt1,25274678535_attempt1,25311264469_attempt1,25367630341_attempt1,25427145257_attempt1,25487949887_attempt1,25545252940_attempt1,25596809734_attempt1,25624592440_attempt1,25665168591_attempt1,25791429807_attempt1,25852951350_attempt1,25911485679_attempt1,25957739510_attempt1,25986690554_attempt1,26029755017_attempt1,26091905404_attempt1,26156603287_attempt1,26221008452_attempt1,26357456273_attempt1,26709070227_attempt1,26709294970_attempt1,26755468029_attempt1,26832707302_attempt1,26944523023_attempt1,27008365180_attempt1,27059341408_attempt1,27089462916_attempt1,27130700451_attempt1,27199408085_attempt1,27269618919_attempt1,27340390720_attempt1,27410119221_attempt1,27464308599_attempt1,27496226714_attempt1,27540844174_attempt1,27612222130_attempt1,27683808024_attempt1,27754758156_attempt1,27821835753_attempt1,27869277828_attempt1,27902430728_attempt1,27948683312_attempt1,28022420503_attempt1,28095005508_attempt1,28166886036_attempt1,28235383560_attempt1,28288053257_attempt1",28321073325_attempt1,28369678027_attempt1,d8_sp40_ov30_dep100_adv5_fix25_f100,,,,0.887890625,0.03715046062634797,16,0.3870967741935484,8,0.04,0.03,100.0,0.005,0.0025,0.01
53,btc2_path_eff,alphaforge_interaction,"24949259015_attempt1,24952032748_attempt1,24986940107_attempt1,25044896828_attempt1,25100490855_attempt1,25157440693_attempt1,25208977834_attempt1,25247789591_attempt1,25274678535_attempt1,25311264469_attempt1,25367630341_attempt1,25427145257_attempt1,25487949887_attempt1,25545252940_attempt1,25596809734_attempt1,25624592440_attempt1,25665168591_attempt1,25791429807_attempt1,25852951350_attempt1,25911485679_attempt1,25957739510_attempt1,25986690554_attempt1,26029755017_attempt1,26091905404_attempt1,26156603287_attempt1,26221008452_attempt1,26357456273_attempt1,26709070227_attempt1,26709294970_attempt1,26755468029_attempt1,26832707302_attempt1,26944523023_attempt1,27008365180_attempt1,27059341408_attempt1,27089462916_attempt1,27130700451_attempt1,27199408085_attempt1,27269618919_attempt1,27340390720_attempt1,27410119221_attempt1,27464308599_attempt1,27496226714_attempt1,27540844174_attempt1,27612222130_attempt1,27683808024_attempt1,27754758156_attempt1,27821835753_attempt1,27869277828_attempt1,27902430728_attempt1,27948683312_attempt1,28022420503_attempt1,28095005508_attempt1,28166886036_attempt1,28235383560_attempt1,28288053257_attempt1",28321073325_attempt1,28369678027_attempt1,d4_sp40_ov30_dep100_adv15_fix25_f200,0.9,0.37766788407188234,-0.39407608251107973,0.7807565789473684,0.03303452467246637,13,0.35135135135135137,4,0.04,0.03,100.0,0.015,0.0025,0.02
53,size_imbalance_uncertainty,alphaforge_interaction,"24949259015_attempt1,24952032748_attempt1,24986940107_attempt1,25044896828_attempt1,25100490855_attempt1,25157440693_attempt1,25208977834_attempt1,25247789591_attempt1,25274678535_attempt1,25311264469_attempt1,25367630341_attempt1,25427145257_attempt1,25487949887_attempt1,25545252940_attempt1,25596809734_attempt1,25624592440_attempt1,25665168591_attempt1,25791429807_attempt1,25852951350_attempt1,25911485679_attempt1,25957739510_attempt1,25986690554_attempt1,26029755017_attempt1,26091905404_attempt1,26156603287_attempt1,26221008452_attempt1,26357456273_attempt1,26709070227_attempt1,26709294970_attempt1,26755468029_attempt1,26832707302_attempt1,26944523023_attempt1,27008365180_attempt1,27059341408_attempt1,27089462916_attempt1,27130700451_attempt1,27199408085_attempt1,27269618919_attempt1,27340390720_attempt1,27410119221_attempt1,27464308599_attempt1,27496226714_attempt1,27540844174_attempt1,27612222130_attempt1,27683808024_attempt1,27754758156_attempt1,27821835753_attempt1,27869277828_attempt1,27902430728_attempt1,27948683312_attempt1,28022420503_attempt1,28095005508_attempt1,28166886036_attempt1,28235383560_attempt1,28288053257_attempt1",28321073325_attempt1,28369678027_attempt1,d8_sp40_ov30_dep300_adv5_fix25_f100,0.95,0.7004166818932116,-0.7029129162945411,0.8126953124999999,0.03976885441837652,4,0.2857142857142857,8,0.04,0.03,300.0,0.005,0.0025,0.01
54,classic_early_drop_down,classic_microstructure,"24949259015_attempt1,24952032748_attempt1,24986940107_attempt1,25044896828_attempt1,25100490855_attempt1,25157440693_attempt1,25208977834_attempt1,25247789591_attempt1,25274678535_attempt1,25311264469_attempt1,25367630341_attempt1,25427145257_attempt1,25487949887_attempt1,25545252940_attempt1,25596809734_attempt1,25624592440_attempt1,25665168591_attempt1,25791429807_attempt1,25852951350_attempt1,25911485679_attempt1,25957739510_attempt1,25986690554_attempt1,26029755017_attempt1,26091905404_attempt1,26156603287_attempt1,26221008452_attempt1,26357456273_attempt1,26709070227_attempt1,26709294970_attempt1,26755468029_attempt1,26832707302_attempt1,26944523023_attempt1,27008365180_attempt1,27059341408_attempt1,27089462916_attempt1,27130700451_attempt1,27199408085_attempt1,27269618919_attempt1,27340390720_attempt1,27410119221_attempt1,27464308599_attempt1,27496226714_attempt1,27540844174_attempt1,27612222130_attempt1,27683808024_attempt1,27754758156_attempt1,27821835753_attempt1,27869277828_attempt1,27902430728_attempt1,27948683312_attempt1,28022420503_attempt1,28095005508_attempt1,28166886036_attempt1,28235383560_attempt1,28288053257_attempt1,28321073325_attempt1",28369678027_attempt1,28442123818_attempt1,d4_sp40_ov30_dep100_adv15_fix25_f100,,,,0.941015625,0.011796897158830921,20,0.4520547945205479,4,0.04,0.03,100.0,0.015,0.0025,0.01
54,btc2_path_eff,alphaforge_interaction,"24949259015_attempt1,24952032748_attempt1,24986940107_attempt1,25044896828_attempt1,25100490855_attempt1,25157440693_attempt1,25208977834_attempt1,25247789591_attempt1,25274678535_attempt1,25311264469_attempt1,25367630341_attempt1,25427145257_attempt1,25487949887_attempt1,25545252940_attempt1,25596809734_attempt1,25624592440_attempt1,25665168591_attempt1,25791429807_attempt1,25852951350_attempt1,25911485679_attempt1,25957739510_attempt1,25986690554_attempt1,26029755017_attempt1,26091905404_attempt1,26156603287_attempt1,26221008452_attempt1,26357456273_attempt1,26709070227_attempt1,26709294970_attempt1,26755468029_attempt1,26832707302_attempt1,26944523023_attempt1,27008365180_attempt1,27059341408_attempt1,27089462916_attempt1,27130700451_attempt1,27199408085_attempt1,27269618919_attempt1,27340390720_attempt1,27410119221_attempt1,27464308599_attempt1,27496226714_attempt1,27540844174_attempt1,27612222130_attempt1,27683808024_attempt1,27754758156_attempt1,27821835753_attempt1,27869277828_attempt1,27902430728_attempt1,27948683312_attempt1,28022420503_attempt1,28095005508_attempt1,28166886036_attempt1,28235383560_attempt1,28288053257_attempt1,28321073325_attempt1",28369678027_attempt1,28442123818_attempt1,d8_sp40_ov30_dep300_adv15_fix25_f100,0.9,0.3761121413366805,-0.39242835829105394,0.7959635416666666,0.012671851021268443,17,0.3877551020408163,8,0.04,0.03,300.0,0.015,0.0025,0.01
54,size_imbalance_uncertainty,alphaforge_interaction,"24949259015_attempt1,24952032748_attempt1,24986940107_attempt1,25044896828_attempt1,25100490855_attempt1,25157440693_attempt1,25208977834_attempt1,25247789591_attempt1,25274678535_attempt1,25311264469_attempt1,25367630341_attempt1,25427145257_attempt1,25487949887_attempt1,25545252940_attempt1,25596809734_attempt1,25624592440_attempt1,25665168591_attempt1,25791429807_attempt1,25852951350_attempt1,25911485679_attempt1,25957739510_attempt1,25986690554_attempt1,26029755017_attempt1,26091905404_attempt1,26156603287_attempt1,26221008452_attempt1,26357456273_attempt1,26709070227_attempt1,26709294970_attempt1,26755468029_attempt1,26832707302_attempt1,26944523023_attempt1,27008365180_attempt1,27059341408_attempt1,27089462916_attempt1,27130700451_attempt1,27199408085_attempt1,27269618919_attempt1,27340390720_attempt1,27410119221_attempt1,27464308599_attempt1,27496226714_attempt1,27540844174_attempt1,27612222130_attempt1,27683808024_attempt1,27754758156_attempt1,27821835753_attempt1,27869277828_attempt1,27902430728_attempt1,27948683312_attempt1,28022420503_attempt1,28095005508_attempt1,28166886036_attempt1,28235383560_attempt1,28288053257_attempt1,28321073325_attempt1",28369678027_attempt1,28442123818_attempt1,d8_sp40_ov30_dep300_adv15_fix25_f100,0.95,0.6998679652042006,-0.701271429439155,0.8728515625,0.024164482968271006,9,0.5217391304347826,8,0.04,0.03,300.0,0.015,0.0025,0.01
55,classic_early_drop_down,classic_microstructure,"24949259015_attempt1,24952032748_attempt1,24986940107_attempt1,25044896828_attempt1,25100490855_attempt1,25157440693_attempt1,25208977834_attempt1,25247789591_attempt1,25274678535_attempt1,25311264469_attempt1,25367630341_attempt1,25427145257_attempt1,25487949887_attempt1,25545252940_attempt1,25596809734_attempt1,25624592440_attempt1,25665168591_attempt1,25791429807_attempt1,25852951350_attempt1,25911485679_attempt1,25957739510_attempt1,25986690554_attempt1,26029755017_attempt1,26091905404_attempt1,26156603287_attempt1,26221008452_attempt1,26357456273_attempt1,26709070227_attempt1,26709294970_attempt1,26755468029_attempt1,26832707302_attempt1,26944523023_attempt1,27008365180_attempt1,27059341408_attempt1,27089462916_attempt1,27130700451_attempt1,27199408085_attempt1,27269618919_attempt1,27340390720_attempt1,27410119221_attempt1,27464308599_attempt1,27496226714_attempt1,27540844174_attempt1,27612222130_attempt1,27683808024_attempt1,27754758156_attempt1,27821835753_attempt1,27869277828_attempt1,27902430728_attempt1,27948683312_attempt1,28022420503_attempt1,28095005508_attempt1,28166886036_attempt1,28235383560_attempt1,28288053257_attempt1,28321073325_attempt1,28369678027_attempt1",28442123818_attempt1,28515647330_attempt1,d4_sp60_ov30_dep100_adv15_fix25_f100,,,,0.8589843749999999,0.013533015055241515,19,0.5070422535211268,4,0.06,0.03,100.0,0.015,0.0025,0.01
55,btc2_path_eff,alphaforge_interaction,"24949259015_attempt1,24952032748_attempt1,24986940107_attempt1,25044896828_attempt1,25100490855_attempt1,25157440693_attempt1,25208977834_attempt1,25247789591_attempt1,25274678535_attempt1,25311264469_attempt1,25367630341_attempt1,25427145257_attempt1,25487949887_attempt1,25545252940_attempt1,25596809734_attempt1,25624592440_attempt1,25665168591_attempt1,25791429807_attempt1,25852951350_attempt1,25911485679_attempt1,25957739510_attempt1,25986690554_attempt1,26029755017_attempt1,26091905404_attempt1,26156603287_attempt1,26221008452_attempt1,26357456273_attempt1,26709070227_attempt1,26709294970_attempt1,26755468029_attempt1,26832707302_attempt1,26944523023_attempt1,27008365180_attempt1,27059341408_attempt1,27089462916_attempt1,27130700451_attempt1,27199408085_attempt1,27269618919_attempt1,27340390720_attempt1,27410119221_attempt1,27464308599_attempt1,27496226714_attempt1,27540844174_attempt1,27612222130_attempt1,27683808024_attempt1,27754758156_attempt1,27821835753_attempt1,27869277828_attempt1,27902430728_attempt1,27948683312_attempt1,28022420503_attempt1,28095005508_attempt1,28166886036_attempt1,28235383560_attempt1,28288053257_attempt1,28321073325_attempt1,28369678027_attempt1",28442123818_attempt1,28515647330_attempt1,d4_sp40_ov30_dep100_adv15_fix25_f100,0.85,0.2450445875964438,-0.2581195064979968,0.8876302083333333,0.01962268399679923,20,0.5205479452054794,4,0.04,0.03,100.0,0.015,0.0025,0.01
55,size_imbalance_uncertainty,alphaforge_interaction,"24949259015_attempt1,24952032748_attempt1,24986940107_attempt1,25044896828_attempt1,25100490855_attempt1,25157440693_attempt1,25208977834_attempt1,25247789591_attempt1,25274678535_attempt1,25311264469_attempt1,25367630341_attempt1,25427145257_attempt1,25487949887_attempt1,25545252940_attempt1,25596809734_attempt1,25624592440_attempt1,25665168591_attempt1,25791429807_attempt1,25852951350_attempt1,25911485679_attempt1,25957739510_attempt1,25986690554_attempt1,26029755017_attempt1,26091905404_attempt1,26156603287_attempt1,26221008452_attempt1,26357456273_attempt1,26709070227_attempt1,26709294970_attempt1,26755468029_attempt1,26832707302_attempt1,26944523023_attempt1,27008365180_attempt1,27059341408_attempt1,27089462916_attempt1,27130700451_attempt1,27199408085_attempt1,27269618919_attempt1,27340390720_attempt1,27410119221_attempt1,27464308599_attempt1,27496226714_attempt1,27540844174_attempt1,27612222130_attempt1,27683808024_attempt1,27754758156_attempt1,27821835753_attempt1,27869277828_attempt1,27902430728_attempt1,27948683312_attempt1,28022420503_attempt1,28095005508_attempt1,28166886036_attempt1,28235383560_attempt1,28288053257_attempt1,28321073325_attempt1,28369678027_attempt1",28442123818_attempt1,28515647330_attempt1,d8_sp40_ov30_dep100_adv15_fix25_f100,0.95,0.6996549467897452,-0.7010347758704054,0.9392578125000001,-0.03247135562618653,7,0.6,8,0.04,0.03,100.0,0.015,0.0025,0.01
56,classic_early_drop_down,classic_microstructure,"24949259015_attempt1,24952032748_attempt1,24986940107_attempt1,25044896828_attempt1,25100490855_attempt1,25157440693_attempt1,25208977834_attempt1,25247789591_attempt1,25274678535_attempt1,25311264469_attempt1,25367630341_attempt1,25427145257_attempt1,25487949887_attempt1,25545252940_attempt1,25596809734_attempt1,25624592440_attempt1,25665168591_attempt1,25791429807_attempt1,25852951350_attempt1,25911485679_attempt1,25957739510_attempt1,25986690554_attempt1,26029755017_attempt1,26091905404_attempt1,26156603287_attempt1,26221008452_attempt1,26357456273_attempt1,26709070227_attempt1,26709294970_attempt1,26755468029_attempt1,26832707302_attempt1,26944523023_attempt1,27008365180_attempt1,27059341408_attempt1,27089462916_attempt1,27130700451_attempt1,27199408085_attempt1,27269618919_attempt1,27340390720_attempt1,27410119221_attempt1,27464308599_attempt1,27496226714_attempt1,27540844174_attempt1,27612222130_attempt1,27683808024_attempt1,27754758156_attempt1,27821835753_attempt1,27869277828_attempt1,27902430728_attempt1,27948683312_attempt1,28022420503_attempt1,28095005508_attempt1,28166886036_attempt1,28235383560_attempt1,28288053257_attempt1,28321073325_attempt1,28369678027_attempt1,28442123818_attempt1",28515647330_attempt1,28588281394_attempt1,d8_sp40_ov30_dep300_adv15_fix25_f100,,,,0.841015625,0.024160399576804048,15,0.21621621621621623,8,0.04,0.03,300.0,0.015,0.0025,0.01
56,btc2_path_eff,alphaforge_interaction,"24949259015_attempt1,24952032748_attempt1,24986940107_attempt1,25044896828_attempt1,25100490855_attempt1,25157440693_attempt1,25208977834_attempt1,25247789591_attempt1,25274678535_attempt1,25311264469_attempt1,25367630341_attempt1,25427145257_attempt1,25487949887_attempt1,25545252940_attempt1,25596809734_attempt1,25624592440_attempt1,25665168591_attempt1,25791429807_attempt1,25852951350_attempt1,25911485679_attempt1,25957739510_attempt1,25986690554_attempt1,26029755017_attempt1,26091905404_attempt1,26156603287_attempt1,26221008452_attempt1,26357456273_attempt1,26709070227_attempt1,26709294970_attempt1,26755468029_attempt1,26832707302_attempt1,26944523023_attempt1,27008365180_attempt1,27059341408_attempt1,27089462916_attempt1,27130700451_attempt1,27199408085_attempt1,27269618919_attempt1,27340390720_attempt1,27410119221_attempt1,27464308599_attempt1,27496226714_attempt1,27540844174_attempt1,27612222130_attempt1,27683808024_attempt1,27754758156_attempt1,27821835753_attempt1,27869277828_attempt1,27902430728_attempt1,27948683312_attempt1,28022420503_attempt1,28095005508_attempt1,28166886036_attempt1,28235383560_attempt1,28288053257_attempt1,28321073325_attempt1,28369678027_attempt1,28442123818_attempt1",28515647330_attempt1,28588281394_attempt1,d4_sp40_ov30_dep300_adv15_fix25_f200,0.85,0.24422481186753028,-0.25816072133493645,0.7860677083333333,0.021197108880215865,20,0.37037037037037035,4,0.04,0.03,300.0,0.015,0.0025,0.02
56,size_imbalance_uncertainty,alphaforge_interaction,"24949259015_attempt1,24952032748_attempt1,24986940107_attempt1,25044896828_attempt1,25100490855_attempt1,25157440693_attempt1,25208977834_attempt1,25247789591_attempt1,25274678535_attempt1,25311264469_attempt1,25367630341_attempt1,25427145257_attempt1,25487949887_attempt1,25545252940_attempt1,25596809734_attempt1,25624592440_attempt1,25665168591_attempt1,25791429807_attempt1,25852951350_attempt1,25911485679_attempt1,25957739510_attempt1,25986690554_attempt1,26029755017_attempt1,26091905404_attempt1,26156603287_attempt1,26221008452_attempt1,26357456273_attempt1,26709070227_attempt1,26709294970_attempt1,26755468029_attempt1,26832707302_attempt1,26944523023_attempt1,27008365180_attempt1,27059341408_attempt1,27089462916_attempt1,27130700451_attempt1,27199408085_attempt1,27269618919_attempt1,27340390720_attempt1,27410119221_attempt1,27464308599_attempt1,27496226714_attempt1,27540844174_attempt1,27612222130_attempt1,27683808024_attempt1,27754758156_attempt1,27821835753_attempt1,27869277828_attempt1,27902430728_attempt1,27948683312_attempt1,28022420503_attempt1,28095005508_attempt1,28166886036_attempt1,28235383560_attempt1,28288053257_attempt1,28321073325_attempt1,28369678027_attempt1,28442123818_attempt1",28515647330_attempt1,28588281394_attempt1,d4_sp40_ov30_dep300_adv5_fix25_f100,0.95,0.6998128209956905,-0.6987115710133073,0.9611328124999999,-0.0038733268790154263,14,0.6774193548387096,4,0.04,0.03,300.0,0.005,0.0025,0.01
57,classic_early_drop_down,classic_microstructure,"24949259015_attempt1,24952032748_attempt1,24986940107_attempt1,25044896828_attempt1,25100490855_attempt1,25157440693_attempt1,25208977834_attempt1,25247789591_attempt1,25274678535_attempt1,25311264469_attempt1,25367630341_attempt1,25427145257_attempt1,25487949887_attempt1,25545252940_attempt1,25596809734_attempt1,25624592440_attempt1,25665168591_attempt1,25791429807_attempt1,25852951350_attempt1,25911485679_attempt1,25957739510_attempt1,25986690554_attempt1,26029755017_attempt1,26091905404_attempt1,26156603287_attempt1,26221008452_attempt1,26357456273_attempt1,26709070227_attempt1,26709294970_attempt1,26755468029_attempt1,26832707302_attempt1,26944523023_attempt1,27008365180_attempt1,27059341408_attempt1,27089462916_attempt1,27130700451_attempt1,27199408085_attempt1,27269618919_attempt1,27340390720_attempt1,27410119221_attempt1,27464308599_attempt1,27496226714_attempt1,27540844174_attempt1,27612222130_attempt1,27683808024_attempt1,27754758156_attempt1,27821835753_attempt1,27869277828_attempt1,27902430728_attempt1,27948683312_attempt1,28022420503_attempt1,28095005508_attempt1,28166886036_attempt1,28235383560_attempt1,28288053257_attempt1,28321073325_attempt1,28369678027_attempt1,28442123818_attempt1,28515647330_attempt1",28588281394_attempt1,28659365605_attempt1,d8_sp60_ov30_dep300_adv15_fix25_f100,,,,0.875390625,0.03522108110757949,17,0.25333333333333335,8,0.06,0.03,300.0,0.015,0.0025,0.01
57,btc2_path_eff,alphaforge_interaction,"24949259015_attempt1,24952032748_attempt1,24986940107_attempt1,25044896828_attempt1,25100490855_attempt1,25157440693_attempt1,25208977834_attempt1,25247789591_attempt1,25274678535_attempt1,25311264469_attempt1,25367630341_attempt1,25427145257_attempt1,25487949887_attempt1,25545252940_attempt1,25596809734_attempt1,25624592440_attempt1,25665168591_attempt1,25791429807_attempt1,25852951350_attempt1,25911485679_attempt1,25957739510_attempt1,25986690554_attempt1,26029755017_attempt1,26091905404_attempt1,26156603287_attempt1,26221008452_attempt1,26357456273_attempt1,26709070227_attempt1,26709294970_attempt1,26755468029_attempt1,26832707302_attempt1,26944523023_attempt1,27008365180_attempt1,27059341408_attempt1,27089462916_attempt1,27130700451_attempt1,27199408085_attempt1,27269618919_attempt1,27340390720_attempt1,27410119221_attempt1,27464308599_attempt1,27496226714_attempt1,27540844174_attempt1,27612222130_attempt1,27683808024_attempt1,27754758156_attempt1,27821835753_attempt1,27869277828_attempt1,27902430728_attempt1,27948683312_attempt1,28022420503_attempt1,28095005508_attempt1,28166886036_attempt1,28235383560_attempt1,28288053257_attempt1,28321073325_attempt1,28369678027_attempt1,28442123818_attempt1,28515647330_attempt1",28588281394_attempt1,28659365605_attempt1,d4_sp40_ov30_dep300_adv15_fix25_f100,0.85,0.2440132282117323,-0.2589993127012909,0.9438802083333333,0.000613279270338607,17,0.34065934065934067,4,0.04,0.03,300.0,0.015,0.0025,0.01
57,size_imbalance_uncertainty,alphaforge_interaction,"24949259015_attempt1,24952032748_attempt1,24986940107_attempt1,25044896828_attempt1,25100490855_attempt1,25157440693_attempt1,25208977834_attempt1,25247789591_attempt1,25274678535_attempt1,25311264469_attempt1,25367630341_attempt1,25427145257_attempt1,25487949887_attempt1,25545252940_attempt1,25596809734_attempt1,25624592440_attempt1,25665168591_attempt1,25791429807_attempt1,25852951350_attempt1,25911485679_attempt1,25957739510_attempt1,25986690554_attempt1,26029755017_attempt1,26091905404_attempt1,26156603287_attempt1,26221008452_attempt1,26357456273_attempt1,26709070227_attempt1,26709294970_attempt1,26755468029_attempt1,26832707302_attempt1,26944523023_attempt1,27008365180_attempt1,27059341408_attempt1,27089462916_attempt1,27130700451_attempt1,27199408085_attempt1,27269618919_attempt1,27340390720_attempt1,27410119221_attempt1,27464308599_attempt1,27496226714_attempt1,27540844174_attempt1,27612222130_attempt1,27683808024_attempt1,27754758156_attempt1,27821835753_attempt1,27869277828_attempt1,27902430728_attempt1,27948683312_attempt1,28022420503_attempt1,28095005508_attempt1,28166886036_attempt1,28235383560_attempt1,28288053257_attempt1,28321073325_attempt1,28369678027_attempt1,28442123818_attempt1,28515647330_attempt1",28588281394_attempt1,28659365605_attempt1,d4_sp40_ov30_dep100_adv5_fix25_f200,0.95,0.6994559963641868,-0.7009561898535788,0.8732421874999999,0.16370582769965258,13,0.5862068965517241,4,0.04,0.03,100.0,0.005,0.0025,0.02
58,classic_early_drop_down,classic_microstructure,"24949259015_attempt1,24952032748_attempt1,24986940107_attempt1,25044896828_attempt1,25100490855_attempt1,25157440693_attempt1,25208977834_attempt1,25247789591_attempt1,25274678535_attempt1,25311264469_attempt1,25367630341_attempt1,25427145257_attempt1,25487949887_attempt1,25545252940_attempt1,25596809734_attempt1,25624592440_attempt1,25665168591_attempt1,25791429807_attempt1,25852951350_attempt1,25911485679_attempt1,25957739510_attempt1,25986690554_attempt1,26029755017_attempt1,26091905404_attempt1,26156603287_attempt1,26221008452_attempt1,26357456273_attempt1,26709070227_attempt1,26709294970_attempt1,26755468029_attempt1,26832707302_attempt1,26944523023_attempt1,27008365180_attempt1,27059341408_attempt1,27089462916_attempt1,27130700451_attempt1,27199408085_attempt1,27269618919_attempt1,27340390720_attempt1,27410119221_attempt1,27464308599_attempt1,27496226714_attempt1,27540844174_attempt1,27612222130_attempt1,27683808024_attempt1,27754758156_attempt1,27821835753_attempt1,27869277828_attempt1,27902430728_attempt1,27948683312_attempt1,28022420503_attempt1,28095005508_attempt1,28166886036_attempt1,28235383560_attempt1,28288053257_attempt1,28321073325_attempt1,28369678027_attempt1,28442123818_attempt1,28515647330_attempt1,28588281394_attempt1",28659365605_attempt1,28705739897_attempt1,d8_sp40_ov30_dep100_adv15_fix25_f100,,,,0.857421875,0.015337342569782697,14,0.46875,8,0.04,0.03,100.0,0.015,0.0025,0.01
58,btc2_path_eff,alphaforge_interaction,"24949259015_attempt1,24952032748_attempt1,24986940107_attempt1,25044896828_attempt1,25100490855_attempt1,25157440693_attempt1,25208977834_attempt1,25247789591_attempt1,25274678535_attempt1,25311264469_attempt1,25367630341_attempt1,25427145257_attempt1,25487949887_attempt1,25545252940_attempt1,25596809734_attempt1,25624592440_attempt1,25665168591_attempt1,25791429807_attempt1,25852951350_attempt1,25911485679_attempt1,25957739510_attempt1,25986690554_attempt1,26029755017_attempt1,26091905404_attempt1,26156603287_attempt1,26221008452_attempt1,26357456273_attempt1,26709070227_attempt1,26709294970_attempt1,26755468029_attempt1,26832707302_attempt1,26944523023_attempt1,27008365180_attempt1,27059341408_attempt1,27089462916_attempt1,27130700451_attempt1,27199408085_attempt1,27269618919_attempt1,27340390720_attempt1,27410119221_attempt1,27464308599_attempt1,27496226714_attempt1,27540844174_attempt1,27612222130_attempt1,27683808024_attempt1,27754758156_attempt1,27821835753_attempt1,27869277828_attempt1,27902430728_attempt1,27948683312_attempt1,28022420503_attempt1,28095005508_attempt1,28166886036_attempt1,28235383560_attempt1,28288053257_attempt1,28321073325_attempt1,28369678027_attempt1,28442123818_attempt1,28515647330_attempt1,28588281394_attempt1",28659365605_attempt1,28705739897_attempt1,d8_sp40_ov30_dep100_adv5_fix25_f200,0.85,0.24418654683907778,-0.25999927065595085,0.7394531249999999,0.05430693972545009,15,0.29411764705882354,8,0.04,0.03,100.0,0.005,0.0025,0.02
58,size_imbalance_uncertainty,alphaforge_interaction,"24949259015_attempt1,24952032748_attempt1,24986940107_attempt1,25044896828_attempt1,25100490855_attempt1,25157440693_attempt1,25208977834_attempt1,25247789591_attempt1,25274678535_attempt1,25311264469_attempt1,25367630341_attempt1,25427145257_attempt1,25487949887_attempt1,25545252940_attempt1,25596809734_attempt1,25624592440_attempt1,25665168591_attempt1,25791429807_attempt1,25852951350_attempt1,25911485679_attempt1,25957739510_attempt1,25986690554_attempt1,26029755017_attempt1,26091905404_attempt1,26156603287_attempt1,26221008452_attempt1,26357456273_attempt1,26709070227_attempt1,26709294970_attempt1,26755468029_attempt1,26832707302_attempt1,26944523023_attempt1,27008365180_attempt1,27059341408_attempt1,27089462916_attempt1,27130700451_attempt1,27199408085_attempt1,27269618919_attempt1,27340390720_attempt1,27410119221_attempt1,27464308599_attempt1,27496226714_attempt1,27540844174_attempt1,27612222130_attempt1,27683808024_attempt1,27754758156_attempt1,27821835753_attempt1,27869277828_attempt1,27902430728_attempt1,27948683312_attempt1,28022420503_attempt1,28095005508_attempt1,28166886036_attempt1,28235383560_attempt1,28288053257_attempt1,28321073325_attempt1,28369678027_attempt1,28442123818_attempt1,28515647330_attempt1,28588281394_attempt1",28659365605_attempt1,28705739897_attempt1,d8_sp40_ov30_dep100_adv5_fix25_f100,0.9,0.5684576326820593,-0.5680764342442218,0.8095703124999999,0.1122389935281276,18,0.5,8,0.04,0.03,100.0,0.005,0.0025,0.01
59,classic_early_drop_down,classic_microstructure,"24949259015_attempt1,24952032748_attempt1,24986940107_attempt1,25044896828_attempt1,25100490855_attempt1,25157440693_attempt1,25208977834_attempt1,25247789591_attempt1,25274678535_attempt1,25311264469_attempt1,25367630341_attempt1,25427145257_attempt1,25487949887_attempt1,25545252940_attempt1,25596809734_attempt1,25624592440_attempt1,25665168591_attempt1,25791429807_attempt1,25852951350_attempt1,25911485679_attempt1,25957739510_attempt1,25986690554_attempt1,26029755017_attempt1,26091905404_attempt1,26156603287_attempt1,26221008452_attempt1,26357456273_attempt1,26709070227_attempt1,26709294970_attempt1,26755468029_attempt1,26832707302_attempt1,26944523023_attempt1,27008365180_attempt1,27059341408_attempt1,27089462916_attempt1,27130700451_attempt1,27199408085_attempt1,27269618919_attempt1,27340390720_attempt1,27410119221_attempt1,27464308599_attempt1,27496226714_attempt1,27540844174_attempt1,27612222130_attempt1,27683808024_attempt1,27754758156_attempt1,27821835753_attempt1,27869277828_attempt1,27902430728_attempt1,27948683312_attempt1,28022420503_attempt1,28095005508_attempt1,28166886036_attempt1,28235383560_attempt1,28288053257_attempt1,28321073325_attempt1,28369678027_attempt1,28442123818_attempt1,28515647330_attempt1,28588281394_attempt1,28659365605_attempt1",28705739897_attempt1,28740396418_attempt1,d8_sp40_ov30_dep100_adv5_fix25_f200,,,,0.841015625,0.033679142875228996,11,0.2558139534883721,8,0.04,0.03,100.0,0.005,0.0025,0.02
59,btc2_path_eff,alphaforge_interaction,"24949259015_attempt1,24952032748_attempt1,24986940107_attempt1,25044896828_attempt1,25100490855_attempt1,25157440693_attempt1,25208977834_attempt1,25247789591_attempt1,25274678535_attempt1,25311264469_attempt1,25367630341_attempt1,25427145257_attempt1,25487949887_attempt1,25545252940_attempt1,25596809734_attempt1,25624592440_attempt1,25665168591_attempt1,25791429807_attempt1,25852951350_attempt1,25911485679_attempt1,25957739510_attempt1,25986690554_attempt1,26029755017_attempt1,26091905404_attempt1,26156603287_attempt1,26221008452_attempt1,26357456273_attempt1,26709070227_attempt1,26709294970_attempt1,26755468029_attempt1,26832707302_attempt1,26944523023_attempt1,27008365180_attempt1,27059341408_attempt1,27089462916_attempt1,27130700451_attempt1,27199408085_attempt1,27269618919_attempt1,27340390720_attempt1,27410119221_attempt1,27464308599_attempt1,27496226714_attempt1,27540844174_attempt1,27612222130_attempt1,27683808024_attempt1,27754758156_attempt1,27821835753_attempt1,27869277828_attempt1,27902430728_attempt1,27948683312_attempt1,28022420503_attempt1,28095005508_attempt1,28166886036_attempt1,28235383560_attempt1,28288053257_attempt1,28321073325_attempt1,28369678027_attempt1,28442123818_attempt1,28515647330_attempt1,28588281394_attempt1,28659365605_attempt1",28705739897_attempt1,28740396418_attempt1,d8_sp60_ov30_dep100_adv15_fix25_f200,0.9,0.37493550769880535,-0.3930054751640095,0.7858695652173913,0.02967358027152156,15,0.3404255319148936,8,0.06,0.03,100.0,0.015,0.0025,0.02
59,size_imbalance_uncertainty,alphaforge_interaction,"24949259015_attempt1,24952032748_attempt1,24986940107_attempt1,25044896828_attempt1,25100490855_attempt1,25157440693_attempt1,25208977834_attempt1,25247789591_attempt1,25274678535_attempt1,25311264469_attempt1,25367630341_attempt1,25427145257_attempt1,25487949887_attempt1,25545252940_attempt1,25596809734_attempt1,25624592440_attempt1,25665168591_attempt1,25791429807_attempt1,25852951350_attempt1,25911485679_attempt1,25957739510_attempt1,25986690554_attempt1,26029755017_attempt1,26091905404_attempt1,26156603287_attempt1,26221008452_attempt1,26357456273_attempt1,26709070227_attempt1,26709294970_attempt1,26755468029_attempt1,26832707302_attempt1,26944523023_attempt1,27008365180_attempt1,27059341408_attempt1,27089462916_attempt1,27130700451_attempt1,27199408085_attempt1,27269618919_attempt1,27340390720_attempt1,27410119221_attempt1,27464308599_attempt1,27496226714_attempt1,27540844174_attempt1,27612222130_attempt1,27683808024_attempt1,27754758156_attempt1,27821835753_attempt1,27869277828_attempt1,27902430728_attempt1,27948683312_attempt1,28022420503_attempt1,28095005508_attempt1,28166886036_attempt1,28235383560_attempt1,28288053257_attempt1,28321073325_attempt1,28369678027_attempt1,28442123818_attempt1,28515647330_attempt1,28588281394_attempt1,28659365605_attempt1",28705739897_attempt1,28740396418_attempt1,d4_sp40_ov30_dep100_adv15_fix25_f100,0.95,0.6998498074497049,-0.7019388545118143,0.9267578125,-0.0037787292358142377,13,0.42857142857142855,4,0.04,0.03,100.0,0.015,0.0025,0.01
60,classic_early_drop_down,classic_microstructure,"24949259015_attempt1,24952032748_attempt1,24986940107_attempt1,25044896828_attempt1,25100490855_attempt1,25157440693_attempt1,25208977834_attempt1,25247789591_attempt1,25274678535_attempt1,25311264469_attempt1,25367630341_attempt1,25427145257_attempt1,25487949887_attempt1,25545252940_attempt1,25596809734_attempt1,25624592440_attempt1,25665168591_attempt1,25791429807_attempt1,25852951350_attempt1,25911485679_attempt1,25957739510_attempt1,25986690554_attempt1,26029755017_attempt1,26091905404_attempt1,26156603287_attempt1,26221008452_attempt1,26357456273_attempt1,26709070227_attempt1,26709294970_attempt1,26755468029_attempt1,26832707302_attempt1,26944523023_attempt1,27008365180_attempt1,27059341408_attempt1,27089462916_attempt1,27130700451_attempt1,27199408085_attempt1,27269618919_attempt1,27340390720_attempt1,27410119221_attempt1,27464308599_attempt1,27496226714_attempt1,27540844174_attempt1,27612222130_attempt1,27683808024_attempt1,27754758156_attempt1,27821835753_attempt1,27869277828_attempt1,27902430728_attempt1,27948683312_attempt1,28022420503_attempt1,28095005508_attempt1,28166886036_attempt1,28235383560_attempt1,28288053257_attempt1,28321073325_attempt1,28369678027_attempt1,28442123818_attempt1,28515647330_attempt1,28588281394_attempt1,28659365605_attempt1,28705739897_attempt1",28740396418_attempt1,28847404575_attempt1,d4_sp40_ov30_dep100_adv15_fix25_f100,,,,0.936328125,0.004127885236864692,17,0.5681818181818182,4,0.04,0.03,100.0,0.015,0.0025,0.01
60,btc2_path_eff,alphaforge_interaction,"24949259015_attempt1,24952032748_attempt1,24986940107_attempt1,25044896828_attempt1,25100490855_attempt1,25157440693_attempt1,25208977834_attempt1,25247789591_attempt1,25274678535_attempt1,25311264469_attempt1,25367630341_attempt1,25427145257_attempt1,25487949887_attempt1,25545252940_attempt1,25596809734_attempt1,25624592440_attempt1,25665168591_attempt1,25791429807_attempt1,25852951350_attempt1,25911485679_attempt1,25957739510_attempt1,25986690554_attempt1,26029755017_attempt1,26091905404_attempt1,26156603287_attempt1,26221008452_attempt1,26357456273_attempt1,26709070227_attempt1,26709294970_attempt1,26755468029_attempt1,26832707302_attempt1,26944523023_attempt1,27008365180_attempt1,27059341408_attempt1,27089462916_attempt1,27130700451_attempt1,27199408085_attempt1,27269618919_attempt1,27340390720_attempt1,27410119221_attempt1,27464308599_attempt1,27496226714_attempt1,27540844174_attempt1,27612222130_attempt1,27683808024_attempt1,27754758156_attempt1,27821835753_attempt1,27869277828_attempt1,27902430728_attempt1,27948683312_attempt1,28022420503_attempt1,28095005508_attempt1,28166886036_attempt1,28235383560_attempt1,28288053257_attempt1,28321073325_attempt1,28369678027_attempt1,28442123818_attempt1,28515647330_attempt1,28588281394_attempt1,28659365605_attempt1,28705739897_attempt1",28740396418_attempt1,28847404575_attempt1,d8_sp40_ov30_dep100_adv15_fix75_f100,0.95,0.6034783483106134,-0.6677308538797895,0.8959635416666666,-0.004131408933488068,10,0.5,8,0.04,0.03,100.0,0.015,0.0075,0.01
60,size_imbalance_uncertainty,alphaforge_interaction,"24949259015_attempt1,24952032748_attempt1,24986940107_attempt1,25044896828_attempt1,25100490855_attempt1,25157440693_attempt1,25208977834_attempt1,25247789591_attempt1,25274678535_attempt1,25311264469_attempt1,25367630341_attempt1,25427145257_attempt1,25487949887_attempt1,25545252940_attempt1,25596809734_attempt1,25624592440_attempt1,25665168591_attempt1,25791429807_attempt1,25852951350_attempt1,25911485679_attempt1,25957739510_attempt1,25986690554_attempt1,26029755017_attempt1,26091905404_attempt1,26156603287_attempt1,26221008452_attempt1,26357456273_attempt1,26709070227_attempt1,26709294970_attempt1,26755468029_attempt1,26832707302_attempt1,26944523023_attempt1,27008365180_attempt1,27059341408_attempt1,27089462916_attempt1,27130700451_attempt1,27199408085_attempt1,27269618919_attempt1,27340390720_attempt1,27410119221_attempt1,27464308599_attempt1,27496226714_attempt1,27540844174_attempt1,27612222130_attempt1,27683808024_attempt1,27754758156_attempt1,27821835753_attempt1,27869277828_attempt1,27902430728_attempt1,27948683312_attempt1,28022420503_attempt1,28095005508_attempt1,28166886036_attempt1,28235383560_attempt1,28288053257_attempt1,28321073325_attempt1,28369678027_attempt1,28442123818_attempt1,28515647330_attempt1,28588281394_attempt1,28659365605_attempt1,28705739897_attempt1",28740396418_attempt1,28847404575_attempt1,d4_sp60_ov30_dep100_adv5_fix25_f100,0.9,0.569711051853094,-0.5711237728456624,0.8537109374999999,0.09602227908754468,20,0.5616438356164384,4,0.06,0.03,100.0,0.005,0.0025,0.01
61,classic_early_drop_down,classic_microstructure,"24949259015_attempt1,24952032748_attempt1,24986940107_attempt1,25044896828_attempt1,25100490855_attempt1,25157440693_attempt1,25208977834_attempt1,25247789591_attempt1,25274678535_attempt1,25311264469_attempt1,25367630341_attempt1,25427145257_attempt1,25487949887_attempt1,25545252940_attempt1,25596809734_attempt1,25624592440_attempt1,25665168591_attempt1,25791429807_attempt1,25852951350_attempt1,25911485679_attempt1,25957739510_attempt1,25986690554_attempt1,26029755017_attempt1,26091905404_attempt1,26156603287_attempt1,26221008452_attempt1,26357456273_attempt1,26709070227_attempt1,26709294970_attempt1,26755468029_attempt1,26832707302_attempt1,26944523023_attempt1,27008365180_attempt1,27059341408_attempt1,27089462916_attempt1,27130700451_attempt1,27199408085_attempt1,27269618919_attempt1,27340390720_attempt1,27410119221_attempt1,27464308599_attempt1,27496226714_attempt1,27540844174_attempt1,27612222130_attempt1,27683808024_attempt1,27754758156_attempt1,27821835753_attempt1,27869277828_attempt1,27902430728_attempt1,27948683312_attempt1,28022420503_attempt1,28095005508_attempt1,28166886036_attempt1,28235383560_attempt1,28288053257_attempt1,28321073325_attempt1,28369678027_attempt1,28442123818_attempt1,28515647330_attempt1,28588281394_attempt1,28659365605_attempt1,28705739897_attempt1,28740396418_attempt1",28847404575_attempt1,28923778969_attempt1,d4_sp60_ov30_dep100_adv15_fix25_f100,,,,0.9316406249999999,0.006641618396551863,20,0.525,4,0.06,0.03,100.0,0.015,0.0025,0.01
61,btc2_path_eff,alphaforge_interaction,"24949259015_attempt1,24952032748_attempt1,24986940107_attempt1,25044896828_attempt1,25100490855_attempt1,25157440693_attempt1,25208977834_attempt1,25247789591_attempt1,25274678535_attempt1,25311264469_attempt1,25367630341_attempt1,25427145257_attempt1,25487949887_attempt1,25545252940_attempt1,25596809734_attempt1,25624592440_attempt1,25665168591_attempt1,25791429807_attempt1,25852951350_attempt1,25911485679_attempt1,25957739510_attempt1,25986690554_attempt1,26029755017_attempt1,26091905404_attempt1,26156603287_attempt1,26221008452_attempt1,26357456273_attempt1,26709070227_attempt1,26709294970_attempt1,26755468029_attempt1,26832707302_attempt1,26944523023_attempt1,27008365180_attempt1,27059341408_attempt1,27089462916_attempt1,27130700451_attempt1,27199408085_attempt1,27269618919_attempt1,27340390720_attempt1,27410119221_attempt1,27464308599_attempt1,27496226714_attempt1,27540844174_attempt1,27612222130_attempt1,27683808024_attempt1,27754758156_attempt1,27821835753_attempt1,27869277828_attempt1,27902430728_attempt1,27948683312_attempt1,28022420503_attempt1,28095005508_attempt1,28166886036_attempt1,28235383560_attempt1,28288053257_attempt1,28321073325_attempt1,28369678027_attempt1,28442123818_attempt1,28515647330_attempt1,28588281394_attempt1,28659365605_attempt1,28705739897_attempt1,28740396418_attempt1",28847404575_attempt1,28923778969_attempt1,d4_sp40_ov30_dep100_adv15_fix25_f200,0.85,0.24416501445733416,-0.2569601722138102,0.7680989583333333,0.0407617579234858,17,0.4032258064516129,4,0.04,0.03,100.0,0.015,0.0025,0.02
61,size_imbalance_uncertainty,alphaforge_interaction,"24949259015_attempt1,24952032748_attempt1,24986940107_attempt1,25044896828_attempt1,25100490855_attempt1,25157440693_attempt1,25208977834_attempt1,25247789591_attempt1,25274678535_attempt1,25311264469_attempt1,25367630341_attempt1,25427145257_attempt1,25487949887_attempt1,25545252940_attempt1,25596809734_attempt1,25624592440_attempt1,25665168591_attempt1,25791429807_attempt1,25852951350_attempt1,25911485679_attempt1,25957739510_attempt1,25986690554_attempt1,26029755017_attempt1,26091905404_attempt1,26156603287_attempt1,26221008452_attempt1,26357456273_attempt1,26709070227_attempt1,26709294970_attempt1,26755468029_attempt1,26832707302_attempt1,26944523023_attempt1,27008365180_attempt1,27059341408_attempt1,27089462916_attempt1,27130700451_attempt1,27199408085_attempt1,27269618919_attempt1,27340390720_attempt1,27410119221_attempt1,27464308599_attempt1,27496226714_attempt1,27540844174_attempt1,27612222130_attempt1,27683808024_attempt1,27754758156_attempt1,27821835753_attempt1,27869277828_attempt1,27902430728_attempt1,27948683312_attempt1,28022420503_attempt1,28095005508_attempt1,28166886036_attempt1,28235383560_attempt1,28288053257_attempt1,28321073325_attempt1,28369678027_attempt1,28442123818_attempt1,28515647330_attempt1,28588281394_attempt1,28659365605_attempt1,28705739897_attempt1,28740396418_attempt1",28847404575_attempt1,28923778969_attempt1,d4_sp40_ov30_dep100_adv15_fix25_f100,0.9,0.570535893656412,-0.5731837613725932,0.9708984375,0.04415294623322774,18,0.625,4,0.04,0.03,100.0,0.015,0.0025,0.01
62,classic_early_drop_down,classic_microstructure,"24949259015_attempt1,24952032748_attempt1,24986940107_attempt1,25044896828_attempt1,25100490855_attempt1,25157440693_attempt1,25208977834_attempt1,25247789591_attempt1,25274678535_attempt1,25311264469_attempt1,25367630341_attempt1,25427145257_attempt1,25487949887_attempt1,25545252940_attempt1,25596809734_attempt1,25624592440_attempt1,25665168591_attempt1,25791429807_attempt1,25852951350_attempt1,25911485679_attempt1,25957739510_attempt1,25986690554_attempt1,26029755017_attempt1,26091905404_attempt1,26156603287_attempt1,26221008452_attempt1,26357456273_attempt1,26709070227_attempt1,26709294970_attempt1,26755468029_attempt1,26832707302_attempt1,26944523023_attempt1,27008365180_attempt1,27059341408_attempt1,27089462916_attempt1,27130700451_attempt1,27199408085_attempt1,27269618919_attempt1,27340390720_attempt1,27410119221_attempt1,27464308599_attempt1,27496226714_attempt1,27540844174_attempt1,27612222130_attempt1,27683808024_attempt1,27754758156_attempt1,27821835753_attempt1,27869277828_attempt1,27902430728_attempt1,27948683312_attempt1,28022420503_attempt1,28095005508_attempt1,28166886036_attempt1,28235383560_attempt1,28288053257_attempt1,28321073325_attempt1,28369678027_attempt1,28442123818_attempt1,28515647330_attempt1,28588281394_attempt1,28659365605_attempt1,28705739897_attempt1,28740396418_attempt1,28847404575_attempt1",28923778969_attempt1,29000291038_attempt1,d8_sp40_ov30_dep100_adv15_fix25_f100,,,,0.927734375,0.03721175258524756,20,0.47435897435897434,8,0.04,0.03,100.0,0.015,0.0025,0.01
62,btc2_path_eff,alphaforge_interaction,"24949259015_attempt1,24952032748_attempt1,24986940107_attempt1,25044896828_attempt1,25100490855_attempt1,25157440693_attempt1,25208977834_attempt1,25247789591_attempt1,25274678535_attempt1,25311264469_attempt1,25367630341_attempt1,25427145257_attempt1,25487949887_attempt1,25545252940_attempt1,25596809734_attempt1,25624592440_attempt1,25665168591_attempt1,25791429807_attempt1,25852951350_attempt1,25911485679_attempt1,25957739510_attempt1,25986690554_attempt1,26029755017_attempt1,26091905404_attempt1,26156603287_attempt1,26221008452_attempt1,26357456273_attempt1,26709070227_attempt1,26709294970_attempt1,26755468029_attempt1,26832707302_attempt1,26944523023_attempt1,27008365180_attempt1,27059341408_attempt1,27089462916_attempt1,27130700451_attempt1,27199408085_attempt1,27269618919_attempt1,27340390720_attempt1,27410119221_attempt1,27464308599_attempt1,27496226714_attempt1,27540844174_attempt1,27612222130_attempt1,27683808024_attempt1,27754758156_attempt1,27821835753_attempt1,27869277828_attempt1,27902430728_attempt1,27948683312_attempt1,28022420503_attempt1,28095005508_attempt1,28166886036_attempt1,28235383560_attempt1,28288053257_attempt1,28321073325_attempt1,28369678027_attempt1,28442123818_attempt1,28515647330_attempt1,28588281394_attempt1,28659365605_attempt1,28705739897_attempt1,28740396418_attempt1,28847404575_attempt1",28923778969_attempt1,29000291038_attempt1,d4_sp40_ov30_dep100_adv5_fix25_f200,0.85,0.24365647635901921,-0.2561105061864602,0.7467187499999999,0.04660450616998224,14,0.21052631578947367,4,0.04,0.03,100.0,0.005,0.0025,0.02
62,size_imbalance_uncertainty,alphaforge_interaction,"24949259015_attempt1,24952032748_attempt1,24986940107_attempt1,25044896828_attempt1,25100490855_attempt1,25157440693_attempt1,25208977834_attempt1,25247789591_attempt1,25274678535_attempt1,25311264469_attempt1,25367630341_attempt1,25427145257_attempt1,25487949887_attempt1,25545252940_attempt1,25596809734_attempt1,25624592440_attempt1,25665168591_attempt1,25791429807_attempt1,25852951350_attempt1,25911485679_attempt1,25957739510_attempt1,25986690554_attempt1,26029755017_attempt1,26091905404_attempt1,26156603287_attempt1,26221008452_attempt1,26357456273_attempt1,26709070227_attempt1,26709294970_attempt1,26755468029_attempt1,26832707302_attempt1,26944523023_attempt1,27008365180_attempt1,27059341408_attempt1,27089462916_attempt1,27130700451_attempt1,27199408085_attempt1,27269618919_attempt1,27340390720_attempt1,27410119221_attempt1,27464308599_attempt1,27496226714_attempt1,27540844174_attempt1,27612222130_attempt1,27683808024_attempt1,27754758156_attempt1,27821835753_attempt1,27869277828_attempt1,27902430728_attempt1,27948683312_attempt1,28022420503_attempt1,28095005508_attempt1,28166886036_attempt1,28235383560_attempt1,28288053257_attempt1,28321073325_attempt1,28369678027_attempt1,28442123818_attempt1,28515647330_attempt1,28588281394_attempt1,28659365605_attempt1,28705739897_attempt1,28740396418_attempt1,28847404575_attempt1",28923778969_attempt1,29000291038_attempt1,d8_sp40_ov30_dep100_adv5_fix25_f100,0.95,0.6999561032830935,-0.7037973134046167,0.8939453124999999,-0.017529353986959872,6,0.5263157894736842,8,0.04,0.03,100.0,0.005,0.0025,0.01
63,classic_early_drop_down,classic_microstructure,"24949259015_attempt1,24952032748_attempt1,24986940107_attempt1,25044896828_attempt1,25100490855_attempt1,25157440693_attempt1,25208977834_attempt1,25247789591_attempt1,25274678535_attempt1,25311264469_attempt1,25367630341_attempt1,25427145257_attempt1,25487949887_attempt1,25545252940_attempt1,25596809734_attempt1,25624592440_attempt1,25665168591_attempt1,25791429807_attempt1,25852951350_attempt1,25911485679_attempt1,25957739510_attempt1,25986690554_attempt1,26029755017_attempt1,26091905404_attempt1,26156603287_attempt1,26221008452_attempt1,26357456273_attempt1,26709070227_attempt1,26709294970_attempt1,26755468029_attempt1,26832707302_attempt1,26944523023_attempt1,27008365180_attempt1,27059341408_attempt1,27089462916_attempt1,27130700451_attempt1,27199408085_attempt1,27269618919_attempt1,27340390720_attempt1,27410119221_attempt1,27464308599_attempt1,27496226714_attempt1,27540844174_attempt1,27612222130_attempt1,27683808024_attempt1,27754758156_attempt1,27821835753_attempt1,27869277828_attempt1,27902430728_attempt1,27948683312_attempt1,28022420503_attempt1,28095005508_attempt1,28166886036_attempt1,28235383560_attempt1,28288053257_attempt1,28321073325_attempt1,28369678027_attempt1,28442123818_attempt1,28515647330_attempt1,28588281394_attempt1,28659365605_attempt1,28705739897_attempt1,28740396418_attempt1,28847404575_attempt1,28923778969_attempt1",29000291038_attempt1,29075660007_attempt1,d8_sp40_ov30_dep300_adv15_fix25_f100,,,,0.901953125,0.011126170207043762,15,0.30158730158730157,8,0.04,0.03,300.0,0.015,0.0025,0.01
63,btc2_path_eff,alphaforge_interaction,"24949259015_attempt1,24952032748_attempt1,24986940107_attempt1,25044896828_attempt1,25100490855_attempt1,25157440693_attempt1,25208977834_attempt1,25247789591_attempt1,25274678535_attempt1,25311264469_attempt1,25367630341_attempt1,25427145257_attempt1,25487949887_attempt1,25545252940_attempt1,25596809734_attempt1,25624592440_attempt1,25665168591_attempt1,25791429807_attempt1,25852951350_attempt1,25911485679_attempt1,25957739510_attempt1,25986690554_attempt1,26029755017_attempt1,26091905404_attempt1,26156603287_attempt1,26221008452_attempt1,26357456273_attempt1,26709070227_attempt1,26709294970_attempt1,26755468029_attempt1,26832707302_attempt1,26944523023_attempt1,27008365180_attempt1,27059341408_attempt1,27089462916_attempt1,27130700451_attempt1,27199408085_attempt1,27269618919_attempt1,27340390720_attempt1,27410119221_attempt1,27464308599_attempt1,27496226714_attempt1,27540844174_attempt1,27612222130_attempt1,27683808024_attempt1,27754758156_attempt1,27821835753_attempt1,27869277828_attempt1,27902430728_attempt1,27948683312_attempt1,28022420503_attempt1,28095005508_attempt1,28166886036_attempt1,28235383560_attempt1,28288053257_attempt1,28321073325_attempt1,28369678027_attempt1,28442123818_attempt1,28515647330_attempt1,28588281394_attempt1,28659365605_attempt1,28705739897_attempt1,28740396418_attempt1,28847404575_attempt1,28923778969_attempt1",29000291038_attempt1,29075660007_attempt1,d8_sp40_ov30_dep100_adv15_fix25_f100,0.85,0.24365486440793235,-0.25622265072847106,0.8475260416666667,0.016924363438982182,20,0.4492753623188406,8,0.04,0.03,100.0,0.015,0.0025,0.01
63,size_imbalance_uncertainty,alphaforge_interaction,"24949259015_attempt1,24952032748_attempt1,24986940107_attempt1,25044896828_attempt1,25100490855_attempt1,25157440693_attempt1,25208977834_attempt1,25247789591_attempt1,25274678535_attempt1,25311264469_attempt1,25367630341_attempt1,25427145257_attempt1,25487949887_attempt1,25545252940_attempt1,25596809734_attempt1,25624592440_attempt1,25665168591_attempt1,25791429807_attempt1,25852951350_attempt1,25911485679_attempt1,25957739510_attempt1,25986690554_attempt1,26029755017_attempt1,26091905404_attempt1,26156603287_attempt1,26221008452_attempt1,26357456273_attempt1,26709070227_attempt1,26709294970_attempt1,26755468029_attempt1,26832707302_attempt1,26944523023_attempt1,27008365180_attempt1,27059341408_attempt1,27089462916_attempt1,27130700451_attempt1,27199408085_attempt1,27269618919_attempt1,27340390720_attempt1,27410119221_attempt1,27464308599_attempt1,27496226714_attempt1,27540844174_attempt1,27612222130_attempt1,27683808024_attempt1,27754758156_attempt1,27821835753_attempt1,27869277828_attempt1,27902430728_attempt1,27948683312_attempt1,28022420503_attempt1,28095005508_attempt1,28166886036_attempt1,28235383560_attempt1,28288053257_attempt1,28321073325_attempt1,28369678027_attempt1,28442123818_attempt1,28515647330_attempt1,28588281394_attempt1,28659365605_attempt1,28705739897_attempt1,28740396418_attempt1,28847404575_attempt1,28923778969_attempt1",29000291038_attempt1,29075660007_attempt1,d8_sp40_ov30_dep300_adv15_fix25_f100,0.95,0.6998242458991148,-0.7036022686104682,0.8439453124999999,0.04550336531930532,12,0.43333333333333335,8,0.04,0.03,300.0,0.015,0.0025,0.01
64,classic_early_drop_down,classic_microstructure,"24949259015_attempt1,24952032748_attempt1,24986940107_attempt1,25044896828_attempt1,25100490855_attempt1,25157440693_attempt1,25208977834_attempt1,25247789591_attempt1,25274678535_attempt1,25311264469_attempt1,25367630341_attempt1,25427145257_attempt1,25487949887_attempt1,25545252940_attempt1,25596809734_attempt1,25624592440_attempt1,25665168591_attempt1,25791429807_attempt1,25852951350_attempt1,25911485679_attempt1,25957739510_attempt1,25986690554_attempt1,26029755017_attempt1,26091905404_attempt1,26156603287_attempt1,26221008452_attempt1,26357456273_attempt1,26709070227_attempt1,26709294970_attempt1,26755468029_attempt1,26832707302_attempt1,26944523023_attempt1,27008365180_attempt1,27059341408_attempt1,27089462916_attempt1,27130700451_attempt1,27199408085_attempt1,27269618919_attempt1,27340390720_attempt1,27410119221_attempt1,27464308599_attempt1,27496226714_attempt1,27540844174_attempt1,27612222130_attempt1,27683808024_attempt1,27754758156_attempt1,27821835753_attempt1,27869277828_attempt1,27902430728_attempt1,27948683312_attempt1,28022420503_attempt1,28095005508_attempt1,28166886036_attempt1,28235383560_attempt1,28288053257_attempt1,28321073325_attempt1,28369678027_attempt1,28442123818_attempt1,28515647330_attempt1,28588281394_attempt1,28659365605_attempt1,28705739897_attempt1,28740396418_attempt1,28847404575_attempt1,28923778969_attempt1,29000291038_attempt1",29075660007_attempt1,29144058049_attempt1,d4_sp40_ov30_dep100_adv15_fix25_f100,,,,0.968359375,-0.0047388761863997875,12,0.4523809523809524,4,0.04,0.03,100.0,0.015,0.0025,0.01
64,btc2_path_eff,alphaforge_interaction,"24949259015_attempt1,24952032748_attempt1,24986940107_attempt1,25044896828_attempt1,25100490855_attempt1,25157440693_attempt1,25208977834_attempt1,25247789591_attempt1,25274678535_attempt1,25311264469_attempt1,25367630341_attempt1,25427145257_attempt1,25487949887_attempt1,25545252940_attempt1,25596809734_attempt1,25624592440_attempt1,25665168591_attempt1,25791429807_attempt1,25852951350_attempt1,25911485679_attempt1,25957739510_attempt1,25986690554_attempt1,26029755017_attempt1,26091905404_attempt1,26156603287_attempt1,26221008452_attempt1,26357456273_attempt1,26709070227_attempt1,26709294970_attempt1,26755468029_attempt1,26832707302_attempt1,26944523023_attempt1,27008365180_attempt1,27059341408_attempt1,27089462916_attempt1,27130700451_attempt1,27199408085_attempt1,27269618919_attempt1,27340390720_attempt1,27410119221_attempt1,27464308599_attempt1,27496226714_attempt1,27540844174_attempt1,27612222130_attempt1,27683808024_attempt1,27754758156_attempt1,27821835753_attempt1,27869277828_attempt1,27902430728_attempt1,27948683312_attempt1,28022420503_attempt1,28095005508_attempt1,28166886036_attempt1,28235383560_attempt1,28288053257_attempt1,28321073325_attempt1,28369678027_attempt1,28442123818_attempt1,28515647330_attempt1,28588281394_attempt1,28659365605_attempt1,28705739897_attempt1,28740396418_attempt1,28847404575_attempt1,28923778969_attempt1,29000291038_attempt1",29075660007_attempt1,29144058049_attempt1,d4_sp40_ov30_dep100_adv15_fix25_f100,0.85,0.24180303773162753,-0.2561311343283984,0.896484375,0.025167455734178334,20,0.4918032786885246,4,0.04,0.03,100.0,0.015,0.0025,0.01
64,size_imbalance_uncertainty,alphaforge_interaction,"24949259015_attempt1,24952032748_attempt1,24986940107_attempt1,25044896828_attempt1,25100490855_attempt1,25157440693_attempt1,25208977834_attempt1,25247789591_attempt1,25274678535_attempt1,25311264469_attempt1,25367630341_attempt1,25427145257_attempt1,25487949887_attempt1,25545252940_attempt1,25596809734_attempt1,25624592440_attempt1,25665168591_attempt1,25791429807_attempt1,25852951350_attempt1,25911485679_attempt1,25957739510_attempt1,25986690554_attempt1,26029755017_attempt1,26091905404_attempt1,26156603287_attempt1,26221008452_attempt1,26357456273_attempt1,26709070227_attempt1,26709294970_attempt1,26755468029_attempt1,26832707302_attempt1,26944523023_attempt1,27008365180_attempt1,27059341408_attempt1,27089462916_attempt1,27130700451_attempt1,27199408085_attempt1,27269618919_attempt1,27340390720_attempt1,27410119221_attempt1,27464308599_attempt1,27496226714_attempt1,27540844174_attempt1,27612222130_attempt1,27683808024_attempt1,27754758156_attempt1,27821835753_attempt1,27869277828_attempt1,27902430728_attempt1,27948683312_attempt1,28022420503_attempt1,28095005508_attempt1,28166886036_attempt1,28235383560_attempt1,28288053257_attempt1,28321073325_attempt1,28369678027_attempt1,28442123818_attempt1,28515647330_attempt1,28588281394_attempt1,28659365605_attempt1,28705739897_attempt1,28740396418_attempt1,28847404575_attempt1,28923778969_attempt1,29000291038_attempt1",29075660007_attempt1,29144058049_attempt1,d8_sp40_ov30_dep300_adv15_fix25_f100,0.9,0.5703887501357368,-0.572958272079611,0.8736328124999999,-2.5789844137147355e-05,16,0.2835820895522388,8,0.04,0.03,300.0,0.015,0.0025,0.01
65,classic_early_drop_down,classic_microstructure,"24949259015_attempt1,24952032748_attempt1,24986940107_attempt1,25044896828_attempt1,25100490855_attempt1,25157440693_attempt1,25208977834_attempt1,25247789591_attempt1,25274678535_attempt1,25311264469_attempt1,25367630341_attempt1,25427145257_attempt1,25487949887_attempt1,25545252940_attempt1,25596809734_attempt1,25624592440_attempt1,25665168591_attempt1,25791429807_attempt1,25852951350_attempt1,25911485679_attempt1,25957739510_attempt1,25986690554_attempt1,26029755017_attempt1,26091905404_attempt1,26156603287_attempt1,26221008452_attempt1,26357456273_attempt1,26709070227_attempt1,26709294970_attempt1,26755468029_attempt1,26832707302_attempt1,26944523023_attempt1,27008365180_attempt1,27059341408_attempt1,27089462916_attempt1,27130700451_attempt1,27199408085_attempt1,27269618919_attempt1,27340390720_attempt1,27410119221_attempt1,27464308599_attempt1,27496226714_attempt1,27540844174_attempt1,27612222130_attempt1,27683808024_attempt1,27754758156_attempt1,27821835753_attempt1,27869277828_attempt1,27902430728_attempt1,27948683312_attempt1,28022420503_attempt1,28095005508_attempt1,28166886036_attempt1,28235383560_attempt1,28288053257_attempt1,28321073325_attempt1,28369678027_attempt1,28442123818_attempt1,28515647330_attempt1,28588281394_attempt1,28659365605_attempt1,28705739897_attempt1,28740396418_attempt1,28847404575_attempt1,28923778969_attempt1,29000291038_attempt1,29075660007_attempt1",29144058049_attempt1,29183942155_attempt1,d8_sp40_ov30_dep100_adv15_fix25_f100,,,,0.734765625,0.015372581362403048,9,0.4090909090909091,8,0.04,0.03,100.0,0.015,0.0025,0.01
65,btc2_path_eff,alphaforge_interaction,"24949259015_attempt1,24952032748_attempt1,24986940107_attempt1,25044896828_attempt1,25100490855_attempt1,25157440693_attempt1,25208977834_attempt1,25247789591_attempt1,25274678535_attempt1,25311264469_attempt1,25367630341_attempt1,25427145257_attempt1,25487949887_attempt1,25545252940_attempt1,25596809734_attempt1,25624592440_attempt1,25665168591_attempt1,25791429807_attempt1,25852951350_attempt1,25911485679_attempt1,25957739510_attempt1,25986690554_attempt1,26029755017_attempt1,26091905404_attempt1,26156603287_attempt1,26221008452_attempt1,26357456273_attempt1,26709070227_attempt1,26709294970_attempt1,26755468029_attempt1,26832707302_attempt1,26944523023_attempt1,27008365180_attempt1,27059341408_attempt1,27089462916_attempt1,27130700451_attempt1,27199408085_attempt1,27269618919_attempt1,27340390720_attempt1,27410119221_attempt1,27464308599_attempt1,27496226714_attempt1,27540844174_attempt1,27612222130_attempt1,27683808024_attempt1,27754758156_attempt1,27821835753_attempt1,27869277828_attempt1,27902430728_attempt1,27948683312_attempt1,28022420503_attempt1,28095005508_attempt1,28166886036_attempt1,28235383560_attempt1,28288053257_attempt1,28321073325_attempt1,28369678027_attempt1,28442123818_attempt1,28515647330_attempt1,28588281394_attempt1,28659365605_attempt1,28705739897_attempt1,28740396418_attempt1,28847404575_attempt1,28923778969_attempt1,29000291038_attempt1,29075660007_attempt1",29144058049_attempt1,29183942155_attempt1,d8_sp40_ov30_dep100_adv15_fix25_f100,0.85,0.24163652783540482,-0.2542091027451229,0.758984375,0.010460471467987231,17,0.352112676056338,8,0.04,0.03,100.0,0.015,0.0025,0.01
65,size_imbalance_uncertainty,alphaforge_interaction,"24949259015_attempt1,24952032748_attempt1,24986940107_attempt1,25044896828_attempt1,25100490855_attempt1,25157440693_attempt1,25208977834_attempt1,25247789591_attempt1,25274678535_attempt1,25311264469_attempt1,25367630341_attempt1,25427145257_attempt1,25487949887_attempt1,25545252940_attempt1,25596809734_attempt1,25624592440_attempt1,25665168591_attempt1,25791429807_attempt1,25852951350_attempt1,25911485679_attempt1,25957739510_attempt1,25986690554_attempt1,26029755017_attempt1,26091905404_attempt1,26156603287_attempt1,26221008452_attempt1,26357456273_attempt1,26709070227_attempt1,26709294970_attempt1,26755468029_attempt1,26832707302_attempt1,26944523023_attempt1,27008365180_attempt1,27059341408_attempt1,27089462916_attempt1,27130700451_attempt1,27199408085_attempt1,27269618919_attempt1,27340390720_attempt1,27410119221_attempt1,27464308599_attempt1,27496226714_attempt1,27540844174_attempt1,27612222130_attempt1,27683808024_attempt1,27754758156_attempt1,27821835753_attempt1,27869277828_attempt1,27902430728_attempt1,27948683312_attempt1,28022420503_attempt1,28095005508_attempt1,28166886036_attempt1,28235383560_attempt1,28288053257_attempt1,28321073325_attempt1,28369678027_attempt1,28442123818_attempt1,28515647330_attempt1,28588281394_attempt1,28659365605_attempt1,28705739897_attempt1,28740396418_attempt1,28847404575_attempt1,28923778969_attempt1,29000291038_attempt1,29075660007_attempt1",29144058049_attempt1,29183942155_attempt1,d4_sp40_ov30_dep100_adv5_fix25_f100,0.95,0.6998337666519685,-0.7057359196455182,0.9095703125000001,0.11838673843458714,14,0.6,4,0.04,0.03,100.0,0.005,0.0025,0.01
66,classic_early_drop_down,classic_microstructure,"24949259015_attempt1,24952032748_attempt1,24986940107_attempt1,25044896828_attempt1,25100490855_attempt1,25157440693_attempt1,25208977834_attempt1,25247789591_attempt1,25274678535_attempt1,25311264469_attempt1,25367630341_attempt1,25427145257_attempt1,25487949887_attempt1,25545252940_attempt1,25596809734_attempt1,25624592440_attempt1,25665168591_attempt1,25791429807_attempt1,25852951350_attempt1,25911485679_attempt1,25957739510_attempt1,25986690554_attempt1,26029755017_attempt1,26091905404_attempt1,26156603287_attempt1,26221008452_attempt1,26357456273_attempt1,26709070227_attempt1,26709294970_attempt1,26755468029_attempt1,26832707302_attempt1,26944523023_attempt1,27008365180_attempt1,27059341408_attempt1,27089462916_attempt1,27130700451_attempt1,27199408085_attempt1,27269618919_attempt1,27340390720_attempt1,27410119221_attempt1,27464308599_attempt1,27496226714_attempt1,27540844174_attempt1,27612222130_attempt1,27683808024_attempt1,27754758156_attempt1,27821835753_attempt1,27869277828_attempt1,27902430728_attempt1,27948683312_attempt1,28022420503_attempt1,28095005508_attempt1,28166886036_attempt1,28235383560_attempt1,28288053257_attempt1,28321073325_attempt1,28369678027_attempt1,28442123818_attempt1,28515647330_attempt1,28588281394_attempt1,28659365605_attempt1,28705739897_attempt1,28740396418_attempt1,28847404575_attempt1,28923778969_attempt1,29000291038_attempt1,29075660007_attempt1,29144058049_attempt1",29183942155_attempt1,29231728767_attempt1,d4_sp40_ov30_dep100_adv15_fix25_f100,,,,0.9097656249999999,0.013371095312299186,16,0.41025641025641024,4,0.04,0.03,100.0,0.015,0.0025,0.01
66,btc2_path_eff,alphaforge_interaction,"24949259015_attempt1,24952032748_attempt1,24986940107_attempt1,25044896828_attempt1,25100490855_attempt1,25157440693_attempt1,25208977834_attempt1,25247789591_attempt1,25274678535_attempt1,25311264469_attempt1,25367630341_attempt1,25427145257_attempt1,25487949887_attempt1,25545252940_attempt1,25596809734_attempt1,25624592440_attempt1,25665168591_attempt1,25791429807_attempt1,25852951350_attempt1,25911485679_attempt1,25957739510_attempt1,25986690554_attempt1,26029755017_attempt1,26091905404_attempt1,26156603287_attempt1,26221008452_attempt1,26357456273_attempt1,26709070227_attempt1,26709294970_attempt1,26755468029_attempt1,26832707302_attempt1,26944523023_attempt1,27008365180_attempt1,27059341408_attempt1,27089462916_attempt1,27130700451_attempt1,27199408085_attempt1,27269618919_attempt1,27340390720_attempt1,27410119221_attempt1,27464308599_attempt1,27496226714_attempt1,27540844174_attempt1,27612222130_attempt1,27683808024_attempt1,27754758156_attempt1,27821835753_attempt1,27869277828_attempt1,27902430728_attempt1,27948683312_attempt1,28022420503_attempt1,28095005508_attempt1,28166886036_attempt1,28235383560_attempt1,28288053257_attempt1,28321073325_attempt1,28369678027_attempt1,28442123818_attempt1,28515647330_attempt1,28588281394_attempt1,28659365605_attempt1,28705739897_attempt1,28740396418_attempt1,28847404575_attempt1,28923778969_attempt1,29000291038_attempt1,29075660007_attempt1,29144058049_attempt1",29183942155_attempt1,29231728767_attempt1,d8_sp40_ov30_dep300_adv15_fix25_f100,0.85,0.24204280611699733,-0.25362718424991676,0.88328125,-0.0028939107379813978,9,0.125,8,0.04,0.03,300.0,0.015,0.0025,0.01
66,size_imbalance_uncertainty,alphaforge_interaction,"24949259015_attempt1,24952032748_attempt1,24986940107_attempt1,25044896828_attempt1,25100490855_attempt1,25157440693_attempt1,25208977834_attempt1,25247789591_attempt1,25274678535_attempt1,25311264469_attempt1,25367630341_attempt1,25427145257_attempt1,25487949887_attempt1,25545252940_attempt1,25596809734_attempt1,25624592440_attempt1,25665168591_attempt1,25791429807_attempt1,25852951350_attempt1,25911485679_attempt1,25957739510_attempt1,25986690554_attempt1,26029755017_attempt1,26091905404_attempt1,26156603287_attempt1,26221008452_attempt1,26357456273_attempt1,26709070227_attempt1,26709294970_attempt1,26755468029_attempt1,26832707302_attempt1,26944523023_attempt1,27008365180_attempt1,27059341408_attempt1,27089462916_attempt1,27130700451_attempt1,27199408085_attempt1,27269618919_attempt1,27340390720_attempt1,27410119221_attempt1,27464308599_attempt1,27496226714_attempt1,27540844174_attempt1,27612222130_attempt1,27683808024_attempt1,27754758156_attempt1,27821835753_attempt1,27869277828_attempt1,27902430728_attempt1,27948683312_attempt1,28022420503_attempt1,28095005508_attempt1,28166886036_attempt1,28235383560_attempt1,28288053257_attempt1,28321073325_attempt1,28369678027_attempt1,28442123818_attempt1,28515647330_attempt1,28588281394_attempt1,28659365605_attempt1,28705739897_attempt1,28740396418_attempt1,28847404575_attempt1,28923778969_attempt1,29000291038_attempt1,29075660007_attempt1,29144058049_attempt1",29183942155_attempt1,29231728767_attempt1,d8_sp40_ov30_dep300_adv15_fix25_f100,0.95,0.7002060457749217,-0.7050997966339888,0.8470703125,0.0157050524922957,5,0.21739130434782608,8,0.04,0.03,300.0,0.015,0.0025,0.01
67,classic_early_drop_down,classic_microstructure,"24949259015_attempt1,24952032748_attempt1,24986940107_attempt1,25044896828_attempt1,25100490855_attempt1,25157440693_attempt1,25208977834_attempt1,25247789591_attempt1,25274678535_attempt1,25311264469_attempt1,25367630341_attempt1,25427145257_attempt1,25487949887_attempt1,25545252940_attempt1,25596809734_attempt1,25624592440_attempt1,25665168591_attempt1,25791429807_attempt1,25852951350_attempt1,25911485679_attempt1,25957739510_attempt1,25986690554_attempt1,26029755017_attempt1,26091905404_attempt1,26156603287_attempt1,26221008452_attempt1,26357456273_attempt1,26709070227_attempt1,26709294970_attempt1,26755468029_attempt1,26832707302_attempt1,26944523023_attempt1,27008365180_attempt1,27059341408_attempt1,27089462916_attempt1,27130700451_attempt1,27199408085_attempt1,27269618919_attempt1,27340390720_attempt1,27410119221_attempt1,27464308599_attempt1,27496226714_attempt1,27540844174_attempt1,27612222130_attempt1,27683808024_attempt1,27754758156_attempt1,27821835753_attempt1,27869277828_attempt1,27902430728_attempt1,27948683312_attempt1,28022420503_attempt1,28095005508_attempt1,28166886036_attempt1,28235383560_attempt1,28288053257_attempt1,28321073325_attempt1,28369678027_attempt1,28442123818_attempt1,28515647330_attempt1,28588281394_attempt1,28659365605_attempt1,28705739897_attempt1,28740396418_attempt1,28847404575_attempt1,28923778969_attempt1,29000291038_attempt1,29075660007_attempt1,29144058049_attempt1,29183942155_attempt1",29231728767_attempt1,29314482071_attempt1,d8_sp40_ov30_dep100_adv5_fix25_f100,,,,0.831640625,0.01074925530763049,14,0.42592592592592593,8,0.04,0.03,100.0,0.005,0.0025,0.01
67,btc2_path_eff,alphaforge_interaction,"24949259015_attempt1,24952032748_attempt1,24986940107_attempt1,25044896828_attempt1,25100490855_attempt1,25157440693_attempt1,25208977834_attempt1,25247789591_attempt1,25274678535_attempt1,25311264469_attempt1,25367630341_attempt1,25427145257_attempt1,25487949887_attempt1,25545252940_attempt1,25596809734_attempt1,25624592440_attempt1,25665168591_attempt1,25791429807_attempt1,25852951350_attempt1,25911485679_attempt1,25957739510_attempt1,25986690554_attempt1,26029755017_attempt1,26091905404_attempt1,26156603287_attempt1,26221008452_attempt1,26357456273_attempt1,26709070227_attempt1,26709294970_attempt1,26755468029_attempt1,26832707302_attempt1,26944523023_attempt1,27008365180_attempt1,27059341408_attempt1,27089462916_attempt1,27130700451_attempt1,27199408085_attempt1,27269618919_attempt1,27340390720_attempt1,27410119221_attempt1,27464308599_attempt1,27496226714_attempt1,27540844174_attempt1,27612222130_attempt1,27683808024_attempt1,27754758156_attempt1,27821835753_attempt1,27869277828_attempt1,27902430728_attempt1,27948683312_attempt1,28022420503_attempt1,28095005508_attempt1,28166886036_attempt1,28235383560_attempt1,28288053257_attempt1,28321073325_attempt1,28369678027_attempt1,28442123818_attempt1,28515647330_attempt1,28588281394_attempt1,28659365605_attempt1,28705739897_attempt1,28740396418_attempt1,28847404575_attempt1,28923778969_attempt1,29000291038_attempt1,29075660007_attempt1,29144058049_attempt1,29183942155_attempt1",29231728767_attempt1,29314482071_attempt1,d4_sp40_ov30_dep300_adv15_fix25_f100,0.85,0.24151336534818138,-0.25334785181730224,0.9334635416666667,0.002880476996108605,19,0.4426229508196721,4,0.04,0.03,300.0,0.015,0.0025,0.01
67,size_imbalance_uncertainty,alphaforge_interaction,"24949259015_attempt1,24952032748_attempt1,24986940107_attempt1,25044896828_attempt1,25100490855_attempt1,25157440693_attempt1,25208977834_attempt1,25247789591_attempt1,25274678535_attempt1,25311264469_attempt1,25367630341_attempt1,25427145257_attempt1,25487949887_attempt1,25545252940_attempt1,25596809734_attempt1,25624592440_attempt1,25665168591_attempt1,25791429807_attempt1,25852951350_attempt1,25911485679_attempt1,25957739510_attempt1,25986690554_attempt1,26029755017_attempt1,26091905404_attempt1,26156603287_attempt1,26221008452_attempt1,26357456273_attempt1,26709070227_attempt1,26709294970_attempt1,26755468029_attempt1,26832707302_attempt1,26944523023_attempt1,27008365180_attempt1,27059341408_attempt1,27089462916_attempt1,27130700451_attempt1,27199408085_attempt1,27269618919_attempt1,27340390720_attempt1,27410119221_attempt1,27464308599_attempt1,27496226714_attempt1,27540844174_attempt1,27612222130_attempt1,27683808024_attempt1,27754758156_attempt1,27821835753_attempt1,27869277828_attempt1,27902430728_attempt1,27948683312_attempt1,28022420503_attempt1,28095005508_attempt1,28166886036_attempt1,28235383560_attempt1,28288053257_attempt1,28321073325_attempt1,28369678027_attempt1,28442123818_attempt1,28515647330_attempt1,28588281394_attempt1,28659365605_attempt1,28705739897_attempt1,28740396418_attempt1,28847404575_attempt1,28923778969_attempt1,29000291038_attempt1,29075660007_attempt1,29144058049_attempt1,29183942155_attempt1",29231728767_attempt1,29314482071_attempt1,d4_sp40_ov30_dep100_adv5_fix25_f100,0.9,0.5734900843240737,-0.5735840579062619,0.8814453125,0.13636400734282073,20,0.6326530612244898,4,0.04,0.03,100.0,0.005,0.0025,0.01
68,classic_early_drop_down,classic_microstructure,"24949259015_attempt1,24952032748_attempt1,24986940107_attempt1,25044896828_attempt1,25100490855_attempt1,25157440693_attempt1,25208977834_attempt1,25247789591_attempt1,25274678535_attempt1,25311264469_attempt1,25367630341_attempt1,25427145257_attempt1,25487949887_attempt1,25545252940_attempt1,25596809734_attempt1,25624592440_attempt1,25665168591_attempt1,25791429807_attempt1,25852951350_attempt1,25911485679_attempt1,25957739510_attempt1,25986690554_attempt1,26029755017_attempt1,26091905404_attempt1,26156603287_attempt1,26221008452_attempt1,26357456273_attempt1,26709070227_attempt1,26709294970_attempt1,26755468029_attempt1,26832707302_attempt1,26944523023_attempt1,27008365180_attempt1,27059341408_attempt1,27089462916_attempt1,27130700451_attempt1,27199408085_attempt1,27269618919_attempt1,27340390720_attempt1,27410119221_attempt1,27464308599_attempt1,27496226714_attempt1,27540844174_attempt1,27612222130_attempt1,27683808024_attempt1,27754758156_attempt1,27821835753_attempt1,27869277828_attempt1,27902430728_attempt1,27948683312_attempt1,28022420503_attempt1,28095005508_attempt1,28166886036_attempt1,28235383560_attempt1,28288053257_attempt1,28321073325_attempt1,28369678027_attempt1,28442123818_attempt1,28515647330_attempt1,28588281394_attempt1,28659365605_attempt1,28705739897_attempt1,28740396418_attempt1,28847404575_attempt1,28923778969_attempt1,29000291038_attempt1,29075660007_attempt1,29144058049_attempt1,29183942155_attempt1,29231728767_attempt1",29314482071_attempt1,29397534768_attempt1,d4_sp40_ov30_dep100_adv15_fix25_f100,,,,0.944140625,0.003278425450791822,16,0.4523809523809524,4,0.04,0.03,100.0,0.015,0.0025,0.01
68,btc2_path_eff,alphaforge_interaction,"24949259015_attempt1,24952032748_attempt1,24986940107_attempt1,25044896828_attempt1,25100490855_attempt1,25157440693_attempt1,25208977834_attempt1,25247789591_attempt1,25274678535_attempt1,25311264469_attempt1,25367630341_attempt1,25427145257_attempt1,25487949887_attempt1,25545252940_attempt1,25596809734_attempt1,25624592440_attempt1,25665168591_attempt1,25791429807_attempt1,25852951350_attempt1,25911485679_attempt1,25957739510_attempt1,25986690554_attempt1,26029755017_attempt1,26091905404_attempt1,26156603287_attempt1,26221008452_attempt1,26357456273_attempt1,26709070227_attempt1,26709294970_attempt1,26755468029_attempt1,26832707302_attempt1,26944523023_attempt1,27008365180_attempt1,27059341408_attempt1,27089462916_attempt1,27130700451_attempt1,27199408085_attempt1,27269618919_attempt1,27340390720_attempt1,27410119221_attempt1,27464308599_attempt1,27496226714_attempt1,27540844174_attempt1,27612222130_attempt1,27683808024_attempt1,27754758156_attempt1,27821835753_attempt1,27869277828_attempt1,27902430728_attempt1,27948683312_attempt1,28022420503_attempt1,28095005508_attempt1,28166886036_attempt1,28235383560_attempt1,28288053257_attempt1,28321073325_attempt1,28369678027_attempt1,28442123818_attempt1,28515647330_attempt1,28588281394_attempt1,28659365605_attempt1,28705739897_attempt1,28740396418_attempt1,28847404575_attempt1,28923778969_attempt1,29000291038_attempt1,29075660007_attempt1,29144058049_attempt1,29183942155_attempt1,29231728767_attempt1",29314482071_attempt1,29397534768_attempt1,d4_sp40_ov30_dep100_adv15_fix25_f100,0.85,0.2411090116832689,-0.2525550259117564,0.7829427083333332,0.01414584373556571,20,0.52,4,0.04,0.03,100.0,0.015,0.0025,0.01
68,size_imbalance_uncertainty,alphaforge_interaction,"24949259015_attempt1,24952032748_attempt1,24986940107_attempt1,25044896828_attempt1,25100490855_attempt1,25157440693_attempt1,25208977834_attempt1,25247789591_attempt1,25274678535_attempt1,25311264469_attempt1,25367630341_attempt1,25427145257_attempt1,25487949887_attempt1,25545252940_attempt1,25596809734_attempt1,25624592440_attempt1,25665168591_attempt1,25791429807_attempt1,25852951350_attempt1,25911485679_attempt1,25957739510_attempt1,25986690554_attempt1,26029755017_attempt1,26091905404_attempt1,26156603287_attempt1,26221008452_attempt1,26357456273_attempt1,26709070227_attempt1,26709294970_attempt1,26755468029_attempt1,26832707302_attempt1,26944523023_attempt1,27008365180_attempt1,27059341408_attempt1,27089462916_attempt1,27130700451_attempt1,27199408085_attempt1,27269618919_attempt1,27340390720_attempt1,27410119221_attempt1,27464308599_attempt1,27496226714_attempt1,27540844174_attempt1,27612222130_attempt1,27683808024_attempt1,27754758156_attempt1,27821835753_attempt1,27869277828_attempt1,27902430728_attempt1,27948683312_attempt1,28022420503_attempt1,28095005508_attempt1,28166886036_attempt1,28235383560_attempt1,28288053257_attempt1,28321073325_attempt1,28369678027_attempt1,28442123818_attempt1,28515647330_attempt1,28588281394_attempt1,28659365605_attempt1,28705739897_attempt1,28740396418_attempt1,28847404575_attempt1,28923778969_attempt1,29000291038_attempt1,29075660007_attempt1,29144058049_attempt1,29183942155_attempt1,29231728767_attempt1",29314482071_attempt1,29397534768_attempt1,d8_sp40_ov30_dep100_adv5_fix25_f100,0.95,0.7002013166822041,-0.703724874370778,0.9228515624999999,0.03142626151244765,13,0.5833333333333334,8,0.04,0.03,100.0,0.005,0.0025,0.01
69,classic_early_drop_down,classic_microstructure,"24949259015_attempt1,24952032748_attempt1,24986940107_attempt1,25044896828_attempt1,25100490855_attempt1,25157440693_attempt1,25208977834_attempt1,25247789591_attempt1,25274678535_attempt1,25311264469_attempt1,25367630341_attempt1,25427145257_attempt1,25487949887_attempt1,25545252940_attempt1,25596809734_attempt1,25624592440_attempt1,25665168591_attempt1,25791429807_attempt1,25852951350_attempt1,25911485679_attempt1,25957739510_attempt1,25986690554_attempt1,26029755017_attempt1,26091905404_attempt1,26156603287_attempt1,26221008452_attempt1,26357456273_attempt1,26709070227_attempt1,26709294970_attempt1,26755468029_attempt1,26832707302_attempt1,26944523023_attempt1,27008365180_attempt1,27059341408_attempt1,27089462916_attempt1,27130700451_attempt1,27199408085_attempt1,27269618919_attempt1,27340390720_attempt1,27410119221_attempt1,27464308599_attempt1,27496226714_attempt1,27540844174_attempt1,27612222130_attempt1,27683808024_attempt1,27754758156_attempt1,27821835753_attempt1,27869277828_attempt1,27902430728_attempt1,27948683312_attempt1,28022420503_attempt1,28095005508_attempt1,28166886036_attempt1,28235383560_attempt1,28288053257_attempt1,28321073325_attempt1,28369678027_attempt1,28442123818_attempt1,28515647330_attempt1,28588281394_attempt1,28659365605_attempt1,28705739897_attempt1,28740396418_attempt1,28847404575_attempt1,28923778969_attempt1,29000291038_attempt1,29075660007_attempt1,29144058049_attempt1,29183942155_attempt1,29231728767_attempt1,29314482071_attempt1",29397534768_attempt1,29480427148_attempt1,d4_sp40_ov30_dep300_adv15_fix25_f100,,,,0.8878906249999999,0.0033395802732694158,15,0.4528301886792453,4,0.04,0.03,300.0,0.015,0.0025,0.01
69,btc2_path_eff,alphaforge_interaction,"24949259015_attempt1,24952032748_attempt1,24986940107_attempt1,25044896828_attempt1,25100490855_attempt1,25157440693_attempt1,25208977834_attempt1,25247789591_attempt1,25274678535_attempt1,25311264469_attempt1,25367630341_attempt1,25427145257_attempt1,25487949887_attempt1,25545252940_attempt1,25596809734_attempt1,25624592440_attempt1,25665168591_attempt1,25791429807_attempt1,25852951350_attempt1,25911485679_attempt1,25957739510_attempt1,25986690554_attempt1,26029755017_attempt1,26091905404_attempt1,26156603287_attempt1,26221008452_attempt1,26357456273_attempt1,26709070227_attempt1,26709294970_attempt1,26755468029_attempt1,26832707302_attempt1,26944523023_attempt1,27008365180_attempt1,27059341408_attempt1,27089462916_attempt1,27130700451_attempt1,27199408085_attempt1,27269618919_attempt1,27340390720_attempt1,27410119221_attempt1,27464308599_attempt1,27496226714_attempt1,27540844174_attempt1,27612222130_attempt1,27683808024_attempt1,27754758156_attempt1,27821835753_attempt1,27869277828_attempt1,27902430728_attempt1,27948683312_attempt1,28022420503_attempt1,28095005508_attempt1,28166886036_attempt1,28235383560_attempt1,28288053257_attempt1,28321073325_attempt1,28369678027_attempt1,28442123818_attempt1,28515647330_attempt1,28588281394_attempt1,28659365605_attempt1,28705739897_attempt1,28740396418_attempt1,28847404575_attempt1,28923778969_attempt1,29000291038_attempt1,29075660007_attempt1,29144058049_attempt1,29183942155_attempt1,29231728767_attempt1,29314482071_attempt1",29397534768_attempt1,29480427148_attempt1,d4_sp40_ov30_dep100_adv15_fix25_f200,0.9,0.367713560960663,-0.38505411353819874,0.7785156249999999,0.045931658087096094,19,0.4897959183673469,4,0.04,0.03,100.0,0.015,0.0025,0.02
69,size_imbalance_uncertainty,alphaforge_interaction,"24949259015_attempt1,24952032748_attempt1,24986940107_attempt1,25044896828_attempt1,25100490855_attempt1,25157440693_attempt1,25208977834_attempt1,25247789591_attempt1,25274678535_attempt1,25311264469_attempt1,25367630341_attempt1,25427145257_attempt1,25487949887_attempt1,25545252940_attempt1,25596809734_attempt1,25624592440_attempt1,25665168591_attempt1,25791429807_attempt1,25852951350_attempt1,25911485679_attempt1,25957739510_attempt1,25986690554_attempt1,26029755017_attempt1,26091905404_attempt1,26156603287_attempt1,26221008452_attempt1,26357456273_attempt1,26709070227_attempt1,26709294970_attempt1,26755468029_attempt1,26832707302_attempt1,26944523023_attempt1,27008365180_attempt1,27059341408_attempt1,27089462916_attempt1,27130700451_attempt1,27199408085_attempt1,27269618919_attempt1,27340390720_attempt1,27410119221_attempt1,27464308599_attempt1,27496226714_attempt1,27540844174_attempt1,27612222130_attempt1,27683808024_attempt1,27754758156_attempt1,27821835753_attempt1,27869277828_attempt1,27902430728_attempt1,27948683312_attempt1,28022420503_attempt1,28095005508_attempt1,28166886036_attempt1,28235383560_attempt1,28288053257_attempt1,28321073325_attempt1,28369678027_attempt1,28442123818_attempt1,28515647330_attempt1,28588281394_attempt1,28659365605_attempt1,28705739897_attempt1,28740396418_attempt1,28847404575_attempt1,28923778969_attempt1,29000291038_attempt1,29075660007_attempt1,29144058049_attempt1,29183942155_attempt1,29231728767_attempt1,29314482071_attempt1",29397534768_attempt1,29480427148_attempt1,d8_sp40_ov30_dep300_adv15_fix25_f100,0.95,0.7004164580140841,-0.7034078228981605,0.8642578124999998,0.006209957798065879,6,0.45454545454545453,8,0.04,0.03,300.0,0.015,0.0025,0.01
70,classic_early_drop_down,classic_microstructure,"24949259015_attempt1,24952032748_attempt1,24986940107_attempt1,25044896828_attempt1,25100490855_attempt1,25157440693_attempt1,25208977834_attempt1,25247789591_attempt1,25274678535_attempt1,25311264469_attempt1,25367630341_attempt1,25427145257_attempt1,25487949887_attempt1,25545252940_attempt1,25596809734_attempt1,25624592440_attempt1,25665168591_attempt1,25791429807_attempt1,25852951350_attempt1,25911485679_attempt1,25957739510_attempt1,25986690554_attempt1,26029755017_attempt1,26091905404_attempt1,26156603287_attempt1,26221008452_attempt1,26357456273_attempt1,26709070227_attempt1,26709294970_attempt1,26755468029_attempt1,26832707302_attempt1,26944523023_attempt1,27008365180_attempt1,27059341408_attempt1,27089462916_attempt1,27130700451_attempt1,27199408085_attempt1,27269618919_attempt1,27340390720_attempt1,27410119221_attempt1,27464308599_attempt1,27496226714_attempt1,27540844174_attempt1,27612222130_attempt1,27683808024_attempt1,27754758156_attempt1,27821835753_attempt1,27869277828_attempt1,27902430728_attempt1,27948683312_attempt1,28022420503_attempt1,28095005508_attempt1,28166886036_attempt1,28235383560_attempt1,28288053257_attempt1,28321073325_attempt1,28369678027_attempt1,28442123818_attempt1,28515647330_attempt1,28588281394_attempt1,28659365605_attempt1,28705739897_attempt1,28740396418_attempt1,28847404575_attempt1,28923778969_attempt1,29000291038_attempt1,29075660007_attempt1,29144058049_attempt1,29183942155_attempt1,29231728767_attempt1,29314482071_attempt1,29397534768_attempt1",29480427148_attempt1,29563821720_attempt1,d8_sp40_ov30_dep300_adv15_fix25_f100,,,,0.8769531249999999,0.00664158386708702,17,0.3142857142857143,8,0.04,0.03,300.0,0.015,0.0025,0.01
70,btc2_path_eff,alphaforge_interaction,"24949259015_attempt1,24952032748_attempt1,24986940107_attempt1,25044896828_attempt1,25100490855_attempt1,25157440693_attempt1,25208977834_attempt1,25247789591_attempt1,25274678535_attempt1,25311264469_attempt1,25367630341_attempt1,25427145257_attempt1,25487949887_attempt1,25545252940_attempt1,25596809734_attempt1,25624592440_attempt1,25665168591_attempt1,25791429807_attempt1,25852951350_attempt1,25911485679_attempt1,25957739510_attempt1,25986690554_attempt1,26029755017_attempt1,26091905404_attempt1,26156603287_attempt1,26221008452_attempt1,26357456273_attempt1,26709070227_attempt1,26709294970_attempt1,26755468029_attempt1,26832707302_attempt1,26944523023_attempt1,27008365180_attempt1,27059341408_attempt1,27089462916_attempt1,27130700451_attempt1,27199408085_attempt1,27269618919_attempt1,27340390720_attempt1,27410119221_attempt1,27464308599_attempt1,27496226714_attempt1,27540844174_attempt1,27612222130_attempt1,27683808024_attempt1,27754758156_attempt1,27821835753_attempt1,27869277828_attempt1,27902430728_attempt1,27948683312_attempt1,28022420503_attempt1,28095005508_attempt1,28166886036_attempt1,28235383560_attempt1,28288053257_attempt1,28321073325_attempt1,28369678027_attempt1,28442123818_attempt1,28515647330_attempt1,28588281394_attempt1,28659365605_attempt1,28705739897_attempt1,28740396418_attempt1,28847404575_attempt1,28923778969_attempt1,29000291038_attempt1,29075660007_attempt1,29144058049_attempt1,29183942155_attempt1,29231728767_attempt1,29314482071_attempt1,29397534768_attempt1",29480427148_attempt1,29563821720_attempt1,d4_sp40_ov30_dep100_adv5_fix25_f100,0.85,0.2395238186892698,-0.2533155941164832,0.9519531249999998,0.018790816725911874,20,0.4235294117647059,4,0.04,0.03,100.0,0.005,0.0025,0.01
70,size_imbalance_uncertainty,alphaforge_interaction,"24949259015_attempt1,24952032748_attempt1,24986940107_attempt1,25044896828_attempt1,25100490855_attempt1,25157440693_attempt1,25208977834_attempt1,25247789591_attempt1,25274678535_attempt1,25311264469_attempt1,25367630341_attempt1,25427145257_attempt1,25487949887_attempt1,25545252940_attempt1,25596809734_attempt1,25624592440_attempt1,25665168591_attempt1,25791429807_attempt1,25852951350_attempt1,25911485679_attempt1,25957739510_attempt1,25986690554_attempt1,26029755017_attempt1,26091905404_attempt1,26156603287_attempt1,26221008452_attempt1,26357456273_attempt1,26709070227_attempt1,26709294970_attempt1,26755468029_attempt1,26832707302_attempt1,26944523023_attempt1,27008365180_attempt1,27059341408_attempt1,27089462916_attempt1,27130700451_attempt1,27199408085_attempt1,27269618919_attempt1,27340390720_attempt1,27410119221_attempt1,27464308599_attempt1,27496226714_attempt1,27540844174_attempt1,27612222130_attempt1,27683808024_attempt1,27754758156_attempt1,27821835753_attempt1,27869277828_attempt1,27902430728_attempt1,27948683312_attempt1,28022420503_attempt1,28095005508_attempt1,28166886036_attempt1,28235383560_attempt1,28288053257_attempt1,28321073325_attempt1,28369678027_attempt1,28442123818_attempt1,28515647330_attempt1,28588281394_attempt1,28659365605_attempt1,28705739897_attempt1,28740396418_attempt1,28847404575_attempt1,28923778969_attempt1,29000291038_attempt1,29075660007_attempt1,29144058049_attempt1,29183942155_attempt1,29231728767_attempt1,29314482071_attempt1,29397534768_attempt1",29480427148_attempt1,29563821720_attempt1,d8_sp40_ov30_dep100_adv5_fix75_f200,0.95,0.7007024712454424,-0.7027503113325031,0.8318359375000001,0.18291117835970616,7,0.6363636363636364,8,0.04,0.03,100.0,0.005,0.0075,0.02
71,classic_early_drop_down,classic_microstructure,"24949259015_attempt1,24952032748_attempt1,24986940107_attempt1,25044896828_attempt1,25100490855_attempt1,25157440693_attempt1,25208977834_attempt1,25247789591_attempt1,25274678535_attempt1,25311264469_attempt1,25367630341_attempt1,25427145257_attempt1,25487949887_attempt1,25545252940_attempt1,25596809734_attempt1,25624592440_attempt1,25665168591_attempt1,25791429807_attempt1,25852951350_attempt1,25911485679_attempt1,25957739510_attempt1,25986690554_attempt1,26029755017_attempt1,26091905404_attempt1,26156603287_attempt1,26221008452_attempt1,26357456273_attempt1,26709070227_attempt1,26709294970_attempt1,26755468029_attempt1,26832707302_attempt1,26944523023_attempt1,27008365180_attempt1,27059341408_attempt1,27089462916_attempt1,27130700451_attempt1,27199408085_attempt1,27269618919_attempt1,27340390720_attempt1,27410119221_attempt1,27464308599_attempt1,27496226714_attempt1,27540844174_attempt1,27612222130_attempt1,27683808024_attempt1,27754758156_attempt1,27821835753_attempt1,27869277828_attempt1,27902430728_attempt1,27948683312_attempt1,28022420503_attempt1,28095005508_attempt1,28166886036_attempt1,28235383560_attempt1,28288053257_attempt1,28321073325_attempt1,28369678027_attempt1,28442123818_attempt1,28515647330_attempt1,28588281394_attempt1,28659365605_attempt1,28705739897_attempt1,28740396418_attempt1,28847404575_attempt1,28923778969_attempt1,29000291038_attempt1,29075660007_attempt1,29144058049_attempt1,29183942155_attempt1,29231728767_attempt1,29314482071_attempt1,29397534768_attempt1,29480427148_attempt1",29563821720_attempt1,29636284636_attempt1,d8_sp40_ov30_dep300_adv15_fix25_f100,,,,0.8746093749999999,0.024768219938717584,12,0.3076923076923077,8,0.04,0.03,300.0,0.015,0.0025,0.01
71,btc2_path_eff,alphaforge_interaction,"24949259015_attempt1,24952032748_attempt1,24986940107_attempt1,25044896828_attempt1,25100490855_attempt1,25157440693_attempt1,25208977834_attempt1,25247789591_attempt1,25274678535_attempt1,25311264469_attempt1,25367630341_attempt1,25427145257_attempt1,25487949887_attempt1,25545252940_attempt1,25596809734_attempt1,25624592440_attempt1,25665168591_attempt1,25791429807_attempt1,25852951350_attempt1,25911485679_attempt1,25957739510_attempt1,25986690554_attempt1,26029755017_attempt1,26091905404_attempt1,26156603287_attempt1,26221008452_attempt1,26357456273_attempt1,26709070227_attempt1,26709294970_attempt1,26755468029_attempt1,26832707302_attempt1,26944523023_attempt1,27008365180_attempt1,27059341408_attempt1,27089462916_attempt1,27130700451_attempt1,27199408085_attempt1,27269618919_attempt1,27340390720_attempt1,27410119221_attempt1,27464308599_attempt1,27496226714_attempt1,27540844174_attempt1,27612222130_attempt1,27683808024_attempt1,27754758156_attempt1,27821835753_attempt1,27869277828_attempt1,27902430728_attempt1,27948683312_attempt1,28022420503_attempt1,28095005508_attempt1,28166886036_attempt1,28235383560_attempt1,28288053257_attempt1,28321073325_attempt1,28369678027_attempt1,28442123818_attempt1,28515647330_attempt1,28588281394_attempt1,28659365605_attempt1,28705739897_attempt1,28740396418_attempt1,28847404575_attempt1,28923778969_attempt1,29000291038_attempt1,29075660007_attempt1,29144058049_attempt1,29183942155_attempt1,29231728767_attempt1,29314482071_attempt1,29397534768_attempt1,29480427148_attempt1",29563821720_attempt1,29636284636_attempt1,d8_sp40_ov30_dep100_adv15_fix25_f200,0.9,0.3670727948447561,-0.38537118260769515,0.7656249999999999,0.06359814301386058,16,0.4473684210526316,8,0.04,0.03,100.0,0.015,0.0025,0.02
71,size_imbalance_uncertainty,alphaforge_interaction,"24949259015_attempt1,24952032748_attempt1,24986940107_attempt1,25044896828_attempt1,25100490855_attempt1,25157440693_attempt1,25208977834_attempt1,25247789591_attempt1,25274678535_attempt1,25311264469_attempt1,25367630341_attempt1,25427145257_attempt1,25487949887_attempt1,25545252940_attempt1,25596809734_attempt1,25624592440_attempt1,25665168591_attempt1,25791429807_attempt1,25852951350_attempt1,25911485679_attempt1,25957739510_attempt1,25986690554_attempt1,26029755017_attempt1,26091905404_attempt1,26156603287_attempt1,26221008452_attempt1,26357456273_attempt1,26709070227_attempt1,26709294970_attempt1,26755468029_attempt1,26832707302_attempt1,26944523023_attempt1,27008365180_attempt1,27059341408_attempt1,27089462916_attempt1,27130700451_attempt1,27199408085_attempt1,27269618919_attempt1,27340390720_attempt1,27410119221_attempt1,27464308599_attempt1,27496226714_attempt1,27540844174_attempt1,27612222130_attempt1,27683808024_attempt1,27754758156_attempt1,27821835753_attempt1,27869277828_attempt1,27902430728_attempt1,27948683312_attempt1,28022420503_attempt1,28095005508_attempt1,28166886036_attempt1,28235383560_attempt1,28288053257_attempt1,28321073325_attempt1,28369678027_attempt1,28442123818_attempt1,28515647330_attempt1,28588281394_attempt1,28659365605_attempt1,28705739897_attempt1,28740396418_attempt1,28847404575_attempt1,28923778969_attempt1,29000291038_attempt1,29075660007_attempt1,29144058049_attempt1,29183942155_attempt1,29231728767_attempt1,29314482071_attempt1,29397534768_attempt1,29480427148_attempt1",29563821720_attempt1,29636284636_attempt1,d4_sp40_ov30_dep300_adv5_fix25_f100,0.95,0.7001247575165317,-0.7004063934781208,0.8595703124999998,-0.017398696409709813,6,0.30434782608695654,4,0.04,0.03,300.0,0.005,0.0025,0.01
72,classic_early_drop_down,classic_microstructure,"24949259015_attempt1,24952032748_attempt1,24986940107_attempt1,25044896828_attempt1,25100490855_attempt1,25157440693_attempt1,25208977834_attempt1,25247789591_attempt1,25274678535_attempt1,25311264469_attempt1,25367630341_attempt1,25427145257_attempt1,25487949887_attempt1,25545252940_attempt1,25596809734_attempt1,25624592440_attempt1,25665168591_attempt1,25791429807_attempt1,25852951350_attempt1,25911485679_attempt1,25957739510_attempt1,25986690554_attempt1,26029755017_attempt1,26091905404_attempt1,26156603287_attempt1,26221008452_attempt1,26357456273_attempt1,26709070227_attempt1,26709294970_attempt1,26755468029_attempt1,26832707302_attempt1,26944523023_attempt1,27008365180_attempt1,27059341408_attempt1,27089462916_attempt1,27130700451_attempt1,27199408085_attempt1,27269618919_attempt1,27340390720_attempt1,27410119221_attempt1,27464308599_attempt1,27496226714_attempt1,27540844174_attempt1,27612222130_attempt1,27683808024_attempt1,27754758156_attempt1,27821835753_attempt1,27869277828_attempt1,27902430728_attempt1,27948683312_attempt1,28022420503_attempt1,28095005508_attempt1,28166886036_attempt1,28235383560_attempt1,28288053257_attempt1,28321073325_attempt1,28369678027_attempt1,28442123818_attempt1,28515647330_attempt1,28588281394_attempt1,28659365605_attempt1,28705739897_attempt1,28740396418_attempt1,28847404575_attempt1,28923778969_attempt1,29000291038_attempt1,29075660007_attempt1,29144058049_attempt1,29183942155_attempt1,29231728767_attempt1,29314482071_attempt1,29397534768_attempt1,29480427148_attempt1,29563821720_attempt1",29636284636_attempt1,29678766108_attempt1,d4_sp40_ov30_dep100_adv15_fix25_f200,,,,0.766796875,0.036991073572751,7,0.4666666666666667,4,0.04,0.03,100.0,0.015,0.0025,0.02
72,btc2_path_eff,alphaforge_interaction,"24949259015_attempt1,24952032748_attempt1,24986940107_attempt1,25044896828_attempt1,25100490855_attempt1,25157440693_attempt1,25208977834_attempt1,25247789591_attempt1,25274678535_attempt1,25311264469_attempt1,25367630341_attempt1,25427145257_attempt1,25487949887_attempt1,25545252940_attempt1,25596809734_attempt1,25624592440_attempt1,25665168591_attempt1,25791429807_attempt1,25852951350_attempt1,25911485679_attempt1,25957739510_attempt1,25986690554_attempt1,26029755017_attempt1,26091905404_attempt1,26156603287_attempt1,26221008452_attempt1,26357456273_attempt1,26709070227_attempt1,26709294970_attempt1,26755468029_attempt1,26832707302_attempt1,26944523023_attempt1,27008365180_attempt1,27059341408_attempt1,27089462916_attempt1,27130700451_attempt1,27199408085_attempt1,27269618919_attempt1,27340390720_attempt1,27410119221_attempt1,27464308599_attempt1,27496226714_attempt1,27540844174_attempt1,27612222130_attempt1,27683808024_attempt1,27754758156_attempt1,27821835753_attempt1,27869277828_attempt1,27902430728_attempt1,27948683312_attempt1,28022420503_attempt1,28095005508_attempt1,28166886036_attempt1,28235383560_attempt1,28288053257_attempt1,28321073325_attempt1,28369678027_attempt1,28442123818_attempt1,28515647330_attempt1,28588281394_attempt1,28659365605_attempt1,28705739897_attempt1,28740396418_attempt1,28847404575_attempt1,28923778969_attempt1,29000291038_attempt1,29075660007_attempt1,29144058049_attempt1,29183942155_attempt1,29231728767_attempt1,29314482071_attempt1,29397534768_attempt1,29480427148_attempt1,29563821720_attempt1",29636284636_attempt1,29678766108_attempt1,d8_sp40_ov30_dep100_adv5_fix25_f100,0.85,0.2393972486622612,-0.2533953868373938,0.7585416666666666,0.011708957010268417,8,0.14285714285714285,8,0.04,0.03,100.0,0.005,0.0025,0.01
72,size_imbalance_uncertainty,alphaforge_interaction,"24949259015_attempt1,24952032748_attempt1,24986940107_attempt1,25044896828_attempt1,25100490855_attempt1,25157440693_attempt1,25208977834_attempt1,25247789591_attempt1,25274678535_attempt1,25311264469_attempt1,25367630341_attempt1,25427145257_attempt1,25487949887_attempt1,25545252940_attempt1,25596809734_attempt1,25624592440_attempt1,25665168591_attempt1,25791429807_attempt1,25852951350_attempt1,25911485679_attempt1,25957739510_attempt1,25986690554_attempt1,26029755017_attempt1,26091905404_attempt1,26156603287_attempt1,26221008452_attempt1,26357456273_attempt1,26709070227_attempt1,26709294970_attempt1,26755468029_attempt1,26832707302_attempt1,26944523023_attempt1,27008365180_attempt1,27059341408_attempt1,27089462916_attempt1,27130700451_attempt1,27199408085_attempt1,27269618919_attempt1,27340390720_attempt1,27410119221_attempt1,27464308599_attempt1,27496226714_attempt1,27540844174_attempt1,27612222130_attempt1,27683808024_attempt1,27754758156_attempt1,27821835753_attempt1,27869277828_attempt1,27902430728_attempt1,27948683312_attempt1,28022420503_attempt1,28095005508_attempt1,28166886036_attempt1,28235383560_attempt1,28288053257_attempt1,28321073325_attempt1,28369678027_attempt1,28442123818_attempt1,28515647330_attempt1,28588281394_attempt1,28659365605_attempt1,28705739897_attempt1,28740396418_attempt1,28847404575_attempt1,28923778969_attempt1,29000291038_attempt1,29075660007_attempt1,29144058049_attempt1,29183942155_attempt1,29231728767_attempt1,29314482071_attempt1,29397534768_attempt1,29480427148_attempt1,29563821720_attempt1",29636284636_attempt1,29678766108_attempt1,d8_sp40_ov30_dep100_adv5_fix25_f100,0.95,0.6999060092124539,-0.7004484518824562,0.9189453124999999,0.01880810044095238,11,0.5454545454545454,8,0.04,0.03,100.0,0.005,0.0025,0.01
73,classic_early_drop_down,classic_microstructure,"24949259015_attempt1,24952032748_attempt1,24986940107_attempt1,25044896828_attempt1,25100490855_attempt1,25157440693_attempt1,25208977834_attempt1,25247789591_attempt1,25274678535_attempt1,25311264469_attempt1,25367630341_attempt1,25427145257_attempt1,25487949887_attempt1,25545252940_attempt1,25596809734_attempt1,25624592440_attempt1,25665168591_attempt1,25791429807_attempt1,25852951350_attempt1,25911485679_attempt1,25957739510_attempt1,25986690554_attempt1,26029755017_attempt1,26091905404_attempt1,26156603287_attempt1,26221008452_attempt1,26357456273_attempt1,26709070227_attempt1,26709294970_attempt1,26755468029_attempt1,26832707302_attempt1,26944523023_attempt1,27008365180_attempt1,27059341408_attempt1,27089462916_attempt1,27130700451_attempt1,27199408085_attempt1,27269618919_attempt1,27340390720_attempt1,27410119221_attempt1,27464308599_attempt1,27496226714_attempt1,27540844174_attempt1,27612222130_attempt1,27683808024_attempt1,27754758156_attempt1,27821835753_attempt1,27869277828_attempt1,27902430728_attempt1,27948683312_attempt1,28022420503_attempt1,28095005508_attempt1,28166886036_attempt1,28235383560_attempt1,28288053257_attempt1,28321073325_attempt1,28369678027_attempt1,28442123818_attempt1,28515647330_attempt1,28588281394_attempt1,28659365605_attempt1,28705739897_attempt1,28740396418_attempt1,28847404575_attempt1,28923778969_attempt1,29000291038_attempt1,29075660007_attempt1,29144058049_attempt1,29183942155_attempt1,29231728767_attempt1,29314482071_attempt1,29397534768_attempt1,29480427148_attempt1,29563821720_attempt1,29636284636_attempt1",29678766108_attempt1,29726104371_attempt1,d8_sp40_ov30_dep300_adv15_fix25_f100,,,,0.7941406249999999,0.022276032540079704,8,0.1568627450980392,8,0.04,0.03,300.0,0.015,0.0025,0.01
73,btc2_path_eff,alphaforge_interaction,"24949259015_attempt1,24952032748_attempt1,24986940107_attempt1,25044896828_attempt1,25100490855_attempt1,25157440693_attempt1,25208977834_attempt1,25247789591_attempt1,25274678535_attempt1,25311264469_attempt1,25367630341_attempt1,25427145257_attempt1,25487949887_attempt1,25545252940_attempt1,25596809734_attempt1,25624592440_attempt1,25665168591_attempt1,25791429807_attempt1,25852951350_attempt1,25911485679_attempt1,25957739510_attempt1,25986690554_attempt1,26029755017_attempt1,26091905404_attempt1,26156603287_attempt1,26221008452_attempt1,26357456273_attempt1,26709070227_attempt1,26709294970_attempt1,26755468029_attempt1,26832707302_attempt1,26944523023_attempt1,27008365180_attempt1,27059341408_attempt1,27089462916_attempt1,27130700451_attempt1,27199408085_attempt1,27269618919_attempt1,27340390720_attempt1,27410119221_attempt1,27464308599_attempt1,27496226714_attempt1,27540844174_attempt1,27612222130_attempt1,27683808024_attempt1,27754758156_attempt1,27821835753_attempt1,27869277828_attempt1,27902430728_attempt1,27948683312_attempt1,28022420503_attempt1,28095005508_attempt1,28166886036_attempt1,28235383560_attempt1,28288053257_attempt1,28321073325_attempt1,28369678027_attempt1,28442123818_attempt1,28515647330_attempt1,28588281394_attempt1,28659365605_attempt1,28705739897_attempt1,28740396418_attempt1,28847404575_attempt1,28923778969_attempt1,29000291038_attempt1,29075660007_attempt1,29144058049_attempt1,29183942155_attempt1,29231728767_attempt1,29314482071_attempt1,29397534768_attempt1,29480427148_attempt1,29563821720_attempt1,29636284636_attempt1",29678766108_attempt1,29726104371_attempt1,d4_sp40_ov30_dep100_adv5_fix25_f100,0.85,0.2394727015317569,-0.2511549573179356,0.8024147727272727,0.016538876840215933,18,0.2441860465116279,4,0.04,0.03,100.0,0.005,0.0025,0.01
73,size_imbalance_uncertainty,alphaforge_interaction,"24949259015_attempt1,24952032748_attempt1,24986940107_attempt1,25044896828_attempt1,25100490855_attempt1,25157440693_attempt1,25208977834_attempt1,25247789591_attempt1,25274678535_attempt1,25311264469_attempt1,25367630341_attempt1,25427145257_attempt1,25487949887_attempt1,25545252940_attempt1,25596809734_attempt1,25624592440_attempt1,25665168591_attempt1,25791429807_attempt1,25852951350_attempt1,25911485679_attempt1,25957739510_attempt1,25986690554_attempt1,26029755017_attempt1,26091905404_attempt1,26156603287_attempt1,26221008452_attempt1,26357456273_attempt1,26709070227_attempt1,26709294970_attempt1,26755468029_attempt1,26832707302_attempt1,26944523023_attempt1,27008365180_attempt1,27059341408_attempt1,27089462916_attempt1,27130700451_attempt1,27199408085_attempt1,27269618919_attempt1,27340390720_attempt1,27410119221_attempt1,27464308599_attempt1,27496226714_attempt1,27540844174_attempt1,27612222130_attempt1,27683808024_attempt1,27754758156_attempt1,27821835753_attempt1,27869277828_attempt1,27902430728_attempt1,27948683312_attempt1,28022420503_attempt1,28095005508_attempt1,28166886036_attempt1,28235383560_attempt1,28288053257_attempt1,28321073325_attempt1,28369678027_attempt1,28442123818_attempt1,28515647330_attempt1,28588281394_attempt1,28659365605_attempt1,28705739897_attempt1,28740396418_attempt1,28847404575_attempt1,28923778969_attempt1,29000291038_attempt1,29075660007_attempt1,29144058049_attempt1,29183942155_attempt1,29231728767_attempt1,29314482071_attempt1,29397534768_attempt1,29480427148_attempt1,29563821720_attempt1,29636284636_attempt1",29678766108_attempt1,29726104371_attempt1,d4_sp40_ov30_dep100_adv15_fix25_f100,0.95,0.6998394791036805,-0.7002304578813217,0.8517578124999999,0.0010227602623718024,8,0.5238095238095238,4,0.04,0.03,100.0,0.015,0.0025,0.01
74,classic_early_drop_down,classic_microstructure,"24949259015_attempt1,24952032748_attempt1,24986940107_attempt1,25044896828_attempt1,25100490855_attempt1,25157440693_attempt1,25208977834_attempt1,25247789591_attempt1,25274678535_attempt1,25311264469_attempt1,25367630341_attempt1,25427145257_attempt1,25487949887_attempt1,25545252940_attempt1,25596809734_attempt1,25624592440_attempt1,25665168591_attempt1,25791429807_attempt1,25852951350_attempt1,25911485679_attempt1,25957739510_attempt1,25986690554_attempt1,26029755017_attempt1,26091905404_attempt1,26156603287_attempt1,26221008452_attempt1,26357456273_attempt1,26709070227_attempt1,26709294970_attempt1,26755468029_attempt1,26832707302_attempt1,26944523023_attempt1,27008365180_attempt1,27059341408_attempt1,27089462916_attempt1,27130700451_attempt1,27199408085_attempt1,27269618919_attempt1,27340390720_attempt1,27410119221_attempt1,27464308599_attempt1,27496226714_attempt1,27540844174_attempt1,27612222130_attempt1,27683808024_attempt1,27754758156_attempt1,27821835753_attempt1,27869277828_attempt1,27902430728_attempt1,27948683312_attempt1,28022420503_attempt1,28095005508_attempt1,28166886036_attempt1,28235383560_attempt1,28288053257_attempt1,28321073325_attempt1,28369678027_attempt1,28442123818_attempt1,28515647330_attempt1,28588281394_attempt1,28659365605_attempt1,28705739897_attempt1,28740396418_attempt1,28847404575_attempt1,28923778969_attempt1,29000291038_attempt1,29075660007_attempt1,29144058049_attempt1,29183942155_attempt1,29231728767_attempt1,29314482071_attempt1,29397534768_attempt1,29480427148_attempt1,29563821720_attempt1,29636284636_attempt1,29678766108_attempt1",29726104371_attempt1,29812544557_attempt1,d8_sp40_ov30_dep100_adv15_fix25_f100,,,,0.884765625,0.0026808975192402773,13,0.38181818181818183,8,0.04,0.03,100.0,0.015,0.0025,0.01
74,btc2_path_eff,alphaforge_interaction,"24949259015_attempt1,24952032748_attempt1,24986940107_attempt1,25044896828_attempt1,25100490855_attempt1,25157440693_attempt1,25208977834_attempt1,25247789591_attempt1,25274678535_attempt1,25311264469_attempt1,25367630341_attempt1,25427145257_attempt1,25487949887_attempt1,25545252940_attempt1,25596809734_attempt1,25624592440_attempt1,25665168591_attempt1,25791429807_attempt1,25852951350_attempt1,25911485679_attempt1,25957739510_attempt1,25986690554_attempt1,26029755017_attempt1,26091905404_attempt1,26156603287_attempt1,26221008452_attempt1,26357456273_attempt1,26709070227_attempt1,26709294970_attempt1,26755468029_attempt1,26832707302_attempt1,26944523023_attempt1,27008365180_attempt1,27059341408_attempt1,27089462916_attempt1,27130700451_attempt1,27199408085_attempt1,27269618919_attempt1,27340390720_attempt1,27410119221_attempt1,27464308599_attempt1,27496226714_attempt1,27540844174_attempt1,27612222130_attempt1,27683808024_attempt1,27754758156_attempt1,27821835753_attempt1,27869277828_attempt1,27902430728_attempt1,27948683312_attempt1,28022420503_attempt1,28095005508_attempt1,28166886036_attempt1,28235383560_attempt1,28288053257_attempt1,28321073325_attempt1,28369678027_attempt1,28442123818_attempt1,28515647330_attempt1,28588281394_attempt1,28659365605_attempt1,28705739897_attempt1,28740396418_attempt1,28847404575_attempt1,28923778969_attempt1,29000291038_attempt1,29075660007_attempt1,29144058049_attempt1,29183942155_attempt1,29231728767_attempt1,29314482071_attempt1,29397534768_attempt1,29480427148_attempt1,29563821720_attempt1,29636284636_attempt1,29678766108_attempt1",29726104371_attempt1,29812544557_attempt1,d8_sp40_ov30_dep300_adv5_fix25_f100,0.85,0.23961755479627125,-0.25195838770804285,0.8579427083333333,0.008619515141537137,12,0.1794871794871795,8,0.04,0.03,300.0,0.005,0.0025,0.01
74,size_imbalance_uncertainty,alphaforge_interaction,"24949259015_attempt1,24952032748_attempt1,24986940107_attempt1,25044896828_attempt1,25100490855_attempt1,25157440693_attempt1,25208977834_attempt1,25247789591_attempt1,25274678535_attempt1,25311264469_attempt1,25367630341_attempt1,25427145257_attempt1,25487949887_attempt1,25545252940_attempt1,25596809734_attempt1,25624592440_attempt1,25665168591_attempt1,25791429807_attempt1,25852951350_attempt1,25911485679_attempt1,25957739510_attempt1,25986690554_attempt1,26029755017_attempt1,26091905404_attempt1,26156603287_attempt1,26221008452_attempt1,26357456273_attempt1,26709070227_attempt1,26709294970_attempt1,26755468029_attempt1,26832707302_attempt1,26944523023_attempt1,27008365180_attempt1,27059341408_attempt1,27089462916_attempt1,27130700451_attempt1,27199408085_attempt1,27269618919_attempt1,27340390720_attempt1,27410119221_attempt1,27464308599_attempt1,27496226714_attempt1,27540844174_attempt1,27612222130_attempt1,27683808024_attempt1,27754758156_attempt1,27821835753_attempt1,27869277828_attempt1,27902430728_attempt1,27948683312_attempt1,28022420503_attempt1,28095005508_attempt1,28166886036_attempt1,28235383560_attempt1,28288053257_attempt1,28321073325_attempt1,28369678027_attempt1,28442123818_attempt1,28515647330_attempt1,28588281394_attempt1,28659365605_attempt1,28705739897_attempt1,28740396418_attempt1,28847404575_attempt1,28923778969_attempt1,29000291038_attempt1,29075660007_attempt1,29144058049_attempt1,29183942155_attempt1,29231728767_attempt1,29314482071_attempt1,29397534768_attempt1,29480427148_attempt1,29563821720_attempt1,29636284636_attempt1,29678766108_attempt1",29726104371_attempt1,29812544557_attempt1,d4_sp40_ov30_dep100_adv5_fix25_f100,0.95,0.6998318625013977,-0.6993328828992759,0.9080078125000001,-0.022356659654845457,8,0.625,4,0.04,0.03,100.0,0.005,0.0025,0.01
75,classic_early_drop_down,classic_microstructure,"24949259015_attempt1,24952032748_attempt1,24986940107_attempt1,25044896828_attempt1,25100490855_attempt1,25157440693_attempt1,25208977834_attempt1,25247789591_attempt1,25274678535_attempt1,25311264469_attempt1,25367630341_attempt1,25427145257_attempt1,25487949887_attempt1,25545252940_attempt1,25596809734_attempt1,25624592440_attempt1,25665168591_attempt1,25791429807_attempt1,25852951350_attempt1,25911485679_attempt1,25957739510_attempt1,25986690554_attempt1,26029755017_attempt1,26091905404_attempt1,26156603287_attempt1,26221008452_attempt1,26357456273_attempt1,26709070227_attempt1,26709294970_attempt1,26755468029_attempt1,26832707302_attempt1,26944523023_attempt1,27008365180_attempt1,27059341408_attempt1,27089462916_attempt1,27130700451_attempt1,27199408085_attempt1,27269618919_attempt1,27340390720_attempt1,27410119221_attempt1,27464308599_attempt1,27496226714_attempt1,27540844174_attempt1,27612222130_attempt1,27683808024_attempt1,27754758156_attempt1,27821835753_attempt1,27869277828_attempt1,27902430728_attempt1,27948683312_attempt1,28022420503_attempt1,28095005508_attempt1,28166886036_attempt1,28235383560_attempt1,28288053257_attempt1,28321073325_attempt1,28369678027_attempt1,28442123818_attempt1,28515647330_attempt1,28588281394_attempt1,28659365605_attempt1,28705739897_attempt1,28740396418_attempt1,28847404575_attempt1,28923778969_attempt1,29000291038_attempt1,29075660007_attempt1,29144058049_attempt1,29183942155_attempt1,29231728767_attempt1,29314482071_attempt1,29397534768_attempt1,29480427148_attempt1,29563821720_attempt1,29636284636_attempt1,29678766108_attempt1,29726104371_attempt1",29812544557_attempt1,29902589491_attempt1,d4_sp40_ov30_dep300_adv15_fix25_f100,,,,0.8175781249999999,0.011080386013985422,17,0.27941176470588236,4,0.04,0.03,300.0,0.015,0.0025,0.01
75,btc2_path_eff,alphaforge_interaction,"24949259015_attempt1,24952032748_attempt1,24986940107_attempt1,25044896828_attempt1,25100490855_attempt1,25157440693_attempt1,25208977834_attempt1,25247789591_attempt1,25274678535_attempt1,25311264469_attempt1,25367630341_attempt1,25427145257_attempt1,25487949887_attempt1,25545252940_attempt1,25596809734_attempt1,25624592440_attempt1,25665168591_attempt1,25791429807_attempt1,25852951350_attempt1,25911485679_attempt1,25957739510_attempt1,25986690554_attempt1,26029755017_attempt1,26091905404_attempt1,26156603287_attempt1,26221008452_attempt1,26357456273_attempt1,26709070227_attempt1,26709294970_attempt1,26755468029_attempt1,26832707302_attempt1,26944523023_attempt1,27008365180_attempt1,27059341408_attempt1,27089462916_attempt1,27130700451_attempt1,27199408085_attempt1,27269618919_attempt1,27340390720_attempt1,27410119221_attempt1,27464308599_attempt1,27496226714_attempt1,27540844174_attempt1,27612222130_attempt1,27683808024_attempt1,27754758156_attempt1,27821835753_attempt1,27869277828_attempt1,27902430728_attempt1,27948683312_attempt1,28022420503_attempt1,28095005508_attempt1,28166886036_attempt1,28235383560_attempt1,28288053257_attempt1,28321073325_attempt1,28369678027_attempt1,28442123818_attempt1,28515647330_attempt1,28588281394_attempt1,28659365605_attempt1,28705739897_attempt1,28740396418_attempt1,28847404575_attempt1,28923778969_attempt1,29000291038_attempt1,29075660007_attempt1,29144058049_attempt1,29183942155_attempt1,29231728767_attempt1,29314482071_attempt1,29397534768_attempt1,29480427148_attempt1,29563821720_attempt1,29636284636_attempt1,29678766108_attempt1,29726104371_attempt1",29812544557_attempt1,29902589491_attempt1,d4_sp40_ov30_dep100_adv15_fix75_f100,0.9,0.36484829532700414,-0.3806159969624661,0.9428385416666667,0.02067245832612663,20,0.5686274509803921,4,0.04,0.03,100.0,0.015,0.0075,0.01
75,size_imbalance_uncertainty,alphaforge_interaction,"24949259015_attempt1,24952032748_attempt1,24986940107_attempt1,25044896828_attempt1,25100490855_attempt1,25157440693_attempt1,25208977834_attempt1,25247789591_attempt1,25274678535_attempt1,25311264469_attempt1,25367630341_attempt1,25427145257_attempt1,25487949887_attempt1,25545252940_attempt1,25596809734_attempt1,25624592440_attempt1,25665168591_attempt1,25791429807_attempt1,25852951350_attempt1,25911485679_attempt1,25957739510_attempt1,25986690554_attempt1,26029755017_attempt1,26091905404_attempt1,26156603287_attempt1,26221008452_attempt1,26357456273_attempt1,26709070227_attempt1,26709294970_attempt1,26755468029_attempt1,26832707302_attempt1,26944523023_attempt1,27008365180_attempt1,27059341408_attempt1,27089462916_attempt1,27130700451_attempt1,27199408085_attempt1,27269618919_attempt1,27340390720_attempt1,27410119221_attempt1,27464308599_attempt1,27496226714_attempt1,27540844174_attempt1,27612222130_attempt1,27683808024_attempt1,27754758156_attempt1,27821835753_attempt1,27869277828_attempt1,27902430728_attempt1,27948683312_attempt1,28022420503_attempt1,28095005508_attempt1,28166886036_attempt1,28235383560_attempt1,28288053257_attempt1,28321073325_attempt1,28369678027_attempt1,28442123818_attempt1,28515647330_attempt1,28588281394_attempt1,28659365605_attempt1,28705739897_attempt1,28740396418_attempt1,28847404575_attempt1,28923778969_attempt1,29000291038_attempt1,29075660007_attempt1,29144058049_attempt1,29183942155_attempt1,29231728767_attempt1,29314482071_attempt1,29397534768_attempt1,29480427148_attempt1,29563821720_attempt1,29636284636_attempt1,29678766108_attempt1,29726104371_attempt1",29812544557_attempt1,29902589491_attempt1,d4_sp40_ov30_dep300_adv15_fix25_f100,0.9,0.5716729040943095,-0.5702532033951543,0.9169921875,0.05964415126964551,20,0.40350877192982454,4,0.04,0.03,300.0,0.015,0.0025,0.01
76,classic_early_drop_down,classic_microstructure,"24949259015_attempt1,24952032748_attempt1,24986940107_attempt1,25044896828_attempt1,25100490855_attempt1,25157440693_attempt1,25208977834_attempt1,25247789591_attempt1,25274678535_attempt1,25311264469_attempt1,25367630341_attempt1,25427145257_attempt1,25487949887_attempt1,25545252940_attempt1,25596809734_attempt1,25624592440_attempt1,25665168591_attempt1,25791429807_attempt1,25852951350_attempt1,25911485679_attempt1,25957739510_attempt1,25986690554_attempt1,26029755017_attempt1,26091905404_attempt1,26156603287_attempt1,26221008452_attempt1,26357456273_attempt1,26709070227_attempt1,26709294970_attempt1,26755468029_attempt1,26832707302_attempt1,26944523023_attempt1,27008365180_attempt1,27059341408_attempt1,27089462916_attempt1,27130700451_attempt1,27199408085_attempt1,27269618919_attempt1,27340390720_attempt1,27410119221_attempt1,27464308599_attempt1,27496226714_attempt1,27540844174_attempt1,27612222130_attempt1,27683808024_attempt1,27754758156_attempt1,27821835753_attempt1,27869277828_attempt1,27902430728_attempt1,27948683312_attempt1,28022420503_attempt1,28095005508_attempt1,28166886036_attempt1,28235383560_attempt1,28288053257_attempt1,28321073325_attempt1,28369678027_attempt1,28442123818_attempt1,28515647330_attempt1,28588281394_attempt1,28659365605_attempt1,28705739897_attempt1,28740396418_attempt1,28847404575_attempt1,28923778969_attempt1,29000291038_attempt1,29075660007_attempt1,29144058049_attempt1,29183942155_attempt1,29231728767_attempt1,29314482071_attempt1,29397534768_attempt1,29480427148_attempt1,29563821720_attempt1,29636284636_attempt1,29678766108_attempt1,29726104371_attempt1,29812544557_attempt1",29902589491_attempt1,29990397142_attempt1,d4_sp40_ov30_dep100_adv5_fix25_f100,,,,0.922265625,0.008491094717950398,11,0.42857142857142855,4,0.04,0.03,100.0,0.005,0.0025,0.01
76,btc2_path_eff,alphaforge_interaction,"24949259015_attempt1,24952032748_attempt1,24986940107_attempt1,25044896828_attempt1,25100490855_attempt1,25157440693_attempt1,25208977834_attempt1,25247789591_attempt1,25274678535_attempt1,25311264469_attempt1,25367630341_attempt1,25427145257_attempt1,25487949887_attempt1,25545252940_attempt1,25596809734_attempt1,25624592440_attempt1,25665168591_attempt1,25791429807_attempt1,25852951350_attempt1,25911485679_attempt1,25957739510_attempt1,25986690554_attempt1,26029755017_attempt1,26091905404_attempt1,26156603287_attempt1,26221008452_attempt1,26357456273_attempt1,26709070227_attempt1,26709294970_attempt1,26755468029_attempt1,26832707302_attempt1,26944523023_attempt1,27008365180_attempt1,27059341408_attempt1,27089462916_attempt1,27130700451_attempt1,27199408085_attempt1,27269618919_attempt1,27340390720_attempt1,27410119221_attempt1,27464308599_attempt1,27496226714_attempt1,27540844174_attempt1,27612222130_attempt1,27683808024_attempt1,27754758156_attempt1,27821835753_attempt1,27869277828_attempt1,27902430728_attempt1,27948683312_attempt1,28022420503_attempt1,28095005508_attempt1,28166886036_attempt1,28235383560_attempt1,28288053257_attempt1,28321073325_attempt1,28369678027_attempt1,28442123818_attempt1,28515647330_attempt1,28588281394_attempt1,28659365605_attempt1,28705739897_attempt1,28740396418_attempt1,28847404575_attempt1,28923778969_attempt1,29000291038_attempt1,29075660007_attempt1,29144058049_attempt1,29183942155_attempt1,29231728767_attempt1,29314482071_attempt1,29397534768_attempt1,29480427148_attempt1,29563821720_attempt1,29636284636_attempt1,29678766108_attempt1,29726104371_attempt1,29812544557_attempt1",29902589491_attempt1,29990397142_attempt1,d4_sp40_ov30_dep100_adv15_fix25_f200,0.95,0.5919052573744554,-0.6381777393223633,0.772265625,0.025147292313110192,13,0.5416666666666666,4,0.04,0.03,100.0,0.015,0.0025,0.02
76,size_imbalance_uncertainty,alphaforge_interaction,"24949259015_attempt1,24952032748_attempt1,24986940107_attempt1,25044896828_attempt1,25100490855_attempt1,25157440693_attempt1,25208977834_attempt1,25247789591_attempt1,25274678535_attempt1,25311264469_attempt1,25367630341_attempt1,25427145257_attempt1,25487949887_attempt1,25545252940_attempt1,25596809734_attempt1,25624592440_attempt1,25665168591_attempt1,25791429807_attempt1,25852951350_attempt1,25911485679_attempt1,25957739510_attempt1,25986690554_attempt1,26029755017_attempt1,26091905404_attempt1,26156603287_attempt1,26221008452_attempt1,26357456273_attempt1,26709070227_attempt1,26709294970_attempt1,26755468029_attempt1,26832707302_attempt1,26944523023_attempt1,27008365180_attempt1,27059341408_attempt1,27089462916_attempt1,27130700451_attempt1,27199408085_attempt1,27269618919_attempt1,27340390720_attempt1,27410119221_attempt1,27464308599_attempt1,27496226714_attempt1,27540844174_attempt1,27612222130_attempt1,27683808024_attempt1,27754758156_attempt1,27821835753_attempt1,27869277828_attempt1,27902430728_attempt1,27948683312_attempt1,28022420503_attempt1,28095005508_attempt1,28166886036_attempt1,28235383560_attempt1,28288053257_attempt1,28321073325_attempt1,28369678027_attempt1,28442123818_attempt1,28515647330_attempt1,28588281394_attempt1,28659365605_attempt1,28705739897_attempt1,28740396418_attempt1,28847404575_attempt1,28923778969_attempt1,29000291038_attempt1,29075660007_attempt1,29144058049_attempt1,29183942155_attempt1,29231728767_attempt1,29314482071_attempt1,29397534768_attempt1,29480427148_attempt1,29563821720_attempt1,29636284636_attempt1,29678766108_attempt1,29726104371_attempt1,29812544557_attempt1",29902589491_attempt1,29990397142_attempt1,d4_sp40_ov30_dep100_adv15_fix25_f100,0.9,0.5711248423090898,-0.571448830794314,0.8468749999999999,0.029158926569370802,14,0.5111111111111111,4,0.04,0.03,100.0,0.015,0.0025,0.01
77,classic_early_drop_down,classic_microstructure,"24949259015_attempt1,24952032748_attempt1,24986940107_attempt1,25044896828_attempt1,25100490855_attempt1,25157440693_attempt1,25208977834_attempt1,25247789591_attempt1,25274678535_attempt1,25311264469_attempt1,25367630341_attempt1,25427145257_attempt1,25487949887_attempt1,25545252940_attempt1,25596809734_attempt1,25624592440_attempt1,25665168591_attempt1,25791429807_attempt1,25852951350_attempt1,25911485679_attempt1,25957739510_attempt1,25986690554_attempt1,26029755017_attempt1,26091905404_attempt1,26156603287_attempt1,26221008452_attempt1,26357456273_attempt1,26709070227_attempt1,26709294970_attempt1,26755468029_attempt1,26832707302_attempt1,26944523023_attempt1,27008365180_attempt1,27059341408_attempt1,27089462916_attempt1,27130700451_attempt1,27199408085_attempt1,27269618919_attempt1,27340390720_attempt1,27410119221_attempt1,27464308599_attempt1,27496226714_attempt1,27540844174_attempt1,27612222130_attempt1,27683808024_attempt1,27754758156_attempt1,27821835753_attempt1,27869277828_attempt1,27902430728_attempt1,27948683312_attempt1,28022420503_attempt1,28095005508_attempt1,28166886036_attempt1,28235383560_attempt1,28288053257_attempt1,28321073325_attempt1,28369678027_attempt1,28442123818_attempt1,28515647330_attempt1,28588281394_attempt1,28659365605_attempt1,28705739897_attempt1,28740396418_attempt1,28847404575_attempt1,28923778969_attempt1,29000291038_attempt1,29075660007_attempt1,29144058049_attempt1,29183942155_attempt1,29231728767_attempt1,29314482071_attempt1,29397534768_attempt1,29480427148_attempt1,29563821720_attempt1,29636284636_attempt1,29678766108_attempt1,29726104371_attempt1,29812544557_attempt1,29902589491_attempt1",29990397142_attempt1,30078303224_attempt1,d4_sp40_ov30_dep100_adv5_fix25_f100,,,,0.8863281249999999,0.010878667086186455,9,0.20930232558139536,4,0.04,0.03,100.0,0.005,0.0025,0.01
77,btc2_path_eff,alphaforge_interaction,"24949259015_attempt1,24952032748_attempt1,24986940107_attempt1,25044896828_attempt1,25100490855_attempt1,25157440693_attempt1,25208977834_attempt1,25247789591_attempt1,25274678535_attempt1,25311264469_attempt1,25367630341_attempt1,25427145257_attempt1,25487949887_attempt1,25545252940_attempt1,25596809734_attempt1,25624592440_attempt1,25665168591_attempt1,25791429807_attempt1,25852951350_attempt1,25911485679_attempt1,25957739510_attempt1,25986690554_attempt1,26029755017_attempt1,26091905404_attempt1,26156603287_attempt1,26221008452_attempt1,26357456273_attempt1,26709070227_attempt1,26709294970_attempt1,26755468029_attempt1,26832707302_attempt1,26944523023_attempt1,27008365180_attempt1,27059341408_attempt1,27089462916_attempt1,27130700451_attempt1,27199408085_attempt1,27269618919_attempt1,27340390720_attempt1,27410119221_attempt1,27464308599_attempt1,27496226714_attempt1,27540844174_attempt1,27612222130_attempt1,27683808024_attempt1,27754758156_attempt1,27821835753_attempt1,27869277828_attempt1,27902430728_attempt1,27948683312_attempt1,28022420503_attempt1,28095005508_attempt1,28166886036_attempt1,28235383560_attempt1,28288053257_attempt1,28321073325_attempt1,28369678027_attempt1,28442123818_attempt1,28515647330_attempt1,28588281394_attempt1,28659365605_attempt1,28705739897_attempt1,28740396418_attempt1,28847404575_attempt1,28923778969_attempt1,29000291038_attempt1,29075660007_attempt1,29144058049_attempt1,29183942155_attempt1,29231728767_attempt1,29314482071_attempt1,29397534768_attempt1,29480427148_attempt1,29563821720_attempt1,29636284636_attempt1,29678766108_attempt1,29726104371_attempt1,29812544557_attempt1,29902589491_attempt1",29990397142_attempt1,30078303224_attempt1,d4_sp40_ov30_dep300_adv15_fix25_f100,0.9,0.36486414833263137,-0.37988020460368477,0.8610677083333332,0.005377445791332258,13,0.35135135135135137,4,0.04,0.03,300.0,0.015,0.0025,0.01
77,size_imbalance_uncertainty,alphaforge_interaction,"24949259015_attempt1,24952032748_attempt1,24986940107_attempt1,25044896828_attempt1,25100490855_attempt1,25157440693_attempt1,25208977834_attempt1,25247789591_attempt1,25274678535_attempt1,25311264469_attempt1,25367630341_attempt1,25427145257_attempt1,25487949887_attempt1,25545252940_attempt1,25596809734_attempt1,25624592440_attempt1,25665168591_attempt1,25791429807_attempt1,25852951350_attempt1,25911485679_attempt1,25957739510_attempt1,25986690554_attempt1,26029755017_attempt1,26091905404_attempt1,26156603287_attempt1,26221008452_attempt1,26357456273_attempt1,26709070227_attempt1,26709294970_attempt1,26755468029_attempt1,26832707302_attempt1,26944523023_attempt1,27008365180_attempt1,27059341408_attempt1,27089462916_attempt1,27130700451_attempt1,27199408085_attempt1,27269618919_attempt1,27340390720_attempt1,27410119221_attempt1,27464308599_attempt1,27496226714_attempt1,27540844174_attempt1,27612222130_attempt1,27683808024_attempt1,27754758156_attempt1,27821835753_attempt1,27869277828_attempt1,27902430728_attempt1,27948683312_attempt1,28022420503_attempt1,28095005508_attempt1,28166886036_attempt1,28235383560_attempt1,28288053257_attempt1,28321073325_attempt1,28369678027_attempt1,28442123818_attempt1,28515647330_attempt1,28588281394_attempt1,28659365605_attempt1,28705739897_attempt1,28740396418_attempt1,28847404575_attempt1,28923778969_attempt1,29000291038_attempt1,29075660007_attempt1,29144058049_attempt1,29183942155_attempt1,29231728767_attempt1,29314482071_attempt1,29397534768_attempt1,29480427148_attempt1,29563821720_attempt1,29636284636_attempt1,29678766108_attempt1,29726104371_attempt1,29812544557_attempt1,29902589491_attempt1",29990397142_attempt1,30078303224_attempt1,d8_sp40_ov30_dep100_adv15_fix25_f100,0.9,0.5710627374091413,-0.571324446453271,0.9181640624999999,0.13279300003451944,15,0.4423076923076923,8,0.04,0.03,100.0,0.015,0.0025,0.01
78,classic_early_drop_down,classic_microstructure,"24949259015_attempt1,24952032748_attempt1,24986940107_attempt1,25044896828_attempt1,25100490855_attempt1,25157440693_attempt1,25208977834_attempt1,25247789591_attempt1,25274678535_attempt1,25311264469_attempt1,25367630341_attempt1,25427145257_attempt1,25487949887_attempt1,25545252940_attempt1,25596809734_attempt1,25624592440_attempt1,25665168591_attempt1,25791429807_attempt1,25852951350_attempt1,25911485679_attempt1,25957739510_attempt1,25986690554_attempt1,26029755017_attempt1,26091905404_attempt1,26156603287_attempt1,26221008452_attempt1,26357456273_attempt1,26709070227_attempt1,26709294970_attempt1,26755468029_attempt1,26832707302_attempt1,26944523023_attempt1,27008365180_attempt1,27059341408_attempt1,27089462916_attempt1,27130700451_attempt1,27199408085_attempt1,27269618919_attempt1,27340390720_attempt1,27410119221_attempt1,27464308599_attempt1,27496226714_attempt1,27540844174_attempt1,27612222130_attempt1,27683808024_attempt1,27754758156_attempt1,27821835753_attempt1,27869277828_attempt1,27902430728_attempt1,27948683312_attempt1,28022420503_attempt1,28095005508_attempt1,28166886036_attempt1,28235383560_attempt1,28288053257_attempt1,28321073325_attempt1,28369678027_attempt1,28442123818_attempt1,28515647330_attempt1,28588281394_attempt1,28659365605_attempt1,28705739897_attempt1,28740396418_attempt1,28847404575_attempt1,28923778969_attempt1,29000291038_attempt1,29075660007_attempt1,29144058049_attempt1,29183942155_attempt1,29231728767_attempt1,29314482071_attempt1,29397534768_attempt1,29480427148_attempt1,29563821720_attempt1,29636284636_attempt1,29678766108_attempt1,29726104371_attempt1,29812544557_attempt1,29902589491_attempt1,29990397142_attempt1",30078303224_attempt1,30837944463_attempt1,d8_sp40_ov30_dep300_adv5_fix25_f100,,,,0.806640625,0.007418497187270834,6,0.1875,8,0.04,0.03,300.0,0.005,0.0025,0.01
78,btc2_path_eff,alphaforge_interaction,"24949259015_attempt1,24952032748_attempt1,24986940107_attempt1,25044896828_attempt1,25100490855_attempt1,25157440693_attempt1,25208977834_attempt1,25247789591_attempt1,25274678535_attempt1,25311264469_attempt1,25367630341_attempt1,25427145257_attempt1,25487949887_attempt1,25545252940_attempt1,25596809734_attempt1,25624592440_attempt1,25665168591_attempt1,25791429807_attempt1,25852951350_attempt1,25911485679_attempt1,25957739510_attempt1,25986690554_attempt1,26029755017_attempt1,26091905404_attempt1,26156603287_attempt1,26221008452_attempt1,26357456273_attempt1,26709070227_attempt1,26709294970_attempt1,26755468029_attempt1,26832707302_attempt1,26944523023_attempt1,27008365180_attempt1,27059341408_attempt1,27089462916_attempt1,27130700451_attempt1,27199408085_attempt1,27269618919_attempt1,27340390720_attempt1,27410119221_attempt1,27464308599_attempt1,27496226714_attempt1,27540844174_attempt1,27612222130_attempt1,27683808024_attempt1,27754758156_attempt1,27821835753_attempt1,27869277828_attempt1,27902430728_attempt1,27948683312_attempt1,28022420503_attempt1,28095005508_attempt1,28166886036_attempt1,28235383560_attempt1,28288053257_attempt1,28321073325_attempt1,28369678027_attempt1,28442123818_attempt1,28515647330_attempt1,28588281394_attempt1,28659365605_attempt1,28705739897_attempt1,28740396418_attempt1,28847404575_attempt1,28923778969_attempt1,29000291038_attempt1,29075660007_attempt1,29144058049_attempt1,29183942155_attempt1,29231728767_attempt1,29314482071_attempt1,29397534768_attempt1,29480427148_attempt1,29563821720_attempt1,29636284636_attempt1,29678766108_attempt1,29726104371_attempt1,29812544557_attempt1,29902589491_attempt1,29990397142_attempt1",30078303224_attempt1,30837944463_attempt1,d4_sp40_ov30_dep100_adv15_fix25_f200,0.9,0.3638892597448729,-0.3787546693480657,0.7805989583333333,0.0645993381602179,17,0.6060606060606061,4,0.04,0.03,100.0,0.015,0.0025,0.02
78,size_imbalance_uncertainty,alphaforge_interaction,"24949259015_attempt1,24952032748_attempt1,24986940107_attempt1,25044896828_attempt1,25100490855_attempt1,25157440693_attempt1,25208977834_attempt1,25247789591_attempt1,25274678535_attempt1,25311264469_attempt1,25367630341_attempt1,25427145257_attempt1,25487949887_attempt1,25545252940_attempt1,25596809734_attempt1,25624592440_attempt1,25665168591_attempt1,25791429807_attempt1,25852951350_attempt1,25911485679_attempt1,25957739510_attempt1,25986690554_attempt1,26029755017_attempt1,26091905404_attempt1,26156603287_attempt1,26221008452_attempt1,26357456273_attempt1,26709070227_attempt1,26709294970_attempt1,26755468029_attempt1,26832707302_attempt1,26944523023_attempt1,27008365180_attempt1,27059341408_attempt1,27089462916_attempt1,27130700451_attempt1,27199408085_attempt1,27269618919_attempt1,27340390720_attempt1,27410119221_attempt1,27464308599_attempt1,27496226714_attempt1,27540844174_attempt1,27612222130_attempt1,27683808024_attempt1,27754758156_attempt1,27821835753_attempt1,27869277828_attempt1,27902430728_attempt1,27948683312_attempt1,28022420503_attempt1,28095005508_attempt1,28166886036_attempt1,28235383560_attempt1,28288053257_attempt1,28321073325_attempt1,28369678027_attempt1,28442123818_attempt1,28515647330_attempt1,28588281394_attempt1,28659365605_attempt1,28705739897_attempt1,28740396418_attempt1,28847404575_attempt1,28923778969_attempt1,29000291038_attempt1,29075660007_attempt1,29144058049_attempt1,29183942155_attempt1,29231728767_attempt1,29314482071_attempt1,29397534768_attempt1,29480427148_attempt1,29563821720_attempt1,29636284636_attempt1,29678766108_attempt1,29726104371_attempt1,29812544557_attempt1,29902589491_attempt1,29990397142_attempt1",30078303224_attempt1,30837944463_attempt1,d4_sp40_ov30_dep100_adv5_fix25_f100,0.9,0.5714702847709451,-0.5713646731863349,0.9517578124999999,-0.028435563202296676,16,0.5714285714285714,4,0.04,0.03,100.0,0.005,0.0025,0.01
