candidate,family,entry_minute,config_id,q_threshold,hi_value,lo_value,signals,eligible_fills,trades,fill_rate_vs_signals,trade_rate_vs_signals,ending_bankroll,total_return,max_drawdown,win_rate,avg_pnl,profit_factor,delay_seconds,max_spread,max_overround,min_depth,max_adverse_slippage,fixed_slippage,fraction,worst_144_return,median_144_return,positive_144_rate,active_144_rate,split,fold_id,run_label
classic_early_drop_down,classic_microstructure,1,d8_sp40_ov30_dep100_adv15_fix25_f100,,,,163,54,41,0.3312883435582822,0.25153374233128833,96.25240159129825,-0.037475984087017467,0.05747770489572342,0.6341463414634146,-0.09140483923662684,0.7532613572558373,8,0.04,0.03,100.0,0.015,0.0025,0.01,-0.038469298877037095,-0.008142270645504435,0.26440677966101694,1.0,train,1,24949259015_attempt1+24952032748_attempt1+24986940107_attempt1
classic_early_drop_down,classic_microstructure,1,d8_sp40_ov30_dep100_adv15_fix25_f100,,,,69,26,16,0.37681159420289856,0.2318840579710145,102.11012720670743,0.02110127206707424,0.020247517485867554,0.75,0.13188295041921388,1.5089341790135868,8,0.04,0.03,100.0,0.015,0.0025,0.01,-0.014069073870521365,0.0029225994536878908,0.6761904761904762,1.0,validation,1,25044896828_attempt1
classic_early_drop_down,classic_microstructure,1,d8_sp40_ov30_dep100_adv15_fix25_f100,,,,47,15,11,0.3191489361702128,0.23404255319148937,94.91487938016243,-0.05085120619837569,0.05085120619837568,0.36363636363636365,-0.4622836927125071,0.2710762743217664,8,0.04,0.03,100.0,0.015,0.0025,0.01,-0.04039467200791247,-0.018093051741934763,0.0,1.0,test,1,25100490855_attempt1
btc2_path_eff,alphaforge_interaction,2,d8_sp40_ov30_dep100_adv15_fix25_f100,0.85,0.2721605782035938,-0.2360531323735426,220,82,45,0.37272727272727274,0.20454545454545456,98.63569886337183,-0.013643011366281765,0.05059713450859188,0.7777777777777778,-0.030317803036180903,0.8625861112951313,8,0.04,0.03,100.0,0.015,0.0025,0.01,-0.04181265872175155,0.005577400073914385,0.6830508474576271,1.0,train,1,24949259015_attempt1+24952032748_attempt1+24986940107_attempt1
btc2_path_eff,alphaforge_interaction,2,d8_sp40_ov30_dep100_adv15_fix25_f100,0.85,0.2721605782035938,-0.2360531323735426,66,21,16,0.3181818181818182,0.24242424242424243,102.07296533293172,0.020729653329317088,0.010180995475113181,0.9375,0.12956033330823305,2.9846129408833493,8,0.04,0.03,100.0,0.015,0.0025,0.01,-0.005378400796352656,0.011898218549281525,0.6095238095238096,1.0,validation,1,25044896828_attempt1
btc2_path_eff,alphaforge_interaction,2,d8_sp40_ov30_dep100_adv15_fix25_f100,0.85,0.2721605782035938,-0.2360531323735426,60,17,13,0.2833333333333333,0.21666666666666667,99.44080316355,-0.005591968364500044,0.021141000283773043,0.7692307692307693,-0.04301514126538596,0.8154670252449163,8,0.04,0.03,100.0,0.015,0.0025,0.01,-0.02114100028377286,-0.01143853878474066,0.15315315315315314,1.0,test,1,25100490855_attempt1
size_imbalance_uncertainty,alphaforge_interaction,2,d8_sp40_ov30_dep300_adv5_fix25_f100,0.9,0.5173750981079759,-0.5601522396464513,148,36,26,0.24324324324324326,0.17567567567567569,99.18525942989463,-0.008147405701053767,0.07781241566143605,0.4230769230769231,-0.031336175773283306,0.9471137095905214,8,0.04,0.03,300.0,0.005,0.0025,0.01,-0.06007455458281519,-0.005718114210367831,0.43728813559322033,1.0,train,1,24949259015_attempt1+24952032748_attempt1+24986940107_attempt1
size_imbalance_uncertainty,alphaforge_interaction,2,d8_sp40_ov30_dep300_adv5_fix25_f100,0.9,0.5173750981079759,-0.5601522396464513,65,9,9,0.13846153846153847,0.13846153846153847,102.34557069955565,0.023455706995556547,0.021930419292321916,0.5555555555555556,0.26061896661729794,1.5490684128673753,8,0.04,0.03,300.0,0.005,0.0025,0.01,-0.020560024177642022,-0.010236686390532546,0.2857142857142857,1.0,validation,1,25044896828_attempt1
size_imbalance_uncertainty,alphaforge_interaction,2,d8_sp40_ov30_dep300_adv5_fix25_f100,0.9,0.5173750981079759,-0.5601522396464513,47,4,4,0.0851063829787234,0.0851063829787234,97.69363563668526,-0.02306364363314739,0.02306364363314742,0.25,-0.5765910908286869,0.2536384105668583,8,0.04,0.03,300.0,0.005,0.0025,0.01,-0.02306364363314739,-0.01299719713627856,0.0,1.0,test,1,25100490855_attempt1
classic_early_drop_down,classic_microstructure,1,d4_sp40_ov30_dep300_adv5_fix25_f100,,,,232,31,29,0.1336206896551724,0.125,100.7098950324471,0.007098950324470943,0.025961240668596543,0.7586206896551724,0.024479139049901243,1.0985394462423952,4,0.04,0.03,300.0,0.005,0.0025,0.01,-0.01703571566757267,0.0,0.48329355608591884,0.9009546539379475,train,2,24949259015_attempt1+24952032748_attempt1+24986940107_attempt1+25044896828_attempt1
classic_early_drop_down,classic_microstructure,1,d4_sp40_ov30_dep300_adv5_fix25_f100,,,,47,9,9,0.19148936170212766,0.19148936170212766,101.36796100063651,0.013679610006365195,0.020227696892294582,0.7777777777777778,0.15199566673738843,1.6685228301574302,4,0.04,0.03,300.0,0.005,0.0025,0.01,-0.014431499953698967,0.0015559713741253312,0.6756756756756757,1.0,validation,2,25100490855_attempt1
classic_early_drop_down,classic_microstructure,1,d4_sp40_ov30_dep300_adv5_fix25_f100,,,,51,8,8,0.1568627450980392,0.1568627450980392,100.45480816104656,0.004548081610465493,0.011826917543996984,0.75,0.05685102013081861,1.2244470300426755,4,0.04,0.03,300.0,0.005,0.0025,0.01,0.003451873681233897,0.008513030321108728,1.0,1.0,test,2,25157440693_attempt1
btc2_path_eff,alphaforge_interaction,2,d4_sp40_ov30_dep100_adv15_fix25_f100,0.85,0.2607274550011046,-0.23001755496943704,296,119,63,0.40202702702702703,0.21283783783783783,94.04544451603384,-0.05954555483966162,0.06494862186963075,0.7619047619047619,-0.09451675371374901,0.5972403230487743,4,0.04,0.03,100.0,0.015,0.0025,0.01,-0.044639502753736515,-0.0008646402191577751,0.4439140811455847,1.0,train,2,24949259015_attempt1+24952032748_attempt1+24986940107_attempt1+25044896828_attempt1
btc2_path_eff,alphaforge_interaction,2,d4_sp40_ov30_dep100_adv15_fix25_f100,0.85,0.2607274550011046,-0.23001755496943704,60,21,14,0.35,0.23333333333333334,101.71547618085616,0.01715476180856168,0.010163265306122491,0.9285714285714286,0.1225340129182969,2.680461886418101,4,0.04,0.03,100.0,0.015,0.0025,0.01,0.0010503176891465404,0.007936409954754087,1.0,1.0,validation,2,25100490855_attempt1
btc2_path_eff,alphaforge_interaction,2,d4_sp40_ov30_dep100_adv15_fix25_f100,0.85,0.2607274550011046,-0.23001755496943704,74,30,20,0.40540540540540543,0.2702702702702703,99.2199922057278,-0.007800077942721972,0.024154151966983478,0.8,-0.03900038971361018,0.8056785237157487,4,0.04,0.03,100.0,0.015,0.0025,0.01,-0.023443608081225142,0.0017543215317379346,0.5897435897435898,1.0,test,2,25157440693_attempt1
size_imbalance_uncertainty,alphaforge_interaction,2,d8_sp40_ov30_dep100_adv5_fix25_f100,0.95,0.6822647863991664,-0.7017889606028253,98,45,33,0.45918367346938777,0.336734693877551,111.07747931310702,0.1107747931310703,0.04340042001207407,0.5151515151515151,0.33568119130627366,1.6202039394316234,8,0.04,0.03,100.0,0.005,0.0025,0.01,-0.030548408706294494,0.007284027210058497,0.6503579952267303,1.0,train,2,24949259015_attempt1+24952032748_attempt1+24986940107_attempt1+25044896828_attempt1
size_imbalance_uncertainty,alphaforge_interaction,2,d8_sp40_ov30_dep100_adv5_fix25_f100,0.95,0.6822647863991664,-0.7017889606028253,17,8,6,0.47058823529411764,0.35294117647058826,100.68592437545838,0.006859243754583799,0.020353051750629306,0.5,0.1143207292430638,1.2241875529554562,8,0.04,0.03,100.0,0.005,0.0025,0.01,-0.0066379944751381315,0.023447512195121867,0.972972972972973,1.0,validation,2,25100490855_attempt1
size_imbalance_uncertainty,alphaforge_interaction,2,d8_sp40_ov30_dep100_adv5_fix25_f100,0.95,0.6822647863991664,-0.7017889606028253,24,11,6,0.4583333333333333,0.25,100.07004054053397,0.0007004054053396658,0.030337754713777088,0.5,0.011673423422328114,1.0230869229429695,8,0.04,0.03,100.0,0.005,0.0025,0.01,-0.020357357842975543,-0.010254777070063725,0.3333333333333333,1.0,test,2,25157440693_attempt1
classic_early_drop_down,classic_microstructure,1,d8_sp40_ov30_dep100_adv15_fix25_f100,,,,279,95,68,0.34050179211469533,0.24372759856630824,94.73359634878916,-0.05266403651210838,0.07235014214736171,0.6323529411764706,-0.0774471125178061,0.7901626360168162,8,0.04,0.03,100.0,0.015,0.0025,0.01,-0.038469298877037095,-0.003898557322604912,0.3342490842490842,1.0,train,3,24949259015_attempt1+24952032748_attempt1+24986940107_attempt1+25044896828_attempt1+25100490855_attempt1
classic_early_drop_down,classic_microstructure,1,d8_sp40_ov30_dep100_adv15_fix25_f100,,,,51,19,13,0.37254901960784315,0.2549019607843137,102.8184423083415,0.028184423083414956,0.010165975103734438,0.8461538461538461,0.2168032544878085,2.377768562679456,8,0.04,0.03,100.0,0.015,0.0025,0.01,-0.002778300996694516,0.008436472449208532,0.9230769230769231,1.0,validation,3,25157440693_attempt1
classic_early_drop_down,classic_microstructure,1,d8_sp40_ov30_dep100_adv15_fix25_f100,,,,29,12,12,0.41379310344827586,0.41379310344827586,100.79292653302011,0.007929265330200996,0.010129449838187659,0.8333333333333334,0.06607721108500751,1.3888037892212812,8,0.04,0.03,100.0,0.015,0.0025,0.01,-0.0006762698743552065,0.0076674041091867595,0.8362068965517241,1.0,test,3,25208977834_attempt1
btc2_path_eff,alphaforge_interaction,2,d8_sp60_ov30_dep100_adv15_fix25_f200,0.9,0.36784170032948177,-0.3237942523339369,248,80,63,0.3225806451612903,0.2540322580645161,97.19191700684064,-0.028080829931593554,0.07491001380494225,0.7936507936507936,-0.04457274592316462,0.8922963883705839,8,0.06,0.03,100.0,0.015,0.0025,0.02,-0.07491001380494244,0.006527380657193715,0.5467032967032966,1.0,train,3,24949259015_attempt1+24952032748_attempt1+24986940107_attempt1+25044896828_attempt1+25100490855_attempt1
btc2_path_eff,alphaforge_interaction,2,d8_sp60_ov30_dep100_adv15_fix25_f200,0.9,0.36784170032948177,-0.3237942523339369,54,20,17,0.37037037037037035,0.3148148148148148,103.04100555991715,0.030410055599171537,0.02024615384615379,0.9411764705882353,0.17888267999512553,2.467646708343172,8,0.06,0.03,100.0,0.015,0.0025,0.02,-0.006685354955289768,0.011329415219094141,0.8888888888888888,1.0,validation,3,25157440693_attempt1
btc2_path_eff,alphaforge_interaction,2,d8_sp60_ov30_dep100_adv15_fix25_f200,0.9,0.36784170032948177,-0.3237942523339369,40,9,9,0.225,0.225,102.32361468029146,0.023236146802914526,0.0,1.0,0.25817940892127283,,8,0.06,0.03,100.0,0.015,0.0025,0.02,0.007196794817951657,0.015924744863650808,1.0,1.0,test,3,25208977834_attempt1
size_imbalance_uncertainty,alphaforge_interaction,2,d8_sp40_ov30_dep100_adv5_fix25_f100,0.95,0.6775947102309781,-0.6936936508081002,124,55,37,0.4435483870967742,0.29838709677419356,107.95489568936799,0.0795489568936798,0.06381906711393673,0.4864864864864865,0.21499718079372934,1.3821684413865138,8,0.04,0.03,100.0,0.005,0.0025,0.01,-0.04030801208544721,0.003066785550807971,0.51007326007326,1.0,train,3,24949259015_attempt1+24952032748_attempt1+24986940107_attempt1+25044896828_attempt1+25100490855_attempt1
size_imbalance_uncertainty,alphaforge_interaction,2,d8_sp40_ov30_dep100_adv5_fix25_f100,0.95,0.6775947102309781,-0.6936936508081002,25,11,6,0.44,0.24,100.07004054053397,0.0007004054053396658,0.030337754713777088,0.5,0.011673423422328114,1.0230869229429695,8,0.04,0.03,100.0,0.005,0.0025,0.01,-0.020357357842975543,-0.010254777070063725,0.3333333333333333,1.0,validation,3,25157440693_attempt1
size_imbalance_uncertainty,alphaforge_interaction,2,d8_sp40_ov30_dep100_adv5_fix25_f100,0.95,0.6775947102309781,-0.6936936508081002,42,18,12,0.42857142857142855,0.2857142857142857,101.75764487170046,0.0175764487170047,0.031678588572840255,0.5,0.1464704059750373,1.2883296502439203,8,0.04,0.03,100.0,0.005,0.0025,0.01,-0.03167858857284045,-0.011547540144863921,0.49137931034482757,1.0,test,3,25208977834_attempt1
classic_early_drop_down,classic_microstructure,1,d8_sp40_ov30_dep100_adv5_fix25_f100,,,,330,92,73,0.2787878787878788,0.22121212121212122,96.99068273552564,-0.03009317264474365,0.0824581876003542,0.6575342465753424,-0.041223524170881605,0.8804702060573936,8,0.04,0.03,100.0,0.005,0.0025,0.01,-0.03311692842927072,-0.006451961435886111,0.3801775147928994,1.0,train,4,24949259015_attempt1+24952032748_attempt1+24986940107_attempt1+25044896828_attempt1+25100490855_attempt1+25157440693_attempt1
classic_early_drop_down,classic_microstructure,1,d8_sp40_ov30_dep100_adv5_fix25_f100,,,,29,8,8,0.27586206896551724,0.27586206896551724,101.41150642834478,0.014115064283447776,0.010129449838187747,0.875,0.1764383035430982,2.36808908356362,8,0.04,0.03,100.0,0.005,0.0025,0.01,0.006147080063812593,0.009253970593779304,1.0,1.0,validation,4,25208977834_attempt1
classic_early_drop_down,classic_microstructure,1,d8_sp40_ov30_dep100_adv5_fix25_f100,,,,43,2,2,0.046511627906976744,0.046511627906976744,99.20067871894642,-0.007993212810535777,0.010155642023346343,0.5,-0.3996606405267884,0.21464455311361644,8,0.04,0.03,100.0,0.005,0.0025,0.01,-0.007993212810535666,0.0021846153846154515,0.875,1.0,test,4,25247789591_attempt1
btc2_path_eff,alphaforge_interaction,2,d4_sp40_ov30_dep100_adv15_fix25_f200,0.85,0.25546689240314197,-0.21870777416844062,450,177,96,0.3933333333333333,0.21333333333333335,94.42274898483225,-0.0557725101516775,0.1279213345393405,0.7916666666666666,-0.05809636474133084,0.8530578793444864,4,0.04,0.03,100.0,0.015,0.0025,0.02,-0.08777061268007014,-0.0010092008616563453,0.4844674556213018,1.0,train,4,24949259015_attempt1+24952032748_attempt1+24986940107_attempt1+25044896828_attempt1+25100490855_attempt1+25157440693_attempt1
btc2_path_eff,alphaforge_interaction,2,d4_sp40_ov30_dep100_adv15_fix25_f200,0.85,0.25546689240314197,-0.21870777416844062,73,30,17,0.410958904109589,0.2328767123287671,106.73218605139101,0.06732186051391009,0.02048484848484848,0.9411764705882353,0.3960109441994698,4.16222971939963,4,0.04,0.03,100.0,0.015,0.0025,0.02,-0.0051796476751032605,0.026009497850002283,0.9741379310344828,1.0,validation,4,25208977834_attempt1
btc2_path_eff,alphaforge_interaction,2,d4_sp40_ov30_dep100_adv15_fix25_f200,0.85,0.25546689240314197,-0.21870777416844062,97,28,19,0.28865979381443296,0.1958762886597938,103.48192718926637,0.03481927189266365,0.03771880713873585,0.8947368421052632,0.18325932575085963,1.8157115199869485,4,0.04,0.03,100.0,0.015,0.0025,0.02,-0.0033290498386828737,0.03827574358936814,0.9090909090909091,1.0,test,4,25247789591_attempt1
size_imbalance_uncertainty,alphaforge_interaction,2,d8_sp40_ov30_dep100_adv15_fix25_f100,0.9,0.5560119511075292,-0.5542233611501549,300,140,75,0.4666666666666667,0.25,93.63204513111832,-0.06367954868881687,0.18334380662224517,0.4266666666666667,-0.0849060649184219,0.8565792362902809,8,0.04,0.03,100.0,0.015,0.0025,0.01,-0.060584601938945215,-0.01532511572869022,0.3099112426035503,1.0,train,4,24949259015_attempt1+24952032748_attempt1+24986940107_attempt1+25044896828_attempt1+25100490855_attempt1+25157440693_attempt1
size_imbalance_uncertainty,alphaforge_interaction,2,d8_sp40_ov30_dep100_adv15_fix25_f100,0.9,0.5560119511075292,-0.5542233611501549,61,27,19,0.4426229508196721,0.3114754098360656,106.56702142007697,0.06567021420076968,0.03618987846489673,0.5789473684210527,0.34563270631984144,1.7941978231982754,8,0.04,0.03,100.0,0.015,0.0025,0.01,-0.028875937876612134,0.013887810396713052,0.7068965517241379,1.0,validation,4,25208977834_attempt1
size_imbalance_uncertainty,alphaforge_interaction,2,d8_sp40_ov30_dep100_adv15_fix25_f100,0.9,0.5560119511075292,-0.5542233611501549,45,15,11,0.3333333333333333,0.24444444444444444,98.8057383802855,-0.011942616197144984,0.024841247507734466,0.45454545454545453,-0.10856923815586615,0.8070402106906593,8,0.04,0.03,100.0,0.015,0.0025,0.01,-0.024841247507734865,-0.00389851048833878,0.25,1.0,test,4,25247789591_attempt1
classic_early_drop_down,classic_microstructure,1,d4_sp40_ov30_dep300_adv15_fix25_f100,,,,359,62,58,0.17270194986072424,0.1615598885793872,102.89720620330694,0.028972062033069346,0.04140459249151303,0.7758620689655172,0.0499518310914989,1.215599651048831,4,0.04,0.03,300.0,0.015,0.0025,0.01,-0.026015136338593092,0.0014782608695651511,0.5450031036623215,0.957790192427064,train,5,24949259015_attempt1+24952032748_attempt1+24986940107_attempt1+25044896828_attempt1+25100490855_attempt1+25157440693_attempt1+25208977834_attempt1
classic_early_drop_down,classic_microstructure,1,d4_sp40_ov30_dep300_adv15_fix25_f100,,,,43,8,8,0.18604651162790697,0.18604651162790697,101.33661656401117,0.013366165640111616,0.01015325670498079,0.875,0.16707707050139614,2.304642785873237,4,0.04,0.03,300.0,0.015,0.0025,0.01,-0.0012016560253791386,0.008210765654165564,0.75,1.0,validation,5,25247789591_attempt1
classic_early_drop_down,classic_microstructure,1,d4_sp40_ov30_dep300_adv15_fix25_f100,,,,66,6,6,0.09090909090909091,0.09090909090909091,100.49348216586137,0.004934821658613586,0.010148698884758327,0.6666666666666666,0.08224702764356,1.2416327485813643,4,0.04,0.03,300.0,0.015,0.0025,0.01,-0.002805435317004279,0.007418552220399777,0.8380952380952381,1.0,test,5,25274678535_attempt1
btc2_path_eff,alphaforge_interaction,2,d4_sp40_ov30_dep300_adv15_fix25_f200,0.9,0.3591155107979699,-0.3188958179168238,352,75,71,0.21306818181818182,0.20170454545454544,100.59071067883977,0.005907106788397787,0.06986926107033103,0.8732394366197183,0.008319868716053645,1.03139026808936,4,0.04,0.03,300.0,0.015,0.0025,0.02,-0.058777108241123366,0.006209395654147354,0.606455617628802,1.0,train,5,24949259015_attempt1+24952032748_attempt1+24986940107_attempt1+25044896828_attempt1+25100490855_attempt1+25157440693_attempt1+25208977834_attempt1
btc2_path_eff,alphaforge_interaction,2,d4_sp40_ov30_dep300_adv15_fix25_f200,0.9,0.3591155107979699,-0.3188958179168238,72,10,10,0.1388888888888889,0.1388888888888889,105.63142725159746,0.05631427251597465,0.0,1.0,0.5631427251597444,,4,0.04,0.03,300.0,0.015,0.0025,0.02,0.02398603575976077,0.05002055060131627,1.0,1.0,validation,5,25247789591_attempt1
btc2_path_eff,alphaforge_interaction,2,d4_sp40_ov30_dep300_adv15_fix25_f200,0.9,0.3591155107979699,-0.3188958179168238,61,8,8,0.13114754098360656,0.13114754098360656,97.16481657363727,-0.028351834263627307,0.030743966708774415,0.75,-0.35439792829534134,0.2971623882706476,4,0.04,0.03,300.0,0.015,0.0025,0.02,-0.030743966708774106,-0.010683783212671272,0.0,1.0,test,5,25274678535_attempt1
size_imbalance_uncertainty,alphaforge_interaction,2,d8_sp40_ov30_dep100_adv15_fix25_f100,0.9,0.5730214902117642,-0.5547384461654494,352,164,89,0.4659090909090909,0.2528409090909091,104.85249216601304,0.04852492166013045,0.16612151393976643,0.449438202247191,0.05452238388778728,1.097618309065265,8,0.04,0.03,100.0,0.015,0.0025,0.01,-0.060584601938945215,-0.00986669165487053,0.4127870887647424,1.0,train,5,24949259015_attempt1+24952032748_attempt1+24986940107_attempt1+25044896828_attempt1+25100490855_attempt1+25157440693_attempt1+25208977834_attempt1
size_imbalance_uncertainty,alphaforge_interaction,2,d8_sp40_ov30_dep100_adv15_fix25_f100,0.9,0.5730214902117642,-0.5547384461654494,43,14,11,0.32558139534883723,0.2558139534883721,101.6152029987009,0.016152029987009042,0.02266342269850042,0.5454545454545454,0.14683663624553447,1.3085448206358559,8,0.04,0.03,100.0,0.015,0.0025,0.01,-0.00973598483800131,-0.0012280827359052449,0.48863636363636365,1.0,validation,5,25247789591_attempt1
size_imbalance_uncertainty,alphaforge_interaction,2,d8_sp40_ov30_dep100_adv15_fix25_f100,0.9,0.5730214902117642,-0.5547384461654494,49,25,14,0.5102040816326531,0.2857142857142857,107.22414870363329,0.07224148703633282,0.04049504600327249,0.5,0.5160106216880929,1.926990713869695,8,0.04,0.03,100.0,0.015,0.0025,0.01,-0.022844624161566296,-0.0025485908201935414,0.3523809523809524,1.0,test,5,25274678535_attempt1
classic_early_drop_down,classic_microstructure,1,d4_sp60_ov30_dep100_adv15_fix25_f100,,,,402,150,101,0.373134328358209,0.2512437810945274,96.98277331705052,-0.03017226682949481,0.07903547405628122,0.7128712871287128,-0.029873531514351754,0.8947407392021949,4,0.06,0.03,100.0,0.015,0.0025,0.01,-0.03754936157958422,-0.0010558006956428168,0.46796959826275786,1.0,train,6,24949259015_attempt1+24952032748_attempt1+24986940107_attempt1+25044896828_attempt1+25100490855_attempt1+25157440693_attempt1+25208977834_attempt1+25247789591_attempt1
classic_early_drop_down,classic_microstructure,1,d4_sp60_ov30_dep100_adv15_fix25_f100,,,,66,15,14,0.22727272727272727,0.21212121212121213,102.4144902344991,0.024144902344990893,0.015969413224422038,0.7857142857142857,0.17246358817850485,1.771832269328058,4,0.06,0.03,100.0,0.015,0.0025,0.01,-0.0030224177578626055,0.01940146278657151,0.8380952380952381,1.0,validation,6,25274678535_attempt1
classic_early_drop_down,classic_microstructure,1,d4_sp60_ov30_dep100_adv15_fix25_f100,,,,66,30,20,0.45454545454545453,0.30303030303030304,97.06676054042549,-0.029332394595745104,0.035784419591349634,0.65,-0.14666197297872613,0.5816811397712629,4,0.06,0.03,100.0,0.015,0.0025,0.01,-0.016946593582742198,-0.009954733407073757,0.056,1.0,test,6,25311264469_attempt1
btc2_path_eff,alphaforge_interaction,2,d4_sp40_ov30_dep100_adv15_fix25_f100,0.95,0.6030917661662675,-0.5680387229547454,200,72,71,0.36,0.355,102.21425403825867,0.022142540382586784,0.03706043098473947,0.9154929577464789,0.03118667659519294,1.366601532214492,4,0.04,0.03,100.0,0.015,0.0025,0.01,-0.020118707444178097,0.004956486215235367,0.7084690553745928,0.992399565689468,train,6,24949259015_attempt1+24952032748_attempt1+24986940107_attempt1+25044896828_attempt1+25100490855_attempt1+25157440693_attempt1+25208977834_attempt1+25247789591_attempt1
btc2_path_eff,alphaforge_interaction,2,d4_sp40_ov30_dep100_adv15_fix25_f100,0.95,0.6030917661662675,-0.5680387229547454,28,9,9,0.32142857142857145,0.32142857142857145,99.93115080907441,-0.0006884919092559061,0.010107238605898062,0.8888888888888888,-0.007649910102845359,0.931881304468828,4,0.04,0.03,100.0,0.015,0.0025,0.01,-0.0066381111400735104,0.0071295868330003564,0.7333333333333333,1.0,validation,6,25274678535_attempt1
btc2_path_eff,alphaforge_interaction,2,d4_sp40_ov30_dep100_adv15_fix25_f100,0.95,0.6030917661662675,-0.5680387229547454,29,10,10,0.3448275862068966,0.3448275862068966,100.01604341880905,0.00016043418809053023,0.010107238605898175,0.9,0.001604341880903988,1.0158538847612268,4,0.04,0.03,100.0,0.015,0.0025,0.01,-0.0057470283754258444,-0.003722257886099256,0.328,1.0,test,6,25311264469_attempt1
size_imbalance_uncertainty,alphaforge_interaction,2,d8_sp40_ov30_dep100_adv5_fix25_f200,0.95,0.6930643890007477,-0.6925145112935651,200,85,60,0.425,0.3,125.4674531223766,0.25467453122376593,0.11601124952217348,0.5,0.42445755203960966,1.345457955484787,8,0.04,0.03,100.0,0.005,0.0025,0.02,-0.0628273287546609,0.011877084191277198,0.5998914223669924,1.0,train,6,24949259015_attempt1+24952032748_attempt1+24986940107_attempt1+25044896828_attempt1+25100490855_attempt1+25157440693_attempt1+25208977834_attempt1+25247789591_attempt1
size_imbalance_uncertainty,alphaforge_interaction,2,d8_sp40_ov30_dep100_adv5_fix25_f200,0.95,0.6930643890007477,-0.6925145112935651,25,13,9,0.52,0.36,108.35558166430972,0.08355581664309719,0.060131113274910795,0.5555555555555556,0.9283979627010831,1.9318238126799017,8,0.04,0.03,100.0,0.005,0.0025,0.02,-0.02549195646932534,-0.0023406604075467685,0.41904761904761906,1.0,validation,6,25274678535_attempt1
size_imbalance_uncertainty,alphaforge_interaction,2,d8_sp40_ov30_dep100_adv5_fix25_f200,0.95,0.6930643890007477,-0.6925145112935651,28,14,10,0.5,0.35714285714285715,104.6821196749073,0.046821196749073035,0.040744905464905494,0.5,0.46821196749073035,1.4320181635168256,8,0.04,0.03,100.0,0.005,0.0025,0.02,-0.015209048513110446,0.032837091498335136,0.992,1.0,test,6,25311264469_attempt1
classic_early_drop_down,classic_microstructure,1,d4_sp40_ov30_dep300_adv15_fix25_f100,,,,468,76,72,0.1623931623931624,0.15384615384615385,104.78711373016623,0.04787113730166226,0.04140459249151303,0.7777777777777778,0.0664876906967527,1.2880051155188807,4,0.04,0.03,300.0,0.015,0.0025,0.01,-0.026015136338593092,0.0033729494712104735,0.6167464114832536,0.9674641148325359,train,7,24949259015_attempt1+24952032748_attempt1+24986940107_attempt1+25044896828_attempt1+25100490855_attempt1+25157440693_attempt1+25208977834_attempt1+25247789591_attempt1+25274678535_attempt1
classic_early_drop_down,classic_microstructure,1,d4_sp40_ov30_dep300_adv15_fix25_f100,,,,66,16,13,0.24242424242424243,0.19696969696969696,101.27791304569338,0.012779130456933796,0.013783214543901856,0.8461538461538461,0.0983010035148751,1.6289643344086189,4,0.04,0.03,300.0,0.015,0.0025,0.01,-0.006390551920021803,0.010095236111296924,0.672,1.0,validation,7,25311264469_attempt1
classic_early_drop_down,classic_microstructure,1,d4_sp40_ov30_dep300_adv15_fix25_f100,,,,61,14,12,0.22950819672131148,0.19672131147540983,103.57572966405665,0.035757296640566594,0.010126182965299697,0.9166666666666666,0.2979774720047219,4.50520815697823,4,0.04,0.03,300.0,0.015,0.0025,0.01,-0.0027938907234358323,0.014165450286003134,0.7281553398058253,1.0,test,7,25367630341_attempt1
btc2_path_eff,alphaforge_interaction,2,d4_sp40_ov30_dep100_adv5_fix25_f100,0.9,0.37504298409997433,-0.35599556790186143,448,116,101,0.25892857142857145,0.22544642857142858,97.52325549301727,-0.02476744506982731,0.04941817941413822,0.8415841584158416,-0.024522222841412953,0.8464670465794703,4,0.04,0.03,100.0,0.005,0.0025,0.01,-0.03866016486754209,0.004724747990384026,0.5588516746411484,1.0,train,7,24949259015_attempt1+24952032748_attempt1+24986940107_attempt1+25044896828_attempt1+25100490855_attempt1+25157440693_attempt1+25208977834_attempt1+25247789591_attempt1+25274678535_attempt1
btc2_path_eff,alphaforge_interaction,2,d4_sp40_ov30_dep100_adv5_fix25_f100,0.9,0.37504298409997433,-0.35599556790186143,59,16,16,0.2711864406779661,0.2711864406779661,101.56256658117631,0.015625665811763056,0.010112044817927173,0.9375,0.09766041132351971,2.5405759652818922,4,0.04,0.03,100.0,0.005,0.0025,0.01,-0.005871262552850975,0.013383154343830972,0.72,1.0,validation,7,25311264469_attempt1
btc2_path_eff,alphaforge_interaction,2,d4_sp40_ov30_dep100_adv5_fix25_f100,0.9,0.37504298409997433,-0.35599556790186143,49,11,11,0.22448979591836735,0.22448979591836735,98.96761272492161,-0.010323872750783947,0.011654881935569869,0.8181818181818182,-0.09385338864348976,0.49115914343970674,4,0.04,0.03,100.0,0.005,0.0025,0.01,-0.005388849463680123,-0.002028913784002051,0.33980582524271846,1.0,test,7,25367630341_attempt1
size_imbalance_uncertainty,alphaforge_interaction,2,d8_sp40_ov30_dep100_adv5_fix25_f100,0.95,0.6925849858874269,-0.6929948760769811,224,98,68,0.4375,0.30357142857142855,116.13357867008963,0.16133578670089643,0.06209091620561637,0.5,0.23725850985425959,1.4215221394317017,8,0.04,0.03,100.0,0.005,0.0025,0.01,-0.03167858857284045,0.0032824365168533376,0.5827751196172248,1.0,train,7,24949259015_attempt1+24952032748_attempt1+24986940107_attempt1+25044896828_attempt1+25100490855_attempt1+25157440693_attempt1+25208977834_attempt1+25247789591_attempt1+25274678535_attempt1
size_imbalance_uncertainty,alphaforge_interaction,2,d8_sp40_ov30_dep100_adv5_fix25_f100,0.95,0.6925849858874269,-0.6929948760769811,28,14,10,0.5,0.35714285714285715,102.40205510197423,0.02402055101974221,0.0204783786583787,0.5,0.24020551019742556,1.455347254103766,8,0.04,0.03,100.0,0.005,0.0025,0.01,-0.007336449567571068,0.016748017918976732,0.992,1.0,validation,7,25311264469_attempt1
size_imbalance_uncertainty,alphaforge_interaction,2,d8_sp40_ov30_dep100_adv5_fix25_f100,0.95,0.6925849858874269,-0.6929948760769811,28,13,13,0.4642857142857143,0.4642857142857143,106.25032962470101,0.06250329624701001,0.02047999465383591,0.6923076923076923,0.4807945865154641,2.443263483507941,8,0.04,0.03,100.0,0.005,0.0025,0.01,0.0009998538420523673,0.026944341011745587,1.0,1.0,test,7,25367630341_attempt1
classic_early_drop_down,classic_microstructure,1,d4_sp60_ov30_dep300_adv15_fix75_f200,,,,534,93,84,0.17415730337078653,0.15730337078651685,107.12535776110614,0.07125357761106144,0.0825464726708811,0.7738095238095238,0.0848256876322161,1.176140598785368,4,0.06,0.03,300.0,0.015,0.0075,0.02,-0.051855728165393744,0.0028242074927953276,0.5521628498727735,0.9711620016963528,train,8,24949259015_attempt1+24952032748_attempt1+24986940107_attempt1+25044896828_attempt1+25100490855_attempt1+25157440693_attempt1+25208977834_attempt1+25247789591_attempt1+25274678535_attempt1+25311264469_attempt1
classic_early_drop_down,classic_microstructure,1,d4_sp60_ov30_dep300_adv15_fix75_f200,,,,61,15,12,0.2459016393442623,0.19672131147540983,107.39280169576338,0.07392801695763374,0.020250783699059523,0.9166666666666666,0.6160668079802814,4.567290628566641,4,0.06,0.03,300.0,0.015,0.0075,0.02,0.002636830424976866,0.03611285111816098,1.0,1.0,validation,8,25367630341_attempt1
classic_early_drop_down,classic_microstructure,1,d4_sp60_ov30_dep300_adv15_fix75_f200,,,,68,27,18,0.39705882352941174,0.2647058823529412,96.44802308101757,-0.03551976918982436,0.06285197272816015,0.6666666666666666,-0.19733205105457716,0.7042815944068632,4,0.06,0.03,300.0,0.015,0.0075,0.02,-0.04670694857970137,-0.023102249181712886,0.0,1.0,test,8,25427145257_attempt1
btc2_path_eff,alphaforge_interaction,2,d4_sp40_ov30_dep100_adv15_fix25_f100,0.85,0.25724746001890986,-0.24312598083525216,752,294,156,0.39095744680851063,0.2074468085106383,92.50445364089872,-0.0749554635910128,0.09373832836801617,0.8012820512820513,-0.04804837409680271,0.7509676160156552,4,0.04,0.03,100.0,0.015,0.0025,0.01,-0.04567433210286653,-0.005261956190602768,0.4385072094995759,1.0,train,8,24949259015_attempt1+24952032748_attempt1+24986940107_attempt1+25044896828_attempt1+25100490855_attempt1+25157440693_attempt1+25208977834_attempt1+25247789591_attempt1+25274678535_attempt1+25311264469_attempt1
btc2_path_eff,alphaforge_interaction,2,d4_sp40_ov30_dep100_adv15_fix25_f100,0.85,0.25724746001890986,-0.24312598083525216,76,30,18,0.39473684210526316,0.23684210526315788,102.23791383161509,0.022379138316150904,0.010144404332129988,0.9444444444444444,0.12432854620083757,3.184323768927068,4,0.04,0.03,100.0,0.015,0.0025,0.01,0.0013543997132188235,0.010929649010364528,1.0,1.0,validation,8,25367630341_attempt1
btc2_path_eff,alphaforge_interaction,2,d4_sp40_ov30_dep100_adv15_fix25_f100,0.85,0.25724746001890986,-0.24312598083525216,98,53,20,0.5408163265306123,0.20408163265306123,101.3509854345194,0.013509854345193917,0.010146520146520096,0.9,0.06754927172596993,1.66141582787051,4,0.04,0.03,100.0,0.015,0.0025,0.01,-0.0037053994741697016,0.011293381608210362,0.7166666666666667,1.0,test,8,25427145257_attempt1
size_imbalance_uncertainty,alphaforge_interaction,2,d4_sp40_ov30_dep100_adv5_fix25_f200,0.95,0.6915105233273626,-0.6945351854335355,250,125,80,0.5,0.32,98.4600813628205,-0.015399186371794937,0.1848977123182843,0.4625,-0.01924898296474391,0.9821665884629291,4,0.04,0.03,100.0,0.005,0.0025,0.02,-0.07969643673065241,-0.006609572102089789,0.39100932994062765,0.9923664122137404,train,8,24949259015_attempt1+24952032748_attempt1+24986940107_attempt1+25044896828_attempt1+25100490855_attempt1+25157440693_attempt1+25208977834_attempt1+25247789591_attempt1+25274678535_attempt1+25311264469_attempt1
size_imbalance_uncertainty,alphaforge_interaction,2,d4_sp40_ov30_dep100_adv5_fix25_f200,0.95,0.6915105233273626,-0.6945351854335355,28,12,12,0.42857142857142855,0.42857142857142855,119.51765488843569,0.19517654888435687,0.020522875816993434,0.8333333333333334,1.6264712407029738,5.364342805595152,4,0.04,0.03,100.0,0.005,0.0025,0.02,0.054394526177295566,0.08680082055740734,1.0,1.0,validation,8,25367630341_attempt1
size_imbalance_uncertainty,alphaforge_interaction,2,d4_sp40_ov30_dep100_adv5_fix25_f200,0.95,0.6915105233273626,-0.6945351854335355,25,15,15,0.6,0.6,112.40919332626716,0.12409193326267154,0.026393710576118327,0.6666666666666666,0.8272795550844764,2.1810565534933217,4,0.04,0.03,100.0,0.005,0.0025,0.02,-0.02639371057611828,0.030059430756355976,0.8,1.0,test,8,25427145257_attempt1
classic_early_drop_down,classic_microstructure,1,d8_sp40_ov30_dep100_adv15_fix25_f100,,,,595,195,145,0.3277310924369748,0.24369747899159663,99.45036923519727,-0.005496307648027332,0.07235014214736171,0.696551724137931,-0.003790556998639481,0.9875168305864924,8,0.04,0.03,100.0,0.015,0.0025,0.01,-0.038469298877037095,-0.0015303944360220978,0.4500768049155146,1.0,train,9,24949259015_attempt1+24952032748_attempt1+24986940107_attempt1+25044896828_attempt1+25100490855_attempt1+25157440693_attempt1+25208977834_attempt1+25247789591_attempt1+25274678535_attempt1+25311264469_attempt1+25367630341_attempt1
classic_early_drop_down,classic_microstructure,1,d8_sp40_ov30_dep100_adv15_fix25_f100,,,,68,39,20,0.5735294117647058,0.29411764705882354,101.00906821938266,0.010090682193826472,0.0264182652683563,0.75,0.05045341096913316,1.1980289678799472,8,0.04,0.03,100.0,0.015,0.0025,0.01,-0.008226830425402065,0.015609973324992144,0.8833333333333333,1.0,validation,9,25427145257_attempt1
classic_early_drop_down,classic_microstructure,1,d8_sp40_ov30_dep100_adv15_fix25_f100,,,,56,31,14,0.5535714285714286,0.25,102.4555330541838,0.024555330541838005,0.018884571597387913,0.7857142857142857,0.1753952181559852,1.7808112587707694,8,0.04,0.03,100.0,0.015,0.0025,0.01,-0.01888457159738799,0.005139973648403684,0.5495495495495496,1.0,test,9,25487949887_attempt1
btc2_path_eff,alphaforge_interaction,2,d4_sp40_ov30_dep100_adv5_fix25_f200,0.85,0.2572765408129534,-0.24499300824299033,824,238,158,0.28883495145631066,0.19174757281553398,86.98998019902363,-0.1301001980097637,0.20052770543110646,0.7974683544303798,-0.0823418974745341,0.7788762338002652,4,0.04,0.03,100.0,0.005,0.0025,0.02,-0.0906876900185648,-0.00577804552498673,0.4731182795698925,1.0,train,9,24949259015_attempt1+24952032748_attempt1+24986940107_attempt1+25044896828_attempt1+25100490855_attempt1+25157440693_attempt1+25208977834_attempt1+25247789591_attempt1+25274678535_attempt1+25311264469_attempt1+25367630341_attempt1
btc2_path_eff,alphaforge_interaction,2,d4_sp40_ov30_dep100_adv5_fix25_f200,0.85,0.2572765408129534,-0.24499300824299033,98,42,20,0.42857142857142855,0.20408163265306123,105.79137354229974,0.05791373542299727,0.02029304029304026,0.95,0.28956867711498896,3.739098555651569,4,0.04,0.03,100.0,0.005,0.0025,0.02,-0.006970334365729025,0.02529610815202976,0.9,1.0,validation,9,25427145257_attempt1
btc2_path_eff,alphaforge_interaction,2,d4_sp40_ov30_dep100_adv5_fix25_f200,0.85,0.2572765408129534,-0.24499300824299033,53,20,15,0.37735849056603776,0.2830188679245283,128.39819842532856,0.2839819842532856,0.055901743032010384,0.6666666666666666,1.893213228355239,3.1482384975367887,4,0.04,0.03,100.0,0.005,0.0025,0.02,0.13460079541485426,0.30489166403861545,1.0,1.0,test,9,25487949887_attempt1
size_imbalance_uncertainty,alphaforge_interaction,2,d8_sp40_ov30_dep300_adv15_fix75_f200,0.95,0.6940305646111414,-0.6931948238175678,276,58,48,0.21014492753623187,0.17391304347826086,107.81800987189467,0.07818009871894671,0.11674838839242953,0.5208333333333334,0.16287520566447267,1.1636429776827697,8,0.04,0.03,300.0,0.015,0.0075,0.02,-0.07941410496405721,0.002219597473366086,0.5092165898617511,0.9278033794162827,train,9,24949259015_attempt1+24952032748_attempt1+24986940107_attempt1+25044896828_attempt1+25100490855_attempt1+25157440693_attempt1+25208977834_attempt1+25247789591_attempt1+25274678535_attempt1+25311264469_attempt1+25367630341_attempt1
size_imbalance_uncertainty,alphaforge_interaction,2,d8_sp40_ov30_dep300_adv15_fix75_f200,0.95,0.6940305646111414,-0.6931948238175678,25,9,9,0.36,0.36,119.52319294534455,0.19523192945344547,0.020437158469945364,0.8888888888888888,2.1692436605938377,8.96089470849362,8,0.04,0.03,300.0,0.015,0.0075,0.02,0.04858373125391391,0.09316910461453887,1.0,1.0,validation,9,25427145257_attempt1
size_imbalance_uncertainty,alphaforge_interaction,2,d8_sp40_ov30_dep300_adv15_fix75_f200,0.95,0.6940305646111414,-0.6931948238175678,22,7,7,0.3181818181818182,0.3181818181818182,105.5609671020717,0.05560967102071701,0.020747663551401823,0.7142857142857143,0.7944238717245273,2.2525637784890504,8,0.04,0.03,300.0,0.015,0.0075,0.02,-0.003255825244321109,0.041146710083965976,0.8378378378378378,1.0,test,9,25487949887_attempt1
classic_early_drop_down,classic_microstructure,1,d4_sp40_ov30_dep300_adv5_fix75_f200,,,,663,106,94,0.15987933634992457,0.14177978883861236,112.80423617846022,0.12804236178460204,0.06918805189371327,0.776595744680851,0.13621527849425719,1.2855363800699693,4,0.04,0.03,300.0,0.005,0.0075,0.02,-0.041251766473618945,0.002061281337047305,0.5678409487268922,0.9305894663411232,train,10,24949259015_attempt1+24952032748_attempt1+24986940107_attempt1+25044896828_attempt1+25100490855_attempt1+25157440693_attempt1+25208977834_attempt1+25247789591_attempt1+25274678535_attempt1+25311264469_attempt1+25367630341_attempt1+25427145257_attempt1
classic_early_drop_down,classic_microstructure,1,d4_sp40_ov30_dep300_adv5_fix75_f200,,,,56,15,11,0.26785714285714285,0.19642857142857142,108.76016368798892,0.08760163687988931,0.02040201005025119,0.9090909090909091,0.7963785170899016,5.084337021714398,4,0.04,0.03,300.0,0.005,0.0075,0.02,0.02205615099727809,0.03455160651768541,1.0,1.0,validation,10,25487949887_attempt1
classic_early_drop_down,classic_microstructure,1,d4_sp40_ov30_dep300_adv5_fix75_f200,,,,31,1,1,0.03225806451612903,0.03225806451612903,100.33628318584071,0.0033628318584071337,0.0,1.0,0.3362831858407082,,4,0.04,0.03,300.0,0.005,0.0075,0.02,0.0,0.0,0.24427480916030533,0.24427480916030533,test,10,25545252940_attempt1
btc2_path_eff,alphaforge_interaction,2,d4_sp40_ov30_dep100_adv15_fix25_f200,0.95,0.603917737516867,-0.603350251268959,302,108,105,0.3576158940397351,0.347682119205298,113.4952371592095,0.13495237159209506,0.05399693048330152,0.9428571428571428,0.12852606818294857,2.0725447650701487,4,0.04,0.03,100.0,0.015,0.0025,0.02,-0.037942981510597495,0.008058685656377795,0.7778165329612836,0.9968608301360307,train,10,24949259015_attempt1+24952032748_attempt1+24986940107_attempt1+25044896828_attempt1+25100490855_attempt1+25157440693_attempt1+25208977834_attempt1+25247789591_attempt1+25274678535_attempt1+25311264469_attempt1+25367630341_attempt1+25427145257_attempt1
btc2_path_eff,alphaforge_interaction,2,d4_sp40_ov30_dep100_adv15_fix25_f200,0.95,0.603917737516867,-0.603350251268959,24,12,11,0.5,0.4583333333333333,130.0079430642112,0.30007943064211196,0.02094117647058822,0.8181818181818182,2.7279948240192,6.666056162114544,4,0.04,0.03,100.0,0.015,0.0025,0.02,0.24259490021175534,0.2573790155034992,1.0,1.0,validation,10,25487949887_attempt1
btc2_path_eff,alphaforge_interaction,2,d4_sp40_ov30_dep100_adv15_fix25_f200,0.95,0.603917737516867,-0.603350251268959,24,9,9,0.375,0.375,99.32725176099862,-0.00672748239001375,0.02027681660899659,0.8888888888888888,-0.07474980433348354,0.6716715616354867,4,0.04,0.03,100.0,0.015,0.0025,0.02,-0.014305313723255941,-0.011853527104399686,0.03816793893129771,1.0,test,10,25545252940_attempt1
size_imbalance_uncertainty,alphaforge_interaction,2,d8_sp40_ov30_dep100_adv5_fix25_f200,0.95,0.693010286010281,-0.6935337593367972,302,139,96,0.4602649006622517,0.31788079470198677,164.88220354416643,0.6488220354416643,0.12233271755399157,0.53125,0.675856286918401,1.539428136946862,8,0.04,0.03,100.0,0.005,0.0025,0.02,-0.0628273287546609,0.013623567567567552,0.649110568538542,1.0,train,10,24949259015_attempt1+24952032748_attempt1+24986940107_attempt1+25044896828_attempt1+25100490855_attempt1+25157440693_attempt1+25208977834_attempt1+25247789591_attempt1+25274678535_attempt1+25311264469_attempt1+25367630341_attempt1+25427145257_attempt1
size_imbalance_uncertainty,alphaforge_interaction,2,d8_sp40_ov30_dep100_adv5_fix25_f200,0.95,0.693010286010281,-0.6935337593367972,22,8,8,0.36363636363636365,0.36363636363636365,108.18003987141171,0.08180039871411715,0.02076190476190477,0.75,1.0225049839264622,2.7973937840497296,8,0.04,0.03,100.0,0.005,0.0025,0.02,-0.0024951088838868207,0.042440768565704,0.8378378378378378,1.0,validation,10,25487949887_attempt1
size_imbalance_uncertainty,alphaforge_interaction,2,d8_sp40_ov30_dep100_adv5_fix25_f200,0.95,0.693010286010281,-0.6935337593367972,36,16,9,0.4444444444444444,0.25,89.77610271457813,-0.10223897285421868,0.1186619549617605,0.2222222222222222,-1.1359885872690971,0.26293012868979837,8,0.04,0.03,100.0,0.005,0.0025,0.02,-0.08140190093216648,-0.04278439119731925,0.0,1.0,test,10,25545252940_attempt1
classic_early_drop_down,classic_microstructure,1,d8_sp40_ov30_dep100_adv5_fix25_f100,,,,719,222,158,0.3087621696801113,0.21974965229485396,98.846055828897,-0.011539441711030052,0.11384231812432281,0.6772151898734177,-0.007303444120905107,0.9771449391214381,8,0.04,0.03,100.0,0.005,0.0025,0.01,-0.038092474788547936,-0.0013594019850988737,0.4863825696892022,1.0,train,11,24949259015_attempt1+24952032748_attempt1+24986940107_attempt1+25044896828_attempt1+25100490855_attempt1+25157440693_attempt1+25208977834_attempt1+25247789591_attempt1+25274678535_attempt1+25311264469_attempt1+25367630341_attempt1+25427145257_attempt1+25487949887_attempt1
classic_early_drop_down,classic_microstructure,1,d8_sp40_ov30_dep100_adv5_fix25_f100,,,,31,4,4,0.12903225806451613,0.12903225806451613,99.9276459087281,-0.0007235409127190895,0.010144404332129903,0.75,-0.018088522817977182,0.9293482817092533,8,0.04,0.03,100.0,0.005,0.0025,0.01,-0.0027544058006022665,0.006341251796824432,0.7251908396946565,1.0,validation,11,25545252940_attempt1
classic_early_drop_down,classic_microstructure,1,d8_sp40_ov30_dep100_adv5_fix25_f100,,,,55,15,12,0.2727272727272727,0.21818181818181817,95.47788546702327,-0.04522114532976729,0.045221145329767294,0.4166666666666667,-0.3768428777480614,0.3511068082773993,8,0.04,0.03,100.0,0.005,0.0025,0.01,-0.04216890242686089,-0.0212952750165043,0.0,1.0,test,11,25596809734_attempt1
btc2_path_eff,alphaforge_interaction,2,d8_sp40_ov30_dep300_adv15_fix25_f100,0.9,0.36971208387571397,-0.367065259527193,654,92,89,0.14067278287461774,0.13608562691131498,100.5628946183939,0.005628946183938943,0.05558163974745824,0.8426966292134831,0.00632465863363906,1.0406476267455562,8,0.04,0.03,300.0,0.015,0.0025,0.01,-0.02021499287054407,0.0016123106778791474,0.581223966677347,0.9599487343800064,train,11,24949259015_attempt1+24952032748_attempt1+24986940107_attempt1+25044896828_attempt1+25100490855_attempt1+25157440693_attempt1+25208977834_attempt1+25247789591_attempt1+25274678535_attempt1+25311264469_attempt1+25367630341_attempt1+25427145257_attempt1+25487949887_attempt1
btc2_path_eff,alphaforge_interaction,2,d8_sp40_ov30_dep300_adv15_fix25_f100,0.9,0.36971208387571397,-0.367065259527193,63,16,16,0.25396825396825395,0.25396825396825395,102.46146485102571,0.024614648510257187,0.010136518771331036,0.9375,0.15384155318910617,3.4265382934365776,8,0.04,0.03,300.0,0.015,0.0025,0.01,0.0005106685002709277,0.021298283185445133,1.0,1.0,validation,11,25545252940_attempt1
btc2_path_eff,alphaforge_interaction,2,d8_sp40_ov30_dep300_adv15_fix25_f100,0.9,0.36971208387571397,-0.367065259527193,64,9,9,0.140625,0.140625,101.09747597926793,0.010974759792679256,0.0,1.0,0.12194177547421413,,8,0.04,0.03,300.0,0.015,0.0025,0.01,0.005528569613575618,0.006882719836264428,1.0,1.0,test,11,25596809734_attempt1
size_imbalance_uncertainty,alphaforge_interaction,2,d8_sp40_ov30_dep100_adv15_fix25_f100,0.9,0.5768036247197573,-0.5506659231072037,654,308,169,0.4709480122324159,0.25840978593272174,120.4474839144479,0.20447483914447906,0.13954263580243534,0.47337278106508873,0.1209910290795737,1.2023687814663067,8,0.04,0.03,100.0,0.015,0.0025,0.01,-0.060584601938945215,0.003168392261971187,0.5533482858058315,1.0,train,11,24949259015_attempt1+24952032748_attempt1+24986940107_attempt1+25044896828_attempt1+25100490855_attempt1+25157440693_attempt1+25208977834_attempt1+25247789591_attempt1+25274678535_attempt1+25311264469_attempt1+25367630341_attempt1+25427145257_attempt1+25487949887_attempt1
size_imbalance_uncertainty,alphaforge_interaction,2,d8_sp40_ov30_dep100_adv15_fix25_f100,0.9,0.5768036247197573,-0.5506659231072037,58,31,18,0.5344827586206896,0.3103448275862069,103.93465702108358,0.03934657021083576,0.024380231945837494,0.5,0.21859205672686483,1.422081138322949,8,0.04,0.03,100.0,0.015,0.0025,0.01,-0.01811508091217018,0.06531930188722401,0.9389312977099237,1.0,validation,11,25545252940_attempt1
size_imbalance_uncertainty,alphaforge_interaction,2,d8_sp40_ov30_dep100_adv15_fix25_f100,0.9,0.5768036247197573,-0.5506659231072037,53,19,16,0.3584905660377358,0.3018867924528302,104.37064999517868,0.04370649995178688,0.02101174335953989,0.5625,0.2731656246986672,1.5928298899278432,8,0.04,0.03,100.0,0.015,0.0025,0.01,0.019825370959571265,0.03970101843084706,1.0,1.0,test,11,25596809734_attempt1
classic_early_drop_down,classic_microstructure,1,d4_sp40_ov30_dep100_adv15_fix25_f100,,,,750,293,189,0.39066666666666666,0.252,100.34047928442689,0.003404792844268867,0.07903547405628122,0.7248677248677249,0.0018014776953799723,1.0064987035337363,4,0.04,0.03,100.0,0.015,0.0025,0.01,-0.04318048430465937,0.0028269565217391435,0.5558173784977909,1.0,train,12,24949259015_attempt1+24952032748_attempt1+24986940107_attempt1+25044896828_attempt1+25100490855_attempt1+25157440693_attempt1+25208977834_attempt1+25247789591_attempt1+25274678535_attempt1+25311264469_attempt1+25367630341_attempt1+25427145257_attempt1+25487949887_attempt1+25545252940_attempt1
classic_early_drop_down,classic_microstructure,1,d4_sp40_ov30_dep100_adv15_fix25_f100,,,,55,21,13,0.38181818181818183,0.23636363636363636,100.85832561208805,0.008583256120880511,0.020244197229466028,0.7692307692307693,0.06602504708369644,1.2810830588153121,4,0.04,0.03,100.0,0.015,0.0025,0.01,-0.0032755772422172758,0.007963320925873152,0.9186991869918699,1.0,validation,12,25596809734_attempt1
classic_early_drop_down,classic_microstructure,1,d4_sp40_ov30_dep100_adv15_fix25_f100,,,,54,29,13,0.5370370370370371,0.24074074074074073,100.2018927843252,0.002018927843251861,0.030873965724525762,0.6923076923076923,0.01553021417886426,1.0502381331227681,4,0.04,0.03,100.0,0.015,0.0025,0.01,-0.011295230787980448,0.013429562108595583,0.8571428571428571,1.0,test,12,25624592440_attempt1
btc2_path_eff,alphaforge_interaction,2,d8_sp60_ov30_dep100_adv5_fix25_f100,0.85,0.2562475138808744,-0.2486795303646455,1062,286,202,0.2693032015065913,0.1902071563088512,112.72577854283148,0.12725778542831478,0.04027753164550511,0.8366336633663366,0.06299890367738362,1.3639658707566995,8,0.06,0.03,100.0,0.005,0.0025,0.01,-0.03170521472473231,0.0036701063229833686,0.6002945508100147,1.0,train,12,24949259015_attempt1+24952032748_attempt1+24986940107_attempt1+25044896828_attempt1+25100490855_attempt1+25157440693_attempt1+25208977834_attempt1+25247789591_attempt1+25274678535_attempt1+25311264469_attempt1+25367630341_attempt1+25427145257_attempt1+25487949887_attempt1+25545252940_attempt1
btc2_path_eff,alphaforge_interaction,2,d8_sp60_ov30_dep100_adv5_fix25_f100,0.85,0.2562475138808744,-0.2486795303646455,89,27,18,0.30337078651685395,0.20224719101123595,102.48307416562706,0.024830741656270527,0.010268456375838893,0.8888888888888888,0.1379485647570606,2.18494980562845,8,0.06,0.03,100.0,0.005,0.0025,0.01,0.0036352637388603615,0.01664089709309846,1.0,1.0,validation,12,25596809734_attempt1
btc2_path_eff,alphaforge_interaction,2,d8_sp60_ov30_dep100_adv5_fix25_f100,0.85,0.2562475138808744,-0.2486795303646455,78,22,13,0.28205128205128205,0.16666666666666666,97.56442675435667,-0.0243557324564333,0.03070967327590957,0.6923076923076923,-0.18735178812640788,0.39293533325231644,8,0.06,0.03,100.0,0.005,0.0025,0.01,-0.030709673275909122,-0.018681409128905924,0.0,1.0,test,12,25624592440_attempt1
size_imbalance_uncertainty,alphaforge_interaction,2,d8_sp40_ov30_dep300_adv15_fix25_f100,0.9,0.574748133797195,-0.5541067400871221,708,152,116,0.21468926553672316,0.1638418079096045,101.05469087963675,0.010546908796367438,0.10402706333897498,0.45689655172413796,0.009092162755489058,1.0166251853912895,8,0.04,0.03,300.0,0.015,0.0025,0.01,-0.06008709136325496,-0.003761139495308763,0.38998527245949927,1.0,train,12,24949259015_attempt1+24952032748_attempt1+24986940107_attempt1+25044896828_attempt1+25100490855_attempt1+25157440693_attempt1+25208977834_attempt1+25247789591_attempt1+25274678535_attempt1+25311264469_attempt1+25367630341_attempt1+25427145257_attempt1+25487949887_attempt1+25545252940_attempt1
size_imbalance_uncertainty,alphaforge_interaction,2,d8_sp40_ov30_dep300_adv15_fix25_f100,0.9,0.574748133797195,-0.5541067400871221,53,8,8,0.1509433962264151,0.1509433962264151,108.19710236033698,0.08197102360336994,0.010268456375838866,0.75,1.0246377950421237,4.806964552423125,8,0.04,0.03,300.0,0.015,0.0025,0.01,0.015290766595135619,0.07070830096065883,1.0,1.0,validation,12,25596809734_attempt1
size_imbalance_uncertainty,alphaforge_interaction,2,d8_sp40_ov30_dep300_adv15_fix25_f100,0.9,0.574748133797195,-0.5541067400871221,38,16,12,0.42105263157894735,0.3157894736842105,103.50073605502023,0.03500736055020237,0.03031164959542167,0.5833333333333334,0.2917280045850173,1.6768209555137852,8,0.04,0.03,300.0,0.015,0.0025,0.01,0.02774785878395858,0.056418932975332625,1.0,1.0,test,12,25624592440_attempt1
classic_early_drop_down,classic_microstructure,1,d8_sp40_ov30_dep300_adv15_fix25_f100,,,,805,161,128,0.2,0.15900621118012423,93.43266402528234,-0.0656733597471767,0.11172571333891129,0.640625,-0.05130731230248192,0.851776687091237,8,0.04,0.03,300.0,0.015,0.0025,0.01,-0.05290121528643066,-0.0006762698743552065,0.41245561322043156,0.9415460256760448,train,13,24949259015_attempt1+24952032748_attempt1+24986940107_attempt1+25044896828_attempt1+25100490855_attempt1+25157440693_attempt1+25208977834_attempt1+25247789591_attempt1+25274678535_attempt1+25311264469_attempt1+25367630341_attempt1+25427145257_attempt1+25487949887_attempt1+25545252940_attempt1+25596809734_attempt1
classic_early_drop_down,classic_microstructure,1,d8_sp40_ov30_dep300_adv15_fix25_f100,,,,54,13,12,0.24074074074074073,0.2222222222222222,101.02882466484027,0.010288246648402666,0.013897344326532597,0.75,0.08573538873668753,1.335295045469019,8,0.04,0.03,300.0,0.015,0.0025,0.01,-0.004525200309822175,0.00947834017133009,0.967032967032967,1.0,validation,13,25624592440_attempt1
classic_early_drop_down,classic_microstructure,1,d8_sp40_ov30_dep300_adv15_fix25_f100,,,,55,8,8,0.14545454545454545,0.14545454545454545,100.04221386202504,0.0004221386202503119,0.020293178711054585,0.75,0.0052767327531290376,1.0205408212500686,8,0.04,0.03,300.0,0.015,0.0025,0.01,-0.01213843001311321,-0.0011888471102167175,0.2761904761904762,1.0,test,13,25665168591_attempt1
btc2_path_eff,alphaforge_interaction,2,d8_sp40_ov30_dep100_adv15_fix75_f100,0.9,0.3829120535805226,-0.3700590397215721,762,258,200,0.33858267716535434,0.26246719160104987,111.77711650116429,0.11777116501164286,0.038095636183225284,0.88,0.05888558250582184,1.459767381529993,8,0.04,0.03,100.0,0.015,0.0075,0.01,-0.03809563618322542,0.004588229353302831,0.6173176727670036,1.0,train,13,24949259015_attempt1+24952032748_attempt1+24986940107_attempt1+25044896828_attempt1+25100490855_attempt1+25157440693_attempt1+25208977834_attempt1+25247789591_attempt1+25274678535_attempt1+25311264469_attempt1+25367630341_attempt1+25427145257_attempt1+25487949887_attempt1+25545252940_attempt1+25596809734_attempt1
btc2_path_eff,alphaforge_interaction,2,d8_sp40_ov30_dep100_adv15_fix75_f100,0.9,0.3829120535805226,-0.3700590397215721,54,15,12,0.2777777777777778,0.2222222222222222,99.91321289710939,-0.0008678710289060643,0.01010781671159035,0.9166666666666666,-0.007232258574219434,0.9145003030937201,8,0.04,0.03,100.0,0.015,0.0075,0.01,-0.005076550461776463,-0.002992214400001969,0.0,1.0,validation,13,25624592440_attempt1
btc2_path_eff,alphaforge_interaction,2,d8_sp40_ov30_dep100_adv15_fix75_f100,0.9,0.3829120535805226,-0.3700590397215721,38,8,8,0.21052631578947367,0.21052631578947367,99.76335872730112,-0.002366412726988787,0.01011661807580175,0.875,-0.029580159087359933,0.7675856893914922,8,0.04,0.03,100.0,0.015,0.0075,0.01,-0.005216550955311927,-0.003154111113302549,0.23809523809523808,1.0,test,13,25665168591_attempt1
size_imbalance_uncertainty,alphaforge_interaction,2,d8_sp40_ov30_dep300_adv5_fix25_f100,0.9,0.5749500713266763,-0.5537568768980238,762,149,119,0.19553805774278216,0.15616797900262466,111.08151181354164,0.11081511813541645,0.11110204634028849,0.48739495798319327,0.09312194801295531,1.1807856599366935,8,0.04,0.03,300.0,0.005,0.0025,0.01,-0.06007455458281519,-0.001102324489699269,0.4444140945096968,1.0,train,13,24949259015_attempt1+24952032748_attempt1+24986940107_attempt1+25044896828_attempt1+25100490855_attempt1+25157440693_attempt1+25208977834_attempt1+25247789591_attempt1+25274678535_attempt1+25311264469_attempt1+25367630341_attempt1+25427145257_attempt1+25487949887_attempt1+25545252940_attempt1+25596809734_attempt1
size_imbalance_uncertainty,alphaforge_interaction,2,d8_sp40_ov30_dep300_adv5_fix25_f100,0.9,0.5749500713266763,-0.5537568768980238,38,15,11,0.39473684210526316,0.2894736842105263,104.57062043753137,0.04570620437531381,0.02028800665775833,0.6363636363636364,0.41551094886648793,2.090296094177357,8,0.04,0.03,300.0,0.005,0.0025,0.01,0.02774785878395858,0.06733910766064666,1.0,1.0,validation,13,25624592440_attempt1
size_imbalance_uncertainty,alphaforge_interaction,2,d8_sp40_ov30_dep300_adv5_fix25_f100,0.9,0.5749500713266763,-0.5537568768980238,50,12,10,0.24,0.2,99.62466917453416,-0.0037533082546583607,0.028029268861741303,0.5,-0.037533082546585717,0.9276524613610756,8,0.04,0.03,300.0,0.005,0.0025,0.01,0.0013411512688283889,0.01448366211562191,1.0,1.0,test,13,25665168591_attempt1
classic_early_drop_down,classic_microstructure,1,d4_sp40_ov30_dep100_adv15_fix25_f200,,,,859,343,214,0.39930151338766007,0.24912689173457508,104.34973956776092,0.04349739567760924,0.15441386531097667,0.7289719626168224,0.020325885830658388,1.0375514139492672,4,0.04,0.03,100.0,0.015,0.0025,0.02,-0.08499720241865583,0.004876511245187398,0.5427471116816431,1.0,train,14,24949259015_attempt1+24952032748_attempt1+24986940107_attempt1+25044896828_attempt1+25100490855_attempt1+25157440693_attempt1+25208977834_attempt1+25247789591_attempt1+25274678535_attempt1+25311264469_attempt1+25367630341_attempt1+25427145257_attempt1+25487949887_attempt1+25545252940_attempt1+25596809734_attempt1+25624592440_attempt1
classic_early_drop_down,classic_microstructure,1,d4_sp40_ov30_dep100_adv15_fix25_f200,,,,55,16,13,0.2909090909090909,0.23636363636363636,109.664882819354,0.09664882819354004,0.0,1.0,0.743452524565693,,4,0.04,0.03,100.0,0.015,0.0025,0.02,0.028647796408587833,0.056398159610568266,1.0,1.0,validation,14,25665168591_attempt1
classic_early_drop_down,classic_microstructure,1,d4_sp40_ov30_dep100_adv15_fix25_f200,,,,53,21,17,0.39622641509433965,0.32075471698113206,108.54081320274001,0.08540813202740005,0.020262295081967144,0.9411764705882353,0.5024007766317652,4.9880977120050956,4,0.04,0.03,100.0,0.015,0.0025,0.02,0.013739199986977146,0.037265423015363064,1.0,1.0,test,14,25791429807_attempt1
btc2_path_eff,alphaforge_interaction,2,d8_sp40_ov30_dep100_adv5_fix25_f200,0.9,0.3860092241567168,-0.3721197458768959,808,209,181,0.25866336633663367,0.22400990099009901,122.19297999556835,0.22192979995568352,0.06881302992113088,0.861878453038674,0.12261314914678663,1.3928573577056838,8,0.04,0.03,100.0,0.005,0.0025,0.02,-0.04606072298076547,0.003689291306606446,0.5725288831835686,1.0,train,14,24949259015_attempt1+24952032748_attempt1+24986940107_attempt1+25044896828_attempt1+25100490855_attempt1+25157440693_attempt1+25208977834_attempt1+25247789591_attempt1+25274678535_attempt1+25311264469_attempt1+25367630341_attempt1+25427145257_attempt1+25487949887_attempt1+25545252940_attempt1+25596809734_attempt1+25624592440_attempt1
btc2_path_eff,alphaforge_interaction,2,d8_sp40_ov30_dep100_adv5_fix25_f200,0.9,0.3860092241567168,-0.3721197458768959,38,5,5,0.13157894736842105,0.13157894736842105,101.40794887711684,0.01407948877116838,0.0,1.0,0.28158977542336866,,8,0.04,0.03,100.0,0.005,0.0025,0.02,0.0058664636909235846,0.011868683244751432,1.0,1.0,validation,14,25665168591_attempt1
btc2_path_eff,alphaforge_interaction,2,d8_sp40_ov30_dep100_adv5_fix25_f200,0.9,0.3860092241567168,-0.3721197458768959,56,10,10,0.17857142857142858,0.17857142857142858,102.54052157792356,0.02540521577923549,0.0,1.0,0.2540521577923549,,8,0.04,0.03,100.0,0.005,0.0025,0.02,0.009278968600279436,0.020238515567073012,1.0,1.0,test,14,25791429807_attempt1
size_imbalance_uncertainty,alphaforge_interaction,2,d8_sp40_ov30_dep100_adv5_fix25_f100,0.9,0.5741445098426518,-0.5502848512481479,808,359,210,0.4443069306930693,0.2599009900990099,140.30055678625533,0.40300556786255326,0.1508339435814246,0.4857142857142857,0.19190741326788271,1.3241640477596024,8,0.04,0.03,100.0,0.005,0.0025,0.01,-0.060584601938945215,0.011449389078771466,0.5727856225930681,1.0,train,14,24949259015_attempt1+24952032748_attempt1+24986940107_attempt1+25044896828_attempt1+25100490855_attempt1+25157440693_attempt1+25208977834_attempt1+25247789591_attempt1+25274678535_attempt1+25311264469_attempt1+25367630341_attempt1+25427145257_attempt1+25487949887_attempt1+25545252940_attempt1+25596809734_attempt1+25624592440_attempt1
size_imbalance_uncertainty,alphaforge_interaction,2,d8_sp40_ov30_dep100_adv5_fix25_f100,0.9,0.5741445098426518,-0.5502848512481479,50,19,14,0.38,0.28,103.61024548456152,0.03610245484561525,0.030513678034220993,0.5714285714285714,0.2578746774686809,1.5719791334008721,8,0.04,0.03,100.0,0.005,0.0025,0.01,0.00882279024918331,0.023042948193375823,1.0,1.0,validation,14,25665168591_attempt1
size_imbalance_uncertainty,alphaforge_interaction,2,d8_sp40_ov30_dep100_adv5_fix25_f100,0.9,0.5741445098426518,-0.5502848512481479,42,21,11,0.5,0.2619047619047619,95.43108630835108,-0.045689136916489126,0.0602856192439681,0.2727272727272727,-0.4153557901499029,0.43995315044611305,8,0.04,0.03,100.0,0.005,0.0025,0.01,-0.06028561924396836,-0.01551687979883798,0.0,1.0,test,14,25791429807_attempt1
classic_early_drop_down,classic_microstructure,1,d4_sp40_ov30_dep100_adv15_fix25_f100,,,,914,359,227,0.3927789934354486,0.24835886214442013,107.57009565616069,0.07570095656160691,0.07903547405628122,0.7444933920704846,0.03334843901392349,1.129315689421599,4,0.04,0.03,100.0,0.015,0.0025,0.01,-0.04318048430465937,0.0032766143475928544,0.572531981655805,1.0,train,15,24949259015_attempt1+24952032748_attempt1+24986940107_attempt1+25044896828_attempt1+25100490855_attempt1+25157440693_attempt1+25208977834_attempt1+25247789591_attempt1+25274678535_attempt1+25311264469_attempt1+25367630341_attempt1+25427145257_attempt1+25487949887_attempt1+25545252940_attempt1+25596809734_attempt1+25624592440_attempt1+25665168591_attempt1
classic_early_drop_down,classic_microstructure,1,d4_sp40_ov30_dep100_adv15_fix25_f100,,,,53,21,17,0.39622641509433965,0.32075471698113206,104.19960405145375,0.041996040514537425,0.010131147540983562,0.9411764705882353,0.24703553243845697,5.031835971387596,4,0.04,0.03,100.0,0.015,0.0025,0.01,0.006926636953906273,0.018575505095886458,1.0,1.0,validation,15,25791429807_attempt1
classic_early_drop_down,classic_microstructure,1,d4_sp40_ov30_dep100_adv15_fix25_f100,,,,84,33,20,0.39285714285714285,0.23809523809523808,100.28883573163161,0.0028883573163160925,0.015635840686437447,0.8,0.014441786581581078,1.0712738409360727,4,0.04,0.03,100.0,0.015,0.0025,0.01,-0.015581950515377585,0.008748195391390823,0.6714285714285714,1.0,test,15,25852951350_attempt1
btc2_path_eff,alphaforge_interaction,2,d4_sp60_ov30_dep100_adv5_fix75_f100,0.85,0.25932020456566374,-0.2466628693423913,1286,378,246,0.2939346811819596,0.19129082426127528,102.39748175056856,0.02397481750568553,0.117784324202694,0.7967479674796748,0.009745860774669365,1.0480624333040784,4,0.06,0.03,100.0,0.005,0.0075,0.01,-0.04639429129767492,-0.0013160121855914086,0.47888003861935796,1.0,train,15,24949259015_attempt1+24952032748_attempt1+24986940107_attempt1+25044896828_attempt1+25100490855_attempt1+25157440693_attempt1+25208977834_attempt1+25247789591_attempt1+25274678535_attempt1+25311264469_attempt1+25367630341_attempt1+25427145257_attempt1+25487949887_attempt1+25545252940_attempt1+25596809734_attempt1+25624592440_attempt1+25665168591_attempt1
btc2_path_eff,alphaforge_interaction,2,d4_sp60_ov30_dep100_adv5_fix75_f100,0.85,0.25932020456566374,-0.2466628693423913,85,17,17,0.2,0.2,101.13521518125951,0.01135215181259519,0.010110192837465561,0.9411764705882353,0.06677736360350023,2.1047019109257303,4,0.06,0.03,100.0,0.005,0.0075,0.01,0.0011135618124142876,0.001596713093697577,1.0,1.0,validation,15,25791429807_attempt1
btc2_path_eff,alphaforge_interaction,2,d4_sp60_ov30_dep100_adv5_fix75_f100,0.85,0.25932020456566374,-0.2466628693423913,88,23,20,0.26136363636363635,0.22727272727272727,99.87882774484973,-0.001211722551502703,0.01283674675645437,0.9,-0.006058612757512934,0.9403412327878338,4,0.06,0.03,100.0,0.005,0.0075,0.01,-0.006396364794067688,-0.0027518997710405113,0.14285714285714285,1.0,test,15,25852951350_attempt1
size_imbalance_uncertainty,alphaforge_interaction,2,d4_sp40_ov30_dep300_adv5_fix25_f100,0.95,0.7004507922387774,-0.6950392224442083,430,101,76,0.23488372093023255,0.17674418604651163,97.73578731053796,-0.022642126894620418,0.1102462443777218,0.4473684210526316,-0.029792272229764116,0.948160771992256,4,0.04,0.03,300.0,0.005,0.0025,0.01,-0.033731440803036805,-0.009162214107894973,0.32150615496017376,0.9157615254646392,train,15,24949259015_attempt1+24952032748_attempt1+24986940107_attempt1+25044896828_attempt1+25100490855_attempt1+25157440693_attempt1+25208977834_attempt1+25247789591_attempt1+25274678535_attempt1+25311264469_attempt1+25367630341_attempt1+25427145257_attempt1+25487949887_attempt1+25545252940_attempt1+25596809734_attempt1+25624592440_attempt1+25665168591_attempt1
size_imbalance_uncertainty,alphaforge_interaction,2,d4_sp40_ov30_dep300_adv5_fix25_f100,0.95,0.7004507922387774,-0.6950392224442083,22,7,6,0.3181818181818182,0.2727272727272727,98.55338215282866,-0.014466178471713387,0.020283466279913002,0.3333333333333333,-0.2411029745285562,0.6457762748899494,4,0.04,0.03,300.0,0.005,0.0025,0.01,-0.011931596724501836,0.00768412880966074,0.6050420168067226,1.0,validation,15,25791429807_attempt1
size_imbalance_uncertainty,alphaforge_interaction,2,d4_sp40_ov30_dep300_adv5_fix25_f100,0.95,0.7004507922387774,-0.6950392224442083,21,5,5,0.23809523809523808,0.23809523809523808,102.74356948945943,0.02743569489459441,0.010319999999999965,0.8,0.548713897891886,3.658497567305649,4,0.04,0.03,300.0,0.005,0.0025,0.01,-0.010319999999999996,0.006163265306122545,0.5142857142857142,1.0,test,15,25852951350_attempt1
classic_early_drop_down,classic_microstructure,1,d8_sp40_ov30_dep300_adv5_fix25_f200,,,,967,163,139,0.16856256463288521,0.1437435367114788,98.14673895177233,-0.018532610482276612,0.151859113761808,0.6690647482014388,-0.013332813296601895,0.9794320034027163,8,0.04,0.03,300.0,0.005,0.0025,0.02,-0.10359227354788092,0.0,0.49012485811577755,0.9446083995459705,train,16,24949259015_attempt1+24952032748_attempt1+24986940107_attempt1+25044896828_attempt1+25100490855_attempt1+25157440693_attempt1+25208977834_attempt1+25247789591_attempt1+25274678535_attempt1+25311264469_attempt1+25367630341_attempt1+25427145257_attempt1+25487949887_attempt1+25545252940_attempt1+25596809734_attempt1+25624592440_attempt1+25665168591_attempt1+25791429807_attempt1
classic_early_drop_down,classic_microstructure,1,d8_sp40_ov30_dep300_adv5_fix25_f200,,,,84,12,12,0.14285714285714285,0.14285714285714285,107.72053725757046,0.07720537257570448,0.020368663594470034,0.8333333333333334,0.6433781047975389,2.880841359844549,8,0.04,0.03,300.0,0.005,0.0025,0.02,-0.007767596611660377,0.02065718865136179,0.9571428571428572,1.0,validation,16,25852951350_attempt1
classic_early_drop_down,classic_microstructure,1,d8_sp40_ov30_dep300_adv5_fix25_f200,,,,48,6,6,0.125,0.125,106.71352960176046,0.0671352960176046,0.0,1.0,1.1189216002934101,,8,0.04,0.03,300.0,0.005,0.0025,0.02,0.0,0.015871175437534024,0.9852941176470589,0.9852941176470589,test,16,25911485679_attempt1
btc2_path_eff,alphaforge_interaction,2,d4_sp40_ov30_dep100_adv15_fix75_f200,0.85,0.2655028279310228,-0.24558613902795912,1366,544,284,0.39824304538799415,0.20790629575402636,95.95533786581997,-0.040446621341800326,0.217919617660528,0.8063380281690141,-0.01424176807809909,0.9626687504168036,4,0.04,0.03,100.0,0.015,0.0075,0.02,-0.09282811940223168,-0.0034382116071671742,0.4535754824063564,1.0,train,16,24949259015_attempt1+24952032748_attempt1+24986940107_attempt1+25044896828_attempt1+25100490855_attempt1+25157440693_attempt1+25208977834_attempt1+25247789591_attempt1+25274678535_attempt1+25311264469_attempt1+25367630341_attempt1+25427145257_attempt1+25487949887_attempt1+25545252940_attempt1+25596809734_attempt1+25624592440_attempt1+25665168591_attempt1+25791429807_attempt1
btc2_path_eff,alphaforge_interaction,2,d4_sp40_ov30_dep100_adv15_fix75_f200,0.85,0.2655028279310228,-0.24558613902795912,87,30,20,0.3448275862068966,0.22988505747126436,101.97088859352807,0.01970888593528075,0.02022535211267606,0.95,0.09854442967640398,1.9408221384997864,4,0.04,0.03,100.0,0.015,0.0075,0.02,-0.0022680496056685095,0.01121909082786865,0.9571428571428572,1.0,validation,16,25852951350_attempt1
btc2_path_eff,alphaforge_interaction,2,d4_sp40_ov30_dep100_adv15_fix75_f200,0.85,0.2655028279310228,-0.24558613902795912,74,35,20,0.47297297297297297,0.2702702702702703,107.16633597216017,0.07166335972160165,0.020352422907488957,0.95,0.35831679860800986,4.278015659297039,4,0.04,0.03,100.0,0.015,0.0075,0.02,-0.0029751583999813036,0.03491509401815418,0.9779411764705882,1.0,test,16,25911485679_attempt1
size_imbalance_uncertainty,alphaforge_interaction,2,d4_sp40_ov30_dep100_adv5_fix25_f100,0.95,0.6999529724036787,-0.6931614991941366,456,219,151,0.48026315789473684,0.33114035087719296,103.96051418586711,0.039605141858671145,0.13061757501143897,0.48344370860927155,0.026228570767332107,1.0477591142589477,4,0.04,0.03,100.0,0.005,0.0025,0.01,-0.05001695910872139,-0.0034110925971696515,0.423155505107832,0.9959137343927356,train,16,24949259015_attempt1+24952032748_attempt1+24986940107_attempt1+25044896828_attempt1+25100490855_attempt1+25157440693_attempt1+25208977834_attempt1+25247789591_attempt1+25274678535_attempt1+25311264469_attempt1+25367630341_attempt1+25427145257_attempt1+25487949887_attempt1+25545252940_attempt1+25596809734_attempt1+25624592440_attempt1+25665168591_attempt1+25791429807_attempt1
size_imbalance_uncertainty,alphaforge_interaction,2,d4_sp40_ov30_dep100_adv5_fix25_f100,0.95,0.6999529724036787,-0.6931614991941366,21,10,8,0.47619047619047616,0.38095238095238093,102.3646575816201,0.023646575816201,0.020440456497175175,0.625,0.29558219770251254,1.7698417921338534,4,0.04,0.03,100.0,0.005,0.0025,0.01,-0.020440456497175186,0.0014358674033148056,0.6,1.0,validation,16,25852951350_attempt1
size_imbalance_uncertainty,alphaforge_interaction,2,d4_sp40_ov30_dep100_adv5_fix25_f100,0.95,0.6999529724036787,-0.6931614991941366,33,17,11,0.5151515151515151,0.3333333333333333,96.97971540086402,-0.030202845991359806,0.031300755983375506,0.36363636363636365,-0.2745713271941809,0.5733797795365123,4,0.04,0.03,100.0,0.005,0.0025,0.01,-0.03130075598337534,-0.011267758132010197,0.23529411764705882,1.0,test,16,25911485679_attempt1
classic_early_drop_down,classic_microstructure,1,d4_sp40_ov30_dep100_adv15_fix25_f200,,,,1051,413,263,0.39295908658420553,0.25023786869647957,131.27956043351895,0.3127956043351896,0.15441386531097667,0.7642585551330798,0.11893368986128869,1.2484866892018185,4,0.04,0.03,100.0,0.015,0.0025,0.02,-0.08499720241865583,0.01018027960150647,0.5919368600682594,1.0,train,17,24949259015_attempt1+24952032748_attempt1+24986940107_attempt1+25044896828_attempt1+25100490855_attempt1+25157440693_attempt1+25208977834_attempt1+25247789591_attempt1+25274678535_attempt1+25311264469_attempt1+25367630341_attempt1+25427145257_attempt1+25487949887_attempt1+25545252940_attempt1+25596809734_attempt1+25624592440_attempt1+25665168591_attempt1+25791429807_attempt1+25852951350_attempt1
classic_early_drop_down,classic_microstructure,1,d4_sp40_ov30_dep100_adv15_fix25_f200,,,,48,20,18,0.4166666666666667,0.375,106.95443428268457,0.06954434282684563,0.03563016378192065,0.8888888888888888,0.3863574601491432,2.64397430729866,4,0.04,0.03,100.0,0.015,0.0025,0.02,-0.021674722509927635,-0.009013353669825475,0.3014705882352941,1.0,validation,17,25911485679_attempt1
classic_early_drop_down,classic_microstructure,1,d4_sp40_ov30_dep100_adv15_fix25_f200,,,,42,8,8,0.19047619047619047,0.19047619047619047,102.90271244339715,0.029027124433971485,0.020316205533596886,0.875,0.3628390554246437,2.3602555871794006,4,0.04,0.03,100.0,0.015,0.0025,0.02,0.004662952036577517,0.02549716317781847,1.0,1.0,test,17,25957739510_attempt1
btc2_path_eff,alphaforge_interaction,2,d4_sp40_ov30_dep100_adv15_fix25_f100,0.85,0.2597551015457402,-0.24964637749133659,1450,572,303,0.39448275862068966,0.20896551724137932,101.07979911808572,0.010797991180857114,0.11495251601250313,0.8151815181518152,0.003563693459028657,1.0191521444847917,4,0.04,0.03,100.0,0.015,0.0025,0.01,-0.047127247718705356,-0.0011234523126651408,0.4737627986348123,1.0,train,17,24949259015_attempt1+24952032748_attempt1+24986940107_attempt1+25044896828_attempt1+25100490855_attempt1+25157440693_attempt1+25208977834_attempt1+25247789591_attempt1+25274678535_attempt1+25311264469_attempt1+25367630341_attempt1+25427145257_attempt1+25487949887_attempt1+25545252940_attempt1+25596809734_attempt1+25624592440_attempt1+25665168591_attempt1+25791429807_attempt1+25852951350_attempt1
btc2_path_eff,alphaforge_interaction,2,d4_sp40_ov30_dep100_adv15_fix25_f100,0.85,0.2597551015457402,-0.24964637749133659,74,35,20,0.47297297297297297,0.2702702702702703,103.69489704841781,0.03694897048417811,0.010177777777777716,0.95,0.1847448524208914,4.498089911357403,4,0.04,0.03,100.0,0.015,0.0025,0.01,-0.0010291176001816504,0.017942497889611886,0.9779411764705882,1.0,validation,17,25911485679_attempt1
btc2_path_eff,alphaforge_interaction,2,d4_sp40_ov30_dep100_adv15_fix25_f100,0.85,0.2597551015457402,-0.24964637749133659,77,30,20,0.38961038961038963,0.2597402597402597,98.86758484780674,-0.011324151521932557,0.025237158124407848,0.75,-0.056620757609661135,0.7764236934679835,4,0.04,0.03,100.0,0.015,0.0025,0.01,-0.018642101057461113,0.004952104378312949,0.8102189781021898,1.0,test,17,25957739510_attempt1
size_imbalance_uncertainty,alphaforge_interaction,2,d8_sp40_ov30_dep100_adv5_fix25_f100,0.9,0.5711059923714842,-0.5441617574609088,966,427,256,0.4420289855072464,0.2650103519668737,147.90356742695758,0.47903567426957583,0.15958032354790502,0.4921875,0.18712331026155332,1.3017859364158282,8,0.04,0.03,100.0,0.005,0.0025,0.01,-0.060584601938945215,0.00774493128745668,0.5554607508532423,1.0,train,17,24949259015_attempt1+24952032748_attempt1+24986940107_attempt1+25044896828_attempt1+25100490855_attempt1+25157440693_attempt1+25208977834_attempt1+25247789591_attempt1+25274678535_attempt1+25311264469_attempt1+25367630341_attempt1+25427145257_attempt1+25487949887_attempt1+25545252940_attempt1+25596809734_attempt1+25624592440_attempt1+25665168591_attempt1+25791429807_attempt1+25852951350_attempt1
size_imbalance_uncertainty,alphaforge_interaction,2,d8_sp40_ov30_dep100_adv5_fix25_f100,0.9,0.5711059923714842,-0.5441617574609088,63,24,17,0.38095238095238093,0.2698412698412698,106.60765727729859,0.06607657277298595,0.02428307851765088,0.6470588235294118,0.3886857221940335,2.0584311266881405,8,0.04,0.03,100.0,0.005,0.0025,0.01,-0.013596655091891674,0.010208553648882068,0.8308823529411765,1.0,validation,17,25911485679_attempt1
size_imbalance_uncertainty,alphaforge_interaction,2,d8_sp40_ov30_dep100_adv5_fix25_f100,0.9,0.5711059923714842,-0.5441617574609088,52,24,12,0.46153846153846156,0.23076923076923078,91.2188928196099,-0.08781107180390091,0.09834726410808078,0.16666666666666666,-0.7317589316991752,0.11744556164551431,8,0.04,0.03,100.0,0.005,0.0025,0.01,-0.060278843740481536,-0.04063897244289527,0.0,1.0,test,17,25957739510_attempt1
classic_early_drop_down,classic_microstructure,1,d4_sp40_ov30_dep100_adv5_fix25_f100,,,,1099,348,254,0.3166515013648772,0.2311191992720655,118.72031228303638,0.1872031228303639,0.07941490961095223,0.7637795275590551,0.07370201686234827,1.3028233271841128,4,0.04,0.03,100.0,0.005,0.0025,0.01,-0.04422460868172973,0.005529530811871686,0.6007650493255486,1.0,train,18,24949259015_attempt1+24952032748_attempt1+24986940107_attempt1+25044896828_attempt1+25100490855_attempt1+25157440693_attempt1+25208977834_attempt1+25247789591_attempt1+25274678535_attempt1+25311264469_attempt1+25367630341_attempt1+25427145257_attempt1+25487949887_attempt1+25545252940_attempt1+25596809734_attempt1+25624592440_attempt1+25665168591_attempt1+25791429807_attempt1+25852951350_attempt1+25911485679_attempt1
classic_early_drop_down,classic_microstructure,1,d4_sp40_ov30_dep100_adv5_fix25_f100,,,,42,8,8,0.19047619047619047,0.19047619047619047,101.45108276923028,0.014510827692302719,0.010158102766798429,0.875,0.1813853461537852,2.3937623504026706,4,0.04,0.03,100.0,0.005,0.0025,0.01,0.0024035933053190295,0.012690608578228124,1.0,1.0,validation,18,25957739510_attempt1
classic_early_drop_down,classic_microstructure,1,d4_sp40_ov30_dep100_adv5_fix25_f100,,,,85,25,16,0.29411764705882354,0.18823529411764706,96.96974509311526,-0.03030254906884733,0.03599367077152152,0.5625,-0.1893909316802962,0.5668039905694342,4,0.04,0.03,100.0,0.005,0.0025,0.01,-0.026251271251378272,0.000244955898135335,0.5,1.0,test,18,25986690554_attempt1
btc2_path_eff,alphaforge_interaction,2,d4_sp40_ov30_dep300_adv15_fix25_f100,0.85,0.2583493052088583,-0.2479092340302332,1534,319,258,0.20795306388526727,0.1681877444589309,103.67920045928383,0.03679200459283827,0.06829127882326476,0.8604651162790697,0.014260466896449208,1.0963239542263312,4,0.04,0.03,300.0,0.015,0.0025,0.01,-0.029299266712984662,0.001505304359266324,0.5532514596335817,1.0,train,18,24949259015_attempt1+24952032748_attempt1+24986940107_attempt1+25044896828_attempt1+25100490855_attempt1+25157440693_attempt1+25208977834_attempt1+25247789591_attempt1+25274678535_attempt1+25311264469_attempt1+25367630341_attempt1+25427145257_attempt1+25487949887_attempt1+25545252940_attempt1+25596809734_attempt1+25624592440_attempt1+25665168591_attempt1+25791429807_attempt1+25852951350_attempt1+25911485679_attempt1
btc2_path_eff,alphaforge_interaction,2,d4_sp40_ov30_dep300_adv15_fix25_f100,0.85,0.2583493052088583,-0.2479092340302332,77,14,14,0.18181818181818182,0.18181818181818182,101.20395993753867,0.01203959937538679,0.010118694362017748,0.8571428571428571,0.08599713839561782,1.5875157170314773,4,0.04,0.03,300.0,0.015,0.0025,0.01,-0.0014297309957589377,0.010754536730023245,0.8686131386861314,1.0,validation,18,25957739510_attempt1
btc2_path_eff,alphaforge_interaction,2,d4_sp40_ov30_dep300_adv15_fix25_f100,0.85,0.2583493052088583,-0.2479092340302332,82,16,15,0.1951219512195122,0.18292682926829268,97.52116463471549,-0.024788353652845152,0.027831872735966528,0.7333333333333333,-0.16525569101896764,0.3816429261649781,4,0.04,0.03,300.0,0.015,0.0025,0.01,-0.019727914090236998,0.0002431535286295805,0.5327868852459017,1.0,test,18,25986690554_attempt1
size_imbalance_uncertainty,alphaforge_interaction,2,d4_sp40_ov30_dep300_adv5_fix25_f200,0.95,0.6998784598481311,-0.6926013521947578,512,120,93,0.234375,0.181640625,92.65982411593879,-0.07340175884061206,0.2172165437691634,0.45161290322580644,-0.07892662240926011,0.9305826674185939,4,0.04,0.03,300.0,0.005,0.0025,0.02,-0.06677208098272813,-0.00856788897959182,0.34467485403664183,0.9297362593114556,train,18,24949259015_attempt1+24952032748_attempt1+24986940107_attempt1+25044896828_attempt1+25100490855_attempt1+25157440693_attempt1+25208977834_attempt1+25247789591_attempt1+25274678535_attempt1+25311264469_attempt1+25367630341_attempt1+25427145257_attempt1+25487949887_attempt1+25545252940_attempt1+25596809734_attempt1+25624592440_attempt1+25665168591_attempt1+25791429807_attempt1+25852951350_attempt1+25911485679_attempt1
size_imbalance_uncertainty,alphaforge_interaction,2,d4_sp40_ov30_dep300_adv5_fix25_f200,0.95,0.6998784598481311,-0.6926013521947578,24,4,4,0.16666666666666666,0.16666666666666666,104.6325768322776,0.04632576832277602,0.02047337278106511,0.5,1.1581442080694013,2.108747272907729,4,0.04,0.03,300.0,0.005,0.0025,0.02,0.002848431699260523,0.002848431699260523,1.0,1.0,validation,18,25957739510_attempt1
size_imbalance_uncertainty,alphaforge_interaction,2,d4_sp40_ov30_dep300_adv5_fix25_f200,0.95,0.6998784598481311,-0.6926013521947578,21,7,6,0.3333333333333333,0.2857142857142857,94.99877722535605,-0.05001222774643954,0.062076800028234014,0.3333333333333333,-0.8335371291073259,0.3824700128059899,4,0.04,0.03,300.0,0.005,0.0025,0.02,-0.042483691755485053,-0.0022207302641074067,0.0,1.0,test,18,25986690554_attempt1
classic_early_drop_down,classic_microstructure,1,d8_sp40_ov30_dep300_adv5_fix25_f100,,,,1141,184,158,0.16126205083260298,0.13847502191060473,105.12240988287925,0.05122409882879264,0.07825009123980317,0.689873417721519,0.03242031571442541,1.1043761915862615,8,0.04,0.03,300.0,0.005,0.0025,0.01,-0.05290121528643066,0.0014782608695651511,0.534019439679817,0.9451114922813036,train,19,24949259015_attempt1+24952032748_attempt1+24986940107_attempt1+25044896828_attempt1+25100490855_attempt1+25157440693_attempt1+25208977834_attempt1+25247789591_attempt1+25274678535_attempt1+25311264469_attempt1+25367630341_attempt1+25427145257_attempt1+25487949887_attempt1+25545252940_attempt1+25596809734_attempt1+25624592440_attempt1+25665168591_attempt1+25791429807_attempt1+25852951350_attempt1+25911485679_attempt1+25957739510_attempt1
classic_early_drop_down,classic_microstructure,1,d8_sp40_ov30_dep300_adv5_fix25_f100,,,,85,16,13,0.18823529411764706,0.15294117647058825,99.98298079592989,-0.0001701920407011226,0.03296253058960501,0.6923076923076923,-0.00130916954385344,0.9958999318842381,8,0.04,0.03,300.0,0.005,0.0025,0.01,-0.023038454814399367,0.014047097044510348,0.5737704918032787,1.0,validation,19,25986690554_attempt1
classic_early_drop_down,classic_microstructure,1,d8_sp40_ov30_dep300_adv5_fix25_f100,,,,52,14,13,0.2692307692307692,0.25,100.86487325866703,0.008648732586670427,0.020568820294447974,0.6923076923076923,0.06652871220515574,1.2112855644489582,8,0.04,0.03,300.0,0.005,0.0025,0.01,-0.011723450398300028,0.0017349283995178322,0.6637931034482759,1.0,test,19,26029755017_attempt1
btc2_path_eff,alphaforge_interaction,2,d8_sp40_ov30_dep100_adv15_fix75_f100,0.9,0.3807456018961144,-0.36868922984096936,1078,358,285,0.3320964749536178,0.26437847866419295,112.09928156577448,0.12099281565774467,0.038095636183225284,0.887719298245614,0.04245361952903363,1.3485697032887343,8,0.04,0.03,100.0,0.015,0.0075,0.01,-0.03809563618322542,0.002183258939718158,0.5755669906613303,1.0,train,19,24949259015_attempt1+24952032748_attempt1+24986940107_attempt1+25044896828_attempt1+25100490855_attempt1+25157440693_attempt1+25208977834_attempt1+25247789591_attempt1+25274678535_attempt1+25311264469_attempt1+25367630341_attempt1+25427145257_attempt1+25487949887_attempt1+25545252940_attempt1+25596809734_attempt1+25624592440_attempt1+25665168591_attempt1+25791429807_attempt1+25852951350_attempt1+25911485679_attempt1+25957739510_attempt1
btc2_path_eff,alphaforge_interaction,2,d8_sp40_ov30_dep100_adv15_fix75_f100,0.9,0.3807456018961144,-0.36868922984096936,59,19,15,0.3220338983050847,0.2542372881355932,101.81690070941733,0.01816900709417335,0.01010899182561304,0.9333333333333333,0.12112671396115447,2.777233551053273,8,0.04,0.03,100.0,0.015,0.0075,0.01,0.005098294867865949,0.009655809934906445,1.0,1.0,validation,19,25986690554_attempt1
btc2_path_eff,alphaforge_interaction,2,d8_sp40_ov30_dep100_adv15_fix75_f100,0.9,0.3807456018961144,-0.36868922984096936,43,19,18,0.4418604651162791,0.4186046511627907,102.4099350150205,0.024099350150204923,0.0,1.0,0.1338852786122491,,8,0.04,0.03,100.0,0.015,0.0075,0.01,0.003121698073840218,0.009389002365524202,1.0,1.0,test,19,26029755017_attempt1
size_imbalance_uncertainty,alphaforge_interaction,2,d8_sp40_ov30_dep100_adv15_fix25_f100,0.9,0.5671883593963896,-0.5483273843866678,1078,503,288,0.46660482374768086,0.26716141001855287,144.56325088074144,0.44563250880741445,0.14668443927941602,0.4895833333333333,0.15473351000257465,1.238718821092786,8,0.04,0.03,100.0,0.015,0.0025,0.01,-0.060584601938945215,0.010134118328756658,0.5940537449971413,1.0,train,19,24949259015_attempt1+24952032748_attempt1+24986940107_attempt1+25044896828_attempt1+25100490855_attempt1+25157440693_attempt1+25208977834_attempt1+25247789591_attempt1+25274678535_attempt1+25311264469_attempt1+25367630341_attempt1+25427145257_attempt1+25487949887_attempt1+25545252940_attempt1+25596809734_attempt1+25624592440_attempt1+25665168591_attempt1+25791429807_attempt1+25852951350_attempt1+25911485679_attempt1+25957739510_attempt1
size_imbalance_uncertainty,alphaforge_interaction,2,d8_sp40_ov30_dep100_adv15_fix25_f100,0.9,0.5671883593963896,-0.5483273843866678,44,18,13,0.4090909090909091,0.29545454545454547,102.44932789581587,0.02449327895815867,0.020600090497737634,0.6153846153846154,0.18840983813968437,1.4596676690909114,8,0.04,0.03,100.0,0.015,0.0025,0.01,-0.011465732549380658,0.009059512695614558,0.7131147540983607,1.0,validation,19,25986690554_attempt1
size_imbalance_uncertainty,alphaforge_interaction,2,d8_sp40_ov30_dep100_adv15_fix25_f100,0.9,0.5671883593963896,-0.5483273843866678,59,26,14,0.4406779661016949,0.23728813559322035,97.97554845486091,-0.020244515451390832,0.05987583831080555,0.2857142857142857,-0.14460368179564848,0.8047353983763187,8,0.04,0.03,100.0,0.015,0.0025,0.01,-0.04527323966157504,0.010213757724388817,0.5086206896551724,1.0,test,19,26029755017_attempt1
classic_early_drop_down,classic_microstructure,1,d4_sp40_ov30_dep100_adv15_fix25_f100,,,,1226,469,302,0.3825448613376835,0.2463295269168026,118.87518518608167,0.18875185186081667,0.07903547405628122,0.7682119205298014,0.06250061319894563,1.259507233126,4,0.04,0.03,100.0,0.015,0.0025,0.01,-0.04318048430465937,0.006101373747212202,0.613388969521045,1.0,train,20,24949259015_attempt1+24952032748_attempt1+24986940107_attempt1+25044896828_attempt1+25100490855_attempt1+25157440693_attempt1+25208977834_attempt1+25247789591_attempt1+25274678535_attempt1+25311264469_attempt1+25367630341_attempt1+25427145257_attempt1+25487949887_attempt1+25545252940_attempt1+25596809734_attempt1+25624592440_attempt1+25665168591_attempt1+25791429807_attempt1+25852951350_attempt1+25911485679_attempt1+25957739510_attempt1+25986690554_attempt1
classic_early_drop_down,classic_microstructure,1,d4_sp40_ov30_dep100_adv15_fix25_f100,,,,52,18,15,0.34615384615384615,0.28846153846153844,101.61334807597638,0.01613348075976373,0.016287026963989308,0.8,0.10755653839842673,1.5267587868004389,4,0.04,0.03,100.0,0.015,0.0025,0.01,0.005692408677399952,0.007453116455203412,1.0,1.0,validation,20,26029755017_attempt1
classic_early_drop_down,classic_microstructure,1,d4_sp40_ov30_dep100_adv15_fix25_f100,,,,63,22,16,0.3492063492063492,0.25396825396825395,103.68781921378785,0.03687819213787846,0.02017277741610938,0.875,0.23048870086174095,2.80356717858571,4,0.04,0.03,100.0,0.015,0.0025,0.01,3.034070056595617e-05,0.0165226550958677,1.0,1.0,test,20,26091905404_attempt1
btc2_path_eff,alphaforge_interaction,2,d8_sp40_ov30_dep100_adv15_fix25_f200,0.9,0.3814799924538372,-0.3700413117098524,1132,376,299,0.3321554770318021,0.26413427561837455,137.18497521535681,0.3718497521535682,0.07491001380494225,0.8929765886287625,0.12436446560319982,1.4893224488668375,8,0.04,0.03,100.0,0.015,0.0025,0.02,-0.07491001380494244,0.007196794817951657,0.6246371552975326,1.0,train,20,24949259015_attempt1+24952032748_attempt1+24986940107_attempt1+25044896828_attempt1+25100490855_attempt1+25157440693_attempt1+25208977834_attempt1+25247789591_attempt1+25274678535_attempt1+25311264469_attempt1+25367630341_attempt1+25427145257_attempt1+25487949887_attempt1+25545252940_attempt1+25596809734_attempt1+25624592440_attempt1+25665168591_attempt1+25791429807_attempt1+25852951350_attempt1+25911485679_attempt1+25957739510_attempt1+25986690554_attempt1
btc2_path_eff,alphaforge_interaction,2,d8_sp40_ov30_dep100_adv15_fix25_f200,0.9,0.3814799924538372,-0.3700413117098524,43,19,18,0.4418604651162791,0.4186046511627907,105.12018301865477,0.05120183018654778,0.0,1.0,0.28445461214748796,,8,0.04,0.03,100.0,0.015,0.0025,0.02,0.006725047729623457,0.019782468848170476,1.0,1.0,validation,20,26029755017_attempt1
btc2_path_eff,alphaforge_interaction,2,d8_sp40_ov30_dep100_adv15_fix25_f200,0.9,0.3814799924538372,-0.3700413117098524,43,13,13,0.3023255813953488,0.3023255813953488,102.12936541283864,0.021293654128386352,0.020240240240240275,0.9230769230769231,0.16379733944912783,2.035190988649674,8,0.04,0.03,100.0,0.015,0.0025,0.02,-0.0042882133503726605,0.015291577756740615,0.8529411764705882,1.0,test,20,26091905404_attempt1
size_imbalance_uncertainty,alphaforge_interaction,2,d4_sp40_ov30_dep300_adv15_fix25_f100,0.9,0.5622973934291186,-0.5485794505221053,1130,291,211,0.2575221238938053,0.18672566371681415,71.49817962957673,-0.2850182037042327,0.31062483760921283,0.4028436018957346,-0.13507971739537145,0.7414225243871566,4,0.04,0.03,300.0,0.015,0.0025,0.01,-0.06595164849379698,-0.010160470796321985,0.341799709724238,0.9990928882438317,train,20,24949259015_attempt1+24952032748_attempt1+24986940107_attempt1+25044896828_attempt1+25100490855_attempt1+25157440693_attempt1+25208977834_attempt1+25247789591_attempt1+25274678535_attempt1+25311264469_attempt1+25367630341_attempt1+25427145257_attempt1+25487949887_attempt1+25545252940_attempt1+25596809734_attempt1+25624592440_attempt1+25665168591_attempt1+25791429807_attempt1+25852951350_attempt1+25911485679_attempt1+25957739510_attempt1+25986690554_attempt1
size_imbalance_uncertainty,alphaforge_interaction,2,d4_sp40_ov30_dep300_adv15_fix25_f100,0.9,0.5622973934291186,-0.5485794505221053,60,19,14,0.31666666666666665,0.23333333333333334,107.19261734390005,0.07192617343900043,0.030297592282947077,0.6428571428571429,0.5137583817071466,2.3216498859487866,4,0.04,0.03,300.0,0.015,0.0025,0.01,-0.021805514299071738,0.04911553362840704,0.75,1.0,validation,20,26029755017_attempt1
size_imbalance_uncertainty,alphaforge_interaction,2,d4_sp40_ov30_dep300_adv15_fix25_f100,0.9,0.5622973934291186,-0.5485794505221053,40,11,10,0.275,0.25,99.4629417385839,-0.0053705826141610125,0.03374074596664907,0.5,-0.05370582614160981,0.8961094867649487,4,0.04,0.03,300.0,0.015,0.0025,0.01,-0.023618627147165783,-0.011032901936403827,0.0196078431372549,1.0,test,20,26091905404_attempt1
classic_early_drop_down,classic_microstructure,1,d4_sp40_ov30_dep300_adv15_fix25_f100,,,,1278,252,204,0.19718309859154928,0.1596244131455399,117.94645083311697,0.17946450833116967,0.04140459249151303,0.7794117647058824,0.08797279820155396,1.3603373780163397,4,0.04,0.03,300.0,0.015,0.0025,0.01,-0.027737204553774486,0.002651757188498305,0.62051637497834,0.972448449142263,train,21,24949259015_attempt1+24952032748_attempt1+24986940107_attempt1+25044896828_attempt1+25100490855_attempt1+25157440693_attempt1+25208977834_attempt1+25247789591_attempt1+25274678535_attempt1+25311264469_attempt1+25367630341_attempt1+25427145257_attempt1+25487949887_attempt1+25545252940_attempt1+25596809734_attempt1+25624592440_attempt1+25665168591_attempt1+25791429807_attempt1+25852951350_attempt1+25911485679_attempt1+25957739510_attempt1+25986690554_attempt1+26029755017_attempt1
classic_early_drop_down,classic_microstructure,1,d4_sp40_ov30_dep300_adv15_fix25_f100,,,,63,12,12,0.19047619047619047,0.19047619047619047,103.442585543757,0.03442585543757004,0.010131147540983553,0.9166666666666666,0.2868821286464171,4.361828469374544,4,0.04,0.03,300.0,0.015,0.0025,0.01,0.0006816985663555819,0.013948523118580747,1.0,1.0,validation,21,26091905404_attempt1
classic_early_drop_down,classic_microstructure,1,d4_sp40_ov30_dep300_adv15_fix25_f100,,,,61,12,12,0.19672131147540983,0.19672131147540983,99.69828595832293,-0.0030171404167707028,0.02020593183682595,0.6666666666666666,-0.02514283680642208,0.9263910801887606,4,0.04,0.03,300.0,0.015,0.0025,0.01,-0.006895061817355663,0.011549820503406583,0.9565217391304348,1.0,test,21,26156603287_attempt1
btc2_path_eff,alphaforge_interaction,2,d8_sp40_ov30_dep100_adv15_fix25_f100,0.85,0.25534567985457324,-0.24571431051075565,1774,611,359,0.34441939120631343,0.2023675310033822,116.80672414850865,0.16806724148508656,0.051968473814342366,0.8523676880222841,0.04681538760030281,1.2860942611966544,8,0.04,0.03,100.0,0.015,0.0025,0.01,-0.03235147929274851,0.0024284522058635183,0.5629873505458326,1.0,train,21,24949259015_attempt1+24952032748_attempt1+24986940107_attempt1+25044896828_attempt1+25100490855_attempt1+25157440693_attempt1+25208977834_attempt1+25247789591_attempt1+25274678535_attempt1+25311264469_attempt1+25367630341_attempt1+25427145257_attempt1+25487949887_attempt1+25545252940_attempt1+25596809734_attempt1+25624592440_attempt1+25665168591_attempt1+25791429807_attempt1+25852951350_attempt1+25911485679_attempt1+25957739510_attempt1+25986690554_attempt1+26029755017_attempt1
btc2_path_eff,alphaforge_interaction,2,d8_sp40_ov30_dep100_adv15_fix25_f100,0.85,0.25534567985457324,-0.24571431051075565,63,23,17,0.36507936507936506,0.2698412698412698,101.91646335616038,0.019164633561603805,0.010121580547112449,0.9411764705882353,0.11273313859767037,2.841042762571175,8,0.04,0.03,100.0,0.015,0.0025,0.01,0.008173441784167013,0.021182857501199637,1.0,1.0,validation,21,26091905404_attempt1
btc2_path_eff,alphaforge_interaction,2,d8_sp40_ov30_dep100_adv15_fix25_f100,0.85,0.25534567985457324,-0.24571431051075565,87,25,20,0.28735632183908044,0.22988505747126436,99.92306776322079,-0.0007693223677921468,0.028023962272047745,0.85,-0.0038466118389599525,0.9749985795822815,8,0.04,0.03,100.0,0.015,0.0025,0.01,-0.028023962272047842,-0.015305709108327847,0.21014492753623187,1.0,test,21,26156603287_attempt1
size_imbalance_uncertainty,alphaforge_interaction,2,d4_sp40_ov30_dep300_adv5_fix25_f100,0.95,0.6936185811761146,-0.6936367673306403,592,140,104,0.23648648648648649,0.17567567567567569,94.21810937399863,-0.057818906260013736,0.13459796789032455,0.4326923076923077,-0.055595102173090015,0.904900883645366,4,0.04,0.03,300.0,0.005,0.0025,0.01,-0.030394140907904266,-0.005957710921029591,0.34188182290764163,0.9395252122682377,train,21,24949259015_attempt1+24952032748_attempt1+24986940107_attempt1+25044896828_attempt1+25100490855_attempt1+25157440693_attempt1+25208977834_attempt1+25247789591_attempt1+25274678535_attempt1+25311264469_attempt1+25367630341_attempt1+25427145257_attempt1+25487949887_attempt1+25545252940_attempt1+25596809734_attempt1+25624592440_attempt1+25665168591_attempt1+25791429807_attempt1+25852951350_attempt1+25911485679_attempt1+25957739510_attempt1+25986690554_attempt1+26029755017_attempt1
size_imbalance_uncertainty,alphaforge_interaction,2,d4_sp40_ov30_dep300_adv5_fix25_f100,0.95,0.6936185811761146,-0.6936367673306403,17,4,4,0.23529411764705882,0.23529411764705882,101.71217238177321,0.017121723817732137,0.010320000000000048,0.75,0.42804309544330255,2.6379680727852106,4,0.04,0.03,300.0,0.005,0.0025,0.01,-0.0033964875536480754,0.007600000000000051,0.6666666666666666,0.7156862745098039,validation,21,26091905404_attempt1
size_imbalance_uncertainty,alphaforge_interaction,2,d4_sp40_ov30_dep300_adv5_fix25_f100,0.95,0.6936185811761146,-0.6936367673306403,22,5,5,0.22727272727272727,0.22727272727272727,103.78017842440467,0.037801784244046566,0.01030075187969926,0.8,0.756035684880931,4.635932006877454,4,0.04,0.03,300.0,0.005,0.0025,0.01,-0.0021368732892138587,0.021245350416877473,0.7971014492753623,1.0,test,21,26156603287_attempt1
classic_early_drop_down,classic_microstructure,1,d4_sp60_ov30_dep100_adv15_fix25_f100,,,,1341,512,333,0.38180462341536164,0.2483221476510067,127.72735453209424,0.2772735453209423,0.07903547405628122,0.7777777777777778,0.08326532892520756,1.3525972455331494,4,0.06,0.03,100.0,0.015,0.0025,0.01,-0.04005898819946707,0.0059341342781957795,0.6223404255319149,1.0,train,22,24949259015_attempt1+24952032748_attempt1+24986940107_attempt1+25044896828_attempt1+25100490855_attempt1+25157440693_attempt1+25208977834_attempt1+25247789591_attempt1+25274678535_attempt1+25311264469_attempt1+25367630341_attempt1+25427145257_attempt1+25487949887_attempt1+25545252940_attempt1+25596809734_attempt1+25624592440_attempt1+25665168591_attempt1+25791429807_attempt1+25852951350_attempt1+25911485679_attempt1+25957739510_attempt1+25986690554_attempt1+26029755017_attempt1+26091905404_attempt1
classic_early_drop_down,classic_microstructure,1,d4_sp60_ov30_dep100_adv15_fix25_f100,,,,61,28,16,0.45901639344262296,0.26229508196721313,103.59436694935283,0.03594366949352823,0.020178987099387483,0.875,0.22464793433455332,2.781242503228497,4,0.06,0.03,100.0,0.015,0.0025,0.01,0.011788244058026587,0.04111851255245935,1.0,1.0,validation,22,26156603287_attempt1
classic_early_drop_down,classic_microstructure,1,d4_sp60_ov30_dep100_adv15_fix25_f100,,,,57,22,15,0.38596491228070173,0.2631578947368421,98.31576081527555,-0.016842391847244453,0.03769105196693083,0.6666666666666666,-0.11228261231496466,0.6686363950765292,4,0.06,0.03,100.0,0.015,0.0025,0.01,-0.035870467470652034,-0.011419227762314965,0.3435114503816794,1.0,test,22,26221008452_attempt1
btc2_path_eff,alphaforge_interaction,2,d4_sp40_ov30_dep100_adv15_fix25_f100,0.85,0.2537563021655998,-0.24426762438993546,1848,746,387,0.4036796536796537,0.20941558441558442,106.50950987756562,0.06509509877565622,0.10458845169876645,0.8217054263565892,0.01682043896011825,1.0895624741206338,4,0.04,0.03,100.0,0.015,0.0025,0.01,-0.04592909463992256,0.0010503176891465404,0.5182845744680851,1.0,train,22,24949259015_attempt1+24952032748_attempt1+24986940107_attempt1+25044896828_attempt1+25100490855_attempt1+25157440693_attempt1+25208977834_attempt1+25247789591_attempt1+25274678535_attempt1+25311264469_attempt1+25367630341_attempt1+25427145257_attempt1+25487949887_attempt1+25545252940_attempt1+25596809734_attempt1+25624592440_attempt1+25665168591_attempt1+25791429807_attempt1+25852951350_attempt1+25911485679_attempt1+25957739510_attempt1+25986690554_attempt1+26029755017_attempt1+26091905404_attempt1
btc2_path_eff,alphaforge_interaction,2,d4_sp40_ov30_dep100_adv15_fix25_f100,0.85,0.2537563021655998,-0.24426762438993546,88,28,20,0.3181818181818182,0.22727272727272727,101.17477152152291,0.011747715215229215,0.016542747703127567,0.9,0.058738576076144446,1.5717254254918367,4,0.04,0.03,100.0,0.015,0.0025,0.01,-0.01189335751457088,-0.0006879872827199596,0.5,1.0,validation,22,26156603287_attempt1
btc2_path_eff,alphaforge_interaction,2,d4_sp40_ov30_dep100_adv15_fix25_f100,0.85,0.2537563021655998,-0.24426762438993546,72,36,20,0.5,0.2777777777777778,101.37545354951062,0.013754535495106301,0.010123076923076879,0.95,0.06877267747552993,2.3452437016442573,4,0.04,0.03,100.0,0.015,0.0025,0.01,-0.00048396381365178875,0.003166930455793082,0.8473282442748091,1.0,test,22,26221008452_attempt1
size_imbalance_uncertainty,alphaforge_interaction,2,d8_sp40_ov50_dep100_adv5_fix25_f100,0.95,0.692945362421721,-0.6924487111883192,616,265,180,0.4301948051948052,0.2922077922077922,111.97050051290155,0.11970500512901561,0.1771416918470959,0.4777777777777778,0.06650278062723071,1.1034524384743138,8,0.04,0.05,100.0,0.005,0.0025,0.01,-0.041267856685219595,-0.0012219140568662246,0.4798869680851064,1.0,train,22,24949259015_attempt1+24952032748_attempt1+24986940107_attempt1+25044896828_attempt1+25100490855_attempt1+25157440693_attempt1+25208977834_attempt1+25247789591_attempt1+25274678535_attempt1+25311264469_attempt1+25367630341_attempt1+25427145257_attempt1+25487949887_attempt1+25545252940_attempt1+25596809734_attempt1+25624592440_attempt1+25665168591_attempt1+25791429807_attempt1+25852951350_attempt1+25911485679_attempt1+25957739510_attempt1+25986690554_attempt1+26029755017_attempt1+26091905404_attempt1
size_imbalance_uncertainty,alphaforge_interaction,2,d8_sp40_ov50_dep100_adv5_fix25_f100,0.95,0.692945362421721,-0.6924487111883192,22,10,10,0.45454545454545453,0.45454545454545453,106.64160189303941,0.06641601893039417,0.010470588235294141,0.8,0.6641601893039418,4.094561674025884,8,0.04,0.05,100.0,0.005,0.0025,0.01,0.0052871948093253796,0.014962280038137488,1.0,1.0,validation,22,26156603287_attempt1
size_imbalance_uncertainty,alphaforge_interaction,2,d8_sp40_ov50_dep100_adv5_fix25_f100,0.95,0.692945362421721,-0.6924487111883192,21,5,5,0.23809523809523808,0.23809523809523808,102.08885066862884,0.020888506686288277,0.010248447204968958,0.6,0.41777013372576927,2.010691260112226,8,0.04,0.05,100.0,0.005,0.0025,0.01,0.0030458488000293382,0.01597528372964807,1.0,1.0,test,22,26221008452_attempt1
classic_early_drop_down,classic_microstructure,1,d8_sp40_ov30_dep300_adv15_fix25_f100,,,,1402,267,224,0.19044222539229672,0.15977175463623394,98.52831370684682,-0.014716862931531849,0.11172571333891129,0.6830357142857143,-0.006570028094433952,0.9787432353568639,8,0.04,0.03,300.0,0.015,0.0025,0.01,-0.05290121528643066,0.0,0.4781642051770684,0.9649039225027791,train,23,24949259015_attempt1+24952032748_attempt1+24986940107_attempt1+25044896828_attempt1+25100490855_attempt1+25157440693_attempt1+25208977834_attempt1+25247789591_attempt1+25274678535_attempt1+25311264469_attempt1+25367630341_attempt1+25427145257_attempt1+25487949887_attempt1+25545252940_attempt1+25596809734_attempt1+25624592440_attempt1+25665168591_attempt1+25791429807_attempt1+25852951350_attempt1+25911485679_attempt1+25957739510_attempt1+25986690554_attempt1+26029755017_attempt1+26091905404_attempt1+26156603287_attempt1
classic_early_drop_down,classic_microstructure,1,d8_sp40_ov30_dep300_adv15_fix25_f100,,,,57,13,13,0.22807017543859648,0.22807017543859648,100.77746826775112,0.0077746826775111355,0.017062629372178152,0.7692307692307693,0.059805251365470796,1.2562443983797822,8,0.04,0.03,300.0,0.015,0.0025,0.01,-0.008731122080335219,0.003913575507190847,0.8396946564885496,1.0,validation,23,26221008452_attempt1
classic_early_drop_down,classic_microstructure,1,d8_sp40_ov30_dep300_adv15_fix25_f100,,,,58,18,13,0.3103448275862069,0.22413793103448276,98.14913265856822,-0.018508673414317833,0.02688190637752027,0.6153846153846154,-0.1423744108793646,0.6360734009896113,8,0.04,0.03,300.0,0.015,0.0025,0.01,-0.02568156821355072,-0.018959849361758763,0.1134020618556701,1.0,test,23,26357456273_attempt1
btc2_path_eff,alphaforge_interaction,2,d4_sp60_ov30_dep100_adv15_fix25_f100,0.85,0.25414882938923933,-0.24519973325748629,1932,774,404,0.40062111801242234,0.20910973084886128,106.80742331086498,0.06807423310864968,0.1022703328085501,0.8242574257425742,0.01685005770016117,1.0925847310711743,4,0.06,0.03,100.0,0.015,0.0025,0.01,-0.04592909463992256,0.001559000034607072,0.5261235508972527,1.0,train,23,24949259015_attempt1+24952032748_attempt1+24986940107_attempt1+25044896828_attempt1+25100490855_attempt1+25157440693_attempt1+25208977834_attempt1+25247789591_attempt1+25274678535_attempt1+25311264469_attempt1+25367630341_attempt1+25427145257_attempt1+25487949887_attempt1+25545252940_attempt1+25596809734_attempt1+25624592440_attempt1+25665168591_attempt1+25791429807_attempt1+25852951350_attempt1+25911485679_attempt1+25957739510_attempt1+25986690554_attempt1+26029755017_attempt1+26091905404_attempt1+26156603287_attempt1
btc2_path_eff,alphaforge_interaction,2,d4_sp60_ov30_dep100_adv15_fix25_f100,0.85,0.25414882938923933,-0.24519973325748629,72,38,20,0.5277777777777778,0.2777777777777778,101.49071566713727,0.014907156671372768,0.010123076923076879,0.95,0.07453578335686198,2.4579742535633606,4,0.06,0.03,100.0,0.015,0.0025,0.01,-6.127961703561446e-05,0.0035911585749233144,0.9541984732824428,1.0,validation,23,26221008452_attempt1
btc2_path_eff,alphaforge_interaction,2,d4_sp60_ov30_dep100_adv15_fix25_f100,0.85,0.25414882938923933,-0.24519973325748629,80,39,20,0.4875,0.25,98.91769612727516,-0.010823038727248324,0.0260751258989421,0.85,-0.05411519363624153,0.6437703486844584,4,0.06,0.03,100.0,0.015,0.0025,0.01,-0.026075125898941898,-0.010404434243151295,0.0,1.0,test,23,26357456273_attempt1
size_imbalance_uncertainty,alphaforge_interaction,2,d4_sp40_ov30_dep100_adv5_fix25_f100,0.9,0.5598133347511604,-0.5503994028179527,1288,619,342,0.4805900621118012,0.265527950310559,84.54978288549617,-0.15450217114503828,0.20731753679541615,0.45614035087719296,-0.04517607343422134,0.9101159612669637,4,0.04,0.03,100.0,0.005,0.0025,0.01,-0.06933043495165736,-0.01017419993519142,0.37573447673495314,1.0,train,23,24949259015_attempt1+24952032748_attempt1+24986940107_attempt1+25044896828_attempt1+25100490855_attempt1+25157440693_attempt1+25208977834_attempt1+25247789591_attempt1+25274678535_attempt1+25311264469_attempt1+25367630341_attempt1+25427145257_attempt1+25487949887_attempt1+25545252940_attempt1+25596809734_attempt1+25624592440_attempt1+25665168591_attempt1+25791429807_attempt1+25852951350_attempt1+25911485679_attempt1+25957739510_attempt1+25986690554_attempt1+26029755017_attempt1+26091905404_attempt1+26156603287_attempt1
size_imbalance_uncertainty,alphaforge_interaction,2,d4_sp40_ov30_dep100_adv5_fix25_f100,0.9,0.5598133347511604,-0.5503994028179527,52,25,17,0.4807692307692308,0.3269230769230769,112.708920620898,0.1270892062089799,0.020469148780130113,0.7647058823529411,0.7475835659351757,3.779970492144966,4,0.04,0.03,100.0,0.005,0.0025,0.01,0.023231952762206687,0.06311212231718444,1.0,1.0,validation,23,26221008452_attempt1
size_imbalance_uncertainty,alphaforge_interaction,2,d4_sp40_ov30_dep100_adv5_fix25_f100,0.9,0.5598133347511604,-0.5503994028179527,53,27,17,0.5094339622641509,0.32075471698113206,101.17767689650897,0.011776768965089612,0.027144551133617512,0.5294117647058824,0.0692751115593514,1.1449029026013886,4,0.04,0.03,100.0,0.005,0.0025,0.01,-0.022838474887399207,0.01285251297772394,0.7525773195876289,1.0,test,23,26357456273_attempt1
classic_early_drop_down,classic_microstructure,1,d4_sp40_ov30_dep100_adv5_fix25_f100,,,,1459,451,330,0.30911583276216587,0.22618231665524333,125.72887532790585,0.25728875327905865,0.07941490961095223,0.7636363636363637,0.07796628887244213,1.3063260610994285,4,0.04,0.03,100.0,0.005,0.0025,0.01,-0.04422460868172973,0.006539780736869227,0.6238015522751483,1.0,train,24,24949259015_attempt1+24952032748_attempt1+24986940107_attempt1+25044896828_attempt1+25100490855_attempt1+25157440693_attempt1+25208977834_attempt1+25247789591_attempt1+25274678535_attempt1+25311264469_attempt1+25367630341_attempt1+25427145257_attempt1+25487949887_attempt1+25545252940_attempt1+25596809734_attempt1+25624592440_attempt1+25665168591_attempt1+25791429807_attempt1+25852951350_attempt1+25911485679_attempt1+25957739510_attempt1+25986690554_attempt1+26029755017_attempt1+26091905404_attempt1+26156603287_attempt1+26221008452_attempt1
classic_early_drop_down,classic_microstructure,1,d4_sp40_ov30_dep100_adv5_fix25_f100,,,,58,24,15,0.41379310344827586,0.25862068965517243,102.45637443073815,0.02456374430738162,0.010174672489082978,0.8666666666666667,0.16375829538254377,2.1898397019905453,4,0.04,0.03,100.0,0.005,0.0025,0.01,0.00446180720845013,0.009192780811830836,1.0,1.0,validation,24,26357456273_attempt1
classic_early_drop_down,classic_microstructure,1,d4_sp40_ov30_dep100_adv5_fix25_f100,,,,51,20,16,0.39215686274509803,0.3137254901960784,100.54924254553397,0.005492425455339678,0.021176929926671844,0.75,0.03432765909587175,1.1354138758983927,4,0.04,0.03,100.0,0.005,0.0025,0.01,-0.018256506996289446,0.006163590978707223,0.5294117647058824,1.0,test,24,26709070227_attempt1
btc2_path_eff,alphaforge_interaction,2,d4_sp40_ov30_dep100_adv5_fix25_f100,0.9,0.3736551112662455,-0.3688595979530107,1344,371,319,0.2760416666666667,0.23735119047619047,112.33942704081305,0.12339427040813056,0.07143039709279005,0.8620689655172413,0.0386815894696335,1.2569928961927042,4,0.04,0.03,100.0,0.005,0.0025,0.01,-0.03866016486754209,0.0012360548618748357,0.539187338304672,0.9939126464769441,train,24,24949259015_attempt1+24952032748_attempt1+24986940107_attempt1+25044896828_attempt1+25100490855_attempt1+25157440693_attempt1+25208977834_attempt1+25247789591_attempt1+25274678535_attempt1+25311264469_attempt1+25367630341_attempt1+25427145257_attempt1+25487949887_attempt1+25545252940_attempt1+25596809734_attempt1+25624592440_attempt1+25665168591_attempt1+25791429807_attempt1+25852951350_attempt1+25911485679_attempt1+25957739510_attempt1+25986690554_attempt1+26029755017_attempt1+26091905404_attempt1+26156603287_attempt1+26221008452_attempt1
btc2_path_eff,alphaforge_interaction,2,d4_sp40_ov30_dep100_adv5_fix25_f100,0.9,0.3736551112662455,-0.3688595979530107,67,27,18,0.40298507462686567,0.26865671641791045,101.20460882630182,0.012046088263018229,0.010112044817927135,0.9444444444444444,0.06692271257232008,2.185818960786232,4,0.04,0.03,100.0,0.005,0.0025,0.01,-0.000473700206497063,0.0024842026712514897,0.9690721649484536,1.0,validation,24,26357456273_attempt1
btc2_path_eff,alphaforge_interaction,2,d4_sp40_ov30_dep100_adv5_fix25_f100,0.9,0.3736551112662455,-0.3688595979530107,44,10,10,0.22727272727272727,0.22727272727272727,100.01710961013033,0.0001710961013032808,0.010112044817927202,0.9,0.001710961013034007,1.016746068674325,4,0.04,0.03,100.0,0.005,0.0025,0.01,-0.004849450448531134,0.005045012085957534,0.8739495798319328,1.0,test,24,26709070227_attempt1
size_imbalance_uncertainty,alphaforge_interaction,2,d4_sp40_ov30_dep100_adv15_fix25_f100,0.95,0.6912107359121636,-0.6886860587204492,672,349,230,0.5193452380952381,0.34226190476190477,103.56425320804213,0.03564253208042123,0.1821131015904911,0.48695652173913045,0.015496753078444477,1.0278700978106876,4,0.04,0.03,100.0,0.015,0.0025,0.01,-0.05006515643162168,-0.0034252293026810765,0.43189773246081264,0.9989347131334653,train,24,24949259015_attempt1+24952032748_attempt1+24986940107_attempt1+25044896828_attempt1+25100490855_attempt1+25157440693_attempt1+25208977834_attempt1+25247789591_attempt1+25274678535_attempt1+25311264469_attempt1+25367630341_attempt1+25427145257_attempt1+25487949887_attempt1+25545252940_attempt1+25596809734_attempt1+25624592440_attempt1+25665168591_attempt1+25791429807_attempt1+25852951350_attempt1+25911485679_attempt1+25957739510_attempt1+25986690554_attempt1+26029755017_attempt1+26091905404_attempt1+26156603287_attempt1+26221008452_attempt1
size_imbalance_uncertainty,alphaforge_interaction,2,d4_sp40_ov30_dep100_adv15_fix25_f100,0.95,0.6912107359121636,-0.6886860587204492,32,14,12,0.4375,0.375,100.14712095408886,0.0014712095408886405,0.014561626456083445,0.5,0.012260079507405652,1.0239066881436538,4,0.04,0.03,100.0,0.015,0.0025,0.01,-0.0020936516482237266,0.0023158133649339163,0.6082474226804123,1.0,validation,24,26357456273_attempt1
size_imbalance_uncertainty,alphaforge_interaction,2,d4_sp40_ov30_dep100_adv15_fix25_f100,0.95,0.6912107359121636,-0.6886860587204492,36,13,6,0.3611111111111111,0.16666666666666666,94.0069934382044,-0.059930065617955997,0.05993006561795596,0.0,-0.9988344269659349,0.0,4,0.04,0.03,100.0,0.015,0.0025,0.01,-0.04024405979536938,-0.020407357682105665,0.0,1.0,test,24,26709070227_attempt1
classic_early_drop_down,classic_microstructure,1,d4_sp40_ov30_dep100_adv15_fix25_f100,,,,1517,589,380,0.3882663150955834,0.2504943968358603,128.13461163379392,0.28134611633793916,0.07903547405628122,0.7736842105263158,0.07403845166787856,1.3015644626603975,4,0.04,0.03,100.0,0.015,0.0025,0.01,-0.04318048430465937,0.00691833407734932,0.63940684187344,1.0,train,25,24949259015_attempt1+24952032748_attempt1+24986940107_attempt1+25044896828_attempt1+25100490855_attempt1+25157440693_attempt1+25208977834_attempt1+25247789591_attempt1+25274678535_attempt1+25311264469_attempt1+25367630341_attempt1+25427145257_attempt1+25487949887_attempt1+25545252940_attempt1+25596809734_attempt1+25624592440_attempt1+25665168591_attempt1+25791429807_attempt1+25852951350_attempt1+25911485679_attempt1+25957739510_attempt1+25986690554_attempt1+26029755017_attempt1+26091905404_attempt1+26156603287_attempt1+26221008452_attempt1+26357456273_attempt1
classic_early_drop_down,classic_microstructure,1,d4_sp40_ov30_dep100_adv15_fix25_f100,,,,51,22,18,0.43137254901960786,0.35294117647058826,102.44477473953492,0.024447747395349273,0.014531195862614843,0.8333333333333334,0.13582081886304934,1.800463423110018,4,0.04,0.03,100.0,0.015,0.0025,0.01,-0.0065934299730451285,0.016477298365048743,0.7983193277310925,1.0,validation,25,26709070227_attempt1
classic_early_drop_down,classic_microstructure,1,d4_sp40_ov30_dep100_adv15_fix25_f100,,,,71,23,13,0.323943661971831,0.18309859154929578,101.33449221977072,0.013344922197707332,0.020179852656552352,0.7692307692307693,0.10265324767467163,1.4356238086500257,4,0.04,0.03,100.0,0.015,0.0025,0.01,-0.0018881251460270976,0.004431818401316567,0.58,1.0,test,25,26709294970_attempt1
btc2_path_eff,alphaforge_interaction,2,d8_sp40_ov30_dep100_adv15_fix25_f200,0.85,0.25023479146242056,-0.24733790845440842,2086,725,423,0.34755512943432404,0.2027804410354746,122.19681800117803,0.2219681800117803,0.13485889785623886,0.8416075650118203,0.05247474704770254,1.1364417143701295,8,0.04,0.03,100.0,0.015,0.0025,0.02,-0.08239910087372893,0.003214587120887069,0.5480839817941565,1.0,train,25,24949259015_attempt1+24952032748_attempt1+24986940107_attempt1+25044896828_attempt1+25100490855_attempt1+25157440693_attempt1+25208977834_attempt1+25247789591_attempt1+25274678535_attempt1+25311264469_attempt1+25367630341_attempt1+25427145257_attempt1+25487949887_attempt1+25545252940_attempt1+25596809734_attempt1+25624592440_attempt1+25665168591_attempt1+25791429807_attempt1+25852951350_attempt1+25911485679_attempt1+25957739510_attempt1+25986690554_attempt1+26029755017_attempt1+26091905404_attempt1+26156603287_attempt1+26221008452_attempt1+26357456273_attempt1
btc2_path_eff,alphaforge_interaction,2,d8_sp40_ov30_dep100_adv15_fix25_f200,0.85,0.25023479146242056,-0.24733790845440842,75,32,19,0.4266666666666667,0.25333333333333335,107.49968297580358,0.0749968297580359,0.0,1.0,0.39472015662124094,,8,0.04,0.03,100.0,0.015,0.0025,0.02,0.018222989825833702,0.045504346564731346,1.0,1.0,validation,25,26709070227_attempt1
btc2_path_eff,alphaforge_interaction,2,d8_sp40_ov30_dep100_adv15_fix25_f200,0.85,0.25023479146242056,-0.24733790845440842,76,28,16,0.3684210526315789,0.21052631578947367,99.76158277925933,-0.0023841722074067206,0.020237388724035642,0.875,-0.014901076296291782,0.941909058814813,8,0.04,0.03,100.0,0.015,0.0025,0.02,-0.0001337116661388471,0.004539323327741318,0.87,1.0,test,25,26709294970_attempt1
size_imbalance_uncertainty,alphaforge_interaction,2,d8_sp40_ov30_dep100_adv5_fix25_f100,0.9,0.5593999802044413,-0.5510711287966216,1390,603,359,0.43381294964028777,0.258273381294964,136.27017409412096,0.36270174094120966,0.18306197917533745,0.467966573816156,0.10103112561036491,1.1568283176380347,8,0.04,0.03,100.0,0.005,0.0025,0.01,-0.060584601938945215,0.0019313128971076843,0.5181324328292468,1.0,train,25,24949259015_attempt1+24952032748_attempt1+24986940107_attempt1+25044896828_attempt1+25100490855_attempt1+25157440693_attempt1+25208977834_attempt1+25247789591_attempt1+25274678535_attempt1+25311264469_attempt1+25367630341_attempt1+25427145257_attempt1+25487949887_attempt1+25545252940_attempt1+25596809734_attempt1+25624592440_attempt1+25665168591_attempt1+25791429807_attempt1+25852951350_attempt1+25911485679_attempt1+25957739510_attempt1+25986690554_attempt1+26029755017_attempt1+26091905404_attempt1+26156603287_attempt1+26221008452_attempt1+26357456273_attempt1
size_imbalance_uncertainty,alphaforge_interaction,2,d8_sp40_ov30_dep100_adv5_fix25_f100,0.9,0.5593999802044413,-0.5510711287966216,60,26,15,0.43333333333333335,0.25,101.42378321599581,0.014237832159958108,0.031177659253811885,0.4666666666666667,0.09491888106638702,1.173245821584916,8,0.04,0.03,100.0,0.005,0.0025,0.01,-0.023080914926283946,0.008959266291387324,0.8151260504201681,1.0,validation,25,26709070227_attempt1
size_imbalance_uncertainty,alphaforge_interaction,2,d8_sp40_ov30_dep100_adv5_fix25_f100,0.9,0.5593999802044413,-0.5510711287966216,51,17,12,0.3333333333333333,0.23529411764705882,95.78636500968607,-0.0421363499031393,0.06019576142755925,0.3333333333333333,-0.3511362491928273,0.48476576125038906,8,0.04,0.03,100.0,0.005,0.0025,0.01,-0.05049541731253593,-0.03156350312723194,0.0,1.0,test,25,26709294970_attempt1
classic_early_drop_down,classic_microstructure,1,d4_sp40_ov30_dep100_adv5_fix25_f100,,,,1568,495,360,0.3156887755102041,0.22959183673469388,129.0685906176464,0.29068590617646417,0.07941490961095223,0.7666666666666667,0.080746085049018,1.3168055460039407,4,0.04,0.03,100.0,0.005,0.0025,0.01,-0.04422460868172973,0.006523843597871393,0.6161459069701682,1.0,train,26,24949259015_attempt1+24952032748_attempt1+24986940107_attempt1+25044896828_attempt1+25100490855_attempt1+25157440693_attempt1+25208977834_attempt1+25247789591_attempt1+25274678535_attempt1+25311264469_attempt1+25367630341_attempt1+25427145257_attempt1+25487949887_attempt1+25545252940_attempt1+25596809734_attempt1+25624592440_attempt1+25665168591_attempt1+25791429807_attempt1+25852951350_attempt1+25911485679_attempt1+25957739510_attempt1+25986690554_attempt1+26029755017_attempt1+26091905404_attempt1+26156603287_attempt1+26221008452_attempt1+26357456273_attempt1+26709070227_attempt1
classic_early_drop_down,classic_microstructure,1,d4_sp40_ov30_dep100_adv5_fix25_f100,,,,71,19,12,0.2676056338028169,0.16901408450704225,101.4021432893097,0.014021432893096986,0.020175952164147384,0.75,0.1168452741091411,1.4585218321723004,4,0.04,0.03,100.0,0.005,0.0025,0.01,-0.002683834772726046,0.004526462272885445,0.7,1.0,validation,26,26709294970_attempt1
classic_early_drop_down,classic_microstructure,1,d4_sp40_ov30_dep100_adv5_fix25_f100,,,,94,39,20,0.4148936170212766,0.2127659574468085,99.73018457177363,-0.0026981542822636095,0.030023818836479137,0.7,-0.01349077141131802,0.9556458327157743,4,0.04,0.03,100.0,0.005,0.0025,0.01,-0.030023818836478977,-0.005673781847387649,0.24545454545454545,1.0,test,26,26755468029_attempt1
btc2_path_eff,alphaforge_interaction,2,d4_sp40_ov30_dep100_adv5_fix25_f200,0.85,0.2502207074654789,-0.24627439207604523,2166,650,425,0.30009233610341646,0.19621421975992612,96.45547738391573,-0.03544522616084267,0.2563187616199497,0.8094117647058824,-0.008340053214316077,0.979007931963025,4,0.04,0.03,100.0,0.005,0.0025,0.02,-0.10079808480136476,-0.001168680087389018,0.49356708610207833,1.0,train,26,24949259015_attempt1+24952032748_attempt1+24986940107_attempt1+25044896828_attempt1+25100490855_attempt1+25157440693_attempt1+25208977834_attempt1+25247789591_attempt1+25274678535_attempt1+25311264469_attempt1+25367630341_attempt1+25427145257_attempt1+25487949887_attempt1+25545252940_attempt1+25596809734_attempt1+25624592440_attempt1+25665168591_attempt1+25791429807_attempt1+25852951350_attempt1+25911485679_attempt1+25957739510_attempt1+25986690554_attempt1+26029755017_attempt1+26091905404_attempt1+26156603287_attempt1+26221008452_attempt1+26357456273_attempt1+26709070227_attempt1
btc2_path_eff,alphaforge_interaction,2,d4_sp40_ov30_dep100_adv5_fix25_f200,0.85,0.2502207074654789,-0.24627439207604523,77,32,17,0.4155844155844156,0.22077922077922077,104.42532053996054,0.04425320539960542,0.0,1.0,0.2603129729388545,,4,0.04,0.03,100.0,0.005,0.0025,0.02,0.01798672075589125,0.022788929128488622,1.0,1.0,validation,26,26709294970_attempt1
btc2_path_eff,alphaforge_interaction,2,d4_sp40_ov30_dep100_adv5_fix25_f200,0.85,0.2502207074654789,-0.24627439207604523,92,29,15,0.31521739130434784,0.16304347826086957,102.03958558066732,0.020395855806673246,0.0202144772117963,0.9333333333333333,0.1359723720444892,1.997210278318118,4,0.04,0.03,100.0,0.005,0.0025,0.02,-0.005988906454777232,0.005735787448392982,0.8363636363636363,1.0,test,26,26755468029_attempt1
size_imbalance_uncertainty,alphaforge_interaction,2,d4_sp40_ov30_dep300_adv5_fix25_f100,0.9,0.5586153813714919,-0.5546906503737848,1442,359,266,0.24895977808599168,0.18446601941747573,75.10026372388056,-0.24899736276119444,0.3221437633242472,0.41729323308270677,-0.09360803111323045,0.8108983475911975,4,0.04,0.03,300.0,0.005,0.0025,0.01,-0.06293798607199796,-0.008074303292257778,0.36010179556058247,0.9992930863848438,train,26,24949259015_attempt1+24952032748_attempt1+24986940107_attempt1+25044896828_attempt1+25100490855_attempt1+25157440693_attempt1+25208977834_attempt1+25247789591_attempt1+25274678535_attempt1+25311264469_attempt1+25367630341_attempt1+25427145257_attempt1+25487949887_attempt1+25545252940_attempt1+25596809734_attempt1+25624592440_attempt1+25665168591_attempt1+25791429807_attempt1+25852951350_attempt1+25911485679_attempt1+25957739510_attempt1+25986690554_attempt1+26029755017_attempt1+26091905404_attempt1+26156603287_attempt1+26221008452_attempt1+26357456273_attempt1+26709070227_attempt1
size_imbalance_uncertainty,alphaforge_interaction,2,d4_sp40_ov30_dep300_adv5_fix25_f100,0.9,0.5586153813714919,-0.5546906503737848,50,14,11,0.28,0.22,100.1034376862904,0.001034376862903974,0.02048735830573305,0.45454545454545453,0.009403426026398654,1.0165600799703975,4,0.04,0.03,300.0,0.005,0.0025,0.01,-0.017401583632461026,-0.011081967261632464,0.4,1.0,validation,26,26709294970_attempt1
size_imbalance_uncertainty,alphaforge_interaction,2,d4_sp40_ov30_dep300_adv5_fix25_f100,0.9,0.5586153813714919,-0.5546906503737848,37,14,8,0.3783783783783784,0.21621621621621623,96.14930146324507,-0.03850698536754937,0.03850698536754933,0.25,-0.481337317094367,0.36482525219602574,4,0.04,0.03,300.0,0.005,0.0025,0.01,-0.022545970339230004,-0.012363360020057002,0.09090909090909091,1.0,test,26,26755468029_attempt1
classic_early_drop_down,classic_microstructure,1,d4_sp40_ov30_dep300_adv15_fix25_f200,,,,1639,334,271,0.20378279438682123,0.16534472239170225,148.82110617971247,0.4882110617971247,0.08176231195074075,0.7749077490774908,0.18015168331997208,1.3117472706461513,4,0.04,0.03,300.0,0.015,0.0025,0.02,-0.0550092937032991,0.006221942633031663,0.6197375615090214,0.9782668124658284,train,27,24949259015_attempt1+24952032748_attempt1+24986940107_attempt1+25044896828_attempt1+25100490855_attempt1+25157440693_attempt1+25208977834_attempt1+25247789591_attempt1+25274678535_attempt1+25311264469_attempt1+25367630341_attempt1+25427145257_attempt1+25487949887_attempt1+25545252940_attempt1+25596809734_attempt1+25624592440_attempt1+25665168591_attempt1+25791429807_attempt1+25852951350_attempt1+25911485679_attempt1+25957739510_attempt1+25986690554_attempt1+26029755017_attempt1+26091905404_attempt1+26156603287_attempt1+26221008452_attempt1+26357456273_attempt1+26709070227_attempt1+26709294970_attempt1
classic_early_drop_down,classic_microstructure,1,d4_sp40_ov30_dep300_adv15_fix25_f200,,,,94,25,19,0.26595744680851063,0.20212765957446807,111.32892963230361,0.11328929632303608,0.020306513409961716,0.8947368421052632,0.5962594543317689,3.62822455346024,4,0.04,0.03,300.0,0.015,0.0025,0.02,0.01627960434926612,0.04949061922976794,1.0,1.0,validation,27,26755468029_attempt1
classic_early_drop_down,classic_microstructure,1,d4_sp40_ov30_dep300_adv15_fix25_f200,,,,109,38,20,0.3486238532110092,0.1834862385321101,102.53900633110318,0.025390063311031774,0.05818777118024475,0.7,0.12695031655515937,1.201220777249686,4,0.04,0.03,300.0,0.015,0.0025,0.02,-0.05078644894559314,-0.0004437246711900267,0.4406779661016949,1.0,test,27,26832707302_attempt1
btc2_path_eff,alphaforge_interaction,2,d4_sp40_ov50_dep100_adv15_fix75_f100,0.85,0.2502089087382533,-0.2474680903187834,2238,921,475,0.41152815013404825,0.21224307417336907,101.82741366698251,0.018274136669825136,0.12013071490216608,0.8294736842105264,0.003847186667331735,1.021911852570002,4,0.04,0.05,100.0,0.015,0.0075,0.01,-0.045856853014205834,-0.0003186774765867595,0.48974849644614543,1.0,train,27,24949259015_attempt1+24952032748_attempt1+24986940107_attempt1+25044896828_attempt1+25100490855_attempt1+25157440693_attempt1+25208977834_attempt1+25247789591_attempt1+25274678535_attempt1+25311264469_attempt1+25367630341_attempt1+25427145257_attempt1+25487949887_attempt1+25545252940_attempt1+25596809734_attempt1+25624592440_attempt1+25665168591_attempt1+25791429807_attempt1+25852951350_attempt1+25911485679_attempt1+25957739510_attempt1+25986690554_attempt1+26029755017_attempt1+26091905404_attempt1+26156603287_attempt1+26221008452_attempt1+26357456273_attempt1+26709070227_attempt1+26709294970_attempt1
btc2_path_eff,alphaforge_interaction,2,d4_sp40_ov50_dep100_adv15_fix75_f100,0.85,0.2502089087382533,-0.2474680903187834,92,40,18,0.43478260869565216,0.1956521739130435,101.25904460224798,0.012590446022479718,0.010106666666666672,0.9444444444444444,0.06994692234710961,2.2311172871208593,4,0.04,0.05,100.0,0.015,0.0075,0.01,-0.008879845723857027,0.0025652916963638805,0.8181818181818182,1.0,validation,27,26755468029_attempt1
btc2_path_eff,alphaforge_interaction,2,d4_sp40_ov50_dep100_adv15_fix75_f100,0.85,0.2502089087382533,-0.2474680903187834,114,54,20,0.47368421052631576,0.17543859649122806,101.56189461868148,0.015618946186814808,0.020120196092022993,0.8,0.07809473093407422,1.3813722230417382,4,0.04,0.05,100.0,0.015,0.0075,0.01,-0.008868088324923029,-0.006584680610209226,0.4406779661016949,1.0,test,27,26832707302_attempt1
size_imbalance_uncertainty,alphaforge_interaction,2,d8_sp40_ov30_dep100_adv5_fix25_f100,0.9,0.5582206278399464,-0.555152198078441,1490,641,385,0.4302013422818792,0.25838926174496646,137.10322378875782,0.3710322378875781,0.15742955506403594,0.4675324675324675,0.09637200984092933,1.1433405006639217,8,0.04,0.03,100.0,0.005,0.0025,0.01,-0.060584601938945215,0.003988313220238515,0.5255604155276107,1.0,train,27,24949259015_attempt1+24952032748_attempt1+24986940107_attempt1+25044896828_attempt1+25100490855_attempt1+25157440693_attempt1+25208977834_attempt1+25247789591_attempt1+25274678535_attempt1+25311264469_attempt1+25367630341_attempt1+25427145257_attempt1+25487949887_attempt1+25545252940_attempt1+25596809734_attempt1+25624592440_attempt1+25665168591_attempt1+25791429807_attempt1+25852951350_attempt1+25911485679_attempt1+25957739510_attempt1+25986690554_attempt1+26029755017_attempt1+26091905404_attempt1+26156603287_attempt1+26221008452_attempt1+26357456273_attempt1+26709070227_attempt1+26709294970_attempt1
size_imbalance_uncertainty,alphaforge_interaction,2,d8_sp40_ov30_dep100_adv5_fix25_f100,0.9,0.5582206278399464,-0.555152198078441,37,15,12,0.40540540540540543,0.32432432432432434,106.93717007919875,0.0693717007919874,0.020482485906040338,0.5833333333333334,0.5780975065998989,2.283255790803464,8,0.04,0.03,100.0,0.005,0.0025,0.01,-0.01097970405289006,0.0641977497642694,0.9727272727272728,1.0,validation,27,26755468029_attempt1
size_imbalance_uncertainty,alphaforge_interaction,2,d8_sp40_ov30_dep100_adv5_fix25_f100,0.9,0.5582206278399464,-0.555152198078441,42,18,11,0.42857142857142855,0.2619047619047619,94.89962677449704,-0.05100373225502963,0.05100373225502963,0.2727272727272727,-0.4636702932275428,0.36576769914305335,8,0.04,0.03,100.0,0.005,0.0025,0.01,-0.040841184998621216,-0.020902068870187418,0.0,1.0,test,27,26832707302_attempt1
classic_early_drop_down,classic_microstructure,1,d4_sp40_ov30_dep100_adv15_fix25_f100,,,,1733,681,425,0.3929601846508944,0.24523946912867858,130.69997312480095,0.3069997312480095,0.07903547405628122,0.7717647058823529,0.07223523088188445,1.2852877236603029,4,0.04,0.03,100.0,0.015,0.0025,0.01,-0.04318048430465937,0.006458153438585912,0.6294094332144272,1.0,train,28,24949259015_attempt1+24952032748_attempt1+24986940107_attempt1+25044896828_attempt1+25100490855_attempt1+25157440693_attempt1+25208977834_attempt1+25247789591_attempt1+25274678535_attempt1+25311264469_attempt1+25367630341_attempt1+25427145257_attempt1+25487949887_attempt1+25545252940_attempt1+25596809734_attempt1+25624592440_attempt1+25665168591_attempt1+25791429807_attempt1+25852951350_attempt1+25911485679_attempt1+25957739510_attempt1+25986690554_attempt1+26029755017_attempt1+26091905404_attempt1+26156603287_attempt1+26221008452_attempt1+26357456273_attempt1+26709070227_attempt1+26709294970_attempt1+26755468029_attempt1
classic_early_drop_down,classic_microstructure,1,d4_sp40_ov30_dep100_adv15_fix25_f100,,,,109,48,20,0.44036697247706424,0.1834862385321101,102.0654392788687,0.02065439278868686,0.030094687146375344,0.75,0.10327196394343534,1.399142705154105,4,0.04,0.03,100.0,0.015,0.0025,0.01,-0.024075038093324896,-0.003969911645029134,0.3220338983050847,1.0,validation,28,26832707302_attempt1
classic_early_drop_down,classic_microstructure,1,d4_sp40_ov30_dep100_adv15_fix25_f100,,,,105,30,20,0.2857142857142857,0.19047619047619047,99.25405733053725,-0.007459426694627513,0.030260494413593835,0.75,-0.03729713347313692,0.8544823773101888,4,0.04,0.03,100.0,0.015,0.0025,0.01,-0.006673967709853845,0.009491445400250598,0.7589285714285714,1.0,test,28,26944523023_attempt1
btc2_path_eff,alphaforge_interaction,2,d8_sp40_ov30_dep300_adv15_fix25_f100,0.9,0.37627915640909493,-0.38027887187869414,1544,279,267,0.18069948186528498,0.17292746113989638,112.75288473983008,0.12752884739830073,0.045876607818400854,0.9101123595505618,0.04776361325779029,1.513398989900185,8,0.04,0.03,300.0,0.015,0.0025,0.01,-0.02021499287054407,0.002926751012492401,0.6637600739859955,0.983485268859823,train,28,24949259015_attempt1+24952032748_attempt1+24986940107_attempt1+25044896828_attempt1+25100490855_attempt1+25157440693_attempt1+25208977834_attempt1+25247789591_attempt1+25274678535_attempt1+25311264469_attempt1+25367630341_attempt1+25427145257_attempt1+25487949887_attempt1+25545252940_attempt1+25596809734_attempt1+25624592440_attempt1+25665168591_attempt1+25791429807_attempt1+25852951350_attempt1+25911485679_attempt1+25957739510_attempt1+25986690554_attempt1+26029755017_attempt1+26091905404_attempt1+26156603287_attempt1+26221008452_attempt1+26357456273_attempt1+26709070227_attempt1+26709294970_attempt1+26755468029_attempt1
btc2_path_eff,alphaforge_interaction,2,d8_sp40_ov30_dep300_adv15_fix25_f100,0.9,0.37627915640909493,-0.38027887187869414,94,28,20,0.2978723404255319,0.2127659574468085,103.86884852952373,0.038688485295237385,0.018548407220960426,0.9,0.1934424264761878,2.9205001910928328,8,0.04,0.03,300.0,0.015,0.0025,0.01,0.0022110498409331214,0.006261067020104649,1.0,1.0,validation,28,26832707302_attempt1
btc2_path_eff,alphaforge_interaction,2,d8_sp40_ov30_dep300_adv15_fix25_f100,0.9,0.37627915640909493,-0.38027887187869414,90,22,17,0.24444444444444444,0.18888888888888888,101.1787278264995,0.011787278264995038,0.010115942028985553,0.9411764705882353,0.06933693097056025,2.1482428462724026,8,0.04,0.03,300.0,0.015,0.0025,0.01,-0.0036287736416164007,-0.0009755777415845213,0.4732142857142857,1.0,test,28,26944523023_attempt1
size_imbalance_uncertainty,alphaforge_interaction,2,d4_sp40_ov30_dep300_adv15_fix25_f100,0.9,0.5531655931506073,-0.554740364015983,1542,413,305,0.26783398184176394,0.19779507133592736,79.97522545268185,-0.20024774547318147,0.2640521913635791,0.4360655737704918,-0.06565499851579706,0.8677961421125842,4,0.04,0.03,300.0,0.015,0.0025,0.01,-0.06293798607199796,-0.00795303371588163,0.38036728762055755,0.9993394107543929,train,28,24949259015_attempt1+24952032748_attempt1+24986940107_attempt1+25044896828_attempt1+25100490855_attempt1+25157440693_attempt1+25208977834_attempt1+25247789591_attempt1+25274678535_attempt1+25311264469_attempt1+25367630341_attempt1+25427145257_attempt1+25487949887_attempt1+25545252940_attempt1+25596809734_attempt1+25624592440_attempt1+25665168591_attempt1+25791429807_attempt1+25852951350_attempt1+25911485679_attempt1+25957739510_attempt1+25986690554_attempt1+26029755017_attempt1+26091905404_attempt1+26156603287_attempt1+26221008452_attempt1+26357456273_attempt1+26709070227_attempt1+26709294970_attempt1+26755468029_attempt1
size_imbalance_uncertainty,alphaforge_interaction,2,d4_sp40_ov30_dep300_adv15_fix25_f100,0.9,0.5531655931506073,-0.554740364015983,43,15,12,0.3488372093023256,0.27906976744186046,101.01784150304103,0.010178415030410282,0.02299075240307161,0.5,0.08482012525341799,1.1655050824503812,4,0.04,0.03,300.0,0.015,0.0025,0.01,-0.005443012680591663,0.033837078173776236,0.8898305084745762,1.0,validation,28,26832707302_attempt1
size_imbalance_uncertainty,alphaforge_interaction,2,d4_sp40_ov30_dep300_adv15_fix25_f100,0.9,0.5531655931506073,-0.554740364015983,39,9,6,0.23076923076923078,0.15384615384615385,100.54224011572923,0.005422401157292311,0.02271368153363649,0.5,0.09037335262153971,1.1725181134380978,4,0.04,0.03,300.0,0.015,0.0025,0.01,-0.02271368153363662,0.0072998551178311555,0.6160714285714286,1.0,test,28,26944523023_attempt1
classic_early_drop_down,classic_microstructure,1,d8_sp60_ov30_dep100_adv15_fix25_f200,,,,1842,655,418,0.3555917480998914,0.2269272529858849,97.3937919075152,-0.026062080924848074,0.1536449718021604,0.7009569377990431,-0.006234947589676525,0.9896396388683657,8,0.06,0.03,100.0,0.015,0.0025,0.02,-0.0881822875173992,-0.0010302333307077305,0.4904214559386973,1.0,train,29,24949259015_attempt1+24952032748_attempt1+24986940107_attempt1+25044896828_attempt1+25100490855_attempt1+25157440693_attempt1+25208977834_attempt1+25247789591_attempt1+25274678535_attempt1+25311264469_attempt1+25367630341_attempt1+25427145257_attempt1+25487949887_attempt1+25545252940_attempt1+25596809734_attempt1+25624592440_attempt1+25665168591_attempt1+25791429807_attempt1+25852951350_attempt1+25911485679_attempt1+25957739510_attempt1+25986690554_attempt1+26029755017_attempt1+26091905404_attempt1+26156603287_attempt1+26221008452_attempt1+26357456273_attempt1+26709070227_attempt1+26709294970_attempt1+26755468029_attempt1+26832707302_attempt1
classic_early_drop_down,classic_microstructure,1,d8_sp60_ov30_dep100_adv15_fix25_f200,,,,105,29,19,0.2761904761904762,0.18095238095238095,104.13771833925091,0.041377183392509176,0.020368663594470083,0.7894736842105263,0.21777464943425867,1.4975202870239015,8,0.06,0.03,100.0,0.015,0.0025,0.02,-0.0038227130479941973,0.019181940928659102,0.9821428571428571,1.0,validation,29,26944523023_attempt1
classic_early_drop_down,classic_microstructure,1,d8_sp60_ov30_dep100_adv15_fix25_f200,,,,109,39,20,0.3577981651376147,0.1834862385321101,98.41308981258166,-0.015869101874183444,0.07373168123295858,0.6,-0.0793455093709172,0.9031953874230955,8,0.06,0.03,100.0,0.015,0.0025,0.02,-0.059062273469679405,0.02373756680022643,0.7058823529411765,1.0,test,29,27008365180_attempt1
btc2_path_eff,alphaforge_interaction,2,d8_sp40_ov50_dep100_adv15_fix75_f100,0.85,0.2529103788722759,-0.25813496206184916,2392,857,486,0.35827759197324416,0.20317725752508362,107.59898495041647,0.07598984950416465,0.07647422725770202,0.845679012345679,0.01563577150291498,1.0939087389541413,8,0.04,0.05,100.0,0.015,0.0075,0.01,-0.04618897753055384,0.0007938771842439518,0.5339719029374201,1.0,train,29,24949259015_attempt1+24952032748_attempt1+24986940107_attempt1+25044896828_attempt1+25100490855_attempt1+25157440693_attempt1+25208977834_attempt1+25247789591_attempt1+25274678535_attempt1+25311264469_attempt1+25367630341_attempt1+25427145257_attempt1+25487949887_attempt1+25545252940_attempt1+25596809734_attempt1+25624592440_attempt1+25665168591_attempt1+25791429807_attempt1+25852951350_attempt1+25911485679_attempt1+25957739510_attempt1+25986690554_attempt1+26029755017_attempt1+26091905404_attempt1+26156603287_attempt1+26221008452_attempt1+26357456273_attempt1+26709070227_attempt1+26709294970_attempt1+26755468029_attempt1+26832707302_attempt1
btc2_path_eff,alphaforge_interaction,2,d8_sp40_ov50_dep100_adv15_fix75_f100,0.85,0.2529103788722759,-0.25813496206184916,118,42,20,0.3559322033898305,0.1694915254237288,103.00165816959874,0.03001658169598742,0.010115273775216073,0.95,0.1500829084799377,3.8784841075134913,8,0.04,0.05,100.0,0.015,0.0075,0.01,-0.0013522577404816438,0.007980573492453402,0.9821428571428571,1.0,validation,29,26944523023_attempt1
btc2_path_eff,alphaforge_interaction,2,d8_sp40_ov50_dep100_adv15_fix75_f100,0.85,0.2529103788722759,-0.25813496206184916,109,44,19,0.4036697247706422,0.1743119266055046,98.81299346420663,-0.011870065357933779,0.0333034776468743,0.7894736842105263,-0.062474028199652275,0.7045836136622641,8,0.04,0.05,100.0,0.015,0.0075,0.01,-0.03193840186603003,-0.0018562327109692411,0.4957983193277311,1.0,test,29,27008365180_attempt1
size_imbalance_uncertainty,alphaforge_interaction,2,d8_sp40_ov30_dep100_adv5_fix25_f100,0.95,0.6909360153935921,-0.6937055327140536,798,331,232,0.41478696741854637,0.2907268170426065,118.41470959486993,0.18414709594869927,0.1599095946544408,0.4870689655172414,0.07937374825374993,1.1228935861018723,8,0.04,0.03,100.0,0.005,0.0025,0.01,-0.041267856685219595,-0.000582465870767046,0.49476372924648787,0.9973180076628353,train,29,24949259015_attempt1+24952032748_attempt1+24986940107_attempt1+25044896828_attempt1+25100490855_attempt1+25157440693_attempt1+25208977834_attempt1+25247789591_attempt1+25274678535_attempt1+25311264469_attempt1+25367630341_attempt1+25427145257_attempt1+25487949887_attempt1+25545252940_attempt1+25596809734_attempt1+25624592440_attempt1+25665168591_attempt1+25791429807_attempt1+25852951350_attempt1+25911485679_attempt1+25957739510_attempt1+25986690554_attempt1+26029755017_attempt1+26091905404_attempt1+26156603287_attempt1+26221008452_attempt1+26357456273_attempt1+26709070227_attempt1+26709294970_attempt1+26755468029_attempt1+26832707302_attempt1
size_imbalance_uncertainty,alphaforge_interaction,2,d8_sp40_ov30_dep100_adv5_fix25_f100,0.95,0.6909360153935921,-0.6937055327140536,16,9,9,0.5625,0.5625,107.89185189249127,0.07891851892491264,0.020302653245580112,0.7777777777777778,0.8768724324990307,4.529631879245996,8,0.04,0.03,100.0,0.005,0.0025,0.01,0.000718581752917391,0.025469956520317583,1.0,1.0,validation,29,26944523023_attempt1
size_imbalance_uncertainty,alphaforge_interaction,2,d8_sp40_ov30_dep100_adv5_fix25_f100,0.95,0.6909360153935921,-0.6937055327140536,20,10,7,0.5,0.35,97.34239193383664,-0.02657608066163364,0.030400546610929807,0.2857142857142857,-0.37965829516619454,0.47623211928134274,8,0.04,0.03,100.0,0.005,0.0025,0.01,-0.008831950860910598,0.003944377171344549,0.7226890756302521,1.0,test,29,27008365180_attempt1
classic_early_drop_down,classic_microstructure,1,d4_sp40_ov30_dep100_adv5_fix25_f100,,,,1947,616,423,0.3163841807909605,0.2172573189522342,138.57554254582075,0.3857554254582076,0.07941490961095223,0.7683215130023641,0.09119513604212948,1.3476755327783356,4,0.04,0.03,100.0,0.005,0.0025,0.01,-0.04422460868172973,0.006539780736869227,0.6242424242424243,1.0,train,30,24949259015_attempt1+24952032748_attempt1+24986940107_attempt1+25044896828_attempt1+25100490855_attempt1+25157440693_attempt1+25208977834_attempt1+25247789591_attempt1+25274678535_attempt1+25311264469_attempt1+25367630341_attempt1+25427145257_attempt1+25487949887_attempt1+25545252940_attempt1+25596809734_attempt1+25624592440_attempt1+25665168591_attempt1+25791429807_attempt1+25852951350_attempt1+25911485679_attempt1+25957739510_attempt1+25986690554_attempt1+26029755017_attempt1+26091905404_attempt1+26156603287_attempt1+26221008452_attempt1+26357456273_attempt1+26709070227_attempt1+26709294970_attempt1+26755468029_attempt1+26832707302_attempt1+26944523023_attempt1
classic_early_drop_down,classic_microstructure,1,d4_sp40_ov30_dep100_adv5_fix25_f100,,,,109,41,20,0.3761467889908257,0.1834862385321101,103.57412053373537,0.03574120533735359,0.02284668060103154,0.75,0.17870602668676916,1.701099273264224,4,0.04,0.03,100.0,0.005,0.0025,0.01,-0.0035734959744433414,0.018825587349337036,0.8991596638655462,1.0,validation,30,27008365180_attempt1
classic_early_drop_down,classic_microstructure,1,d4_sp40_ov30_dep100_adv5_fix25_f100,,,,103,38,20,0.36893203883495146,0.1941747572815534,96.30563961285682,-0.03694360387143181,0.045446889387026373,0.6,-0.1847180193571581,0.5362858007993702,4,0.04,0.03,100.0,0.005,0.0025,0.01,-0.023609252987531915,-0.0021962415147012138,0.3971631205673759,1.0,test,30,27059341408_attempt1
btc2_path_eff,alphaforge_interaction,2,d4_sp40_ov30_dep100_adv5_fix25_f100,0.95,0.6124154126072465,-0.6752437459148225,824,203,201,0.24635922330097088,0.24393203883495146,119.55596387872617,0.1955596387872618,0.04399138107166563,0.9154228855721394,0.09729335263047814,1.979744551997167,4,0.04,0.03,100.0,0.005,0.0025,0.01,-0.020140635807031404,0.0018196675900277182,0.7593073593073593,0.9799628942486085,train,30,24949259015_attempt1+24952032748_attempt1+24986940107_attempt1+25044896828_attempt1+25100490855_attempt1+25157440693_attempt1+25208977834_attempt1+25247789591_attempt1+25274678535_attempt1+25311264469_attempt1+25367630341_attempt1+25427145257_attempt1+25487949887_attempt1+25545252940_attempt1+25596809734_attempt1+25624592440_attempt1+25665168591_attempt1+25791429807_attempt1+25852951350_attempt1+25911485679_attempt1+25957739510_attempt1+25986690554_attempt1+26029755017_attempt1+26091905404_attempt1+26156603287_attempt1+26221008452_attempt1+26357456273_attempt1+26709070227_attempt1+26709294970_attempt1+26755468029_attempt1+26832707302_attempt1+26944523023_attempt1
btc2_path_eff,alphaforge_interaction,2,d4_sp40_ov30_dep100_adv5_fix25_f100,0.95,0.6124154126072465,-0.6752437459148225,48,15,13,0.3125,0.2708333333333333,100.41417928114974,0.004141792811497513,0.010113314447592083,0.9230769230769231,0.031859944703827296,1.4080699380323123,4,0.04,0.03,100.0,0.005,0.0025,0.01,-0.0003859626290528828,0.007060152228583805,0.8235294117647058,1.0,validation,30,27008365180_attempt1
btc2_path_eff,alphaforge_interaction,2,d4_sp40_ov30_dep100_adv5_fix25_f100,0.95,0.6124154126072465,-0.6752437459148225,27,9,9,0.3333333333333333,0.3333333333333333,100.81834175178412,0.00818341751784124,0.0,1.0,0.09092686130934571,,4,0.04,0.03,100.0,0.005,0.0025,0.01,0.001596966319684423,0.0019912958339836084,1.0,1.0,test,30,27059341408_attempt1
size_imbalance_uncertainty,alphaforge_interaction,2,d4_sp40_ov30_dep100_adv5_fix25_f100,0.9,0.5490438771897402,-0.5538719142674738,1644,780,429,0.4744525547445255,0.26094890510948904,99.68930506027176,-0.003106949397282399,0.18302471753770305,0.4592074592074592,-0.0007242306287369386,0.9986431099859603,4,0.04,0.03,100.0,0.005,0.0025,0.01,-0.06967028706803569,-0.002654826099630525,0.47569573283858996,1.0,train,30,24949259015_attempt1+24952032748_attempt1+24986940107_attempt1+25044896828_attempt1+25100490855_attempt1+25157440693_attempt1+25208977834_attempt1+25247789591_attempt1+25274678535_attempt1+25311264469_attempt1+25367630341_attempt1+25427145257_attempt1+25487949887_attempt1+25545252940_attempt1+25596809734_attempt1+25624592440_attempt1+25665168591_attempt1+25791429807_attempt1+25852951350_attempt1+25911485679_attempt1+25957739510_attempt1+25986690554_attempt1+26029755017_attempt1+26091905404_attempt1+26156603287_attempt1+26221008452_attempt1+26357456273_attempt1+26709070227_attempt1+26709294970_attempt1+26755468029_attempt1+26832707302_attempt1+26944523023_attempt1
size_imbalance_uncertainty,alphaforge_interaction,2,d4_sp40_ov30_dep100_adv5_fix25_f100,0.9,0.5490438771897402,-0.5538719142674738,49,21,17,0.42857142857142855,0.3469387755102041,106.1645152383815,0.06164515238381507,0.02025880845480458,0.5882352941176471,0.3626185434342055,1.855956234949223,4,0.04,0.03,100.0,0.005,0.0025,0.01,-0.012949999417706026,0.026495573206697154,0.9495798319327731,1.0,validation,30,27008365180_attempt1
size_imbalance_uncertainty,alphaforge_interaction,2,d4_sp40_ov30_dep100_adv5_fix25_f100,0.9,0.5490438771897402,-0.5538719142674738,63,34,20,0.5396825396825397,0.31746031746031744,96.91009967097433,-0.030899003290256633,0.03839765376182683,0.4,-0.1544950164512821,0.74595916569436,4,0.04,0.03,100.0,0.005,0.0025,0.01,-0.02847231689114693,-0.002497804685651528,0.44680851063829785,1.0,test,30,27059341408_attempt1
classic_early_drop_down,classic_microstructure,1,d4_sp40_ov30_dep300_adv5_fix25_f100,,,,2056,369,301,0.17947470817120623,0.14640077821011674,125.67872669988567,0.2567872669988567,0.05421198265043597,0.7541528239202658,0.08531138438500241,1.3047453717313628,4,0.04,0.03,300.0,0.005,0.0025,0.01,-0.036527137724974845,0.0019123907649098992,0.5833233497064814,0.9462082185216245,train,31,24949259015_attempt1+24952032748_attempt1+24986940107_attempt1+25044896828_attempt1+25100490855_attempt1+25157440693_attempt1+25208977834_attempt1+25247789591_attempt1+25274678535_attempt1+25311264469_attempt1+25367630341_attempt1+25427145257_attempt1+25487949887_attempt1+25545252940_attempt1+25596809734_attempt1+25624592440_attempt1+25665168591_attempt1+25791429807_attempt1+25852951350_attempt1+25911485679_attempt1+25957739510_attempt1+25986690554_attempt1+26029755017_attempt1+26091905404_attempt1+26156603287_attempt1+26221008452_attempt1+26357456273_attempt1+26709070227_attempt1+26709294970_attempt1+26755468029_attempt1+26832707302_attempt1+26944523023_attempt1+27008365180_attempt1
classic_early_drop_down,classic_microstructure,1,d4_sp40_ov30_dep300_adv5_fix25_f100,,,,103,30,20,0.2912621359223301,0.1941747572815534,100.13937150712917,0.0013937150712917123,0.02634891201621986,0.75,0.006968575356457935,1.0275443130761532,4,0.04,0.03,300.0,0.005,0.0025,0.01,-0.008291537160625695,0.008219607248500793,0.8581560283687943,1.0,validation,31,27059341408_attempt1
classic_early_drop_down,classic_microstructure,1,d4_sp40_ov30_dep300_adv5_fix25_f100,,,,93,34,20,0.3655913978494624,0.21505376344086022,101.30834618151209,0.01308346181512099,0.022971036981693692,0.7,0.06541730907560381,1.213110251950993,4,0.04,0.03,300.0,0.005,0.0025,0.01,-0.01746886250331814,0.0041707246100799455,0.6272727272727273,1.0,test,31,27089462916_attempt1
btc2_path_eff,alphaforge_interaction,2,d4_sp40_ov50_dep100_adv5_fix25_f100,0.9,0.3950832111400499,-0.40906495871088305,1698,513,405,0.30212014134275617,0.23851590106007067,120.01725576787625,0.20017255767876252,0.06858405129416971,0.8790123456790123,0.04942532288364475,1.3658106581490186,4,0.04,0.05,100.0,0.005,0.0025,0.01,-0.03866016486754209,0.0029153575771541096,0.607284054151192,0.9952078591110579,train,31,24949259015_attempt1+24952032748_attempt1+24986940107_attempt1+25044896828_attempt1+25100490855_attempt1+25157440693_attempt1+25208977834_attempt1+25247789591_attempt1+25274678535_attempt1+25311264469_attempt1+25367630341_attempt1+25427145257_attempt1+25487949887_attempt1+25545252940_attempt1+25596809734_attempt1+25624592440_attempt1+25665168591_attempt1+25791429807_attempt1+25852951350_attempt1+25911485679_attempt1+25957739510_attempt1+25986690554_attempt1+26029755017_attempt1+26091905404_attempt1+26156603287_attempt1+26221008452_attempt1+26357456273_attempt1+26709070227_attempt1+26709294970_attempt1+26755468029_attempt1+26832707302_attempt1+26944523023_attempt1+27008365180_attempt1
btc2_path_eff,alphaforge_interaction,2,d4_sp40_ov50_dep100_adv5_fix25_f100,0.9,0.3950832111400499,-0.40906495871088305,53,24,20,0.4528301886792453,0.37735849056603776,101.48676583191946,0.014867658319194454,0.010123076923076941,0.95,0.07433829159597402,2.445323154616954,4,0.04,0.05,100.0,0.005,0.0025,0.01,-0.004534424601937981,0.0006704758832698499,0.6453900709219859,1.0,validation,31,27059341408_attempt1
btc2_path_eff,alphaforge_interaction,2,d4_sp40_ov50_dep100_adv5_fix25_f100,0.9,0.3950832111400499,-0.40906495871088305,64,22,16,0.34375,0.25,100.482114493334,0.00482114493333996,0.010112044817927237,0.9375,0.03013215583337535,1.4738408830304701,4,0.04,0.05,100.0,0.005,0.0025,0.01,-0.004167794884546661,0.0009817938340039856,0.6181818181818182,1.0,test,31,27089462916_attempt1
size_imbalance_uncertainty,alphaforge_interaction,2,d4_sp40_ov30_dep300_adv5_fix25_f100,0.95,0.6878100905808051,-0.693439231547259,848,206,157,0.2429245283018868,0.18514150943396226,94.55321352076956,-0.054467864792304366,0.17916759623164671,0.445859872611465,-0.03469290751102133,0.9405792569359035,4,0.04,0.03,300.0,0.005,0.0025,0.01,-0.040218428539262385,-0.004220339591836653,0.39127830358212534,0.9550736791661675,train,31,24949259015_attempt1+24952032748_attempt1+24986940107_attempt1+25044896828_attempt1+25100490855_attempt1+25157440693_attempt1+25208977834_attempt1+25247789591_attempt1+25274678535_attempt1+25311264469_attempt1+25367630341_attempt1+25427145257_attempt1+25487949887_attempt1+25545252940_attempt1+25596809734_attempt1+25624592440_attempt1+25665168591_attempt1+25791429807_attempt1+25852951350_attempt1+25911485679_attempt1+25957739510_attempt1+25986690554_attempt1+26029755017_attempt1+26091905404_attempt1+26156603287_attempt1+26221008452_attempt1+26357456273_attempt1+26709070227_attempt1+26709294970_attempt1+26755468029_attempt1+26832707302_attempt1+26944523023_attempt1+27008365180_attempt1
size_imbalance_uncertainty,alphaforge_interaction,2,d4_sp40_ov30_dep300_adv5_fix25_f100,0.95,0.6878100905808051,-0.693439231547259,25,9,8,0.36,0.32,100.6411142448268,0.006411142448268015,0.030376969366907643,0.5,0.08013928060335124,1.158478553596704,4,0.04,0.03,300.0,0.005,0.0025,0.01,-0.020368845682256054,-0.0033696022828644256,0.46808510638297873,1.0,validation,31,27059341408_attempt1
size_imbalance_uncertainty,alphaforge_interaction,2,d4_sp40_ov30_dep300_adv5_fix25_f100,0.95,0.6878100905808051,-0.693439231547259,39,13,11,0.3333333333333333,0.28205128205128205,102.39191557747623,0.023919155774762224,0.02047553986928108,0.5454545454545454,0.2174468706796563,1.4572934312473285,4,0.04,0.03,300.0,0.005,0.0025,0.01,0.011096122023076305,0.05618417086876604,1.0,1.0,test,31,27089462916_attempt1
classic_early_drop_down,classic_microstructure,1,d4_sp40_ov30_dep100_adv15_fix25_f100,,,,2159,850,496,0.3937007874015748,0.22973598888374247,140.55507617011867,0.40555076170118665,0.07903547405628122,0.7701612903225806,0.08176426647201339,1.3100673452809966,4,0.04,0.03,100.0,0.015,0.0025,0.01,-0.04780665224348957,0.006987017723094624,0.6444212721584984,1.0,train,32,24949259015_attempt1+24952032748_attempt1+24986940107_attempt1+25044896828_attempt1+25100490855_attempt1+25157440693_attempt1+25208977834_attempt1+25247789591_attempt1+25274678535_attempt1+25311264469_attempt1+25367630341_attempt1+25427145257_attempt1+25487949887_attempt1+25545252940_attempt1+25596809734_attempt1+25624592440_attempt1+25665168591_attempt1+25791429807_attempt1+25852951350_attempt1+25911485679_attempt1+25957739510_attempt1+25986690554_attempt1+26029755017_attempt1+26091905404_attempt1+26156603287_attempt1+26221008452_attempt1+26357456273_attempt1+26709070227_attempt1+26709294970_attempt1+26755468029_attempt1+26832707302_attempt1+26944523023_attempt1+27008365180_attempt1+27059341408_attempt1
classic_early_drop_down,classic_microstructure,1,d4_sp40_ov30_dep100_adv15_fix25_f100,,,,93,49,20,0.5268817204301075,0.21505376344086022,102.92531564578407,0.029253156457840657,0.016186885702958193,0.75,0.14626578228920264,1.5644470302363531,4,0.04,0.03,100.0,0.015,0.0025,0.01,-0.007348661047657745,0.020438643847102256,0.9636363636363636,1.0,validation,32,27089462916_attempt1
classic_early_drop_down,classic_microstructure,1,d4_sp40_ov30_dep100_adv15_fix25_f100,,,,71,38,20,0.5352112676056338,0.28169014084507044,100.4861368140824,0.004861368140824052,0.01751933803926142,0.75,0.024306840704118947,1.0946425707708756,4,0.04,0.03,100.0,0.015,0.0025,0.01,-0.001840831441838886,0.00957782375601468,0.6896551724137931,1.0,test,32,27130700451_attempt1
btc2_path_eff,alphaforge_interaction,2,d4_sp40_ov30_dep300_adv15_fix75_f100,0.85,0.25607354592196563,-0.27045355852923175,2632,621,458,0.23594224924012158,0.17401215805471124,100.20157398218423,0.002015739821842333,0.1287671296564979,0.8602620087336245,0.0004401178650310402,1.0030152410612794,4,0.04,0.03,300.0,0.015,0.0075,0.01,-0.033954572246061576,-0.00024355977494050496,0.4928745220716024,1.0,train,32,24949259015_attempt1+24952032748_attempt1+24986940107_attempt1+25044896828_attempt1+25100490855_attempt1+25157440693_attempt1+25208977834_attempt1+25247789591_attempt1+25274678535_attempt1+25311264469_attempt1+25367630341_attempt1+25427145257_attempt1+25487949887_attempt1+25545252940_attempt1+25596809734_attempt1+25624592440_attempt1+25665168591_attempt1+25791429807_attempt1+25852951350_attempt1+25911485679_attempt1+25957739510_attempt1+25986690554_attempt1+26029755017_attempt1+26091905404_attempt1+26156603287_attempt1+26221008452_attempt1+26357456273_attempt1+26709070227_attempt1+26709294970_attempt1+26755468029_attempt1+26832707302_attempt1+26944523023_attempt1+27008365180_attempt1+27059341408_attempt1
btc2_path_eff,alphaforge_interaction,2,d4_sp40_ov30_dep300_adv15_fix75_f100,0.85,0.25607354592196563,-0.27045355852923175,88,36,17,0.4090909090909091,0.19318181818181818,102.10315458053591,0.021031545805359153,0.010105540897097611,0.9411764705882353,0.12371497532563944,3.034256728042716,4,0.04,0.03,300.0,0.015,0.0075,0.01,0.002836956153946746,0.010135291245391809,1.0,1.0,validation,32,27089462916_attempt1
btc2_path_eff,alphaforge_interaction,2,d4_sp40_ov30_dep300_adv15_fix75_f100,0.85,0.25607354592196563,-0.27045355852923175,80,36,20,0.45,0.25,101.66282409041536,0.0166282409041536,0.01012232415902136,0.95,0.08314120452076854,2.6258201707296513,4,0.04,0.03,300.0,0.015,0.0075,0.01,-0.0009510618245609503,0.006076179333656562,0.8793103448275862,1.0,test,32,27130700451_attempt1
size_imbalance_uncertainty,alphaforge_interaction,2,d4_sp40_ov30_dep100_adv5_fix25_f100,0.9,0.5491776812377351,-0.5546767097066847,1752,834,460,0.476027397260274,0.2625570776255708,109.69611141488502,0.09696111414885022,0.19143164434096988,0.4673913043478261,0.021078503075836825,1.0403229317923182,4,0.04,0.03,100.0,0.005,0.0025,0.01,-0.06967028706803569,-0.0010153298523898346,0.48661800486618007,1.0,train,32,24949259015_attempt1+24952032748_attempt1+24986940107_attempt1+25044896828_attempt1+25100490855_attempt1+25157440693_attempt1+25208977834_attempt1+25247789591_attempt1+25274678535_attempt1+25311264469_attempt1+25367630341_attempt1+25427145257_attempt1+25487949887_attempt1+25545252940_attempt1+25596809734_attempt1+25624592440_attempt1+25665168591_attempt1+25791429807_attempt1+25852951350_attempt1+25911485679_attempt1+25957739510_attempt1+25986690554_attempt1+26029755017_attempt1+26091905404_attempt1+26156603287_attempt1+26221008452_attempt1+26357456273_attempt1+26709070227_attempt1+26709294970_attempt1+26755468029_attempt1+26832707302_attempt1+26944523023_attempt1+27008365180_attempt1+27059341408_attempt1
size_imbalance_uncertainty,alphaforge_interaction,2,d4_sp40_ov30_dep100_adv5_fix25_f100,0.9,0.5491776812377351,-0.5546767097066847,62,31,16,0.5,0.25806451612903225,102.35760595610782,0.02357605956107811,0.030548515641423538,0.5,0.14735037225673797,1.2797696968952692,4,0.04,0.03,100.0,0.005,0.0025,0.01,-0.02263207659528854,0.0329251736276599,0.7363636363636363,1.0,validation,32,27089462916_attempt1
size_imbalance_uncertainty,alphaforge_interaction,2,d4_sp40_ov30_dep100_adv5_fix25_f100,0.9,0.5491776812377351,-0.5546767097066847,37,19,13,0.5135135135135135,0.35135135135135137,101.45017075632424,0.014501707563242316,0.04062676280130688,0.46153846153846156,0.11155159664032707,1.2037588492972509,4,0.04,0.03,100.0,0.005,0.0025,0.01,-0.02554916634368931,0.005288165010977508,0.603448275862069,1.0,test,32,27130700451_attempt1
classic_early_drop_down,classic_microstructure,1,d4_sp40_ov30_dep300_adv5_fix25_f100,,,,2252,433,334,0.1922735346358792,0.1483126110124334,129.13626019066353,0.2913626019066353,0.05421198265043597,0.7544910179640718,0.08723431194809465,1.3073892759075163,4,0.04,0.03,300.0,0.005,0.0025,0.01,-0.036527137724974845,0.002654543296277012,0.59984241332733,0.9494597028365601,train,33,24949259015_attempt1+24952032748_attempt1+24986940107_attempt1+25044896828_attempt1+25100490855_attempt1+25157440693_attempt1+25208977834_attempt1+25247789591_attempt1+25274678535_attempt1+25311264469_attempt1+25367630341_attempt1+25427145257_attempt1+25487949887_attempt1+25545252940_attempt1+25596809734_attempt1+25624592440_attempt1+25665168591_attempt1+25791429807_attempt1+25852951350_attempt1+25911485679_attempt1+25957739510_attempt1+25986690554_attempt1+26029755017_attempt1+26091905404_attempt1+26156603287_attempt1+26221008452_attempt1+26357456273_attempt1+26709070227_attempt1+26709294970_attempt1+26755468029_attempt1+26832707302_attempt1+26944523023_attempt1+27008365180_attempt1+27059341408_attempt1+27089462916_attempt1
classic_early_drop_down,classic_microstructure,1,d4_sp40_ov30_dep300_adv5_fix25_f100,,,,71,24,16,0.3380281690140845,0.22535211267605634,101.1027735425344,0.011027735425343854,0.012108676046801008,0.75,0.06892334640840041,1.2669652874665216,4,0.04,0.03,300.0,0.005,0.0025,0.01,-0.007616659435722983,-0.0006742352077410141,0.4827586206896552,1.0,validation,33,27130700451_attempt1
classic_early_drop_down,classic_microstructure,1,d4_sp40_ov30_dep300_adv5_fix25_f100,,,,95,36,19,0.37894736842105264,0.2,102.95314048773771,0.029531404877377154,0.02902090922119722,0.7894736842105263,0.155428446723037,1.7028129464456887,4,0.04,0.03,300.0,0.005,0.0025,0.01,-0.012086506158640153,0.021694374755958812,0.6722689075630253,1.0,test,33,27199408085_attempt1
btc2_path_eff,alphaforge_interaction,2,d4_sp40_ov30_dep100_adv15_fix25_f100,0.85,0.25788510732695635,-0.2715460988733111,2708,1145,568,0.422821270310192,0.20974889217134415,100.66653813316645,0.0066653813316646104,0.1537979510304153,0.8380281690140845,0.0011734826288142372,1.0071187364430996,4,0.04,0.03,100.0,0.015,0.0025,0.01,-0.05405989524569388,0.00024350668390993313,0.510355695632598,1.0,train,33,24949259015_attempt1+24952032748_attempt1+24986940107_attempt1+25044896828_attempt1+25100490855_attempt1+25157440693_attempt1+25208977834_attempt1+25247789591_attempt1+25274678535_attempt1+25311264469_attempt1+25367630341_attempt1+25427145257_attempt1+25487949887_attempt1+25545252940_attempt1+25596809734_attempt1+25624592440_attempt1+25665168591_attempt1+25791429807_attempt1+25852951350_attempt1+25911485679_attempt1+25957739510_attempt1+25986690554_attempt1+26029755017_attempt1+26091905404_attempt1+26156603287_attempt1+26221008452_attempt1+26357456273_attempt1+26709070227_attempt1+26709294970_attempt1+26755468029_attempt1+26832707302_attempt1+26944523023_attempt1+27008365180_attempt1+27059341408_attempt1+27089462916_attempt1
btc2_path_eff,alphaforge_interaction,2,d4_sp40_ov30_dep100_adv15_fix25_f100,0.85,0.25788510732695635,-0.2715460988733111,79,47,20,0.5949367088607594,0.25316455696202533,101.9304853992677,0.019304853992677007,0.010123076923076966,0.95,0.09652426996338484,2.8826746783533435,4,0.04,0.03,100.0,0.015,0.0025,0.01,0.0001700574161929147,0.010966756158244939,1.0,1.0,validation,33,27130700451_attempt1
btc2_path_eff,alphaforge_interaction,2,d4_sp40_ov30_dep100_adv15_fix25_f100,0.85,0.25788510732695635,-0.2715460988733111,81,44,20,0.5432098765432098,0.24691358024691357,97.301156715902,-0.02698843284098007,0.03271341713988287,0.65,-0.13494216420489855,0.616175218720452,4,0.04,0.03,100.0,0.015,0.0025,0.01,-0.02340240765993562,-0.008573845634235133,0.4117647058823529,1.0,test,33,27199408085_attempt1
size_imbalance_uncertainty,alphaforge_interaction,2,d4_sp40_ov30_dep100_adv15_fix75_f100,0.95,0.6896397737922801,-0.6936365381542615,902,456,301,0.5055432372505543,0.33370288248337027,92.30078191995538,-0.07699218080044612,0.2885291690357335,0.4684385382059801,-0.025578797608121602,0.9538781039783809,4,0.04,0.03,100.0,0.015,0.0075,0.01,-0.05005356150222995,-0.0066029079151822545,0.3936289959477713,0.9959477712742009,train,33,24949259015_attempt1+24952032748_attempt1+24986940107_attempt1+25044896828_attempt1+25100490855_attempt1+25157440693_attempt1+25208977834_attempt1+25247789591_attempt1+25274678535_attempt1+25311264469_attempt1+25367630341_attempt1+25427145257_attempt1+25487949887_attempt1+25545252940_attempt1+25596809734_attempt1+25624592440_attempt1+25665168591_attempt1+25791429807_attempt1+25852951350_attempt1+25911485679_attempt1+25957739510_attempt1+25986690554_attempt1+26029755017_attempt1+26091905404_attempt1+26156603287_attempt1+26221008452_attempt1+26357456273_attempt1+26709070227_attempt1+26709294970_attempt1+26755468029_attempt1+26832707302_attempt1+26944523023_attempt1+27008365180_attempt1+27059341408_attempt1+27089462916_attempt1
size_imbalance_uncertainty,alphaforge_interaction,2,d4_sp40_ov30_dep100_adv15_fix75_f100,0.95,0.6896397737922801,-0.6936365381542615,18,10,9,0.5555555555555556,0.5,102.41548619318007,0.02415486193180083,0.020396349477682745,0.5555555555555556,0.2683873547977854,1.5842259050784637,4,0.04,0.03,100.0,0.015,0.0075,0.01,-0.020396349477682763,-0.010504907633552718,0.16379310344827586,1.0,validation,33,27130700451_attempt1
size_imbalance_uncertainty,alphaforge_interaction,2,d4_sp40_ov30_dep100_adv15_fix75_f100,0.95,0.6896397737922801,-0.6936365381542615,26,16,9,0.6153846153846154,0.34615384615384615,96.6195939576603,-0.03380406042339701,0.03383610481769395,0.3333333333333333,-0.3756006713710772,0.43964649589127136,4,0.04,0.03,100.0,0.015,0.0075,0.01,-0.033836104817693835,-0.013769070143596074,0.04201680672268908,1.0,test,33,27199408085_attempt1
classic_early_drop_down,classic_microstructure,1,d4_sp40_ov30_dep300_adv15_fix25_f100,,,,2323,553,387,0.23805424020662935,0.16659492036160137,143.9552015263162,0.4395520152631618,0.04140459249151303,0.7777777777777778,0.11357933210934419,1.4224423868549452,4,0.04,0.03,300.0,0.015,0.0025,0.01,-0.027737204553774486,0.005335173631836776,0.6591928251121076,0.98260964672427,train,34,24949259015_attempt1+24952032748_attempt1+24986940107_attempt1+25044896828_attempt1+25100490855_attempt1+25157440693_attempt1+25208977834_attempt1+25247789591_attempt1+25274678535_attempt1+25311264469_attempt1+25367630341_attempt1+25427145257_attempt1+25487949887_attempt1+25545252940_attempt1+25596809734_attempt1+25624592440_attempt1+25665168591_attempt1+25791429807_attempt1+25852951350_attempt1+25911485679_attempt1+25957739510_attempt1+25986690554_attempt1+26029755017_attempt1+26091905404_attempt1+26156603287_attempt1+26221008452_attempt1+26357456273_attempt1+26709070227_attempt1+26709294970_attempt1+26755468029_attempt1+26832707302_attempt1+26944523023_attempt1+27008365180_attempt1+27059341408_attempt1+27089462916_attempt1+27130700451_attempt1
classic_early_drop_down,classic_microstructure,1,d4_sp40_ov30_dep300_adv15_fix25_f100,,,,95,43,19,0.45263157894736844,0.2,103.42363483851824,0.034236348385182414,0.02902090922119701,0.7894736842105263,0.18019130729043378,1.8119752399571454,4,0.04,0.03,300.0,0.015,0.0025,0.01,-0.012086506158640153,0.018300041285008728,0.6638655462184874,1.0,validation,34,27199408085_attempt1
classic_early_drop_down,classic_microstructure,1,d4_sp40_ov30_dep300_adv15_fix25_f100,,,,86,29,15,0.3372093023255814,0.1744186046511628,102.88836256031935,0.028883625603193464,0.020210735662958387,0.8,0.19255750402129024,1.9088353583245157,4,0.04,0.03,300.0,0.015,0.0025,0.01,-0.007857361329509316,0.011427999202779149,0.7372881355932204,1.0,test,34,27269618919_attempt1
btc2_path_eff,alphaforge_interaction,2,d8_sp40_ov30_dep100_adv15_fix25_f200,0.95,0.6301912417399801,-0.6904096193375259,930,300,283,0.3225806451612903,0.3043010752688172,131.4460104921788,0.3144601049217881,0.05354872277885332,0.9257950530035336,0.11111664484868784,1.5982563181305187,8,0.04,0.03,100.0,0.015,0.0025,0.02,-0.03842377840009081,0.004509317165963145,0.7224105873345729,0.9820627802690582,train,34,24949259015_attempt1+24952032748_attempt1+24986940107_attempt1+25044896828_attempt1+25100490855_attempt1+25157440693_attempt1+25208977834_attempt1+25247789591_attempt1+25274678535_attempt1+25311264469_attempt1+25367630341_attempt1+25427145257_attempt1+25487949887_attempt1+25545252940_attempt1+25596809734_attempt1+25624592440_attempt1+25665168591_attempt1+25791429807_attempt1+25852951350_attempt1+25911485679_attempt1+25957739510_attempt1+25986690554_attempt1+26029755017_attempt1+26091905404_attempt1+26156603287_attempt1+26221008452_attempt1+26357456273_attempt1+26709070227_attempt1+26709294970_attempt1+26755468029_attempt1+26832707302_attempt1+26944523023_attempt1+27008365180_attempt1+27059341408_attempt1+27089462916_attempt1+27130700451_attempt1
btc2_path_eff,alphaforge_interaction,2,d8_sp40_ov30_dep100_adv15_fix25_f200,0.95,0.6301912417399801,-0.6904096193375259,28,12,12,0.42857142857142855,0.42857142857142855,103.49652400618957,0.03496524006189583,0.020216802168021672,0.9166666666666666,0.29137700051579757,2.7295138850991303,8,0.04,0.03,100.0,0.015,0.0025,0.02,-0.017029898167220114,0.03182730538364842,0.6134453781512605,1.0,validation,34,27199408085_attempt1
btc2_path_eff,alphaforge_interaction,2,d8_sp40_ov30_dep100_adv15_fix25_f200,0.95,0.6301912417399801,-0.6904096193375259,40,24,16,0.6,0.4,94.2169266022354,-0.05783073397764593,0.0732379982829861,0.75,-0.3614420873602881,0.2715448536097593,8,0.04,0.03,100.0,0.015,0.0025,0.02,-0.07323799828298638,-0.021997833875383066,0.0,1.0,test,34,27269618919_attempt1
size_imbalance_uncertainty,alphaforge_interaction,2,d4_sp40_ov30_dep100_adv15_fix25_f100,0.9,0.5483666872656434,-0.5547138848189519,1856,943,500,0.5080818965517241,0.26939655172413796,110.78140972892888,0.1078140972892887,0.22631993979881238,0.474,0.021562819457857915,1.0402721964122656,4,0.04,0.03,100.0,0.015,0.0025,0.01,-0.07008422283913596,0.00035862532913166767,0.5078201903095264,1.0,train,34,24949259015_attempt1+24952032748_attempt1+24986940107_attempt1+25044896828_attempt1+25100490855_attempt1+25157440693_attempt1+25208977834_attempt1+25247789591_attempt1+25274678535_attempt1+25311264469_attempt1+25367630341_attempt1+25427145257_attempt1+25487949887_attempt1+25545252940_attempt1+25596809734_attempt1+25624592440_attempt1+25665168591_attempt1+25791429807_attempt1+25852951350_attempt1+25911485679_attempt1+25957739510_attempt1+25986690554_attempt1+26029755017_attempt1+26091905404_attempt1+26156603287_attempt1+26221008452_attempt1+26357456273_attempt1+26709070227_attempt1+26709294970_attempt1+26755468029_attempt1+26832707302_attempt1+26944523023_attempt1+27008365180_attempt1+27059341408_attempt1+27089462916_attempt1+27130700451_attempt1
size_imbalance_uncertainty,alphaforge_interaction,2,d4_sp40_ov30_dep100_adv15_fix25_f100,0.9,0.5483666872656434,-0.5547138848189519,53,25,15,0.4716981132075472,0.2830188679245283,99.51721271113766,-0.004827872888623408,0.03688021401174467,0.4666666666666667,-0.032185819257488486,0.9404869229993544,4,0.04,0.03,100.0,0.015,0.0025,0.01,-0.036880214011744794,0.0037830984001834267,0.6386554621848739,1.0,validation,34,27199408085_attempt1
size_imbalance_uncertainty,alphaforge_interaction,2,d4_sp40_ov30_dep100_adv15_fix25_f100,0.9,0.5483666872656434,-0.5547138848189519,49,24,14,0.4897959183673469,0.2857142857142857,95.05311403928411,-0.049468859607158855,0.05015075167425465,0.21428571428571427,-0.3533489971939928,0.5517773897600433,4,0.04,0.03,100.0,0.015,0.0025,0.01,-0.04258559820356356,0.0006872395417576449,0.5169491525423728,1.0,test,34,27269618919_attempt1
classic_early_drop_down,classic_microstructure,1,d8_sp40_ov30_dep100_adv15_fix25_f200,,,,2418,886,519,0.3664185277088503,0.21464019851116625,88.86952896833927,-0.11130471031660738,0.2379577945251384,0.6936416184971098,-0.021445994280656376,0.9641151704941957,8,0.04,0.03,100.0,0.015,0.0025,0.02,-0.0881822875173992,-0.002259588745124108,0.4802764486975013,1.0,train,35,24949259015_attempt1+24952032748_attempt1+24986940107_attempt1+25044896828_attempt1+25100490855_attempt1+25157440693_attempt1+25208977834_attempt1+25247789591_attempt1+25274678535_attempt1+25311264469_attempt1+25367630341_attempt1+25427145257_attempt1+25487949887_attempt1+25545252940_attempt1+25596809734_attempt1+25624592440_attempt1+25665168591_attempt1+25791429807_attempt1+25852951350_attempt1+25911485679_attempt1+25957739510_attempt1+25986690554_attempt1+26029755017_attempt1+26091905404_attempt1+26156603287_attempt1+26221008452_attempt1+26357456273_attempt1+26709070227_attempt1+26709294970_attempt1+26755468029_attempt1+26832707302_attempt1+26944523023_attempt1+27008365180_attempt1+27059341408_attempt1+27089462916_attempt1+27130700451_attempt1+27199408085_attempt1
classic_early_drop_down,classic_microstructure,1,d8_sp40_ov30_dep100_adv15_fix25_f200,,,,86,39,16,0.45348837209302323,0.18604651162790697,104.37741541533914,0.043774154153391365,0.02785470587758746,0.75,0.2735884634586955,1.5240438772127054,8,0.04,0.03,100.0,0.015,0.0025,0.02,0.005754994514960865,0.03067286985734352,1.0,1.0,validation,35,27269618919_attempt1
classic_early_drop_down,classic_microstructure,1,d8_sp40_ov30_dep100_adv15_fix25_f200,,,,69,32,18,0.463768115942029,0.2608695652173913,92.05241480140778,-0.07947585198592222,0.08667389859264578,0.5555555555555556,-0.44153251103290103,0.501777512941624,8,0.04,0.03,100.0,0.015,0.0025,0.02,-0.07764403298627898,-0.04214880112485031,0.14414414414414414,1.0,test,35,27340390720_attempt1
btc2_path_eff,alphaforge_interaction,2,d8_sp40_ov30_dep300_adv5_fix25_f100,0.95,0.629374630672788,-0.6941041578338537,956,146,145,0.15271966527196654,0.151673640167364,104.7413545397323,0.04741354539732301,0.030345458843628482,0.9172413793103448,0.032698996825739846,1.375786373228372,8,0.04,0.03,300.0,0.005,0.0025,0.01,-0.020128297043356946,0.0007317073170731714,0.6173312068048911,0.7699096225412015,train,35,24949259015_attempt1+24952032748_attempt1+24986940107_attempt1+25044896828_attempt1+25100490855_attempt1+25157440693_attempt1+25208977834_attempt1+25247789591_attempt1+25274678535_attempt1+25311264469_attempt1+25367630341_attempt1+25427145257_attempt1+25487949887_attempt1+25545252940_attempt1+25596809734_attempt1+25624592440_attempt1+25665168591_attempt1+25791429807_attempt1+25852951350_attempt1+25911485679_attempt1+25957739510_attempt1+25986690554_attempt1+26029755017_attempt1+26091905404_attempt1+26156603287_attempt1+26221008452_attempt1+26357456273_attempt1+26709070227_attempt1+26709294970_attempt1+26755468029_attempt1+26832707302_attempt1+26944523023_attempt1+27008365180_attempt1+27059341408_attempt1+27089462916_attempt1+27130700451_attempt1+27199408085_attempt1
btc2_path_eff,alphaforge_interaction,2,d8_sp40_ov30_dep300_adv5_fix25_f100,0.95,0.629374630672788,-0.6941041578338537,39,17,15,0.4358974358974359,0.38461538461538464,100.3068232448314,0.003068232448314001,0.010110803324099695,0.9333333333333333,0.020454882988758822,1.3020731429585908,8,0.04,0.03,300.0,0.005,0.0025,0.01,-0.005166856521029439,0.006919949405549408,0.576271186440678,1.0,validation,35,27269618919_attempt1
btc2_path_eff,alphaforge_interaction,2,d8_sp40_ov30_dep300_adv5_fix25_f100,0.95,0.629374630672788,-0.6941041578338537,29,7,7,0.2413793103448276,0.2413793103448276,99.71716516697354,-0.002828348330264574,0.010106100795755992,0.8571428571428571,-0.04040497614663567,0.7201345615460065,8,0.04,0.03,300.0,0.005,0.0025,0.01,-0.002828348330264241,0.0028155339805824298,0.5495495495495496,1.0,test,35,27340390720_attempt1
size_imbalance_uncertainty,alphaforge_interaction,2,d8_sp40_ov30_dep300_adv15_fix25_f100,0.9,0.5476132678910703,-0.5553060414074427,1908,475,341,0.2489517819706499,0.17872117400419288,101.52993226358731,0.01529932263587308,0.16222386068254216,0.44868035190615835,0.004486604878555348,1.0076902836656914,8,0.04,0.03,300.0,0.015,0.0025,0.01,-0.06320020625560907,-0.0030079860854118623,0.42902711323763953,1.0,train,35,24949259015_attempt1+24952032748_attempt1+24986940107_attempt1+25044896828_attempt1+25100490855_attempt1+25157440693_attempt1+25208977834_attempt1+25247789591_attempt1+25274678535_attempt1+25311264469_attempt1+25367630341_attempt1+25427145257_attempt1+25487949887_attempt1+25545252940_attempt1+25596809734_attempt1+25624592440_attempt1+25665168591_attempt1+25791429807_attempt1+25852951350_attempt1+25911485679_attempt1+25957739510_attempt1+25986690554_attempt1+26029755017_attempt1+26091905404_attempt1+26156603287_attempt1+26221008452_attempt1+26357456273_attempt1+26709070227_attempt1+26709294970_attempt1+26755468029_attempt1+26832707302_attempt1+26944523023_attempt1+27008365180_attempt1+27059341408_attempt1+27089462916_attempt1+27130700451_attempt1+27199408085_attempt1
size_imbalance_uncertainty,alphaforge_interaction,2,d8_sp40_ov30_dep300_adv15_fix25_f100,0.9,0.5476132678910703,-0.5553060414074427,49,16,11,0.32653061224489793,0.22448979591836735,102.23408697380233,0.022340869738023406,0.020516227302889486,0.5454545454545454,0.2030988158002103,1.421148926551619,8,0.04,0.03,300.0,0.015,0.0025,0.01,-0.018562706768937787,0.0019944388956771864,0.6440677966101694,1.0,validation,35,27269618919_attempt1
size_imbalance_uncertainty,alphaforge_interaction,2,d8_sp40_ov30_dep300_adv15_fix25_f100,0.9,0.5476132678910703,-0.5553060414074427,59,27,16,0.4576271186440678,0.2711864406779661,103.34137793876079,0.03341377938760792,0.040294840010622085,0.5625,0.20883612117254735,1.4613524217398666,8,0.04,0.03,300.0,0.015,0.0025,0.01,-0.036292597602114895,-0.009712978992811427,0.2882882882882883,1.0,test,35,27340390720_attempt1
classic_early_drop_down,classic_microstructure,1,d4_sp40_ov30_dep300_adv15_fix25_f100,,,,2504,625,418,0.2496006389776358,0.16693290734824281,142.67823368761685,0.4267823368761685,0.04280597048518738,0.7703349282296651,0.10210103753018397,1.3588555030740836,4,0.04,0.03,300.0,0.015,0.0025,0.01,-0.02951009558611062,0.0054061065856094714,0.6524932753983034,0.9835505896958411,train,36,24949259015_attempt1+24952032748_attempt1+24986940107_attempt1+25044896828_attempt1+25100490855_attempt1+25157440693_attempt1+25208977834_attempt1+25247789591_attempt1+25274678535_attempt1+25311264469_attempt1+25367630341_attempt1+25427145257_attempt1+25487949887_attempt1+25545252940_attempt1+25596809734_attempt1+25624592440_attempt1+25665168591_attempt1+25791429807_attempt1+25852951350_attempt1+25911485679_attempt1+25957739510_attempt1+25986690554_attempt1+26029755017_attempt1+26091905404_attempt1+26156603287_attempt1+26221008452_attempt1+26357456273_attempt1+26709070227_attempt1+26709294970_attempt1+26755468029_attempt1+26832707302_attempt1+26944523023_attempt1+27008365180_attempt1+27059341408_attempt1+27089462916_attempt1+27130700451_attempt1+27199408085_attempt1+27269618919_attempt1
classic_early_drop_down,classic_microstructure,1,d4_sp40_ov30_dep300_adv15_fix25_f100,,,,69,30,16,0.43478260869565216,0.2318840579710145,99.59672166986752,-0.004032783301324838,0.02578926358444859,0.75,-0.025204895633279285,0.9016997958158344,4,0.04,0.03,300.0,0.015,0.0025,0.01,-0.020037898995971304,-0.010767151659131557,0.2882882882882883,1.0,validation,36,27340390720_attempt1
classic_early_drop_down,classic_microstructure,1,d4_sp40_ov30_dep300_adv15_fix25_f100,,,,55,14,13,0.2545454545454545,0.23636363636363636,97.3700592973362,-0.026299407026638022,0.02980186292220077,0.6153846153846154,-0.20230313097414004,0.4774575634748025,4,0.04,0.03,300.0,0.015,0.0025,0.01,-0.029801862922200884,-0.012950057314768393,0.0,1.0,test,36,27410119221_attempt1
btc2_path_eff,alphaforge_interaction,2,d8_sp40_ov30_dep100_adv5_fix75_f100,0.85,0.2584066138218092,-0.27426788386653933,2944,864,561,0.29347826086956524,0.1905570652173913,105.86127267966663,0.05861272679666629,0.08637919615799518,0.8413547237076648,0.01044790138978038,1.061613025173641,8,0.04,0.03,100.0,0.005,0.0075,0.01,-0.04247489640175661,0.0012027869889048581,0.5511069728946824,1.0,train,36,24949259015_attempt1+24952032748_attempt1+24986940107_attempt1+25044896828_attempt1+25100490855_attempt1+25157440693_attempt1+25208977834_attempt1+25247789591_attempt1+25274678535_attempt1+25311264469_attempt1+25367630341_attempt1+25427145257_attempt1+25487949887_attempt1+25545252940_attempt1+25596809734_attempt1+25624592440_attempt1+25665168591_attempt1+25791429807_attempt1+25852951350_attempt1+25911485679_attempt1+25957739510_attempt1+25986690554_attempt1+26029755017_attempt1+26091905404_attempt1+26156603287_attempt1+26221008452_attempt1+26357456273_attempt1+26709070227_attempt1+26709294970_attempt1+26755468029_attempt1+26832707302_attempt1+26944523023_attempt1+27008365180_attempt1+27059341408_attempt1+27089462916_attempt1+27130700451_attempt1+27199408085_attempt1+27269618919_attempt1
btc2_path_eff,alphaforge_interaction,2,d8_sp40_ov30_dep100_adv5_fix75_f100,0.85,0.2584066138218092,-0.27426788386653933,67,26,16,0.3880597014925373,0.23880597014925373,101.78621897424999,0.01786218974249998,0.010105540897097594,0.9375,0.11163868589062526,2.7302030270116786,8,0.04,0.03,100.0,0.005,0.0075,0.01,-0.007280963297761511,0.0033032415875142718,0.6756756756756757,1.0,validation,36,27340390720_attempt1
btc2_path_eff,alphaforge_interaction,2,d8_sp40_ov30_dep100_adv5_fix75_f100,0.85,0.2584066138218092,-0.27426788386653933,55,28,20,0.509090909090909,0.36363636363636365,99.95531686524056,-0.0004468313475943786,0.013172779618055026,0.85,-0.002234156737970355,0.9853452713259958,8,0.04,0.03,100.0,0.005,0.0075,0.01,-0.010453588370019418,0.003703463220491976,0.5737704918032787,1.0,test,36,27410119221_attempt1
size_imbalance_uncertainty,alphaforge_interaction,2,d4_sp40_ov30_dep100_adv15_fix25_f100,0.9,0.5475970867637746,-0.5546999441518516,1960,992,527,0.5061224489795918,0.26887755102040817,105.01893632806456,0.050189363280645605,0.22631993979881238,0.4667931688804554,0.009523598345473666,1.017433251649159,4,0.04,0.03,100.0,0.015,0.0025,0.01,-0.07008422283913596,0.0005683666089995043,0.5101386302503621,1.0,train,36,24949259015_attempt1+24952032748_attempt1+24986940107_attempt1+25044896828_attempt1+25100490855_attempt1+25157440693_attempt1+25208977834_attempt1+25247789591_attempt1+25274678535_attempt1+25311264469_attempt1+25367630341_attempt1+25427145257_attempt1+25487949887_attempt1+25545252940_attempt1+25596809734_attempt1+25624592440_attempt1+25665168591_attempt1+25791429807_attempt1+25852951350_attempt1+25911485679_attempt1+25957739510_attempt1+25986690554_attempt1+26029755017_attempt1+26091905404_attempt1+26156603287_attempt1+26221008452_attempt1+26357456273_attempt1+26709070227_attempt1+26709294970_attempt1+26755468029_attempt1+26832707302_attempt1+26944523023_attempt1+27008365180_attempt1+27059341408_attempt1+27089462916_attempt1+27130700451_attempt1+27199408085_attempt1+27269618919_attempt1
size_imbalance_uncertainty,alphaforge_interaction,2,d4_sp40_ov30_dep100_adv15_fix25_f100,0.9,0.5475970867637746,-0.5546999441518516,59,36,18,0.6101694915254238,0.3050847457627119,107.51084738851416,0.07510847388514175,0.03041146258178426,0.5555555555555556,0.41726929936189705,1.9135849558808222,4,0.04,0.03,100.0,0.015,0.0025,0.01,-0.027307531508582228,0.04563412653398635,0.8468468468468469,1.0,validation,36,27340390720_attempt1
size_imbalance_uncertainty,alphaforge_interaction,2,d4_sp40_ov30_dep100_adv15_fix25_f100,0.9,0.5475970867637746,-0.5546999441518516,64,32,15,0.5,0.234375,96.78326386795487,-0.03216736132045128,0.050143076747568786,0.3333333333333333,-0.21444907546967523,0.6783978157974878,4,0.04,0.03,100.0,0.015,0.0025,0.01,-0.02422275202391555,0.018875821688521643,0.6311475409836066,1.0,test,36,27410119221_attempt1
classic_early_drop_down,classic_microstructure,1,d8_sp40_ov30_dep300_adv5_fix25_f100,,,,2573,525,391,0.20404197434900895,0.15196268946754762,104.38934563513935,0.04389345635139352,0.07825009123980317,0.6828644501278772,0.011225947915957312,1.0338072813019645,8,0.04,0.03,300.0,0.005,0.0025,0.01,-0.05290121528643066,0.0,0.4938508064516129,0.9686491935483871,train,37,24949259015_attempt1+24952032748_attempt1+24986940107_attempt1+25044896828_attempt1+25100490855_attempt1+25157440693_attempt1+25208977834_attempt1+25247789591_attempt1+25274678535_attempt1+25311264469_attempt1+25367630341_attempt1+25427145257_attempt1+25487949887_attempt1+25545252940_attempt1+25596809734_attempt1+25624592440_attempt1+25665168591_attempt1+25791429807_attempt1+25852951350_attempt1+25911485679_attempt1+25957739510_attempt1+25986690554_attempt1+26029755017_attempt1+26091905404_attempt1+26156603287_attempt1+26221008452_attempt1+26357456273_attempt1+26709070227_attempt1+26709294970_attempt1+26755468029_attempt1+26832707302_attempt1+26944523023_attempt1+27008365180_attempt1+27059341408_attempt1+27089462916_attempt1+27130700451_attempt1+27199408085_attempt1+27269618919_attempt1+27340390720_attempt1
classic_early_drop_down,classic_microstructure,1,d8_sp40_ov30_dep300_adv5_fix25_f100,,,,55,7,7,0.12727272727272726,0.12727272727272726,100.42464367886198,0.004246436788619912,0.012082940783526347,0.7142857142857143,0.060663382694570785,1.2084879144863951,8,0.04,0.03,300.0,0.005,0.0025,0.01,-0.012082940783526563,-0.003974613866380872,0.319672131147541,1.0,validation,37,27410119221_attempt1
classic_early_drop_down,classic_microstructure,1,d8_sp40_ov30_dep300_adv5_fix25_f100,,,,28,3,3,0.10714285714285714,0.10714285714285714,99.6823279043869,-0.003176720956131085,0.010153256704980861,0.6666666666666666,-0.10589069853769757,0.6871229548867275,8,0.04,0.03,300.0,0.005,0.0025,0.01,-0.006488426202123754,0.0033333333333334103,0.7480314960629921,0.984251968503937,test,37,27464308599_attempt1
btc2_path_eff,alphaforge_interaction,2,d8_sp40_ov30_dep300_adv15_fix25_f100,0.85,0.2583684080798417,-0.27289990659198854,3020,642,484,0.21258278145695364,0.16026490066225166,103.19353395249415,0.03193533952494154,0.08376680808289422,0.8553719008264463,0.006598210645649147,1.0436246964813336,8,0.04,0.03,300.0,0.015,0.0025,0.01,-0.03367591794819358,0.0018086328836679488,0.5323588709677419,1.0,train,37,24949259015_attempt1+24952032748_attempt1+24986940107_attempt1+25044896828_attempt1+25100490855_attempt1+25157440693_attempt1+25208977834_attempt1+25247789591_attempt1+25274678535_attempt1+25311264469_attempt1+25367630341_attempt1+25427145257_attempt1+25487949887_attempt1+25545252940_attempt1+25596809734_attempt1+25624592440_attempt1+25665168591_attempt1+25791429807_attempt1+25852951350_attempt1+25911485679_attempt1+25957739510_attempt1+25986690554_attempt1+26029755017_attempt1+26091905404_attempt1+26156603287_attempt1+26221008452_attempt1+26357456273_attempt1+26709070227_attempt1+26709294970_attempt1+26755468029_attempt1+26832707302_attempt1+26944523023_attempt1+27008365180_attempt1+27059341408_attempt1+27089462916_attempt1+27130700451_attempt1+27199408085_attempt1+27269618919_attempt1+27340390720_attempt1
btc2_path_eff,alphaforge_interaction,2,d8_sp40_ov30_dep300_adv15_fix25_f100,0.85,0.2583684080798417,-0.27289990659198854,55,20,17,0.36363636363636365,0.3090909090909091,102.07773323947535,0.020777332394753545,0.010136518771331008,0.9411764705882353,0.12221960232207918,3.0285409437078528,8,0.04,0.03,300.0,0.015,0.0025,0.01,0.002690277528816898,0.00742649564797615,1.0,1.0,validation,37,27410119221_attempt1
btc2_path_eff,alphaforge_interaction,2,d8_sp40_ov30_dep300_adv15_fix25_f100,0.85,0.2583684080798417,-0.27289990659198854,68,22,18,0.3235294117647059,0.2647058823529412,102.30606662864258,0.02306066628642589,0.01013468013468015,0.8888888888888888,0.12811481270236535,2.1079800252606944,8,0.04,0.03,300.0,0.015,0.0025,0.01,-0.009988963975689047,0.006050525628291226,0.7086614173228346,1.0,test,37,27464308599_attempt1
size_imbalance_uncertainty,alphaforge_interaction,2,d4_sp40_ov30_dep300_adv5_fix25_f100,0.9,0.5488545374009314,-0.5548219691791075,2010,563,405,0.2800995024875622,0.20149253731343283,77.49521856750094,-0.22504781432499055,0.3493756633370712,0.43950617283950616,-0.05556736156172605,0.87951413865925,4,0.04,0.03,300.0,0.005,0.0025,0.01,-0.06293798607199796,-0.006184571702704478,0.40826612903225806,0.9994959677419355,train,37,24949259015_attempt1+24952032748_attempt1+24986940107_attempt1+25044896828_attempt1+25100490855_attempt1+25157440693_attempt1+25208977834_attempt1+25247789591_attempt1+25274678535_attempt1+25311264469_attempt1+25367630341_attempt1+25427145257_attempt1+25487949887_attempt1+25545252940_attempt1+25596809734_attempt1+25624592440_attempt1+25665168591_attempt1+25791429807_attempt1+25852951350_attempt1+25911485679_attempt1+25957739510_attempt1+25986690554_attempt1+26029755017_attempt1+26091905404_attempt1+26156603287_attempt1+26221008452_attempt1+26357456273_attempt1+26709070227_attempt1+26709294970_attempt1+26755468029_attempt1+26832707302_attempt1+26944523023_attempt1+27008365180_attempt1+27059341408_attempt1+27089462916_attempt1+27130700451_attempt1+27199408085_attempt1+27269618919_attempt1+27340390720_attempt1
size_imbalance_uncertainty,alphaforge_interaction,2,d4_sp40_ov30_dep300_adv5_fix25_f100,0.9,0.5488545374009314,-0.5548219691791075,63,19,13,0.30158730158730157,0.20634920634920634,100.46228699199324,0.0046228699199324375,0.020342928216062522,0.5384615384615384,0.03556053784563383,1.0753965568347996,4,0.04,0.03,300.0,0.005,0.0025,0.01,-0.007330500439155507,0.007325308335718761,0.9918032786885246,1.0,validation,37,27410119221_attempt1
size_imbalance_uncertainty,alphaforge_interaction,2,d4_sp40_ov30_dep300_adv5_fix25_f100,0.9,0.5488545374009314,-0.5548219691791075,70,23,14,0.32857142857142857,0.2,97.41285861658783,-0.025871413834121726,0.03183845032396178,0.42857142857142855,-0.18479581310086893,0.6830350493866363,4,0.04,0.03,300.0,0.005,0.0025,0.01,-0.024210784275358277,-0.016305667758146902,0.07086614173228346,1.0,test,37,27464308599_attempt1
classic_early_drop_down,classic_microstructure,1,d4_sp40_ov30_dep300_adv15_fix25_f200,,,,2628,669,445,0.2545662100456621,0.1693302891933029,185.12480358357175,0.8512480358357175,0.1546597444984902,0.7640449438202247,0.19129169344622868,1.2595613129278238,4,0.04,0.03,300.0,0.015,0.0025,0.02,-0.06954424504125989,0.008825860116453477,0.6307314678448699,0.9843888070692195,train,38,24949259015_attempt1+24952032748_attempt1+24986940107_attempt1+25044896828_attempt1+25100490855_attempt1+25157440693_attempt1+25208977834_attempt1+25247789591_attempt1+25274678535_attempt1+25311264469_attempt1+25367630341_attempt1+25427145257_attempt1+25487949887_attempt1+25545252940_attempt1+25596809734_attempt1+25624592440_attempt1+25665168591_attempt1+25791429807_attempt1+25852951350_attempt1+25911485679_attempt1+25957739510_attempt1+25986690554_attempt1+26029755017_attempt1+26091905404_attempt1+26156603287_attempt1+26221008452_attempt1+26357456273_attempt1+26709070227_attempt1+26709294970_attempt1+26755468029_attempt1+26832707302_attempt1+26944523023_attempt1+27008365180_attempt1+27059341408_attempt1+27089462916_attempt1+27130700451_attempt1+27199408085_attempt1+27269618919_attempt1+27340390720_attempt1+27410119221_attempt1
classic_early_drop_down,classic_microstructure,1,d4_sp40_ov30_dep300_adv15_fix25_f200,,,,28,8,8,0.2857142857142857,0.2857142857142857,105.54928659087322,0.05549286590873215,0.0,1.0,0.6936608238591541,,4,0.04,0.03,300.0,0.015,0.0025,0.02,0.016656380599294085,0.028070060851759004,1.0,1.0,validation,38,27464308599_attempt1
classic_early_drop_down,classic_microstructure,1,d4_sp40_ov30_dep300_adv15_fix25_f200,,,,50,17,11,0.34,0.22,95.96843261926807,-0.04031567380731926,0.07643269163995146,0.5454545454545454,-0.366506125521083,0.5939373944622611,4,0.04,0.03,300.0,0.015,0.0025,0.02,-0.07643269163995103,-0.0611443174632591,0.0,1.0,test,38,27496226714_attempt1
btc2_path_eff,alphaforge_interaction,2,d8_sp40_ov30_dep300_adv15_fix25_f100,0.85,0.25606335131239216,-0.26956496186229034,3100,667,502,0.21516129032258063,0.16193548387096773,106.05487267914518,0.060548726791451735,0.09161880101524386,0.8565737051792829,0.01206149936084665,1.0794339944428233,8,0.04,0.03,300.0,0.015,0.0025,0.01,-0.03367591794819358,0.002807568835093699,0.5432498772704958,1.0,train,38,24949259015_attempt1+24952032748_attempt1+24986940107_attempt1+25044896828_attempt1+25100490855_attempt1+25157440693_attempt1+25208977834_attempt1+25247789591_attempt1+25274678535_attempt1+25311264469_attempt1+25367630341_attempt1+25427145257_attempt1+25487949887_attempt1+25545252940_attempt1+25596809734_attempt1+25624592440_attempt1+25665168591_attempt1+25791429807_attempt1+25852951350_attempt1+25911485679_attempt1+25957739510_attempt1+25986690554_attempt1+26029755017_attempt1+26091905404_attempt1+26156603287_attempt1+26221008452_attempt1+26357456273_attempt1+26709070227_attempt1+26709294970_attempt1+26755468029_attempt1+26832707302_attempt1+26944523023_attempt1+27008365180_attempt1+27059341408_attempt1+27089462916_attempt1+27130700451_attempt1+27199408085_attempt1+27269618919_attempt1+27340390720_attempt1+27410119221_attempt1
btc2_path_eff,alphaforge_interaction,2,d8_sp40_ov30_dep300_adv15_fix25_f100,0.85,0.25606335131239216,-0.26956496186229034,69,22,18,0.3188405797101449,0.2608695652173913,102.30606662864258,0.02306066628642589,0.01013468013468015,0.8888888888888888,0.12811481270236535,2.1079800252606944,8,0.04,0.03,300.0,0.015,0.0025,0.01,-0.009988963975689047,0.006050525628291226,0.7086614173228346,1.0,validation,38,27464308599_attempt1
btc2_path_eff,alphaforge_interaction,2,d8_sp40_ov30_dep300_adv15_fix25_f100,0.85,0.25606335131239216,-0.26956496186229034,51,16,12,0.3137254901960784,0.23529411764705882,99.09376604968823,-0.009062339503117744,0.017767939033410455,0.8333333333333334,-0.07551949585931589,0.5537796125770351,8,0.04,0.03,300.0,0.015,0.0025,0.01,-0.016445162332395347,-0.007673157009463805,0.0,1.0,test,38,27496226714_attempt1
size_imbalance_uncertainty,alphaforge_interaction,2,d8_sp40_ov30_dep100_adv15_fix25_f100,0.9,0.550234318017581,-0.5554532605729449,2064,953,537,0.4617248062015504,0.2601744186046512,116.72029115249687,0.1672029115249687,0.30910913876197127,0.45251396648044695,0.03113648259310404,1.0406772178068495,8,0.04,0.03,100.0,0.015,0.0025,0.01,-0.06967283150299708,-0.00041816571463271224,0.4937653411880216,1.0,train,38,24949259015_attempt1+24952032748_attempt1+24986940107_attempt1+25044896828_attempt1+25100490855_attempt1+25157440693_attempt1+25208977834_attempt1+25247789591_attempt1+25274678535_attempt1+25311264469_attempt1+25367630341_attempt1+25427145257_attempt1+25487949887_attempt1+25545252940_attempt1+25596809734_attempt1+25624592440_attempt1+25665168591_attempt1+25791429807_attempt1+25852951350_attempt1+25911485679_attempt1+25957739510_attempt1+25986690554_attempt1+26029755017_attempt1+26091905404_attempt1+26156603287_attempt1+26221008452_attempt1+26357456273_attempt1+26709070227_attempt1+26709294970_attempt1+26755468029_attempt1+26832707302_attempt1+26944523023_attempt1+27008365180_attempt1+27059341408_attempt1+27089462916_attempt1+27130700451_attempt1+27199408085_attempt1+27269618919_attempt1+27340390720_attempt1+27410119221_attempt1
size_imbalance_uncertainty,alphaforge_interaction,2,d8_sp40_ov30_dep100_adv15_fix25_f100,0.9,0.550234318017581,-0.5554532605729449,70,31,18,0.44285714285714284,0.2571428571428571,97.68733536149756,-0.023126646385024374,0.05183850355322025,0.4444444444444444,-0.12848136880569136,0.7711669332815346,8,0.04,0.03,100.0,0.015,0.0025,0.01,-0.04729084692620844,-0.022038130105833997,0.0,1.0,validation,38,27464308599_attempt1
size_imbalance_uncertainty,alphaforge_interaction,2,d8_sp40_ov30_dep100_adv15_fix25_f100,0.9,0.550234318017581,-0.5554532605729449,72,42,18,0.5833333333333334,0.25,95.09506614388982,-0.04904933856110172,0.056844971536723944,0.3333333333333333,-0.2724963253394526,0.5968688305709879,8,0.04,0.03,100.0,0.015,0.0025,0.01,-0.04386695311433941,-0.023879976581344997,0.2777777777777778,1.0,test,38,27496226714_attempt1
classic_early_drop_down,classic_microstructure,1,d4_sp60_ov30_dep100_adv15_fix25_f100,,,,2656,1109,602,0.41754518072289154,0.22665662650602408,132.8436999919392,0.3284369999193919,0.08639130593014901,0.7558139534883721,0.05455764118262309,1.1835424458920722,4,0.06,0.03,100.0,0.015,0.0025,0.01,-0.04780665224348957,0.004519333649945834,0.5903395504543281,1.0,train,39,24949259015_attempt1+24952032748_attempt1+24986940107_attempt1+25044896828_attempt1+25100490855_attempt1+25157440693_attempt1+25208977834_attempt1+25247789591_attempt1+25274678535_attempt1+25311264469_attempt1+25367630341_attempt1+25427145257_attempt1+25487949887_attempt1+25545252940_attempt1+25596809734_attempt1+25624592440_attempt1+25665168591_attempt1+25791429807_attempt1+25852951350_attempt1+25911485679_attempt1+25957739510_attempt1+25986690554_attempt1+26029755017_attempt1+26091905404_attempt1+26156603287_attempt1+26221008452_attempt1+26357456273_attempt1+26709070227_attempt1+26709294970_attempt1+26755468029_attempt1+26832707302_attempt1+26944523023_attempt1+27008365180_attempt1+27059341408_attempt1+27089462916_attempt1+27130700451_attempt1+27199408085_attempt1+27269618919_attempt1+27340390720_attempt1+27410119221_attempt1+27464308599_attempt1
classic_early_drop_down,classic_microstructure,1,d4_sp60_ov30_dep100_adv15_fix25_f100,,,,50,29,16,0.58,0.32,98.9882132626619,-0.01011786737338094,0.032875350633885025,0.625,-0.06323667108363085,0.8344730806836519,4,0.06,0.03,100.0,0.015,0.0025,0.01,-0.03287535063388525,-0.019068298927722438,0.16666666666666666,1.0,validation,39,27496226714_attempt1
classic_early_drop_down,classic_microstructure,1,d4_sp60_ov30_dep100_adv15_fix25_f100,,,,62,34,20,0.5483870967741935,0.3225806451612903,98.40298738298544,-0.015970126170145593,0.040470381844878084,0.65,-0.07985063085072734,0.77284386143239,4,0.06,0.03,100.0,0.015,0.0025,0.01,-0.04037562433490194,-0.015273871809411088,0.2845528455284553,1.0,test,39,27540844174_attempt1
btc2_path_eff,alphaforge_interaction,2,d8_sp40_ov30_dep100_adv5_fix75_f100,0.85,0.2575770163111495,-0.26547776414925606,3180,960,615,0.3018867924528302,0.19339622641509435,110.17784605494185,0.10177846054941853,0.08889187168928117,0.8439024390243902,0.01654934317876719,1.097271115777737,8,0.04,0.03,100.0,0.005,0.0075,0.01,-0.04247489640175661,0.0014875880026918864,0.5513151602104256,1.0,train,39,24949259015_attempt1+24952032748_attempt1+24986940107_attempt1+25044896828_attempt1+25100490855_attempt1+25157440693_attempt1+25208977834_attempt1+25247789591_attempt1+25274678535_attempt1+25311264469_attempt1+25367630341_attempt1+25427145257_attempt1+25487949887_attempt1+25545252940_attempt1+25596809734_attempt1+25624592440_attempt1+25665168591_attempt1+25791429807_attempt1+25852951350_attempt1+25911485679_attempt1+25957739510_attempt1+25986690554_attempt1+26029755017_attempt1+26091905404_attempt1+26156603287_attempt1+26221008452_attempt1+26357456273_attempt1+26709070227_attempt1+26709294970_attempt1+26755468029_attempt1+26832707302_attempt1+26944523023_attempt1+27008365180_attempt1+27059341408_attempt1+27089462916_attempt1+27130700451_attempt1+27199408085_attempt1+27269618919_attempt1+27340390720_attempt1+27410119221_attempt1+27464308599_attempt1
btc2_path_eff,alphaforge_interaction,2,d8_sp40_ov30_dep100_adv5_fix75_f100,0.85,0.2575770163111495,-0.26547776414925606,51,20,17,0.39215686274509803,0.3333333333333333,101.9144821334195,0.019144821334194928,0.010116618075801805,0.9411764705882353,0.11261659608350115,2.8534839135016417,8,0.04,0.03,100.0,0.005,0.0075,0.01,-0.0038708595478019747,0.00103797404758188,0.6507936507936508,1.0,validation,39,27496226714_attempt1
btc2_path_eff,alphaforge_interaction,2,d8_sp40_ov30_dep100_adv5_fix75_f100,0.85,0.2575770163111495,-0.26547776414925606,76,37,20,0.4868421052631579,0.2631578947368421,100.81994586857704,0.008199458685770322,0.010115273775216184,0.95,0.04099729342885115,1.7983220669039433,8,0.04,0.03,100.0,0.005,0.0075,0.01,-0.005219430168042494,0.002876681144488469,0.7560975609756098,1.0,test,39,27540844174_attempt1
size_imbalance_uncertainty,alphaforge_interaction,2,d4_sp40_ov30_dep300_adv5_fix25_f100,0.95,0.6904697281128929,-0.6963833318047988,1060,289,215,0.27264150943396226,0.2028301886792453,86.07515828665517,-0.13924841713344838,0.22952385257660798,0.4325581395348837,-0.06476670564346439,0.889308015802757,4,0.04,0.03,300.0,0.005,0.0025,0.01,-0.040218428539262385,-0.0055445698377687425,0.3830703012912482,0.9639406982305118,train,39,24949259015_attempt1+24952032748_attempt1+24986940107_attempt1+25044896828_attempt1+25100490855_attempt1+25157440693_attempt1+25208977834_attempt1+25247789591_attempt1+25274678535_attempt1+25311264469_attempt1+25367630341_attempt1+25427145257_attempt1+25487949887_attempt1+25545252940_attempt1+25596809734_attempt1+25624592440_attempt1+25665168591_attempt1+25791429807_attempt1+25852951350_attempt1+25911485679_attempt1+25957739510_attempt1+25986690554_attempt1+26029755017_attempt1+26091905404_attempt1+26156603287_attempt1+26221008452_attempt1+26357456273_attempt1+26709070227_attempt1+26709294970_attempt1+26755468029_attempt1+26832707302_attempt1+26944523023_attempt1+27008365180_attempt1+27059341408_attempt1+27089462916_attempt1+27130700451_attempt1+27199408085_attempt1+27269618919_attempt1+27340390720_attempt1+27410119221_attempt1+27464308599_attempt1
size_imbalance_uncertainty,alphaforge_interaction,2,d4_sp40_ov30_dep300_adv5_fix25_f100,0.95,0.6904697281128929,-0.6963833318047988,35,17,14,0.4857142857142857,0.4,102.03348586716801,0.020334858671680056,0.023554885115119006,0.5714285714285714,0.14524899051200155,1.323312965324671,4,0.04,0.03,300.0,0.005,0.0025,0.01,-0.002489030261752845,0.025113819306226137,0.8253968253968254,1.0,validation,39,27496226714_attempt1
size_imbalance_uncertainty,alphaforge_interaction,2,d4_sp40_ov30_dep300_adv5_fix25_f100,0.95,0.6904697281128929,-0.6963833318047988,24,12,5,0.5,0.20833333333333334,94.98530669661437,-0.05014693303385631,0.05014693303385627,0.0,-1.002938660677127,0.0,4,0.04,0.03,300.0,0.005,0.0025,0.01,-0.040305479672536504,-0.020334035161280628,0.0,0.8130081300813008,test,39,27540844174_attempt1
classic_early_drop_down,classic_microstructure,1,d4_sp40_ov30_dep300_adv5_fix25_f100,,,,2706,573,419,0.21175166297117518,0.15484109386548411,124.71658623083056,0.2471658623083055,0.11171801585801999,0.7398568019093079,0.058989465944703376,1.1892312848684707,4,0.04,0.03,300.0,0.005,0.0025,0.01,-0.04682759091984667,0.0021860673681239895,0.5724543080939948,0.9581312942931742,train,40,24949259015_attempt1+24952032748_attempt1+24986940107_attempt1+25044896828_attempt1+25100490855_attempt1+25157440693_attempt1+25208977834_attempt1+25247789591_attempt1+25274678535_attempt1+25311264469_attempt1+25367630341_attempt1+25427145257_attempt1+25487949887_attempt1+25545252940_attempt1+25596809734_attempt1+25624592440_attempt1+25665168591_attempt1+25791429807_attempt1+25852951350_attempt1+25911485679_attempt1+25957739510_attempt1+25986690554_attempt1+26029755017_attempt1+26091905404_attempt1+26156603287_attempt1+26221008452_attempt1+26357456273_attempt1+26709070227_attempt1+26709294970_attempt1+26755468029_attempt1+26832707302_attempt1+26944523023_attempt1+27008365180_attempt1+27059341408_attempt1+27089462916_attempt1+27130700451_attempt1+27199408085_attempt1+27269618919_attempt1+27340390720_attempt1+27410119221_attempt1+27464308599_attempt1+27496226714_attempt1
classic_early_drop_down,classic_microstructure,1,d4_sp40_ov30_dep300_adv5_fix25_f100,,,,62,22,19,0.3548387096774194,0.3064516129032258,102.17074952553767,0.02170749525537663,0.03265115116498994,0.7894736842105263,0.11424997502829737,1.5388270339559715,4,0.04,0.03,300.0,0.005,0.0025,0.01,-0.02526172864032261,0.0016002063872884165,0.5528455284552846,1.0,validation,40,27540844174_attempt1
classic_early_drop_down,classic_microstructure,1,d4_sp40_ov30_dep300_adv5_fix25_f100,,,,71,25,18,0.352112676056338,0.2535211267605634,106.12965506414791,0.0612965506414791,0.010146520146520139,0.9444444444444444,0.34053639245266093,6.760556836076829,4,0.04,0.03,300.0,0.005,0.0025,0.01,-0.003071992131704393,0.021889150612750763,0.8818897637795275,1.0,test,40,27612222130_attempt1
btc2_path_eff,alphaforge_interaction,2,d4_sp40_ov50_dep100_adv15_fix25_f100,0.85,0.25492552904886523,-0.2628428354089429,3260,1435,689,0.4401840490797546,0.21134969325153374,104.28633364544399,0.04286333645443996,0.14269661242869663,0.8403483309143687,0.006221093825027499,1.0379244817843278,4,0.04,0.05,100.0,0.015,0.0025,0.01,-0.054906039940167184,0.0010017871233354292,0.53562103692652,1.0,train,40,24949259015_attempt1+24952032748_attempt1+24986940107_attempt1+25044896828_attempt1+25100490855_attempt1+25157440693_attempt1+25208977834_attempt1+25247789591_attempt1+25274678535_attempt1+25311264469_attempt1+25367630341_attempt1+25427145257_attempt1+25487949887_attempt1+25545252940_attempt1+25596809734_attempt1+25624592440_attempt1+25665168591_attempt1+25791429807_attempt1+25852951350_attempt1+25911485679_attempt1+25957739510_attempt1+25986690554_attempt1+26029755017_attempt1+26091905404_attempt1+26156603287_attempt1+26221008452_attempt1+26357456273_attempt1+26709070227_attempt1+26709294970_attempt1+26755468029_attempt1+26832707302_attempt1+26944523023_attempt1+27008365180_attempt1+27059341408_attempt1+27089462916_attempt1+27130700451_attempt1+27199408085_attempt1+27269618919_attempt1+27340390720_attempt1+27410119221_attempt1+27464308599_attempt1+27496226714_attempt1
btc2_path_eff,alphaforge_interaction,2,d4_sp40_ov50_dep100_adv15_fix25_f100,0.85,0.25492552904886523,-0.2628428354089429,76,48,20,0.631578947368421,0.2631578947368421,101.76649138446611,0.01766491384466118,0.01011331444759203,0.95,0.08832456922330455,2.722140131604836,4,0.04,0.05,100.0,0.015,0.0025,0.01,-0.006136526664634601,0.005231065867820739,0.6829268292682927,1.0,validation,40,27540844174_attempt1
btc2_path_eff,alphaforge_interaction,2,d4_sp40_ov50_dep100_adv15_fix25_f100,0.85,0.25492552904886523,-0.2628428354089429,74,35,20,0.47297297297297297,0.2702702702702703,98.77773239685838,-0.012222676031416135,0.02558069516317171,0.85,-0.061113380157081065,0.5946570635843491,4,0.04,0.05,100.0,0.015,0.0025,0.01,-0.0250896085108665,-0.00016953385464035797,0.33858267716535434,1.0,test,40,27612222130_attempt1
size_imbalance_uncertainty,alphaforge_interaction,2,d8_sp40_ov30_dep300_adv15_fix25_f100,0.9,0.5536565991779072,-0.5590334502550276,2172,572,396,0.26335174953959484,0.18232044198895028,81.90932159629351,-0.18090678403706495,0.30226852981170643,0.4292929292929293,-0.04568353132249105,0.9231472496372954,8,0.04,0.03,300.0,0.015,0.0025,0.01,-0.06320020625560907,-0.004735965131119291,0.4029280119358448,0.9977620290936218,train,40,24949259015_attempt1+24952032748_attempt1+24986940107_attempt1+25044896828_attempt1+25100490855_attempt1+25157440693_attempt1+25208977834_attempt1+25247789591_attempt1+25274678535_attempt1+25311264469_attempt1+25367630341_attempt1+25427145257_attempt1+25487949887_attempt1+25545252940_attempt1+25596809734_attempt1+25624592440_attempt1+25665168591_attempt1+25791429807_attempt1+25852951350_attempt1+25911485679_attempt1+25957739510_attempt1+25986690554_attempt1+26029755017_attempt1+26091905404_attempt1+26156603287_attempt1+26221008452_attempt1+26357456273_attempt1+26709070227_attempt1+26709294970_attempt1+26755468029_attempt1+26832707302_attempt1+26944523023_attempt1+27008365180_attempt1+27059341408_attempt1+27089462916_attempt1+27130700451_attempt1+27199408085_attempt1+27269618919_attempt1+27340390720_attempt1+27410119221_attempt1+27464308599_attempt1+27496226714_attempt1
size_imbalance_uncertainty,alphaforge_interaction,2,d8_sp40_ov30_dep300_adv15_fix25_f100,0.9,0.5536565991779072,-0.5590334502550276,52,18,13,0.34615384615384615,0.25,102.07996196824489,0.020799619682448922,0.04088707343989168,0.46153846153846156,0.15999707448037512,1.2810097603497463,8,0.04,0.03,300.0,0.015,0.0025,0.01,-0.017750310063087027,0.023423952400509762,0.943089430894309,1.0,validation,40,27540844174_attempt1
size_imbalance_uncertainty,alphaforge_interaction,2,d8_sp40_ov30_dep300_adv15_fix25_f100,0.9,0.5536565991779072,-0.5590334502550276,56,22,15,0.39285714285714285,0.26785714285714285,103.6568043129613,0.036568043129612926,0.04914591663182336,0.4666666666666667,0.24378695419742075,1.4183006490082422,8,0.04,0.03,300.0,0.015,0.0025,0.01,-0.03927362491543718,0.02510366907473327,0.6929133858267716,1.0,test,40,27612222130_attempt1
classic_early_drop_down,classic_microstructure,1,d4_sp40_ov30_dep300_adv15_fix75_f200,,,,2768,719,482,0.2597543352601156,0.17413294797687862,183.73718776344265,0.8373718776344266,0.19024637721887042,0.7655601659751037,0.17372860531834552,1.2440210514376975,4,0.04,0.03,300.0,0.015,0.0075,0.02,-0.07695172293241848,0.0081559444428283,0.619108280254777,0.9855323020928116,train,41,24949259015_attempt1+24952032748_attempt1+24986940107_attempt1+25044896828_attempt1+25100490855_attempt1+25157440693_attempt1+25208977834_attempt1+25247789591_attempt1+25274678535_attempt1+25311264469_attempt1+25367630341_attempt1+25427145257_attempt1+25487949887_attempt1+25545252940_attempt1+25596809734_attempt1+25624592440_attempt1+25665168591_attempt1+25791429807_attempt1+25852951350_attempt1+25911485679_attempt1+25957739510_attempt1+25986690554_attempt1+26029755017_attempt1+26091905404_attempt1+26156603287_attempt1+26221008452_attempt1+26357456273_attempt1+26709070227_attempt1+26709294970_attempt1+26755468029_attempt1+26832707302_attempt1+26944523023_attempt1+27008365180_attempt1+27059341408_attempt1+27089462916_attempt1+27130700451_attempt1+27199408085_attempt1+27269618919_attempt1+27340390720_attempt1+27410119221_attempt1+27464308599_attempt1+27496226714_attempt1+27540844174_attempt1
classic_early_drop_down,classic_microstructure,1,d4_sp40_ov30_dep300_adv15_fix75_f200,,,,71,31,20,0.43661971830985913,0.28169014084507044,112.73022058388342,0.12730220583883423,0.020290909090909068,0.95,0.636511029194171,6.665162335741723,4,0.04,0.03,300.0,0.015,0.0075,0.02,0.0029007963857772268,0.05300144281867181,1.0,1.0,validation,41,27612222130_attempt1
classic_early_drop_down,classic_microstructure,1,d4_sp40_ov30_dep300_adv15_fix75_f200,,,,71,25,17,0.352112676056338,0.23943661971830985,99.3669123646023,-0.006330876353977,0.051622861260050355,0.7647058823529411,-0.03724044914104191,0.921029588501191,4,0.04,0.03,300.0,0.015,0.0075,0.02,-0.04789811721061865,-0.002611977537935406,0.3888888888888889,1.0,test,41,27683808024_attempt1
btc2_path_eff,alphaforge_interaction,2,d8_sp40_ov30_dep100_adv15_fix25_f100,0.9,0.3948719416600994,-0.3982507677317121,2228,838,610,0.3761220825852783,0.2737881508078995,129.65887235496896,0.29658872354968957,0.040569889847307646,0.898360655737705,0.04862110222126102,1.3912635156444721,8,0.04,0.03,100.0,0.015,0.0025,0.01,-0.03453081379971912,0.0034359343930621122,0.6321201091901729,1.0,train,41,24949259015_attempt1+24952032748_attempt1+24986940107_attempt1+25044896828_attempt1+25100490855_attempt1+25157440693_attempt1+25208977834_attempt1+25247789591_attempt1+25274678535_attempt1+25311264469_attempt1+25367630341_attempt1+25427145257_attempt1+25487949887_attempt1+25545252940_attempt1+25596809734_attempt1+25624592440_attempt1+25665168591_attempt1+25791429807_attempt1+25852951350_attempt1+25911485679_attempt1+25957739510_attempt1+25986690554_attempt1+26029755017_attempt1+26091905404_attempt1+26156603287_attempt1+26221008452_attempt1+26357456273_attempt1+26709070227_attempt1+26709294970_attempt1+26755468029_attempt1+26832707302_attempt1+26944523023_attempt1+27008365180_attempt1+27059341408_attempt1+27089462916_attempt1+27130700451_attempt1+27199408085_attempt1+27269618919_attempt1+27340390720_attempt1+27410119221_attempt1+27464308599_attempt1+27496226714_attempt1+27540844174_attempt1
btc2_path_eff,alphaforge_interaction,2,d8_sp40_ov30_dep100_adv15_fix25_f100,0.9,0.3948719416600994,-0.3982507677317121,47,21,19,0.44680851063829785,0.40425531914893614,100.06004219261527,0.0006004219261526167,0.010126182965299655,0.8947368421052632,0.00316011540080459,1.029472165562745,8,0.04,0.03,100.0,0.015,0.0025,0.01,-0.001347263596460202,0.010224278665292408,0.8267716535433071,1.0,validation,41,27612222130_attempt1
btc2_path_eff,alphaforge_interaction,2,d8_sp40_ov30_dep100_adv15_fix25_f100,0.9,0.3948719416600994,-0.3982507677317121,50,27,15,0.54,0.3,98.42637642508579,-0.01573623574914207,0.02501252297757315,0.8,-0.10490823832761365,0.4789935555602437,8,0.04,0.03,100.0,0.015,0.0025,0.01,-0.024029529337948996,-0.022455383417526287,0.14814814814814814,1.0,test,41,27683808024_attempt1
size_imbalance_uncertainty,alphaforge_interaction,2,d8_sp40_ov30_dep100_adv5_fix25_f100,0.9,0.5529437750484332,-0.5598409407546694,2224,962,566,0.43255395683453235,0.25449640287769787,117.00624093989107,0.1700624093989107,0.28504865891081993,0.450530035335689,0.03004636208461315,1.0407844504110935,8,0.04,0.03,100.0,0.005,0.0025,0.01,-0.06967283150299708,-0.001626586715708922,0.47879890809827114,1.0,train,41,24949259015_attempt1+24952032748_attempt1+24986940107_attempt1+25044896828_attempt1+25100490855_attempt1+25157440693_attempt1+25208977834_attempt1+25247789591_attempt1+25274678535_attempt1+25311264469_attempt1+25367630341_attempt1+25427145257_attempt1+25487949887_attempt1+25545252940_attempt1+25596809734_attempt1+25624592440_attempt1+25665168591_attempt1+25791429807_attempt1+25852951350_attempt1+25911485679_attempt1+25957739510_attempt1+25986690554_attempt1+26029755017_attempt1+26091905404_attempt1+26156603287_attempt1+26221008452_attempt1+26357456273_attempt1+26709070227_attempt1+26709294970_attempt1+26755468029_attempt1+26832707302_attempt1+26944523023_attempt1+27008365180_attempt1+27059341408_attempt1+27089462916_attempt1+27130700451_attempt1+27199408085_attempt1+27269618919_attempt1+27340390720_attempt1+27410119221_attempt1+27464308599_attempt1+27496226714_attempt1+27540844174_attempt1
size_imbalance_uncertainty,alphaforge_interaction,2,d8_sp40_ov30_dep100_adv5_fix25_f100,0.9,0.5529437750484332,-0.5598409407546694,56,26,17,0.4642857142857143,0.30357142857142855,106.87503184110176,0.06875031841101764,0.03704003176500552,0.5294117647058824,0.4044136377118701,1.767371948659562,8,0.04,0.03,100.0,0.005,0.0025,0.01,-0.027042050072648482,0.024966431056072436,0.7322834645669292,1.0,validation,41,27612222130_attempt1
size_imbalance_uncertainty,alphaforge_interaction,2,d8_sp40_ov30_dep100_adv5_fix25_f100,0.9,0.5529437750484332,-0.5598409407546694,56,30,15,0.5357142857142857,0.26785714285714285,94.33200396911317,-0.05667996030886824,0.07058984724124052,0.2,-0.3778664020591223,0.5405964156585741,8,0.04,0.03,100.0,0.005,0.0025,0.01,-0.07058984724124051,-0.01942584698065941,0.046296296296296294,1.0,test,41,27683808024_attempt1
classic_early_drop_down,classic_microstructure,1,d8_sp40_ov30_dep100_adv15_fix25_f100,,,,2839,1070,619,0.37689327227897146,0.2180345191969003,83.75220502941913,-0.16247794970580864,0.2036820612549396,0.6817447495961227,-0.026248457141487755,0.9161965237348052,8,0.04,0.03,100.0,0.015,0.0025,0.01,-0.05058449965841949,-0.0019443257226068322,0.4488454706927176,1.0,train,42,24949259015_attempt1+24952032748_attempt1+24986940107_attempt1+25044896828_attempt1+25100490855_attempt1+25157440693_attempt1+25208977834_attempt1+25247789591_attempt1+25274678535_attempt1+25311264469_attempt1+25367630341_attempt1+25427145257_attempt1+25487949887_attempt1+25545252940_attempt1+25596809734_attempt1+25624592440_attempt1+25665168591_attempt1+25791429807_attempt1+25852951350_attempt1+25911485679_attempt1+25957739510_attempt1+25986690554_attempt1+26029755017_attempt1+26091905404_attempt1+26156603287_attempt1+26221008452_attempt1+26357456273_attempt1+26709070227_attempt1+26709294970_attempt1+26755468029_attempt1+26832707302_attempt1+26944523023_attempt1+27008365180_attempt1+27059341408_attempt1+27089462916_attempt1+27130700451_attempt1+27199408085_attempt1+27269618919_attempt1+27340390720_attempt1+27410119221_attempt1+27464308599_attempt1+27496226714_attempt1+27540844174_attempt1+27612222130_attempt1
classic_early_drop_down,classic_microstructure,1,d8_sp40_ov30_dep100_adv15_fix25_f100,,,,71,31,20,0.43661971830985913,0.28169014084507044,102.58385580136073,0.02583855801360735,0.030762993685325996,0.8,0.12919279006803702,1.640804309987311,8,0.04,0.03,100.0,0.015,0.0025,0.01,-0.027039015900376606,0.015979015816692144,0.7037037037037037,1.0,validation,42,27683808024_attempt1
classic_early_drop_down,classic_microstructure,1,d8_sp40_ov30_dep100_adv15_fix25_f100,,,,78,32,20,0.41025641025641024,0.2564102564102564,104.07359856203057,0.04073598562030578,0.030205317660004363,0.8,0.20367992810152855,1.975534912573249,8,0.04,0.03,100.0,0.015,0.0025,0.01,-0.02623640703832819,0.015759646790641346,0.625,1.0,test,42,27754758156_attempt1
btc2_path_eff,alphaforge_interaction,2,d4_sp40_ov30_dep100_adv5_fix25_f100,0.85,0.25407141911085906,-0.26219584047718103,3422,1155,685,0.33752191700759787,0.20017533606078317,106.85113530928139,0.06851135309281386,0.13051148997508477,0.8423357664233576,0.010001657385812423,1.0607868053840432,4,0.04,0.03,100.0,0.005,0.0025,0.01,-0.041697597113423024,0.0010212984729982555,0.5338365896980461,1.0,train,42,24949259015_attempt1+24952032748_attempt1+24986940107_attempt1+25044896828_attempt1+25100490855_attempt1+25157440693_attempt1+25208977834_attempt1+25247789591_attempt1+25274678535_attempt1+25311264469_attempt1+25367630341_attempt1+25427145257_attempt1+25487949887_attempt1+25545252940_attempt1+25596809734_attempt1+25624592440_attempt1+25665168591_attempt1+25791429807_attempt1+25852951350_attempt1+25911485679_attempt1+25957739510_attempt1+25986690554_attempt1+26029755017_attempt1+26091905404_attempt1+26156603287_attempt1+26221008452_attempt1+26357456273_attempt1+26709070227_attempt1+26709294970_attempt1+26755468029_attempt1+26832707302_attempt1+26944523023_attempt1+27008365180_attempt1+27059341408_attempt1+27089462916_attempt1+27130700451_attempt1+27199408085_attempt1+27269618919_attempt1+27340390720_attempt1+27410119221_attempt1+27464308599_attempt1+27496226714_attempt1+27540844174_attempt1+27612222130_attempt1
btc2_path_eff,alphaforge_interaction,2,d4_sp40_ov30_dep100_adv5_fix25_f100,0.85,0.25407141911085906,-0.26219584047718103,77,25,19,0.3246753246753247,0.24675324675324675,100.83188767701503,0.008318876770150307,0.015791070505343497,0.8947368421052632,0.043783561948159855,1.4064123461578775,4,0.04,0.03,100.0,0.005,0.0025,0.01,-0.015791070505343452,-8.401253757917004e-05,0.48148148148148145,1.0,validation,42,27683808024_attempt1
btc2_path_eff,alphaforge_interaction,2,d4_sp40_ov30_dep100_adv5_fix25_f100,0.85,0.25407141911085906,-0.26219584047718103,80,24,18,0.3,0.225,101.17052087687424,0.01170520876874237,0.030086635186402987,0.8333333333333334,0.06502893760412241,1.386674274883779,4,0.04,0.03,100.0,0.005,0.0025,0.01,-0.021667966982554687,0.02125173738370001,0.5367647058823529,1.0,test,42,27754758156_attempt1
size_imbalance_uncertainty,alphaforge_interaction,2,d4_sp40_ov30_dep100_adv15_fix75_f100,0.95,0.6931450154278769,-0.6956644070505843,1140,593,372,0.5201754385964912,0.3263157894736842,71.2083270118404,-0.287916729881596,0.38732371764887713,0.4381720430107527,-0.07739697039827828,0.850860342777114,4,0.04,0.03,100.0,0.015,0.0075,0.01,-0.0599143878384254,-0.009485704747949741,0.3313499111900533,0.9968028419182948,train,42,24949259015_attempt1+24952032748_attempt1+24986940107_attempt1+25044896828_attempt1+25100490855_attempt1+25157440693_attempt1+25208977834_attempt1+25247789591_attempt1+25274678535_attempt1+25311264469_attempt1+25367630341_attempt1+25427145257_attempt1+25487949887_attempt1+25545252940_attempt1+25596809734_attempt1+25624592440_attempt1+25665168591_attempt1+25791429807_attempt1+25852951350_attempt1+25911485679_attempt1+25957739510_attempt1+25986690554_attempt1+26029755017_attempt1+26091905404_attempt1+26156603287_attempt1+26221008452_attempt1+26357456273_attempt1+26709070227_attempt1+26709294970_attempt1+26755468029_attempt1+26832707302_attempt1+26944523023_attempt1+27008365180_attempt1+27059341408_attempt1+27089462916_attempt1+27130700451_attempt1+27199408085_attempt1+27269618919_attempt1+27340390720_attempt1+27410119221_attempt1+27464308599_attempt1+27496226714_attempt1+27540844174_attempt1+27612222130_attempt1
size_imbalance_uncertainty,alphaforge_interaction,2,d4_sp40_ov30_dep100_adv15_fix75_f100,0.95,0.6931450154278769,-0.6956644070505843,27,14,14,0.5185185185185185,0.5185185185185185,105.76970212844108,0.05769702128441079,0.020410901144640968,0.5714285714285714,0.4121215806029337,1.8888742241679155,4,0.04,0.03,100.0,0.015,0.0075,0.01,0.01297012601444103,0.04799776450559834,1.0,1.0,validation,42,27683808024_attempt1
size_imbalance_uncertainty,alphaforge_interaction,2,d4_sp40_ov30_dep100_adv15_fix75_f100,0.95,0.6931450154278769,-0.6956644070505843,32,23,13,0.71875,0.40625,103.34989060142512,0.033498906014251206,0.02689537987243213,0.5384615384615384,0.25768389241731826,1.5178608992666114,4,0.04,0.03,100.0,0.015,0.0075,0.01,-0.026895379872431957,0.010847847557730939,0.5073529411764706,1.0,test,42,27754758156_attempt1
classic_early_drop_down,classic_microstructure,1,d8_sp40_ov30_dep300_adv15_fix25_f200,,,,2910,701,488,0.240893470790378,0.1676975945017182,73.73571929078048,-0.26264280709219523,0.33328017860192066,0.6700819672131147,-0.053820247354957954,0.9083062649506907,8,0.04,0.03,300.0,0.015,0.0025,0.02,-0.10359227354788092,-0.0021834839116712246,0.4492224828424985,0.9806272261315264,train,43,24949259015_attempt1+24952032748_attempt1+24986940107_attempt1+25044896828_attempt1+25100490855_attempt1+25157440693_attempt1+25208977834_attempt1+25247789591_attempt1+25274678535_attempt1+25311264469_attempt1+25367630341_attempt1+25427145257_attempt1+25487949887_attempt1+25545252940_attempt1+25596809734_attempt1+25624592440_attempt1+25665168591_attempt1+25791429807_attempt1+25852951350_attempt1+25911485679_attempt1+25957739510_attempt1+25986690554_attempt1+26029755017_attempt1+26091905404_attempt1+26156603287_attempt1+26221008452_attempt1+26357456273_attempt1+26709070227_attempt1+26709294970_attempt1+26755468029_attempt1+26832707302_attempt1+26944523023_attempt1+27008365180_attempt1+27059341408_attempt1+27089462916_attempt1+27130700451_attempt1+27199408085_attempt1+27269618919_attempt1+27340390720_attempt1+27410119221_attempt1+27464308599_attempt1+27496226714_attempt1+27540844174_attempt1+27612222130_attempt1+27683808024_attempt1
classic_early_drop_down,classic_microstructure,1,d8_sp40_ov30_dep300_adv15_fix25_f200,,,,78,23,17,0.2948717948717949,0.21794871794871795,108.83308309177097,0.08833083091770977,0.026550189295973577,0.8823529411764706,0.5195931230453509,3.0564159066648613,8,0.04,0.03,300.0,0.015,0.0025,0.02,-0.018582450631848046,0.03219411141481576,0.8382352941176471,1.0,validation,43,27754758156_attempt1
classic_early_drop_down,classic_microstructure,1,d8_sp40_ov30_dep300_adv15_fix25_f200,,,,49,16,13,0.32653061224489793,0.2653061224489796,101.72038885465905,0.017203888546590385,0.04021538649519652,0.7692307692307693,0.13233760420454244,1.2783137859506257,8,0.04,0.03,300.0,0.015,0.0025,0.02,-0.03448814716215143,0.005967213114754122,0.5526315789473685,1.0,test,43,27821835753_attempt1
btc2_path_eff,alphaforge_interaction,2,d8_sp40_ov30_dep100_adv15_fix25_f200,0.85,0.2545342357580967,-0.2617183191657456,3496,1347,720,0.3852974828375286,0.20594965675057209,132.25662989794233,0.32256629897942335,0.17729414205596275,0.8527777777777777,0.044800874858253084,1.1237144852868737,8,0.04,0.03,100.0,0.015,0.0025,0.02,-0.08533378340526632,0.003580361905378693,0.5824863174354965,1.0,train,43,24949259015_attempt1+24952032748_attempt1+24986940107_attempt1+25044896828_attempt1+25100490855_attempt1+25157440693_attempt1+25208977834_attempt1+25247789591_attempt1+25274678535_attempt1+25311264469_attempt1+25367630341_attempt1+25427145257_attempt1+25487949887_attempt1+25545252940_attempt1+25596809734_attempt1+25624592440_attempt1+25665168591_attempt1+25791429807_attempt1+25852951350_attempt1+25911485679_attempt1+25957739510_attempt1+25986690554_attempt1+26029755017_attempt1+26091905404_attempt1+26156603287_attempt1+26221008452_attempt1+26357456273_attempt1+26709070227_attempt1+26709294970_attempt1+26755468029_attempt1+26832707302_attempt1+26944523023_attempt1+27008365180_attempt1+27059341408_attempt1+27089462916_attempt1+27130700451_attempt1+27199408085_attempt1+27269618919_attempt1+27340390720_attempt1+27410119221_attempt1+27464308599_attempt1+27496226714_attempt1+27540844174_attempt1+27612222130_attempt1+27683808024_attempt1
btc2_path_eff,alphaforge_interaction,2,d8_sp40_ov30_dep100_adv15_fix25_f200,0.85,0.2545342357580967,-0.2617183191657456,80,38,20,0.475,0.25,108.46775307023218,0.08467753070232176,0.0,1.0,0.42338765351161,,8,0.04,0.03,100.0,0.015,0.0025,0.02,0.014799921376488667,0.06565321375915234,1.0,1.0,validation,43,27754758156_attempt1
btc2_path_eff,alphaforge_interaction,2,d8_sp40_ov30_dep100_adv15_fix25_f200,0.85,0.2545342357580967,-0.2617183191657456,61,22,16,0.36065573770491804,0.26229508196721313,103.51665253313921,0.03516652533139197,0.020229226361031572,0.9375,0.219790783321202,2.65023788430021,8,0.04,0.03,100.0,0.015,0.0025,0.02,0.00781588383405496,0.02929228708694076,1.0,1.0,test,43,27821835753_attempt1
size_imbalance_uncertainty,alphaforge_interaction,2,d8_sp40_ov30_dep100_adv5_fix25_f100,0.95,0.6932010705401953,-0.6960246681838754,1164,512,339,0.43986254295532645,0.2912371134020619,96.2203896285265,-0.03779610371473496,0.2968682065533671,0.44542772861356933,-0.011149293131189791,0.9829461369244399,8,0.04,0.03,100.0,0.005,0.0025,0.01,-0.05010691779045062,-0.0055235652823584225,0.4348014942229172,0.9981756580661976,train,43,24949259015_attempt1+24952032748_attempt1+24986940107_attempt1+25044896828_attempt1+25100490855_attempt1+25157440693_attempt1+25208977834_attempt1+25247789591_attempt1+25274678535_attempt1+25311264469_attempt1+25367630341_attempt1+25427145257_attempt1+25487949887_attempt1+25545252940_attempt1+25596809734_attempt1+25624592440_attempt1+25665168591_attempt1+25791429807_attempt1+25852951350_attempt1+25911485679_attempt1+25957739510_attempt1+25986690554_attempt1+26029755017_attempt1+26091905404_attempt1+26156603287_attempt1+26221008452_attempt1+26357456273_attempt1+26709070227_attempt1+26709294970_attempt1+26755468029_attempt1+26832707302_attempt1+26944523023_attempt1+27008365180_attempt1+27059341408_attempt1+27089462916_attempt1+27130700451_attempt1+27199408085_attempt1+27269618919_attempt1+27340390720_attempt1+27410119221_attempt1+27464308599_attempt1+27496226714_attempt1+27540844174_attempt1+27612222130_attempt1+27683808024_attempt1
size_imbalance_uncertainty,alphaforge_interaction,2,d8_sp40_ov30_dep100_adv5_fix25_f100,0.95,0.6932010705401953,-0.6960246681838754,32,22,17,0.6875,0.53125,105.10636936597179,0.05106369365971797,0.03048648388951626,0.5294117647058824,0.3003746685865766,1.5912655196421381,8,0.04,0.03,100.0,0.005,0.0025,0.01,-0.021476521734002385,0.026340344128878868,0.7352941176470589,1.0,validation,43,27754758156_attempt1
size_imbalance_uncertainty,alphaforge_interaction,2,d8_sp40_ov30_dep100_adv5_fix25_f100,0.95,0.6932010705401953,-0.6960246681838754,27,15,10,0.5555555555555556,0.37037037037037035,97.87341353497324,-0.021265864650267585,0.03594165725636498,0.4,-0.2126586465026751,0.6566319799049428,8,0.04,0.03,100.0,0.005,0.0025,0.01,-0.023614680671381838,-0.01587226037338152,0.18421052631578946,1.0,test,43,27821835753_attempt1
classic_early_drop_down,classic_microstructure,1,d8_sp40_ov30_dep100_adv15_fix25_f100,,,,2988,1133,651,0.3791834002677376,0.2178714859437751,86.89068805109568,-0.13109311948904323,0.20881517461573226,0.6866359447004609,-0.020137191933800907,0.9344534784987258,8,0.04,0.03,100.0,0.015,0.0025,0.01,-0.05058449965841949,-0.0015730002196852055,0.4541984732824427,1.0,train,44,24949259015_attempt1+24952032748_attempt1+24986940107_attempt1+25044896828_attempt1+25100490855_attempt1+25157440693_attempt1+25208977834_attempt1+25247789591_attempt1+25274678535_attempt1+25311264469_attempt1+25367630341_attempt1+25427145257_attempt1+25487949887_attempt1+25545252940_attempt1+25596809734_attempt1+25624592440_attempt1+25665168591_attempt1+25791429807_attempt1+25852951350_attempt1+25911485679_attempt1+25957739510_attempt1+25986690554_attempt1+26029755017_attempt1+26091905404_attempt1+26156603287_attempt1+26221008452_attempt1+26357456273_attempt1+26709070227_attempt1+26709294970_attempt1+26755468029_attempt1+26832707302_attempt1+26944523023_attempt1+27008365180_attempt1+27059341408_attempt1+27089462916_attempt1+27130700451_attempt1+27199408085_attempt1+27269618919_attempt1+27340390720_attempt1+27410119221_attempt1+27464308599_attempt1+27496226714_attempt1+27540844174_attempt1+27612222130_attempt1+27683808024_attempt1+27754758156_attempt1
classic_early_drop_down,classic_microstructure,1,d8_sp40_ov30_dep100_adv15_fix25_f100,,,,49,26,18,0.5306122448979592,0.3673469387755102,104.58893431139383,0.04588934311393822,0.01014869888475843,0.8888888888888888,0.2549407950774352,3.215973306907498,8,0.04,0.03,100.0,0.015,0.0025,0.01,-0.00011819331626083951,0.017484808418938513,0.8421052631578947,1.0,validation,44,27821835753_attempt1
classic_early_drop_down,classic_microstructure,1,d8_sp40_ov30_dep100_adv15_fix25_f100,,,,50,25,14,0.5,0.28,98.71698979300503,-0.012830102069949723,0.028193246444668748,0.7142857142857143,-0.0916435862139271,0.6859794735542553,8,0.04,0.03,100.0,0.015,0.0025,0.01,-0.017443884852053837,-0.00016126459887189082,0.32116788321167883,0.8759124087591241,test,44,27869277828_attempt1
btc2_path_eff,alphaforge_interaction,2,d8_sp40_ov30_dep100_adv5_fix75_f200,0.85,0.25361175797530733,-0.2624476509926169,3580,1111,696,0.31033519553072625,0.19441340782122904,125.05191625042244,0.25051916250422446,0.17186159939585152,0.8462643678160919,0.03599413254371041,1.1007706605493317,8,0.04,0.03,100.0,0.005,0.0075,0.02,-0.08364369653372095,0.003477957616807359,0.5614927905004241,1.0,train,44,24949259015_attempt1+24952032748_attempt1+24986940107_attempt1+25044896828_attempt1+25100490855_attempt1+25157440693_attempt1+25208977834_attempt1+25247789591_attempt1+25274678535_attempt1+25311264469_attempt1+25367630341_attempt1+25427145257_attempt1+25487949887_attempt1+25545252940_attempt1+25596809734_attempt1+25624592440_attempt1+25665168591_attempt1+25791429807_attempt1+25852951350_attempt1+25911485679_attempt1+25957739510_attempt1+25986690554_attempt1+26029755017_attempt1+26091905404_attempt1+26156603287_attempt1+26221008452_attempt1+26357456273_attempt1+26709070227_attempt1+26709294970_attempt1+26755468029_attempt1+26832707302_attempt1+26944523023_attempt1+27008365180_attempt1+27059341408_attempt1+27089462916_attempt1+27130700451_attempt1+27199408085_attempt1+27269618919_attempt1+27340390720_attempt1+27410119221_attempt1+27464308599_attempt1+27496226714_attempt1+27540844174_attempt1+27612222130_attempt1+27683808024_attempt1+27754758156_attempt1
btc2_path_eff,alphaforge_interaction,2,d8_sp40_ov30_dep100_adv5_fix75_f200,0.85,0.25361175797530733,-0.2624476509926169,60,19,16,0.31666666666666665,0.26666666666666666,103.71948773102127,0.03719487731021265,0.020227920227920176,0.9375,0.23246798318882986,2.74189271746486,8,0.04,0.03,100.0,0.005,0.0075,0.02,0.012457382100502956,0.032231738041962776,1.0,1.0,validation,44,27821835753_attempt1
btc2_path_eff,alphaforge_interaction,2,d8_sp40_ov30_dep100_adv5_fix75_f200,0.85,0.25361175797530733,-0.2624476509926169,56,18,16,0.32142857142857145,0.2857142857142857,98.13266510435882,-0.018673348956411817,0.043629765472181656,0.8125,-0.1167084309775735,0.6914988727533309,8,0.04,0.03,100.0,0.005,0.0075,0.02,-0.04362976547218134,-0.030490202159920266,0.051094890510948905,1.0,test,44,27869277828_attempt1
size_imbalance_uncertainty,alphaforge_interaction,2,d4_sp40_ov30_dep100_adv15_fix25_f100,0.95,0.694004789857391,-0.6961312018057161,1192,626,396,0.5251677852348994,0.33221476510067116,77.61346882755896,-0.22386531172441038,0.3766197411896881,0.4444444444444444,-0.05653164437485122,0.889542768684388,4,0.04,0.03,100.0,0.015,0.0025,0.01,-0.05993178795426035,-0.007750977487070321,0.3697201017811705,0.9969465648854962,train,44,24949259015_attempt1+24952032748_attempt1+24986940107_attempt1+25044896828_attempt1+25100490855_attempt1+25157440693_attempt1+25208977834_attempt1+25247789591_attempt1+25274678535_attempt1+25311264469_attempt1+25367630341_attempt1+25427145257_attempt1+25487949887_attempt1+25545252940_attempt1+25596809734_attempt1+25624592440_attempt1+25665168591_attempt1+25791429807_attempt1+25852951350_attempt1+25911485679_attempt1+25957739510_attempt1+25986690554_attempt1+26029755017_attempt1+26091905404_attempt1+26156603287_attempt1+26221008452_attempt1+26357456273_attempt1+26709070227_attempt1+26709294970_attempt1+26755468029_attempt1+26832707302_attempt1+26944523023_attempt1+27008365180_attempt1+27059341408_attempt1+27089462916_attempt1+27130700451_attempt1+27199408085_attempt1+27269618919_attempt1+27340390720_attempt1+27410119221_attempt1+27464308599_attempt1+27496226714_attempt1+27540844174_attempt1+27612222130_attempt1+27683808024_attempt1+27754758156_attempt1
size_imbalance_uncertainty,alphaforge_interaction,2,d4_sp40_ov30_dep100_adv15_fix25_f100,0.95,0.694004789857391,-0.6961312018057161,27,14,13,0.5185185185185185,0.48148148148148145,103.74819425295108,0.03748194252951076,0.02041646242678521,0.6153846153846154,0.2883226348423905,1.7139668663765204,4,0.04,0.03,100.0,0.015,0.0025,0.01,0.008016934987110869,0.04382525915566893,1.0,1.0,validation,44,27821835753_attempt1
size_imbalance_uncertainty,alphaforge_interaction,2,d4_sp40_ov30_dep100_adv15_fix25_f100,0.95,0.694004789857391,-0.6961312018057161,44,25,13,0.5681818181818182,0.29545454545454547,100.03628671752945,0.0003628671752944346,0.030297692735480254,0.46153846153846156,0.0027912859638039578,1.0050166717258875,4,0.04,0.03,100.0,0.015,0.0025,0.01,-0.03029769273548022,0.003467518136255343,0.5474452554744526,1.0,test,44,27869277828_attempt1
classic_early_drop_down,classic_microstructure,1,d4_sp40_ov30_dep100_adv15_fix25_f100,,,,3037,1307,703,0.4303589068159368,0.23147843266381296,138.68919962492464,0.3868919962492463,0.10873232126146493,0.7553342816500711,0.055034423364046514,1.184844643436184,4,0.04,0.03,100.0,0.015,0.0025,0.01,-0.04780665224348957,0.004641751893631918,0.5993193326139288,1.0,train,45,24949259015_attempt1+24952032748_attempt1+24986940107_attempt1+25044896828_attempt1+25100490855_attempt1+25157440693_attempt1+25208977834_attempt1+25247789591_attempt1+25274678535_attempt1+25311264469_attempt1+25367630341_attempt1+25427145257_attempt1+25487949887_attempt1+25545252940_attempt1+25596809734_attempt1+25624592440_attempt1+25665168591_attempt1+25791429807_attempt1+25852951350_attempt1+25911485679_attempt1+25957739510_attempt1+25986690554_attempt1+26029755017_attempt1+26091905404_attempt1+26156603287_attempt1+26221008452_attempt1+26357456273_attempt1+26709070227_attempt1+26709294970_attempt1+26755468029_attempt1+26832707302_attempt1+26944523023_attempt1+27008365180_attempt1+27059341408_attempt1+27089462916_attempt1+27130700451_attempt1+27199408085_attempt1+27269618919_attempt1+27340390720_attempt1+27410119221_attempt1+27464308599_attempt1+27496226714_attempt1+27540844174_attempt1+27612222130_attempt1+27683808024_attempt1+27754758156_attempt1+27821835753_attempt1
classic_early_drop_down,classic_microstructure,1,d4_sp40_ov30_dep100_adv15_fix25_f100,,,,50,27,18,0.54,0.36,101.52627292521244,0.015262729252124352,0.013863419151667973,0.8333333333333334,0.08479294028957901,1.488949938418197,4,0.04,0.03,100.0,0.015,0.0025,0.01,-0.006833333333333247,0.0036500072074863166,0.7591240875912408,1.0,validation,45,27869277828_attempt1
classic_early_drop_down,classic_microstructure,1,d4_sp40_ov30_dep100_adv15_fix25_f100,,,,62,36,20,0.5806451612903226,0.3225806451612903,102.1470871727104,0.021470871727103935,0.017941644348854684,0.8,0.10735435863551972,1.5207532605644454,4,0.04,0.03,100.0,0.015,0.0025,0.01,-0.006202589046866991,0.009806718790842606,0.856,1.0,test,45,27902430728_attempt1
btc2_path_eff,alphaforge_interaction,2,d4_sp40_ov30_dep100_adv5_fix25_f100,0.85,0.2528007911766496,-0.2613110453233413,3658,1234,734,0.3373428102788409,0.20065609622744668,104.9300396860107,0.04930039686010712,0.12916420430012543,0.8392370572207084,0.006716675321540402,1.0396909157177612,4,0.04,0.03,100.0,0.005,0.0025,0.01,-0.041697597113423024,0.0008875892879589564,0.5251929941064165,1.0,train,45,24949259015_attempt1+24952032748_attempt1+24986940107_attempt1+25044896828_attempt1+25100490855_attempt1+25157440693_attempt1+25208977834_attempt1+25247789591_attempt1+25274678535_attempt1+25311264469_attempt1+25367630341_attempt1+25427145257_attempt1+25487949887_attempt1+25545252940_attempt1+25596809734_attempt1+25624592440_attempt1+25665168591_attempt1+25791429807_attempt1+25852951350_attempt1+25911485679_attempt1+25957739510_attempt1+25986690554_attempt1+26029755017_attempt1+26091905404_attempt1+26156603287_attempt1+26221008452_attempt1+26357456273_attempt1+26709070227_attempt1+26709294970_attempt1+26755468029_attempt1+26832707302_attempt1+26944523023_attempt1+27008365180_attempt1+27059341408_attempt1+27089462916_attempt1+27130700451_attempt1+27199408085_attempt1+27269618919_attempt1+27340390720_attempt1+27410119221_attempt1+27464308599_attempt1+27496226714_attempt1+27540844174_attempt1+27612222130_attempt1+27683808024_attempt1+27754758156_attempt1+27821835753_attempt1
btc2_path_eff,alphaforge_interaction,2,d4_sp40_ov30_dep100_adv5_fix25_f100,0.85,0.2528007911766496,-0.2613110453233413,57,20,17,0.3508771929824561,0.2982456140350877,102.55642618850541,0.02556426188505423,0.010140350877192929,0.9411764705882353,0.1503780110885525,3.5210431270727924,4,0.04,0.03,100.0,0.005,0.0025,0.01,0.0019234299841452973,0.016580352178330537,1.0,1.0,validation,45,27869277828_attempt1
btc2_path_eff,alphaforge_interaction,2,d4_sp40_ov30_dep100_adv5_fix25_f100,0.85,0.2528007911766496,-0.2613110453233413,90,31,18,0.34444444444444444,0.2,97.91394478004203,-0.02086055219957972,0.034919203678349144,0.7777777777777778,-0.11589195666433211,0.48203673432303384,4,0.04,0.03,100.0,0.005,0.0025,0.01,-0.033362621748798005,-0.01821470922002666,0.0,1.0,test,45,27902430728_attempt1
size_imbalance_uncertainty,alphaforge_interaction,2,d8_sp40_ov30_dep300_adv15_fix25_f100,0.95,0.6935452236943624,-0.6966078385040028,1218,332,247,0.27257799671592775,0.20279146141215107,97.57650967549095,-0.024234903245090478,0.19169138346175477,0.4574898785425101,-0.009811701718660035,0.9834778206073889,8,0.04,0.03,300.0,0.015,0.0025,0.01,-0.04406135112701848,0.0,0.43911347223375113,0.9247115464430978,train,45,24949259015_attempt1+24952032748_attempt1+24986940107_attempt1+25044896828_attempt1+25100490855_attempt1+25157440693_attempt1+25208977834_attempt1+25247789591_attempt1+25274678535_attempt1+25311264469_attempt1+25367630341_attempt1+25427145257_attempt1+25487949887_attempt1+25545252940_attempt1+25596809734_attempt1+25624592440_attempt1+25665168591_attempt1+25791429807_attempt1+25852951350_attempt1+25911485679_attempt1+25957739510_attempt1+25986690554_attempt1+26029755017_attempt1+26091905404_attempt1+26156603287_attempt1+26221008452_attempt1+26357456273_attempt1+26709070227_attempt1+26709294970_attempt1+26755468029_attempt1+26832707302_attempt1+26944523023_attempt1+27008365180_attempt1+27059341408_attempt1+27089462916_attempt1+27130700451_attempt1+27199408085_attempt1+27269618919_attempt1+27340390720_attempt1+27410119221_attempt1+27464308599_attempt1+27496226714_attempt1+27540844174_attempt1+27612222130_attempt1+27683808024_attempt1+27754758156_attempt1+27821835753_attempt1
size_imbalance_uncertainty,alphaforge_interaction,2,d8_sp40_ov30_dep300_adv15_fix25_f100,0.95,0.6935452236943624,-0.6966078385040028,44,10,8,0.22727272727272727,0.18181818181818182,101.71325725659817,0.017132572565981663,0.020301368187152065,0.5,0.21415715707477265,1.4182635834134247,8,0.04,0.03,300.0,0.015,0.0025,0.01,0.005687429250269105,0.02011234101125292,1.0,1.0,validation,45,27869277828_attempt1
size_imbalance_uncertainty,alphaforge_interaction,2,d8_sp40_ov30_dep300_adv15_fix25_f100,0.95,0.6935452236943624,-0.6966078385040028,26,11,11,0.4230769230769231,0.4230769230769231,108.86845819561991,0.088684581956199,0.020461968299834293,0.7272727272727273,0.8062234723290821,3.5970110766868877,8,0.04,0.03,300.0,0.015,0.0025,0.01,0.00220131103867538,0.0700047058278277,1.0,1.0,test,45,27902430728_attempt1
classic_early_drop_down,classic_microstructure,1,d4_sp40_ov30_dep300_adv5_fix25_f100,,,,3087,686,500,0.2222222222222222,0.16196954972465177,128.55926825115463,0.28559268251154624,0.12265129529197859,0.744,0.057118536502309525,1.1837917645879854,4,0.04,0.03,300.0,0.005,0.0025,0.01,-0.04682759091984667,0.0020236725406679312,0.5639652794678348,0.9635758903220573,train,46,24949259015_attempt1+24952032748_attempt1+24986940107_attempt1+25044896828_attempt1+25100490855_attempt1+25157440693_attempt1+25208977834_attempt1+25247789591_attempt1+25274678535_attempt1+25311264469_attempt1+25367630341_attempt1+25427145257_attempt1+25487949887_attempt1+25545252940_attempt1+25596809734_attempt1+25624592440_attempt1+25665168591_attempt1+25791429807_attempt1+25852951350_attempt1+25911485679_attempt1+25957739510_attempt1+25986690554_attempt1+26029755017_attempt1+26091905404_attempt1+26156603287_attempt1+26221008452_attempt1+26357456273_attempt1+26709070227_attempt1+26709294970_attempt1+26755468029_attempt1+26832707302_attempt1+26944523023_attempt1+27008365180_attempt1+27059341408_attempt1+27089462916_attempt1+27130700451_attempt1+27199408085_attempt1+27269618919_attempt1+27340390720_attempt1+27410119221_attempt1+27464308599_attempt1+27496226714_attempt1+27540844174_attempt1+27612222130_attempt1+27683808024_attempt1+27754758156_attempt1+27821835753_attempt1+27869277828_attempt1
classic_early_drop_down,classic_microstructure,1,d4_sp40_ov30_dep300_adv5_fix25_f100,,,,62,25,20,0.4032258064516129,0.3225806451612903,102.82243226434238,0.028224322643423783,0.01874460079566192,0.8,0.14112161321711963,1.6745601791595344,4,0.04,0.03,300.0,0.005,0.0025,0.01,0.002869231774688119,0.02342679497424327,1.0,1.0,validation,46,27902430728_attempt1
classic_early_drop_down,classic_microstructure,1,d4_sp40_ov30_dep300_adv5_fix25_f100,,,,58,22,13,0.3793103448275862,0.22413793103448276,99.20707300870035,-0.007929269912996473,0.020179964523503215,0.6923076923076923,-0.06099438394612861,0.8051691014478491,4,0.04,0.03,300.0,0.005,0.0025,0.01,-0.0046619596437693644,0.008171134376790068,0.865979381443299,1.0,test,46,27948683312_attempt1
btc2_path_eff,alphaforge_interaction,2,d8_sp40_ov30_dep100_adv15_fix25_f100,0.85,0.2492977046690878,-0.25978456103592484,3742,1446,773,0.3864243719935863,0.206574024585783,122.00914647643674,0.22009146476436747,0.08731916666332226,0.8564036222509702,0.02847237577805529,1.1754425991363582,8,0.04,0.03,100.0,0.015,0.0025,0.01,-0.04336709640754721,0.002041749359778855,0.5923582380141154,1.0,train,46,24949259015_attempt1+24952032748_attempt1+24986940107_attempt1+25044896828_attempt1+25100490855_attempt1+25157440693_attempt1+25208977834_attempt1+25247789591_attempt1+25274678535_attempt1+25311264469_attempt1+25367630341_attempt1+25427145257_attempt1+25487949887_attempt1+25545252940_attempt1+25596809734_attempt1+25624592440_attempt1+25665168591_attempt1+25791429807_attempt1+25852951350_attempt1+25911485679_attempt1+25957739510_attempt1+25986690554_attempt1+26029755017_attempt1+26091905404_attempt1+26156603287_attempt1+26221008452_attempt1+26357456273_attempt1+26709070227_attempt1+26709294970_attempt1+26755468029_attempt1+26832707302_attempt1+26944523023_attempt1+27008365180_attempt1+27059341408_attempt1+27089462916_attempt1+27130700451_attempt1+27199408085_attempt1+27269618919_attempt1+27340390720_attempt1+27410119221_attempt1+27464308599_attempt1+27496226714_attempt1+27540844174_attempt1+27612222130_attempt1+27683808024_attempt1+27754758156_attempt1+27821835753_attempt1+27869277828_attempt1
btc2_path_eff,alphaforge_interaction,2,d8_sp40_ov30_dep100_adv15_fix25_f100,0.85,0.2492977046690878,-0.25978456103592484,90,36,20,0.4,0.2222222222222222,101.36170541768804,0.013617054176880528,0.010117302052785958,0.95,0.06808527088440133,2.331115421865693,8,0.04,0.03,100.0,0.015,0.0025,0.01,-0.0016497154594712349,0.004329228812050889,0.888,1.0,validation,46,27902430728_attempt1
btc2_path_eff,alphaforge_interaction,2,d8_sp40_ov30_dep100_adv15_fix25_f100,0.85,0.2492977046690878,-0.25978456103592484,68,30,19,0.4411764705882353,0.27941176470588236,99.17717881684926,-0.008228211831507348,0.020159833693699558,0.8421052631578947,-0.043306378060564865,0.7303961348934149,8,0.04,0.03,100.0,0.015,0.0025,0.01,-0.014825987864972134,-0.0023715833175714796,0.4845360824742268,1.0,test,46,27948683312_attempt1
size_imbalance_uncertainty,alphaforge_interaction,2,d8_sp40_ov30_dep100_adv15_fix75_f100,0.95,0.6949633603331018,-0.6982007346142143,1246,606,394,0.48635634028892455,0.3162118780096308,106.84071279403699,0.06840712794036996,0.28059823430126585,0.467005076142132,0.017362215213291975,1.0256232080102825,8,0.04,0.03,100.0,0.015,0.0075,0.01,-0.05009413885170422,-0.0021292221331195016,0.46037154214326276,0.9963494767583354,train,46,24949259015_attempt1+24952032748_attempt1+24986940107_attempt1+25044896828_attempt1+25100490855_attempt1+25157440693_attempt1+25208977834_attempt1+25247789591_attempt1+25274678535_attempt1+25311264469_attempt1+25367630341_attempt1+25427145257_attempt1+25487949887_attempt1+25545252940_attempt1+25596809734_attempt1+25624592440_attempt1+25665168591_attempt1+25791429807_attempt1+25852951350_attempt1+25911485679_attempt1+25957739510_attempt1+25986690554_attempt1+26029755017_attempt1+26091905404_attempt1+26156603287_attempt1+26221008452_attempt1+26357456273_attempt1+26709070227_attempt1+26709294970_attempt1+26755468029_attempt1+26832707302_attempt1+26944523023_attempt1+27008365180_attempt1+27059341408_attempt1+27089462916_attempt1+27130700451_attempt1+27199408085_attempt1+27269618919_attempt1+27340390720_attempt1+27410119221_attempt1+27464308599_attempt1+27496226714_attempt1+27540844174_attempt1+27612222130_attempt1+27683808024_attempt1+27754758156_attempt1+27821835753_attempt1+27869277828_attempt1
size_imbalance_uncertainty,alphaforge_interaction,2,d8_sp40_ov30_dep100_adv15_fix75_f100,0.95,0.6949633603331018,-0.6982007346142143,26,15,15,0.5769230769230769,0.5769230769230769,111.77253182905616,0.11772531829056154,0.020452910555670282,0.7333333333333333,0.7848354552704101,3.551278529174606,8,0.04,0.03,100.0,0.015,0.0075,0.01,0.0180367145574849,0.07069851855716891,1.0,1.0,validation,46,27902430728_attempt1
size_imbalance_uncertainty,alphaforge_interaction,2,d8_sp40_ov30_dep100_adv15_fix75_f100,0.95,0.6949633603331018,-0.6982007346142143,27,14,11,0.5185185185185185,0.4074074074074074,106.82256089745134,0.06822560897451346,0.020440032557525672,0.6363636363636364,0.6202328088592114,2.6248747724010135,8,0.04,0.03,100.0,0.015,0.0075,0.01,0.0010873771308066438,0.03881379674646701,1.0,1.0,test,46,27948683312_attempt1
classic_early_drop_down,classic_microstructure,1,d8_sp40_ov30_dep300_adv15_fix25_f100,,,,3149,784,545,0.2489679263258177,0.17307081613210543,88.38641586544506,-0.11613584134554944,0.17743993879983685,0.6770642201834862,-0.021309328687256934,0.93065427902543,8,0.04,0.03,300.0,0.015,0.0025,0.01,-0.05290121528643066,-0.0008102977977506587,0.45986502580389044,0.9822945613338626,train,47,24949259015_attempt1+24952032748_attempt1+24986940107_attempt1+25044896828_attempt1+25100490855_attempt1+25157440693_attempt1+25208977834_attempt1+25247789591_attempt1+25274678535_attempt1+25311264469_attempt1+25367630341_attempt1+25427145257_attempt1+25487949887_attempt1+25545252940_attempt1+25596809734_attempt1+25624592440_attempt1+25665168591_attempt1+25791429807_attempt1+25852951350_attempt1+25911485679_attempt1+25957739510_attempt1+25986690554_attempt1+26029755017_attempt1+26091905404_attempt1+26156603287_attempt1+26221008452_attempt1+26357456273_attempt1+26709070227_attempt1+26709294970_attempt1+26755468029_attempt1+26832707302_attempt1+26944523023_attempt1+27008365180_attempt1+27059341408_attempt1+27089462916_attempt1+27130700451_attempt1+27199408085_attempt1+27269618919_attempt1+27340390720_attempt1+27410119221_attempt1+27464308599_attempt1+27496226714_attempt1+27540844174_attempt1+27612222130_attempt1+27683808024_attempt1+27754758156_attempt1+27821835753_attempt1+27869277828_attempt1+27902430728_attempt1
classic_early_drop_down,classic_microstructure,1,d8_sp40_ov30_dep300_adv15_fix25_f100,,,,58,23,16,0.39655172413793105,0.27586206896551724,101.3000218648755,0.013000218648755002,0.015789028307292004,0.75,0.08125136655471847,1.3183603524590664,8,0.04,0.03,300.0,0.015,0.0025,0.01,-0.007928159908528465,0.007283692385505303,0.8969072164948454,1.0,validation,47,27948683312_attempt1
classic_early_drop_down,classic_microstructure,1,d8_sp40_ov30_dep300_adv15_fix25_f100,,,,59,22,16,0.3728813559322034,0.2711864406779661,105.03597612099317,0.0503597612099318,0.010114613180515795,0.9375,0.3147485075620742,5.741410626889136,8,0.04,0.03,300.0,0.015,0.0025,0.01,-0.002855077000419315,0.00793104952672885,0.8095238095238095,1.0,test,47,28022420503_attempt1
btc2_path_eff,alphaforge_interaction,2,d4_sp40_ov30_dep100_adv15_fix25_f200,0.85,0.2502128416473285,-0.2602072404117077,3822,1706,815,0.44636316064887493,0.21323914181057038,117.34751643654788,0.17347516436547883,0.19335564614337156,0.849079754601227,0.021285296241162918,1.0626394045123728,4,0.04,0.03,100.0,0.015,0.0025,0.02,-0.07279902896411805,0.002012236617841223,0.5510917030567686,1.0,train,47,24949259015_attempt1+24952032748_attempt1+24986940107_attempt1+25044896828_attempt1+25100490855_attempt1+25157440693_attempt1+25208977834_attempt1+25247789591_attempt1+25274678535_attempt1+25311264469_attempt1+25367630341_attempt1+25427145257_attempt1+25487949887_attempt1+25545252940_attempt1+25596809734_attempt1+25624592440_attempt1+25665168591_attempt1+25791429807_attempt1+25852951350_attempt1+25911485679_attempt1+25957739510_attempt1+25986690554_attempt1+26029755017_attempt1+26091905404_attempt1+26156603287_attempt1+26221008452_attempt1+26357456273_attempt1+26709070227_attempt1+26709294970_attempt1+26755468029_attempt1+26832707302_attempt1+26944523023_attempt1+27008365180_attempt1+27059341408_attempt1+27089462916_attempt1+27130700451_attempt1+27199408085_attempt1+27269618919_attempt1+27340390720_attempt1+27410119221_attempt1+27464308599_attempt1+27496226714_attempt1+27540844174_attempt1+27612222130_attempt1+27683808024_attempt1+27754758156_attempt1+27821835753_attempt1+27869277828_attempt1+27902430728_attempt1
btc2_path_eff,alphaforge_interaction,2,d4_sp40_ov30_dep100_adv15_fix25_f200,0.85,0.2502128416473285,-0.2602072404117077,67,39,20,0.582089552238806,0.29850746268656714,106.07560416332684,0.06075604163326842,0.0,1.0,0.3037802081663435,,4,0.04,0.03,100.0,0.015,0.0025,0.02,0.020655711766754514,0.028946941270211024,1.0,1.0,validation,47,27948683312_attempt1
btc2_path_eff,alphaforge_interaction,2,d4_sp40_ov30_dep100_adv15_fix25_f200,0.85,0.2502128416473285,-0.2602072404117077,61,36,17,0.5901639344262295,0.2786885245901639,98.55594087086389,-0.014440591291361105,0.05712122057973324,0.7647058823529411,-0.08494465465506763,0.8196848064256459,4,0.04,0.03,100.0,0.015,0.0025,0.02,-0.039322445802738026,0.019141486450332756,0.5238095238095238,1.0,test,47,28022420503_attempt1
size_imbalance_uncertainty,alphaforge_interaction,2,d8_sp40_ov30_dep100_adv5_fix25_f100,0.95,0.6958128681331384,-0.6979086047653701,1272,573,375,0.45047169811320753,0.294811320754717,100.85794027782526,0.008579402778252643,0.35318694562776426,0.448,0.0022878407408672766,1.0035613872717255,8,0.04,0.03,100.0,0.005,0.0025,0.01,-0.05010691779045062,-0.004315763811692075,0.43207622072250895,0.9928543072647876,train,47,24949259015_attempt1+24952032748_attempt1+24986940107_attempt1+25044896828_attempt1+25100490855_attempt1+25157440693_attempt1+25208977834_attempt1+25247789591_attempt1+25274678535_attempt1+25311264469_attempt1+25367630341_attempt1+25427145257_attempt1+25487949887_attempt1+25545252940_attempt1+25596809734_attempt1+25624592440_attempt1+25665168591_attempt1+25791429807_attempt1+25852951350_attempt1+25911485679_attempt1+25957739510_attempt1+25986690554_attempt1+26029755017_attempt1+26091905404_attempt1+26156603287_attempt1+26221008452_attempt1+26357456273_attempt1+26709070227_attempt1+26709294970_attempt1+26755468029_attempt1+26832707302_attempt1+26944523023_attempt1+27008365180_attempt1+27059341408_attempt1+27089462916_attempt1+27130700451_attempt1+27199408085_attempt1+27269618919_attempt1+27340390720_attempt1+27410119221_attempt1+27464308599_attempt1+27496226714_attempt1+27540844174_attempt1+27612222130_attempt1+27683808024_attempt1+27754758156_attempt1+27821835753_attempt1+27869277828_attempt1+27902430728_attempt1
size_imbalance_uncertainty,alphaforge_interaction,2,d8_sp40_ov30_dep100_adv5_fix25_f100,0.95,0.6958128681331384,-0.6979086047653701,27,14,11,0.5185185185185185,0.4074074074074074,107.09927815154792,0.07099278151547916,0.020447912992357424,0.6363636363636364,0.6453889228679931,2.6886393591658844,8,0.04,0.03,100.0,0.005,0.0025,0.01,0.0017429608299637245,0.040673245269529534,1.0,1.0,validation,47,27948683312_attempt1
size_imbalance_uncertainty,alphaforge_interaction,2,d8_sp40_ov30_dep100_adv5_fix25_f100,0.95,0.6958128681331384,-0.6979086047653701,25,11,10,0.44,0.4,101.36022563148666,0.013602256314866557,0.020306496617441924,0.6,0.13602256314866612,1.3307250395751176,8,0.04,0.03,100.0,0.005,0.0025,0.01,0.00625403050740081,0.026147062066180338,1.0,1.0,test,47,28022420503_attempt1
classic_early_drop_down,classic_microstructure,1,d4_sp40_ov30_dep100_adv15_fix25_f200,,,,3207,1402,745,0.4371686934830059,0.23230433426878702,171.5750226412263,0.715750226412263,0.21089770100956615,0.748993288590604,0.09607385589426391,1.1285866550611943,4,0.04,0.03,100.0,0.015,0.0025,0.02,-0.09395257479380847,0.008022205862582732,0.5820802493182704,1.0,train,48,24949259015_attempt1+24952032748_attempt1+24986940107_attempt1+25044896828_attempt1+25100490855_attempt1+25157440693_attempt1+25208977834_attempt1+25247789591_attempt1+25274678535_attempt1+25311264469_attempt1+25367630341_attempt1+25427145257_attempt1+25487949887_attempt1+25545252940_attempt1+25596809734_attempt1+25624592440_attempt1+25665168591_attempt1+25791429807_attempt1+25852951350_attempt1+25911485679_attempt1+25957739510_attempt1+25986690554_attempt1+26029755017_attempt1+26091905404_attempt1+26156603287_attempt1+26221008452_attempt1+26357456273_attempt1+26709070227_attempt1+26709294970_attempt1+26755468029_attempt1+26832707302_attempt1+26944523023_attempt1+27008365180_attempt1+27059341408_attempt1+27089462916_attempt1+27130700451_attempt1+27199408085_attempt1+27269618919_attempt1+27340390720_attempt1+27410119221_attempt1+27464308599_attempt1+27496226714_attempt1+27540844174_attempt1+27612222130_attempt1+27683808024_attempt1+27754758156_attempt1+27821835753_attempt1+27869277828_attempt1+27902430728_attempt1+27948683312_attempt1
classic_early_drop_down,classic_microstructure,1,d4_sp40_ov30_dep100_adv15_fix25_f200,,,,59,32,20,0.5423728813559322,0.3389830508474576,117.14808295587142,0.17148082955871424,0.0,1.0,0.8574041477935712,,4,0.04,0.03,100.0,0.015,0.0025,0.02,0.04885423039632486,0.06980413352212489,1.0,1.0,validation,48,28022420503_attempt1
classic_early_drop_down,classic_microstructure,1,d4_sp40_ov30_dep100_adv15_fix25_f200,,,,81,45,20,0.5555555555555556,0.24691358024691357,103.30505298083153,0.03305052980831524,0.05268075569430745,0.75,0.16525264904157674,1.315214637410592,4,0.04,0.03,100.0,0.015,0.0025,0.02,-0.024211570743098765,0.00014399503475304165,0.5798319327731093,1.0,test,48,28095005508_attempt1
btc2_path_eff,alphaforge_interaction,2,d4_sp40_ov30_dep100_adv15_fix25_f100,0.9,0.38542047622678616,-0.3954577000202283,2596,1148,756,0.4422187981510015,0.29121725731895226,121.31987046622591,0.213198704662259,0.0533422252329939,0.8902116402116402,0.028200886860087048,1.2202055417740707,4,0.04,0.03,100.0,0.015,0.0025,0.01,-0.043293216554220915,0.0015171368798347906,0.5636151149201403,1.0,train,48,24949259015_attempt1+24952032748_attempt1+24986940107_attempt1+25044896828_attempt1+25100490855_attempt1+25157440693_attempt1+25208977834_attempt1+25247789591_attempt1+25274678535_attempt1+25311264469_attempt1+25367630341_attempt1+25427145257_attempt1+25487949887_attempt1+25545252940_attempt1+25596809734_attempt1+25624592440_attempt1+25665168591_attempt1+25791429807_attempt1+25852951350_attempt1+25911485679_attempt1+25957739510_attempt1+25986690554_attempt1+26029755017_attempt1+26091905404_attempt1+26156603287_attempt1+26221008452_attempt1+26357456273_attempt1+26709070227_attempt1+26709294970_attempt1+26755468029_attempt1+26832707302_attempt1+26944523023_attempt1+27008365180_attempt1+27059341408_attempt1+27089462916_attempt1+27130700451_attempt1+27199408085_attempt1+27269618919_attempt1+27340390720_attempt1+27410119221_attempt1+27464308599_attempt1+27496226714_attempt1+27540844174_attempt1+27612222130_attempt1+27683808024_attempt1+27754758156_attempt1+27821835753_attempt1+27869277828_attempt1+27902430728_attempt1+27948683312_attempt1
btc2_path_eff,alphaforge_interaction,2,d4_sp40_ov30_dep100_adv15_fix25_f100,0.9,0.38542047622678616,-0.3954577000202283,41,25,16,0.6097560975609756,0.3902439024390244,100.64786742537859,0.006478674253785899,0.020114622395546414,0.875,0.04049171408616206,1.3210640936176858,4,0.04,0.03,100.0,0.015,0.0025,0.01,-0.01699031124357231,0.0019331783984324336,0.6761904761904762,1.0,validation,48,28022420503_attempt1
btc2_path_eff,alphaforge_interaction,2,d4_sp40_ov30_dep100_adv15_fix25_f100,0.9,0.38542047622678616,-0.3954577000202283,61,34,20,0.5573770491803278,0.32786885245901637,99.4678621742943,-0.00532137825705703,0.02012982982982983,0.85,-0.026606891285284845,0.8247076271323012,4,0.04,0.03,100.0,0.015,0.0025,0.01,-0.013104532162147353,0.00504015672903857,0.6218487394957983,1.0,test,48,28095005508_attempt1
size_imbalance_uncertainty,alphaforge_interaction,2,d4_sp40_ov30_dep100_adv15_fix25_f100,0.95,0.6960965550473699,-0.6979993257430195,1296,693,439,0.5347222222222222,0.3387345679012346,89.36951072248688,-0.10630489277513122,0.37458509206090224,0.4624145785876993,-0.024215237534198283,0.9516609150114851,4,0.04,0.03,100.0,0.015,0.0025,0.01,-0.05993178795426035,-0.006110302103339071,0.40233735878457344,0.9971951694585118,train,48,24949259015_attempt1+24952032748_attempt1+24986940107_attempt1+25044896828_attempt1+25100490855_attempt1+25157440693_attempt1+25208977834_attempt1+25247789591_attempt1+25274678535_attempt1+25311264469_attempt1+25367630341_attempt1+25427145257_attempt1+25487949887_attempt1+25545252940_attempt1+25596809734_attempt1+25624592440_attempt1+25665168591_attempt1+25791429807_attempt1+25852951350_attempt1+25911485679_attempt1+25957739510_attempt1+25986690554_attempt1+26029755017_attempt1+26091905404_attempt1+26156603287_attempt1+26221008452_attempt1+26357456273_attempt1+26709070227_attempt1+26709294970_attempt1+26755468029_attempt1+26832707302_attempt1+26944523023_attempt1+27008365180_attempt1+27059341408_attempt1+27089462916_attempt1+27130700451_attempt1+27199408085_attempt1+27269618919_attempt1+27340390720_attempt1+27410119221_attempt1+27464308599_attempt1+27496226714_attempt1+27540844174_attempt1+27612222130_attempt1+27683808024_attempt1+27754758156_attempt1+27821835753_attempt1+27869277828_attempt1+27902430728_attempt1+27948683312_attempt1
size_imbalance_uncertainty,alphaforge_interaction,2,d4_sp40_ov30_dep100_adv15_fix25_f100,0.95,0.6960965550473699,-0.6979993257430195,25,12,11,0.48,0.44,102.1586738034438,0.021586738034438113,0.020345350318471275,0.6363636363636364,0.19624307304034352,1.521457241718786,4,0.04,0.03,100.0,0.015,0.0025,0.01,0.015244769282057424,0.034271381595512684,1.0,1.0,validation,48,28022420503_attempt1
size_imbalance_uncertainty,alphaforge_interaction,2,d4_sp40_ov30_dep100_adv15_fix25_f100,0.95,0.6960965550473699,-0.6979993257430195,35,14,10,0.4,0.2857142857142857,95.79368236940977,-0.042063176305902394,0.05377075844714946,0.3,-0.42063176305902356,0.40808620427103703,4,0.04,0.03,100.0,0.015,0.0025,0.01,-0.03394004698834119,-0.013832646955358796,0.0,1.0,test,48,28095005508_attempt1
classic_early_drop_down,classic_microstructure,1,d8_sp40_ov30_dep300_adv15_fix25_f200,,,,3266,829,574,0.25382731169626455,0.17575015309246786,77.46182287116272,-0.22538177128837278,0.33328017860192066,0.681184668989547,-0.03926511694919385,0.9297760845655089,8,0.04,0.03,300.0,0.015,0.0025,0.02,-0.10359227354788092,-0.0016963354531853714,0.46243216387678665,0.9829549797447069,train,49,24949259015_attempt1+24952032748_attempt1+24986940107_attempt1+25044896828_attempt1+25100490855_attempt1+25157440693_attempt1+25208977834_attempt1+25247789591_attempt1+25274678535_attempt1+25311264469_attempt1+25367630341_attempt1+25427145257_attempt1+25487949887_attempt1+25545252940_attempt1+25596809734_attempt1+25624592440_attempt1+25665168591_attempt1+25791429807_attempt1+25852951350_attempt1+25911485679_attempt1+25957739510_attempt1+25986690554_attempt1+26029755017_attempt1+26091905404_attempt1+26156603287_attempt1+26221008452_attempt1+26357456273_attempt1+26709070227_attempt1+26709294970_attempt1+26755468029_attempt1+26832707302_attempt1+26944523023_attempt1+27008365180_attempt1+27059341408_attempt1+27089462916_attempt1+27130700451_attempt1+27199408085_attempt1+27269618919_attempt1+27340390720_attempt1+27410119221_attempt1+27464308599_attempt1+27496226714_attempt1+27540844174_attempt1+27612222130_attempt1+27683808024_attempt1+27754758156_attempt1+27821835753_attempt1+27869277828_attempt1+27902430728_attempt1+27948683312_attempt1+28022420503_attempt1
classic_early_drop_down,classic_microstructure,1,d8_sp40_ov30_dep300_adv15_fix25_f200,,,,81,29,17,0.35802469135802467,0.20987654320987653,113.23714160947857,0.13237141609478575,0.020368663594469982,0.9411764705882353,0.7786553887928567,7.234636605160325,8,0.04,0.03,300.0,0.015,0.0025,0.02,0.019075374149659874,0.035607918111067116,1.0,1.0,validation,49,28095005508_attempt1
classic_early_drop_down,classic_microstructure,1,d8_sp40_ov30_dep300_adv15_fix25_f200,,,,84,26,15,0.30952380952380953,0.17857142857142858,102.48390648649799,0.024839064864979887,0.05973017816172713,0.7333333333333333,0.16559376576653145,1.2874187976061289,8,0.04,0.03,300.0,0.015,0.0025,0.02,-0.04443998690783424,0.0404081025799774,0.6607142857142857,1.0,test,49,28166886036_attempt1
btc2_path_eff,alphaforge_interaction,2,d4_sp40_ov30_dep100_adv5_fix25_f100,0.9,0.38353652710805525,-0.3933988387741265,2646,869,670,0.3284202569916856,0.25321239606953894,123.214223533118,0.23214223533117995,0.0751530582505411,0.8805970149253731,0.034648094825549106,1.245825318466767,4,0.04,0.03,100.0,0.005,0.0025,0.01,-0.03866016486754209,0.0021077463602467983,0.5736451884124436,0.9969425972636246,train,49,24949259015_attempt1+24952032748_attempt1+24986940107_attempt1+25044896828_attempt1+25100490855_attempt1+25157440693_attempt1+25208977834_attempt1+25247789591_attempt1+25274678535_attempt1+25311264469_attempt1+25367630341_attempt1+25427145257_attempt1+25487949887_attempt1+25545252940_attempt1+25596809734_attempt1+25624592440_attempt1+25665168591_attempt1+25791429807_attempt1+25852951350_attempt1+25911485679_attempt1+25957739510_attempt1+25986690554_attempt1+26029755017_attempt1+26091905404_attempt1+26156603287_attempt1+26221008452_attempt1+26357456273_attempt1+26709070227_attempt1+26709294970_attempt1+26755468029_attempt1+26832707302_attempt1+26944523023_attempt1+27008365180_attempt1+27059341408_attempt1+27089462916_attempt1+27130700451_attempt1+27199408085_attempt1+27269618919_attempt1+27340390720_attempt1+27410119221_attempt1+27464308599_attempt1+27496226714_attempt1+27540844174_attempt1+27612222130_attempt1+27683808024_attempt1+27754758156_attempt1+27821835753_attempt1+27869277828_attempt1+27902430728_attempt1+27948683312_attempt1+28022420503_attempt1
btc2_path_eff,alphaforge_interaction,2,d4_sp40_ov30_dep100_adv5_fix25_f100,0.9,0.38353652710805525,-0.3933988387741265,61,26,20,0.4262295081967213,0.32786885245901637,101.47925238364408,0.014792523836440807,0.010120120120120181,0.95,0.07396261918220468,2.4526977066830544,4,0.04,0.03,100.0,0.005,0.0025,0.01,-0.0031688212872306165,0.01279628736439542,0.8151260504201681,1.0,validation,49,28095005508_attempt1
btc2_path_eff,alphaforge_interaction,2,d4_sp40_ov30_dep100_adv5_fix25_f100,0.9,0.38353652710805525,-0.3933988387741265,55,21,15,0.38181818181818183,0.2727272727272727,98.67589989859938,-0.01324100101400616,0.02480170769055612,0.8,-0.0882733400933742,0.5619019241403066,4,0.04,0.03,100.0,0.005,0.0025,0.01,-0.02111051344023951,-0.007278168530864493,0.24107142857142858,1.0,test,49,28166886036_attempt1
size_imbalance_uncertainty,alphaforge_interaction,2,d8_sp40_ov30_dep300_adv15_fix25_f100,0.95,0.6966308893341152,-0.6977735244640322,1322,371,282,0.2806354009077156,0.21331316187594554,119.91085513542555,0.19910855135425543,0.19154767795488584,0.4858156028368794,0.07060586927455825,1.1245186225790698,8,0.04,0.03,300.0,0.015,0.0025,0.01,-0.04406135112701848,0.0,0.4677061835970343,0.9179851715967285,train,49,24949259015_attempt1+24952032748_attempt1+24986940107_attempt1+25044896828_attempt1+25100490855_attempt1+25157440693_attempt1+25208977834_attempt1+25247789591_attempt1+25274678535_attempt1+25311264469_attempt1+25367630341_attempt1+25427145257_attempt1+25487949887_attempt1+25545252940_attempt1+25596809734_attempt1+25624592440_attempt1+25665168591_attempt1+25791429807_attempt1+25852951350_attempt1+25911485679_attempt1+25957739510_attempt1+25986690554_attempt1+26029755017_attempt1+26091905404_attempt1+26156603287_attempt1+26221008452_attempt1+26357456273_attempt1+26709070227_attempt1+26709294970_attempt1+26755468029_attempt1+26832707302_attempt1+26944523023_attempt1+27008365180_attempt1+27059341408_attempt1+27089462916_attempt1+27130700451_attempt1+27199408085_attempt1+27269618919_attempt1+27340390720_attempt1+27410119221_attempt1+27464308599_attempt1+27496226714_attempt1+27540844174_attempt1+27612222130_attempt1+27683808024_attempt1+27754758156_attempt1+27821835753_attempt1+27869277828_attempt1+27902430728_attempt1+27948683312_attempt1+28022420503_attempt1
size_imbalance_uncertainty,alphaforge_interaction,2,d8_sp40_ov30_dep300_adv15_fix25_f100,0.95,0.6966308893341152,-0.6977735244640322,35,11,11,0.3142857142857143,0.3142857142857143,103.25086674326676,0.03250866743266756,0.010805142780962698,0.6363636363636364,0.2955333402969785,1.7671129270922423,8,0.04,0.03,300.0,0.015,0.0025,0.01,0.004321117015156251,0.019616400846463433,1.0,1.0,validation,49,28095005508_attempt1
size_imbalance_uncertainty,alphaforge_interaction,2,d8_sp40_ov30_dep300_adv15_fix25_f100,0.95,0.6966308893341152,-0.6977735244640322,32,13,6,0.40625,0.1875,94.01467611219904,-0.05985323887800964,0.05985323887800959,0.0,-0.9975539813001651,0.0,8,0.04,0.03,300.0,0.015,0.0025,0.01,-0.0403818385717728,-0.04017232969962414,0.0,1.0,test,49,28166886036_attempt1
classic_early_drop_down,classic_microstructure,1,d8_sp40_ov30_dep300_adv5_fix25_f200,,,,3347,748,549,0.22348371676127876,0.16402748730206154,119.94070415194334,0.19940704151943334,0.15681316316053567,0.6958105646630237,0.03632186548623561,1.0552945939626597,8,0.04,0.03,300.0,0.005,0.0025,0.02,-0.10359227354788092,0.00048760171263717567,0.5042337954289996,0.976245784938179,train,50,24949259015_attempt1+24952032748_attempt1+24986940107_attempt1+25044896828_attempt1+25100490855_attempt1+25157440693_attempt1+25208977834_attempt1+25247789591_attempt1+25274678535_attempt1+25311264469_attempt1+25367630341_attempt1+25427145257_attempt1+25487949887_attempt1+25545252940_attempt1+25596809734_attempt1+25624592440_attempt1+25665168591_attempt1+25791429807_attempt1+25852951350_attempt1+25911485679_attempt1+25957739510_attempt1+25986690554_attempt1+26029755017_attempt1+26091905404_attempt1+26156603287_attempt1+26221008452_attempt1+26357456273_attempt1+26709070227_attempt1+26709294970_attempt1+26755468029_attempt1+26832707302_attempt1+26944523023_attempt1+27008365180_attempt1+27059341408_attempt1+27089462916_attempt1+27130700451_attempt1+27199408085_attempt1+27269618919_attempt1+27340390720_attempt1+27410119221_attempt1+27464308599_attempt1+27496226714_attempt1+27540844174_attempt1+27612222130_attempt1+27683808024_attempt1+27754758156_attempt1+27821835753_attempt1+27869277828_attempt1+27902430728_attempt1+27948683312_attempt1+28022420503_attempt1+28095005508_attempt1
classic_early_drop_down,classic_microstructure,1,d8_sp40_ov30_dep300_adv5_fix25_f200,,,,84,22,15,0.2619047619047619,0.17857142857142858,104.46629348573428,0.04466293485734285,0.025076327636180822,0.8,0.2977528990489524,1.6928966550029447,8,0.04,0.03,300.0,0.005,0.0025,0.02,-0.01543745963016907,0.03903503992737578,0.9375,1.0,validation,50,28166886036_attempt1
classic_early_drop_down,classic_microstructure,1,d8_sp40_ov30_dep300_adv5_fix25_f200,,,,57,18,12,0.3157894736842105,0.21052631578947367,94.91690277184962,-0.050830972281503795,0.05571795658501922,0.5833333333333334,-0.42359143567919794,0.4913166580695318,8,0.04,0.03,300.0,0.005,0.0025,0.02,-0.03614073731968348,-0.016152693221495817,0.06722689075630252,1.0,test,50,28235383560_attempt1
btc2_path_eff,alphaforge_interaction,2,d8_sp40_ov30_dep100_adv15_fix25_f100,0.85,0.24901649851918167,-0.25955426719474367,4048,1584,839,0.391304347826087,0.20726284584980237,118.56196489939396,0.18561964899393946,0.08731916666332226,0.8533969010727056,0.022123915255535,1.132371533318742,8,0.04,0.03,100.0,0.015,0.0025,0.01,-0.04336709640754721,0.0021614000904741637,0.5975271637317348,1.0,train,50,24949259015_attempt1+24952032748_attempt1+24986940107_attempt1+25044896828_attempt1+25100490855_attempt1+25157440693_attempt1+25208977834_attempt1+25247789591_attempt1+25274678535_attempt1+25311264469_attempt1+25367630341_attempt1+25427145257_attempt1+25487949887_attempt1+25545252940_attempt1+25596809734_attempt1+25624592440_attempt1+25665168591_attempt1+25791429807_attempt1+25852951350_attempt1+25911485679_attempt1+25957739510_attempt1+25986690554_attempt1+26029755017_attempt1+26091905404_attempt1+26156603287_attempt1+26221008452_attempt1+26357456273_attempt1+26709070227_attempt1+26709294970_attempt1+26755468029_attempt1+26832707302_attempt1+26944523023_attempt1+27008365180_attempt1+27059341408_attempt1+27089462916_attempt1+27130700451_attempt1+27199408085_attempt1+27269618919_attempt1+27340390720_attempt1+27410119221_attempt1+27464308599_attempt1+27496226714_attempt1+27540844174_attempt1+27612222130_attempt1+27683808024_attempt1+27754758156_attempt1+27821835753_attempt1+27869277828_attempt1+27902430728_attempt1+27948683312_attempt1+28022420503_attempt1+28095005508_attempt1
btc2_path_eff,alphaforge_interaction,2,d8_sp40_ov30_dep100_adv15_fix25_f100,0.85,0.24901649851918167,-0.25955426719474367,83,39,20,0.46987951807228917,0.24096385542168675,101.43631061515555,0.01436310615155545,0.010142348754448449,0.9,0.07181553075777765,1.6995329497147742,8,0.04,0.03,100.0,0.015,0.0025,0.01,-0.002381072452982802,0.005761222317341108,0.9285714285714286,1.0,validation,50,28166886036_attempt1
btc2_path_eff,alphaforge_interaction,2,d8_sp40_ov30_dep100_adv15_fix25_f100,0.85,0.24901649851918167,-0.25955426719474367,73,24,17,0.3287671232876712,0.2328767123287671,98.89450271423688,-0.01105497285763124,0.02560255967933537,0.7647058823529411,-0.06502925210371246,0.7285744069652824,8,0.04,0.03,100.0,0.015,0.0025,0.01,-0.01709362997171726,-0.00704763092980476,0.025210084033613446,1.0,test,50,28235383560_attempt1
size_imbalance_uncertainty,alphaforge_interaction,2,d4_sp40_ov30_dep300_adv5_fix25_f100,0.9,0.5638540685126173,-0.5637916354469149,2694,825,569,0.3062360801781737,0.21121009651076467,76.2568507477688,-0.2374314925223121,0.2817928543508625,0.4446397188049209,-0.041727854573340724,0.9185433011762818,4,0.04,0.03,300.0,0.005,0.0025,0.01,-0.06469343336704436,-0.0060231442294659265,0.42180591982015736,0.9996253278381416,train,50,24949259015_attempt1+24952032748_attempt1+24986940107_attempt1+25044896828_attempt1+25100490855_attempt1+25157440693_attempt1+25208977834_attempt1+25247789591_attempt1+25274678535_attempt1+25311264469_attempt1+25367630341_attempt1+25427145257_attempt1+25487949887_attempt1+25545252940_attempt1+25596809734_attempt1+25624592440_attempt1+25665168591_attempt1+25791429807_attempt1+25852951350_attempt1+25911485679_attempt1+25957739510_attempt1+25986690554_attempt1+26029755017_attempt1+26091905404_attempt1+26156603287_attempt1+26221008452_attempt1+26357456273_attempt1+26709070227_attempt1+26709294970_attempt1+26755468029_attempt1+26832707302_attempt1+26944523023_attempt1+27008365180_attempt1+27059341408_attempt1+27089462916_attempt1+27130700451_attempt1+27199408085_attempt1+27269618919_attempt1+27340390720_attempt1+27410119221_attempt1+27464308599_attempt1+27496226714_attempt1+27540844174_attempt1+27612222130_attempt1+27683808024_attempt1+27754758156_attempt1+27821835753_attempt1+27869277828_attempt1+27902430728_attempt1+27948683312_attempt1+28022420503_attempt1+28095005508_attempt1
size_imbalance_uncertainty,alphaforge_interaction,2,d4_sp40_ov30_dep300_adv5_fix25_f100,0.9,0.5638540685126173,-0.5637916354469149,60,22,16,0.36666666666666664,0.26666666666666666,100.74922052616574,0.007492205261657503,0.030314918644959336,0.5,0.046826282885359075,1.0907013195711157,4,0.04,0.03,300.0,0.005,0.0025,0.01,-0.012698270113838173,0.02682228256048913,0.9553571428571429,1.0,validation,50,28166886036_attempt1
size_imbalance_uncertainty,alphaforge_interaction,2,d4_sp40_ov30_dep300_adv5_fix25_f100,0.9,0.5638540685126173,-0.5637916354469149,67,23,16,0.34328358208955223,0.23880597014925373,102.67318097506013,0.0267318097506013,0.03030676413778353,0.5,0.16707381094125784,1.3163025980842606,4,0.04,0.03,300.0,0.005,0.0025,0.01,-0.023006309552757398,0.03400423219815396,0.7394957983193278,1.0,test,50,28235383560_attempt1
classic_early_drop_down,classic_microstructure,1,d4_sp40_ov30_dep100_adv15_fix75_f100,,,,3431,1523,795,0.4438939084814923,0.23171087146604488,129.72396666571376,0.2972396666571375,0.11661639542780018,0.7484276729559748,0.03738863731536316,1.1236594447914678,4,0.04,0.03,100.0,0.015,0.0075,0.01,-0.048133964324079126,0.004018848109747841,0.5804411764705882,1.0,train,51,24949259015_attempt1+24952032748_attempt1+24986940107_attempt1+25044896828_attempt1+25100490855_attempt1+25157440693_attempt1+25208977834_attempt1+25247789591_attempt1+25274678535_attempt1+25311264469_attempt1+25367630341_attempt1+25427145257_attempt1+25487949887_attempt1+25545252940_attempt1+25596809734_attempt1+25624592440_attempt1+25665168591_attempt1+25791429807_attempt1+25852951350_attempt1+25911485679_attempt1+25957739510_attempt1+25986690554_attempt1+26029755017_attempt1+26091905404_attempt1+26156603287_attempt1+26221008452_attempt1+26357456273_attempt1+26709070227_attempt1+26709294970_attempt1+26755468029_attempt1+26832707302_attempt1+26944523023_attempt1+27008365180_attempt1+27059341408_attempt1+27089462916_attempt1+27130700451_attempt1+27199408085_attempt1+27269618919_attempt1+27340390720_attempt1+27410119221_attempt1+27464308599_attempt1+27496226714_attempt1+27540844174_attempt1+27612222130_attempt1+27683808024_attempt1+27754758156_attempt1+27821835753_attempt1+27869277828_attempt1+27902430728_attempt1+27948683312_attempt1+28022420503_attempt1+28095005508_attempt1+28166886036_attempt1
classic_early_drop_down,classic_microstructure,1,d4_sp40_ov30_dep100_adv15_fix75_f100,,,,57,25,15,0.43859649122807015,0.2631578947368421,104.76907479945008,0.04769074799450079,0.010143369175627304,0.9333333333333333,0.3179383199633387,5.454803442331808,4,0.04,0.03,100.0,0.015,0.0075,0.01,-0.0027987709340228095,4.665589683616744e-05,0.5042016806722689,1.0,validation,51,28235383560_attempt1
classic_early_drop_down,classic_microstructure,1,d4_sp40_ov30_dep100_adv15_fix75_f100,,,,44,27,18,0.6136363636363636,0.4090909090909091,100.16862046441699,0.0016862046441699086,0.019198658719618747,0.7777777777777778,0.00936780357872131,1.0417296868681072,4,0.04,0.03,100.0,0.015,0.0075,0.01,-0.019198658719618678,-6.320169454010482e-05,0.5,1.0,test,51,28288053257_attempt1
btc2_path_eff,alphaforge_interaction,2,d4_sp40_ov30_dep100_adv15_fix25_f100,0.85,0.24927469513113096,-0.2603098594481045,4124,1874,877,0.45441319107662465,0.21265761396702232,104.97977359876165,0.0497977359876165,0.10738080747442379,0.8449258836944128,0.005678191104631508,1.0338102112115315,4,0.04,0.03,100.0,0.015,0.0025,0.01,-0.036884093787910466,0.0009531300432350509,0.5433823529411764,1.0,train,51,24949259015_attempt1+24952032748_attempt1+24986940107_attempt1+25044896828_attempt1+25100490855_attempt1+25157440693_attempt1+25208977834_attempt1+25247789591_attempt1+25274678535_attempt1+25311264469_attempt1+25367630341_attempt1+25427145257_attempt1+25487949887_attempt1+25545252940_attempt1+25596809734_attempt1+25624592440_attempt1+25665168591_attempt1+25791429807_attempt1+25852951350_attempt1+25911485679_attempt1+25957739510_attempt1+25986690554_attempt1+26029755017_attempt1+26091905404_attempt1+26156603287_attempt1+26221008452_attempt1+26357456273_attempt1+26709070227_attempt1+26709294970_attempt1+26755468029_attempt1+26832707302_attempt1+26944523023_attempt1+27008365180_attempt1+27059341408_attempt1+27089462916_attempt1+27130700451_attempt1+27199408085_attempt1+27269618919_attempt1+27340390720_attempt1+27410119221_attempt1+27464308599_attempt1+27496226714_attempt1+27540844174_attempt1+27612222130_attempt1+27683808024_attempt1+27754758156_attempt1+27821835753_attempt1+27869277828_attempt1+27902430728_attempt1+27948683312_attempt1+28022420503_attempt1+28095005508_attempt1+28166886036_attempt1
btc2_path_eff,alphaforge_interaction,2,d4_sp40_ov30_dep100_adv15_fix25_f100,0.85,0.24927469513113096,-0.2603098594481045,73,34,20,0.4657534246575342,0.273972602739726,102.61632781903967,0.026163278190396655,0.01061742124398691,0.9,0.13081639095198436,2.2691033545179433,4,0.04,0.03,100.0,0.015,0.0025,0.01,-0.001723976022294016,0.006427175558960663,0.8403361344537815,1.0,validation,51,28235383560_attempt1
btc2_path_eff,alphaforge_interaction,2,d4_sp40_ov30_dep100_adv15_fix25_f100,0.85,0.24927469513113096,-0.2603098594481045,58,26,18,0.4482758620689655,0.3103448275862069,100.26725573239881,0.0026725573239880784,0.020112418653147727,0.8333333333333334,0.014847540688823317,1.088532056672573,4,0.04,0.03,100.0,0.015,0.0025,0.01,-0.01482085482257356,0.006565770521742342,0.7288135593220338,1.0,test,51,28288053257_attempt1
size_imbalance_uncertainty,alphaforge_interaction,2,d8_sp40_ov30_dep300_adv15_fix25_f100,0.9,0.5648556982014726,-0.5651829075292947,2746,775,540,0.2822286962855062,0.19664967225054625,91.19203396449228,-0.0880796603550772,0.3138699049016626,0.4425925925925926,-0.016311048213902998,0.970777021656707,8,0.04,0.03,300.0,0.015,0.0025,0.01,-0.08219074408845672,-0.0030079860854118623,0.4386764705882353,0.9978676470588236,train,51,24949259015_attempt1+24952032748_attempt1+24986940107_attempt1+25044896828_attempt1+25100490855_attempt1+25157440693_attempt1+25208977834_attempt1+25247789591_attempt1+25274678535_attempt1+25311264469_attempt1+25367630341_attempt1+25427145257_attempt1+25487949887_attempt1+25545252940_attempt1+25596809734_attempt1+25624592440_attempt1+25665168591_attempt1+25791429807_attempt1+25852951350_attempt1+25911485679_attempt1+25957739510_attempt1+25986690554_attempt1+26029755017_attempt1+26091905404_attempt1+26156603287_attempt1+26221008452_attempt1+26357456273_attempt1+26709070227_attempt1+26709294970_attempt1+26755468029_attempt1+26832707302_attempt1+26944523023_attempt1+27008365180_attempt1+27059341408_attempt1+27089462916_attempt1+27130700451_attempt1+27199408085_attempt1+27269618919_attempt1+27340390720_attempt1+27410119221_attempt1+27464308599_attempt1+27496226714_attempt1+27540844174_attempt1+27612222130_attempt1+27683808024_attempt1+27754758156_attempt1+27821835753_attempt1+27869277828_attempt1+27902430728_attempt1+27948683312_attempt1+28022420503_attempt1+28095005508_attempt1+28166886036_attempt1
size_imbalance_uncertainty,alphaforge_interaction,2,d8_sp40_ov30_dep300_adv15_fix25_f100,0.9,0.5648556982014726,-0.5651829075292947,67,22,14,0.3283582089552239,0.208955223880597,107.34853276600735,0.07348532766007354,0.020555152136752058,0.6428571428571429,0.5248951975719529,2.380366855601645,8,0.04,0.03,300.0,0.015,0.0025,0.01,0.012858218083528161,0.059857449437751065,1.0,1.0,validation,51,28235383560_attempt1
size_imbalance_uncertainty,alphaforge_interaction,2,d8_sp40_ov30_dep300_adv15_fix25_f100,0.9,0.5648556982014726,-0.5651829075292947,79,29,16,0.3670886075949367,0.20253164556962025,106.50293251569563,0.06502932515695625,0.05977298709698409,0.625,0.4064332822309774,2.016963466032999,8,0.04,0.03,300.0,0.015,0.0025,0.01,-0.051012823220668135,0.012246498569373987,0.5932203389830508,1.0,test,51,28288053257_attempt1
classic_early_drop_down,classic_microstructure,1,d4_sp40_ov30_dep300_adv15_fix25_f100,,,,3488,993,636,0.28469036697247707,0.1823394495412844,149.118472585143,0.4911847258514299,0.09561729049152198,0.7610062893081762,0.07723030280682844,1.2442178422146861,4,0.04,0.03,300.0,0.015,0.0025,0.01,-0.03870238268840187,0.004438038765964825,0.613331409609003,0.9885297936805656,train,52,24949259015_attempt1+24952032748_attempt1+24986940107_attempt1+25044896828_attempt1+25100490855_attempt1+25157440693_attempt1+25208977834_attempt1+25247789591_attempt1+25274678535_attempt1+25311264469_attempt1+25367630341_attempt1+25427145257_attempt1+25487949887_attempt1+25545252940_attempt1+25596809734_attempt1+25624592440_attempt1+25665168591_attempt1+25791429807_attempt1+25852951350_attempt1+25911485679_attempt1+25957739510_attempt1+25986690554_attempt1+26029755017_attempt1+26091905404_attempt1+26156603287_attempt1+26221008452_attempt1+26357456273_attempt1+26709070227_attempt1+26709294970_attempt1+26755468029_attempt1+26832707302_attempt1+26944523023_attempt1+27008365180_attempt1+27059341408_attempt1+27089462916_attempt1+27130700451_attempt1+27199408085_attempt1+27269618919_attempt1+27340390720_attempt1+27410119221_attempt1+27464308599_attempt1+27496226714_attempt1+27540844174_attempt1+27612222130_attempt1+27683808024_attempt1+27754758156_attempt1+27821835753_attempt1+27869277828_attempt1+27902430728_attempt1+27948683312_attempt1+28022420503_attempt1+28095005508_attempt1+28166886036_attempt1+28235383560_attempt1
classic_early_drop_down,classic_microstructure,1,d4_sp40_ov30_dep300_adv15_fix25_f100,,,,44,23,18,0.5227272727272727,0.4090909090909091,101.68243132236218,0.01682431322362188,0.01304472451602976,0.8333333333333334,0.09346840679789797,1.553416024341445,4,0.04,0.03,300.0,0.015,0.0025,0.01,-0.005027867479422965,0.010954794637673126,0.8728813559322034,1.0,validation,52,28288053257_attempt1
classic_early_drop_down,classic_microstructure,1,d4_sp40_ov30_dep300_adv15_fix25_f100,,,,62,25,16,0.4032258064516129,0.25806451612903225,100.34271361399918,0.0034271361399917932,0.02276316357676134,0.75,0.021419600874949013,1.083613606974937,4,0.04,0.03,300.0,0.015,0.0025,0.01,-0.013183443859023924,-0.007704785708358086,0.42592592592592593,1.0,test,52,28321073325_attempt1
btc2_path_eff,alphaforge_interaction,2,d8_sp40_ov30_dep100_adv15_fix25_f100,0.85,0.24901085663705982,-0.25993067662786756,4202,1645,868,0.3914802475011899,0.20656830080913852,114.92183088605876,0.14921830886058762,0.08731916666332226,0.8490783410138248,0.017191049407901778,1.0996938257769078,8,0.04,0.03,100.0,0.015,0.0025,0.01,-0.04336709640754721,0.0017679726223225334,0.5820949357957005,1.0,train,52,24949259015_attempt1+24952032748_attempt1+24986940107_attempt1+25044896828_attempt1+25100490855_attempt1+25157440693_attempt1+25208977834_attempt1+25247789591_attempt1+25274678535_attempt1+25311264469_attempt1+25367630341_attempt1+25427145257_attempt1+25487949887_attempt1+25545252940_attempt1+25596809734_attempt1+25624592440_attempt1+25665168591_attempt1+25791429807_attempt1+25852951350_attempt1+25911485679_attempt1+25957739510_attempt1+25986690554_attempt1+26029755017_attempt1+26091905404_attempt1+26156603287_attempt1+26221008452_attempt1+26357456273_attempt1+26709070227_attempt1+26709294970_attempt1+26755468029_attempt1+26832707302_attempt1+26944523023_attempt1+27008365180_attempt1+27059341408_attempt1+27089462916_attempt1+27130700451_attempt1+27199408085_attempt1+27269618919_attempt1+27340390720_attempt1+27410119221_attempt1+27464308599_attempt1+27496226714_attempt1+27540844174_attempt1+27612222130_attempt1+27683808024_attempt1+27754758156_attempt1+27821835753_attempt1+27869277828_attempt1+27902430728_attempt1+27948683312_attempt1+28022420503_attempt1+28095005508_attempt1+28166886036_attempt1+28235383560_attempt1
btc2_path_eff,alphaforge_interaction,2,d8_sp40_ov30_dep100_adv15_fix25_f100,0.85,0.24901085663705982,-0.25993067662786756,59,21,18,0.3559322033898305,0.3050847457627119,102.2059495930286,0.022059495930286,0.010107238605898187,0.9444444444444444,0.12255275516825598,3.1784229515875984,8,0.04,0.03,100.0,0.015,0.0025,0.01,0.004804783402176271,0.015064280283324294,1.0,1.0,validation,52,28288053257_attempt1
btc2_path_eff,alphaforge_interaction,2,d8_sp40_ov30_dep100_adv15_fix25_f100,0.85,0.24901085663705982,-0.25993067662786756,58,21,16,0.3620689655172414,0.27586206896551724,99.29852687457858,-0.007014731254214146,0.023494065788556586,0.8125,-0.04384207033884033,0.7703816467153708,8,0.04,0.03,100.0,0.015,0.0025,0.01,-0.023494065788556506,-0.004464960572506227,0.0,1.0,test,52,28321073325_attempt1
size_imbalance_uncertainty,alphaforge_interaction,2,d8_sp40_ov30_dep100_adv5_fix25_f100,0.9,0.566268016332142,-0.5660818076594814,2798,1241,712,0.44353109363831306,0.2544674767691208,95.24128626352974,-0.04758713736470255,0.39640592428348337,0.4311797752808989,-0.006683586708525341,0.9909833905643946,8,0.04,0.03,100.0,0.005,0.0025,0.01,-0.07904354682453629,-0.003807512971111926,0.46371374981965086,1.0,train,52,24949259015_attempt1+24952032748_attempt1+24986940107_attempt1+25044896828_attempt1+25100490855_attempt1+25157440693_attempt1+25208977834_attempt1+25247789591_attempt1+25274678535_attempt1+25311264469_attempt1+25367630341_attempt1+25427145257_attempt1+25487949887_attempt1+25545252940_attempt1+25596809734_attempt1+25624592440_attempt1+25665168591_attempt1+25791429807_attempt1+25852951350_attempt1+25911485679_attempt1+25957739510_attempt1+25986690554_attempt1+26029755017_attempt1+26091905404_attempt1+26156603287_attempt1+26221008452_attempt1+26357456273_attempt1+26709070227_attempt1+26709294970_attempt1+26755468029_attempt1+26832707302_attempt1+26944523023_attempt1+27008365180_attempt1+27059341408_attempt1+27089462916_attempt1+27130700451_attempt1+27199408085_attempt1+27269618919_attempt1+27340390720_attempt1+27410119221_attempt1+27464308599_attempt1+27496226714_attempt1+27540844174_attempt1+27612222130_attempt1+27683808024_attempt1+27754758156_attempt1+27821835753_attempt1+27869277828_attempt1+27902430728_attempt1+27948683312_attempt1+28022420503_attempt1+28095005508_attempt1+28166886036_attempt1+28235383560_attempt1
size_imbalance_uncertainty,alphaforge_interaction,2,d8_sp40_ov30_dep100_adv5_fix25_f100,0.9,0.566268016332142,-0.5660818076594814,79,38,17,0.4810126582278481,0.21518987341772153,104.85741693244616,0.04857416932446146,0.036863850990625474,0.5294117647058824,0.28573040779095193,1.5625980878426038,8,0.04,0.03,100.0,0.005,0.0025,0.01,-0.03686385099062539,0.008006724739129556,0.7288135593220338,1.0,validation,52,28288053257_attempt1
size_imbalance_uncertainty,alphaforge_interaction,2,d8_sp40_ov30_dep100_adv5_fix25_f100,0.9,0.566268016332142,-0.5660818076594814,44,18,11,0.4090909090909091,0.25,99.33960100070297,-0.006603989992970294,0.030444151894250666,0.45454545454545453,-0.06003627266336744,0.8933735943214738,8,0.04,0.03,100.0,0.005,0.0025,0.01,-0.03044415189425065,0.012442962183893957,0.6018518518518519,1.0,test,52,28321073325_attempt1
classic_early_drop_down,classic_microstructure,1,d8_sp40_ov30_dep100_adv5_fix25_f100,,,,3532,1215,734,0.3439977349943375,0.20781426953567383,102.3954788174258,0.02395478817425789,0.1440013980362954,0.6934604904632152,0.003263595119108754,1.0104817469678697,8,0.04,0.03,100.0,0.005,0.0025,0.01,-0.04527965060226746,6.269746765652506e-05,0.504071372937761,1.0,train,53,24949259015_attempt1+24952032748_attempt1+24986940107_attempt1+25044896828_attempt1+25100490855_attempt1+25157440693_attempt1+25208977834_attempt1+25247789591_attempt1+25274678535_attempt1+25311264469_attempt1+25367630341_attempt1+25427145257_attempt1+25487949887_attempt1+25545252940_attempt1+25596809734_attempt1+25624592440_attempt1+25665168591_attempt1+25791429807_attempt1+25852951350_attempt1+25911485679_attempt1+25957739510_attempt1+25986690554_attempt1+26029755017_attempt1+26091905404_attempt1+26156603287_attempt1+26221008452_attempt1+26357456273_attempt1+26709070227_attempt1+26709294970_attempt1+26755468029_attempt1+26832707302_attempt1+26944523023_attempt1+27008365180_attempt1+27059341408_attempt1+27089462916_attempt1+27130700451_attempt1+27199408085_attempt1+27269618919_attempt1+27340390720_attempt1+27410119221_attempt1+27464308599_attempt1+27496226714_attempt1+27540844174_attempt1+27612222130_attempt1+27683808024_attempt1+27754758156_attempt1+27821835753_attempt1+27869277828_attempt1+27902430728_attempt1+27948683312_attempt1+28022420503_attempt1+28095005508_attempt1+28166886036_attempt1+28235383560_attempt1+28288053257_attempt1
classic_early_drop_down,classic_microstructure,1,d8_sp40_ov30_dep100_adv5_fix25_f100,,,,62,24,16,0.3870967741935484,0.25806451612903225,103.7150460626348,0.03715046062634797,0.015964721348664314,0.8125,0.23219037891467428,2.211126700262253,8,0.04,0.03,100.0,0.005,0.0025,0.01,0.008175542113868284,0.02127925347097137,1.0,1.0,validation,53,28321073325_attempt1
classic_early_drop_down,classic_microstructure,1,d8_sp40_ov30_dep100_adv5_fix25_f100,,,,73,33,17,0.4520547945205479,0.2328767123287671,97.59488659793122,-0.024051134020687814,0.040786933642198944,0.5882352941176471,-0.14147725894522245,0.6619243989145694,8,0.04,0.03,100.0,0.005,0.0025,0.01,-0.02619092885366381,-0.011750686352762385,0.26119402985074625,1.0,test,53,28369678027_attempt1
btc2_path_eff,alphaforge_interaction,2,d4_sp40_ov30_dep100_adv15_fix25_f200,0.9,0.37766788407188234,-0.39407608251107973,2854,1273,827,0.4460406447091801,0.2897687456201822,142.22276897124627,0.4222276897124626,0.11621119435421531,0.8875453446191052,0.05105534337514685,1.1665342158572596,4,0.04,0.03,100.0,0.015,0.0025,0.02,-0.08520306489840224,0.0025856502299042017,0.5511576860440416,1.0,train,53,24949259015_attempt1+24952032748_attempt1+24986940107_attempt1+25044896828_attempt1+25100490855_attempt1+25157440693_attempt1+25208977834_attempt1+25247789591_attempt1+25274678535_attempt1+25311264469_attempt1+25367630341_attempt1+25427145257_attempt1+25487949887_attempt1+25545252940_attempt1+25596809734_attempt1+25624592440_attempt1+25665168591_attempt1+25791429807_attempt1+25852951350_attempt1+25911485679_attempt1+25957739510_attempt1+25986690554_attempt1+26029755017_attempt1+26091905404_attempt1+26156603287_attempt1+26221008452_attempt1+26357456273_attempt1+26709070227_attempt1+26709294970_attempt1+26755468029_attempt1+26832707302_attempt1+26944523023_attempt1+27008365180_attempt1+27059341408_attempt1+27089462916_attempt1+27130700451_attempt1+27199408085_attempt1+27269618919_attempt1+27340390720_attempt1+27410119221_attempt1+27464308599_attempt1+27496226714_attempt1+27540844174_attempt1+27612222130_attempt1+27683808024_attempt1+27754758156_attempt1+27821835753_attempt1+27869277828_attempt1+27902430728_attempt1+27948683312_attempt1+28022420503_attempt1+28095005508_attempt1+28166886036_attempt1+28235383560_attempt1+28288053257_attempt1
btc2_path_eff,alphaforge_interaction,2,d4_sp40_ov30_dep100_adv15_fix25_f200,0.9,0.37766788407188234,-0.39407608251107973,37,13,13,0.35135135135135137,0.35135135135135137,103.30345246724664,0.03303452467246637,0.0,1.0,0.25411172824974154,,4,0.04,0.03,100.0,0.015,0.0025,0.02,0.016805826784222155,0.02064348481375189,1.0,1.0,validation,53,28321073325_attempt1
btc2_path_eff,alphaforge_interaction,2,d4_sp40_ov30_dep100_adv15_fix25_f200,0.9,0.37766788407188234,-0.39407608251107973,49,26,19,0.5306122448979592,0.3877551020408163,99.83260360959136,-0.0016739639040863619,0.0400468022571348,0.8947368421052632,-0.008810336337295355,0.9598064924009063,4,0.04,0.03,100.0,0.015,0.0025,0.02,-0.022041348625113866,0.01543416018889765,0.6194029850746269,1.0,test,53,28369678027_attempt1
size_imbalance_uncertainty,alphaforge_interaction,2,d8_sp40_ov30_dep300_adv5_fix25_f100,0.95,0.7004166818932116,-0.7029129162945411,1426,382,299,0.26788218793828894,0.20967741935483872,123.44887520220067,0.2344887520220067,0.23772133626506875,0.4816053511705686,0.07842433177993562,1.1311316568128902,8,0.04,0.03,300.0,0.005,0.0025,0.01,-0.04406135112701848,0.0,0.4819089428591659,0.9214048006797423,train,53,24949259015_attempt1+24952032748_attempt1+24986940107_attempt1+25044896828_attempt1+25100490855_attempt1+25157440693_attempt1+25208977834_attempt1+25247789591_attempt1+25274678535_attempt1+25311264469_attempt1+25367630341_attempt1+25427145257_attempt1+25487949887_attempt1+25545252940_attempt1+25596809734_attempt1+25624592440_attempt1+25665168591_attempt1+25791429807_attempt1+25852951350_attempt1+25911485679_attempt1+25957739510_attempt1+25986690554_attempt1+26029755017_attempt1+26091905404_attempt1+26156603287_attempt1+26221008452_attempt1+26357456273_attempt1+26709070227_attempt1+26709294970_attempt1+26755468029_attempt1+26832707302_attempt1+26944523023_attempt1+27008365180_attempt1+27059341408_attempt1+27089462916_attempt1+27130700451_attempt1+27199408085_attempt1+27269618919_attempt1+27340390720_attempt1+27410119221_attempt1+27464308599_attempt1+27496226714_attempt1+27540844174_attempt1+27612222130_attempt1+27683808024_attempt1+27754758156_attempt1+27821835753_attempt1+27869277828_attempt1+27902430728_attempt1+27948683312_attempt1+28022420503_attempt1+28095005508_attempt1+28166886036_attempt1+28235383560_attempt1+28288053257_attempt1
size_imbalance_uncertainty,alphaforge_interaction,2,d8_sp40_ov30_dep300_adv5_fix25_f100,0.95,0.7004166818932116,-0.7029129162945411,14,4,4,0.2857142857142857,0.2857142857142857,103.97688544183765,0.03976885441837652,0.010236686390532582,0.75,0.9942213604594154,4.812089289807501,8,0.04,0.03,300.0,0.005,0.0025,0.01,-0.010236686390532546,0.019108955223880564,0.8888888888888888,0.9722222222222222,validation,53,28321073325_attempt1
size_imbalance_uncertainty,alphaforge_interaction,2,d8_sp40_ov30_dep300_adv5_fix25_f100,0.95,0.7004166818932116,-0.7029129162945411,23,11,8,0.4782608695652174,0.34782608695652173,101.4324025999618,0.014324025999618017,0.03047392572933598,0.5,0.1790503249952268,1.3469670267083151,8,0.04,0.03,300.0,0.005,0.0025,0.01,-0.017976566506078373,-0.0016308310102178813,0.30597014925373134,1.0,test,53,28369678027_attempt1
classic_early_drop_down,classic_microstructure,1,d4_sp40_ov30_dep100_adv15_fix25_f100,,,,3594,1607,840,0.4471341124095715,0.2337228714524207,141.42604895536766,0.41426048955367656,0.10873232126146493,0.7511904761904762,0.04931672494686638,1.1586156831523902,4,0.04,0.03,100.0,0.015,0.0025,0.01,-0.04780665224348957,0.00458076895361037,0.593432586614721,1.0,train,54,24949259015_attempt1+24952032748_attempt1+24986940107_attempt1+25044896828_attempt1+25100490855_attempt1+25157440693_attempt1+25208977834_attempt1+25247789591_attempt1+25274678535_attempt1+25311264469_attempt1+25367630341_attempt1+25427145257_attempt1+25487949887_attempt1+25545252940_attempt1+25596809734_attempt1+25624592440_attempt1+25665168591_attempt1+25791429807_attempt1+25852951350_attempt1+25911485679_attempt1+25957739510_attempt1+25986690554_attempt1+26029755017_attempt1+26091905404_attempt1+26156603287_attempt1+26221008452_attempt1+26357456273_attempt1+26709070227_attempt1+26709294970_attempt1+26755468029_attempt1+26832707302_attempt1+26944523023_attempt1+27008365180_attempt1+27059341408_attempt1+27089462916_attempt1+27130700451_attempt1+27199408085_attempt1+27269618919_attempt1+27340390720_attempt1+27410119221_attempt1+27464308599_attempt1+27496226714_attempt1+27540844174_attempt1+27612222130_attempt1+27683808024_attempt1+27754758156_attempt1+27821835753_attempt1+27869277828_attempt1+27902430728_attempt1+27948683312_attempt1+28022420503_attempt1+28095005508_attempt1+28166886036_attempt1+28235383560_attempt1+28288053257_attempt1+28321073325_attempt1
classic_early_drop_down,classic_microstructure,1,d4_sp40_ov30_dep100_adv15_fix25_f100,,,,73,33,20,0.4520547945205479,0.273972602739726,101.17968971588309,0.011796897158830921,0.025210412824348813,0.75,0.058984485794155495,1.2296498037734243,4,0.04,0.03,100.0,0.015,0.0025,0.01,-0.02018386499993574,-0.004307722967822225,0.3283582089552239,1.0,validation,54,28369678027_attempt1
classic_early_drop_down,classic_microstructure,1,d4_sp40_ov30_dep100_adv15_fix25_f100,,,,71,35,19,0.49295774647887325,0.2676056338028169,100.4709494282129,0.004709494282129079,0.02045648760280984,0.7368421052631579,0.024786812011204883,1.0911915758031099,4,0.04,0.03,100.0,0.015,0.0025,0.01,-0.00988142394523428,-0.007572114180179557,0.4297520661157025,1.0,test,54,28442123818_attempt1
btc2_path_eff,alphaforge_interaction,2,d8_sp40_ov30_dep300_adv15_fix25_f100,0.9,0.3761121413366805,-0.39242835829105394,2904,713,597,0.24552341597796143,0.20557851239669422,117.29314080130023,0.17293140801300222,0.050196974863158376,0.8944723618090452,0.028966735010553316,1.2414505512632275,8,0.04,0.03,300.0,0.015,0.0025,0.01,-0.027619901085021326,0.002680938438903935,0.6169472658967581,0.992834284124113,train,54,24949259015_attempt1+24952032748_attempt1+24986940107_attempt1+25044896828_attempt1+25100490855_attempt1+25157440693_attempt1+25208977834_attempt1+25247789591_attempt1+25274678535_attempt1+25311264469_attempt1+25367630341_attempt1+25427145257_attempt1+25487949887_attempt1+25545252940_attempt1+25596809734_attempt1+25624592440_attempt1+25665168591_attempt1+25791429807_attempt1+25852951350_attempt1+25911485679_attempt1+25957739510_attempt1+25986690554_attempt1+26029755017_attempt1+26091905404_attempt1+26156603287_attempt1+26221008452_attempt1+26357456273_attempt1+26709070227_attempt1+26709294970_attempt1+26755468029_attempt1+26832707302_attempt1+26944523023_attempt1+27008365180_attempt1+27059341408_attempt1+27089462916_attempt1+27130700451_attempt1+27199408085_attempt1+27269618919_attempt1+27340390720_attempt1+27410119221_attempt1+27464308599_attempt1+27496226714_attempt1+27540844174_attempt1+27612222130_attempt1+27683808024_attempt1+27754758156_attempt1+27821835753_attempt1+27869277828_attempt1+27902430728_attempt1+27948683312_attempt1+28022420503_attempt1+28095005508_attempt1+28166886036_attempt1+28235383560_attempt1+28288053257_attempt1+28321073325_attempt1
btc2_path_eff,alphaforge_interaction,2,d8_sp40_ov30_dep300_adv15_fix25_f100,0.9,0.3761121413366805,-0.39242835829105394,49,19,17,0.3877551020408163,0.3469387755102041,101.26718510212685,0.012671851021268443,0.010113314447592022,0.9411764705882353,0.07454030012510737,2.228110327322339,8,0.04,0.03,300.0,0.015,0.0025,0.01,-0.00019309040085213613,0.010132893025888157,0.9626865671641791,1.0,validation,54,28369678027_attempt1
btc2_path_eff,alphaforge_interaction,2,d8_sp40_ov30_dep300_adv15_fix25_f100,0.9,0.3761121413366805,-0.39242835829105394,52,21,14,0.40384615384615385,0.2692307692307692,99.57890987848963,-0.004210901215103702,0.01415879187524772,0.8571428571428571,-0.03007786582216902,0.7922072082155801,8,0.04,0.03,300.0,0.015,0.0025,0.01,-0.010839988164216163,-0.0036172232601717758,0.256198347107438,1.0,test,54,28442123818_attempt1
size_imbalance_uncertainty,alphaforge_interaction,2,d8_sp40_ov30_dep300_adv15_fix25_f100,0.95,0.6998679652042006,-0.701271429439155,1450,420,320,0.2896551724137931,0.2206896551724138,127.08717434846217,0.27087174348462173,0.20950568344205614,0.4875,0.08464741983894408,1.1474723696337412,8,0.04,0.03,300.0,0.015,0.0025,0.01,-0.04406135112701848,0.0,0.4861555586475581,0.9260470293585641,train,54,24949259015_attempt1+24952032748_attempt1+24986940107_attempt1+25044896828_attempt1+25100490855_attempt1+25157440693_attempt1+25208977834_attempt1+25247789591_attempt1+25274678535_attempt1+25311264469_attempt1+25367630341_attempt1+25427145257_attempt1+25487949887_attempt1+25545252940_attempt1+25596809734_attempt1+25624592440_attempt1+25665168591_attempt1+25791429807_attempt1+25852951350_attempt1+25911485679_attempt1+25957739510_attempt1+25986690554_attempt1+26029755017_attempt1+26091905404_attempt1+26156603287_attempt1+26221008452_attempt1+26357456273_attempt1+26709070227_attempt1+26709294970_attempt1+26755468029_attempt1+26832707302_attempt1+26944523023_attempt1+27008365180_attempt1+27059341408_attempt1+27089462916_attempt1+27130700451_attempt1+27199408085_attempt1+27269618919_attempt1+27340390720_attempt1+27410119221_attempt1+27464308599_attempt1+27496226714_attempt1+27540844174_attempt1+27612222130_attempt1+27683808024_attempt1+27754758156_attempt1+27821835753_attempt1+27869277828_attempt1+27902430728_attempt1+27948683312_attempt1+28022420503_attempt1+28095005508_attempt1+28166886036_attempt1+28235383560_attempt1+28288053257_attempt1+28321073325_attempt1
size_imbalance_uncertainty,alphaforge_interaction,2,d8_sp40_ov30_dep300_adv15_fix25_f100,0.95,0.6998679652042006,-0.701271429439155,23,12,9,0.5217391304347826,0.391304347826087,102.4164482968271,0.024164482968271006,0.03047392572933613,0.5555555555555556,0.26849425520301284,1.5810887380686707,8,0.04,0.03,300.0,0.015,0.0025,0.01,-0.016900560689546595,0.005432233876505821,0.753731343283582,1.0,validation,54,28369678027_attempt1
size_imbalance_uncertainty,alphaforge_interaction,2,d8_sp40_ov30_dep300_adv15_fix25_f100,0.95,0.6998679652042006,-0.701271429439155,20,8,5,0.4,0.25,96.68938722874142,-0.03310612771258581,0.040399094593673884,0.2,-0.6621225542517195,0.18670407693066188,8,0.04,0.03,300.0,0.015,0.0025,0.01,-0.03052891385235179,-0.020386007916621263,0.0,1.0,test,54,28442123818_attempt1
classic_early_drop_down,classic_microstructure,1,d4_sp60_ov30_dep100_adv15_fix25_f100,,,,3667,1647,858,0.44914098718298334,0.23397872920643578,140.70840198193213,0.4070840198193213,0.10873232126146497,0.7505827505827506,0.0474456899556319,1.1490232003500582,4,0.06,0.03,100.0,0.015,0.0025,0.01,-0.04780665224348957,0.004173603973271156,0.5884239983618865,1.0,train,55,24949259015_attempt1+24952032748_attempt1+24986940107_attempt1+25044896828_attempt1+25100490855_attempt1+25157440693_attempt1+25208977834_attempt1+25247789591_attempt1+25274678535_attempt1+25311264469_attempt1+25367630341_attempt1+25427145257_attempt1+25487949887_attempt1+25545252940_attempt1+25596809734_attempt1+25624592440_attempt1+25665168591_attempt1+25791429807_attempt1+25852951350_attempt1+25911485679_attempt1+25957739510_attempt1+25986690554_attempt1+26029755017_attempt1+26091905404_attempt1+26156603287_attempt1+26221008452_attempt1+26357456273_attempt1+26709070227_attempt1+26709294970_attempt1+26755468029_attempt1+26832707302_attempt1+26944523023_attempt1+27008365180_attempt1+27059341408_attempt1+27089462916_attempt1+27130700451_attempt1+27199408085_attempt1+27269618919_attempt1+27340390720_attempt1+27410119221_attempt1+27464308599_attempt1+27496226714_attempt1+27540844174_attempt1+27612222130_attempt1+27683808024_attempt1+27754758156_attempt1+27821835753_attempt1+27869277828_attempt1+27902430728_attempt1+27948683312_attempt1+28022420503_attempt1+28095005508_attempt1+28166886036_attempt1+28235383560_attempt1+28288053257_attempt1+28321073325_attempt1+28369678027_attempt1
classic_early_drop_down,classic_microstructure,1,d4_sp60_ov30_dep100_adv15_fix25_f100,,,,71,36,19,0.5070422535211268,0.2676056338028169,101.35330150552414,0.013533015055241515,0.0254970202566547,0.7368421052631579,0.07122639502758568,1.2592256894511409,4,0.06,0.03,100.0,0.015,0.0025,0.01,-0.0142688361857366,-0.004142180723899491,0.4793388429752066,1.0,validation,55,28442123818_attempt1
classic_early_drop_down,classic_microstructure,1,d4_sp60_ov30_dep100_adv15_fix25_f100,,,,74,36,20,0.4864864864864865,0.2702702702702703,98.91036122850234,-0.010896387714976585,0.02015550172723222,0.75,-0.054481938574883204,0.7849950177772123,4,0.06,0.03,100.0,0.015,0.0025,0.01,-0.014832122234184286,0.0009360788076158144,0.5901639344262295,1.0,test,55,28515647330_attempt1
btc2_path_eff,alphaforge_interaction,2,d4_sp40_ov30_dep100_adv15_fix25_f100,0.85,0.2450445875964438,-0.2581195064979968,4438,2016,946,0.45425867507886436,0.2131590806669671,103.58094099438563,0.035809409943856174,0.12527019497442407,0.8424947145877378,0.003785349888356912,1.0221298425854193,4,0.04,0.03,100.0,0.015,0.0025,0.01,-0.03595110630543541,0.0006189924736683672,0.5232407344208586,1.0,train,55,24949259015_attempt1+24952032748_attempt1+24986940107_attempt1+25044896828_attempt1+25100490855_attempt1+25157440693_attempt1+25208977834_attempt1+25247789591_attempt1+25274678535_attempt1+25311264469_attempt1+25367630341_attempt1+25427145257_attempt1+25487949887_attempt1+25545252940_attempt1+25596809734_attempt1+25624592440_attempt1+25665168591_attempt1+25791429807_attempt1+25852951350_attempt1+25911485679_attempt1+25957739510_attempt1+25986690554_attempt1+26029755017_attempt1+26091905404_attempt1+26156603287_attempt1+26221008452_attempt1+26357456273_attempt1+26709070227_attempt1+26709294970_attempt1+26755468029_attempt1+26832707302_attempt1+26944523023_attempt1+27008365180_attempt1+27059341408_attempt1+27089462916_attempt1+27130700451_attempt1+27199408085_attempt1+27269618919_attempt1+27340390720_attempt1+27410119221_attempt1+27464308599_attempt1+27496226714_attempt1+27540844174_attempt1+27612222130_attempt1+27683808024_attempt1+27754758156_attempt1+27821835753_attempt1+27869277828_attempt1+27902430728_attempt1+27948683312_attempt1+28022420503_attempt1+28095005508_attempt1+28166886036_attempt1+28235383560_attempt1+28288053257_attempt1+28321073325_attempt1+28369678027_attempt1
btc2_path_eff,alphaforge_interaction,2,d4_sp40_ov30_dep100_adv15_fix25_f100,0.85,0.2450445875964438,-0.2581195064979968,73,38,20,0.5205479452054794,0.273972602739726,101.96226839967991,0.01962268399679923,0.010131147540983623,0.9,0.0981134199839955,1.9536109064728095,4,0.04,0.03,100.0,0.015,0.0025,0.01,-0.0004895675048037784,0.016937008734137393,0.9752066115702479,1.0,validation,55,28442123818_attempt1
btc2_path_eff,alphaforge_interaction,2,d4_sp40_ov30_dep100_adv15_fix25_f100,0.85,0.2450445875964438,-0.2581195064979968,81,35,20,0.43209876543209874,0.24691358024691357,99.87896726899314,-0.0012103273100686485,0.010118694362017863,0.9,-0.006051636550344426,0.9404962637509827,4,0.04,0.03,100.0,0.015,0.0025,0.01,-0.0027255936772844214,-0.0007550120438698515,0.36065573770491804,1.0,test,55,28515647330_attempt1
size_imbalance_uncertainty,alphaforge_interaction,2,d8_sp40_ov30_dep100_adv15_fix25_f100,0.95,0.6996549467897452,-0.7010347758704054,1478,729,477,0.493234100135318,0.3227334235453315,130.20441108247908,0.3020441108247909,0.32276818966262005,0.4758909853249476,0.06332161652511321,1.0920604682222228,8,0.04,0.03,100.0,0.015,0.0025,0.01,-0.05010691779045062,-0.0012914058770340242,0.472732236707392,0.9966555183946488,train,55,24949259015_attempt1+24952032748_attempt1+24986940107_attempt1+25044896828_attempt1+25100490855_attempt1+25157440693_attempt1+25208977834_attempt1+25247789591_attempt1+25274678535_attempt1+25311264469_attempt1+25367630341_attempt1+25427145257_attempt1+25487949887_attempt1+25545252940_attempt1+25596809734_attempt1+25624592440_attempt1+25665168591_attempt1+25791429807_attempt1+25852951350_attempt1+25911485679_attempt1+25957739510_attempt1+25986690554_attempt1+26029755017_attempt1+26091905404_attempt1+26156603287_attempt1+26221008452_attempt1+26357456273_attempt1+26709070227_attempt1+26709294970_attempt1+26755468029_attempt1+26832707302_attempt1+26944523023_attempt1+27008365180_attempt1+27059341408_attempt1+27089462916_attempt1+27130700451_attempt1+27199408085_attempt1+27269618919_attempt1+27340390720_attempt1+27410119221_attempt1+27464308599_attempt1+27496226714_attempt1+27540844174_attempt1+27612222130_attempt1+27683808024_attempt1+27754758156_attempt1+27821835753_attempt1+27869277828_attempt1+27902430728_attempt1+27948683312_attempt1+28022420503_attempt1+28095005508_attempt1+28166886036_attempt1+28235383560_attempt1+28288053257_attempt1+28321073325_attempt1+28369678027_attempt1
size_imbalance_uncertainty,alphaforge_interaction,2,d8_sp40_ov30_dep100_adv15_fix25_f100,0.95,0.6996549467897452,-0.7010347758704054,20,12,7,0.6,0.35,96.75286443738135,-0.03247135562618653,0.03247135562618652,0.2857142857142857,-0.46387650894552174,0.35946386907679573,8,0.04,0.03,100.0,0.015,0.0025,0.01,-0.019910897194543975,-0.00965690228904137,0.0,1.0,validation,55,28442123818_attempt1
size_imbalance_uncertainty,alphaforge_interaction,2,d8_sp40_ov30_dep100_adv15_fix25_f100,0.95,0.6996549467897452,-0.7010347758704054,31,18,14,0.5806451612903226,0.45161290322580644,98.73288768613601,-0.01267112313863994,0.040857855626885355,0.42857142857142855,-0.09050802241885574,0.8466538111390968,8,0.04,0.03,100.0,0.015,0.0025,0.01,-0.040857855626885486,0.008489606756074908,0.5245901639344263,1.0,test,55,28515647330_attempt1
classic_early_drop_down,classic_microstructure,1,d8_sp40_ov30_dep300_adv15_fix25_f100,,,,3738,1001,676,0.26779026217228463,0.18084537185660782,90.01141922350536,-0.09988580776494649,0.17743993879983685,0.6849112426035503,-0.014776007065820456,0.9506727169016256,8,0.04,0.03,300.0,0.015,0.0025,0.01,-0.05290121528643066,-0.0007782085956450358,0.4667113643982568,0.9850486087831043,train,56,24949259015_attempt1+24952032748_attempt1+24986940107_attempt1+25044896828_attempt1+25100490855_attempt1+25157440693_attempt1+25208977834_attempt1+25247789591_attempt1+25274678535_attempt1+25311264469_attempt1+25367630341_attempt1+25427145257_attempt1+25487949887_attempt1+25545252940_attempt1+25596809734_attempt1+25624592440_attempt1+25665168591_attempt1+25791429807_attempt1+25852951350_attempt1+25911485679_attempt1+25957739510_attempt1+25986690554_attempt1+26029755017_attempt1+26091905404_attempt1+26156603287_attempt1+26221008452_attempt1+26357456273_attempt1+26709070227_attempt1+26709294970_attempt1+26755468029_attempt1+26832707302_attempt1+26944523023_attempt1+27008365180_attempt1+27059341408_attempt1+27089462916_attempt1+27130700451_attempt1+27199408085_attempt1+27269618919_attempt1+27340390720_attempt1+27410119221_attempt1+27464308599_attempt1+27496226714_attempt1+27540844174_attempt1+27612222130_attempt1+27683808024_attempt1+27754758156_attempt1+27821835753_attempt1+27869277828_attempt1+27902430728_attempt1+27948683312_attempt1+28022420503_attempt1+28095005508_attempt1+28166886036_attempt1+28235383560_attempt1+28288053257_attempt1+28321073325_attempt1+28369678027_attempt1+28442123818_attempt1
classic_early_drop_down,classic_microstructure,1,d8_sp40_ov30_dep300_adv15_fix25_f100,,,,74,16,15,0.21621621621621623,0.20270270270270271,102.41603995768041,0.024160399576804048,0.012366602129641113,0.8666666666666667,0.16106933051202663,2.1483850206891937,8,0.04,0.03,300.0,0.015,0.0025,0.01,-0.00762133742932547,0.011735477177958975,0.7295081967213115,1.0,validation,56,28515647330_attempt1
classic_early_drop_down,classic_microstructure,1,d8_sp40_ov30_dep300_adv15_fix25_f100,,,,75,18,15,0.24,0.2,102.87701763751339,0.028770176375133794,0.020172779639099553,0.8666666666666667,0.19180117583422737,2.3647511725026757,8,0.04,0.03,300.0,0.015,0.0025,0.01,-0.014643344647120582,0.0029939656999934394,0.5,1.0,test,56,28588281394_attempt1
btc2_path_eff,alphaforge_interaction,2,d4_sp40_ov30_dep300_adv15_fix25_f200,0.85,0.24422481186753028,-0.25816072133493645,4518,1297,838,0.2870739265161576,0.18548030101814963,105.53901704911354,0.05539017049113548,0.23047172164324298,0.860381861575179,0.0066098055478682445,1.0225566465650546,4,0.04,0.03,300.0,0.015,0.0025,0.02,-0.07488698942444738,0.0010567751002459325,0.5244384847468991,1.0,train,56,24949259015_attempt1+24952032748_attempt1+24986940107_attempt1+25044896828_attempt1+25100490855_attempt1+25157440693_attempt1+25208977834_attempt1+25247789591_attempt1+25274678535_attempt1+25311264469_attempt1+25367630341_attempt1+25427145257_attempt1+25487949887_attempt1+25545252940_attempt1+25596809734_attempt1+25624592440_attempt1+25665168591_attempt1+25791429807_attempt1+25852951350_attempt1+25911485679_attempt1+25957739510_attempt1+25986690554_attempt1+26029755017_attempt1+26091905404_attempt1+26156603287_attempt1+26221008452_attempt1+26357456273_attempt1+26709070227_attempt1+26709294970_attempt1+26755468029_attempt1+26832707302_attempt1+26944523023_attempt1+27008365180_attempt1+27059341408_attempt1+27089462916_attempt1+27130700451_attempt1+27199408085_attempt1+27269618919_attempt1+27340390720_attempt1+27410119221_attempt1+27464308599_attempt1+27496226714_attempt1+27540844174_attempt1+27612222130_attempt1+27683808024_attempt1+27754758156_attempt1+27821835753_attempt1+27869277828_attempt1+27902430728_attempt1+27948683312_attempt1+28022420503_attempt1+28095005508_attempt1+28166886036_attempt1+28235383560_attempt1+28288053257_attempt1+28321073325_attempt1+28369678027_attempt1+28442123818_attempt1
btc2_path_eff,alphaforge_interaction,2,d4_sp40_ov30_dep300_adv15_fix25_f200,0.85,0.24422481186753028,-0.25816072133493645,81,30,20,0.37037037037037035,0.24691358024691357,102.11971088802159,0.021197108880215865,0.020214477211796193,0.95,0.10598554440107943,2.0376318236876108,4,0.04,0.03,300.0,0.015,0.0025,0.02,-0.004193168626367205,0.01670620152044089,0.8524590163934426,1.0,validation,56,28515647330_attempt1
btc2_path_eff,alphaforge_interaction,2,d4_sp40_ov30_dep300_adv15_fix25_f200,0.85,0.24422481186753028,-0.25816072133493645,91,31,17,0.34065934065934067,0.18681318681318682,100.09802205533016,0.0009802205533016028,0.02626757927620909,0.8823529411764706,0.005766003254715892,1.0239072398200277,4,0.04,0.03,300.0,0.015,0.0025,0.02,-0.009486364751056464,-0.002308085699431195,0.2540983606557377,1.0,test,56,28588281394_attempt1
size_imbalance_uncertainty,alphaforge_interaction,2,d4_sp40_ov30_dep300_adv5_fix25_f100,0.95,0.6998128209956905,-0.6987115710133073,1504,466,336,0.3098404255319149,0.22340425531914893,72.81708870397321,-0.2718291129602679,0.3282066309015633,0.42857142857142855,-0.08090152171436557,0.8442919444061251,4,0.04,0.03,300.0,0.005,0.0025,0.01,-0.05982164267091816,-0.005957710921029591,0.3630573248407643,0.9692256118002012,train,56,24949259015_attempt1+24952032748_attempt1+24986940107_attempt1+25044896828_attempt1+25100490855_attempt1+25157440693_attempt1+25208977834_attempt1+25247789591_attempt1+25274678535_attempt1+25311264469_attempt1+25367630341_attempt1+25427145257_attempt1+25487949887_attempt1+25545252940_attempt1+25596809734_attempt1+25624592440_attempt1+25665168591_attempt1+25791429807_attempt1+25852951350_attempt1+25911485679_attempt1+25957739510_attempt1+25986690554_attempt1+26029755017_attempt1+26091905404_attempt1+26156603287_attempt1+26221008452_attempt1+26357456273_attempt1+26709070227_attempt1+26709294970_attempt1+26755468029_attempt1+26832707302_attempt1+26944523023_attempt1+27008365180_attempt1+27059341408_attempt1+27089462916_attempt1+27130700451_attempt1+27199408085_attempt1+27269618919_attempt1+27340390720_attempt1+27410119221_attempt1+27464308599_attempt1+27496226714_attempt1+27540844174_attempt1+27612222130_attempt1+27683808024_attempt1+27754758156_attempt1+27821835753_attempt1+27869277828_attempt1+27902430728_attempt1+27948683312_attempt1+28022420503_attempt1+28095005508_attempt1+28166886036_attempt1+28235383560_attempt1+28288053257_attempt1+28321073325_attempt1+28369678027_attempt1+28442123818_attempt1
size_imbalance_uncertainty,alphaforge_interaction,2,d4_sp40_ov30_dep300_adv5_fix25_f100,0.95,0.6998128209956905,-0.6987115710133073,31,21,14,0.6774193548387096,0.45161290322580644,99.61266731209845,-0.0038733268790154263,0.03265503712035415,0.5,-0.02766662056439722,0.9456506361018793,4,0.04,0.03,300.0,0.005,0.0025,0.01,-0.032655037120354224,0.005927063556337098,0.7049180327868853,1.0,validation,56,28515647330_attempt1
size_imbalance_uncertainty,alphaforge_interaction,2,d4_sp40_ov30_dep300_adv5_fix25_f100,0.95,0.6998128209956905,-0.6987115710133073,29,13,9,0.4482758620689655,0.3103448275862069,104.8532117506685,0.04853211750668507,0.02033467081511049,0.6666666666666666,0.5392457500742758,2.5725832275416907,4,0.04,0.03,300.0,0.005,0.0025,0.01,-0.01120705726026583,0.013771245459267778,0.9016393442622951,1.0,test,56,28588281394_attempt1
classic_early_drop_down,classic_microstructure,1,d8_sp60_ov30_dep300_adv15_fix25_f100,,,,3812,1018,692,0.2670514165792235,0.18153200419727178,94.37072651571349,-0.05629273484286512,0.15843923789130276,0.6907514450867052,-0.008134788272090441,0.9726548659214923,8,0.06,0.03,300.0,0.015,0.0025,0.01,-0.05290121528643066,-0.0006464475422898186,0.4764163372859025,0.9853096179183136,train,57,24949259015_attempt1+24952032748_attempt1+24986940107_attempt1+25044896828_attempt1+25100490855_attempt1+25157440693_attempt1+25208977834_attempt1+25247789591_attempt1+25274678535_attempt1+25311264469_attempt1+25367630341_attempt1+25427145257_attempt1+25487949887_attempt1+25545252940_attempt1+25596809734_attempt1+25624592440_attempt1+25665168591_attempt1+25791429807_attempt1+25852951350_attempt1+25911485679_attempt1+25957739510_attempt1+25986690554_attempt1+26029755017_attempt1+26091905404_attempt1+26156603287_attempt1+26221008452_attempt1+26357456273_attempt1+26709070227_attempt1+26709294970_attempt1+26755468029_attempt1+26832707302_attempt1+26944523023_attempt1+27008365180_attempt1+27059341408_attempt1+27089462916_attempt1+27130700451_attempt1+27199408085_attempt1+27269618919_attempt1+27340390720_attempt1+27410119221_attempt1+27464308599_attempt1+27496226714_attempt1+27540844174_attempt1+27612222130_attempt1+27683808024_attempt1+27754758156_attempt1+27821835753_attempt1+27869277828_attempt1+27902430728_attempt1+27948683312_attempt1+28022420503_attempt1+28095005508_attempt1+28166886036_attempt1+28235383560_attempt1+28288053257_attempt1+28321073325_attempt1+28369678027_attempt1+28442123818_attempt1+28515647330_attempt1
classic_early_drop_down,classic_microstructure,1,d8_sp60_ov30_dep300_adv15_fix25_f100,,,,75,19,17,0.25333333333333335,0.22666666666666666,103.52210811075794,0.03522108110757949,0.01510470780964665,0.8823529411764706,0.20718283004458632,2.6664760581340365,8,0.06,0.03,300.0,0.015,0.0025,0.01,-0.008464664454854831,0.00557887397932233,0.5491803278688525,1.0,validation,57,28588281394_attempt1
classic_early_drop_down,classic_microstructure,1,d8_sp60_ov30_dep300_adv15_fix25_f100,,,,32,11,11,0.34375,0.34375,100.73266850657362,0.007326685065736083,0.010150943396226353,0.8181818181818182,0.06660622787032949,1.360632263252903,8,0.06,0.03,300.0,0.015,0.0025,0.01,-0.00432063134851457,0.008024488276256792,0.8942307692307693,1.0,test,57,28659365605_attempt1
btc2_path_eff,alphaforge_interaction,2,d4_sp40_ov30_dep300_adv15_fix25_f100,0.85,0.2440132282117323,-0.2589993127012909,4598,1325,855,0.28816876903001304,0.1859504132231405,103.48359008651208,0.034835900865120895,0.12049332387006256,0.8608187134502924,0.004074374370189499,1.028293669538915,4,0.04,0.03,300.0,0.015,0.0025,0.01,-0.03797030106698174,0.0005966193012638676,0.5262187088274045,1.0,train,57,24949259015_attempt1+24952032748_attempt1+24986940107_attempt1+25044896828_attempt1+25100490855_attempt1+25157440693_attempt1+25208977834_attempt1+25247789591_attempt1+25274678535_attempt1+25311264469_attempt1+25367630341_attempt1+25427145257_attempt1+25487949887_attempt1+25545252940_attempt1+25596809734_attempt1+25624592440_attempt1+25665168591_attempt1+25791429807_attempt1+25852951350_attempt1+25911485679_attempt1+25957739510_attempt1+25986690554_attempt1+26029755017_attempt1+26091905404_attempt1+26156603287_attempt1+26221008452_attempt1+26357456273_attempt1+26709070227_attempt1+26709294970_attempt1+26755468029_attempt1+26832707302_attempt1+26944523023_attempt1+27008365180_attempt1+27059341408_attempt1+27089462916_attempt1+27130700451_attempt1+27199408085_attempt1+27269618919_attempt1+27340390720_attempt1+27410119221_attempt1+27464308599_attempt1+27496226714_attempt1+27540844174_attempt1+27612222130_attempt1+27683808024_attempt1+27754758156_attempt1+27821835753_attempt1+27869277828_attempt1+27902430728_attempt1+27948683312_attempt1+28022420503_attempt1+28095005508_attempt1+28166886036_attempt1+28235383560_attempt1+28288053257_attempt1+28321073325_attempt1+28369678027_attempt1+28442123818_attempt1+28515647330_attempt1
btc2_path_eff,alphaforge_interaction,2,d4_sp40_ov30_dep300_adv15_fix25_f100,0.85,0.2440132282117323,-0.2589993127012909,91,31,17,0.34065934065934067,0.18681318681318682,100.06132792703386,0.000613279270338607,0.013111739617771186,0.8823529411764706,0.0036075251196366668,1.0300895242861072,4,0.04,0.03,300.0,0.015,0.0025,0.01,-0.004698310454441024,-0.001093245100307394,0.2540983606557377,1.0,validation,57,28588281394_attempt1
btc2_path_eff,alphaforge_interaction,2,d4_sp40_ov30_dep300_adv15_fix25_f100,0.85,0.2440132282117323,-0.2589993127012909,68,15,12,0.22058823529411764,0.17647058823529413,100.68876805566457,0.00688768055664557,0.010155642023346297,0.9166666666666666,0.05739733797204675,1.6667323037124264,4,0.04,0.03,300.0,0.015,0.0025,0.01,-0.005049469592363076,0.012856533052369334,0.9038461538461539,1.0,test,57,28659365605_attempt1
size_imbalance_uncertainty,alphaforge_interaction,2,d4_sp40_ov30_dep100_adv5_fix25_f200,0.95,0.6994559963641868,-0.7009561898535788,1532,764,484,0.49869451697127937,0.31592689295039167,47.04251459185015,-0.5295748540814985,0.6782583542308032,0.44008264462809915,-0.1094162921655989,0.8810271268878253,4,0.04,0.03,100.0,0.005,0.0025,0.02,-0.11663089744147026,-0.01678412089774195,0.36949934123847167,0.9932147562582345,train,57,24949259015_attempt1+24952032748_attempt1+24986940107_attempt1+25044896828_attempt1+25100490855_attempt1+25157440693_attempt1+25208977834_attempt1+25247789591_attempt1+25274678535_attempt1+25311264469_attempt1+25367630341_attempt1+25427145257_attempt1+25487949887_attempt1+25545252940_attempt1+25596809734_attempt1+25624592440_attempt1+25665168591_attempt1+25791429807_attempt1+25852951350_attempt1+25911485679_attempt1+25957739510_attempt1+25986690554_attempt1+26029755017_attempt1+26091905404_attempt1+26156603287_attempt1+26221008452_attempt1+26357456273_attempt1+26709070227_attempt1+26709294970_attempt1+26755468029_attempt1+26832707302_attempt1+26944523023_attempt1+27008365180_attempt1+27059341408_attempt1+27089462916_attempt1+27130700451_attempt1+27199408085_attempt1+27269618919_attempt1+27340390720_attempt1+27410119221_attempt1+27464308599_attempt1+27496226714_attempt1+27540844174_attempt1+27612222130_attempt1+27683808024_attempt1+27754758156_attempt1+27821835753_attempt1+27869277828_attempt1+27902430728_attempt1+27948683312_attempt1+28022420503_attempt1+28095005508_attempt1+28166886036_attempt1+28235383560_attempt1+28288053257_attempt1+28321073325_attempt1+28369678027_attempt1+28442123818_attempt1+28515647330_attempt1
size_imbalance_uncertainty,alphaforge_interaction,2,d4_sp40_ov30_dep100_adv5_fix25_f200,0.95,0.6994559963641868,-0.7009561898535788,29,17,13,0.5862068965517241,0.4482758620689655,116.37058276996527,0.16370582769965258,0.040460465525844556,0.6923076923076923,1.2592755976896362,2.9027369312255673,4,0.04,0.03,100.0,0.005,0.0025,0.02,-0.02258026542003344,0.11098078383067489,0.9016393442622951,1.0,validation,57,28588281394_attempt1
size_imbalance_uncertainty,alphaforge_interaction,2,d4_sp40_ov30_dep100_adv5_fix25_f200,0.95,0.6994559963641868,-0.7009561898535788,29,18,10,0.6206896551724138,0.3448275862068966,95.26465869959144,-0.04735341300408569,0.09889641423646675,0.4,-0.4735341300408543,0.6187754296433663,4,0.04,0.03,100.0,0.005,0.0025,0.02,-0.07949816486146255,-0.04689535258944111,0.0,1.0,test,57,28659365605_attempt1
classic_early_drop_down,classic_microstructure,1,d8_sp40_ov30_dep100_adv15_fix25_f100,,,,3887,1562,868,0.40185232827373296,0.2233084641111397,78.71474181906177,-0.21285258180938227,0.2643450069885824,0.6866359447004609,-0.024522186844399167,0.9178763245067337,8,0.04,0.03,100.0,0.015,0.0025,0.01,-0.06820490283931024,-0.0021755582052719324,0.44143735836840403,1.0,train,58,24949259015_attempt1+24952032748_attempt1+24986940107_attempt1+25044896828_attempt1+25100490855_attempt1+25157440693_attempt1+25208977834_attempt1+25247789591_attempt1+25274678535_attempt1+25311264469_attempt1+25367630341_attempt1+25427145257_attempt1+25487949887_attempt1+25545252940_attempt1+25596809734_attempt1+25624592440_attempt1+25665168591_attempt1+25791429807_attempt1+25852951350_attempt1+25911485679_attempt1+25957739510_attempt1+25986690554_attempt1+26029755017_attempt1+26091905404_attempt1+26156603287_attempt1+26221008452_attempt1+26357456273_attempt1+26709070227_attempt1+26709294970_attempt1+26755468029_attempt1+26832707302_attempt1+26944523023_attempt1+27008365180_attempt1+27059341408_attempt1+27089462916_attempt1+27130700451_attempt1+27199408085_attempt1+27269618919_attempt1+27340390720_attempt1+27410119221_attempt1+27464308599_attempt1+27496226714_attempt1+27540844174_attempt1+27612222130_attempt1+27683808024_attempt1+27754758156_attempt1+27821835753_attempt1+27869277828_attempt1+27902430728_attempt1+27948683312_attempt1+28022420503_attempt1+28095005508_attempt1+28166886036_attempt1+28235383560_attempt1+28288053257_attempt1+28321073325_attempt1+28369678027_attempt1+28442123818_attempt1+28515647330_attempt1+28588281394_attempt1
classic_early_drop_down,classic_microstructure,1,d8_sp40_ov30_dep100_adv15_fix25_f100,,,,32,15,14,0.46875,0.4375,101.53373425697828,0.015337342569782697,0.010150943396226353,0.8571428571428571,0.10955244692702056,1.7540493268102955,8,0.04,0.03,100.0,0.015,0.0025,0.01,0.00250223161490859,0.012476433175246271,1.0,1.0,validation,58,28659365605_attempt1
classic_early_drop_down,classic_microstructure,1,d8_sp40_ov30_dep100_adv15_fix25_f100,,,,43,14,14,0.32558139534883723,0.32558139534883723,99.95316936898647,-0.00046830631013539126,0.02815345839912181,0.7142857142857143,-0.0033450450723952396,0.9885271290449491,8,0.04,0.03,100.0,0.015,0.0025,0.01,-0.02815345839912209,-0.005814300570282205,0.17692307692307693,1.0,test,58,28705739897_attempt1
btc2_path_eff,alphaforge_interaction,2,d8_sp40_ov30_dep100_adv5_fix25_f200,0.85,0.24418654683907778,-0.25999927065595085,4678,1482,918,0.31680205215904234,0.19623770842240273,123.68150898015226,0.23681508980152266,0.22831776981192994,0.8366013071895425,0.02579685074090622,1.0662303408591003,8,0.04,0.03,100.0,0.005,0.0025,0.02,-0.08312105280065707,0.003108068998559421,0.5553900938815151,1.0,train,58,24949259015_attempt1+24952032748_attempt1+24986940107_attempt1+25044896828_attempt1+25100490855_attempt1+25157440693_attempt1+25208977834_attempt1+25247789591_attempt1+25274678535_attempt1+25311264469_attempt1+25367630341_attempt1+25427145257_attempt1+25487949887_attempt1+25545252940_attempt1+25596809734_attempt1+25624592440_attempt1+25665168591_attempt1+25791429807_attempt1+25852951350_attempt1+25911485679_attempt1+25957739510_attempt1+25986690554_attempt1+26029755017_attempt1+26091905404_attempt1+26156603287_attempt1+26221008452_attempt1+26357456273_attempt1+26709070227_attempt1+26709294970_attempt1+26755468029_attempt1+26832707302_attempt1+26944523023_attempt1+27008365180_attempt1+27059341408_attempt1+27089462916_attempt1+27130700451_attempt1+27199408085_attempt1+27269618919_attempt1+27340390720_attempt1+27410119221_attempt1+27464308599_attempt1+27496226714_attempt1+27540844174_attempt1+27612222130_attempt1+27683808024_attempt1+27754758156_attempt1+27821835753_attempt1+27869277828_attempt1+27902430728_attempt1+27948683312_attempt1+28022420503_attempt1+28095005508_attempt1+28166886036_attempt1+28235383560_attempt1+28288053257_attempt1+28321073325_attempt1+28369678027_attempt1+28442123818_attempt1+28515647330_attempt1+28588281394_attempt1
btc2_path_eff,alphaforge_interaction,2,d8_sp40_ov30_dep100_adv5_fix25_f200,0.85,0.24418654683907778,-0.25999927065595085,68,20,15,0.29411764705882354,0.22058823529411764,105.430693972545,0.05430693972545009,0.0,1.0,0.36204626483633345,,8,0.04,0.03,100.0,0.005,0.0025,0.02,0.019901714517075897,0.025764309319630696,1.0,1.0,validation,58,28659365605_attempt1
btc2_path_eff,alphaforge_interaction,2,d8_sp40_ov30_dep100_adv5_fix25_f200,0.85,0.24418654683907778,-0.25999927065595085,76,23,18,0.3026315789473684,0.23684210526315788,99.28082797673297,-0.00719172023267034,0.05321292473655019,0.8333333333333334,-0.03995400129261579,0.8809821954473911,8,0.04,0.03,100.0,0.005,0.0025,0.02,-0.044972428916852714,-0.0020825496920451325,0.26153846153846155,1.0,test,58,28705739897_attempt1
size_imbalance_uncertainty,alphaforge_interaction,2,d8_sp40_ov30_dep100_adv5_fix25_f100,0.9,0.5684576326820593,-0.5680764342442218,3114,1405,791,0.4511881824020552,0.2540141297366731,87.95444447067258,-0.12045555529327412,0.45019437957055014,0.4310998735777497,-0.015228262363245811,0.9777279746408803,8,0.04,0.03,100.0,0.005,0.0025,0.01,-0.07904354682453629,-0.004933130570586308,0.4448041437358368,1.0,train,58,24949259015_attempt1+24952032748_attempt1+24986940107_attempt1+25044896828_attempt1+25100490855_attempt1+25157440693_attempt1+25208977834_attempt1+25247789591_attempt1+25274678535_attempt1+25311264469_attempt1+25367630341_attempt1+25427145257_attempt1+25487949887_attempt1+25545252940_attempt1+25596809734_attempt1+25624592440_attempt1+25665168591_attempt1+25791429807_attempt1+25852951350_attempt1+25911485679_attempt1+25957739510_attempt1+25986690554_attempt1+26029755017_attempt1+26091905404_attempt1+26156603287_attempt1+26221008452_attempt1+26357456273_attempt1+26709070227_attempt1+26709294970_attempt1+26755468029_attempt1+26832707302_attempt1+26944523023_attempt1+27008365180_attempt1+27059341408_attempt1+27089462916_attempt1+27130700451_attempt1+27199408085_attempt1+27269618919_attempt1+27340390720_attempt1+27410119221_attempt1+27464308599_attempt1+27496226714_attempt1+27540844174_attempt1+27612222130_attempt1+27683808024_attempt1+27754758156_attempt1+27821835753_attempt1+27869277828_attempt1+27902430728_attempt1+27948683312_attempt1+28022420503_attempt1+28095005508_attempt1+28166886036_attempt1+28235383560_attempt1+28288053257_attempt1+28321073325_attempt1+28369678027_attempt1+28442123818_attempt1+28515647330_attempt1+28588281394_attempt1
size_imbalance_uncertainty,alphaforge_interaction,2,d8_sp40_ov30_dep100_adv5_fix25_f100,0.9,0.5684576326820593,-0.5680764342442218,58,29,18,0.5,0.3103448275862069,111.22389935281277,0.1122389935281276,0.03046500737380567,0.6666666666666666,0.6235499640451532,2.6967828583813334,8,0.04,0.03,100.0,0.005,0.0025,0.01,0.007908119615793963,0.09668307175950375,1.0,1.0,validation,58,28659365605_attempt1
size_imbalance_uncertainty,alphaforge_interaction,2,d8_sp40_ov30_dep100_adv5_fix25_f100,0.9,0.5684576326820593,-0.5680764342442218,70,21,15,0.3,0.21428571428571427,96.50403081438859,-0.03495969185611414,0.03542272734584387,0.4,-0.2330646123740938,0.6168186632162393,8,0.04,0.03,100.0,0.005,0.0025,0.01,-0.019266918775095343,0.005149406790623923,0.5923076923076923,1.0,test,58,28705739897_attempt1
classic_early_drop_down,classic_microstructure,1,d8_sp40_ov30_dep100_adv5_fix25_f200,,,,3919,1366,827,0.3485583056902271,0.21102322020923706,95.30132006320042,-0.04698679936799577,0.2718673172280474,0.694074969770254,-0.00568159605417118,0.9906477228317964,8,0.04,0.03,100.0,0.005,0.0025,0.02,-0.08900124258390707,-0.0004117881989652572,0.49534794799898035,1.0,train,59,24949259015_attempt1+24952032748_attempt1+24986940107_attempt1+25044896828_attempt1+25100490855_attempt1+25157440693_attempt1+25208977834_attempt1+25247789591_attempt1+25274678535_attempt1+25311264469_attempt1+25367630341_attempt1+25427145257_attempt1+25487949887_attempt1+25545252940_attempt1+25596809734_attempt1+25624592440_attempt1+25665168591_attempt1+25791429807_attempt1+25852951350_attempt1+25911485679_attempt1+25957739510_attempt1+25986690554_attempt1+26029755017_attempt1+26091905404_attempt1+26156603287_attempt1+26221008452_attempt1+26357456273_attempt1+26709070227_attempt1+26709294970_attempt1+26755468029_attempt1+26832707302_attempt1+26944523023_attempt1+27008365180_attempt1+27059341408_attempt1+27089462916_attempt1+27130700451_attempt1+27199408085_attempt1+27269618919_attempt1+27340390720_attempt1+27410119221_attempt1+27464308599_attempt1+27496226714_attempt1+27540844174_attempt1+27612222130_attempt1+27683808024_attempt1+27754758156_attempt1+27821835753_attempt1+27869277828_attempt1+27902430728_attempt1+27948683312_attempt1+28022420503_attempt1+28095005508_attempt1+28166886036_attempt1+28235383560_attempt1+28288053257_attempt1+28321073325_attempt1+28369678027_attempt1+28442123818_attempt1+28515647330_attempt1+28588281394_attempt1+28659365605_attempt1
classic_early_drop_down,classic_microstructure,1,d8_sp40_ov30_dep100_adv5_fix25_f200,,,,43,11,11,0.2558139534883721,0.2558139534883721,103.36791428752291,0.033679142875228996,0.02032128514056221,0.8181818181818182,0.306174026138445,1.8062711705838637,8,0.04,0.03,100.0,0.005,0.0025,0.02,-0.01645325790837393,0.015673793650232026,0.9,1.0,validation,59,28705739897_attempt1
classic_early_drop_down,classic_microstructure,1,d8_sp40_ov30_dep100_adv5_fix25_f200,,,,44,21,16,0.4772727272727273,0.36363636363636365,96.06044759602455,-0.03939552403975455,0.05736546371347476,0.625,-0.2462220252484663,0.6740067231541524,8,0.04,0.03,100.0,0.005,0.0025,0.02,-0.04074445245832181,-0.020905755972786766,0.11904761904761904,1.0,test,59,28740396418_attempt1
btc2_path_eff,alphaforge_interaction,2,d8_sp60_ov30_dep100_adv15_fix25_f200,0.9,0.37493550769880535,-0.3930054751640095,3168,1246,875,0.39330808080808083,0.276199494949495,174.58496692922182,0.7458496692922183,0.10818103169167045,0.8902857142857142,0.085239962204825,1.2374100707517701,8,0.06,0.03,100.0,0.015,0.0025,0.02,-0.09036001798696236,0.004891153583656216,0.5834820290593933,1.0,train,59,24949259015_attempt1+24952032748_attempt1+24986940107_attempt1+25044896828_attempt1+25100490855_attempt1+25157440693_attempt1+25208977834_attempt1+25247789591_attempt1+25274678535_attempt1+25311264469_attempt1+25367630341_attempt1+25427145257_attempt1+25487949887_attempt1+25545252940_attempt1+25596809734_attempt1+25624592440_attempt1+25665168591_attempt1+25791429807_attempt1+25852951350_attempt1+25911485679_attempt1+25957739510_attempt1+25986690554_attempt1+26029755017_attempt1+26091905404_attempt1+26156603287_attempt1+26221008452_attempt1+26357456273_attempt1+26709070227_attempt1+26709294970_attempt1+26755468029_attempt1+26832707302_attempt1+26944523023_attempt1+27008365180_attempt1+27059341408_attempt1+27089462916_attempt1+27130700451_attempt1+27199408085_attempt1+27269618919_attempt1+27340390720_attempt1+27410119221_attempt1+27464308599_attempt1+27496226714_attempt1+27540844174_attempt1+27612222130_attempt1+27683808024_attempt1+27754758156_attempt1+27821835753_attempt1+27869277828_attempt1+27902430728_attempt1+27948683312_attempt1+28022420503_attempt1+28095005508_attempt1+28166886036_attempt1+28235383560_attempt1+28288053257_attempt1+28321073325_attempt1+28369678027_attempt1+28442123818_attempt1+28515647330_attempt1+28588281394_attempt1+28659365605_attempt1
btc2_path_eff,alphaforge_interaction,2,d8_sp60_ov30_dep100_adv15_fix25_f200,0.9,0.37493550769880535,-0.3930054751640095,47,16,15,0.3404255319148936,0.3191489361702128,102.96735802715216,0.02967358027152156,0.02024615384615384,0.9333333333333333,0.19782386847681233,2.4644872234091157,8,0.06,0.03,100.0,0.015,0.0025,0.02,-0.005243962901357091,0.03743398026521316,0.9692307692307692,1.0,validation,59,28705739897_attempt1
btc2_path_eff,alphaforge_interaction,2,d8_sp60_ov30_dep100_adv15_fix25_f200,0.9,0.37493550769880535,-0.3930054751640095,49,23,17,0.46938775510204084,0.3469387755102041,93.72346595998012,-0.06276534040019888,0.08936628860283505,0.7058823529411765,-0.36920788470705257,0.37191177224640093,8,0.06,0.03,100.0,0.015,0.0025,0.02,-0.07767562723884558,-0.05130625671989769,0.0,1.0,test,59,28740396418_attempt1
size_imbalance_uncertainty,alphaforge_interaction,2,d4_sp40_ov30_dep100_adv15_fix25_f100,0.95,0.6998498074497049,-0.7019388545118143,1582,849,527,0.5366624525916561,0.3331226295828066,76.63069198140465,-0.23369308018595347,0.3579650305442535,0.45351043643263755,-0.04434403798594965,0.9141398856954638,4,0.04,0.03,100.0,0.015,0.0025,0.01,-0.05982164267091816,-0.008237745762711968,0.38038490950802956,0.9971322967117002,train,59,24949259015_attempt1+24952032748_attempt1+24986940107_attempt1+25044896828_attempt1+25100490855_attempt1+25157440693_attempt1+25208977834_attempt1+25247789591_attempt1+25274678535_attempt1+25311264469_attempt1+25367630341_attempt1+25427145257_attempt1+25487949887_attempt1+25545252940_attempt1+25596809734_attempt1+25624592440_attempt1+25665168591_attempt1+25791429807_attempt1+25852951350_attempt1+25911485679_attempt1+25957739510_attempt1+25986690554_attempt1+26029755017_attempt1+26091905404_attempt1+26156603287_attempt1+26221008452_attempt1+26357456273_attempt1+26709070227_attempt1+26709294970_attempt1+26755468029_attempt1+26832707302_attempt1+26944523023_attempt1+27008365180_attempt1+27059341408_attempt1+27089462916_attempt1+27130700451_attempt1+27199408085_attempt1+27269618919_attempt1+27340390720_attempt1+27410119221_attempt1+27464308599_attempt1+27496226714_attempt1+27540844174_attempt1+27612222130_attempt1+27683808024_attempt1+27754758156_attempt1+27821835753_attempt1+27869277828_attempt1+27902430728_attempt1+27948683312_attempt1+28022420503_attempt1+28095005508_attempt1+28166886036_attempt1+28235383560_attempt1+28288053257_attempt1+28321073325_attempt1+28369678027_attempt1+28442123818_attempt1+28515647330_attempt1+28588281394_attempt1+28659365605_attempt1
size_imbalance_uncertainty,alphaforge_interaction,2,d4_sp40_ov30_dep100_adv15_fix25_f100,0.95,0.6998498074497049,-0.7019388545118143,35,15,13,0.42857142857142855,0.37142857142857144,99.62212707641858,-0.0037787292358142377,0.04025184050752143,0.46153846153846156,-0.02906714796780287,0.9482967417903456,4,0.04,0.03,100.0,0.015,0.0025,0.01,-0.04025184050752151,-0.004639342578162453,0.2,1.0,validation,59,28705739897_attempt1
size_imbalance_uncertainty,alphaforge_interaction,2,d4_sp40_ov30_dep100_adv15_fix25_f100,0.95,0.6998498074497049,-0.7019388545118143,38,26,16,0.6842105263157895,0.42105263157894735,105.1094552220689,0.05109455222068893,0.02031049606531846,0.625,0.31934095137930596,1.8035806213397196,4,0.04,0.03,100.0,0.015,0.0025,0.01,-0.013748398692203678,0.006698139917555412,0.8571428571428571,1.0,test,59,28740396418_attempt1
classic_early_drop_down,classic_microstructure,1,d4_sp40_ov30_dep100_adv15_fix25_f100,,,,3962,1785,935,0.450530035335689,0.2359919232710752,135.39638270227385,0.35396382702273854,0.10873232126146493,0.7475935828877005,0.03785709379922363,1.118543291769715,4,0.04,0.03,100.0,0.015,0.0025,0.01,-0.04780665224348957,0.0035073206528697387,0.5857813968055121,1.0,train,60,24949259015_attempt1+24952032748_attempt1+24986940107_attempt1+25044896828_attempt1+25100490855_attempt1+25157440693_attempt1+25208977834_attempt1+25247789591_attempt1+25274678535_attempt1+25311264469_attempt1+25367630341_attempt1+25427145257_attempt1+25487949887_attempt1+25545252940_attempt1+25596809734_attempt1+25624592440_attempt1+25665168591_attempt1+25791429807_attempt1+25852951350_attempt1+25911485679_attempt1+25957739510_attempt1+25986690554_attempt1+26029755017_attempt1+26091905404_attempt1+26156603287_attempt1+26221008452_attempt1+26357456273_attempt1+26709070227_attempt1+26709294970_attempt1+26755468029_attempt1+26832707302_attempt1+26944523023_attempt1+27008365180_attempt1+27059341408_attempt1+27089462916_attempt1+27130700451_attempt1+27199408085_attempt1+27269618919_attempt1+27340390720_attempt1+27410119221_attempt1+27464308599_attempt1+27496226714_attempt1+27540844174_attempt1+27612222130_attempt1+27683808024_attempt1+27754758156_attempt1+27821835753_attempt1+27869277828_attempt1+27902430728_attempt1+27948683312_attempt1+28022420503_attempt1+28095005508_attempt1+28166886036_attempt1+28235383560_attempt1+28288053257_attempt1+28321073325_attempt1+28369678027_attempt1+28442123818_attempt1+28515647330_attempt1+28588281394_attempt1+28659365605_attempt1+28705739897_attempt1
classic_early_drop_down,classic_microstructure,1,d4_sp40_ov30_dep100_adv15_fix25_f100,,,,44,25,17,0.5681818181818182,0.38636363636363635,100.41278852368646,0.004127885236864692,0.02016388807484829,0.7058823529411765,0.02428167786390901,1.0811162025325476,4,0.04,0.03,100.0,0.015,0.0025,0.01,-0.0017254282329735027,0.012247664445554918,0.9365079365079365,1.0,validation,60,28740396418_attempt1
classic_early_drop_down,classic_microstructure,1,d4_sp40_ov30_dep100_adv15_fix25_f100,,,,80,41,20,0.5125,0.25,100.75362688013965,0.007536268801396462,0.020201316601817797,0.75,0.03768134400698152,1.1484690617868523,4,0.04,0.03,100.0,0.015,0.0025,0.01,-0.020201316601817676,-0.006321605004439124,0.35454545454545455,1.0,test,60,28847404575_attempt1
btc2_path_eff,alphaforge_interaction,2,d8_sp40_ov30_dep100_adv15_fix75_f100,0.95,0.6034783483106134,-0.6677308538797895,1612,551,516,0.34181141439205953,0.3200992555831266,118.67159916927945,0.18671599169279451,0.05100568716808022,0.9186046511627907,0.03618526970790616,1.3834269652457913,8,0.04,0.03,100.0,0.015,0.0075,0.01,-0.029145537781388953,0.0020451939902164096,0.6893203883495146,0.9860319448794237,train,60,24949259015_attempt1+24952032748_attempt1+24986940107_attempt1+25044896828_attempt1+25100490855_attempt1+25157440693_attempt1+25208977834_attempt1+25247789591_attempt1+25274678535_attempt1+25311264469_attempt1+25367630341_attempt1+25427145257_attempt1+25487949887_attempt1+25545252940_attempt1+25596809734_attempt1+25624592440_attempt1+25665168591_attempt1+25791429807_attempt1+25852951350_attempt1+25911485679_attempt1+25957739510_attempt1+25986690554_attempt1+26029755017_attempt1+26091905404_attempt1+26156603287_attempt1+26221008452_attempt1+26357456273_attempt1+26709070227_attempt1+26709294970_attempt1+26755468029_attempt1+26832707302_attempt1+26944523023_attempt1+27008365180_attempt1+27059341408_attempt1+27089462916_attempt1+27130700451_attempt1+27199408085_attempt1+27269618919_attempt1+27340390720_attempt1+27410119221_attempt1+27464308599_attempt1+27496226714_attempt1+27540844174_attempt1+27612222130_attempt1+27683808024_attempt1+27754758156_attempt1+27821835753_attempt1+27869277828_attempt1+27902430728_attempt1+27948683312_attempt1+28022420503_attempt1+28095005508_attempt1+28166886036_attempt1+28235383560_attempt1+28288053257_attempt1+28321073325_attempt1+28369678027_attempt1+28442123818_attempt1+28515647330_attempt1+28588281394_attempt1+28659365605_attempt1+28705739897_attempt1
btc2_path_eff,alphaforge_interaction,2,d8_sp40_ov30_dep100_adv15_fix75_f100,0.95,0.6034783483106134,-0.6677308538797895,20,10,10,0.5,0.5,99.58685910665119,-0.004131408933488068,0.010152091254752823,0.9,-0.04131408933488249,0.5951448869538223,8,0.04,0.03,100.0,0.015,0.0075,0.01,-0.007697291939813167,0.0019089179459608197,0.6507936507936508,1.0,validation,60,28740396418_attempt1
btc2_path_eff,alphaforge_interaction,2,d8_sp40_ov30_dep100_adv15_fix75_f100,0.95,0.6034783483106134,-0.6677308538797895,32,11,11,0.34375,0.34375,100.77714529336124,0.007771452933612366,0.0,1.0,0.07064957212374957,,8,0.04,0.03,100.0,0.015,0.0075,0.01,0.0019093231980797931,0.005736514878176502,1.0,1.0,test,60,28847404575_attempt1
size_imbalance_uncertainty,alphaforge_interaction,2,d4_sp60_ov30_dep100_adv5_fix25_f100,0.9,0.569711051853094,-0.5711237728456624,3218,1593,855,0.4950279676817899,0.2656929770043505,63.02936210703805,-0.36970637892961955,0.44870501966479975,0.4444444444444444,-0.04324051215551089,0.9182245323898487,4,0.06,0.03,100.0,0.005,0.0025,0.01,-0.07898537846410392,-0.007527050305577765,0.41233949264015035,1.0,train,60,24949259015_attempt1+24952032748_attempt1+24986940107_attempt1+25044896828_attempt1+25100490855_attempt1+25157440693_attempt1+25208977834_attempt1+25247789591_attempt1+25274678535_attempt1+25311264469_attempt1+25367630341_attempt1+25427145257_attempt1+25487949887_attempt1+25545252940_attempt1+25596809734_attempt1+25624592440_attempt1+25665168591_attempt1+25791429807_attempt1+25852951350_attempt1+25911485679_attempt1+25957739510_attempt1+25986690554_attempt1+26029755017_attempt1+26091905404_attempt1+26156603287_attempt1+26221008452_attempt1+26357456273_attempt1+26709070227_attempt1+26709294970_attempt1+26755468029_attempt1+26832707302_attempt1+26944523023_attempt1+27008365180_attempt1+27059341408_attempt1+27089462916_attempt1+27130700451_attempt1+27199408085_attempt1+27269618919_attempt1+27340390720_attempt1+27410119221_attempt1+27464308599_attempt1+27496226714_attempt1+27540844174_attempt1+27612222130_attempt1+27683808024_attempt1+27754758156_attempt1+27821835753_attempt1+27869277828_attempt1+27902430728_attempt1+27948683312_attempt1+28022420503_attempt1+28095005508_attempt1+28166886036_attempt1+28235383560_attempt1+28288053257_attempt1+28321073325_attempt1+28369678027_attempt1+28442123818_attempt1+28515647330_attempt1+28588281394_attempt1+28659365605_attempt1+28705739897_attempt1
size_imbalance_uncertainty,alphaforge_interaction,2,d4_sp60_ov30_dep100_adv5_fix25_f100,0.9,0.569711051853094,-0.5711237728456624,73,41,20,0.5616438356164384,0.273972602739726,109.60222790875447,0.09602227908754468,0.02432460617910671,0.7,0.4801113954377243,2.470698430901271,4,0.06,0.03,100.0,0.005,0.0025,0.01,0.005469984124426119,0.0212617727212715,1.0,1.0,validation,60,28740396418_attempt1
size_imbalance_uncertainty,alphaforge_interaction,2,d4_sp60_ov30_dep100_adv5_fix25_f100,0.9,0.569711051853094,-0.5711237728456624,48,26,18,0.5416666666666666,0.375,103.8282358411654,0.03828235841165384,0.020363287250383992,0.5,0.21267976895363375,1.4098302682505182,4,0.06,0.03,100.0,0.005,0.0025,0.01,-0.01230530854821077,0.0500450546945197,0.8727272727272727,1.0,test,60,28847404575_attempt1
classic_early_drop_down,classic_microstructure,1,d4_sp60_ov30_dep100_adv15_fix25_f100,,,,4006,1818,953,0.45381927109335995,0.23789316025961058,137.54162510509212,0.37541625105092113,0.10873232126146497,0.7481636935991606,0.03939310084479769,1.1212772353123024,4,0.06,0.03,100.0,0.015,0.0025,0.01,-0.04780665224348957,0.003352402286010303,0.5803252433164963,1.0,train,61,24949259015_attempt1+24952032748_attempt1+24986940107_attempt1+25044896828_attempt1+25100490855_attempt1+25157440693_attempt1+25208977834_attempt1+25247789591_attempt1+25274678535_attempt1+25311264469_attempt1+25367630341_attempt1+25427145257_attempt1+25487949887_attempt1+25545252940_attempt1+25596809734_attempt1+25624592440_attempt1+25665168591_attempt1+25791429807_attempt1+25852951350_attempt1+25911485679_attempt1+25957739510_attempt1+25986690554_attempt1+26029755017_attempt1+26091905404_attempt1+26156603287_attempt1+26221008452_attempt1+26357456273_attempt1+26709070227_attempt1+26709294970_attempt1+26755468029_attempt1+26832707302_attempt1+26944523023_attempt1+27008365180_attempt1+27059341408_attempt1+27089462916_attempt1+27130700451_attempt1+27199408085_attempt1+27269618919_attempt1+27340390720_attempt1+27410119221_attempt1+27464308599_attempt1+27496226714_attempt1+27540844174_attempt1+27612222130_attempt1+27683808024_attempt1+27754758156_attempt1+27821835753_attempt1+27869277828_attempt1+27902430728_attempt1+27948683312_attempt1+28022420503_attempt1+28095005508_attempt1+28166886036_attempt1+28235383560_attempt1+28288053257_attempt1+28321073325_attempt1+28369678027_attempt1+28442123818_attempt1+28515647330_attempt1+28588281394_attempt1+28659365605_attempt1+28705739897_attempt1+28740396418_attempt1
classic_early_drop_down,classic_microstructure,1,d4_sp60_ov30_dep100_adv15_fix25_f100,,,,80,42,20,0.525,0.25,100.66416183965518,0.006641618396551863,0.02018205888690311,0.75,0.03320809198275775,1.1306592361327028,4,0.06,0.03,100.0,0.015,0.0025,0.01,-0.020182058886903276,-0.005854888243286838,0.35454545454545455,1.0,validation,61,28847404575_attempt1
classic_early_drop_down,classic_microstructure,1,d4_sp60_ov30_dep100_adv15_fix25_f100,,,,78,43,16,0.5512820512820513,0.20512820512820512,99.56863331757287,-0.004313666824271256,0.039925551228480675,0.6875,-0.02696041765169594,0.9163534199814809,4,0.06,0.03,100.0,0.015,0.0025,0.01,-0.03672530306590871,-0.015345760766408478,0.3942307692307692,1.0,test,61,28923778969_attempt1
btc2_path_eff,alphaforge_interaction,2,d4_sp40_ov30_dep100_adv15_fix25_f200,0.85,0.24416501445733416,-0.2569601722138102,4914,2218,1046,0.45136345136345135,0.21286121286121287,100.27802378935318,0.0027802378935317673,0.28232489365003255,0.8422562141491395,0.00026579712175244777,1.0007093479780202,4,0.04,0.03,100.0,0.015,0.0025,0.02,-0.07100414871080718,0.0014215567709185972,0.5283971910804485,1.0,train,61,24949259015_attempt1+24952032748_attempt1+24986940107_attempt1+25044896828_attempt1+25100490855_attempt1+25157440693_attempt1+25208977834_attempt1+25247789591_attempt1+25274678535_attempt1+25311264469_attempt1+25367630341_attempt1+25427145257_attempt1+25487949887_attempt1+25545252940_attempt1+25596809734_attempt1+25624592440_attempt1+25665168591_attempt1+25791429807_attempt1+25852951350_attempt1+25911485679_attempt1+25957739510_attempt1+25986690554_attempt1+26029755017_attempt1+26091905404_attempt1+26156603287_attempt1+26221008452_attempt1+26357456273_attempt1+26709070227_attempt1+26709294970_attempt1+26755468029_attempt1+26832707302_attempt1+26944523023_attempt1+27008365180_attempt1+27059341408_attempt1+27089462916_attempt1+27130700451_attempt1+27199408085_attempt1+27269618919_attempt1+27340390720_attempt1+27410119221_attempt1+27464308599_attempt1+27496226714_attempt1+27540844174_attempt1+27612222130_attempt1+27683808024_attempt1+27754758156_attempt1+27821835753_attempt1+27869277828_attempt1+27902430728_attempt1+27948683312_attempt1+28022420503_attempt1+28095005508_attempt1+28166886036_attempt1+28235383560_attempt1+28288053257_attempt1+28321073325_attempt1+28369678027_attempt1+28442123818_attempt1+28515647330_attempt1+28588281394_attempt1+28659365605_attempt1+28705739897_attempt1+28740396418_attempt1
btc2_path_eff,alphaforge_interaction,2,d4_sp40_ov30_dep100_adv15_fix25_f200,0.85,0.24416501445733416,-0.2569601722138102,62,25,17,0.4032258064516129,0.27419354838709675,104.07617579234858,0.0407617579234858,0.0,1.0,0.23977504660873789,,4,0.04,0.03,100.0,0.015,0.0025,0.02,0.014362176955300843,0.02589422745856984,1.0,1.0,validation,61,28847404575_attempt1
btc2_path_eff,alphaforge_interaction,2,d4_sp40_ov30_dep100_adv15_fix25_f200,0.85,0.24416501445733416,-0.2569601722138102,75,22,14,0.29333333333333333,0.18666666666666668,102.29613798195568,0.022961379819556704,0.020214477211796218,0.9285714285714286,0.16400985585397637,2.1117638190010504,4,0.04,0.03,100.0,0.015,0.0025,0.02,-0.009690867712658147,0.004162126625353535,0.6153846153846154,1.0,test,61,28923778969_attempt1
size_imbalance_uncertainty,alphaforge_interaction,2,d4_sp40_ov30_dep100_adv15_fix25_f100,0.9,0.570535893656412,-0.5731837613725932,3272,1736,890,0.530562347188264,0.2720048899755501,84.65108590551279,-0.1534891409448721,0.4319076674461877,0.4651685393258427,-0.017245970892682188,0.9697999653842939,4,0.04,0.03,100.0,0.015,0.0025,0.01,-0.07898537846410392,-0.004603185364146056,0.4409264506591105,1.0,train,61,24949259015_attempt1+24952032748_attempt1+24986940107_attempt1+25044896828_attempt1+25100490855_attempt1+25157440693_attempt1+25208977834_attempt1+25247789591_attempt1+25274678535_attempt1+25311264469_attempt1+25367630341_attempt1+25427145257_attempt1+25487949887_attempt1+25545252940_attempt1+25596809734_attempt1+25624592440_attempt1+25665168591_attempt1+25791429807_attempt1+25852951350_attempt1+25911485679_attempt1+25957739510_attempt1+25986690554_attempt1+26029755017_attempt1+26091905404_attempt1+26156603287_attempt1+26221008452_attempt1+26357456273_attempt1+26709070227_attempt1+26709294970_attempt1+26755468029_attempt1+26832707302_attempt1+26944523023_attempt1+27008365180_attempt1+27059341408_attempt1+27089462916_attempt1+27130700451_attempt1+27199408085_attempt1+27269618919_attempt1+27340390720_attempt1+27410119221_attempt1+27464308599_attempt1+27496226714_attempt1+27540844174_attempt1+27612222130_attempt1+27683808024_attempt1+27754758156_attempt1+27821835753_attempt1+27869277828_attempt1+27902430728_attempt1+27948683312_attempt1+28022420503_attempt1+28095005508_attempt1+28166886036_attempt1+28235383560_attempt1+28288053257_attempt1+28321073325_attempt1+28369678027_attempt1+28442123818_attempt1+28515647330_attempt1+28588281394_attempt1+28659365605_attempt1+28705739897_attempt1+28740396418_attempt1
size_imbalance_uncertainty,alphaforge_interaction,2,d4_sp40_ov30_dep100_adv15_fix25_f100,0.9,0.570535893656412,-0.5731837613725932,48,30,18,0.625,0.375,104.41529462332278,0.04415294623322774,0.020236545392601637,0.5555555555555556,0.24529414574015343,1.529280172262045,4,0.04,0.03,100.0,0.015,0.0025,0.01,0.00953374510073668,0.031855944478229925,1.0,1.0,validation,61,28847404575_attempt1
size_imbalance_uncertainty,alphaforge_interaction,2,d4_sp40_ov30_dep100_adv15_fix25_f100,0.9,0.570535893656412,-0.5731837613725932,43,28,14,0.6511627906976745,0.32558139534883723,95.23002668463805,-0.04769973315361953,0.06258814671295566,0.35714285714285715,-0.34071237966871243,0.4775306089608407,4,0.04,0.03,100.0,0.015,0.0025,0.01,-0.044042939186967445,-0.024115937806317378,0.0,1.0,test,61,28923778969_attempt1
classic_early_drop_down,classic_microstructure,1,d8_sp40_ov30_dep100_adv15_fix25_f100,,,,4086,1645,925,0.40259422418012725,0.22638277043563387,76.6716767937699,-0.23328323206230095,0.2737101922690433,0.6864864864864865,-0.025219808871600337,0.914726009107793,8,0.04,0.03,100.0,0.015,0.0025,0.01,-0.06820490283931024,-0.0024236912204695926,0.4370109783465761,1.0,train,62,24949259015_attempt1+24952032748_attempt1+24986940107_attempt1+25044896828_attempt1+25100490855_attempt1+25157440693_attempt1+25208977834_attempt1+25247789591_attempt1+25274678535_attempt1+25311264469_attempt1+25367630341_attempt1+25427145257_attempt1+25487949887_attempt1+25545252940_attempt1+25596809734_attempt1+25624592440_attempt1+25665168591_attempt1+25791429807_attempt1+25852951350_attempt1+25911485679_attempt1+25957739510_attempt1+25986690554_attempt1+26029755017_attempt1+26091905404_attempt1+26156603287_attempt1+26221008452_attempt1+26357456273_attempt1+26709070227_attempt1+26709294970_attempt1+26755468029_attempt1+26832707302_attempt1+26944523023_attempt1+27008365180_attempt1+27059341408_attempt1+27089462916_attempt1+27130700451_attempt1+27199408085_attempt1+27269618919_attempt1+27340390720_attempt1+27410119221_attempt1+27464308599_attempt1+27496226714_attempt1+27540844174_attempt1+27612222130_attempt1+27683808024_attempt1+27754758156_attempt1+27821835753_attempt1+27869277828_attempt1+27902430728_attempt1+27948683312_attempt1+28022420503_attempt1+28095005508_attempt1+28166886036_attempt1+28235383560_attempt1+28288053257_attempt1+28321073325_attempt1+28369678027_attempt1+28442123818_attempt1+28515647330_attempt1+28588281394_attempt1+28659365605_attempt1+28705739897_attempt1+28740396418_attempt1+28847404575_attempt1
classic_early_drop_down,classic_microstructure,1,d8_sp40_ov30_dep100_adv15_fix25_f100,,,,78,37,20,0.47435897435897434,0.2564102564102564,103.72117525852477,0.03721175258524756,0.02623831281874671,0.85,0.18605876292623894,2.168420161156196,8,0.04,0.03,100.0,0.015,0.0025,0.01,-0.01272118687636592,0.011299104774591395,0.5192307692307693,1.0,validation,62,28923778969_attempt1
classic_early_drop_down,classic_microstructure,1,d8_sp40_ov30_dep100_adv15_fix25_f100,,,,63,26,20,0.4126984126984127,0.31746031746031744,98.62234306704426,-0.013776569329557398,0.022942839588740837,0.7,-0.06888284664778836,0.7733357987545603,8,0.04,0.03,100.0,0.015,0.0025,0.01,-0.014890640780419573,-0.006448785017983627,0.145985401459854,1.0,test,62,29000291038_attempt1
btc2_path_eff,alphaforge_interaction,2,d4_sp40_ov30_dep100_adv5_fix25_f200,0.85,0.24365647635901921,-0.2561105061864602,4990,1714,1005,0.3434869739478958,0.20140280561122245,94.90421865420643,-0.05095781345793571,0.2854082227796548,0.835820895522388,-0.005070429199794744,0.9857539016771628,4,0.04,0.03,100.0,0.005,0.0025,0.02,-0.07779919507096111,-0.00037812240627033145,0.4973615575908291,1.0,train,62,24949259015_attempt1+24952032748_attempt1+24986940107_attempt1+25044896828_attempt1+25100490855_attempt1+25157440693_attempt1+25208977834_attempt1+25247789591_attempt1+25274678535_attempt1+25311264469_attempt1+25367630341_attempt1+25427145257_attempt1+25487949887_attempt1+25545252940_attempt1+25596809734_attempt1+25624592440_attempt1+25665168591_attempt1+25791429807_attempt1+25852951350_attempt1+25911485679_attempt1+25957739510_attempt1+25986690554_attempt1+26029755017_attempt1+26091905404_attempt1+26156603287_attempt1+26221008452_attempt1+26357456273_attempt1+26709070227_attempt1+26709294970_attempt1+26755468029_attempt1+26832707302_attempt1+26944523023_attempt1+27008365180_attempt1+27059341408_attempt1+27089462916_attempt1+27130700451_attempt1+27199408085_attempt1+27269618919_attempt1+27340390720_attempt1+27410119221_attempt1+27464308599_attempt1+27496226714_attempt1+27540844174_attempt1+27612222130_attempt1+27683808024_attempt1+27754758156_attempt1+27821835753_attempt1+27869277828_attempt1+27902430728_attempt1+27948683312_attempt1+28022420503_attempt1+28095005508_attempt1+28166886036_attempt1+28235383560_attempt1+28288053257_attempt1+28321073325_attempt1+28369678027_attempt1+28442123818_attempt1+28515647330_attempt1+28588281394_attempt1+28659365605_attempt1+28705739897_attempt1+28740396418_attempt1+28847404575_attempt1
btc2_path_eff,alphaforge_interaction,2,d4_sp40_ov30_dep100_adv5_fix25_f200,0.85,0.24365647635901921,-0.2561105061864602,76,16,14,0.21052631578947367,0.18421052631578946,104.66045061699823,0.04660450616998224,0.0,1.0,0.3328893297855901,,4,0.04,0.03,100.0,0.005,0.0025,0.02,0.015162234812701403,0.02189267875475931,1.0,1.0,validation,62,28923778969_attempt1
btc2_path_eff,alphaforge_interaction,2,d4_sp40_ov30_dep100_adv5_fix25_f200,0.85,0.24365647635901921,-0.2561105061864602,69,26,18,0.37681159420289856,0.2608695652173913,106.04565242585144,0.060456524258514444,0.0,1.0,0.3358695792139684,,4,0.04,0.03,100.0,0.005,0.0025,0.02,0.015363281541032281,0.02637712699035122,1.0,1.0,test,62,29000291038_attempt1
size_imbalance_uncertainty,alphaforge_interaction,2,d8_sp40_ov30_dep100_adv5_fix25_f100,0.95,0.6999561032830935,-0.7037973134046167,1662,764,502,0.45968712394705175,0.3020457280385078,112.15407530468185,0.12154075304681844,0.3424371255809104,0.4581673306772908,0.024211305387812364,1.0368462413235175,8,0.04,0.03,100.0,0.005,0.0025,0.01,-0.05010691779045062,-0.0035662717398857735,0.4462303633165524,0.98993146115121,train,62,24949259015_attempt1+24952032748_attempt1+24986940107_attempt1+25044896828_attempt1+25100490855_attempt1+25157440693_attempt1+25208977834_attempt1+25247789591_attempt1+25274678535_attempt1+25311264469_attempt1+25367630341_attempt1+25427145257_attempt1+25487949887_attempt1+25545252940_attempt1+25596809734_attempt1+25624592440_attempt1+25665168591_attempt1+25791429807_attempt1+25852951350_attempt1+25911485679_attempt1+25957739510_attempt1+25986690554_attempt1+26029755017_attempt1+26091905404_attempt1+26156603287_attempt1+26221008452_attempt1+26357456273_attempt1+26709070227_attempt1+26709294970_attempt1+26755468029_attempt1+26832707302_attempt1+26944523023_attempt1+27008365180_attempt1+27059341408_attempt1+27089462916_attempt1+27130700451_attempt1+27199408085_attempt1+27269618919_attempt1+27340390720_attempt1+27410119221_attempt1+27464308599_attempt1+27496226714_attempt1+27540844174_attempt1+27612222130_attempt1+27683808024_attempt1+27754758156_attempt1+27821835753_attempt1+27869277828_attempt1+27902430728_attempt1+27948683312_attempt1+28022420503_attempt1+28095005508_attempt1+28166886036_attempt1+28235383560_attempt1+28288053257_attempt1+28321073325_attempt1+28369678027_attempt1+28442123818_attempt1+28515647330_attempt1+28588281394_attempt1+28659365605_attempt1+28705739897_attempt1+28740396418_attempt1+28847404575_attempt1
size_imbalance_uncertainty,alphaforge_interaction,2,d8_sp40_ov30_dep100_adv5_fix25_f100,0.95,0.6999561032830935,-0.7037973134046167,19,10,6,0.5263157894736842,0.3157894736842105,98.24706460130402,-0.017529353986959872,0.030464627998192873,0.3333333333333333,-0.29215589978266043,0.575863146755983,8,0.04,0.03,100.0,0.005,0.0025,0.01,-0.030464627998192828,-0.019468232586223766,0.0,1.0,validation,62,28923778969_attempt1
size_imbalance_uncertainty,alphaforge_interaction,2,d8_sp40_ov30_dep100_adv5_fix25_f100,0.95,0.6999561032830935,-0.7037973134046167,30,17,13,0.5666666666666667,0.43333333333333335,99.72774458888976,-0.0027225541111023377,0.031005324541999144,0.46153846153846156,-0.020942723931555093,0.9624174617070936,8,0.04,0.03,100.0,0.005,0.0025,0.01,-0.0299089600141359,-0.003515608061324449,0.2116788321167883,1.0,test,62,29000291038_attempt1
classic_early_drop_down,classic_microstructure,1,d8_sp40_ov30_dep300_adv15_fix25_f100,,,,4164,1112,767,0.2670509125840538,0.18419788664745437,89.88951109869487,-0.10110488901305137,0.17743993879983685,0.6910039113428944,-0.013181862974322224,0.9550968936023685,8,0.04,0.03,300.0,0.015,0.0025,0.01,-0.05290121528643066,-0.0007782085956450358,0.4710170909525517,0.9866738376957094,train,63,24949259015_attempt1+24952032748_attempt1+24986940107_attempt1+25044896828_attempt1+25100490855_attempt1+25157440693_attempt1+25208977834_attempt1+25247789591_attempt1+25274678535_attempt1+25311264469_attempt1+25367630341_attempt1+25427145257_attempt1+25487949887_attempt1+25545252940_attempt1+25596809734_attempt1+25624592440_attempt1+25665168591_attempt1+25791429807_attempt1+25852951350_attempt1+25911485679_attempt1+25957739510_attempt1+25986690554_attempt1+26029755017_attempt1+26091905404_attempt1+26156603287_attempt1+26221008452_attempt1+26357456273_attempt1+26709070227_attempt1+26709294970_attempt1+26755468029_attempt1+26832707302_attempt1+26944523023_attempt1+27008365180_attempt1+27059341408_attempt1+27089462916_attempt1+27130700451_attempt1+27199408085_attempt1+27269618919_attempt1+27340390720_attempt1+27410119221_attempt1+27464308599_attempt1+27496226714_attempt1+27540844174_attempt1+27612222130_attempt1+27683808024_attempt1+27754758156_attempt1+27821835753_attempt1+27869277828_attempt1+27902430728_attempt1+27948683312_attempt1+28022420503_attempt1+28095005508_attempt1+28166886036_attempt1+28235383560_attempt1+28288053257_attempt1+28321073325_attempt1+28369678027_attempt1+28442123818_attempt1+28515647330_attempt1+28588281394_attempt1+28659365605_attempt1+28705739897_attempt1+28740396418_attempt1+28847404575_attempt1+28923778969_attempt1
classic_early_drop_down,classic_microstructure,1,d8_sp40_ov30_dep300_adv15_fix25_f100,,,,63,19,15,0.30158730158730157,0.23809523809523808,101.11261702070438,0.011126170207043762,0.010158102766798356,0.8,0.07417446804695756,1.3635848431716264,8,0.04,0.03,300.0,0.015,0.0025,0.01,-0.004279290649843892,0.009951792011661631,0.8029197080291971,1.0,validation,63,29000291038_attempt1
classic_early_drop_down,classic_microstructure,1,d8_sp40_ov30_dep300_adv15_fix25_f100,,,,42,13,10,0.30952380952380953,0.23809523809523808,96.14924797240597,-0.03850752027594029,0.042534020219015645,0.5,-0.38507520275940127,0.22888323335095614,8,0.04,0.03,300.0,0.015,0.0025,0.01,-0.042534020219015645,-0.015147929641690205,0.17699115044247787,1.0,test,63,29075660007_attempt1
btc2_path_eff,alphaforge_interaction,2,d8_sp40_ov30_dep100_adv15_fix25_f100,0.85,0.24365486440793235,-0.25622265072847106,5064,1990,1055,0.3929699842022117,0.20833333333333334,115.16587824805588,0.15165878248055886,0.11940440434270523,0.8473933649289099,0.014375240045550637,1.0814467570532706,8,0.04,0.03,100.0,0.015,0.0025,0.01,-0.04336709640754721,0.0018701263449483196,0.5689016373849648,1.0,train,63,24949259015_attempt1+24952032748_attempt1+24986940107_attempt1+25044896828_attempt1+25100490855_attempt1+25157440693_attempt1+25208977834_attempt1+25247789591_attempt1+25274678535_attempt1+25311264469_attempt1+25367630341_attempt1+25427145257_attempt1+25487949887_attempt1+25545252940_attempt1+25596809734_attempt1+25624592440_attempt1+25665168591_attempt1+25791429807_attempt1+25852951350_attempt1+25911485679_attempt1+25957739510_attempt1+25986690554_attempt1+26029755017_attempt1+26091905404_attempt1+26156603287_attempt1+26221008452_attempt1+26357456273_attempt1+26709070227_attempt1+26709294970_attempt1+26755468029_attempt1+26832707302_attempt1+26944523023_attempt1+27008365180_attempt1+27059341408_attempt1+27089462916_attempt1+27130700451_attempt1+27199408085_attempt1+27269618919_attempt1+27340390720_attempt1+27410119221_attempt1+27464308599_attempt1+27496226714_attempt1+27540844174_attempt1+27612222130_attempt1+27683808024_attempt1+27754758156_attempt1+27821835753_attempt1+27869277828_attempt1+27902430728_attempt1+27948683312_attempt1+28022420503_attempt1+28095005508_attempt1+28166886036_attempt1+28235383560_attempt1+28288053257_attempt1+28321073325_attempt1+28369678027_attempt1+28442123818_attempt1+28515647330_attempt1+28588281394_attempt1+28659365605_attempt1+28705739897_attempt1+28740396418_attempt1+28847404575_attempt1+28923778969_attempt1
btc2_path_eff,alphaforge_interaction,2,d8_sp40_ov30_dep100_adv15_fix25_f100,0.85,0.24365486440793235,-0.25622265072847106,69,31,20,0.4492753623188406,0.2898550724637681,101.69243634389822,0.016924363438982182,0.010112044817927232,0.95,0.08462181719491184,2.6425806229246858,8,0.04,0.03,100.0,0.015,0.0025,0.01,-0.00044000666881827133,0.006284107909368508,0.9343065693430657,1.0,validation,63,29000291038_attempt1
btc2_path_eff,alphaforge_interaction,2,d8_sp40_ov30_dep100_adv15_fix25_f100,0.85,0.24365486440793235,-0.25622265072847106,60,26,16,0.43333333333333335,0.26666666666666666,100.0081824287868,8.182428786795981e-05,0.011644647038381634,0.8125,0.000511401799174166,1.0026952248631906,8,0.04,0.03,100.0,0.015,0.0025,0.01,-0.0066403376072319276,0.0013888386049665247,0.5221238938053098,1.0,test,63,29075660007_attempt1
size_imbalance_uncertainty,alphaforge_interaction,2,d8_sp40_ov30_dep300_adv15_fix25_f100,0.95,0.6998242458991148,-0.7036022686104682,1686,514,385,0.30486358244365364,0.22835112692763937,115.33773762426881,0.1533773762426882,0.18539144842621366,0.4727272727272727,0.039838279543555344,1.0647118442593437,8,0.04,0.03,300.0,0.015,0.0025,0.01,-0.050143443126469456,0.0,0.47729174136488584,0.937432771602725,train,63,24949259015_attempt1+24952032748_attempt1+24986940107_attempt1+25044896828_attempt1+25100490855_attempt1+25157440693_attempt1+25208977834_attempt1+25247789591_attempt1+25274678535_attempt1+25311264469_attempt1+25367630341_attempt1+25427145257_attempt1+25487949887_attempt1+25545252940_attempt1+25596809734_attempt1+25624592440_attempt1+25665168591_attempt1+25791429807_attempt1+25852951350_attempt1+25911485679_attempt1+25957739510_attempt1+25986690554_attempt1+26029755017_attempt1+26091905404_attempt1+26156603287_attempt1+26221008452_attempt1+26357456273_attempt1+26709070227_attempt1+26709294970_attempt1+26755468029_attempt1+26832707302_attempt1+26944523023_attempt1+27008365180_attempt1+27059341408_attempt1+27089462916_attempt1+27130700451_attempt1+27199408085_attempt1+27269618919_attempt1+27340390720_attempt1+27410119221_attempt1+27464308599_attempt1+27496226714_attempt1+27540844174_attempt1+27612222130_attempt1+27683808024_attempt1+27754758156_attempt1+27821835753_attempt1+27869277828_attempt1+27902430728_attempt1+27948683312_attempt1+28022420503_attempt1+28095005508_attempt1+28166886036_attempt1+28235383560_attempt1+28288053257_attempt1+28321073325_attempt1+28369678027_attempt1+28442123818_attempt1+28515647330_attempt1+28588281394_attempt1+28659365605_attempt1+28705739897_attempt1+28740396418_attempt1+28847404575_attempt1+28923778969_attempt1
size_imbalance_uncertainty,alphaforge_interaction,2,d8_sp40_ov30_dep300_adv15_fix25_f100,0.95,0.6998242458991148,-0.7036022686104682,30,13,12,0.43333333333333335,0.4,104.55033653193053,0.04550336531930532,0.021098567186061064,0.6666666666666666,0.3791947109942109,2.0632202821564634,8,0.04,0.03,300.0,0.015,0.0025,0.01,-0.009933799492885975,0.016051435748470455,0.9927007299270073,1.0,validation,63,29000291038_attempt1
size_imbalance_uncertainty,alphaforge_interaction,2,d8_sp40_ov30_dep300_adv15_fix25_f100,0.95,0.6998242458991148,-0.7036022686104682,35,11,7,0.3142857142857143,0.2,97.22997996189909,-0.027700200381009066,0.027700200381009097,0.2857142857142857,-0.3957171483001282,0.45420450932574136,8,0.04,0.03,300.0,0.015,0.0025,0.01,-0.02054531629129741,-0.0074859513231952945,0.0,1.0,test,63,29075660007_attempt1
classic_early_drop_down,classic_microstructure,1,d4_sp40_ov30_dep100_adv15_fix25_f100,,,,4227,1920,1001,0.45422285308729593,0.23681097705228293,132.42500557030093,0.32425005570300924,0.10873232126146493,0.7442557442557443,0.032392612957343844,1.0994454103151508,4,0.04,0.03,100.0,0.015,0.0025,0.01,-0.04780665224348957,0.002925468789350516,0.571999529798989,1.0,train,64,24949259015_attempt1+24952032748_attempt1+24986940107_attempt1+25044896828_attempt1+25100490855_attempt1+25157440693_attempt1+25208977834_attempt1+25247789591_attempt1+25274678535_attempt1+25311264469_attempt1+25367630341_attempt1+25427145257_attempt1+25487949887_attempt1+25545252940_attempt1+25596809734_attempt1+25624592440_attempt1+25665168591_attempt1+25791429807_attempt1+25852951350_attempt1+25911485679_attempt1+25957739510_attempt1+25986690554_attempt1+26029755017_attempt1+26091905404_attempt1+26156603287_attempt1+26221008452_attempt1+26357456273_attempt1+26709070227_attempt1+26709294970_attempt1+26755468029_attempt1+26832707302_attempt1+26944523023_attempt1+27008365180_attempt1+27059341408_attempt1+27089462916_attempt1+27130700451_attempt1+27199408085_attempt1+27269618919_attempt1+27340390720_attempt1+27410119221_attempt1+27464308599_attempt1+27496226714_attempt1+27540844174_attempt1+27612222130_attempt1+27683808024_attempt1+27754758156_attempt1+27821835753_attempt1+27869277828_attempt1+27902430728_attempt1+27948683312_attempt1+28022420503_attempt1+28095005508_attempt1+28166886036_attempt1+28235383560_attempt1+28288053257_attempt1+28321073325_attempt1+28369678027_attempt1+28442123818_attempt1+28515647330_attempt1+28588281394_attempt1+28659365605_attempt1+28705739897_attempt1+28740396418_attempt1+28847404575_attempt1+28923778969_attempt1+29000291038_attempt1
classic_early_drop_down,classic_microstructure,1,d4_sp40_ov30_dep100_adv15_fix25_f100,,,,42,19,12,0.4523809523809524,0.2857142857142857,99.52611238136002,-0.0047388761863997875,0.02598429349767578,0.75,-0.03949063488666318,0.8438231740336869,4,0.04,0.03,100.0,0.015,0.0025,0.01,-0.011561686723020714,0.00455552407932025,0.5929203539823009,1.0,validation,64,29075660007_attempt1
classic_early_drop_down,classic_microstructure,1,d4_sp40_ov30_dep100_adv15_fix25_f100,,,,22,11,11,0.5,0.5,100.20960880022035,0.002096088002203622,0.010942452104935272,0.8181818181818182,0.019055345474576598,1.1029209455427378,4,0.04,0.03,100.0,0.015,0.0025,0.01,-0.007394432651643079,0.0003447426071347959,0.6206896551724138,1.0,test,64,29144058049_attempt1
btc2_path_eff,alphaforge_interaction,2,d4_sp40_ov30_dep100_adv15_fix25_f100,0.85,0.24180303773162753,-0.2561311343283984,5148,2318,1098,0.45027195027195027,0.21328671328671328,116.15351868765032,0.16153518687650315,0.10054090721267053,0.8542805100182149,0.014711765653597905,1.0903277365887354,4,0.04,0.03,100.0,0.015,0.0025,0.01,-0.03654754248343817,0.0017513583066897098,0.565240390266839,1.0,train,64,24949259015_attempt1+24952032748_attempt1+24986940107_attempt1+25044896828_attempt1+25100490855_attempt1+25157440693_attempt1+25208977834_attempt1+25247789591_attempt1+25274678535_attempt1+25311264469_attempt1+25367630341_attempt1+25427145257_attempt1+25487949887_attempt1+25545252940_attempt1+25596809734_attempt1+25624592440_attempt1+25665168591_attempt1+25791429807_attempt1+25852951350_attempt1+25911485679_attempt1+25957739510_attempt1+25986690554_attempt1+26029755017_attempt1+26091905404_attempt1+26156603287_attempt1+26221008452_attempt1+26357456273_attempt1+26709070227_attempt1+26709294970_attempt1+26755468029_attempt1+26832707302_attempt1+26944523023_attempt1+27008365180_attempt1+27059341408_attempt1+27089462916_attempt1+27130700451_attempt1+27199408085_attempt1+27269618919_attempt1+27340390720_attempt1+27410119221_attempt1+27464308599_attempt1+27496226714_attempt1+27540844174_attempt1+27612222130_attempt1+27683808024_attempt1+27754758156_attempt1+27821835753_attempt1+27869277828_attempt1+27902430728_attempt1+27948683312_attempt1+28022420503_attempt1+28095005508_attempt1+28166886036_attempt1+28235383560_attempt1+28288053257_attempt1+28321073325_attempt1+28369678027_attempt1+28442123818_attempt1+28515647330_attempt1+28588281394_attempt1+28659365605_attempt1+28705739897_attempt1+28740396418_attempt1+28847404575_attempt1+28923778969_attempt1+29000291038_attempt1
btc2_path_eff,alphaforge_interaction,2,d4_sp40_ov30_dep100_adv15_fix25_f100,0.85,0.24180303773162753,-0.2561311343283984,61,30,20,0.4918032786885246,0.32786885245901637,102.51674557341784,0.025167455734178334,0.010118694362017792,0.9,0.12583727867089303,2.2351157386819893,4,0.04,0.03,100.0,0.015,0.0025,0.01,-0.0010809360330652495,0.010785972469298466,0.9380530973451328,1.0,validation,64,29075660007_attempt1
btc2_path_eff,alphaforge_interaction,2,d4_sp40_ov30_dep100_adv15_fix25_f100,0.85,0.24180303773162753,-0.2561311343283984,69,24,17,0.34782608695652173,0.2463768115942029,99.12944189071716,-0.008705581092828374,0.020175932244258208,0.8235294117647058,-0.05120930054604919,0.7145740756699676,4,0.04,0.03,100.0,0.015,0.0025,0.01,-0.01255385080515714,-0.011244888463669556,0.3103448275862069,1.0,test,64,29144058049_attempt1
size_imbalance_uncertainty,alphaforge_interaction,2,d8_sp40_ov30_dep300_adv15_fix25_f100,0.9,0.5703887501357368,-0.572958272079611,3428,1024,686,0.29871645274212366,0.2001166861143524,61.79407351918477,-0.38205926480815233,0.49783207058978135,0.4271137026239067,-0.055693770380197384,0.8888921050570435,8,0.04,0.03,300.0,0.015,0.0025,0.01,-0.0727082693284824,-0.00791857750929037,0.3810391442341601,0.9982955213353709,train,64,24949259015_attempt1+24952032748_attempt1+24986940107_attempt1+25044896828_attempt1+25100490855_attempt1+25157440693_attempt1+25208977834_attempt1+25247789591_attempt1+25274678535_attempt1+25311264469_attempt1+25367630341_attempt1+25427145257_attempt1+25487949887_attempt1+25545252940_attempt1+25596809734_attempt1+25624592440_attempt1+25665168591_attempt1+25791429807_attempt1+25852951350_attempt1+25911485679_attempt1+25957739510_attempt1+25986690554_attempt1+26029755017_attempt1+26091905404_attempt1+26156603287_attempt1+26221008452_attempt1+26357456273_attempt1+26709070227_attempt1+26709294970_attempt1+26755468029_attempt1+26832707302_attempt1+26944523023_attempt1+27008365180_attempt1+27059341408_attempt1+27089462916_attempt1+27130700451_attempt1+27199408085_attempt1+27269618919_attempt1+27340390720_attempt1+27410119221_attempt1+27464308599_attempt1+27496226714_attempt1+27540844174_attempt1+27612222130_attempt1+27683808024_attempt1+27754758156_attempt1+27821835753_attempt1+27869277828_attempt1+27902430728_attempt1+27948683312_attempt1+28022420503_attempt1+28095005508_attempt1+28166886036_attempt1+28235383560_attempt1+28288053257_attempt1+28321073325_attempt1+28369678027_attempt1+28442123818_attempt1+28515647330_attempt1+28588281394_attempt1+28659365605_attempt1+28705739897_attempt1+28740396418_attempt1+28847404575_attempt1+28923778969_attempt1+29000291038_attempt1
size_imbalance_uncertainty,alphaforge_interaction,2,d8_sp40_ov30_dep300_adv15_fix25_f100,0.9,0.5703887501357368,-0.572958272079611,67,19,16,0.2835820895522388,0.23880597014925373,99.99742101558628,-2.5789844137147355e-05,0.030478817762552502,0.4375,-0.00016118652585769833,0.9997201108163591,8,0.04,0.03,300.0,0.015,0.0025,0.01,-0.026216357847169136,0.025431877031172556,0.672566371681416,1.0,validation,64,29075660007_attempt1
size_imbalance_uncertainty,alphaforge_interaction,2,d8_sp40_ov30_dep300_adv15_fix25_f100,0.9,0.5703887501357368,-0.572958272079611,67,18,15,0.26865671641791045,0.22388059701492538,98.28580596453092,-0.017141940354690743,0.03676640157348061,0.4,-0.11427960236460774,0.8130355356950894,8,0.04,0.03,300.0,0.015,0.0025,0.01,-0.0268195293597544,-0.010940918274470302,0.41379310344827586,1.0,test,64,29144058049_attempt1
classic_early_drop_down,classic_microstructure,1,d8_sp40_ov30_dep100_adv15_fix25_f100,,,,4269,1727,970,0.4045443897868353,0.22721948934176622,75.20584078260151,-0.24794159217398493,0.293703288996148,0.6876288659793814,-0.025560988883916214,0.9125892195656882,8,0.04,0.03,100.0,0.015,0.0025,0.01,-0.06820490283931024,-0.0025540222061813944,0.43312101910828027,1.0,train,65,24949259015_attempt1+24952032748_attempt1+24986940107_attempt1+25044896828_attempt1+25100490855_attempt1+25157440693_attempt1+25208977834_attempt1+25247789591_attempt1+25274678535_attempt1+25311264469_attempt1+25367630341_attempt1+25427145257_attempt1+25487949887_attempt1+25545252940_attempt1+25596809734_attempt1+25624592440_attempt1+25665168591_attempt1+25791429807_attempt1+25852951350_attempt1+25911485679_attempt1+25957739510_attempt1+25986690554_attempt1+26029755017_attempt1+26091905404_attempt1+26156603287_attempt1+26221008452_attempt1+26357456273_attempt1+26709070227_attempt1+26709294970_attempt1+26755468029_attempt1+26832707302_attempt1+26944523023_attempt1+27008365180_attempt1+27059341408_attempt1+27089462916_attempt1+27130700451_attempt1+27199408085_attempt1+27269618919_attempt1+27340390720_attempt1+27410119221_attempt1+27464308599_attempt1+27496226714_attempt1+27540844174_attempt1+27612222130_attempt1+27683808024_attempt1+27754758156_attempt1+27821835753_attempt1+27869277828_attempt1+27902430728_attempt1+27948683312_attempt1+28022420503_attempt1+28095005508_attempt1+28166886036_attempt1+28235383560_attempt1+28288053257_attempt1+28321073325_attempt1+28369678027_attempt1+28442123818_attempt1+28515647330_attempt1+28588281394_attempt1+28659365605_attempt1+28705739897_attempt1+28740396418_attempt1+28847404575_attempt1+28923778969_attempt1+29000291038_attempt1+29075660007_attempt1
classic_early_drop_down,classic_microstructure,1,d8_sp40_ov30_dep100_adv15_fix25_f100,,,,22,9,9,0.4090909090909091,0.4090909090909091,101.5372581362403,0.015372581362403048,0.010187793427230031,0.8888888888888888,0.17080645958225218,2.501020719024332,8,0.04,0.03,100.0,0.015,0.0025,0.01,-0.004977759173141472,0.010453650563895245,0.9224137931034483,1.0,validation,65,29144058049_attempt1
classic_early_drop_down,classic_microstructure,1,d8_sp40_ov30_dep100_adv15_fix25_f100,,,,39,14,14,0.358974358974359,0.358974358974359,99.65236350271155,-0.0034763649728845047,0.026381733272379207,0.7142857142857143,-0.02483117837774482,0.914717331566905,8,0.04,0.03,100.0,0.015,0.0025,0.01,-0.017754810951107425,-0.004332167414983545,0.14516129032258066,1.0,test,65,29183942155_attempt1
btc2_path_eff,alphaforge_interaction,2,d8_sp40_ov30_dep100_adv15_fix25_f100,0.85,0.24163652783540482,-0.2542091027451229,5224,2058,1090,0.3939509954058193,0.20865237366003062,112.64096086829021,0.12640960868290207,0.11378817536719531,0.846788990825688,0.011597211805770967,1.0664261739482461,8,0.04,0.03,100.0,0.015,0.0025,0.01,-0.04336709640754721,0.0016189647993949396,0.5555877243775333,1.0,train,65,24949259015_attempt1+24952032748_attempt1+24986940107_attempt1+25044896828_attempt1+25100490855_attempt1+25157440693_attempt1+25208977834_attempt1+25247789591_attempt1+25274678535_attempt1+25311264469_attempt1+25367630341_attempt1+25427145257_attempt1+25487949887_attempt1+25545252940_attempt1+25596809734_attempt1+25624592440_attempt1+25665168591_attempt1+25791429807_attempt1+25852951350_attempt1+25911485679_attempt1+25957739510_attempt1+25986690554_attempt1+26029755017_attempt1+26091905404_attempt1+26156603287_attempt1+26221008452_attempt1+26357456273_attempt1+26709070227_attempt1+26709294970_attempt1+26755468029_attempt1+26832707302_attempt1+26944523023_attempt1+27008365180_attempt1+27059341408_attempt1+27089462916_attempt1+27130700451_attempt1+27199408085_attempt1+27269618919_attempt1+27340390720_attempt1+27410119221_attempt1+27464308599_attempt1+27496226714_attempt1+27540844174_attempt1+27612222130_attempt1+27683808024_attempt1+27754758156_attempt1+27821835753_attempt1+27869277828_attempt1+27902430728_attempt1+27948683312_attempt1+28022420503_attempt1+28095005508_attempt1+28166886036_attempt1+28235383560_attempt1+28288053257_attempt1+28321073325_attempt1+28369678027_attempt1+28442123818_attempt1+28515647330_attempt1+28588281394_attempt1+28659365605_attempt1+28705739897_attempt1+28740396418_attempt1+28847404575_attempt1+28923778969_attempt1+29000291038_attempt1+29075660007_attempt1
btc2_path_eff,alphaforge_interaction,2,d8_sp40_ov30_dep100_adv15_fix25_f100,0.85,0.24163652783540482,-0.2542091027451229,71,25,17,0.352112676056338,0.23943661971830985,101.04604714679873,0.010460471467987231,0.01014440433212993,0.8823529411764706,0.06153218510580743,1.508070219632327,8,0.04,0.03,100.0,0.015,0.0025,0.01,-0.0011451846144583389,0.0026555285850593524,0.9310344827586207,1.0,validation,65,29144058049_attempt1
btc2_path_eff,alphaforge_interaction,2,d8_sp40_ov30_dep100_adv15_fix25_f100,0.85,0.24163652783540482,-0.2542091027451229,72,30,19,0.4166666666666667,0.2638888888888889,95.29612507589286,-0.04703874924107143,0.05417371017052047,0.6842105263157895,-0.24757236442669295,0.214066792959213,8,0.04,0.03,100.0,0.015,0.0025,0.01,-0.036598058843145376,-0.024838310487824145,0.0,1.0,test,65,29183942155_attempt1
size_imbalance_uncertainty,alphaforge_interaction,2,d4_sp40_ov30_dep100_adv5_fix25_f100,0.95,0.6998337666519685,-0.7057359196455182,1740,881,540,0.5063218390804598,0.3103448275862069,65.25765827033814,-0.34742341729661863,0.4487635698234671,0.4351851851851852,-0.06433766986974405,0.872964839834413,4,0.04,0.03,100.0,0.005,0.0025,0.01,-0.05982164267091816,-0.00830999128882648,0.3692530399536769,0.9940359004053272,train,65,24949259015_attempt1+24952032748_attempt1+24986940107_attempt1+25044896828_attempt1+25100490855_attempt1+25157440693_attempt1+25208977834_attempt1+25247789591_attempt1+25274678535_attempt1+25311264469_attempt1+25367630341_attempt1+25427145257_attempt1+25487949887_attempt1+25545252940_attempt1+25596809734_attempt1+25624592440_attempt1+25665168591_attempt1+25791429807_attempt1+25852951350_attempt1+25911485679_attempt1+25957739510_attempt1+25986690554_attempt1+26029755017_attempt1+26091905404_attempt1+26156603287_attempt1+26221008452_attempt1+26357456273_attempt1+26709070227_attempt1+26709294970_attempt1+26755468029_attempt1+26832707302_attempt1+26944523023_attempt1+27008365180_attempt1+27059341408_attempt1+27089462916_attempt1+27130700451_attempt1+27199408085_attempt1+27269618919_attempt1+27340390720_attempt1+27410119221_attempt1+27464308599_attempt1+27496226714_attempt1+27540844174_attempt1+27612222130_attempt1+27683808024_attempt1+27754758156_attempt1+27821835753_attempt1+27869277828_attempt1+27902430728_attempt1+27948683312_attempt1+28022420503_attempt1+28095005508_attempt1+28166886036_attempt1+28235383560_attempt1+28288053257_attempt1+28321073325_attempt1+28369678027_attempt1+28442123818_attempt1+28515647330_attempt1+28588281394_attempt1+28659365605_attempt1+28705739897_attempt1+28740396418_attempt1+28847404575_attempt1+28923778969_attempt1+29000291038_attempt1+29075660007_attempt1
size_imbalance_uncertainty,alphaforge_interaction,2,d4_sp40_ov30_dep100_adv5_fix25_f100,0.95,0.6998337666519685,-0.7057359196455182,30,18,14,0.6,0.4666666666666667,111.83867384345872,0.11838673843458714,0.020238981075025992,0.7857142857142857,0.8456195602470531,4.487492757257621,4,0.04,0.03,100.0,0.005,0.0025,0.01,0.03890344503334098,0.07364289200747476,1.0,1.0,validation,65,29144058049_attempt1
size_imbalance_uncertainty,alphaforge_interaction,2,d4_sp40_ov30_dep100_adv5_fix25_f100,0.95,0.6998337666519685,-0.7057359196455182,23,9,6,0.391304347826087,0.2608695652173913,97.65508697699927,-0.023449130230007276,0.03210920575744069,0.3333333333333333,-0.3908188371667891,0.42138090944668355,4,0.04,0.03,100.0,0.005,0.0025,0.01,-0.02211896163577387,-0.012015846849317668,0.0,1.0,test,65,29183942155_attempt1
classic_early_drop_down,classic_microstructure,1,d4_sp40_ov30_dep100_adv15_fix25_f100,,,,4291,1950,1023,0.4544395245863435,0.23840596597529715,133.72036599688556,0.3372036599688557,0.10873232126146493,0.7458455522971652,0.03296223460106143,1.101730199564718,4,0.04,0.03,100.0,0.015,0.0025,0.01,-0.04780665224348957,0.002888269190591819,0.576872611101603,1.0,train,66,24949259015_attempt1+24952032748_attempt1+24986940107_attempt1+25044896828_attempt1+25100490855_attempt1+25157440693_attempt1+25208977834_attempt1+25247789591_attempt1+25274678535_attempt1+25311264469_attempt1+25367630341_attempt1+25427145257_attempt1+25487949887_attempt1+25545252940_attempt1+25596809734_attempt1+25624592440_attempt1+25665168591_attempt1+25791429807_attempt1+25852951350_attempt1+25911485679_attempt1+25957739510_attempt1+25986690554_attempt1+26029755017_attempt1+26091905404_attempt1+26156603287_attempt1+26221008452_attempt1+26357456273_attempt1+26709070227_attempt1+26709294970_attempt1+26755468029_attempt1+26832707302_attempt1+26944523023_attempt1+27008365180_attempt1+27059341408_attempt1+27089462916_attempt1+27130700451_attempt1+27199408085_attempt1+27269618919_attempt1+27340390720_attempt1+27410119221_attempt1+27464308599_attempt1+27496226714_attempt1+27540844174_attempt1+27612222130_attempt1+27683808024_attempt1+27754758156_attempt1+27821835753_attempt1+27869277828_attempt1+27902430728_attempt1+27948683312_attempt1+28022420503_attempt1+28095005508_attempt1+28166886036_attempt1+28235383560_attempt1+28288053257_attempt1+28321073325_attempt1+28369678027_attempt1+28442123818_attempt1+28515647330_attempt1+28588281394_attempt1+28659365605_attempt1+28705739897_attempt1+28740396418_attempt1+28847404575_attempt1+28923778969_attempt1+29000291038_attempt1+29075660007_attempt1+29144058049_attempt1
classic_early_drop_down,classic_microstructure,1,d4_sp40_ov30_dep100_adv15_fix25_f100,,,,39,16,16,0.41025641025641024,0.41025641025641024,101.33710953122993,0.013371095312299186,0.01615264259782271,0.8125,0.0835693457018722,1.4372151712939456,4,0.04,0.03,100.0,0.015,0.0025,0.01,-0.01169958395118853,-0.00023635016547141063,0.3870967741935484,1.0,validation,66,29183942155_attempt1
classic_early_drop_down,classic_microstructure,1,d4_sp40_ov30_dep100_adv15_fix25_f100,,,,54,29,15,0.5370370370370371,0.2777777777777778,99.16339870726935,-0.008366012927306432,0.027885893051985907,0.7333333333333333,-0.05577341951537728,0.7955743279863222,4,0.04,0.03,100.0,0.015,0.0025,0.01,-0.027885893051986077,0.020049603534375127,0.7027027027027027,1.0,test,66,29231728767_attempt1
btc2_path_eff,alphaforge_interaction,2,d8_sp40_ov30_dep300_adv15_fix25_f100,0.85,0.24204280611699733,-0.25362718424991676,5302,1316,935,0.24820822331195774,0.17634854771784234,98.75961957762792,-0.012403804223720893,0.14117117964920087,0.8470588235294118,-0.0013266100774033706,0.9915582357890653,8,0.04,0.03,300.0,0.015,0.0025,0.01,-0.05689874891134039,0.0019315625389240143,0.5413315077870957,1.0,train,66,24949259015_attempt1+24952032748_attempt1+24986940107_attempt1+25044896828_attempt1+25100490855_attempt1+25157440693_attempt1+25208977834_attempt1+25247789591_attempt1+25274678535_attempt1+25311264469_attempt1+25367630341_attempt1+25427145257_attempt1+25487949887_attempt1+25545252940_attempt1+25596809734_attempt1+25624592440_attempt1+25665168591_attempt1+25791429807_attempt1+25852951350_attempt1+25911485679_attempt1+25957739510_attempt1+25986690554_attempt1+26029755017_attempt1+26091905404_attempt1+26156603287_attempt1+26221008452_attempt1+26357456273_attempt1+26709070227_attempt1+26709294970_attempt1+26755468029_attempt1+26832707302_attempt1+26944523023_attempt1+27008365180_attempt1+27059341408_attempt1+27089462916_attempt1+27130700451_attempt1+27199408085_attempt1+27269618919_attempt1+27340390720_attempt1+27410119221_attempt1+27464308599_attempt1+27496226714_attempt1+27540844174_attempt1+27612222130_attempt1+27683808024_attempt1+27754758156_attempt1+27821835753_attempt1+27869277828_attempt1+27902430728_attempt1+27948683312_attempt1+28022420503_attempt1+28095005508_attempt1+28166886036_attempt1+28235383560_attempt1+28288053257_attempt1+28321073325_attempt1+28369678027_attempt1+28442123818_attempt1+28515647330_attempt1+28588281394_attempt1+28659365605_attempt1+28705739897_attempt1+28740396418_attempt1+28847404575_attempt1+28923778969_attempt1+29000291038_attempt1+29075660007_attempt1+29144058049_attempt1
btc2_path_eff,alphaforge_interaction,2,d8_sp40_ov30_dep300_adv15_fix25_f100,0.85,0.24204280611699733,-0.25362718424991676,72,9,9,0.125,0.125,99.71060892620186,-0.0028939107379813978,0.010110803324099655,0.8888888888888888,-0.03215456375534983,0.7158519468656158,8,0.04,0.03,300.0,0.015,0.0025,0.01,-0.0071774985031247684,0.004314555480647186,0.7338709677419355,1.0,validation,66,29183942155_attempt1
btc2_path_eff,alphaforge_interaction,2,d8_sp40_ov30_dep300_adv15_fix25_f100,0.85,0.24204280611699733,-0.25362718424991676,61,22,16,0.36065573770491804,0.26229508196721313,98.5162871782873,-0.014837128217127016,0.027040606467952977,0.8125,-0.09273205135704354,0.508038337744615,8,0.04,0.03,300.0,0.015,0.0025,0.01,-0.025218697534436507,-0.014998960450143817,0.15315315315315314,1.0,test,66,29231728767_attempt1
size_imbalance_uncertainty,alphaforge_interaction,2,d8_sp40_ov30_dep300_adv15_fix25_f100,0.95,0.7002060457749217,-0.7050997966339888,1766,543,409,0.3074745186862967,0.23159682899207248,120.517348810732,0.20517348810731995,0.18539144842621366,0.4792176039119804,0.05016466701890456,1.0827564675893164,8,0.04,0.03,300.0,0.015,0.0025,0.01,-0.04406135112701848,0.0,0.4801186605054481,0.9383307661589366,train,66,24949259015_attempt1+24952032748_attempt1+24986940107_attempt1+25044896828_attempt1+25100490855_attempt1+25157440693_attempt1+25208977834_attempt1+25247789591_attempt1+25274678535_attempt1+25311264469_attempt1+25367630341_attempt1+25427145257_attempt1+25487949887_attempt1+25545252940_attempt1+25596809734_attempt1+25624592440_attempt1+25665168591_attempt1+25791429807_attempt1+25852951350_attempt1+25911485679_attempt1+25957739510_attempt1+25986690554_attempt1+26029755017_attempt1+26091905404_attempt1+26156603287_attempt1+26221008452_attempt1+26357456273_attempt1+26709070227_attempt1+26709294970_attempt1+26755468029_attempt1+26832707302_attempt1+26944523023_attempt1+27008365180_attempt1+27059341408_attempt1+27089462916_attempt1+27130700451_attempt1+27199408085_attempt1+27269618919_attempt1+27340390720_attempt1+27410119221_attempt1+27464308599_attempt1+27496226714_attempt1+27540844174_attempt1+27612222130_attempt1+27683808024_attempt1+27754758156_attempt1+27821835753_attempt1+27869277828_attempt1+27902430728_attempt1+27948683312_attempt1+28022420503_attempt1+28095005508_attempt1+28166886036_attempt1+28235383560_attempt1+28288053257_attempt1+28321073325_attempt1+28369678027_attempt1+28442123818_attempt1+28515647330_attempt1+28588281394_attempt1+28659365605_attempt1+28705739897_attempt1+28740396418_attempt1+28847404575_attempt1+28923778969_attempt1+29000291038_attempt1+29075660007_attempt1+29144058049_attempt1
size_imbalance_uncertainty,alphaforge_interaction,2,d8_sp40_ov30_dep300_adv15_fix25_f100,0.95,0.7002060457749217,-0.7050997966339888,23,5,5,0.21739130434782608,0.21739130434782608,101.57050524922957,0.0157050524922957,0.010396039603960443,0.6,0.31410104984591464,1.7547819412661443,8,0.04,0.03,300.0,0.015,0.0025,0.01,-0.003473059108485943,0.0069957081545064526,0.6693548387096774,1.0,validation,66,29183942155_attempt1
size_imbalance_uncertainty,alphaforge_interaction,2,d8_sp40_ov30_dep300_adv15_fix25_f100,0.95,0.7002060457749217,-0.7050997966339888,21,7,3,0.3333333333333333,0.14285714285714285,98.8673807607966,-0.011326192392033918,0.020452706202537172,0.3333333333333333,-0.3775397464011337,0.4513371754291106,8,0.04,0.03,300.0,0.015,0.0025,0.01,-0.020452706202537252,-0.011326192392034029,0.0,1.0,test,66,29231728767_attempt1
classic_early_drop_down,classic_microstructure,1,d8_sp40_ov30_dep100_adv5_fix25_f100,,,,4330,1512,933,0.3491916859122402,0.21547344110854502,95.10725588862216,-0.048927441113778336,0.1440013980362954,0.6934619506966774,-0.0052440987260212405,0.9830960199470209,8,0.04,0.03,100.0,0.005,0.0025,0.01,-0.04527965060226746,-0.00022562982652407637,0.49308833445718137,1.0,train,67,24949259015_attempt1+24952032748_attempt1+24986940107_attempt1+25044896828_attempt1+25100490855_attempt1+25157440693_attempt1+25208977834_attempt1+25247789591_attempt1+25274678535_attempt1+25311264469_attempt1+25367630341_attempt1+25427145257_attempt1+25487949887_attempt1+25545252940_attempt1+25596809734_attempt1+25624592440_attempt1+25665168591_attempt1+25791429807_attempt1+25852951350_attempt1+25911485679_attempt1+25957739510_attempt1+25986690554_attempt1+26029755017_attempt1+26091905404_attempt1+26156603287_attempt1+26221008452_attempt1+26357456273_attempt1+26709070227_attempt1+26709294970_attempt1+26755468029_attempt1+26832707302_attempt1+26944523023_attempt1+27008365180_attempt1+27059341408_attempt1+27089462916_attempt1+27130700451_attempt1+27199408085_attempt1+27269618919_attempt1+27340390720_attempt1+27410119221_attempt1+27464308599_attempt1+27496226714_attempt1+27540844174_attempt1+27612222130_attempt1+27683808024_attempt1+27754758156_attempt1+27821835753_attempt1+27869277828_attempt1+27902430728_attempt1+27948683312_attempt1+28022420503_attempt1+28095005508_attempt1+28166886036_attempt1+28235383560_attempt1+28288053257_attempt1+28321073325_attempt1+28369678027_attempt1+28442123818_attempt1+28515647330_attempt1+28588281394_attempt1+28659365605_attempt1+28705739897_attempt1+28740396418_attempt1+28847404575_attempt1+28923778969_attempt1+29000291038_attempt1+29075660007_attempt1+29144058049_attempt1+29183942155_attempt1
classic_early_drop_down,classic_microstructure,1,d8_sp40_ov30_dep100_adv5_fix25_f100,,,,54,23,14,0.42592592592592593,0.25925925925925924,101.07492553076304,0.01074925530763049,0.0201703389139374,0.7857142857142857,0.07678039505449985,1.347341920310071,8,0.04,0.03,100.0,0.005,0.0025,0.01,-0.006018761318296817,0.01987244743063643,0.9099099099099099,1.0,validation,67,29231728767_attempt1
classic_early_drop_down,classic_microstructure,1,d8_sp40_ov30_dep100_adv5_fix25_f100,,,,42,16,14,0.38095238095238093,0.3333333333333333,98.70996814299119,-0.01290031857008811,0.039512900823683465,0.6428571428571429,-0.09214513264348713,0.7435026917625839,8,0.04,0.03,100.0,0.005,0.0025,0.01,-0.037963728083076576,-0.023293509305036264,0.14705882352941177,1.0,test,67,29314482071_attempt1
btc2_path_eff,alphaforge_interaction,2,d4_sp40_ov30_dep300_adv15_fix25_f100,0.85,0.24151336534818138,-0.25334785181730224,5382,1535,1001,0.2852099591230026,0.1859903381642512,99.00941812651025,-0.009905818734897487,0.12677914376193375,0.8571428571428571,-0.0009895922812085108,0.9933567862938938,4,0.04,0.03,300.0,0.015,0.0025,0.01,-0.046295306966421035,0.0007571744595025187,0.5336030568667116,1.0,train,67,24949259015_attempt1+24952032748_attempt1+24986940107_attempt1+25044896828_attempt1+25100490855_attempt1+25157440693_attempt1+25208977834_attempt1+25247789591_attempt1+25274678535_attempt1+25311264469_attempt1+25367630341_attempt1+25427145257_attempt1+25487949887_attempt1+25545252940_attempt1+25596809734_attempt1+25624592440_attempt1+25665168591_attempt1+25791429807_attempt1+25852951350_attempt1+25911485679_attempt1+25957739510_attempt1+25986690554_attempt1+26029755017_attempt1+26091905404_attempt1+26156603287_attempt1+26221008452_attempt1+26357456273_attempt1+26709070227_attempt1+26709294970_attempt1+26755468029_attempt1+26832707302_attempt1+26944523023_attempt1+27008365180_attempt1+27059341408_attempt1+27089462916_attempt1+27130700451_attempt1+27199408085_attempt1+27269618919_attempt1+27340390720_attempt1+27410119221_attempt1+27464308599_attempt1+27496226714_attempt1+27540844174_attempt1+27612222130_attempt1+27683808024_attempt1+27754758156_attempt1+27821835753_attempt1+27869277828_attempt1+27902430728_attempt1+27948683312_attempt1+28022420503_attempt1+28095005508_attempt1+28166886036_attempt1+28235383560_attempt1+28288053257_attempt1+28321073325_attempt1+28369678027_attempt1+28442123818_attempt1+28515647330_attempt1+28588281394_attempt1+28659365605_attempt1+28705739897_attempt1+28740396418_attempt1+28847404575_attempt1+28923778969_attempt1+29000291038_attempt1+29075660007_attempt1+29144058049_attempt1+29183942155_attempt1
btc2_path_eff,alphaforge_interaction,2,d4_sp40_ov30_dep300_adv15_fix25_f100,0.85,0.24151336534818138,-0.25334785181730224,61,27,19,0.4426229508196721,0.3114754098360656,100.28804769961086,0.002880476996108605,0.0162977765515379,0.8947368421052632,0.015160405242676355,1.1425465697044095,4,0.04,0.03,300.0,0.015,0.0025,0.01,-0.012444972221942185,-0.0018331662098645118,0.40540540540540543,1.0,validation,67,29231728767_attempt1
btc2_path_eff,alphaforge_interaction,2,d4_sp40_ov30_dep300_adv15_fix25_f100,0.85,0.24151336534818138,-0.25334785181730224,75,33,20,0.44,0.26666666666666666,100.51556410313123,0.005155641031312275,0.018458697647569938,0.9,0.02577820515655884,1.2496788210590073,4,0.04,0.03,300.0,0.015,0.0025,0.01,-0.012917976420523947,0.014693731985638281,0.5294117647058824,1.0,test,67,29314482071_attempt1
size_imbalance_uncertainty,alphaforge_interaction,2,d4_sp40_ov30_dep100_adv5_fix25_f100,0.9,0.5734900843240737,-0.5735840579062619,3584,1782,964,0.49720982142857145,0.2689732142857143,63.39663676921686,-0.36603363230783137,0.5101567893650243,0.44813278008298757,-0.03797029380786611,0.9282221783623712,4,0.04,0.03,100.0,0.005,0.0025,0.01,-0.07898537846410392,-0.006631981670837117,0.4244212182512924,1.0,train,67,24949259015_attempt1+24952032748_attempt1+24986940107_attempt1+25044896828_attempt1+25100490855_attempt1+25157440693_attempt1+25208977834_attempt1+25247789591_attempt1+25274678535_attempt1+25311264469_attempt1+25367630341_attempt1+25427145257_attempt1+25487949887_attempt1+25545252940_attempt1+25596809734_attempt1+25624592440_attempt1+25665168591_attempt1+25791429807_attempt1+25852951350_attempt1+25911485679_attempt1+25957739510_attempt1+25986690554_attempt1+26029755017_attempt1+26091905404_attempt1+26156603287_attempt1+26221008452_attempt1+26357456273_attempt1+26709070227_attempt1+26709294970_attempt1+26755468029_attempt1+26832707302_attempt1+26944523023_attempt1+27008365180_attempt1+27059341408_attempt1+27089462916_attempt1+27130700451_attempt1+27199408085_attempt1+27269618919_attempt1+27340390720_attempt1+27410119221_attempt1+27464308599_attempt1+27496226714_attempt1+27540844174_attempt1+27612222130_attempt1+27683808024_attempt1+27754758156_attempt1+27821835753_attempt1+27869277828_attempt1+27902430728_attempt1+27948683312_attempt1+28022420503_attempt1+28095005508_attempt1+28166886036_attempt1+28235383560_attempt1+28288053257_attempt1+28321073325_attempt1+28369678027_attempt1+28442123818_attempt1+28515647330_attempt1+28588281394_attempt1+28659365605_attempt1+28705739897_attempt1+28740396418_attempt1+28847404575_attempt1+28923778969_attempt1+29000291038_attempt1+29075660007_attempt1+29144058049_attempt1+29183942155_attempt1
size_imbalance_uncertainty,alphaforge_interaction,2,d4_sp40_ov30_dep100_adv5_fix25_f100,0.9,0.5734900843240737,-0.5735840579062619,49,31,20,0.6326530612244898,0.40816326530612246,113.63640073428206,0.13636400734282073,0.010310077519379823,0.75,0.6818200367141023,3.565104339688013,4,0.04,0.03,100.0,0.005,0.0025,0.01,0.026972057716162734,0.062191353908119584,1.0,1.0,validation,67,29231728767_attempt1
size_imbalance_uncertainty,alphaforge_interaction,2,d4_sp40_ov30_dep100_adv5_fix25_f100,0.9,0.5734900843240737,-0.5735840579062619,51,32,14,0.6274509803921569,0.27450980392156865,92.9540144759359,-0.07045985524064091,0.07285300919699406,0.21428571428571427,-0.5032846802902934,0.36168836813038646,4,0.04,0.03,100.0,0.005,0.0025,0.01,-0.06008168237129208,-0.0438057632303569,0.0,1.0,test,67,29314482071_attempt1
classic_early_drop_down,classic_microstructure,1,d4_sp40_ov30_dep100_adv15_fix25_f100,,,,4384,1995,1054,0.4550638686131387,0.24041970802919707,132.60166957876612,0.3260166957876611,0.10873232126146493,0.74573055028463,0.030931375311922665,1.0952054971930887,4,0.04,0.03,100.0,0.015,0.0025,0.01,-0.04780665224348957,0.0030672738648420683,0.5786703601108033,1.0,train,68,24949259015_attempt1+24952032748_attempt1+24986940107_attempt1+25044896828_attempt1+25100490855_attempt1+25157440693_attempt1+25208977834_attempt1+25247789591_attempt1+25274678535_attempt1+25311264469_attempt1+25367630341_attempt1+25427145257_attempt1+25487949887_attempt1+25545252940_attempt1+25596809734_attempt1+25624592440_attempt1+25665168591_attempt1+25791429807_attempt1+25852951350_attempt1+25911485679_attempt1+25957739510_attempt1+25986690554_attempt1+26029755017_attempt1+26091905404_attempt1+26156603287_attempt1+26221008452_attempt1+26357456273_attempt1+26709070227_attempt1+26709294970_attempt1+26755468029_attempt1+26832707302_attempt1+26944523023_attempt1+27008365180_attempt1+27059341408_attempt1+27089462916_attempt1+27130700451_attempt1+27199408085_attempt1+27269618919_attempt1+27340390720_attempt1+27410119221_attempt1+27464308599_attempt1+27496226714_attempt1+27540844174_attempt1+27612222130_attempt1+27683808024_attempt1+27754758156_attempt1+27821835753_attempt1+27869277828_attempt1+27902430728_attempt1+27948683312_attempt1+28022420503_attempt1+28095005508_attempt1+28166886036_attempt1+28235383560_attempt1+28288053257_attempt1+28321073325_attempt1+28369678027_attempt1+28442123818_attempt1+28515647330_attempt1+28588281394_attempt1+28659365605_attempt1+28705739897_attempt1+28740396418_attempt1+28847404575_attempt1+28923778969_attempt1+29000291038_attempt1+29075660007_attempt1+29144058049_attempt1+29183942155_attempt1+29231728767_attempt1
classic_early_drop_down,classic_microstructure,1,d4_sp40_ov30_dep100_adv15_fix25_f100,,,,42,19,16,0.4523809523809524,0.38095238095238093,100.32784254507918,0.003278425450791822,0.02612398212629441,0.75,0.020490159067447614,1.0796859004412032,4,0.04,0.03,100.0,0.015,0.0025,0.01,-0.025060083955508183,-0.006445302195827729,0.2647058823529412,1.0,validation,68,29314482071_attempt1
classic_early_drop_down,classic_microstructure,1,d4_sp40_ov30_dep100_adv15_fix25_f100,,,,53,29,17,0.5471698113207547,0.32075471698113206,98.47352678954984,-0.015264732104501633,0.04474838485836263,0.7058823529411765,-0.089792541791185,0.6963520788108064,4,0.04,0.03,100.0,0.015,0.0025,0.01,-0.04474838485836263,-0.01679314304427909,0.36666666666666664,1.0,test,68,29397534768_attempt1
btc2_path_eff,alphaforge_interaction,2,d4_sp40_ov30_dep100_adv15_fix25_f100,0.85,0.2411090116832689,-0.2525550259117564,5458,2464,1167,0.45144741663613047,0.21381458409673873,114.74122961468345,0.1474122961468345,0.10081992785835403,0.8526135389888603,0.012631730603841592,1.0747225781823377,4,0.04,0.03,100.0,0.015,0.0025,0.01,-0.04553986440332214,0.001641345677215078,0.5597783933518006,1.0,train,68,24949259015_attempt1+24952032748_attempt1+24986940107_attempt1+25044896828_attempt1+25100490855_attempt1+25157440693_attempt1+25208977834_attempt1+25247789591_attempt1+25274678535_attempt1+25311264469_attempt1+25367630341_attempt1+25427145257_attempt1+25487949887_attempt1+25545252940_attempt1+25596809734_attempt1+25624592440_attempt1+25665168591_attempt1+25791429807_attempt1+25852951350_attempt1+25911485679_attempt1+25957739510_attempt1+25986690554_attempt1+26029755017_attempt1+26091905404_attempt1+26156603287_attempt1+26221008452_attempt1+26357456273_attempt1+26709070227_attempt1+26709294970_attempt1+26755468029_attempt1+26832707302_attempt1+26944523023_attempt1+27008365180_attempt1+27059341408_attempt1+27089462916_attempt1+27130700451_attempt1+27199408085_attempt1+27269618919_attempt1+27340390720_attempt1+27410119221_attempt1+27464308599_attempt1+27496226714_attempt1+27540844174_attempt1+27612222130_attempt1+27683808024_attempt1+27754758156_attempt1+27821835753_attempt1+27869277828_attempt1+27902430728_attempt1+27948683312_attempt1+28022420503_attempt1+28095005508_attempt1+28166886036_attempt1+28235383560_attempt1+28288053257_attempt1+28321073325_attempt1+28369678027_attempt1+28442123818_attempt1+28515647330_attempt1+28588281394_attempt1+28659365605_attempt1+28705739897_attempt1+28740396418_attempt1+28847404575_attempt1+28923778969_attempt1+29000291038_attempt1+29075660007_attempt1+29144058049_attempt1+29183942155_attempt1+29231728767_attempt1
btc2_path_eff,alphaforge_interaction,2,d4_sp40_ov30_dep100_adv15_fix25_f100,0.85,0.2411090116832689,-0.2525550259117564,75,39,20,0.52,0.26666666666666666,101.41458437355656,0.01414584373556571,0.01012461059190033,0.95,0.0707292186778261,2.3666624452524987,4,0.04,0.03,100.0,0.015,0.0025,0.01,-0.0035717136342634515,0.01174599154630973,0.5294117647058824,1.0,validation,68,29314482071_attempt1
btc2_path_eff,alphaforge_interaction,2,d4_sp40_ov30_dep100_adv15_fix25_f100,0.85,0.2411090116832689,-0.2525550259117564,71,36,20,0.5070422535211268,0.28169014084507044,100.51633371369222,0.005163337136922186,0.014462790646156336,0.9,0.02581668568461064,1.253885406456865,4,0.04,0.03,100.0,0.015,0.0025,0.01,-0.01446279064615641,-0.002912314211781064,0.43333333333333335,1.0,test,68,29397534768_attempt1
size_imbalance_uncertainty,alphaforge_interaction,2,d8_sp40_ov30_dep100_adv5_fix25_f100,0.95,0.7002013166822041,-0.703724874370778,1818,846,558,0.46534653465346537,0.3069306930693069,112.0545429398619,0.12054542939861901,0.33823577710190816,0.45878136200716846,0.021603123548139237,1.0336266309046935,8,0.04,0.03,100.0,0.005,0.0025,0.01,-0.04539334072025292,-0.003569866240837216,0.44349030470914125,0.9910803324099723,train,68,24949259015_attempt1+24952032748_attempt1+24986940107_attempt1+25044896828_attempt1+25100490855_attempt1+25157440693_attempt1+25208977834_attempt1+25247789591_attempt1+25274678535_attempt1+25311264469_attempt1+25367630341_attempt1+25427145257_attempt1+25487949887_attempt1+25545252940_attempt1+25596809734_attempt1+25624592440_attempt1+25665168591_attempt1+25791429807_attempt1+25852951350_attempt1+25911485679_attempt1+25957739510_attempt1+25986690554_attempt1+26029755017_attempt1+26091905404_attempt1+26156603287_attempt1+26221008452_attempt1+26357456273_attempt1+26709070227_attempt1+26709294970_attempt1+26755468029_attempt1+26832707302_attempt1+26944523023_attempt1+27008365180_attempt1+27059341408_attempt1+27089462916_attempt1+27130700451_attempt1+27199408085_attempt1+27269618919_attempt1+27340390720_attempt1+27410119221_attempt1+27464308599_attempt1+27496226714_attempt1+27540844174_attempt1+27612222130_attempt1+27683808024_attempt1+27754758156_attempt1+27821835753_attempt1+27869277828_attempt1+27902430728_attempt1+27948683312_attempt1+28022420503_attempt1+28095005508_attempt1+28166886036_attempt1+28235383560_attempt1+28288053257_attempt1+28321073325_attempt1+28369678027_attempt1+28442123818_attempt1+28515647330_attempt1+28588281394_attempt1+28659365605_attempt1+28705739897_attempt1+28740396418_attempt1+28847404575_attempt1+28923778969_attempt1+29000291038_attempt1+29075660007_attempt1+29144058049_attempt1+29183942155_attempt1+29231728767_attempt1
size_imbalance_uncertainty,alphaforge_interaction,2,d8_sp40_ov30_dep100_adv5_fix25_f100,0.95,0.7002013166822041,-0.703724874370778,24,14,13,0.5833333333333334,0.5416666666666666,103.14262615124477,0.03142626151244765,0.020761303282704507,0.46153846153846156,0.24174047317267608,1.4235522125594973,8,0.04,0.03,100.0,0.005,0.0025,0.01,-0.006787300829236398,0.02988748433257271,0.9509803921568627,1.0,validation,68,29314482071_attempt1
size_imbalance_uncertainty,alphaforge_interaction,2,d8_sp40_ov30_dep100_adv5_fix25_f100,0.95,0.7002013166822041,-0.703724874370778,22,15,7,0.6818181818181818,0.3181818181818182,97.30780503074375,-0.026921949692562452,0.03705038348287211,0.2857142857142857,-0.38459928132231935,0.47376229261250336,8,0.04,0.03,100.0,0.005,0.0025,0.01,-0.020056443237379318,-0.01712243986349471,0.25833333333333336,1.0,test,68,29397534768_attempt1
classic_early_drop_down,classic_microstructure,1,d4_sp40_ov30_dep300_adv15_fix25_f100,,,,4426,1324,857,0.2991414369633981,0.19362855851784908,131.00723083250062,0.3100723083250063,0.15350440810705526,0.7467911318553092,0.03618113282672163,1.1049954081304418,4,0.04,0.03,300.0,0.015,0.0025,0.01,-0.06042603313275352,0.002692320509903867,0.5723968297349002,0.9892320306094561,train,69,24949259015_attempt1+24952032748_attempt1+24986940107_attempt1+25044896828_attempt1+25100490855_attempt1+25157440693_attempt1+25208977834_attempt1+25247789591_attempt1+25274678535_attempt1+25311264469_attempt1+25367630341_attempt1+25427145257_attempt1+25487949887_attempt1+25545252940_attempt1+25596809734_attempt1+25624592440_attempt1+25665168591_attempt1+25791429807_attempt1+25852951350_attempt1+25911485679_attempt1+25957739510_attempt1+25986690554_attempt1+26029755017_attempt1+26091905404_attempt1+26156603287_attempt1+26221008452_attempt1+26357456273_attempt1+26709070227_attempt1+26709294970_attempt1+26755468029_attempt1+26832707302_attempt1+26944523023_attempt1+27008365180_attempt1+27059341408_attempt1+27089462916_attempt1+27130700451_attempt1+27199408085_attempt1+27269618919_attempt1+27340390720_attempt1+27410119221_attempt1+27464308599_attempt1+27496226714_attempt1+27540844174_attempt1+27612222130_attempt1+27683808024_attempt1+27754758156_attempt1+27821835753_attempt1+27869277828_attempt1+27902430728_attempt1+27948683312_attempt1+28022420503_attempt1+28095005508_attempt1+28166886036_attempt1+28235383560_attempt1+28288053257_attempt1+28321073325_attempt1+28369678027_attempt1+28442123818_attempt1+28515647330_attempt1+28588281394_attempt1+28659365605_attempt1+28705739897_attempt1+28740396418_attempt1+28847404575_attempt1+28923778969_attempt1+29000291038_attempt1+29075660007_attempt1+29144058049_attempt1+29183942155_attempt1+29231728767_attempt1+29314482071_attempt1
classic_early_drop_down,classic_microstructure,1,d4_sp40_ov30_dep300_adv15_fix25_f100,,,,53,24,15,0.4528301886792453,0.2830188679245283,100.33395802732694,0.0033395802732694158,0.022842708926129867,0.8,0.022263868488464178,1.1094678653817227,4,0.04,0.03,300.0,0.015,0.0025,0.01,-0.022012794514532974,-0.0005799355678038354,0.5,1.0,validation,69,29397534768_attempt1
classic_early_drop_down,classic_microstructure,1,d4_sp40_ov30_dep300_adv15_fix25_f100,,,,70,27,17,0.38571428571428573,0.24285714285714285,100.00435539860042,4.355398600419669e-05,0.03030929150068886,0.7058823529411765,0.00025619991767181053,1.0008441042451863,4,0.04,0.03,300.0,0.015,0.0025,0.01,-0.03030929150068873,-0.01506198290366334,0.3018867924528302,1.0,test,69,29480427148_attempt1
btc2_path_eff,alphaforge_interaction,2,d4_sp40_ov30_dep100_adv15_fix25_f200,0.9,0.367713560960663,-0.38505411353819874,3688,1643,1074,0.44549891540130154,0.29121475054229934,125.07724826737767,0.2507724826737767,0.159514541887394,0.8836126629422719,0.02334939317260509,1.0770305167584326,4,0.04,0.03,100.0,0.015,0.0025,0.02,-0.08520306489840224,0.0009308624154529266,0.5232577206887128,1.0,train,69,24949259015_attempt1+24952032748_attempt1+24986940107_attempt1+25044896828_attempt1+25100490855_attempt1+25157440693_attempt1+25208977834_attempt1+25247789591_attempt1+25274678535_attempt1+25311264469_attempt1+25367630341_attempt1+25427145257_attempt1+25487949887_attempt1+25545252940_attempt1+25596809734_attempt1+25624592440_attempt1+25665168591_attempt1+25791429807_attempt1+25852951350_attempt1+25911485679_attempt1+25957739510_attempt1+25986690554_attempt1+26029755017_attempt1+26091905404_attempt1+26156603287_attempt1+26221008452_attempt1+26357456273_attempt1+26709070227_attempt1+26709294970_attempt1+26755468029_attempt1+26832707302_attempt1+26944523023_attempt1+27008365180_attempt1+27059341408_attempt1+27089462916_attempt1+27130700451_attempt1+27199408085_attempt1+27269618919_attempt1+27340390720_attempt1+27410119221_attempt1+27464308599_attempt1+27496226714_attempt1+27540844174_attempt1+27612222130_attempt1+27683808024_attempt1+27754758156_attempt1+27821835753_attempt1+27869277828_attempt1+27902430728_attempt1+27948683312_attempt1+28022420503_attempt1+28095005508_attempt1+28166886036_attempt1+28235383560_attempt1+28288053257_attempt1+28321073325_attempt1+28369678027_attempt1+28442123818_attempt1+28515647330_attempt1+28588281394_attempt1+28659365605_attempt1+28705739897_attempt1+28740396418_attempt1+28847404575_attempt1+28923778969_attempt1+29000291038_attempt1+29075660007_attempt1+29144058049_attempt1+29183942155_attempt1+29231728767_attempt1+29314482071_attempt1
btc2_path_eff,alphaforge_interaction,2,d4_sp40_ov30_dep100_adv15_fix25_f200,0.9,0.367713560960663,-0.38505411353819874,49,24,19,0.4897959183673469,0.3877551020408163,104.59316580870961,0.045931658087096094,0.0,1.0,0.24174556887945242,,4,0.04,0.03,100.0,0.015,0.0025,0.02,0.00915598857489952,0.01716227807950843,1.0,1.0,validation,69,29397534768_attempt1
btc2_path_eff,alphaforge_interaction,2,d4_sp40_ov30_dep100_adv15_fix25_f200,0.9,0.367713560960663,-0.38505411353819874,54,29,20,0.5370370370370371,0.37037037037037035,99.53891100914524,-0.004610889908547633,0.03883881936268406,0.9,-0.023054449542738536,0.8864587776512769,4,0.04,0.03,100.0,0.015,0.0025,0.02,-0.03029484616260436,-0.027325701589560936,0.33962264150943394,1.0,test,69,29480427148_attempt1
size_imbalance_uncertainty,alphaforge_interaction,2,d8_sp40_ov30_dep300_adv15_fix25_f100,0.95,0.7004164580140841,-0.7034078228981605,1842,569,424,0.30890336590662326,0.2301845819761129,118.89070982348936,0.1889070982348935,0.18539144842621366,0.47641509433962265,0.044553560904456085,1.073149289519865,8,0.04,0.03,300.0,0.015,0.0025,0.01,-0.050143443126469456,0.0,0.48275485105220006,0.9411861164252528,train,69,24949259015_attempt1+24952032748_attempt1+24986940107_attempt1+25044896828_attempt1+25100490855_attempt1+25157440693_attempt1+25208977834_attempt1+25247789591_attempt1+25274678535_attempt1+25311264469_attempt1+25367630341_attempt1+25427145257_attempt1+25487949887_attempt1+25545252940_attempt1+25596809734_attempt1+25624592440_attempt1+25665168591_attempt1+25791429807_attempt1+25852951350_attempt1+25911485679_attempt1+25957739510_attempt1+25986690554_attempt1+26029755017_attempt1+26091905404_attempt1+26156603287_attempt1+26221008452_attempt1+26357456273_attempt1+26709070227_attempt1+26709294970_attempt1+26755468029_attempt1+26832707302_attempt1+26944523023_attempt1+27008365180_attempt1+27059341408_attempt1+27089462916_attempt1+27130700451_attempt1+27199408085_attempt1+27269618919_attempt1+27340390720_attempt1+27410119221_attempt1+27464308599_attempt1+27496226714_attempt1+27540844174_attempt1+27612222130_attempt1+27683808024_attempt1+27754758156_attempt1+27821835753_attempt1+27869277828_attempt1+27902430728_attempt1+27948683312_attempt1+28022420503_attempt1+28095005508_attempt1+28166886036_attempt1+28235383560_attempt1+28288053257_attempt1+28321073325_attempt1+28369678027_attempt1+28442123818_attempt1+28515647330_attempt1+28588281394_attempt1+28659365605_attempt1+28705739897_attempt1+28740396418_attempt1+28847404575_attempt1+28923778969_attempt1+29000291038_attempt1+29075660007_attempt1+29144058049_attempt1+29183942155_attempt1+29231728767_attempt1+29314482071_attempt1
size_imbalance_uncertainty,alphaforge_interaction,2,d8_sp40_ov30_dep300_adv15_fix25_f100,0.95,0.7004164580140841,-0.7034078228981605,22,10,6,0.45454545454545453,0.2727272727272727,100.62099577980659,0.006209957798065879,0.030296157946711588,0.5,0.10349929663443125,1.2028415781334914,8,0.04,0.03,300.0,0.015,0.0025,0.01,-0.020266937842973953,-0.005100271589870753,0.16666666666666666,0.8,validation,69,29397534768_attempt1
size_imbalance_uncertainty,alphaforge_interaction,2,d8_sp40_ov30_dep300_adv15_fix25_f100,0.95,0.7004164580140841,-0.7034078228981605,11,5,3,0.45454545454545453,0.2727272727272727,99.0828008118437,-0.009171991881563035,0.02034535031847129,0.3333333333333333,-0.3057330627187698,0.5542686106677036,8,0.04,0.03,300.0,0.015,0.0025,0.01,-0.0203453503184714,-0.009171991881563257,0.0,0.9528301886792453,test,69,29480427148_attempt1
classic_early_drop_down,classic_microstructure,1,d8_sp40_ov30_dep300_adv15_fix25_f100,,,,4479,1210,840,0.2701495869613753,0.18754186202277295,91.66802012682632,-0.08331979873173678,0.17743993879983685,0.6988095238095238,-0.009919023658540086,0.9652389764694644,8,0.04,0.03,300.0,0.015,0.0025,0.01,-0.05290121528643066,-0.0004242790186920753,0.4754822717965298,0.9789848043970255,train,70,24949259015_attempt1+24952032748_attempt1+24986940107_attempt1+25044896828_attempt1+25100490855_attempt1+25157440693_attempt1+25208977834_attempt1+25247789591_attempt1+25274678535_attempt1+25311264469_attempt1+25367630341_attempt1+25427145257_attempt1+25487949887_attempt1+25545252940_attempt1+25596809734_attempt1+25624592440_attempt1+25665168591_attempt1+25791429807_attempt1+25852951350_attempt1+25911485679_attempt1+25957739510_attempt1+25986690554_attempt1+26029755017_attempt1+26091905404_attempt1+26156603287_attempt1+26221008452_attempt1+26357456273_attempt1+26709070227_attempt1+26709294970_attempt1+26755468029_attempt1+26832707302_attempt1+26944523023_attempt1+27008365180_attempt1+27059341408_attempt1+27089462916_attempt1+27130700451_attempt1+27199408085_attempt1+27269618919_attempt1+27340390720_attempt1+27410119221_attempt1+27464308599_attempt1+27496226714_attempt1+27540844174_attempt1+27612222130_attempt1+27683808024_attempt1+27754758156_attempt1+27821835753_attempt1+27869277828_attempt1+27902430728_attempt1+27948683312_attempt1+28022420503_attempt1+28095005508_attempt1+28166886036_attempt1+28235383560_attempt1+28288053257_attempt1+28321073325_attempt1+28369678027_attempt1+28442123818_attempt1+28515647330_attempt1+28588281394_attempt1+28659365605_attempt1+28705739897_attempt1+28740396418_attempt1+28847404575_attempt1+28923778969_attempt1+29000291038_attempt1+29075660007_attempt1+29144058049_attempt1+29183942155_attempt1+29231728767_attempt1+29314482071_attempt1+29397534768_attempt1
classic_early_drop_down,classic_microstructure,1,d8_sp40_ov30_dep300_adv15_fix25_f100,,,,70,22,17,0.3142857142857143,0.24285714285714285,100.66415838670869,0.00664158386708702,0.018635499885130354,0.7647058823529411,0.03906814039462643,1.1618467052881074,8,0.04,0.03,300.0,0.015,0.0025,0.01,-0.00881702826261288,0.003129997723541056,0.8207547169811321,1.0,validation,70,29480427148_attempt1
classic_early_drop_down,classic_microstructure,1,d8_sp40_ov30_dep300_adv15_fix25_f100,,,,39,12,12,0.3076923076923077,0.3076923076923077,102.47682199387175,0.024768219938717584,0.01016877637130804,0.9166666666666666,0.20640183282264715,3.435712915135305,8,0.04,0.03,300.0,0.015,0.0025,0.01,0.017512495589755206,0.030194786752663516,1.0,1.0,test,70,29563821720_attempt1
btc2_path_eff,alphaforge_interaction,2,d4_sp40_ov30_dep100_adv5_fix25_f100,0.85,0.2395238186892698,-0.2533155941164832,5612,1925,1136,0.3430149679258731,0.20242337847469707,95.42470343370942,-0.045752965662905765,0.18324904294265928,0.8362676056338029,-0.004027549794269733,0.9762782315336811,4,0.04,0.03,100.0,0.005,0.0025,0.01,-0.04646829149083309,0.0003016757449403329,0.5040952688867335,1.0,train,70,24949259015_attempt1+24952032748_attempt1+24986940107_attempt1+25044896828_attempt1+25100490855_attempt1+25157440693_attempt1+25208977834_attempt1+25247789591_attempt1+25274678535_attempt1+25311264469_attempt1+25367630341_attempt1+25427145257_attempt1+25487949887_attempt1+25545252940_attempt1+25596809734_attempt1+25624592440_attempt1+25665168591_attempt1+25791429807_attempt1+25852951350_attempt1+25911485679_attempt1+25957739510_attempt1+25986690554_attempt1+26029755017_attempt1+26091905404_attempt1+26156603287_attempt1+26221008452_attempt1+26357456273_attempt1+26709070227_attempt1+26709294970_attempt1+26755468029_attempt1+26832707302_attempt1+26944523023_attempt1+27008365180_attempt1+27059341408_attempt1+27089462916_attempt1+27130700451_attempt1+27199408085_attempt1+27269618919_attempt1+27340390720_attempt1+27410119221_attempt1+27464308599_attempt1+27496226714_attempt1+27540844174_attempt1+27612222130_attempt1+27683808024_attempt1+27754758156_attempt1+27821835753_attempt1+27869277828_attempt1+27902430728_attempt1+27948683312_attempt1+28022420503_attempt1+28095005508_attempt1+28166886036_attempt1+28235383560_attempt1+28288053257_attempt1+28321073325_attempt1+28369678027_attempt1+28442123818_attempt1+28515647330_attempt1+28588281394_attempt1+28659365605_attempt1+28705739897_attempt1+28740396418_attempt1+28847404575_attempt1+28923778969_attempt1+29000291038_attempt1+29075660007_attempt1+29144058049_attempt1+29183942155_attempt1+29231728767_attempt1+29314482071_attempt1+29397534768_attempt1
btc2_path_eff,alphaforge_interaction,2,d4_sp40_ov30_dep100_adv5_fix25_f100,0.85,0.2395238186892698,-0.2533155941164832,85,36,20,0.4235294117647059,0.23529411764705882,101.8790816725912,0.018790816725911874,0.010106100795755933,0.95,0.09395408362956043,2.828052055406096,4,0.04,0.03,100.0,0.005,0.0025,0.01,-0.004665784310430077,0.003459229889759108,0.7169811320754716,1.0,validation,70,29480427148_attempt1
btc2_path_eff,alphaforge_interaction,2,d4_sp40_ov30_dep100_adv5_fix25_f100,0.85,0.2395238186892698,-0.2533155941164832,67,25,19,0.373134328358209,0.2835820895522388,99.48688980097434,-0.00513110199025657,0.017975754155150677,0.8421052631578947,-0.027005799948720287,0.8310873835985512,4,0.04,0.03,100.0,0.005,0.0025,0.01,-0.015021847151326706,0.0012546383148330786,0.5701754385964912,1.0,test,70,29563821720_attempt1
size_imbalance_uncertainty,alphaforge_interaction,2,d8_sp40_ov30_dep100_adv5_fix75_f200,0.95,0.7007024712454424,-0.7027503113325031,1868,878,577,0.47002141327623126,0.3088865096359743,98.07647580657236,-0.019235241934276393,0.6057815768623372,0.4558058925476603,-0.0033336641133927757,0.9975259166750947,8,0.04,0.03,100.0,0.005,0.0075,0.02,-0.0906362949059012,-0.008793015452800979,0.43679275784028454,0.9928871645651471,train,70,24949259015_attempt1+24952032748_attempt1+24986940107_attempt1+25044896828_attempt1+25100490855_attempt1+25157440693_attempt1+25208977834_attempt1+25247789591_attempt1+25274678535_attempt1+25311264469_attempt1+25367630341_attempt1+25427145257_attempt1+25487949887_attempt1+25545252940_attempt1+25596809734_attempt1+25624592440_attempt1+25665168591_attempt1+25791429807_attempt1+25852951350_attempt1+25911485679_attempt1+25957739510_attempt1+25986690554_attempt1+26029755017_attempt1+26091905404_attempt1+26156603287_attempt1+26221008452_attempt1+26357456273_attempt1+26709070227_attempt1+26709294970_attempt1+26755468029_attempt1+26832707302_attempt1+26944523023_attempt1+27008365180_attempt1+27059341408_attempt1+27089462916_attempt1+27130700451_attempt1+27199408085_attempt1+27269618919_attempt1+27340390720_attempt1+27410119221_attempt1+27464308599_attempt1+27496226714_attempt1+27540844174_attempt1+27612222130_attempt1+27683808024_attempt1+27754758156_attempt1+27821835753_attempt1+27869277828_attempt1+27902430728_attempt1+27948683312_attempt1+28022420503_attempt1+28095005508_attempt1+28166886036_attempt1+28235383560_attempt1+28288053257_attempt1+28321073325_attempt1+28369678027_attempt1+28442123818_attempt1+28515647330_attempt1+28588281394_attempt1+28659365605_attempt1+28705739897_attempt1+28740396418_attempt1+28847404575_attempt1+28923778969_attempt1+29000291038_attempt1+29075660007_attempt1+29144058049_attempt1+29183942155_attempt1+29231728767_attempt1+29314482071_attempt1+29397534768_attempt1
size_imbalance_uncertainty,alphaforge_interaction,2,d8_sp40_ov30_dep100_adv5_fix75_f200,0.95,0.7007024712454424,-0.7027503113325031,11,7,7,0.6363636363636364,0.6363636363636364,118.29111783597061,0.18291117835970616,0.020503144654088097,0.7142857142857143,2.6130168337100907,5.123386832635249,8,0.04,0.03,100.0,0.005,0.0075,0.02,0.06147498039215704,0.14853202698306878,1.0,1.0,validation,70,29480427148_attempt1
size_imbalance_uncertainty,alphaforge_interaction,2,d8_sp40_ov30_dep100_adv5_fix75_f200,0.95,0.7007024712454424,-0.7027503113325031,23,9,5,0.391304347826087,0.21739130434782608,94.68963008006565,-0.053103699199343435,0.07942206232549796,0.2,-1.0620739839868694,0.34995749148038696,8,0.04,0.03,100.0,0.005,0.0075,0.02,-0.06015222749296367,-0.040491125399931605,0.0,1.0,test,70,29563821720_attempt1
classic_early_drop_down,classic_microstructure,1,d8_sp40_ov30_dep300_adv15_fix25_f100,,,,4549,1232,856,0.2708287535722137,0.18817322488459,90.56064482518327,-0.09439355174816721,0.17743993879983685,0.6985981308411215,-0.01102728408272979,0.9613685268161621,8,0.04,0.03,300.0,0.015,0.0025,0.01,-0.05290121528643066,-0.000362359234010623,0.4760993247195193,0.9792630403573138,train,71,24949259015_attempt1+24952032748_attempt1+24986940107_attempt1+25044896828_attempt1+25100490855_attempt1+25157440693_attempt1+25208977834_attempt1+25247789591_attempt1+25274678535_attempt1+25311264469_attempt1+25367630341_attempt1+25427145257_attempt1+25487949887_attempt1+25545252940_attempt1+25596809734_attempt1+25624592440_attempt1+25665168591_attempt1+25791429807_attempt1+25852951350_attempt1+25911485679_attempt1+25957739510_attempt1+25986690554_attempt1+26029755017_attempt1+26091905404_attempt1+26156603287_attempt1+26221008452_attempt1+26357456273_attempt1+26709070227_attempt1+26709294970_attempt1+26755468029_attempt1+26832707302_attempt1+26944523023_attempt1+27008365180_attempt1+27059341408_attempt1+27089462916_attempt1+27130700451_attempt1+27199408085_attempt1+27269618919_attempt1+27340390720_attempt1+27410119221_attempt1+27464308599_attempt1+27496226714_attempt1+27540844174_attempt1+27612222130_attempt1+27683808024_attempt1+27754758156_attempt1+27821835753_attempt1+27869277828_attempt1+27902430728_attempt1+27948683312_attempt1+28022420503_attempt1+28095005508_attempt1+28166886036_attempt1+28235383560_attempt1+28288053257_attempt1+28321073325_attempt1+28369678027_attempt1+28442123818_attempt1+28515647330_attempt1+28588281394_attempt1+28659365605_attempt1+28705739897_attempt1+28740396418_attempt1+28847404575_attempt1+28923778969_attempt1+29000291038_attempt1+29075660007_attempt1+29144058049_attempt1+29183942155_attempt1+29231728767_attempt1+29314482071_attempt1+29397534768_attempt1+29480427148_attempt1
classic_early_drop_down,classic_microstructure,1,d8_sp40_ov30_dep300_adv15_fix25_f100,,,,39,12,12,0.3076923076923077,0.3076923076923077,102.47682199387175,0.024768219938717584,0.01016877637130804,0.9166666666666666,0.20640183282264715,3.435712915135305,8,0.04,0.03,300.0,0.015,0.0025,0.01,0.017512495589755206,0.030194786752663516,1.0,1.0,validation,71,29563821720_attempt1
classic_early_drop_down,classic_microstructure,1,d8_sp40_ov30_dep300_adv15_fix25_f100,,,,15,3,3,0.2,0.2,99.54405669507439,-0.004559433049256101,0.010158102766798467,0.6666666666666666,-0.15198110164187012,0.5525652583756814,8,0.04,0.03,300.0,0.015,0.0025,0.01,-0.007691304347826167,-0.007034017044633689,0.14166666666666666,1.0,test,71,29636284636_attempt1
btc2_path_eff,alphaforge_interaction,2,d8_sp40_ov30_dep100_adv15_fix25_f200,0.9,0.3670727948447561,-0.38537118260769515,3790,1515,1057,0.3997361477572559,0.27889182058047496,147.4423495487603,0.474423495487603,0.1907689485190824,0.8845789971617786,0.04488396362228981,1.135563774596522,8,0.04,0.03,100.0,0.015,0.0025,0.02,-0.09036001798696236,0.0019242406747881358,0.5401180411548892,1.0,train,71,24949259015_attempt1+24952032748_attempt1+24986940107_attempt1+25044896828_attempt1+25100490855_attempt1+25157440693_attempt1+25208977834_attempt1+25247789591_attempt1+25274678535_attempt1+25311264469_attempt1+25367630341_attempt1+25427145257_attempt1+25487949887_attempt1+25545252940_attempt1+25596809734_attempt1+25624592440_attempt1+25665168591_attempt1+25791429807_attempt1+25852951350_attempt1+25911485679_attempt1+25957739510_attempt1+25986690554_attempt1+26029755017_attempt1+26091905404_attempt1+26156603287_attempt1+26221008452_attempt1+26357456273_attempt1+26709070227_attempt1+26709294970_attempt1+26755468029_attempt1+26832707302_attempt1+26944523023_attempt1+27008365180_attempt1+27059341408_attempt1+27089462916_attempt1+27130700451_attempt1+27199408085_attempt1+27269618919_attempt1+27340390720_attempt1+27410119221_attempt1+27464308599_attempt1+27496226714_attempt1+27540844174_attempt1+27612222130_attempt1+27683808024_attempt1+27754758156_attempt1+27821835753_attempt1+27869277828_attempt1+27902430728_attempt1+27948683312_attempt1+28022420503_attempt1+28095005508_attempt1+28166886036_attempt1+28235383560_attempt1+28288053257_attempt1+28321073325_attempt1+28369678027_attempt1+28442123818_attempt1+28515647330_attempt1+28588281394_attempt1+28659365605_attempt1+28705739897_attempt1+28740396418_attempt1+28847404575_attempt1+28923778969_attempt1+29000291038_attempt1+29075660007_attempt1+29144058049_attempt1+29183942155_attempt1+29231728767_attempt1+29314482071_attempt1+29397534768_attempt1+29480427148_attempt1
btc2_path_eff,alphaforge_interaction,2,d8_sp40_ov30_dep100_adv15_fix25_f200,0.9,0.3670727948447561,-0.38537118260769515,38,17,16,0.4473684210526316,0.42105263157894735,106.35981430138607,0.06359814301386058,0.0,1.0,0.39748839383663015,,8,0.04,0.03,100.0,0.015,0.0025,0.02,0.012046736751168297,0.02680895629079072,1.0,1.0,validation,71,29563821720_attempt1
btc2_path_eff,alphaforge_interaction,2,d8_sp40_ov30_dep100_adv15_fix25_f200,0.9,0.3670727948447561,-0.38537118260769515,33,7,7,0.21212121212121213,0.21212121212121213,97.75744521230529,-0.02242554787694717,0.038889447661782414,0.7142857142857143,-0.3203649696706748,0.4407280294500736,8,0.04,0.03,100.0,0.015,0.0025,0.02,-0.03063153028068155,-0.011840907550851099,0.25833333333333336,1.0,test,71,29636284636_attempt1
size_imbalance_uncertainty,alphaforge_interaction,2,d4_sp40_ov30_dep300_adv5_fix25_f100,0.95,0.7001247575165317,-0.7004063934781208,1894,637,450,0.336325237592397,0.2375923970432946,84.2553769919921,-0.15744623008007907,0.31556358743992546,0.45111111111111113,-0.03498805112890614,0.9292146603457037,4,0.04,0.03,300.0,0.005,0.0025,0.01,-0.05982164267091816,-0.0035585679198942843,0.39825596852235867,0.9690009039187537,train,71,24949259015_attempt1+24952032748_attempt1+24986940107_attempt1+25044896828_attempt1+25100490855_attempt1+25157440693_attempt1+25208977834_attempt1+25247789591_attempt1+25274678535_attempt1+25311264469_attempt1+25367630341_attempt1+25427145257_attempt1+25487949887_attempt1+25545252940_attempt1+25596809734_attempt1+25624592440_attempt1+25665168591_attempt1+25791429807_attempt1+25852951350_attempt1+25911485679_attempt1+25957739510_attempt1+25986690554_attempt1+26029755017_attempt1+26091905404_attempt1+26156603287_attempt1+26221008452_attempt1+26357456273_attempt1+26709070227_attempt1+26709294970_attempt1+26755468029_attempt1+26832707302_attempt1+26944523023_attempt1+27008365180_attempt1+27059341408_attempt1+27089462916_attempt1+27130700451_attempt1+27199408085_attempt1+27269618919_attempt1+27340390720_attempt1+27410119221_attempt1+27464308599_attempt1+27496226714_attempt1+27540844174_attempt1+27612222130_attempt1+27683808024_attempt1+27754758156_attempt1+27821835753_attempt1+27869277828_attempt1+27902430728_attempt1+27948683312_attempt1+28022420503_attempt1+28095005508_attempt1+28166886036_attempt1+28235383560_attempt1+28288053257_attempt1+28321073325_attempt1+28369678027_attempt1+28442123818_attempt1+28515647330_attempt1+28588281394_attempt1+28659365605_attempt1+28705739897_attempt1+28740396418_attempt1+28847404575_attempt1+28923778969_attempt1+29000291038_attempt1+29075660007_attempt1+29144058049_attempt1+29183942155_attempt1+29231728767_attempt1+29314482071_attempt1+29397534768_attempt1+29480427148_attempt1
size_imbalance_uncertainty,alphaforge_interaction,2,d4_sp40_ov30_dep300_adv5_fix25_f100,0.95,0.7001247575165317,-0.7004063934781208,23,7,6,0.30434782608695654,0.2608695652173913,98.26013035902902,-0.017398696409709813,0.03038685030775863,0.3333333333333333,-0.28997827349516236,0.5724822651056326,4,0.04,0.03,300.0,0.005,0.0025,0.01,-0.02034692751521272,-0.016763151872436155,0.0,1.0,validation,71,29563821720_attempt1
size_imbalance_uncertainty,alphaforge_interaction,2,d4_sp40_ov30_dep300_adv5_fix25_f100,0.95,0.7001247575165317,-0.7004063934781208,22,5,2,0.22727272727272727,0.09090909090909091,97.95692151351352,-0.020430784864864826,0.02043078486486479,0.0,-1.0215392432432433,0.0,4,0.04,0.03,300.0,0.005,0.0025,0.01,-0.010319999999999996,-0.010216216216216267,0.0,0.8583333333333333,test,71,29636284636_attempt1
classic_early_drop_down,classic_microstructure,1,d4_sp40_ov30_dep100_adv15_fix25_f200,,,,4588,2101,1113,0.4579337401918047,0.2425893635571055,190.46528103541863,0.9046528103541862,0.21089770100956615,0.7502246181491464,0.08128057595275728,1.1016486603578635,4,0.04,0.03,100.0,0.015,0.0025,0.02,-0.09395257479380847,0.006264162057147971,0.57920688208141,1.0,train,72,24949259015_attempt1+24952032748_attempt1+24986940107_attempt1+25044896828_attempt1+25100490855_attempt1+25157440693_attempt1+25208977834_attempt1+25247789591_attempt1+25274678535_attempt1+25311264469_attempt1+25367630341_attempt1+25427145257_attempt1+25487949887_attempt1+25545252940_attempt1+25596809734_attempt1+25624592440_attempt1+25665168591_attempt1+25791429807_attempt1+25852951350_attempt1+25911485679_attempt1+25957739510_attempt1+25986690554_attempt1+26029755017_attempt1+26091905404_attempt1+26156603287_attempt1+26221008452_attempt1+26357456273_attempt1+26709070227_attempt1+26709294970_attempt1+26755468029_attempt1+26832707302_attempt1+26944523023_attempt1+27008365180_attempt1+27059341408_attempt1+27089462916_attempt1+27130700451_attempt1+27199408085_attempt1+27269618919_attempt1+27340390720_attempt1+27410119221_attempt1+27464308599_attempt1+27496226714_attempt1+27540844174_attempt1+27612222130_attempt1+27683808024_attempt1+27754758156_attempt1+27821835753_attempt1+27869277828_attempt1+27902430728_attempt1+27948683312_attempt1+28022420503_attempt1+28095005508_attempt1+28166886036_attempt1+28235383560_attempt1+28288053257_attempt1+28321073325_attempt1+28369678027_attempt1+28442123818_attempt1+28515647330_attempt1+28588281394_attempt1+28659365605_attempt1+28705739897_attempt1+28740396418_attempt1+28847404575_attempt1+28923778969_attempt1+29000291038_attempt1+29075660007_attempt1+29144058049_attempt1+29183942155_attempt1+29231728767_attempt1+29314482071_attempt1+29397534768_attempt1+29480427148_attempt1+29563821720_attempt1
classic_early_drop_down,classic_microstructure,1,d4_sp40_ov30_dep100_adv15_fix25_f200,,,,15,7,7,0.4666666666666667,0.4666666666666667,103.69910735727511,0.036991073572751,0.0,1.0,0.5284439081821583,,4,0.04,0.03,100.0,0.015,0.0025,0.02,0.007789473684210568,0.018200219676312024,1.0,1.0,validation,72,29636284636_attempt1
classic_early_drop_down,classic_microstructure,1,d4_sp40_ov30_dep100_adv15_fix25_f200,,,,51,17,12,0.3333333333333333,0.23529411764705882,99.95503043390077,-0.00044969566099228864,0.04639285941711782,0.75,-0.003747463841602553,0.9925334065231969,4,0.04,0.03,100.0,0.015,0.0025,0.02,-0.04070248238150853,-0.024992434181224765,0.24793388429752067,1.0,test,72,29678766108_attempt1
btc2_path_eff,alphaforge_interaction,2,d8_sp40_ov30_dep100_adv5_fix25_f100,0.85,0.2393972486622612,-0.2533953868373938,5762,1857,1148,0.32228392919125304,0.19923637625824367,114.84062566384597,0.14840625663845963,0.1112968420758938,0.8388501742160279,0.012927374271642809,1.0719492721220092,8,0.04,0.03,100.0,0.005,0.0025,0.01,-0.04549476243639683,0.0022202361624916733,0.5729122954259337,1.0,train,72,24949259015_attempt1+24952032748_attempt1+24986940107_attempt1+25044896828_attempt1+25100490855_attempt1+25157440693_attempt1+25208977834_attempt1+25247789591_attempt1+25274678535_attempt1+25311264469_attempt1+25367630341_attempt1+25427145257_attempt1+25487949887_attempt1+25545252940_attempt1+25596809734_attempt1+25624592440_attempt1+25665168591_attempt1+25791429807_attempt1+25852951350_attempt1+25911485679_attempt1+25957739510_attempt1+25986690554_attempt1+26029755017_attempt1+26091905404_attempt1+26156603287_attempt1+26221008452_attempt1+26357456273_attempt1+26709070227_attempt1+26709294970_attempt1+26755468029_attempt1+26832707302_attempt1+26944523023_attempt1+27008365180_attempt1+27059341408_attempt1+27089462916_attempt1+27130700451_attempt1+27199408085_attempt1+27269618919_attempt1+27340390720_attempt1+27410119221_attempt1+27464308599_attempt1+27496226714_attempt1+27540844174_attempt1+27612222130_attempt1+27683808024_attempt1+27754758156_attempt1+27821835753_attempt1+27869277828_attempt1+27902430728_attempt1+27948683312_attempt1+28022420503_attempt1+28095005508_attempt1+28166886036_attempt1+28235383560_attempt1+28288053257_attempt1+28321073325_attempt1+28369678027_attempt1+28442123818_attempt1+28515647330_attempt1+28588281394_attempt1+28659365605_attempt1+28705739897_attempt1+28740396418_attempt1+28847404575_attempt1+28923778969_attempt1+29000291038_attempt1+29075660007_attempt1+29144058049_attempt1+29183942155_attempt1+29231728767_attempt1+29314482071_attempt1+29397534768_attempt1+29480427148_attempt1+29563821720_attempt1
btc2_path_eff,alphaforge_interaction,2,d8_sp40_ov30_dep100_adv5_fix25_f100,0.85,0.2393972486622612,-0.2533953868373938,56,8,8,0.14285714285714285,0.14285714285714285,101.17089570102684,0.011708957010268417,0.01012461059190033,0.875,0.14636196262835693,2.1507958372151537,8,0.04,0.03,100.0,0.005,0.0025,0.01,0.003589904117950349,0.008551046662835349,1.0,1.0,validation,72,29636284636_attempt1
btc2_path_eff,alphaforge_interaction,2,d8_sp40_ov30_dep100_adv5_fix25_f100,0.85,0.2393972486622612,-0.2533953868373938,86,21,15,0.2441860465116279,0.1744186046511628,98.70992731559109,-0.012900726844089161,0.02018881767017445,0.8,-0.08600484562725846,0.5733459843488568,8,0.04,0.03,100.0,0.005,0.0025,0.01,-0.02018881767017444,-0.012159296337319492,0.0,1.0,test,72,29678766108_attempt1
size_imbalance_uncertainty,alphaforge_interaction,2,d8_sp40_ov30_dep100_adv5_fix25_f100,0.95,0.6999060092124539,-0.7004484518824562,1918,901,592,0.4697601668404588,0.3086548488008342,114.77085462194579,0.14770854621945784,0.37091012866462486,0.4543918918918919,0.024950767942475728,1.0392010530257891,8,0.04,0.03,100.0,0.005,0.0025,0.01,-0.05010691779045062,-0.0033760892552818778,0.44607637431808644,0.9934431389005456,train,72,24949259015_attempt1+24952032748_attempt1+24986940107_attempt1+25044896828_attempt1+25100490855_attempt1+25157440693_attempt1+25208977834_attempt1+25247789591_attempt1+25274678535_attempt1+25311264469_attempt1+25367630341_attempt1+25427145257_attempt1+25487949887_attempt1+25545252940_attempt1+25596809734_attempt1+25624592440_attempt1+25665168591_attempt1+25791429807_attempt1+25852951350_attempt1+25911485679_attempt1+25957739510_attempt1+25986690554_attempt1+26029755017_attempt1+26091905404_attempt1+26156603287_attempt1+26221008452_attempt1+26357456273_attempt1+26709070227_attempt1+26709294970_attempt1+26755468029_attempt1+26832707302_attempt1+26944523023_attempt1+27008365180_attempt1+27059341408_attempt1+27089462916_attempt1+27130700451_attempt1+27199408085_attempt1+27269618919_attempt1+27340390720_attempt1+27410119221_attempt1+27464308599_attempt1+27496226714_attempt1+27540844174_attempt1+27612222130_attempt1+27683808024_attempt1+27754758156_attempt1+27821835753_attempt1+27869277828_attempt1+27902430728_attempt1+27948683312_attempt1+28022420503_attempt1+28095005508_attempt1+28166886036_attempt1+28235383560_attempt1+28288053257_attempt1+28321073325_attempt1+28369678027_attempt1+28442123818_attempt1+28515647330_attempt1+28588281394_attempt1+28659365605_attempt1+28705739897_attempt1+28740396418_attempt1+28847404575_attempt1+28923778969_attempt1+29000291038_attempt1+29075660007_attempt1+29144058049_attempt1+29183942155_attempt1+29231728767_attempt1+29314482071_attempt1+29397534768_attempt1+29480427148_attempt1+29563821720_attempt1
size_imbalance_uncertainty,alphaforge_interaction,2,d8_sp40_ov30_dep100_adv5_fix25_f100,0.95,0.6999060092124539,-0.7004484518824562,22,12,11,0.5454545454545454,0.5,101.88081004409524,0.01880810044095238,0.020307182597231296,0.5454545454545454,0.17098273128138541,1.3560198392503278,8,0.04,0.03,100.0,0.005,0.0025,0.01,-0.017104830364456314,0.013942761298922468,0.7416666666666667,1.0,validation,72,29636284636_attempt1
size_imbalance_uncertainty,alphaforge_interaction,2,d8_sp40_ov30_dep100_adv5_fix25_f100,0.95,0.6999060092124539,-0.7004484518824562,21,6,4,0.2857142857142857,0.19047619047619047,98.25311584524931,-0.01746884154750683,0.030491237353469165,0.25,-0.4367210386876707,0.4346798522827506,8,0.04,0.03,100.0,0.005,0.0025,0.01,-0.020425262464309202,-0.010275862068965469,0.0,0.9421487603305785,test,72,29678766108_attempt1
classic_early_drop_down,classic_microstructure,1,d8_sp40_ov30_dep300_adv15_fix25_f100,,,,4603,1247,870,0.27091027590701716,0.18900716923745384,92.13621579773236,-0.07863784202267643,0.17743993879983685,0.7011494252873564,-0.00903883241639956,0.9680603676786067,8,0.04,0.03,300.0,0.015,0.0025,0.01,-0.05290121528643066,-0.0003393139870602191,0.4771563098256325,0.9798209758369121,train,73,24949259015_attempt1+24952032748_attempt1+24986940107_attempt1+25044896828_attempt1+25100490855_attempt1+25157440693_attempt1+25208977834_attempt1+25247789591_attempt1+25274678535_attempt1+25311264469_attempt1+25367630341_attempt1+25427145257_attempt1+25487949887_attempt1+25545252940_attempt1+25596809734_attempt1+25624592440_attempt1+25665168591_attempt1+25791429807_attempt1+25852951350_attempt1+25911485679_attempt1+25957739510_attempt1+25986690554_attempt1+26029755017_attempt1+26091905404_attempt1+26156603287_attempt1+26221008452_attempt1+26357456273_attempt1+26709070227_attempt1+26709294970_attempt1+26755468029_attempt1+26832707302_attempt1+26944523023_attempt1+27008365180_attempt1+27059341408_attempt1+27089462916_attempt1+27130700451_attempt1+27199408085_attempt1+27269618919_attempt1+27340390720_attempt1+27410119221_attempt1+27464308599_attempt1+27496226714_attempt1+27540844174_attempt1+27612222130_attempt1+27683808024_attempt1+27754758156_attempt1+27821835753_attempt1+27869277828_attempt1+27902430728_attempt1+27948683312_attempt1+28022420503_attempt1+28095005508_attempt1+28166886036_attempt1+28235383560_attempt1+28288053257_attempt1+28321073325_attempt1+28369678027_attempt1+28442123818_attempt1+28515647330_attempt1+28588281394_attempt1+28659365605_attempt1+28705739897_attempt1+28740396418_attempt1+28847404575_attempt1+28923778969_attempt1+29000291038_attempt1+29075660007_attempt1+29144058049_attempt1+29183942155_attempt1+29231728767_attempt1+29314482071_attempt1+29397534768_attempt1+29480427148_attempt1+29563821720_attempt1+29636284636_attempt1
classic_early_drop_down,classic_microstructure,1,d8_sp40_ov30_dep300_adv15_fix25_f100,,,,51,8,8,0.1568627450980392,0.1568627450980392,102.22760325400797,0.022276032540079704,0.010131147540983564,0.875,0.27845040675099575,3.137355981422983,8,0.04,0.03,300.0,0.015,0.0025,0.01,0.0,0.0,0.3884297520661157,0.3884297520661157,validation,73,29678766108_attempt1
classic_early_drop_down,classic_microstructure,1,d8_sp40_ov30_dep300_adv15_fix25_f100,,,,55,14,12,0.2545454545454545,0.21818181818181817,99.382351986627,-0.006176480133729956,0.02159425546198571,0.6666666666666666,-0.05147066778108491,0.8494316343404216,8,0.04,0.03,300.0,0.015,0.0025,0.01,-0.018379630169370165,-0.0008220008689483471,0.453781512605042,1.0,test,73,29726104371_attempt1
btc2_path_eff,alphaforge_interaction,2,d4_sp40_ov30_dep100_adv5_fix25_f100,0.85,0.2394727015317569,-0.2511549573179356,5842,2000,1171,0.3423485107839781,0.20044505306401916,96.07176595869325,-0.03928234041306755,0.16956172956140567,0.8368915456874466,-0.0033545978149501997,0.9802980289238669,4,0.04,0.03,100.0,0.005,0.0025,0.01,-0.04651609684782143,0.0003016757449403329,0.5057173901795415,1.0,train,73,24949259015_attempt1+24952032748_attempt1+24986940107_attempt1+25044896828_attempt1+25100490855_attempt1+25157440693_attempt1+25208977834_attempt1+25247789591_attempt1+25274678535_attempt1+25311264469_attempt1+25367630341_attempt1+25427145257_attempt1+25487949887_attempt1+25545252940_attempt1+25596809734_attempt1+25624592440_attempt1+25665168591_attempt1+25791429807_attempt1+25852951350_attempt1+25911485679_attempt1+25957739510_attempt1+25986690554_attempt1+26029755017_attempt1+26091905404_attempt1+26156603287_attempt1+26221008452_attempt1+26357456273_attempt1+26709070227_attempt1+26709294970_attempt1+26755468029_attempt1+26832707302_attempt1+26944523023_attempt1+27008365180_attempt1+27059341408_attempt1+27089462916_attempt1+27130700451_attempt1+27199408085_attempt1+27269618919_attempt1+27340390720_attempt1+27410119221_attempt1+27464308599_attempt1+27496226714_attempt1+27540844174_attempt1+27612222130_attempt1+27683808024_attempt1+27754758156_attempt1+27821835753_attempt1+27869277828_attempt1+27902430728_attempt1+27948683312_attempt1+28022420503_attempt1+28095005508_attempt1+28166886036_attempt1+28235383560_attempt1+28288053257_attempt1+28321073325_attempt1+28369678027_attempt1+28442123818_attempt1+28515647330_attempt1+28588281394_attempt1+28659365605_attempt1+28705739897_attempt1+28740396418_attempt1+28847404575_attempt1+28923778969_attempt1+29000291038_attempt1+29075660007_attempt1+29144058049_attempt1+29183942155_attempt1+29231728767_attempt1+29314482071_attempt1+29397534768_attempt1+29480427148_attempt1+29563821720_attempt1+29636284636_attempt1
btc2_path_eff,alphaforge_interaction,2,d4_sp40_ov30_dep100_adv5_fix25_f100,0.85,0.2394727015317569,-0.2511549573179356,86,21,18,0.2441860465116279,0.20930232558139536,101.65388768402158,0.016538876840215933,0.01012779552715654,0.9444444444444444,0.09188264911230887,2.596470570760871,4,0.04,0.03,100.0,0.005,0.0025,0.01,-0.0003694382757972736,0.012278651590537981,0.9834710743801653,1.0,validation,73,29678766108_attempt1
btc2_path_eff,alphaforge_interaction,2,d4_sp40_ov30_dep100_adv5_fix25_f100,0.85,0.2394727015317569,-0.2511549573179356,78,30,19,0.38461538461538464,0.24358974358974358,99.11442787921759,-0.008855721207824185,0.028297250863816095,0.7894736842105263,-0.046609058988547225,0.7789706388229483,4,0.04,0.03,100.0,0.005,0.0025,0.01,-0.02829725086381607,-0.005506095949978307,0.36134453781512604,1.0,test,73,29726104371_attempt1
size_imbalance_uncertainty,alphaforge_interaction,2,d4_sp40_ov30_dep100_adv15_fix25_f100,0.95,0.6998394791036805,-0.7002304578813217,1946,1060,648,0.5447070914696814,0.3329907502569373,78.58414366786077,-0.21415856332139227,0.3824255951942319,0.4537037037037037,-0.03304916100638775,0.9337544800438192,4,0.04,0.03,100.0,0.015,0.0025,0.01,-0.05024789708884925,-0.007321623820662149,0.3781238681637088,0.9958607129921871,train,73,24949259015_attempt1+24952032748_attempt1+24986940107_attempt1+25044896828_attempt1+25100490855_attempt1+25157440693_attempt1+25208977834_attempt1+25247789591_attempt1+25274678535_attempt1+25311264469_attempt1+25367630341_attempt1+25427145257_attempt1+25487949887_attempt1+25545252940_attempt1+25596809734_attempt1+25624592440_attempt1+25665168591_attempt1+25791429807_attempt1+25852951350_attempt1+25911485679_attempt1+25957739510_attempt1+25986690554_attempt1+26029755017_attempt1+26091905404_attempt1+26156603287_attempt1+26221008452_attempt1+26357456273_attempt1+26709070227_attempt1+26709294970_attempt1+26755468029_attempt1+26832707302_attempt1+26944523023_attempt1+27008365180_attempt1+27059341408_attempt1+27089462916_attempt1+27130700451_attempt1+27199408085_attempt1+27269618919_attempt1+27340390720_attempt1+27410119221_attempt1+27464308599_attempt1+27496226714_attempt1+27540844174_attempt1+27612222130_attempt1+27683808024_attempt1+27754758156_attempt1+27821835753_attempt1+27869277828_attempt1+27902430728_attempt1+27948683312_attempt1+28022420503_attempt1+28095005508_attempt1+28166886036_attempt1+28235383560_attempt1+28288053257_attempt1+28321073325_attempt1+28369678027_attempt1+28442123818_attempt1+28515647330_attempt1+28588281394_attempt1+28659365605_attempt1+28705739897_attempt1+28740396418_attempt1+28847404575_attempt1+28923778969_attempt1+29000291038_attempt1+29075660007_attempt1+29144058049_attempt1+29183942155_attempt1+29231728767_attempt1+29314482071_attempt1+29397534768_attempt1+29480427148_attempt1+29563821720_attempt1+29636284636_attempt1
size_imbalance_uncertainty,alphaforge_interaction,2,d4_sp40_ov30_dep100_adv15_fix25_f100,0.95,0.6998394791036805,-0.7002304578813217,21,11,8,0.5238095238095238,0.38095238095238093,100.10227602623718,0.0010227602623718024,0.0330058194793825,0.375,0.01278450327964814,1.0196083975332524,4,0.04,0.03,100.0,0.015,0.0025,0.01,-0.023015183788176574,0.008882867808241102,0.6942148760330579,1.0,validation,73,29678766108_attempt1
size_imbalance_uncertainty,alphaforge_interaction,2,d4_sp40_ov30_dep100_adv15_fix25_f100,0.95,0.6998394791036805,-0.7002304578813217,24,16,8,0.6666666666666666,0.3333333333333333,97.76395050312001,-0.022360494968799882,0.03160382248229775,0.375,-0.2795061871100005,0.5614863368637617,4,0.04,0.03,100.0,0.015,0.0025,0.01,-0.031603822482298094,-0.01153643746769295,0.13445378151260504,1.0,test,73,29726104371_attempt1
classic_early_drop_down,classic_microstructure,1,d8_sp40_ov30_dep100_adv15_fix25_f100,,,,4654,1903,1084,0.408895573700043,0.23291792006875806,74.39632992125152,-0.25603670078748475,0.3182650418913967,0.6928044280442804,-0.02361962184386419,0.9164085974610812,8,0.04,0.03,100.0,0.015,0.0025,0.01,-0.06820490283931024,-0.0024236912204695926,0.4384666428462049,0.99892807922005,train,74,24949259015_attempt1+24952032748_attempt1+24986940107_attempt1+25044896828_attempt1+25100490855_attempt1+25157440693_attempt1+25208977834_attempt1+25247789591_attempt1+25274678535_attempt1+25311264469_attempt1+25367630341_attempt1+25427145257_attempt1+25487949887_attempt1+25545252940_attempt1+25596809734_attempt1+25624592440_attempt1+25665168591_attempt1+25791429807_attempt1+25852951350_attempt1+25911485679_attempt1+25957739510_attempt1+25986690554_attempt1+26029755017_attempt1+26091905404_attempt1+26156603287_attempt1+26221008452_attempt1+26357456273_attempt1+26709070227_attempt1+26709294970_attempt1+26755468029_attempt1+26832707302_attempt1+26944523023_attempt1+27008365180_attempt1+27059341408_attempt1+27089462916_attempt1+27130700451_attempt1+27199408085_attempt1+27269618919_attempt1+27340390720_attempt1+27410119221_attempt1+27464308599_attempt1+27496226714_attempt1+27540844174_attempt1+27612222130_attempt1+27683808024_attempt1+27754758156_attempt1+27821835753_attempt1+27869277828_attempt1+27902430728_attempt1+27948683312_attempt1+28022420503_attempt1+28095005508_attempt1+28166886036_attempt1+28235383560_attempt1+28288053257_attempt1+28321073325_attempt1+28369678027_attempt1+28442123818_attempt1+28515647330_attempt1+28588281394_attempt1+28659365605_attempt1+28705739897_attempt1+28740396418_attempt1+28847404575_attempt1+28923778969_attempt1+29000291038_attempt1+29075660007_attempt1+29144058049_attempt1+29183942155_attempt1+29231728767_attempt1+29314482071_attempt1+29397534768_attempt1+29480427148_attempt1+29563821720_attempt1+29636284636_attempt1+29678766108_attempt1
classic_early_drop_down,classic_microstructure,1,d8_sp40_ov30_dep100_adv15_fix25_f100,,,,55,21,13,0.38181818181818183,0.23636363636363636,100.26808975192402,0.0026808975192402773,0.02382281359387783,0.6923076923076923,0.02062228860954285,1.064718034805795,8,0.04,0.03,100.0,0.015,0.0025,0.01,-0.01640804634296622,-0.0031072611583642384,0.36134453781512604,1.0,validation,74,29726104371_attempt1
classic_early_drop_down,classic_microstructure,1,d8_sp40_ov30_dep100_adv15_fix25_f100,,,,68,30,20,0.4411764705882353,0.29411764705882354,99.58148640926626,-0.004185135907337378,0.03359346180441748,0.65,-0.02092567953668669,0.9405517764383876,8,0.04,0.03,100.0,0.015,0.0025,0.01,-0.027500951239320948,-0.0036134367902097564,0.328,1.0,test,74,29812544557_attempt1
btc2_path_eff,alphaforge_interaction,2,d8_sp40_ov30_dep300_adv5_fix25_f100,0.85,0.23961755479627125,-0.25195838770804285,5920,1164,917,0.1966216216216216,0.15489864864864866,100.54439955851721,0.005443995585172168,0.18740403462603253,0.8353326063249727,0.0005936745458202127,1.003374596837277,8,0.04,0.03,300.0,0.005,0.0025,0.01,-0.046345777478126515,0.001261515472870789,0.5294778214486243,0.9950997907202287,train,74,24949259015_attempt1+24952032748_attempt1+24986940107_attempt1+25044896828_attempt1+25100490855_attempt1+25157440693_attempt1+25208977834_attempt1+25247789591_attempt1+25274678535_attempt1+25311264469_attempt1+25367630341_attempt1+25427145257_attempt1+25487949887_attempt1+25545252940_attempt1+25596809734_attempt1+25624592440_attempt1+25665168591_attempt1+25791429807_attempt1+25852951350_attempt1+25911485679_attempt1+25957739510_attempt1+25986690554_attempt1+26029755017_attempt1+26091905404_attempt1+26156603287_attempt1+26221008452_attempt1+26357456273_attempt1+26709070227_attempt1+26709294970_attempt1+26755468029_attempt1+26832707302_attempt1+26944523023_attempt1+27008365180_attempt1+27059341408_attempt1+27089462916_attempt1+27130700451_attempt1+27199408085_attempt1+27269618919_attempt1+27340390720_attempt1+27410119221_attempt1+27464308599_attempt1+27496226714_attempt1+27540844174_attempt1+27612222130_attempt1+27683808024_attempt1+27754758156_attempt1+27821835753_attempt1+27869277828_attempt1+27902430728_attempt1+27948683312_attempt1+28022420503_attempt1+28095005508_attempt1+28166886036_attempt1+28235383560_attempt1+28288053257_attempt1+28321073325_attempt1+28369678027_attempt1+28442123818_attempt1+28515647330_attempt1+28588281394_attempt1+28659365605_attempt1+28705739897_attempt1+28740396418_attempt1+28847404575_attempt1+28923778969_attempt1+29000291038_attempt1+29075660007_attempt1+29144058049_attempt1+29183942155_attempt1+29231728767_attempt1+29314482071_attempt1+29397534768_attempt1+29480427148_attempt1+29563821720_attempt1+29636284636_attempt1+29678766108_attempt1
btc2_path_eff,alphaforge_interaction,2,d8_sp40_ov30_dep300_adv5_fix25_f100,0.85,0.23961755479627125,-0.25195838770804285,78,14,12,0.1794871794871795,0.15384615384615385,100.86195151415372,0.008619515141537137,0.015281728127997383,0.8333333333333334,0.07182929284614281,1.4272346716770425,8,0.04,0.03,300.0,0.005,0.0025,0.01,-0.0005918693195423597,0.002221998232858846,0.7899159663865546,1.0,validation,74,29726104371_attempt1
btc2_path_eff,alphaforge_interaction,2,d8_sp40_ov30_dep300_adv5_fix25_f100,0.85,0.23961755479627125,-0.25195838770804285,69,9,9,0.13043478260869565,0.13043478260869565,100.10717466029136,0.001071746602913537,0.010126182965299688,0.8888888888888888,0.011908295587930856,1.105526603899654,8,0.04,0.03,300.0,0.005,0.0025,0.01,-0.008529612292662914,-0.00432308723209629,0.096,1.0,test,74,29812544557_attempt1
size_imbalance_uncertainty,alphaforge_interaction,2,d4_sp40_ov30_dep100_adv5_fix25_f100,0.95,0.6998318625013977,-0.6993328828992759,1972,1004,624,0.5091277890466531,0.31643002028397565,73.152463081043,-0.26847536918957005,0.4496349095514372,0.4423076923076923,-0.043024898908584665,0.9123555845416939,4,0.04,0.03,100.0,0.005,0.0025,0.01,-0.05015426365753861,-0.0072744815997314305,0.3800724822622633,0.9947424837935787,train,74,24949259015_attempt1+24952032748_attempt1+24986940107_attempt1+25044896828_attempt1+25100490855_attempt1+25157440693_attempt1+25208977834_attempt1+25247789591_attempt1+25274678535_attempt1+25311264469_attempt1+25367630341_attempt1+25427145257_attempt1+25487949887_attempt1+25545252940_attempt1+25596809734_attempt1+25624592440_attempt1+25665168591_attempt1+25791429807_attempt1+25852951350_attempt1+25911485679_attempt1+25957739510_attempt1+25986690554_attempt1+26029755017_attempt1+26091905404_attempt1+26156603287_attempt1+26221008452_attempt1+26357456273_attempt1+26709070227_attempt1+26709294970_attempt1+26755468029_attempt1+26832707302_attempt1+26944523023_attempt1+27008365180_attempt1+27059341408_attempt1+27089462916_attempt1+27130700451_attempt1+27199408085_attempt1+27269618919_attempt1+27340390720_attempt1+27410119221_attempt1+27464308599_attempt1+27496226714_attempt1+27540844174_attempt1+27612222130_attempt1+27683808024_attempt1+27754758156_attempt1+27821835753_attempt1+27869277828_attempt1+27902430728_attempt1+27948683312_attempt1+28022420503_attempt1+28095005508_attempt1+28166886036_attempt1+28235383560_attempt1+28288053257_attempt1+28321073325_attempt1+28369678027_attempt1+28442123818_attempt1+28515647330_attempt1+28588281394_attempt1+28659365605_attempt1+28705739897_attempt1+28740396418_attempt1+28847404575_attempt1+28923778969_attempt1+29000291038_attempt1+29075660007_attempt1+29144058049_attempt1+29183942155_attempt1+29231728767_attempt1+29314482071_attempt1+29397534768_attempt1+29480427148_attempt1+29563821720_attempt1+29636284636_attempt1+29678766108_attempt1
size_imbalance_uncertainty,alphaforge_interaction,2,d4_sp40_ov30_dep100_adv5_fix25_f100,0.95,0.6998318625013977,-0.6993328828992759,24,15,8,0.625,0.3333333333333333,97.76433403451546,-0.022356659654845457,0.031600023430240286,0.375,-0.27945824568556954,0.5615285720580744,4,0.04,0.03,100.0,0.005,0.0025,0.01,-0.021625374812475062,-0.010950385943794938,0.13445378151260504,1.0,validation,74,29726104371_attempt1
size_imbalance_uncertainty,alphaforge_interaction,2,d4_sp40_ov30_dep100_adv5_fix25_f100,0.95,0.6998318625013977,-0.6993328828992759,30,17,9,0.5666666666666667,0.3,98.05129901113705,-0.019487009888629503,0.040243141331488486,0.4444444444444444,-0.2165223320958845,0.6129416660051551,4,0.04,0.03,100.0,0.005,0.0025,0.01,-0.04024314133148865,-0.008673836480580621,0.184,1.0,test,74,29812544557_attempt1
classic_early_drop_down,classic_microstructure,1,d4_sp40_ov30_dep300_adv15_fix25_f100,,,,4709,1411,918,0.2996389891696751,0.19494584837545126,132.3969096825995,0.32396909682599495,0.17444506559511325,0.7483660130718954,0.035290751288234494,1.1031647067314365,4,0.04,0.03,300.0,0.015,0.0025,0.01,-0.06042603313275352,0.002651757188498305,0.5685286858409309,0.9898252153326953,train,75,24949259015_attempt1+24952032748_attempt1+24986940107_attempt1+25044896828_attempt1+25100490855_attempt1+25157440693_attempt1+25208977834_attempt1+25247789591_attempt1+25274678535_attempt1+25311264469_attempt1+25367630341_attempt1+25427145257_attempt1+25487949887_attempt1+25545252940_attempt1+25596809734_attempt1+25624592440_attempt1+25665168591_attempt1+25791429807_attempt1+25852951350_attempt1+25911485679_attempt1+25957739510_attempt1+25986690554_attempt1+26029755017_attempt1+26091905404_attempt1+26156603287_attempt1+26221008452_attempt1+26357456273_attempt1+26709070227_attempt1+26709294970_attempt1+26755468029_attempt1+26832707302_attempt1+26944523023_attempt1+27008365180_attempt1+27059341408_attempt1+27089462916_attempt1+27130700451_attempt1+27199408085_attempt1+27269618919_attempt1+27340390720_attempt1+27410119221_attempt1+27464308599_attempt1+27496226714_attempt1+27540844174_attempt1+27612222130_attempt1+27683808024_attempt1+27754758156_attempt1+27821835753_attempt1+27869277828_attempt1+27902430728_attempt1+27948683312_attempt1+28022420503_attempt1+28095005508_attempt1+28166886036_attempt1+28235383560_attempt1+28288053257_attempt1+28321073325_attempt1+28369678027_attempt1+28442123818_attempt1+28515647330_attempt1+28588281394_attempt1+28659365605_attempt1+28705739897_attempt1+28740396418_attempt1+28847404575_attempt1+28923778969_attempt1+29000291038_attempt1+29075660007_attempt1+29144058049_attempt1+29183942155_attempt1+29231728767_attempt1+29314482071_attempt1+29397534768_attempt1+29480427148_attempt1+29563821720_attempt1+29636284636_attempt1+29678766108_attempt1+29726104371_attempt1
classic_early_drop_down,classic_microstructure,1,d4_sp40_ov30_dep300_adv15_fix25_f100,,,,68,19,17,0.27941176470588236,0.25,101.10803860139853,0.011080386013985422,0.01615905539145397,0.7647058823529411,0.06517874125873668,1.271990048443972,4,0.04,0.03,300.0,0.015,0.0025,0.01,-0.012625770406874737,0.0019936966149680657,0.528,1.0,validation,75,29812544557_attempt1
classic_early_drop_down,classic_microstructure,1,d4_sp40_ov30_dep300_adv15_fix25_f100,,,,35,14,10,0.4,0.2857142857142857,98.73447799675664,-0.012655220032433578,0.03206806132842337,0.6,-0.12655220032433678,0.6901209717348156,4,0.04,0.03,300.0,0.015,0.0025,0.01,-0.030373462385348438,-0.015456336731554554,0.0,1.0,test,75,29902589491_attempt1
btc2_path_eff,alphaforge_interaction,2,d4_sp40_ov30_dep100_adv15_fix75_f100,0.9,0.36484829532700414,-0.3806159969624661,4000,1782,1162,0.4455,0.2905,111.99428658001906,0.11994286580019065,0.09119169096037252,0.8881239242685026,0.010322105490549982,1.0825015225712804,4,0.04,0.03,100.0,0.015,0.0075,0.01,-0.043599463285938445,0.0007407237045509163,0.5248073339041959,1.0,train,75,24949259015_attempt1+24952032748_attempt1+24986940107_attempt1+25044896828_attempt1+25100490855_attempt1+25157440693_attempt1+25208977834_attempt1+25247789591_attempt1+25274678535_attempt1+25311264469_attempt1+25367630341_attempt1+25427145257_attempt1+25487949887_attempt1+25545252940_attempt1+25596809734_attempt1+25624592440_attempt1+25665168591_attempt1+25791429807_attempt1+25852951350_attempt1+25911485679_attempt1+25957739510_attempt1+25986690554_attempt1+26029755017_attempt1+26091905404_attempt1+26156603287_attempt1+26221008452_attempt1+26357456273_attempt1+26709070227_attempt1+26709294970_attempt1+26755468029_attempt1+26832707302_attempt1+26944523023_attempt1+27008365180_attempt1+27059341408_attempt1+27089462916_attempt1+27130700451_attempt1+27199408085_attempt1+27269618919_attempt1+27340390720_attempt1+27410119221_attempt1+27464308599_attempt1+27496226714_attempt1+27540844174_attempt1+27612222130_attempt1+27683808024_attempt1+27754758156_attempt1+27821835753_attempt1+27869277828_attempt1+27902430728_attempt1+27948683312_attempt1+28022420503_attempt1+28095005508_attempt1+28166886036_attempt1+28235383560_attempt1+28288053257_attempt1+28321073325_attempt1+28369678027_attempt1+28442123818_attempt1+28515647330_attempt1+28588281394_attempt1+28659365605_attempt1+28705739897_attempt1+28740396418_attempt1+28847404575_attempt1+28923778969_attempt1+29000291038_attempt1+29075660007_attempt1+29144058049_attempt1+29183942155_attempt1+29231728767_attempt1+29314482071_attempt1+29397534768_attempt1+29480427148_attempt1+29563821720_attempt1+29636284636_attempt1+29678766108_attempt1+29726104371_attempt1
btc2_path_eff,alphaforge_interaction,2,d4_sp40_ov30_dep100_adv15_fix75_f100,0.9,0.36484829532700414,-0.3806159969624661,51,29,20,0.5686274509803921,0.39215686274509803,102.06724583261266,0.02067245832612663,0.010108991825613025,0.95,0.10336229163063257,3.008839386684054,4,0.04,0.03,100.0,0.015,0.0075,0.01,-0.0031533048964592636,0.0013273750650217853,0.696,1.0,validation,75,29812544557_attempt1
btc2_path_eff,alphaforge_interaction,2,d4_sp40_ov30_dep100_adv15_fix75_f100,0.9,0.36484829532700414,-0.3806159969624661,46,22,16,0.4782608695652174,0.34782608695652173,99.5042985153991,-0.004957014846008967,0.017786366831837506,0.875,-0.030981342787557223,0.7559626359845149,4,0.04,0.03,100.0,0.015,0.0075,0.01,-0.01314565155928793,-0.005439665146812822,0.0,1.0,test,75,29902589491_attempt1
size_imbalance_uncertainty,alphaforge_interaction,2,d4_sp40_ov30_dep300_adv15_fix25_f100,0.9,0.5716729040943095,-0.5702532033951543,3994,1390,880,0.34802203304957435,0.22033049574361543,63.31395311927882,-0.3668604688072118,0.4102454135379628,0.44545454545454544,-0.04168868963718307,0.9139173715052796,4,0.04,0.03,300.0,0.015,0.0025,0.01,-0.06986175392489813,-0.007847892123664546,0.4059336120485569,0.9997481488943737,train,75,24949259015_attempt1+24952032748_attempt1+24986940107_attempt1+25044896828_attempt1+25100490855_attempt1+25157440693_attempt1+25208977834_attempt1+25247789591_attempt1+25274678535_attempt1+25311264469_attempt1+25367630341_attempt1+25427145257_attempt1+25487949887_attempt1+25545252940_attempt1+25596809734_attempt1+25624592440_attempt1+25665168591_attempt1+25791429807_attempt1+25852951350_attempt1+25911485679_attempt1+25957739510_attempt1+25986690554_attempt1+26029755017_attempt1+26091905404_attempt1+26156603287_attempt1+26221008452_attempt1+26357456273_attempt1+26709070227_attempt1+26709294970_attempt1+26755468029_attempt1+26832707302_attempt1+26944523023_attempt1+27008365180_attempt1+27059341408_attempt1+27089462916_attempt1+27130700451_attempt1+27199408085_attempt1+27269618919_attempt1+27340390720_attempt1+27410119221_attempt1+27464308599_attempt1+27496226714_attempt1+27540844174_attempt1+27612222130_attempt1+27683808024_attempt1+27754758156_attempt1+27821835753_attempt1+27869277828_attempt1+27902430728_attempt1+27948683312_attempt1+28022420503_attempt1+28095005508_attempt1+28166886036_attempt1+28235383560_attempt1+28288053257_attempt1+28321073325_attempt1+28369678027_attempt1+28442123818_attempt1+28515647330_attempt1+28588281394_attempt1+28659365605_attempt1+28705739897_attempt1+28740396418_attempt1+28847404575_attempt1+28923778969_attempt1+29000291038_attempt1+29075660007_attempt1+29144058049_attempt1+29183942155_attempt1+29231728767_attempt1+29314482071_attempt1+29397534768_attempt1+29480427148_attempt1+29563821720_attempt1+29636284636_attempt1+29678766108_attempt1+29726104371_attempt1
size_imbalance_uncertainty,alphaforge_interaction,2,d4_sp40_ov30_dep300_adv15_fix25_f100,0.9,0.5716729040943095,-0.5702532033951543,57,23,20,0.40350877192982454,0.3508771929824561,105.96441512696455,0.05964415126964551,0.01746896892450735,0.65,0.2982207563482274,1.8241930485092295,4,0.04,0.03,300.0,0.015,0.0025,0.01,0.010896512449860563,0.030773877135253036,1.0,1.0,validation,75,29812544557_attempt1
size_imbalance_uncertainty,alphaforge_interaction,2,d4_sp40_ov30_dep300_adv15_fix25_f100,0.9,0.5716729040943095,-0.5702532033951543,45,12,10,0.26666666666666666,0.2222222222222222,96.6859513054311,-0.03314048694568894,0.03611663525041792,0.3,-0.33140486945689174,0.5314684724133443,4,0.04,0.03,300.0,0.015,0.0025,0.01,-0.03611663525041786,-0.007301993486715452,0.0,1.0,test,75,29902589491_attempt1
classic_early_drop_down,classic_microstructure,1,d4_sp40_ov30_dep100_adv5_fix25_f100,,,,4777,1803,1095,0.37743353569185684,0.2292233619426418,133.72942789160524,0.33729427891605246,0.14369565647414206,0.736986301369863,0.030803130494616828,1.0882886322989334,4,0.04,0.03,100.0,0.005,0.0025,0.01,-0.04763533173820056,0.0025802210342029674,0.5572287659659063,1.0,train,76,24949259015_attempt1+24952032748_attempt1+24986940107_attempt1+25044896828_attempt1+25100490855_attempt1+25157440693_attempt1+25208977834_attempt1+25247789591_attempt1+25274678535_attempt1+25311264469_attempt1+25367630341_attempt1+25427145257_attempt1+25487949887_attempt1+25545252940_attempt1+25596809734_attempt1+25624592440_attempt1+25665168591_attempt1+25791429807_attempt1+25852951350_attempt1+25911485679_attempt1+25957739510_attempt1+25986690554_attempt1+26029755017_attempt1+26091905404_attempt1+26156603287_attempt1+26221008452_attempt1+26357456273_attempt1+26709070227_attempt1+26709294970_attempt1+26755468029_attempt1+26832707302_attempt1+26944523023_attempt1+27008365180_attempt1+27059341408_attempt1+27089462916_attempt1+27130700451_attempt1+27199408085_attempt1+27269618919_attempt1+27340390720_attempt1+27410119221_attempt1+27464308599_attempt1+27496226714_attempt1+27540844174_attempt1+27612222130_attempt1+27683808024_attempt1+27754758156_attempt1+27821835753_attempt1+27869277828_attempt1+27902430728_attempt1+27948683312_attempt1+28022420503_attempt1+28095005508_attempt1+28166886036_attempt1+28235383560_attempt1+28288053257_attempt1+28321073325_attempt1+28369678027_attempt1+28442123818_attempt1+28515647330_attempt1+28588281394_attempt1+28659365605_attempt1+28705739897_attempt1+28740396418_attempt1+28847404575_attempt1+28923778969_attempt1+29000291038_attempt1+29075660007_attempt1+29144058049_attempt1+29183942155_attempt1+29231728767_attempt1+29314482071_attempt1+29397534768_attempt1+29480427148_attempt1+29563821720_attempt1+29636284636_attempt1+29678766108_attempt1+29726104371_attempt1+29812544557_attempt1
classic_early_drop_down,classic_microstructure,1,d4_sp40_ov30_dep100_adv5_fix25_f100,,,,35,15,11,0.42857142857142855,0.3142857142857143,100.84910947179503,0.008491094717950398,0.022159712904364318,0.7272727272727273,0.0771917701631845,1.2749650186573838,4,0.04,0.03,100.0,0.005,0.0025,0.01,-0.013448982136868959,0.0043384524677873015,0.7021276595744681,1.0,validation,76,29902589491_attempt1
classic_early_drop_down,classic_microstructure,1,d4_sp40_ov30_dep100_adv5_fix25_f100,,,,43,9,9,0.20930232558139536,0.20930232558139536,101.08786670861865,0.010878667086186455,0.017798273157496,0.7777777777777778,0.12087407873540654,1.5368176825443491,4,0.04,0.03,100.0,0.005,0.0025,0.01,-0.017798273157495936,0.010128642896510609,0.5851063829787234,1.0,test,76,29990397142_attempt1
btc2_path_eff,alphaforge_interaction,2,d4_sp40_ov30_dep100_adv15_fix25_f200,0.95,0.5919052573744554,-0.6381777393223633,2028,786,716,0.3875739644970414,0.3530571992110454,135.85948789566098,0.3585948789566098,0.19916649528416666,0.9106145251396648,0.050083083653158604,1.1863994929850517,4,0.04,0.03,100.0,0.015,0.0025,0.02,-0.059453883348979386,0.004185850987333151,0.6453456587644749,0.975001242482978,train,76,24949259015_attempt1+24952032748_attempt1+24986940107_attempt1+25044896828_attempt1+25100490855_attempt1+25157440693_attempt1+25208977834_attempt1+25247789591_attempt1+25274678535_attempt1+25311264469_attempt1+25367630341_attempt1+25427145257_attempt1+25487949887_attempt1+25545252940_attempt1+25596809734_attempt1+25624592440_attempt1+25665168591_attempt1+25791429807_attempt1+25852951350_attempt1+25911485679_attempt1+25957739510_attempt1+25986690554_attempt1+26029755017_attempt1+26091905404_attempt1+26156603287_attempt1+26221008452_attempt1+26357456273_attempt1+26709070227_attempt1+26709294970_attempt1+26755468029_attempt1+26832707302_attempt1+26944523023_attempt1+27008365180_attempt1+27059341408_attempt1+27089462916_attempt1+27130700451_attempt1+27199408085_attempt1+27269618919_attempt1+27340390720_attempt1+27410119221_attempt1+27464308599_attempt1+27496226714_attempt1+27540844174_attempt1+27612222130_attempt1+27683808024_attempt1+27754758156_attempt1+27821835753_attempt1+27869277828_attempt1+27902430728_attempt1+27948683312_attempt1+28022420503_attempt1+28095005508_attempt1+28166886036_attempt1+28235383560_attempt1+28288053257_attempt1+28321073325_attempt1+28369678027_attempt1+28442123818_attempt1+28515647330_attempt1+28588281394_attempt1+28659365605_attempt1+28705739897_attempt1+28740396418_attempt1+28847404575_attempt1+28923778969_attempt1+29000291038_attempt1+29075660007_attempt1+29144058049_attempt1+29183942155_attempt1+29231728767_attempt1+29314482071_attempt1+29397534768_attempt1+29480427148_attempt1+29563821720_attempt1+29636284636_attempt1+29678766108_attempt1+29726104371_attempt1+29812544557_attempt1
btc2_path_eff,alphaforge_interaction,2,d4_sp40_ov30_dep100_adv15_fix25_f200,0.95,0.5919052573744554,-0.6381777393223633,24,13,13,0.5416666666666666,0.5416666666666666,102.51472923131101,0.025147292313110192,0.0,1.0,0.1934407101008467,,4,0.04,0.03,100.0,0.015,0.0025,0.02,0.013161814135010719,0.015443422629834114,1.0,1.0,validation,76,29902589491_attempt1
btc2_path_eff,alphaforge_interaction,2,d4_sp40_ov30_dep100_adv15_fix25_f200,0.95,0.5919052573744554,-0.6381777393223633,13,6,6,0.46153846153846156,0.46153846153846156,98.7463974443976,-0.012536025556023955,0.020219178082191737,0.8333333333333334,-0.2089337592670668,0.3848173967157336,4,0.04,0.03,100.0,0.015,0.0025,0.02,-0.01923160059590856,-0.01824302767343222,0.22340425531914893,1.0,test,76,29990397142_attempt1
size_imbalance_uncertainty,alphaforge_interaction,2,d4_sp40_ov30_dep100_adv15_fix25_f100,0.9,0.5711248423090898,-0.571448830794314,4048,2176,1097,0.5375494071146245,0.27099802371541504,61.066856123599244,-0.38933143876400755,0.5353003057169561,0.4512306289881495,-0.03549055959562509,0.9327242965003467,4,0.04,0.03,100.0,0.015,0.0025,0.01,-0.07904464343729822,-0.006676070486665742,0.42478008051289695,1.0,train,76,24949259015_attempt1+24952032748_attempt1+24986940107_attempt1+25044896828_attempt1+25100490855_attempt1+25157440693_attempt1+25208977834_attempt1+25247789591_attempt1+25274678535_attempt1+25311264469_attempt1+25367630341_attempt1+25427145257_attempt1+25487949887_attempt1+25545252940_attempt1+25596809734_attempt1+25624592440_attempt1+25665168591_attempt1+25791429807_attempt1+25852951350_attempt1+25911485679_attempt1+25957739510_attempt1+25986690554_attempt1+26029755017_attempt1+26091905404_attempt1+26156603287_attempt1+26221008452_attempt1+26357456273_attempt1+26709070227_attempt1+26709294970_attempt1+26755468029_attempt1+26832707302_attempt1+26944523023_attempt1+27008365180_attempt1+27059341408_attempt1+27089462916_attempt1+27130700451_attempt1+27199408085_attempt1+27269618919_attempt1+27340390720_attempt1+27410119221_attempt1+27464308599_attempt1+27496226714_attempt1+27540844174_attempt1+27612222130_attempt1+27683808024_attempt1+27754758156_attempt1+27821835753_attempt1+27869277828_attempt1+27902430728_attempt1+27948683312_attempt1+28022420503_attempt1+28095005508_attempt1+28166886036_attempt1+28235383560_attempt1+28288053257_attempt1+28321073325_attempt1+28369678027_attempt1+28442123818_attempt1+28515647330_attempt1+28588281394_attempt1+28659365605_attempt1+28705739897_attempt1+28740396418_attempt1+28847404575_attempt1+28923778969_attempt1+29000291038_attempt1+29075660007_attempt1+29144058049_attempt1+29183942155_attempt1+29231728767_attempt1+29314482071_attempt1+29397534768_attempt1+29480427148_attempt1+29563821720_attempt1+29636284636_attempt1+29678766108_attempt1+29726104371_attempt1+29812544557_attempt1
size_imbalance_uncertainty,alphaforge_interaction,2,d4_sp40_ov30_dep100_adv15_fix25_f100,0.9,0.5711248423090898,-0.571448830794314,45,23,14,0.5111111111111111,0.3111111111111111,102.91589265693707,0.029158926569370802,0.03255886928286173,0.5,0.20827804692407653,1.3873488799034757,4,0.04,0.03,100.0,0.015,0.0025,0.01,-0.03255886928286156,-0.0063505167646564775,0.18085106382978725,1.0,validation,76,29902589491_attempt1
size_imbalance_uncertainty,alphaforge_interaction,2,d4_sp40_ov30_dep100_adv15_fix25_f100,0.9,0.5711248423090898,-0.571448830794314,52,28,14,0.5384615384615384,0.2692307692307692,104.08946968241831,0.04089469682418301,0.024027493086803842,0.5,0.292104977315595,1.5662247251972115,4,0.04,0.03,100.0,0.015,0.0025,0.01,0.0030954346754368256,0.0384246007539637,1.0,1.0,test,76,29990397142_attempt1
classic_early_drop_down,classic_microstructure,1,d4_sp40_ov30_dep100_adv5_fix25_f100,,,,4812,1818,1103,0.3778054862842893,0.22921862011637573,136.77199841991776,0.3677199841991776,0.14369565647414206,0.7379873073436083,0.03333816719847505,1.095905149609569,4,0.04,0.03,100.0,0.005,0.0025,0.01,-0.04763533173820056,0.0028125078964034156,0.5623833382454072,1.0,train,77,24949259015_attempt1+24952032748_attempt1+24986940107_attempt1+25044896828_attempt1+25100490855_attempt1+25157440693_attempt1+25208977834_attempt1+25247789591_attempt1+25274678535_attempt1+25311264469_attempt1+25367630341_attempt1+25427145257_attempt1+25487949887_attempt1+25545252940_attempt1+25596809734_attempt1+25624592440_attempt1+25665168591_attempt1+25791429807_attempt1+25852951350_attempt1+25911485679_attempt1+25957739510_attempt1+25986690554_attempt1+26029755017_attempt1+26091905404_attempt1+26156603287_attempt1+26221008452_attempt1+26357456273_attempt1+26709070227_attempt1+26709294970_attempt1+26755468029_attempt1+26832707302_attempt1+26944523023_attempt1+27008365180_attempt1+27059341408_attempt1+27089462916_attempt1+27130700451_attempt1+27199408085_attempt1+27269618919_attempt1+27340390720_attempt1+27410119221_attempt1+27464308599_attempt1+27496226714_attempt1+27540844174_attempt1+27612222130_attempt1+27683808024_attempt1+27754758156_attempt1+27821835753_attempt1+27869277828_attempt1+27902430728_attempt1+27948683312_attempt1+28022420503_attempt1+28095005508_attempt1+28166886036_attempt1+28235383560_attempt1+28288053257_attempt1+28321073325_attempt1+28369678027_attempt1+28442123818_attempt1+28515647330_attempt1+28588281394_attempt1+28659365605_attempt1+28705739897_attempt1+28740396418_attempt1+28847404575_attempt1+28923778969_attempt1+29000291038_attempt1+29075660007_attempt1+29144058049_attempt1+29183942155_attempt1+29231728767_attempt1+29314482071_attempt1+29397534768_attempt1+29480427148_attempt1+29563821720_attempt1+29636284636_attempt1+29678766108_attempt1+29726104371_attempt1+29812544557_attempt1+29902589491_attempt1
classic_early_drop_down,classic_microstructure,1,d4_sp40_ov30_dep100_adv5_fix25_f100,,,,43,9,9,0.20930232558139536,0.20930232558139536,101.08786670861865,0.010878667086186455,0.017798273157496,0.7777777777777778,0.12087407873540654,1.5368176825443491,4,0.04,0.03,100.0,0.005,0.0025,0.01,-0.017798273157495936,0.010128642896510609,0.5851063829787234,1.0,validation,77,29990397142_attempt1
classic_early_drop_down,classic_microstructure,1,d4_sp40_ov30_dep100_adv5_fix25_f100,,,,32,14,12,0.4375,0.375,96.31001521108978,-0.03689984788910228,0.046223630699277714,0.5,-0.307498732409185,0.3901933084029788,4,0.04,0.03,100.0,0.005,0.0025,0.01,-0.046223630699277596,-0.020174029286047834,0.0,1.0,test,77,30078303224_attempt1
btc2_path_eff,alphaforge_interaction,2,d4_sp40_ov30_dep300_adv15_fix25_f100,0.9,0.36486414833263137,-0.37988020460368477,4101,1198,953,0.2921238722262863,0.23238234576932457,98.24849581519832,-0.017515041848016777,0.12264185680608558,0.8824763903462749,-0.001837884768941803,0.9850504042211639,4,0.04,0.03,300.0,0.015,0.0025,0.01,-0.034472578899490625,0.0005039787798408746,0.5228902642695746,0.9952844090775125,train,77,24949259015_attempt1+24952032748_attempt1+24986940107_attempt1+25044896828_attempt1+25100490855_attempt1+25157440693_attempt1+25208977834_attempt1+25247789591_attempt1+25274678535_attempt1+25311264469_attempt1+25367630341_attempt1+25427145257_attempt1+25487949887_attempt1+25545252940_attempt1+25596809734_attempt1+25624592440_attempt1+25665168591_attempt1+25791429807_attempt1+25852951350_attempt1+25911485679_attempt1+25957739510_attempt1+25986690554_attempt1+26029755017_attempt1+26091905404_attempt1+26156603287_attempt1+26221008452_attempt1+26357456273_attempt1+26709070227_attempt1+26709294970_attempt1+26755468029_attempt1+26832707302_attempt1+26944523023_attempt1+27008365180_attempt1+27059341408_attempt1+27089462916_attempt1+27130700451_attempt1+27199408085_attempt1+27269618919_attempt1+27340390720_attempt1+27410119221_attempt1+27464308599_attempt1+27496226714_attempt1+27540844174_attempt1+27612222130_attempt1+27683808024_attempt1+27754758156_attempt1+27821835753_attempt1+27869277828_attempt1+27902430728_attempt1+27948683312_attempt1+28022420503_attempt1+28095005508_attempt1+28166886036_attempt1+28235383560_attempt1+28288053257_attempt1+28321073325_attempt1+28369678027_attempt1+28442123818_attempt1+28515647330_attempt1+28588281394_attempt1+28659365605_attempt1+28705739897_attempt1+28740396418_attempt1+28847404575_attempt1+28923778969_attempt1+29000291038_attempt1+29075660007_attempt1+29144058049_attempt1+29183942155_attempt1+29231728767_attempt1+29314482071_attempt1+29397534768_attempt1+29480427148_attempt1+29563821720_attempt1+29636284636_attempt1+29678766108_attempt1+29726104371_attempt1+29812544557_attempt1+29902589491_attempt1
btc2_path_eff,alphaforge_interaction,2,d4_sp40_ov30_dep300_adv15_fix25_f100,0.9,0.36486414833263137,-0.37988020460368477,37,13,13,0.35135135135135137,0.35135135135135137,100.53774457913323,0.005377445791332258,0.010115942028985553,0.9230769230769231,0.04136496762563327,1.5237723415395033,4,0.04,0.03,300.0,0.015,0.0025,0.01,-0.005746934959215855,0.011600068790256435,0.7659574468085106,1.0,validation,77,29990397142_attempt1
btc2_path_eff,alphaforge_interaction,2,d4_sp40_ov30_dep300_adv15_fix25_f100,0.9,0.36486414833263137,-0.37988020460368477,33,8,8,0.24242424242424243,0.24242424242424243,100.97611752083559,0.009761175208355954,0.0,1.0,0.12201469010444822,,4,0.04,0.03,300.0,0.015,0.0025,0.01,0.0,0.0,0.4074074074074074,0.4074074074074074,test,77,30078303224_attempt1
size_imbalance_uncertainty,alphaforge_interaction,2,d8_sp40_ov30_dep100_adv15_fix25_f100,0.9,0.5710627374091413,-0.571324446453271,4096,2000,1069,0.48828125,0.260986328125,61.76713535523996,-0.38232864644760045,0.6653160052217798,0.4256314312441534,-0.03576507450398521,0.9491803384430554,8,0.04,0.03,100.0,0.015,0.0025,0.01,-0.07918139729872475,-0.007255366555918408,0.41772276255034874,1.0,train,77,24949259015_attempt1+24952032748_attempt1+24986940107_attempt1+25044896828_attempt1+25100490855_attempt1+25157440693_attempt1+25208977834_attempt1+25247789591_attempt1+25274678535_attempt1+25311264469_attempt1+25367630341_attempt1+25427145257_attempt1+25487949887_attempt1+25545252940_attempt1+25596809734_attempt1+25624592440_attempt1+25665168591_attempt1+25791429807_attempt1+25852951350_attempt1+25911485679_attempt1+25957739510_attempt1+25986690554_attempt1+26029755017_attempt1+26091905404_attempt1+26156603287_attempt1+26221008452_attempt1+26357456273_attempt1+26709070227_attempt1+26709294970_attempt1+26755468029_attempt1+26832707302_attempt1+26944523023_attempt1+27008365180_attempt1+27059341408_attempt1+27089462916_attempt1+27130700451_attempt1+27199408085_attempt1+27269618919_attempt1+27340390720_attempt1+27410119221_attempt1+27464308599_attempt1+27496226714_attempt1+27540844174_attempt1+27612222130_attempt1+27683808024_attempt1+27754758156_attempt1+27821835753_attempt1+27869277828_attempt1+27902430728_attempt1+27948683312_attempt1+28022420503_attempt1+28095005508_attempt1+28166886036_attempt1+28235383560_attempt1+28288053257_attempt1+28321073325_attempt1+28369678027_attempt1+28442123818_attempt1+28515647330_attempt1+28588281394_attempt1+28659365605_attempt1+28705739897_attempt1+28740396418_attempt1+28847404575_attempt1+28923778969_attempt1+29000291038_attempt1+29075660007_attempt1+29144058049_attempt1+29183942155_attempt1+29231728767_attempt1+29314482071_attempt1+29397534768_attempt1+29480427148_attempt1+29563821720_attempt1+29636284636_attempt1+29678766108_attempt1+29726104371_attempt1+29812544557_attempt1+29902589491_attempt1
size_imbalance_uncertainty,alphaforge_interaction,2,d8_sp40_ov30_dep100_adv15_fix25_f100,0.9,0.5710627374091413,-0.571324446453271,52,23,15,0.4423076923076923,0.28846153846153844,113.27930000345195,0.13279300003451944,0.02048981517241376,0.7333333333333333,0.8852866668967949,3.8854349777394797,8,0.04,0.03,100.0,0.015,0.0025,0.01,0.05165985725152322,0.0684650191647298,1.0,1.0,validation,77,29990397142_attempt1
size_imbalance_uncertainty,alphaforge_interaction,2,d8_sp40_ov30_dep100_adv15_fix25_f100,0.9,0.5710627374091413,-0.571324446453271,63,30,14,0.47619047619047616,0.2222222222222222,91.3211651928584,-0.086788348071416,0.08678834807141599,0.21428571428571427,-0.6199167719386869,0.1989403749204275,8,0.04,0.03,100.0,0.015,0.0025,0.01,-0.058390378028253864,-0.048388376844103576,0.0,1.0,test,77,30078303224_attempt1
classic_early_drop_down,classic_microstructure,1,d8_sp40_ov30_dep300_adv5_fix25_f100,,,,4855,1121,828,0.23089598352214213,0.1705458290422245,106.22857284616293,0.062285728461629386,0.11245390990881741,0.7004830917874396,0.007522430973626733,1.0233273626660147,8,0.04,0.03,300.0,0.005,0.0025,0.01,-0.05290121528643066,0.0,0.4900218499635834,0.9679533867443554,train,78,24949259015_attempt1+24952032748_attempt1+24986940107_attempt1+25044896828_attempt1+25100490855_attempt1+25157440693_attempt1+25208977834_attempt1+25247789591_attempt1+25274678535_attempt1+25311264469_attempt1+25367630341_attempt1+25427145257_attempt1+25487949887_attempt1+25545252940_attempt1+25596809734_attempt1+25624592440_attempt1+25665168591_attempt1+25791429807_attempt1+25852951350_attempt1+25911485679_attempt1+25957739510_attempt1+25986690554_attempt1+26029755017_attempt1+26091905404_attempt1+26156603287_attempt1+26221008452_attempt1+26357456273_attempt1+26709070227_attempt1+26709294970_attempt1+26755468029_attempt1+26832707302_attempt1+26944523023_attempt1+27008365180_attempt1+27059341408_attempt1+27089462916_attempt1+27130700451_attempt1+27199408085_attempt1+27269618919_attempt1+27340390720_attempt1+27410119221_attempt1+27464308599_attempt1+27496226714_attempt1+27540844174_attempt1+27612222130_attempt1+27683808024_attempt1+27754758156_attempt1+27821835753_attempt1+27869277828_attempt1+27902430728_attempt1+27948683312_attempt1+28022420503_attempt1+28095005508_attempt1+28166886036_attempt1+28235383560_attempt1+28288053257_attempt1+28321073325_attempt1+28369678027_attempt1+28442123818_attempt1+28515647330_attempt1+28588281394_attempt1+28659365605_attempt1+28705739897_attempt1+28740396418_attempt1+28847404575_attempt1+28923778969_attempt1+29000291038_attempt1+29075660007_attempt1+29144058049_attempt1+29183942155_attempt1+29231728767_attempt1+29314482071_attempt1+29397534768_attempt1+29480427148_attempt1+29563821720_attempt1+29636284636_attempt1+29678766108_attempt1+29726104371_attempt1+29812544557_attempt1+29902589491_attempt1+29990397142_attempt1
classic_early_drop_down,classic_microstructure,1,d8_sp40_ov30_dep300_adv5_fix25_f100,,,,32,6,6,0.1875,0.1875,100.74184971872708,0.007418497187270834,0.01014440433212993,0.8333333333333334,0.12364161978784553,1.7185405918354617,8,0.04,0.03,300.0,0.005,0.0025,0.01,-0.007519547640742363,-0.0022121030692651145,0.362962962962963,1.0,validation,78,30078303224_attempt1
classic_early_drop_down,classic_microstructure,1,d8_sp40_ov30_dep300_adv5_fix25_f100,,,,51,4,4,0.0784313725490196,0.0784313725490196,100.56664882431184,0.005666488243118328,0.010160642570281068,0.75,0.14166220607795504,1.548913052020258,8,0.04,0.03,300.0,0.005,0.0025,0.01,0.0,0.0,0.45,0.45,test,78,30837944463_attempt1
btc2_path_eff,alphaforge_interaction,2,d4_sp40_ov30_dep100_adv15_fix25_f200,0.9,0.3638892597448729,-0.3787546693480657,4148,1858,1204,0.44792671166827386,0.29026036644165865,136.40340144218098,0.3640340144218097,0.13533592470111727,0.8870431893687708,0.03023538325762561,1.1011230926690512,4,0.04,0.03,100.0,0.015,0.0025,0.02,-0.08520306489840224,0.00256956847390577,0.5476086428744841,1.0,train,78,24949259015_attempt1+24952032748_attempt1+24986940107_attempt1+25044896828_attempt1+25100490855_attempt1+25157440693_attempt1+25208977834_attempt1+25247789591_attempt1+25274678535_attempt1+25311264469_attempt1+25367630341_attempt1+25427145257_attempt1+25487949887_attempt1+25545252940_attempt1+25596809734_attempt1+25624592440_attempt1+25665168591_attempt1+25791429807_attempt1+25852951350_attempt1+25911485679_attempt1+25957739510_attempt1+25986690554_attempt1+26029755017_attempt1+26091905404_attempt1+26156603287_attempt1+26221008452_attempt1+26357456273_attempt1+26709070227_attempt1+26709294970_attempt1+26755468029_attempt1+26832707302_attempt1+26944523023_attempt1+27008365180_attempt1+27059341408_attempt1+27089462916_attempt1+27130700451_attempt1+27199408085_attempt1+27269618919_attempt1+27340390720_attempt1+27410119221_attempt1+27464308599_attempt1+27496226714_attempt1+27540844174_attempt1+27612222130_attempt1+27683808024_attempt1+27754758156_attempt1+27821835753_attempt1+27869277828_attempt1+27902430728_attempt1+27948683312_attempt1+28022420503_attempt1+28095005508_attempt1+28166886036_attempt1+28235383560_attempt1+28288053257_attempt1+28321073325_attempt1+28369678027_attempt1+28442123818_attempt1+28515647330_attempt1+28588281394_attempt1+28659365605_attempt1+28705739897_attempt1+28740396418_attempt1+28847404575_attempt1+28923778969_attempt1+29000291038_attempt1+29075660007_attempt1+29144058049_attempt1+29183942155_attempt1+29231728767_attempt1+29314482071_attempt1+29397534768_attempt1+29480427148_attempt1+29563821720_attempt1+29636284636_attempt1+29678766108_attempt1+29726104371_attempt1+29812544557_attempt1+29902589491_attempt1+29990397142_attempt1
btc2_path_eff,alphaforge_interaction,2,d4_sp40_ov30_dep100_adv15_fix25_f200,0.9,0.3638892597448729,-0.3787546693480657,33,20,17,0.6060606060606061,0.5151515151515151,106.45993381602179,0.0645993381602179,0.0,1.0,0.37999610682481166,,4,0.04,0.03,100.0,0.015,0.0025,0.02,0.016847437593946468,0.027963541508148282,1.0,1.0,validation,78,30078303224_attempt1
btc2_path_eff,alphaforge_interaction,2,d4_sp40_ov30_dep100_adv15_fix25_f200,0.9,0.3638892597448729,-0.3787546693480657,41,21,15,0.5121951219512195,0.36585365853658536,101.1771460212764,0.011771460212764095,0.020231884057971022,0.9333333333333333,0.07847640141842754,1.570555665301523,4,0.04,0.03,100.0,0.015,0.0025,0.02,-0.007829213973782556,-0.00012399690876718772,0.46,1.0,test,78,30837944463_attempt1
size_imbalance_uncertainty,alphaforge_interaction,2,d4_sp40_ov30_dep100_adv5_fix25_f100,0.9,0.5714702847709451,-0.5713646731863349,4144,2071,1105,0.4997586872586873,0.26665057915057916,61.74628513089222,-0.3825371486910778,0.5614386785212232,0.4470588235294118,-0.0346187464878802,0.934197413662905,4,0.04,0.03,100.0,0.005,0.0025,0.01,-0.07904464343729822,-0.006647596187350446,0.4298616168973052,1.0,train,78,24949259015_attempt1+24952032748_attempt1+24986940107_attempt1+25044896828_attempt1+25100490855_attempt1+25157440693_attempt1+25208977834_attempt1+25247789591_attempt1+25274678535_attempt1+25311264469_attempt1+25367630341_attempt1+25427145257_attempt1+25487949887_attempt1+25545252940_attempt1+25596809734_attempt1+25624592440_attempt1+25665168591_attempt1+25791429807_attempt1+25852951350_attempt1+25911485679_attempt1+25957739510_attempt1+25986690554_attempt1+26029755017_attempt1+26091905404_attempt1+26156603287_attempt1+26221008452_attempt1+26357456273_attempt1+26709070227_attempt1+26709294970_attempt1+26755468029_attempt1+26832707302_attempt1+26944523023_attempt1+27008365180_attempt1+27059341408_attempt1+27089462916_attempt1+27130700451_attempt1+27199408085_attempt1+27269618919_attempt1+27340390720_attempt1+27410119221_attempt1+27464308599_attempt1+27496226714_attempt1+27540844174_attempt1+27612222130_attempt1+27683808024_attempt1+27754758156_attempt1+27821835753_attempt1+27869277828_attempt1+27902430728_attempt1+27948683312_attempt1+28022420503_attempt1+28095005508_attempt1+28166886036_attempt1+28235383560_attempt1+28288053257_attempt1+28321073325_attempt1+28369678027_attempt1+28442123818_attempt1+28515647330_attempt1+28588281394_attempt1+28659365605_attempt1+28705739897_attempt1+28740396418_attempt1+28847404575_attempt1+28923778969_attempt1+29000291038_attempt1+29075660007_attempt1+29144058049_attempt1+29183942155_attempt1+29231728767_attempt1+29314482071_attempt1+29397534768_attempt1+29480427148_attempt1+29563821720_attempt1+29636284636_attempt1+29678766108_attempt1+29726104371_attempt1+29812544557_attempt1+29902589491_attempt1+29990397142_attempt1
size_imbalance_uncertainty,alphaforge_interaction,2,d4_sp40_ov30_dep100_adv5_fix25_f100,0.9,0.5714702847709451,-0.5713646731863349,63,36,16,0.5714285714285714,0.25396825396825395,97.15644367977033,-0.028435563202296676,0.035992763074897925,0.4375,-0.1777222700143526,0.6879139600351931,4,0.04,0.03,100.0,0.005,0.0025,0.01,-0.026027845657637938,-0.0023168874864120115,0.15555555555555556,1.0,validation,78,30078303224_attempt1
size_imbalance_uncertainty,alphaforge_interaction,2,d4_sp40_ov30_dep100_adv5_fix25_f100,0.9,0.5714702847709451,-0.5713646731863349,48,26,12,0.5416666666666666,0.25,93.09199407869885,-0.06908005921301152,0.08363410576845379,0.16666666666666666,-0.5756671601084312,0.3191130185817953,4,0.04,0.03,100.0,0.005,0.0025,0.01,-0.06030759570014943,-0.03486701748921128,0.0,1.0,test,78,30837944463_attempt1
