split,event_index,bankroll
train,0,98.98039215686275
train,1,100.07549436795995
train,2,99.0413809261577
train,3,98.01743860475773
train,4,97.16137678663803
train,5,97.16137678663803
train,6,97.16137678663803
train,7,97.16137678663803
train,8,97.16137678663803
train,9,97.16137678663803
train,10,97.16137678663803
train,11,97.16137678663803
train,12,97.16137678663803
train,13,97.16137678663803
train,14,97.16137678663803
train,15,97.16137678663803
train,16,97.16137678663803
train,17,97.16137678663803
train,18,97.16137678663803
train,19,97.16137678663803
train,20,97.16137678663803
train,21,97.16137678663803
train,22,97.16137678663803
train,23,97.16137678663803
train,24,97.16137678663803
train,25,97.16137678663803
train,26,97.16137678663803
train,27,97.16137678663803
train,28,97.16137678663803
train,29,97.16137678663803
train,30,97.16137678663803
train,31,97.16137678663803
train,32,97.16137678663803
train,33,97.16137678663803
train,34,97.16137678663803
train,35,97.16137678663803
train,36,97.16137678663803
train,37,97.16137678663803
train,38,97.16137678663803
train,39,97.16137678663803
train,40,97.16137678663803
train,41,97.16137678663803
train,42,97.16137678663803
train,43,97.16137678663803
train,44,97.16137678663803
train,45,97.16137678663803
train,46,97.16137678663803
train,47,97.16137678663803
train,48,97.16137678663803
train,49,97.16137678663803
train,50,97.16137678663803
train,51,97.16137678663803
train,52,97.16137678663803
train,53,97.16137678663803
train,54,97.16137678663803
train,55,97.16137678663803
train,56,97.16137678663803
train,57,97.16137678663803
train,58,97.16137678663803
train,59,97.16137678663803
train,60,97.16137678663803
train,61,97.16137678663803
train,62,97.16137678663803
train,63,97.16137678663803
train,64,97.16137678663803
train,65,97.16137678663803
train,66,97.16137678663803
train,67,97.16137678663803
train,68,97.16137678663803
train,69,97.16137678663803
train,70,97.16137678663803
train,71,97.16137678663803
train,72,97.16137678663803
train,73,97.16137678663803
train,74,97.16137678663803
train,75,97.16137678663803
train,76,97.16137678663803
train,77,97.16137678663803
train,78,97.16137678663803
train,79,97.16137678663803
train,80,97.16137678663803
train,81,97.16137678663803
train,82,97.16137678663803
train,83,97.16137678663803
train,84,97.66960552675275
train,85,96.67663120389743
train,86,95.69052956561768
train,87,96.48795064533117
train,88,97.47252157028353
train,89,96.4836699021792
train,90,97.1657096376946
train,91,97.72094226419571
train,92,96.71823756450789
train,93,97.40193545073976
train,94,97.9585179390297
train,95,99.13402015429806
train,96,99.48710022608049
train,97,98.47150274460591
train,98,97.64131166364696
train,99,98.52383890368377
train,100,98.75783302108002
train,101,99.85047287578134
train,102,98.82927485773357
train,103,99.87933590309699
train,104,101.03011955589353
train,105,101.83836051234069
train,106,103.34047632989771
train,107,104.2373936716289
train,108,104.83303592118106
train,109,103.75194523824389
train,110,104.61654478189593
train,111,105.6417869207585
train,112,106.67707643258194
train,113,105.58938859444581
train,114,107.6080092587514
train,115,108.2229121688014
train,116,109.57569857091141
train,117,110.00782808640233
train,118,111.08590480164906
train,119,109.9523751608159
train,120,110.7296247093665
train,121,111.95471842955524
train,122,112.92640089139667
train,123,111.77310998867603
train,124,110.63108038661781
train,125,111.59127466921865
train,126,112.72996114543517
train,127,113.52684535353221
train,128,112.3693167342413
train,129,111.22269105327965
train,130,110.09095138993048
train,131,108.95563845372182
train,132,109.50041664599043
train,133,110.61776783625564
train,134,111.6175822763141
train,135,112.80351908799993
train,136,111.65292319330233
train,137,113.44524643403692
train,138,112.29249634930396
train,139,113.34936690317976
train,140,112.17462523762693
train,141,113.27393656495568
train,142,112.1170963617391
train,143,113.21584390608415
train,144,114.01616280266164
train,145,115.22758453243992
train,146,116.22767300196676
train,147,117.19623694364982
train,148,118.34476006569759
train,149,118.34476006569759
train,150,120.60723341989474
train,151,119.38036673510615
train,152,118.15943116622438
train,153,117.14867537990301
train,154,115.953758891028
train,155,119.38599015420243
train,156,120.2299256018442
train,157,121.79571067944961
train,158,123.79929013035309
train,159,124.60398551620038
train,160,125.87545475616162
train,161,124.58442445097022
train,162,123.32103310442517
train,163,124.63131908115969
train,164,126.18921056967419
train,165,124.90728843055369
train,166,123.61657978343797
train,167,122.32154894761148
train,168,121.08180351908838
train,169,122.3682976814787
train,170,121.12607405350005
train,171,121.9133935348478
train,172,123.06081370929343
train,173,121.80509112042309
train,174,125.41052181758761
train,175,126.54403999555427
train,176,125.25559158832681
train,177,123.98434080802737
train,178,126.06191624859431
train,179,124.77918096045073
train,180,123.50167982204611
train,181,122.45783262845374
train,182,125.4137113470716
train,183,126.26397379688225
train,184,127.5013607400917
train,185,128.2299399443208
train,186,129.2145626974647
train,187,130.5330786433572
train,188,129.20164124119495
train,189,127.88943707233906
train,190,128.72071841330927
train,191,129.52258518375282
train,192,128.1992022481797
train,193,128.99782022939786
train,194,127.68254833686282
train,195,129.41538292143454
train,196,131.10079255948114
train,197,129.7693001350489
train,198,130.41814663572413
train,199,131.74894405037438
train,200,133.04008370206805
train,201,134.2425613816829
train,202,132.88095825909724
train,203,134.1831916500364
train,204,136.0042492510012
train,205,137.00638582442963
train,206,138.19549785233977
train,207,139.60565599369016
train,208,140.86747634594082
train,209,142.49051466036144
train,210,141.03711141082576
train,211,142.7232436416682
train,212,141.2726139521955
train,213,142.31357005500115
train,214,140.86853995905807
train,215,142.6293967085463
train,216,144.64708085710623
train,217,145.58728688267743
train,218,147.33433432526957
train,219,148.3758356541206
train,220,150.23053359979713
train,221,151.33749542632194
train,222,152.28025359455148
train,223,154.34691417904898
train,224,152.77728454332984
train,225,151.21700589267456
train,226,149.67196257159725
train,227,148.15501700499323
train,228,149.60693617164216
train,229,148.08209624527734
train,230,149.4758100922917
train,231,150.77314731196066
train,232,149.23800253932978
train,233,149.63979716155106
train,234,148.1156881163871
train,235,146.71044130241796
train,236,148.03647798342058
train,237,149.67432837813078
train,238,148.1522165641159
train,239,146.6460023623807
train,240,148.08313318553203
train,241,146.57382432806412
train,242,147.95334267468118
train,243,149.08941298450463
train,244,150.10018866575552
train,245,151.63182324397752
train,246,153.1178151117685
train,247,154.74469189733102
train,248,156.52761986919157
train,249,157.38363029035122
train,250,155.78117878194038
train,251,157.50471522803844
train,252,158.9283155387534
train,253,160.4858130310332
train,254,161.5289708157349
train,255,162.45199350611054
train,256,160.8032270048545
train,257,159.1636646902952
train,258,157.541997163262
train,259,159.14956856288714
train,260,161.22221410696196
train,261,160.0499642365733
train,262,161.38371393854473
train,263,162.96527433514248
train,264,164.62818529774597
train,265,167.16092661001898
train,266,169.1668577293392
train,267,172.26019455638996
train,268,175.146716735443
train,269,176.54789046932655
train,270,174.74846004723534
train,271,176.46099495569825
train,272,174.57874434283747
train,273,177.0483948725654
train,274,177.55424742934417
train,275,179.03386615792203
train,276,177.32580458195994
train,277,180.87232067359915
train,278,179.5669918209486
train,279,181.1900011700995
train,280,179.8579227424946
train,281,178.1833484809201
train,282,179.86036823132875
train,283,181.48602925188115
train,284,182.61659795869613
train,285,185.31289117689477
train,286,187.36316146225616
train,287,189.12657945248915
train,288,187.54850986727234
train,289,185.56883115200668
train,290,184.19379529732964
train,291,185.99889449124348
train,292,188.14192523212085
train,293,191.29457370898342
train,294,189.34684714031013
train,295,187.38575479492835
train,296,188.2807315342474
train,297,191.1773581732358
train,298,193.20861760382644
train,299,198.8173697610998
train,300,197.095838286174
train,301,195.086976857488
train,302,193.77412058347338
train,303,191.77938698923174
train,304,193.51277760240365
train,305,194.524998285247
train,306,192.54438012088812
train,307,193.84976574882634
train,308,191.8700234603277
train,309,189.9137016524969
train,310,187.96181082995736
train,311,190.21735255991683
train,312,190.85997875099764
train,313,192.3868585810056
train,314,190.91505883332547
train,315,192.78602640989206
train,316,194.83437794049718
train,317,199.53727671837126
train,318,198.04810940184558
train,319,200.1523705642402
train,320,198.10826124783944
train,321,196.4014922577055
train,322,194.36733394503642
train,323,194.36733394503642
train,324,194.36733394503642
train,325,194.36733394503642
train,326,194.36733394503642
train,327,194.36733394503642
train,328,194.36733394503642
train,329,194.36733394503642
train,330,194.36733394503642
train,331,194.36733394503642
train,332,194.36733394503642
train,333,194.36733394503642
train,334,194.36733394503642
train,335,194.36733394503642
train,336,194.36733394503642
train,337,194.36733394503642
train,338,194.36733394503642
train,339,194.36733394503642
train,340,194.36733394503642
train,341,194.36733394503642
train,342,194.36733394503642
train,343,194.36733394503642
train,344,194.36733394503642
train,345,194.36733394503642
train,346,194.36733394503642
train,347,194.36733394503642
train,348,194.36733394503642
train,349,194.36733394503642
train,350,194.36733394503642
train,351,194.36733394503642
train,352,194.36733394503642
train,353,194.36733394503642
train,354,194.36733394503642
train,355,194.36733394503642
train,356,194.36733394503642
train,357,194.36733394503642
train,358,194.36733394503642
train,359,194.36733394503642
train,360,194.36733394503642
train,361,194.36733394503642
train,362,194.36733394503642
train,363,194.36733394503642
train,364,194.36733394503642
train,365,194.36733394503642
train,366,194.36733394503642
train,367,194.36733394503642
train,368,194.36733394503642
train,369,194.36733394503642
train,370,194.36733394503642
train,371,194.36733394503642
train,372,194.36733394503642
train,373,194.36733394503642
train,374,194.36733394503642
train,375,194.36733394503642
train,376,194.36733394503642
train,377,194.36733394503642
train,378,194.36733394503642
train,379,194.36733394503642
train,380,194.36733394503642
train,381,194.36733394503642
train,382,194.36733394503642
train,383,194.36733394503642
train,384,194.36733394503642
train,385,194.36733394503642
train,386,194.36733394503642
train,387,194.36733394503642
train,388,194.36733394503642
train,389,194.36733394503642
train,390,194.36733394503642
train,391,194.36733394503642
train,392,194.36733394503642
train,393,194.36733394503642
train,394,194.36733394503642
train,395,194.36733394503642
train,396,194.36733394503642
train,397,194.36733394503642
train,398,194.36733394503642
train,399,194.36733394503642
train,400,194.36733394503642
train,401,194.36733394503642
train,402,194.36733394503642
train,403,194.36733394503642
train,404,194.36733394503642
train,405,194.36733394503642
train,406,194.36733394503642
train,407,194.36733394503642
train,408,194.36733394503642
train,409,194.36733394503642
train,410,194.36733394503642
train,411,194.36733394503642
train,412,194.36733394503642
train,413,194.36733394503642
train,414,194.36733394503642
train,415,194.36733394503642
train,416,194.36733394503642
train,417,194.36733394503642
train,418,194.36733394503642
train,419,194.36733394503642
train,420,194.36733394503642
train,421,194.36733394503642
train,422,194.36733394503642
train,423,194.36733394503642
train,424,194.36733394503642
train,425,194.36733394503642
train,426,194.36733394503642
train,427,194.36733394503642
train,428,194.36733394503642
train,429,194.36733394503642
train,430,194.36733394503642
train,431,194.36733394503642
train,432,194.36733394503642
train,433,194.36733394503642
train,434,194.36733394503642
train,435,194.36733394503642
train,436,194.36733394503642
train,437,194.36733394503642
train,438,194.36733394503642
train,439,194.36733394503642
train,440,194.36733394503642
train,441,194.36733394503642
train,442,194.36733394503642
train,443,194.36733394503642
train,444,194.36733394503642
train,445,194.36733394503642
train,446,194.36733394503642
train,447,194.36733394503642
train,448,194.36733394503642
train,449,194.36733394503642
train,450,194.36733394503642
train,451,194.36733394503642
train,452,194.36733394503642
train,453,194.36733394503642
train,454,194.36733394503642
train,455,194.36733394503642
train,456,194.36733394503642
train,457,194.36733394503642
train,458,194.36733394503642
train,459,194.36733394503642
train,460,194.36733394503642
train,461,194.36733394503642
train,462,194.36733394503642
train,463,194.36733394503642
train,464,194.36733394503642
train,465,194.36733394503642
train,466,194.36733394503642
train,467,194.36733394503642
train,468,194.36733394503642
train,469,194.36733394503642
train,470,194.36733394503642
train,471,194.36733394503642
train,472,194.36733394503642
train,473,194.36733394503642
train,474,194.36733394503642
train,475,194.36733394503642
train,476,194.36733394503642
train,477,194.36733394503642
train,478,194.36733394503642
train,479,194.36733394503642
train,480,194.36733394503642
train,481,194.36733394503642
train,482,194.36733394503642
train,483,194.36733394503642
train,484,194.36733394503642
train,485,194.36733394503642
train,486,194.36733394503642
train,487,194.36733394503642
train,488,194.36733394503642
train,489,194.36733394503642
train,490,194.36733394503642
train,491,194.36733394503642
train,492,194.36733394503642
train,493,194.36733394503642
train,494,194.36733394503642
train,495,194.36733394503642
train,496,194.36733394503642
train,497,194.36733394503642
train,498,194.36733394503642
train,499,194.36733394503642
train,500,194.36733394503642
train,501,194.36733394503642
train,502,194.36733394503642
train,503,194.36733394503642
train,504,194.36733394503642
train,505,194.36733394503642
train,506,194.36733394503642
train,507,194.36733394503642
train,508,194.36733394503642
train,509,194.36733394503642
train,510,194.36733394503642
train,511,194.36733394503642
train,512,194.36733394503642
train,513,194.36733394503642
train,514,194.36733394503642
train,515,194.36733394503642
train,516,194.36733394503642
train,517,194.36733394503642
train,518,194.36733394503642
train,519,194.36733394503642
train,520,194.36733394503642
train,521,194.36733394503642
train,522,194.36733394503642
train,523,194.36733394503642
train,524,194.36733394503642
train,525,194.36733394503642
train,526,194.36733394503642
train,527,194.36733394503642
train,528,194.36733394503642
train,529,194.36733394503642
train,530,194.36733394503642
train,531,194.36733394503642
train,532,194.36733394503642
train,533,194.36733394503642
train,534,194.36733394503642
train,535,194.36733394503642
train,536,194.36733394503642
train,537,194.36733394503642
train,538,194.36733394503642
train,539,194.36733394503642
train,540,194.36733394503642
train,541,194.36733394503642
train,542,194.36733394503642
train,543,194.36733394503642
train,544,194.36733394503642
train,545,194.36733394503642
train,546,194.36733394503642
train,547,194.36733394503642
train,548,194.36733394503642
train,549,194.36733394503642
train,550,194.36733394503642
train,551,194.36733394503642
train,552,194.36733394503642
train,553,194.36733394503642
train,554,194.36733394503642
train,555,194.36733394503642
train,556,194.36733394503642
train,557,194.36733394503642
train,558,194.36733394503642
train,559,194.36733394503642
train,560,194.36733394503642
train,561,194.36733394503642
train,562,194.36733394503642
train,563,194.36733394503642
train,564,194.36733394503642
train,565,194.36733394503642
train,566,194.36733394503642
train,567,194.36733394503642
train,568,194.36733394503642
train,569,194.36733394503642
train,570,194.36733394503642
train,571,194.36733394503642
train,572,194.36733394503642
train,573,194.36733394503642
train,574,194.36733394503642
train,575,194.36733394503642
train,576,194.36733394503642
train,577,194.36733394503642
train,578,194.36733394503642
train,579,194.36733394503642
train,580,194.36733394503642
train,581,194.36733394503642
train,582,194.36733394503642
train,583,194.36733394503642
train,584,194.36733394503642
train,585,194.36733394503642
train,586,194.36733394503642
train,587,194.36733394503642
train,588,194.36733394503642
train,589,194.36733394503642
train,590,194.36733394503642
train,591,196.12411561723195
train,592,194.13072296669614
train,593,197.2470319406352
train,594,195.22973275033326
train,595,193.23838947627985
train,596,194.98496722731545
train,597,204.45249929921178
train,598,202.5761907779933
train,599,202.5761907779933
train,600,200.50991363205776
train,601,202.64033146439837
train,602,207.77871129795992
train,603,208.8176048544497
train,604,209.9098815567653
train,605,212.23228875696782
train,606,213.8619295456374
train,607,212.19537994280006
train,608,213.75892484764174
train,609,215.2699793163923
train,610,213.08140119334232
train,611,210.9103831434479
train,612,211.96493505916513
train,613,209.78640655994593
train,614,211.53462661461214
train,615,213.15891035468863
train,616,215.008968821918
train,617,215.94379042549156
train,618,218.06003957166138
train,619,215.8390576871352
train,620,217.42945074377727
train,621,220.0386041527026
train,622,217.79421039034503
train,623,220.51663802022435
train,624,222.67770107282254
train,625,224.94992251234115
train,626,222.65256160157682
train,627,224.98995759113424
train,628,222.69414169734716
train,629,224.47569483092593
train,630,227.39909922872403
train,631,229.7194982004457
train,632,232.06357471269516
train,633,229.69743630385983
train,634,227.29605401522858
train,635,226.38686979916767
train,636,228.9952402555494
train,637,230.8272021775938
train,638,228.4753778535202
train,639,226.13869785274557
train,640,223.83116011955428
train,641,226.41008435571436
train,642,228.62890318240036
train,643,226.26640451618223
train,644,227.2037939063207
train,645,229.71753800911404
train,646,227.38075615695237
train,647,229.60908756729052
train,648,233.9986730649005
train,649,236.2918600609365
train,650,237.82775715133258
train,651,239.5801722040266
train,652,241.65954728353324
train,653,244.7907084612064
train,654,246.83063103171645
train,655,249.79259860409704
train,656,252.2405660704172
train,657,249.66771229649893
train,658,253.05605982052285
train,659,250.4748880103535
train,660,247.89647004554104
train,661,250.5303700397749
train,662,253.08680238711955
train,663,250.44089490761783
train,664,251.7508934348269
train,665,249.21043153956882
train,666,246.67877001281764
train,667,248.21545743256962
train,668,245.6742039398076
train,669,246.84757327205742
train,670,244.7729038866885
train,671,246.50319510381854
train,672,248.24571768989725
train,673,250.67852572325825
train,674,252.1745104735422
train,675,254.11085046467832
train,676,251.51788260279386
train,677,253.8851097331731
train,678,256.17984053268447
train,679,258.4032882052323
train,680,260.3874563110939
train,681,257.74089527973524
train,682,259.4162110990535
train,683,262.1725083419809
train,684,264.95809124311444
train,685,267.554680537297
train,686,270.07284223647156
train,687,271.9038445567188
train,688,275.3026426136778
train,689,277.8937263088653
train,690,279.9413642921938
train,691,277.0576148310054
train,692,280.38230620897747
train,693,282.8158130175837
train,694,285.9448390339485
train,695,287.80348048766916
train,696,284.8758243930532
train,697,282.50342431227375
train,698,285.27195787053404
train,699,287.1262255966925
train,700,289.1559109845312
train,701,291.2865334865225
train,702,288.3225652510456
train,703,291.2646322434032
train,704,294.23672032751955
train,705,297.4921053183772
train,706,294.3819605809578
train,707,291.3727227616858
train,708,288.90672817015167
train,709,290.86541785266115
train,710,294.8128770949473
train,711,297.7020432904778
train,712,300.8651275004391
train,713,301.44510846911464
train,714,304.647962746599
train,715,307.2920771402487
train,716,310.4277105804553
train,717,313.72600500537266
train,718,316.5616054352289
train,719,320.0639891549378
train,720,323.2006162486562
train,721,327.4097405532899
train,722,329.6294676078885
train,723,332.0583163165782
train,724,335.58643592744187
train,725,338.2711274148614
train,726,334.8207619152298
train,727,348.91847820639737
train,728,352.20241682481054
train,729,354.590229820233
train,730,359.0226076929859
train,731,362.2676197240571
train,732,358.573910660204
train,733,361.2160342124371
train,734,364.6157145344365
train,735,368.33628305009404
train,736,371.6654763776622
train,737,374.6388001886835
train,738,370.815955288799
train,739,374.03435791960743
train,740,377.41505307772695
train,741,373.5622744108918
train,742,369.7519392119007
train,743,374.3738384520495
train,744,377.8973569315982
train,745,381.45403793801324
train,746,383.63377529765904
train,747,379.7175138414954
train,748,375.8636644472832
train,749,379.8572158820356
train,750,382.43251904055785
train,751,385.7517446775136
train,752,388.8377586349337
train,753,391.3652040660608
train,754,394.6265807666113
train,755,397.7835934127442
train,756,400.83800314787777
train,757,404.766215578727
train,758,406.9797808201732
train,759,411.48253584201336
train,760,415.0538937002648
train,761,420.98343824064983
train,762,416.6984282442718
train,763,412.44640346626903
train,764,417.39576030786424
train,765,417.39576030786424
train,766,413.13299509620947
train,767,421.8350480704981
train,768,427.32871381281154
train,769,422.97163673079854
train,770,418.6499700076795
train,771,414.35612416144687
train,772,410.13583030424695
train,773,405.94333070558133
train,774,410.25647859432814
train,775,413.6752825826142
train,776,416.1439899141556
train,777,419.90529136145665
train,778,424.3667850821721
train,779,437.58581043748177
train,780,433.12738897264705
train,781,428.72143794689083
train,782,432.29411659644825
train,783,427.88111415619284
train,784,433.45351936380837
train,785,429.0570622388326
train,786,435.12664994855265
train,787,430.69626951271283
train,788,426.2976693134341
train,789,429.31115283789114
train,790,424.94402214522984
train,791,428.943495294832
train,792,430.9921806454939
train,793,434.8876868936358
train,794,430.4482084232633
train,795,432.90791247139623
train,796,434.97553235185666
train,797,439.7880276034091
train,798,444.6537674832766
train,799,448.2109976231428
train,800,443.6426932242916
train,801,446.7787881246702
train,802,450.9837649540789
train,803,455.97337256633676
train,804,451.3186443880554
train,805,455.5663492764136
train,806,450.9307618627237
train,807,455.17481609201997
train,808,455.17481609201997
train,809,459.4588143611213
train,810,463.78313261393185
train,811,468.71082839795486
train,812,471.8885289294664
train,813,475.2242926684506
train,814,478.72594535127075
train,815,482.8809252543195
train,816,487.4256869037719
train,817,496.98171787480635
train,818,491.90146031430834
train,819,495.52599739030853
train,820,500.7909611125806
train,821,504.7972888014812
train,822,508.6734108404926
train,823,503.4869368476091
train,824,498.3533445503394
train,825,503.43858276003675
train,826,506.99737274161635
train,827,501.53740103516816
train,828,503.41816628905
train,829,508.7669843058712
train,830,503.4115423658094
train,831,508.1495333527817
train,832,512.742423365778
train,833,507.5200468314969
train,834,509.1441109813577
train,835,515.010336607882
train,836,519.3020894129477
train,837,526.9617952317886
train,838,534.0638926238678
train,839,528.6164409191043
train,840,523.2341644297462
train,841,523.2341644297462
train,842,523.2341644297462
train,843,523.2341644297462
train,844,523.2341644297462
train,845,523.2341644297462
train,846,523.2341644297462
train,847,523.2341644297462
train,848,523.2341644297462
train,849,523.2341644297462
train,850,523.2341644297462
train,851,523.2341644297462
train,852,523.2341644297462
train,853,523.2341644297462
train,854,523.2341644297462
train,855,523.2341644297462
train,856,523.2341644297462
train,857,523.2341644297462
train,858,523.2341644297462
train,859,523.2341644297462
train,860,523.2341644297462
train,861,523.2341644297462
train,862,523.2341644297462
train,863,523.2341644297462
train,864,523.2341644297462
train,865,523.2341644297462
train,866,523.2341644297462
train,867,523.2341644297462
train,868,523.2341644297462
train,869,523.2341644297462
train,870,523.2341644297462
train,871,523.2341644297462
train,872,523.2341644297462
train,873,523.2341644297462
train,874,523.2341644297462
train,875,523.2341644297462
train,876,523.2341644297462
train,877,523.2341644297462
train,878,523.2341644297462
train,879,523.2341644297462
train,880,523.2341644297462
train,881,523.2341644297462
train,882,523.2341644297462
train,883,523.2341644297462
train,884,523.2341644297462
train,885,523.2341644297462
train,886,523.2341644297462
train,887,523.2341644297462
train,888,523.2341644297462
train,889,523.2341644297462
train,890,523.2341644297462
train,891,523.2341644297462
train,892,523.2341644297462
train,893,523.2341644297462
train,894,523.2341644297462
train,895,523.2341644297462
train,896,523.2341644297462
train,897,523.2341644297462
train,898,523.2341644297462
train,899,523.2341644297462
train,900,523.2341644297462
train,901,523.2341644297462
train,902,523.2341644297462
train,903,523.2341644297462
train,904,523.2341644297462
train,905,523.2341644297462
train,906,523.2341644297462
train,907,523.2341644297462
train,908,523.2341644297462
train,909,523.2341644297462
train,910,523.2341644297462
train,911,523.2341644297462
train,912,523.2341644297462
train,913,523.2341644297462
train,914,523.2341644297462
train,915,523.2341644297462
train,916,523.2341644297462
train,917,523.2341644297462
train,918,523.2341644297462
train,919,523.2341644297462
train,920,523.2341644297462
train,921,523.2341644297462
train,922,523.2341644297462
train,923,523.2341644297462
train,924,523.2341644297462
train,925,523.2341644297462
train,926,523.2341644297462
train,927,523.2341644297462
train,928,523.2341644297462
train,929,523.2341644297462
train,930,523.2341644297462
train,931,523.2341644297462
train,932,523.2341644297462
train,933,523.2341644297462
train,934,523.2341644297462
train,935,523.2341644297462
train,936,523.2341644297462
train,937,523.2341644297462
train,938,523.2341644297462
train,939,523.2341644297462
train,940,523.2341644297462
train,941,523.2341644297462
train,942,523.2341644297462
train,943,523.2341644297462
train,944,523.2341644297462
train,945,523.2341644297462
train,946,523.2341644297462
train,947,523.2341644297462
train,948,523.2341644297462
train,949,523.2341644297462
train,950,523.2341644297462
train,951,523.2341644297462
train,952,523.2341644297462
train,953,523.2341644297462
train,954,523.2341644297462
train,955,523.2341644297462
train,956,523.2341644297462
train,957,523.2341644297462
train,958,523.2341644297462
train,959,523.2341644297462
train,960,523.2341644297462
train,961,523.2341644297462
train,962,523.2341644297462
train,963,523.2341644297462
train,964,523.2341644297462
train,965,523.2341644297462
train,966,523.2341644297462
train,967,523.2341644297462
train,968,523.2341644297462
train,969,523.2341644297462
train,970,523.2341644297462
train,971,523.2341644297462
train,972,523.2341644297462
train,973,523.2341644297462
train,974,523.2341644297462
train,975,523.2341644297462
train,976,523.2341644297462
train,977,523.2341644297462
train,978,523.2341644297462
train,979,523.2341644297462
train,980,523.2341644297462
train,981,523.2341644297462
train,982,523.2341644297462
train,983,523.2341644297462
train,984,523.2341644297462
train,985,523.2341644297462
train,986,523.2341644297462
train,987,523.2341644297462
train,988,523.2341644297462
train,989,523.2341644297462
train,990,523.2341644297462
train,991,523.2341644297462
train,992,523.2341644297462
train,993,523.2341644297462
train,994,523.2341644297462
train,995,523.2341644297462
train,996,523.2341644297462
train,997,523.2341644297462
train,998,523.2341644297462
train,999,523.2341644297462
train,1000,523.2341644297462
train,1001,523.2341644297462
train,1002,523.2341644297462
train,1003,523.2341644297462
train,1004,523.2341644297462
train,1005,523.2341644297462
train,1006,523.2341644297462
train,1007,523.2341644297462
train,1008,523.2341644297462
train,1009,523.2341644297462
train,1010,523.2341644297462
train,1011,523.2341644297462
train,1012,523.2341644297462
train,1013,523.2341644297462
train,1014,523.2341644297462
train,1015,523.2341644297462
train,1016,523.2341644297462
train,1017,523.2341644297462
train,1018,523.2341644297462
train,1019,523.2341644297462
train,1020,523.2341644297462
train,1021,523.2341644297462
train,1022,523.2341644297462
train,1023,523.2341644297462
train,1024,523.2341644297462
train,1025,523.2341644297462
train,1026,523.2341644297462
train,1027,523.2341644297462
train,1028,523.2341644297462
train,1029,523.2341644297462
train,1030,523.2341644297462
train,1031,523.2341644297462
train,1032,523.2341644297462
train,1033,523.2341644297462
train,1034,523.2341644297462
train,1035,523.2341644297462
train,1036,523.2341644297462
train,1037,523.2341644297462
train,1038,523.2341644297462
train,1039,523.2341644297462
train,1040,523.2341644297462
train,1041,523.2341644297462
train,1042,523.2341644297462
train,1043,523.2341644297462
train,1044,523.2341644297462
train,1045,523.2341644297462
train,1046,523.2341644297462
train,1047,523.2341644297462
train,1048,523.2341644297462
train,1049,523.2341644297462
train,1050,523.2341644297462
train,1051,523.2341644297462
train,1052,523.2341644297462
train,1053,523.2341644297462
train,1054,523.2341644297462
train,1055,523.2341644297462
train,1056,523.2341644297462
train,1057,523.2341644297462
train,1058,523.2341644297462
train,1059,523.2341644297462
train,1060,523.2341644297462
train,1061,523.2341644297462
train,1062,523.2341644297462
train,1063,523.2341644297462
train,1064,523.2341644297462
train,1065,523.2341644297462
train,1066,523.2341644297462
train,1067,523.2341644297462
train,1068,523.2341644297462
train,1069,523.2341644297462
train,1070,523.2341644297462
train,1071,523.2341644297462
train,1072,523.2341644297462
train,1073,523.2341644297462
train,1074,523.2341644297462
train,1075,523.2341644297462
train,1076,523.2341644297462
train,1077,523.2341644297462
train,1078,523.2341644297462
train,1079,523.2341644297462
train,1080,523.2341644297462
train,1081,523.2341644297462
train,1082,523.2341644297462
train,1083,523.2341644297462
train,1084,523.2341644297462
train,1085,523.2341644297462
train,1086,523.2341644297462
train,1087,523.2341644297462
train,1088,523.2341644297462
train,1089,523.2341644297462
train,1090,523.2341644297462
train,1091,523.2341644297462
train,1092,523.2341644297462
train,1093,523.2341644297462
train,1094,523.2341644297462
train,1095,517.8523273098974
train,1096,521.8286933945984
train,1097,525.835592290307
train,1098,532.1456193977907
train,1099,532.1456193977907
train,1100,527.8777570934311
train,1101,522.605295760254
train,1102,517.2485914787113
train,1103,519.9541994956769
train,1104,522.1082954650161
train,1105,516.7939788861758
train,1106,513.1375540182262
train,1107,518.1663020476047
train,1108,513.8043135504169
train,1109,517.9147480588202
train,1110,512.5198027665408
train,1111,512.5198027665408
train,1112,512.5198027665408
train,1113,512.5198027665408
train,1114,512.5198027665408
train,1115,512.5198027665408
train,1116,512.5198027665408
train,1117,512.5198027665408
train,1118,512.5198027665408
train,1119,512.5198027665408
train,1120,512.5198027665408
train,1121,512.5198027665408
train,1122,512.5198027665408
train,1123,512.5198027665408
train,1124,512.5198027665408
train,1125,512.5198027665408
train,1126,512.5198027665408
train,1127,512.5198027665408
train,1128,512.5198027665408
train,1129,512.5198027665408
train,1130,512.5198027665408
train,1131,512.5198027665408
train,1132,512.5198027665408
train,1133,512.5198027665408
train,1134,512.5198027665408
train,1135,512.5198027665408
train,1136,512.5198027665408
train,1137,512.5198027665408
train,1138,512.5198027665408
train,1139,512.5198027665408
train,1140,512.5198027665408
train,1141,512.5198027665408
train,1142,512.5198027665408
train,1143,512.5198027665408
train,1144,512.5198027665408
train,1145,512.5198027665408
train,1146,512.5198027665408
train,1147,512.5198027665408
train,1148,512.5198027665408
train,1149,512.5198027665408
train,1150,512.5198027665408
train,1151,512.5198027665408
train,1152,512.5198027665408
train,1153,512.5198027665408
train,1154,512.5198027665408
train,1155,512.5198027665408
train,1156,512.5198027665408
train,1157,512.5198027665408
train,1158,512.5198027665408
train,1159,512.5198027665408
train,1160,512.5198027665408
train,1161,512.5198027665408
train,1162,512.5198027665408
train,1163,512.5198027665408
train,1164,512.5198027665408
train,1165,512.5198027665408
train,1166,512.5198027665408
train,1167,512.5198027665408
train,1168,512.5198027665408
train,1169,512.5198027665408
train,1170,512.5198027665408
train,1171,512.5198027665408
train,1172,512.5198027665408
train,1173,512.5198027665408
train,1174,512.5198027665408
train,1175,512.5198027665408
train,1176,512.5198027665408
train,1177,512.5198027665408
train,1178,512.5198027665408
train,1179,512.5198027665408
train,1180,512.5198027665408
train,1181,512.5198027665408
train,1182,512.5198027665408
train,1183,512.5198027665408
train,1184,512.5198027665408
train,1185,512.5198027665408
train,1186,512.5198027665408
train,1187,512.5198027665408
train,1188,512.5198027665408
train,1189,512.5198027665408
train,1190,512.5198027665408
train,1191,512.5198027665408
train,1192,512.5198027665408
train,1193,512.5198027665408
train,1194,512.5198027665408
train,1195,512.5198027665408
train,1196,512.5198027665408
train,1197,512.5198027665408
train,1198,512.5198027665408
train,1199,512.5198027665408
train,1200,512.5198027665408
train,1201,512.5198027665408
train,1202,512.5198027665408
train,1203,512.5198027665408
train,1204,512.5198027665408
train,1205,512.5198027665408
train,1206,512.5198027665408
train,1207,512.5198027665408
train,1208,512.5198027665408
train,1209,512.5198027665408
train,1210,512.5198027665408
train,1211,512.5198027665408
train,1212,512.5198027665408
train,1213,512.5198027665408
train,1214,512.5198027665408
train,1215,512.5198027665408
train,1216,512.5198027665408
train,1217,512.5198027665408
train,1218,512.5198027665408
train,1219,512.5198027665408
train,1220,512.5198027665408
train,1221,512.5198027665408
train,1222,512.5198027665408
train,1223,512.5198027665408
train,1224,512.5198027665408
train,1225,512.5198027665408
train,1226,512.5198027665408
train,1227,512.5198027665408
train,1228,512.5198027665408
train,1229,512.5198027665408
train,1230,512.5198027665408
train,1231,512.5198027665408
train,1232,512.5198027665408
train,1233,512.5198027665408
train,1234,512.5198027665408
train,1235,512.5198027665408
train,1236,512.5198027665408
train,1237,512.5198027665408
train,1238,512.5198027665408
train,1239,512.5198027665408
train,1240,512.5198027665408
train,1241,512.5198027665408
train,1242,512.5198027665408
train,1243,512.5198027665408
train,1244,512.5198027665408
train,1245,512.5198027665408
train,1246,512.5198027665408
train,1247,512.5198027665408
train,1248,512.5198027665408
train,1249,512.5198027665408
train,1250,512.5198027665408
train,1251,512.5198027665408
train,1252,512.5198027665408
train,1253,512.5198027665408
train,1254,512.5198027665408
train,1255,512.5198027665408
train,1256,512.5198027665408
train,1257,512.5198027665408
train,1258,512.5198027665408
train,1259,512.5198027665408
train,1260,512.5198027665408
train,1261,512.5198027665408
train,1262,512.5198027665408
train,1263,512.5198027665408
train,1264,512.5198027665408
train,1265,512.5198027665408
train,1266,512.5198027665408
train,1267,512.5198027665408
train,1268,512.5198027665408
train,1269,512.5198027665408
train,1270,512.5198027665408
train,1271,512.5198027665408
train,1272,512.5198027665408
train,1273,512.5198027665408
train,1274,512.5198027665408
train,1275,512.5198027665408
train,1276,512.5198027665408
train,1277,512.5198027665408
train,1278,512.5198027665408
train,1279,512.5198027665408
train,1280,512.5198027665408
train,1281,512.5198027665408
train,1282,512.5198027665408
train,1283,512.5198027665408
train,1284,512.5198027665408
train,1285,512.5198027665408
train,1286,512.5198027665408
train,1287,512.5198027665408
train,1288,512.5198027665408
train,1289,512.5198027665408
train,1290,512.5198027665408
train,1291,512.5198027665408
train,1292,512.5198027665408
train,1293,512.5198027665408
train,1294,512.5198027665408
train,1295,512.5198027665408
train,1296,512.5198027665408
train,1297,512.5198027665408
train,1298,512.5198027665408
train,1299,512.5198027665408
train,1300,512.5198027665408
train,1301,512.5198027665408
train,1302,512.5198027665408
train,1303,512.5198027665408
train,1304,512.5198027665408
train,1305,512.5198027665408
train,1306,512.5198027665408
train,1307,512.5198027665408
train,1308,512.5198027665408
train,1309,512.5198027665408
train,1310,512.5198027665408
train,1311,512.5198027665408
train,1312,512.5198027665408
train,1313,512.5198027665408
train,1314,512.5198027665408
train,1315,512.5198027665408
train,1316,512.5198027665408
train,1317,512.5198027665408
train,1318,512.5198027665408
train,1319,512.5198027665408
train,1320,512.5198027665408
train,1321,512.5198027665408
train,1322,512.5198027665408
train,1323,512.5198027665408
train,1324,512.5198027665408
train,1325,512.5198027665408
train,1326,512.5198027665408
train,1327,512.5198027665408
train,1328,512.5198027665408
train,1329,512.5198027665408
train,1330,512.5198027665408
train,1331,512.5198027665408
train,1332,512.5198027665408
train,1333,512.5198027665408
train,1334,512.5198027665408
train,1335,512.5198027665408
train,1336,512.5198027665408
train,1337,512.5198027665408
train,1338,512.5198027665408
train,1339,512.5198027665408
train,1340,512.5198027665408
train,1341,512.5198027665408
train,1342,512.5198027665408
train,1343,512.5198027665408
train,1344,512.5198027665408
train,1345,512.5198027665408
train,1346,512.5198027665408
train,1347,520.0794698573472
train,1348,514.6422753997477
train,1349,520.3361899360854
train,1350,525.6457428946169
train,1351,528.6494328540147
train,1352,523.1596118205307
train,1353,526.8578090765034
train,1354,532.4556732979412
train,1355,527.047920366009
train,1356,522.4212485723305
train,1357,529.5112512315263
train,1358,524.101027577639
train,1359,529.0337431313109
train,1360,523.5229749736931
train,1361,531.577174588673
train,1362,536.0069843769119
train,1363,542.1827170229936
train,1364,536.6376665079857
train,1365,539.9806552501666
train,1366,547.9453699151065
train,1367,556.7413350637438
train,1368,561.016313172269
train,1369,563.120124346665
train,1370,557.382674023133
train,1371,562.2203349674846
train,1372,556.4900123226238
train,1373,563.4461374766565
train,1374,567.5978458580635
train,1375,561.7191538831049
train,1376,555.9541415143046
train,1377,571.5636231798986
train,1378,577.9045115353834
train,1379,584.0447469704469
train,1380,579.5199652460045
train,1381,592.946620758563
train,1382,596.8007737934936
train,1383,590.7109699792743
train,1384,595.4366577391085
train,1385,597.7848586428684
train,1386,607.3648901761163
train,1387,601.1314084085193
train,1388,622.1710077028175
train,1389,615.8248634242487
train,1390,622.9202368506586
train,1391,628.5504774529627
train,1392,633.3768471905479
train,1393,638.4438619680723
train,1394,644.4527453748306
train,1395,637.838625093352
train,1396,641.8120460365565
train,1397,650.522352375624
train,1398,644.656429177015
train,1399,651.5059037370207
train,1400,655.228794615518
train,1401,648.5400006704846
train,1402,642.8673939076276
train,1403,649.6978599678962
train,1404,644.1505421324939
train,1405,637.6051414624379
train,1406,647.8403818911771
train,1407,641.1714367834738
train,1408,634.6314881282824
train,1409,628.181135298126
train,1410,622.2903028928308
train,1411,633.8728176743946
train,1412,638.9438002157898
train,1413,632.1785129193873
train,1414,660.6265460007597
train,1415,653.705696471228
train,1416,659.6141902662564
train,1417,665.5760877552015
train,1418,672.0987334152024
train,1419,676.2855779840185
train,1420,670.3417828263696
train,1421,663.3989572185251
train,1422,672.7836253938116
train,1423,707.6842759611155
train,1424,712.482135459157
train,1425,718.6659426725761
train,1426,727.289933984647
train,1427,734.4173753376965
train,1428,727.5379243564753
train,1429,721.2375300989106
train,1430,728.0256480292533
train,1431,720.6260430820707
train,1432,727.6881783042751
train,1433,733.2757839591114
train,1434,725.7763725322569
train,1435,730.6968903121366
train,1436,752.3255182653759
train,1437,759.1253835266206
train,1438,764.0596985195436
train,1439,755.9946239240596
train,1440,764.3588197632195
train,1441,770.7284765945797
train,1442,764.3631001219005
train,1443,756.5234785821888
train,1444,756.5234785821888
train,1445,761.2362477930286
train,1446,753.4426385894333
train,1447,761.447966624446
train,1448,767.7933663463165
train,1449,759.8506763496305
train,1450,770.1629355286611
train,1451,777.1240235997856
train,1452,781.9651240746695
train,1453,788.2208450672669
train,1454,796.5956915461065
train,1455,805.773859296529
train,1456,797.3803815955235
train,1457,822.2985185203837
train,1458,813.9110736314758
train,1459,805.5734479991534
train,1460,811.2680189246646
train,1461,802.8465553971378
train,1462,794.6636962748208
train,1463,799.4060441396867
train,1464,823.9909454132304
train,1465,818.5497343475939
train,1466,810.0368171103789
train,1467,823.8837996877851
train,1468,829.2390443857557
train,1469,820.6011376734041
train,1470,813.8427950586387
train,1471,804.9645100216353
train,1472,813.870500345279
train,1473,818.9405132982496
train,1474,827.6417562520435
train,1475,819.2030559922188
train,1476,810.620928738967
train,1477,802.3458400914234
train,1478,794.1313469666778
train,1479,787.5782785027168
train,1480,779.5618567393856
train,1481,774.4387486637348
train,1482,796.1826058377551
train,1483,805.7367971078081
train,1484,797.527403325955
train,1485,810.8913760303359
train,1486,804.301252384235
train,1487,808.6997748582113
train,1488,812.5622215441012
train,1489,821.5930587845912
train,1490,829.9766614252503
train,1491,839.159381934636
train,1492,868.7140379024128
train,1493,859.845915432159
train,1494,867.9385828715206
train,1495,859.0922857768685
train,1496,851.3905687033667
train,1497,859.085829612801
train,1498,850.3121870976065
train,1499,872.0120236329942
train,1500,875.6246448737595
train,1501,881.0793557762518
train,1502,886.5680468450219
train,1503,877.5008736386524
train,1504,885.7597053905456
train,1505,878.6754619575312
train,1506,869.7017551120075
train,1507,874.4579365852763
train,1508,881.7450860568204
train,1509,872.7612681988829
train,1510,863.851830252686
train,1511,871.0505955047917
train,1512,862.1872736557955
train,1513,871.3480134383883
train,1514,863.6702412899238
train,1515,870.5796032202431
train,1516,881.4618482604961
train,1517,873.0871671882214
train,1518,880.9785319685765
train,1519,871.9638679205259
train,1520,878.9395788638901
train,1521,888.278311889319
train,1522,897.716268953143
train,1523,907.2545043107701
train,1524,918.1415583624994
train,1525,908.7647935111377
train,1526,899.4926494014043
train,1527,906.9884214797493
train,1528,927.8400746326745
train,1529,953.8909690358226
train,1530,962.5126758713387
train,1531,971.571618703069
train,1532,981.485614812284
train,1533,993.2634421900314
train,1534,983.1652638610993
train,1535,973.5616686685853
train,1536,963.6457627839978
train,1537,978.6645008932404
train,1538,996.5600803381454
train,1539,986.3951675186963
train,1540,1003.6570829502735
train,1541,1009.392266281418
train,1542,1014.6721642896592
train,1543,1004.2948353366968
train,1544,1015.7320928540786
train,1545,1024.196526961196
train,1546,1033.8360236855367
train,1547,1039.2437813478919
train,1548,1050.7417976521665
train,1549,1074.9088589981664
train,1550,1063.926094569272
train,1551,1053.089810272733
train,1552,1042.343995882195
train,1553,1047.555715861606
train,1554,1069.4889136624583
train,1555,1058.5922341647654
train,1556,1071.1307904937814
train,1557,1092.1157395735695
train,1558,1095.0560511801136
train,1559,1105.7876004816787
train,1560,1110.8286910132863
train,1561,1098.926955038144
train,1562,1109.2697969679145
train,1563,1097.2527075007622
train,1564,1106.776032886618
train,1565,1132.9551178445586
train,1566,1146.3162613236489
train,1567,1134.6588078186626
train,1568,1123.098133172963
train,1569,1111.5048621208548
train,1570,1121.9660843525805
train,1571,1134.379326136907
train,1572,1143.8324871880477
train,1573,1135.8270312294787
train,1574,1124.2729286704202
train,1575,1129.8942933137723
train,1576,1119.9116133810658
train,1577,1124.1112819312448
train,1578,1133.1041721866948
train,1579,1121.2065783787345
train,1580,1109.5792508992513
train,1581,1098.2192728543305
train,1582,1108.1454855128216
train,1583,1133.6328316796164
train,1584,1121.5407481417005
train,1585,1112.417036868045
train,1586,1101.086863344389
train,1587,1106.1065240449295
train,1588,1095.9668536397442
train,1589,1106.7073288054137
train,1590,1130.9834895663066
train,1591,1119.4330198856294
train,1592,1128.0286662883227
train,1593,1116.563456893261
train,1594,1128.4583638057245
train,1595,1116.8418806489008
train,1596,1105.4627369592704
train,1597,1118.7282898027815
train,1598,1107.3172612467931
train,1599,1118.1689704070118
train,1600,1106.5011202810256
train,1601,1095.1008057084332
train,1602,1112.6800554842791
train,1603,1123.1523383594254
train,1604,1111.2188447643564
train,1605,1099.8702267752735
train,1606,1088.6515504621657
train,1607,1077.5865674902552
train,1608,1087.728558713693
train,1609,1076.3333071462162
train,1610,1065.3253528685843
train,1611,1078.1092571030074
train,1612,1067.1247476910146
train,1613,1106.7608097481095
train,1614,1095.478539852103
train,1615,1106.2142295426536
train,1616,1119.4785525006957
train,1617,1129.596916340606
train,1618,1118.0606074077657
train,1619,1106.5857748580545
train,1620,1120.41809704378
train,1621,1130.9632085453686
train,1622,1151.643678644484
train,1623,1182.3541767416702
train,1624,1170.3156614875732
train,1625,1193.2702304582963
train,1626,1203.6269154773684
train,1627,1215.9088227781579
train,1628,1203.5015898926665
train,1629,1213.5307698084387
train,1630,1225.4233713525614
train,1631,1256.139296359945
train,1632,1243.3575280811947
train,1633,1248.7634303772
train,1634,1252.125485766677
train,1635,1239.1033807147035
train,1636,1242.2403512987912
train,1637,1229.559147712616
train,1638,1216.7046657138023
train,1639,1229.1200194455757
train,1640,1216.5673043533657
train,1641,1203.8726890035914
train,1642,1213.1167114370119
train,1643,1238.5163425827243
train,1644,1249.7106249099143
train,1645,1268.1438566273355
train,1646,1279.6059261006978
train,1647,1287.9233646203525
train,1648,1297.812776170116
train,1649,1284.569788658176
train,1650,1297.677643644484
train,1651,1308.4916240081882
train,1652,1294.922081240696
train,1653,1320.8205228655097
train,1654,1306.7868048100636
train,1655,1335.4518056897682
train,1656,1371.0638538414953
train,1657,1394.0384373382988
train,1658,1423.0509171906044
train,1659,1435.4019251511268
train,1660,1421.2681537985131
train,1661,1434.1142313424612
train,1662,1418.9294924223645
train,1663,1404.3854651250354
train,1664,1416.0886773344107
train,1665,1405.7489218283033
train,1666,1430.3495279602987
train,1667,1415.516273596266
train,1668,1442.5776141209005
train,1669,1456.7148747392853
train,1670,1441.9008251656655
train,1671,1454.9333903162014
train,1672,1463.6160573229272
train,1673,1448.314616723642
train,1674,1433.3320517230527
train,1675,1440.829480916681
train,1676,1454.3902289723674
train,1677,1439.418564850593
train,1678,1455.3440468446845
train,1679,1440.7916257045372
train,1680,1428.589744884202
train,1681,1447.1946345850195
train,1682,1431.9990909218768
train,1683,1419.2346909218768
train,1684,1407.8970774989546
train,1685,1392.9381710505281
train,1686,1406.5889651268233
train,1687,1416.9533048698631
train,1688,1426.1635013515172
train,1689,1420.672771871314
train,1690,1427.458074662341
train,1691,1416.8874588969295
train,1692,1402.3730020009123
train,1693,1416.6829305927583
train,1694,1402.3911305927584
train,1695,1387.847815164389
train,1696,1413.2256037845377
train,1697,1400.2474360904118
train,1698,1432.7737541819815
train,1699,1421.573042903532
train,1700,1430.813267682405
train,1701,1447.2987248970067
train,1702,1432.358867091618
train,1703,1417.5237216824548
train,1704,1432.2766335825859
train,1705,1448.7789513173418
train,1706,1437.882739017679
train,1707,1458.4354225206812
train,1708,1444.0184947595772
train,1709,1429.127054032369
train,1710,1416.1429934932917
train,1711,1425.7439629407038
train,1712,1410.7361317518544
train,1713,1446.5083693784193
train,1714,1463.8664698109603
train,1715,1476.5717259640367
train,1716,1487.00956057861
train,1717,1471.8162020248722
train,1718,1456.8036767642184
train,1719,1444.6249772109054
train,1720,1459.366048406935
train,1721,1529.758998977152
train,1722,1535.4955952233163
train,1723,1524.5850619368498
train,1724,1508.794716652504
train,1725,1493.186495445754
train,1726,1477.6054189715373
train,1727,1462.4300119658838
train,1728,1447.3625512365384
train,1729,1432.0498590658578
train,1730,1419.1981141035633
train,1731,1424.7949517366478
train,1732,1410.2562277393351
train,1733,1395.8658580685255
train,1734,1381.6335002999838
train,1735,1381.6335002999838
train,1736,1381.6335002999838
train,1737,1381.6335002999838
train,1738,1381.6335002999838
train,1739,1381.6335002999838
train,1740,1381.6335002999838
train,1741,1381.6335002999838
train,1742,1381.6335002999838
train,1743,1381.6335002999838
train,1744,1381.6335002999838
train,1745,1381.6335002999838
train,1746,1381.6335002999838
train,1747,1381.6335002999838
train,1748,1381.6335002999838
train,1749,1381.6335002999838
train,1750,1381.6335002999838
train,1751,1381.6335002999838
train,1752,1381.6335002999838
train,1753,1381.6335002999838
train,1754,1381.6335002999838
train,1755,1381.6335002999838
train,1756,1381.6335002999838
train,1757,1381.6335002999838
train,1758,1381.6335002999838
train,1759,1381.6335002999838
train,1760,1381.6335002999838
train,1761,1381.6335002999838
train,1762,1381.6335002999838
train,1763,1381.6335002999838
train,1764,1381.6335002999838
train,1765,1381.6335002999838
train,1766,1381.6335002999838
train,1767,1381.6335002999838
train,1768,1381.6335002999838
train,1769,1381.6335002999838
train,1770,1381.6335002999838
train,1771,1381.6335002999838
train,1772,1381.6335002999838
train,1773,1381.6335002999838
train,1774,1381.6335002999838
train,1775,1381.6335002999838
train,1776,1381.6335002999838
train,1777,1381.6335002999838
train,1778,1381.6335002999838
train,1779,1381.6335002999838
train,1780,1381.6335002999838
train,1781,1381.6335002999838
train,1782,1381.6335002999838
train,1783,1381.6335002999838
train,1784,1381.6335002999838
train,1785,1381.6335002999838
train,1786,1381.6335002999838
train,1787,1381.6335002999838
train,1788,1381.6335002999838
train,1789,1381.6335002999838
train,1790,1381.6335002999838
train,1791,1381.6335002999838
train,1792,1381.6335002999838
train,1793,1381.6335002999838
train,1794,1381.6335002999838
train,1795,1381.6335002999838
train,1796,1381.6335002999838
train,1797,1381.6335002999838
train,1798,1381.6335002999838
train,1799,1381.6335002999838
train,1800,1381.6335002999838
train,1801,1381.6335002999838
train,1802,1381.6335002999838
train,1803,1381.6335002999838
train,1804,1381.6335002999838
train,1805,1381.6335002999838
train,1806,1381.6335002999838
train,1807,1381.6335002999838
train,1808,1381.6335002999838
train,1809,1381.6335002999838
train,1810,1381.6335002999838
train,1811,1381.6335002999838
train,1812,1381.6335002999838
train,1813,1381.6335002999838
train,1814,1381.6335002999838
train,1815,1381.6335002999838
train,1816,1381.6335002999838
train,1817,1381.6335002999838
train,1818,1381.6335002999838
train,1819,1381.6335002999838
train,1820,1381.6335002999838
train,1821,1381.6335002999838
train,1822,1381.6335002999838
train,1823,1381.6335002999838
train,1824,1381.6335002999838
train,1825,1381.6335002999838
train,1826,1381.6335002999838
train,1827,1381.6335002999838
train,1828,1381.6335002999838
train,1829,1381.6335002999838
train,1830,1381.6335002999838
train,1831,1381.6335002999838
train,1832,1381.6335002999838
train,1833,1381.6335002999838
train,1834,1381.6335002999838
train,1835,1381.6335002999838
train,1836,1381.6335002999838
train,1837,1381.6335002999838
train,1838,1381.6335002999838
train,1839,1381.6335002999838
train,1840,1381.6335002999838
train,1841,1381.6335002999838
train,1842,1381.6335002999838
train,1843,1381.6335002999838
train,1844,1381.6335002999838
train,1845,1381.6335002999838
train,1846,1381.6335002999838
train,1847,1381.6335002999838
train,1848,1381.6335002999838
train,1849,1381.6335002999838
train,1850,1381.6335002999838
train,1851,1381.6335002999838
train,1852,1381.6335002999838
train,1853,1381.6335002999838
train,1854,1381.6335002999838
train,1855,1381.6335002999838
train,1856,1381.6335002999838
train,1857,1381.6335002999838
train,1858,1381.6335002999838
train,1859,1381.6335002999838
train,1860,1381.6335002999838
train,1861,1381.6335002999838
train,1862,1381.6335002999838
train,1863,1381.6335002999838
train,1864,1381.6335002999838
train,1865,1381.6335002999838
train,1866,1381.6335002999838
train,1867,1381.6335002999838
train,1868,1381.6335002999838
train,1869,1381.6335002999838
train,1870,1381.6335002999838
train,1871,1381.6335002999838
train,1872,1381.6335002999838
train,1873,1381.6335002999838
train,1874,1381.6335002999838
train,1875,1381.6335002999838
train,1876,1381.6335002999838
train,1877,1381.6335002999838
train,1878,1381.6335002999838
train,1879,1381.6335002999838
train,1880,1381.6335002999838
train,1881,1381.6335002999838
train,1882,1381.6335002999838
train,1883,1381.6335002999838
train,1884,1381.6335002999838
train,1885,1381.6335002999838
train,1886,1381.6335002999838
train,1887,1381.6335002999838
train,1888,1381.6335002999838
train,1889,1381.6335002999838
train,1890,1381.6335002999838
train,1891,1381.6335002999838
train,1892,1381.6335002999838
train,1893,1381.6335002999838
train,1894,1381.6335002999838
train,1895,1381.6335002999838
train,1896,1381.6335002999838
train,1897,1381.6335002999838
train,1898,1381.6335002999838
train,1899,1381.6335002999838
train,1900,1381.6335002999838
train,1901,1381.6335002999838
train,1902,1381.6335002999838
train,1903,1381.6335002999838
train,1904,1381.6335002999838
train,1905,1381.6335002999838
train,1906,1381.6335002999838
train,1907,1381.6335002999838
train,1908,1381.6335002999838
train,1909,1381.6335002999838
train,1910,1381.6335002999838
train,1911,1381.6335002999838
train,1912,1381.6335002999838
train,1913,1381.6335002999838
train,1914,1381.6335002999838
train,1915,1381.6335002999838
train,1916,1381.6335002999838
train,1917,1381.6335002999838
train,1918,1381.6335002999838
train,1919,1381.6335002999838
train,1920,1381.6335002999838
train,1921,1381.6335002999838
train,1922,1381.6335002999838
train,1923,1381.6335002999838
train,1924,1381.6335002999838
train,1925,1381.6335002999838
train,1926,1381.6335002999838
train,1927,1381.6335002999838
train,1928,1381.6335002999838
train,1929,1381.6335002999838
train,1930,1381.6335002999838
train,1931,1381.6335002999838
train,1932,1381.6335002999838
train,1933,1381.6335002999838
train,1934,1381.6335002999838
train,1935,1381.6335002999838
train,1936,1381.6335002999838
train,1937,1381.6335002999838
train,1938,1381.6335002999838
train,1939,1381.6335002999838
train,1940,1381.6335002999838
train,1941,1381.6335002999838
train,1942,1381.6335002999838
train,1943,1381.6335002999838
train,1944,1381.6335002999838
train,1945,1381.6335002999838
train,1946,1381.6335002999838
train,1947,1381.6335002999838
train,1948,1381.6335002999838
train,1949,1381.6335002999838
train,1950,1381.6335002999838
train,1951,1381.6335002999838
train,1952,1381.6335002999838
train,1953,1381.6335002999838
train,1954,1381.6335002999838
train,1955,1381.6335002999838
train,1956,1381.6335002999838
train,1957,1381.6335002999838
train,1958,1381.6335002999838
train,1959,1381.6335002999838
train,1960,1381.6335002999838
train,1961,1381.6335002999838
train,1962,1381.6335002999838
train,1963,1381.6335002999838
train,1964,1381.6335002999838
train,1965,1381.6335002999838
train,1966,1381.6335002999838
train,1967,1381.6335002999838
train,1968,1381.6335002999838
train,1969,1381.6335002999838
train,1970,1381.6335002999838
train,1971,1381.6335002999838
train,1972,1381.6335002999838
train,1973,1381.6335002999838
train,1974,1381.6335002999838
train,1975,1381.6335002999838
train,1976,1381.6335002999838
train,1977,1381.6335002999838
train,1978,1381.6335002999838
train,1979,1381.6335002999838
train,1980,1381.6335002999838
train,1981,1381.6335002999838
train,1982,1381.6335002999838
train,1983,1381.6335002999838
train,1984,1381.6335002999838
train,1985,1381.6335002999838
train,1986,1381.6335002999838
train,1987,1381.6335002999838
train,1988,1381.6335002999838
train,1989,1381.6335002999838
train,1990,1381.6335002999838
train,1991,1381.6335002999838
train,1992,1381.6335002999838
train,1993,1381.6335002999838
train,1994,1381.6335002999838
train,1995,1381.6335002999838
train,1996,1381.6335002999838
train,1997,1381.6335002999838
train,1998,1381.6335002999838
train,1999,1381.6335002999838
train,2000,1381.6335002999838
train,2001,1381.6335002999838
train,2002,1381.6335002999838
train,2003,1381.6335002999838
train,2004,1381.6335002999838
train,2005,1381.6335002999838
train,2006,1381.6335002999838
train,2007,1381.6335002999838
train,2008,1381.6335002999838
train,2009,1381.6335002999838
train,2010,1381.6335002999838
train,2011,1381.6335002999838
train,2012,1381.6335002999838
train,2013,1381.6335002999838
train,2014,1381.6335002999838
train,2015,1381.6335002999838
train,2016,1381.6335002999838
train,2017,1381.6335002999838
train,2018,1381.6335002999838
train,2019,1381.6335002999838
train,2020,1381.6335002999838
train,2021,1381.6335002999838
train,2022,1381.6335002999838
train,2023,1381.6335002999838
train,2024,1381.6335002999838
train,2025,1381.6335002999838
train,2026,1381.6335002999838
train,2027,1381.6335002999838
train,2028,1381.6335002999838
train,2029,1381.6335002999838
train,2030,1381.6335002999838
train,2031,1381.6335002999838
train,2032,1381.6335002999838
train,2033,1381.6335002999838
train,2034,1381.6335002999838
train,2035,1381.6335002999838
train,2036,1381.6335002999838
train,2037,1381.6335002999838
train,2038,1381.6335002999838
train,2039,1381.6335002999838
train,2040,1381.6335002999838
train,2041,1381.6335002999838
train,2042,1381.6335002999838
train,2043,1381.6335002999838
train,2044,1381.6335002999838
train,2045,1381.6335002999838
train,2046,1381.6335002999838
train,2047,1381.6335002999838
train,2048,1381.6335002999838
train,2049,1381.6335002999838
train,2050,1381.6335002999838
train,2051,1381.6335002999838
train,2052,1381.6335002999838
train,2053,1381.6335002999838
train,2054,1381.6335002999838
train,2055,1381.6335002999838
train,2056,1381.6335002999838
train,2057,1381.6335002999838
train,2058,1381.6335002999838
train,2059,1381.6335002999838
train,2060,1381.6335002999838
train,2061,1381.6335002999838
train,2062,1381.6335002999838
train,2063,1381.6335002999838
train,2064,1381.6335002999838
train,2065,1381.6335002999838
train,2066,1381.6335002999838
train,2067,1381.6335002999838
train,2068,1381.6335002999838
train,2069,1381.6335002999838
train,2070,1381.6335002999838
train,2071,1381.6335002999838
train,2072,1381.6335002999838
train,2073,1381.6335002999838
train,2074,1381.6335002999838
train,2075,1381.6335002999838
train,2076,1381.6335002999838
train,2077,1381.6335002999838
train,2078,1381.6335002999838
train,2079,1381.6335002999838
train,2080,1381.6335002999838
train,2081,1381.6335002999838
train,2082,1381.6335002999838
train,2083,1381.6335002999838
train,2084,1381.6335002999838
train,2085,1381.6335002999838
train,2086,1381.6335002999838
train,2087,1381.6335002999838
train,2088,1381.6335002999838
train,2089,1381.6335002999838
train,2090,1381.6335002999838
train,2091,1381.6335002999838
train,2092,1381.6335002999838
train,2093,1381.6335002999838
train,2094,1381.6335002999838
train,2095,1381.6335002999838
train,2096,1381.6335002999838
train,2097,1381.6335002999838
train,2098,1381.6335002999838
train,2099,1381.6335002999838
train,2100,1381.6335002999838
train,2101,1381.6335002999838
train,2102,1381.6335002999838
train,2103,1381.6335002999838
train,2104,1381.6335002999838
train,2105,1381.6335002999838
train,2106,1381.6335002999838
train,2107,1381.6335002999838
train,2108,1381.6335002999838
train,2109,1381.6335002999838
train,2110,1381.6335002999838
train,2111,1381.6335002999838
train,2112,1381.6335002999838
train,2113,1381.6335002999838
train,2114,1381.6335002999838
train,2115,1381.6335002999838
train,2116,1381.6335002999838
train,2117,1381.6335002999838
train,2118,1381.6335002999838
train,2119,1381.6335002999838
train,2120,1381.6335002999838
train,2121,1381.6335002999838
train,2122,1381.6335002999838
train,2123,1381.6335002999838
train,2124,1381.6335002999838
train,2125,1381.6335002999838
train,2126,1381.6335002999838
train,2127,1381.6335002999838
train,2128,1381.6335002999838
train,2129,1381.6335002999838
train,2130,1381.6335002999838
train,2131,1381.6335002999838
train,2132,1381.6335002999838
train,2133,1381.6335002999838
train,2134,1381.6335002999838
train,2135,1381.6335002999838
train,2136,1381.6335002999838
train,2137,1381.6335002999838
train,2138,1381.6335002999838
train,2139,1381.6335002999838
train,2140,1381.6335002999838
train,2141,1381.6335002999838
train,2142,1381.6335002999838
train,2143,1381.6335002999838
train,2144,1381.6335002999838
train,2145,1381.6335002999838
train,2146,1381.6335002999838
train,2147,1381.6335002999838
train,2148,1381.6335002999838
train,2149,1381.6335002999838
train,2150,1381.6335002999838
train,2151,1381.6335002999838
train,2152,1381.6335002999838
train,2153,1381.6335002999838
train,2154,1381.6335002999838
train,2155,1381.6335002999838
train,2156,1381.6335002999838
train,2157,1381.6335002999838
train,2158,1381.6335002999838
train,2159,1381.6335002999838
train,2160,1381.6335002999838
train,2161,1381.6335002999838
train,2162,1381.6335002999838
train,2163,1381.6335002999838
train,2164,1381.6335002999838
train,2165,1381.6335002999838
train,2166,1381.6335002999838
train,2167,1381.6335002999838
train,2168,1381.6335002999838
train,2169,1381.6335002999838
train,2170,1381.6335002999838
train,2171,1381.6335002999838
train,2172,1381.6335002999838
train,2173,1381.6335002999838
train,2174,1381.6335002999838
train,2175,1381.6335002999838
train,2176,1381.6335002999838
train,2177,1381.6335002999838
train,2178,1381.6335002999838
train,2179,1381.6335002999838
train,2180,1381.6335002999838
train,2181,1381.6335002999838
train,2182,1381.6335002999838
train,2183,1381.6335002999838
train,2184,1381.6335002999838
train,2185,1381.6335002999838
train,2186,1381.6335002999838
train,2187,1381.6335002999838
train,2188,1381.6335002999838
train,2189,1381.6335002999838
train,2190,1381.6335002999838
train,2191,1381.6335002999838
train,2192,1381.6335002999838
train,2193,1381.6335002999838
train,2194,1381.6335002999838
train,2195,1381.6335002999838
train,2196,1381.6335002999838
train,2197,1381.6335002999838
train,2198,1381.6335002999838
train,2199,1381.6335002999838
train,2200,1381.6335002999838
train,2201,1381.6335002999838
train,2202,1381.6335002999838
train,2203,1381.6335002999838
train,2204,1381.6335002999838
train,2205,1381.6335002999838
train,2206,1381.6335002999838
train,2207,1381.6335002999838
train,2208,1381.6335002999838
train,2209,1381.6335002999838
train,2210,1381.6335002999838
train,2211,1381.6335002999838
train,2212,1381.6335002999838
train,2213,1381.6335002999838
train,2214,1381.6335002999838
train,2215,1381.6335002999838
train,2216,1381.6335002999838
train,2217,1381.6335002999838
train,2218,1381.6335002999838
train,2219,1381.6335002999838
train,2220,1381.6335002999838
train,2221,1381.6335002999838
train,2222,1381.6335002999838
train,2223,1381.6335002999838
train,2224,1381.6335002999838
train,2225,1381.6335002999838
train,2226,1381.6335002999838
train,2227,1381.6335002999838
train,2228,1381.6335002999838
train,2229,1381.6335002999838
train,2230,1381.6335002999838
train,2231,1381.6335002999838
train,2232,1381.6335002999838
train,2233,1381.6335002999838
train,2234,1381.6335002999838
train,2235,1381.6335002999838
train,2236,1381.6335002999838
train,2237,1381.6335002999838
train,2238,1381.6335002999838
train,2239,1381.6335002999838
train,2240,1381.6335002999838
train,2241,1381.6335002999838
train,2242,1381.6335002999838
train,2243,1381.6335002999838
train,2244,1381.6335002999838
train,2245,1381.6335002999838
train,2246,1381.6335002999838
train,2247,1381.6335002999838
train,2248,1381.6335002999838
train,2249,1381.6335002999838
train,2250,1381.6335002999838
train,2251,1381.6335002999838
train,2252,1381.6335002999838
train,2253,1381.6335002999838
train,2254,1381.6335002999838
train,2255,1381.6335002999838
train,2256,1381.6335002999838
train,2257,1381.6335002999838
train,2258,1381.6335002999838
train,2259,1381.6335002999838
train,2260,1381.6335002999838
train,2261,1381.6335002999838
train,2262,1381.6335002999838
train,2263,1381.6335002999838
train,2264,1381.6335002999838
train,2265,1381.6335002999838
train,2266,1381.6335002999838
train,2267,1381.6335002999838
train,2268,1381.6335002999838
train,2269,1381.6335002999838
train,2270,1381.6335002999838
train,2271,1381.6335002999838
train,2272,1381.6335002999838
train,2273,1381.6335002999838
train,2274,1381.6335002999838
train,2275,1381.6335002999838
train,2276,1381.6335002999838
train,2277,1381.6335002999838
train,2278,1381.6335002999838
train,2279,1381.6335002999838
train,2280,1381.6335002999838
train,2281,1381.6335002999838
train,2282,1381.6335002999838
train,2283,1381.6335002999838
train,2284,1381.6335002999838
train,2285,1381.6335002999838
train,2286,1381.6335002999838
train,2287,1381.6335002999838
train,2288,1381.6335002999838
train,2289,1381.6335002999838
train,2290,1381.6335002999838
train,2291,1381.6335002999838
train,2292,1381.6335002999838
train,2293,1381.6335002999838
train,2294,1381.6335002999838
train,2295,1381.6335002999838
train,2296,1381.6335002999838
train,2297,1381.6335002999838
train,2298,1381.6335002999838
train,2299,1381.6335002999838
train,2300,1381.6335002999838
train,2301,1381.6335002999838
train,2302,1381.6335002999838
train,2303,1381.6335002999838
train,2304,1381.6335002999838
train,2305,1381.6335002999838
train,2306,1381.6335002999838
train,2307,1381.6335002999838
train,2308,1381.6335002999838
train,2309,1381.6335002999838
train,2310,1381.6335002999838
train,2311,1381.6335002999838
train,2312,1381.6335002999838
train,2313,1381.6335002999838
train,2314,1381.6335002999838
train,2315,1381.6335002999838
train,2316,1381.6335002999838
train,2317,1381.6335002999838
train,2318,1381.6335002999838
train,2319,1381.6335002999838
train,2320,1381.6335002999838
train,2321,1381.6335002999838
train,2322,1381.6335002999838
train,2323,1381.6335002999838
train,2324,1381.6335002999838
train,2325,1381.6335002999838
train,2326,1381.6335002999838
train,2327,1381.6335002999838
train,2328,1381.6335002999838
train,2329,1381.6335002999838
train,2330,1381.6335002999838
train,2331,1381.6335002999838
train,2332,1381.6335002999838
train,2333,1381.6335002999838
train,2334,1381.6335002999838
train,2335,1381.6335002999838
train,2336,1381.6335002999838
train,2337,1381.6335002999838
train,2338,1381.6335002999838
train,2339,1381.6335002999838
train,2340,1381.6335002999838
train,2341,1381.6335002999838
train,2342,1381.6335002999838
train,2343,1381.6335002999838
train,2344,1381.6335002999838
train,2345,1381.6335002999838
train,2346,1381.6335002999838
train,2347,1381.6335002999838
train,2348,1381.6335002999838
train,2349,1381.6335002999838
train,2350,1381.6335002999838
train,2351,1381.6335002999838
train,2352,1381.6335002999838
train,2353,1381.6335002999838
train,2354,1381.6335002999838
train,2355,1381.6335002999838
train,2356,1381.6335002999838
train,2357,1381.6335002999838
train,2358,1381.6335002999838
train,2359,1381.6335002999838
train,2360,1381.6335002999838
train,2361,1381.6335002999838
train,2362,1381.6335002999838
train,2363,1381.6335002999838
train,2364,1381.6335002999838
train,2365,1381.6335002999838
train,2366,1381.6335002999838
train,2367,1381.6335002999838
train,2368,1381.6335002999838
train,2369,1381.6335002999838
train,2370,1381.6335002999838
train,2371,1381.6335002999838
train,2372,1381.6335002999838
train,2373,1381.6335002999838
train,2374,1381.6335002999838
train,2375,1381.6335002999838
train,2376,1381.6335002999838
train,2377,1381.6335002999838
train,2378,1381.6335002999838
train,2379,1381.6335002999838
train,2380,1381.6335002999838
train,2381,1381.6335002999838
train,2382,1381.6335002999838
train,2383,1381.6335002999838
train,2384,1381.6335002999838
train,2385,1381.6335002999838
train,2386,1381.6335002999838
train,2387,1381.6335002999838
train,2388,1381.6335002999838
train,2389,1381.6335002999838
train,2390,1381.6335002999838
train,2391,1381.6335002999838
train,2392,1381.6335002999838
train,2393,1381.6335002999838
train,2394,1381.6335002999838
train,2395,1381.6335002999838
train,2396,1381.6335002999838
train,2397,1381.6335002999838
train,2398,1381.6335002999838
train,2399,1381.6335002999838
train,2400,1381.6335002999838
train,2401,1381.6335002999838
train,2402,1381.6335002999838
train,2403,1381.6335002999838
train,2404,1381.6335002999838
train,2405,1381.6335002999838
train,2406,1381.6335002999838
train,2407,1381.6335002999838
train,2408,1381.6335002999838
train,2409,1381.6335002999838
train,2410,1381.6335002999838
train,2411,1381.6335002999838
train,2412,1381.6335002999838
train,2413,1381.6335002999838
train,2414,1381.6335002999838
train,2415,1381.6335002999838
train,2416,1381.6335002999838
train,2417,1381.6335002999838
train,2418,1381.6335002999838
train,2419,1381.6335002999838
train,2420,1381.6335002999838
train,2421,1381.6335002999838
train,2422,1381.6335002999838
train,2423,1381.6335002999838
train,2424,1381.6335002999838
train,2425,1381.6335002999838
train,2426,1381.6335002999838
train,2427,1381.6335002999838
train,2428,1381.6335002999838
train,2429,1381.6335002999838
train,2430,1381.6335002999838
train,2431,1381.6335002999838
train,2432,1381.6335002999838
train,2433,1381.6335002999838
train,2434,1381.6335002999838
train,2435,1381.6335002999838
train,2436,1381.6335002999838
train,2437,1381.6335002999838
train,2438,1381.6335002999838
train,2439,1381.6335002999838
train,2440,1381.6335002999838
train,2441,1381.6335002999838
train,2442,1381.6335002999838
train,2443,1381.6335002999838
train,2444,1381.6335002999838
train,2445,1381.6335002999838
train,2446,1381.6335002999838
train,2447,1381.6335002999838
train,2448,1381.6335002999838
train,2449,1381.6335002999838
train,2450,1381.6335002999838
train,2451,1381.6335002999838
train,2452,1381.6335002999838
train,2453,1381.6335002999838
train,2454,1381.6335002999838
train,2455,1381.6335002999838
train,2456,1381.6335002999838
train,2457,1381.6335002999838
train,2458,1381.6335002999838
train,2459,1381.6335002999838
train,2460,1381.6335002999838
train,2461,1381.6335002999838
train,2462,1381.6335002999838
train,2463,1381.6335002999838
train,2464,1381.6335002999838
train,2465,1381.6335002999838
train,2466,1381.6335002999838
train,2467,1381.6335002999838
train,2468,1381.6335002999838
train,2469,1381.6335002999838
train,2470,1381.6335002999838
train,2471,1381.6335002999838
train,2472,1381.6335002999838
train,2473,1381.6335002999838
train,2474,1381.6335002999838
train,2475,1381.6335002999838
train,2476,1381.6335002999838
train,2477,1381.6335002999838
train,2478,1381.6335002999838
train,2479,1381.6335002999838
train,2480,1381.6335002999838
train,2481,1381.6335002999838
train,2482,1381.6335002999838
train,2483,1381.6335002999838
train,2484,1381.6335002999838
train,2485,1381.6335002999838
train,2486,1381.6335002999838
train,2487,1381.6335002999838
train,2488,1381.6335002999838
train,2489,1381.6335002999838
train,2490,1381.6335002999838
train,2491,1381.6335002999838
train,2492,1381.6335002999838
train,2493,1381.6335002999838
train,2494,1381.6335002999838
train,2495,1381.6335002999838
train,2496,1381.6335002999838
train,2497,1381.6335002999838
train,2498,1381.6335002999838
train,2499,1381.6335002999838
train,2500,1381.6335002999838
train,2501,1381.6335002999838
train,2502,1381.6335002999838
train,2503,1381.6335002999838
train,2504,1381.6335002999838
train,2505,1381.6335002999838
train,2506,1381.6335002999838
train,2507,1381.6335002999838
train,2508,1381.6335002999838
train,2509,1381.6335002999838
train,2510,1381.6335002999838
train,2511,1381.6335002999838
train,2512,1381.6335002999838
train,2513,1381.6335002999838
train,2514,1381.6335002999838
train,2515,1381.6335002999838
train,2516,1381.6335002999838
train,2517,1381.6335002999838
train,2518,1381.6335002999838
train,2519,1381.6335002999838
train,2520,1381.6335002999838
train,2521,1381.6335002999838
train,2522,1381.6335002999838
train,2523,1381.6335002999838
train,2524,1381.6335002999838
train,2525,1381.6335002999838
train,2526,1381.6335002999838
train,2527,1381.6335002999838
train,2528,1381.6335002999838
train,2529,1381.6335002999838
train,2530,1381.6335002999838
train,2531,1381.6335002999838
train,2532,1381.6335002999838
train,2533,1381.6335002999838
train,2534,1381.6335002999838
train,2535,1381.6335002999838
train,2536,1381.6335002999838
train,2537,1381.6335002999838
train,2538,1381.6335002999838
train,2539,1381.6335002999838
train,2540,1381.6335002999838
train,2541,1381.6335002999838
train,2542,1381.6335002999838
train,2543,1381.6335002999838
train,2544,1381.6335002999838
train,2545,1381.6335002999838
train,2546,1381.6335002999838
train,2547,1381.6335002999838
train,2548,1381.6335002999838
train,2549,1381.6335002999838
train,2550,1381.6335002999838
train,2551,1381.6335002999838
train,2552,1381.6335002999838
train,2553,1381.6335002999838
train,2554,1381.6335002999838
train,2555,1381.6335002999838
train,2556,1381.6335002999838
train,2557,1381.6335002999838
train,2558,1381.6335002999838
train,2559,1381.6335002999838
train,2560,1381.6335002999838
train,2561,1381.6335002999838
train,2562,1381.6335002999838
train,2563,1381.6335002999838
train,2564,1381.6335002999838
train,2565,1381.6335002999838
train,2566,1381.6335002999838
train,2567,1381.6335002999838
train,2568,1381.6335002999838
train,2569,1381.6335002999838
train,2570,1381.6335002999838
train,2571,1381.6335002999838
train,2572,1381.6335002999838
train,2573,1381.6335002999838
train,2574,1381.6335002999838
train,2575,1381.6335002999838
train,2576,1381.6335002999838
train,2577,1381.6335002999838
train,2578,1381.6335002999838
train,2579,1381.6335002999838
train,2580,1381.6335002999838
train,2581,1381.6335002999838
train,2582,1381.6335002999838
train,2583,1381.6335002999838
train,2584,1381.6335002999838
train,2585,1381.6335002999838
train,2586,1381.6335002999838
train,2587,1381.6335002999838
train,2588,1381.6335002999838
train,2589,1381.6335002999838
train,2590,1381.6335002999838
train,2591,1381.6335002999838
train,2592,1381.6335002999838
train,2593,1381.6335002999838
train,2594,1381.6335002999838
train,2595,1381.6335002999838
train,2596,1381.6335002999838
train,2597,1381.6335002999838
train,2598,1381.6335002999838
train,2599,1381.6335002999838
train,2600,1381.6335002999838
train,2601,1381.6335002999838
train,2602,1381.6335002999838
train,2603,1381.6335002999838
train,2604,1381.6335002999838
train,2605,1381.6335002999838
train,2606,1381.6335002999838
train,2607,1381.6335002999838
train,2608,1381.6335002999838
train,2609,1381.6335002999838
train,2610,1381.6335002999838
train,2611,1381.6335002999838
train,2612,1381.6335002999838
train,2613,1381.6335002999838
train,2614,1381.6335002999838
train,2615,1381.6335002999838
train,2616,1381.6335002999838
train,2617,1381.6335002999838
train,2618,1381.6335002999838
train,2619,1381.6335002999838
train,2620,1381.6335002999838
train,2621,1381.6335002999838
train,2622,1381.6335002999838
train,2623,1381.6335002999838
train,2624,1381.6335002999838
train,2625,1381.6335002999838
train,2626,1381.6335002999838
train,2627,1381.6335002999838
train,2628,1381.6335002999838
train,2629,1381.6335002999838
train,2630,1381.6335002999838
train,2631,1381.6335002999838
train,2632,1381.6335002999838
train,2633,1381.6335002999838
train,2634,1381.6335002999838
train,2635,1381.6335002999838
train,2636,1381.6335002999838
train,2637,1381.6335002999838
train,2638,1381.6335002999838
train,2639,1381.6335002999838
train,2640,1381.6335002999838
train,2641,1381.6335002999838
train,2642,1381.6335002999838
train,2643,1381.6335002999838
train,2644,1381.6335002999838
train,2645,1381.6335002999838
train,2646,1381.6335002999838
train,2647,1381.6335002999838
train,2648,1381.6335002999838
train,2649,1381.6335002999838
train,2650,1381.6335002999838
train,2651,1381.6335002999838
train,2652,1381.6335002999838
train,2653,1381.6335002999838
train,2654,1381.6335002999838
train,2655,1381.6335002999838
train,2656,1381.6335002999838
train,2657,1381.6335002999838
train,2658,1381.6335002999838
train,2659,1381.6335002999838
train,2660,1381.6335002999838
train,2661,1381.6335002999838
train,2662,1381.6335002999838
train,2663,1381.6335002999838
train,2664,1381.6335002999838
train,2665,1381.6335002999838
train,2666,1381.6335002999838
train,2667,1381.6335002999838
train,2668,1381.6335002999838
train,2669,1381.6335002999838
train,2670,1381.6335002999838
train,2671,1381.6335002999838
train,2672,1381.6335002999838
train,2673,1381.6335002999838
train,2674,1381.6335002999838
train,2675,1381.6335002999838
train,2676,1381.6335002999838
train,2677,1381.6335002999838
train,2678,1381.6335002999838
train,2679,1381.6335002999838
train,2680,1381.6335002999838
train,2681,1381.6335002999838
train,2682,1381.6335002999838
train,2683,1381.6335002999838
train,2684,1381.6335002999838
train,2685,1381.6335002999838
train,2686,1381.6335002999838
train,2687,1381.6335002999838
train,2688,1381.6335002999838
train,2689,1381.6335002999838
train,2690,1381.6335002999838
train,2691,1381.6335002999838
train,2692,1381.6335002999838
train,2693,1381.6335002999838
train,2694,1381.6335002999838
train,2695,1381.6335002999838
train,2696,1381.6335002999838
train,2697,1381.6335002999838
train,2698,1381.6335002999838
train,2699,1381.6335002999838
train,2700,1381.6335002999838
train,2701,1381.6335002999838
train,2702,1381.6335002999838
train,2703,1381.6335002999838
train,2704,1381.6335002999838
train,2705,1381.6335002999838
train,2706,1381.6335002999838
train,2707,1381.6335002999838
train,2708,1381.6335002999838
train,2709,1381.6335002999838
train,2710,1381.6335002999838
train,2711,1381.6335002999838
train,2712,1381.6335002999838
train,2713,1381.6335002999838
train,2714,1381.6335002999838
train,2715,1381.6335002999838
train,2716,1381.6335002999838
train,2717,1381.6335002999838
train,2718,1381.6335002999838
train,2719,1381.6335002999838
train,2720,1381.6335002999838
train,2721,1381.6335002999838
train,2722,1381.6335002999838
train,2723,1381.6335002999838
train,2724,1381.6335002999838
train,2725,1381.6335002999838
train,2726,1381.6335002999838
train,2727,1381.6335002999838
train,2728,1381.6335002999838
train,2729,1381.6335002999838
train,2730,1381.6335002999838
train,2731,1381.6335002999838
train,2732,1381.6335002999838
train,2733,1381.6335002999838
train,2734,1381.6335002999838
train,2735,1381.6335002999838
train,2736,1381.6335002999838
train,2737,1381.6335002999838
train,2738,1381.6335002999838
train,2739,1381.6335002999838
train,2740,1381.6335002999838
train,2741,1381.6335002999838
train,2742,1381.6335002999838
train,2743,1381.6335002999838
train,2744,1381.6335002999838
train,2745,1381.6335002999838
train,2746,1381.6335002999838
train,2747,1381.6335002999838
train,2748,1381.6335002999838
train,2749,1381.6335002999838
train,2750,1381.6335002999838
train,2751,1381.6335002999838
train,2752,1381.6335002999838
train,2753,1381.6335002999838
train,2754,1381.6335002999838
train,2755,1381.6335002999838
train,2756,1381.6335002999838
train,2757,1381.6335002999838
train,2758,1381.6335002999838
train,2759,1381.6335002999838
train,2760,1381.6335002999838
train,2761,1381.6335002999838
train,2762,1381.6335002999838
train,2763,1381.6335002999838
train,2764,1381.6335002999838
train,2765,1381.6335002999838
train,2766,1381.6335002999838
train,2767,1381.6335002999838
train,2768,1381.6335002999838
train,2769,1381.6335002999838
train,2770,1381.6335002999838
train,2771,1381.6335002999838
train,2772,1381.6335002999838
train,2773,1381.6335002999838
train,2774,1381.6335002999838
train,2775,1381.6335002999838
train,2776,1381.6335002999838
train,2777,1381.6335002999838
train,2778,1381.6335002999838
train,2779,1381.6335002999838
train,2780,1381.6335002999838
train,2781,1381.6335002999838
train,2782,1381.6335002999838
train,2783,1381.6335002999838
train,2784,1381.6335002999838
train,2785,1381.6335002999838
train,2786,1381.6335002999838
train,2787,1381.6335002999838
train,2788,1381.6335002999838
train,2789,1381.6335002999838
train,2790,1381.6335002999838
train,2791,1381.6335002999838
train,2792,1381.6335002999838
train,2793,1381.6335002999838
train,2794,1381.6335002999838
train,2795,1381.6335002999838
train,2796,1381.6335002999838
train,2797,1381.6335002999838
train,2798,1381.6335002999838
train,2799,1381.6335002999838
train,2800,1381.6335002999838
train,2801,1381.6335002999838
train,2802,1381.6335002999838
train,2803,1381.6335002999838
train,2804,1381.6335002999838
train,2805,1381.6335002999838
train,2806,1381.6335002999838
train,2807,1381.6335002999838
train,2808,1381.6335002999838
train,2809,1381.6335002999838
train,2810,1381.6335002999838
train,2811,1381.6335002999838
train,2812,1381.6335002999838
train,2813,1381.6335002999838
train,2814,1381.6335002999838
train,2815,1381.6335002999838
train,2816,1381.6335002999838
train,2817,1381.6335002999838
train,2818,1381.6335002999838
train,2819,1381.6335002999838
train,2820,1381.6335002999838
train,2821,1381.6335002999838
train,2822,1381.6335002999838
train,2823,1381.6335002999838
train,2824,1381.6335002999838
train,2825,1381.6335002999838
train,2826,1381.6335002999838
train,2827,1381.6335002999838
train,2828,1381.6335002999838
train,2829,1381.6335002999838
train,2830,1381.6335002999838
train,2831,1381.6335002999838
train,2832,1381.6335002999838
train,2833,1381.6335002999838
train,2834,1381.6335002999838
train,2835,1381.6335002999838
train,2836,1381.6335002999838
train,2837,1381.6335002999838
train,2838,1381.6335002999838
train,2839,1381.6335002999838
train,2840,1381.6335002999838
train,2841,1381.6335002999838
train,2842,1381.6335002999838
train,2843,1381.6335002999838
train,2844,1381.6335002999838
train,2845,1381.6335002999838
train,2846,1381.6335002999838
train,2847,1381.6335002999838
train,2848,1381.6335002999838
train,2849,1381.6335002999838
train,2850,1381.6335002999838
train,2851,1381.6335002999838
train,2852,1381.6335002999838
train,2853,1381.6335002999838
train,2854,1381.6335002999838
train,2855,1381.6335002999838
train,2856,1381.6335002999838
train,2857,1381.6335002999838
train,2858,1381.6335002999838
train,2859,1381.6335002999838
train,2860,1381.6335002999838
train,2861,1381.6335002999838
train,2862,1381.6335002999838
train,2863,1381.6335002999838
train,2864,1381.6335002999838
train,2865,1381.6335002999838
train,2866,1381.6335002999838
train,2867,1381.6335002999838
train,2868,1381.6335002999838
train,2869,1381.6335002999838
train,2870,1381.6335002999838
train,2871,1381.6335002999838
train,2872,1381.6335002999838
train,2873,1381.6335002999838
train,2874,1381.6335002999838
train,2875,1381.6335002999838
train,2876,1381.6335002999838
train,2877,1381.6335002999838
train,2878,1381.6335002999838
train,2879,1381.6335002999838
train,2880,1381.6335002999838
train,2881,1381.6335002999838
train,2882,1381.6335002999838
train,2883,1381.6335002999838
train,2884,1381.6335002999838
train,2885,1381.6335002999838
train,2886,1381.6335002999838
train,2887,1381.6335002999838
train,2888,1381.6335002999838
train,2889,1381.6335002999838
train,2890,1381.6335002999838
train,2891,1381.6335002999838
train,2892,1381.6335002999838
train,2893,1381.6335002999838
train,2894,1381.6335002999838
train,2895,1381.6335002999838
train,2896,1381.6335002999838
train,2897,1381.6335002999838
train,2898,1381.6335002999838
train,2899,1381.6335002999838
train,2900,1381.6335002999838
train,2901,1381.6335002999838
train,2902,1381.6335002999838
train,2903,1381.6335002999838
train,2904,1381.6335002999838
train,2905,1381.6335002999838
train,2906,1381.6335002999838
train,2907,1381.6335002999838
train,2908,1381.6335002999838
train,2909,1381.6335002999838
train,2910,1381.6335002999838
train,2911,1381.6335002999838
train,2912,1381.6335002999838
train,2913,1381.6335002999838
train,2914,1381.6335002999838
train,2915,1381.6335002999838
train,2916,1381.6335002999838
train,2917,1381.6335002999838
train,2918,1381.6335002999838
train,2919,1381.6335002999838
train,2920,1381.6335002999838
train,2921,1381.6335002999838
train,2922,1381.6335002999838
train,2923,1381.6335002999838
train,2924,1381.6335002999838
train,2925,1381.6335002999838
train,2926,1381.6335002999838
train,2927,1381.6335002999838
train,2928,1381.6335002999838
train,2929,1381.6335002999838
train,2930,1381.6335002999838
train,2931,1381.6335002999838
train,2932,1381.6335002999838
train,2933,1381.6335002999838
train,2934,1381.6335002999838
train,2935,1381.6335002999838
train,2936,1381.6335002999838
train,2937,1381.6335002999838
train,2938,1381.6335002999838
train,2939,1381.6335002999838
train,2940,1381.6335002999838
train,2941,1381.6335002999838
train,2942,1381.6335002999838
train,2943,1381.6335002999838
train,2944,1381.6335002999838
train,2945,1381.6335002999838
train,2946,1381.6335002999838
train,2947,1381.6335002999838
train,2948,1381.6335002999838
train,2949,1381.6335002999838
train,2950,1381.6335002999838
train,2951,1381.6335002999838
train,2952,1381.6335002999838
train,2953,1381.6335002999838
train,2954,1381.6335002999838
train,2955,1381.6335002999838
train,2956,1381.6335002999838
train,2957,1381.6335002999838
train,2958,1381.6335002999838
train,2959,1381.6335002999838
train,2960,1381.6335002999838
train,2961,1381.6335002999838
train,2962,1381.6335002999838
train,2963,1381.6335002999838
train,2964,1381.6335002999838
train,2965,1381.6335002999838
train,2966,1381.6335002999838
train,2967,1381.6335002999838
train,2968,1381.6335002999838
train,2969,1381.6335002999838
train,2970,1381.6335002999838
train,2971,1381.6335002999838
train,2972,1381.6335002999838
train,2973,1381.6335002999838
train,2974,1381.6335002999838
train,2975,1381.6335002999838
train,2976,1381.6335002999838
train,2977,1381.6335002999838
train,2978,1381.6335002999838
train,2979,1381.6335002999838
train,2980,1381.6335002999838
train,2981,1381.6335002999838
train,2982,1381.6335002999838
train,2983,1381.6335002999838
train,2984,1381.6335002999838
train,2985,1381.6335002999838
train,2986,1381.6335002999838
train,2987,1381.6335002999838
train,2988,1381.6335002999838
train,2989,1381.6335002999838
train,2990,1381.6335002999838
train,2991,1381.6335002999838
train,2992,1381.6335002999838
train,2993,1381.6335002999838
train,2994,1381.6335002999838
train,2995,1381.6335002999838
train,2996,1381.6335002999838
train,2997,1381.6335002999838
train,2998,1381.6335002999838
train,2999,1381.6335002999838
train,3000,1381.6335002999838
train,3001,1381.6335002999838
train,3002,1381.6335002999838
train,3003,1381.6335002999838
train,3004,1381.6335002999838
train,3005,1381.6335002999838
train,3006,1381.6335002999838
train,3007,1381.6335002999838
train,3008,1381.6335002999838
train,3009,1381.6335002999838
train,3010,1381.6335002999838
train,3011,1381.6335002999838
train,3012,1381.6335002999838
train,3013,1381.6335002999838
train,3014,1381.6335002999838
train,3015,1381.6335002999838
train,3016,1381.6335002999838
train,3017,1381.6335002999838
train,3018,1381.6335002999838
train,3019,1381.6335002999838
train,3020,1381.6335002999838
train,3021,1381.6335002999838
train,3022,1381.6335002999838
train,3023,1381.6335002999838
train,3024,1381.6335002999838
train,3025,1381.6335002999838
train,3026,1381.6335002999838
train,3027,1381.6335002999838
train,3028,1381.6335002999838
train,3029,1381.6335002999838
train,3030,1381.6335002999838
train,3031,1381.6335002999838
train,3032,1381.6335002999838
train,3033,1381.6335002999838
train,3034,1381.6335002999838
train,3035,1381.6335002999838
train,3036,1381.6335002999838
train,3037,1381.6335002999838
train,3038,1381.6335002999838
train,3039,1381.6335002999838
train,3040,1381.6335002999838
train,3041,1381.6335002999838
train,3042,1381.6335002999838
train,3043,1381.6335002999838
train,3044,1381.6335002999838
train,3045,1381.6335002999838
train,3046,1381.6335002999838
train,3047,1381.6335002999838
train,3048,1381.6335002999838
train,3049,1381.6335002999838
train,3050,1381.6335002999838
train,3051,1381.6335002999838
train,3052,1381.6335002999838
train,3053,1381.6335002999838
train,3054,1381.6335002999838
train,3055,1381.6335002999838
train,3056,1381.6335002999838
train,3057,1381.6335002999838
train,3058,1381.6335002999838
train,3059,1381.6335002999838
train,3060,1381.6335002999838
train,3061,1381.6335002999838
train,3062,1381.6335002999838
train,3063,1381.6335002999838
train,3064,1381.6335002999838
train,3065,1381.6335002999838
train,3066,1381.6335002999838
train,3067,1381.6335002999838
train,3068,1381.6335002999838
train,3069,1381.6335002999838
train,3070,1381.6335002999838
train,3071,1381.6335002999838
train,3072,1381.6335002999838
train,3073,1381.6335002999838
train,3074,1381.6335002999838
train,3075,1381.6335002999838
train,3076,1381.6335002999838
train,3077,1381.6335002999838
train,3078,1381.6335002999838
train,3079,1381.6335002999838
train,3080,1381.6335002999838
train,3081,1381.6335002999838
train,3082,1381.6335002999838
train,3083,1381.6335002999838
train,3084,1381.6335002999838
train,3085,1381.6335002999838
train,3086,1381.6335002999838
train,3087,1381.6335002999838
train,3088,1381.6335002999838
train,3089,1381.6335002999838
train,3090,1381.6335002999838
train,3091,1381.6335002999838
train,3092,1381.6335002999838
train,3093,1381.6335002999838
train,3094,1381.6335002999838
train,3095,1381.6335002999838
train,3096,1381.6335002999838
train,3097,1381.6335002999838
train,3098,1381.6335002999838
train,3099,1381.6335002999838
train,3100,1381.6335002999838
train,3101,1381.6335002999838
train,3102,1381.6335002999838
train,3103,1381.6335002999838
train,3104,1381.6335002999838
train,3105,1381.6335002999838
train,3106,1381.6335002999838
train,3107,1381.6335002999838
train,3108,1381.6335002999838
train,3109,1381.6335002999838
train,3110,1381.6335002999838
train,3111,1381.6335002999838
train,3112,1381.6335002999838
train,3113,1381.6335002999838
train,3114,1381.6335002999838
train,3115,1381.6335002999838
train,3116,1381.6335002999838
train,3117,1381.6335002999838
train,3118,1381.6335002999838
train,3119,1381.6335002999838
train,3120,1381.6335002999838
train,3121,1381.6335002999838
train,3122,1381.6335002999838
train,3123,1381.6335002999838
train,3124,1381.6335002999838
train,3125,1381.6335002999838
train,3126,1381.6335002999838
train,3127,1381.6335002999838
train,3128,1381.6335002999838
train,3129,1381.6335002999838
train,3130,1381.6335002999838
train,3131,1381.6335002999838
train,3132,1381.6335002999838
train,3133,1381.6335002999838
train,3134,1381.6335002999838
train,3135,1381.6335002999838
train,3136,1381.6335002999838
train,3137,1381.6335002999838
train,3138,1381.6335002999838
train,3139,1381.6335002999838
train,3140,1381.6335002999838
train,3141,1381.6335002999838
train,3142,1381.6335002999838
train,3143,1381.6335002999838
train,3144,1381.6335002999838
train,3145,1381.6335002999838
train,3146,1381.6335002999838
train,3147,1381.6335002999838
train,3148,1381.6335002999838
train,3149,1381.6335002999838
train,3150,1381.6335002999838
train,3151,1381.6335002999838
train,3152,1381.6335002999838
train,3153,1381.6335002999838
train,3154,1381.6335002999838
train,3155,1381.6335002999838
train,3156,1381.6335002999838
train,3157,1381.6335002999838
train,3158,1381.6335002999838
train,3159,1381.6335002999838
train,3160,1381.6335002999838
train,3161,1381.6335002999838
train,3162,1381.6335002999838
train,3163,1381.6335002999838
train,3164,1381.6335002999838
train,3165,1381.6335002999838
train,3166,1381.6335002999838
train,3167,1381.6335002999838
train,3168,1381.6335002999838
train,3169,1381.6335002999838
train,3170,1381.6335002999838
train,3171,1381.6335002999838
train,3172,1381.6335002999838
train,3173,1381.6335002999838
train,3174,1381.6335002999838
train,3175,1381.6335002999838
train,3176,1381.6335002999838
train,3177,1381.6335002999838
train,3178,1381.6335002999838
train,3179,1381.6335002999838
train,3180,1381.6335002999838
train,3181,1381.6335002999838
train,3182,1381.6335002999838
train,3183,1381.6335002999838
train,3184,1381.6335002999838
train,3185,1381.6335002999838
train,3186,1381.6335002999838
train,3187,1381.6335002999838
train,3188,1381.6335002999838
train,3189,1381.6335002999838
train,3190,1381.6335002999838
train,3191,1381.6335002999838
train,3192,1381.6335002999838
train,3193,1381.6335002999838
train,3194,1381.6335002999838
train,3195,1381.6335002999838
train,3196,1381.6335002999838
train,3197,1381.6335002999838
train,3198,1381.6335002999838
train,3199,1381.6335002999838
train,3200,1381.6335002999838
train,3201,1381.6335002999838
train,3202,1381.6335002999838
train,3203,1381.6335002999838
train,3204,1381.6335002999838
train,3205,1381.6335002999838
train,3206,1381.6335002999838
train,3207,1381.6335002999838
train,3208,1381.6335002999838
train,3209,1381.6335002999838
train,3210,1381.6335002999838
train,3211,1381.6335002999838
train,3212,1381.6335002999838
train,3213,1381.6335002999838
train,3214,1381.6335002999838
train,3215,1381.6335002999838
train,3216,1381.6335002999838
train,3217,1381.6335002999838
train,3218,1381.6335002999838
train,3219,1381.6335002999838
train,3220,1381.6335002999838
train,3221,1381.6335002999838
train,3222,1381.6335002999838
train,3223,1381.6335002999838
train,3224,1381.6335002999838
train,3225,1381.6335002999838
train,3226,1381.6335002999838
train,3227,1381.6335002999838
train,3228,1381.6335002999838
train,3229,1381.6335002999838
train,3230,1381.6335002999838
train,3231,1381.6335002999838
train,3232,1381.6335002999838
train,3233,1381.6335002999838
train,3234,1381.6335002999838
train,3235,1381.6335002999838
train,3236,1381.6335002999838
train,3237,1381.6335002999838
train,3238,1381.6335002999838
train,3239,1381.6335002999838
train,3240,1381.6335002999838
train,3241,1381.6335002999838
train,3242,1381.6335002999838
train,3243,1381.6335002999838
train,3244,1381.6335002999838
train,3245,1381.6335002999838
train,3246,1381.6335002999838
train,3247,1381.6335002999838
train,3248,1381.6335002999838
train,3249,1381.6335002999838
train,3250,1381.6335002999838
train,3251,1381.6335002999838
train,3252,1381.6335002999838
train,3253,1381.6335002999838
train,3254,1381.6335002999838
train,3255,1381.6335002999838
train,3256,1381.6335002999838
train,3257,1381.6335002999838
train,3258,1381.6335002999838
train,3259,1381.6335002999838
train,3260,1381.6335002999838
train,3261,1381.6335002999838
train,3262,1381.6335002999838
train,3263,1381.6335002999838
train,3264,1381.6335002999838
train,3265,1381.6335002999838
train,3266,1381.6335002999838
train,3267,1381.6335002999838
train,3268,1381.6335002999838
train,3269,1381.6335002999838
train,3270,1381.6335002999838
train,3271,1381.6335002999838
train,3272,1381.6335002999838
train,3273,1381.6335002999838
train,3274,1381.6335002999838
train,3275,1381.6335002999838
train,3276,1381.6335002999838
train,3277,1381.6335002999838
train,3278,1381.6335002999838
train,3279,1381.6335002999838
train,3280,1381.6335002999838
train,3281,1381.6335002999838
train,3282,1381.6335002999838
train,3283,1381.6335002999838
train,3284,1381.6335002999838
train,3285,1381.6335002999838
train,3286,1381.6335002999838
train,3287,1381.6335002999838
train,3288,1381.6335002999838
train,3289,1381.6335002999838
train,3290,1381.6335002999838
train,3291,1381.6335002999838
train,3292,1381.6335002999838
train,3293,1381.6335002999838
train,3294,1381.6335002999838
train,3295,1381.6335002999838
train,3296,1381.6335002999838
train,3297,1381.6335002999838
train,3298,1381.6335002999838
train,3299,1381.6335002999838
train,3300,1381.6335002999838
train,3301,1381.6335002999838
train,3302,1381.6335002999838
train,3303,1381.6335002999838
train,3304,1381.6335002999838
train,3305,1381.6335002999838
train,3306,1381.6335002999838
train,3307,1381.6335002999838
train,3308,1381.6335002999838
train,3309,1381.6335002999838
train,3310,1381.6335002999838
train,3311,1381.6335002999838
train,3312,1381.6335002999838
train,3313,1381.6335002999838
train,3314,1381.6335002999838
train,3315,1381.6335002999838
train,3316,1381.6335002999838
train,3317,1381.6335002999838
train,3318,1381.6335002999838
train,3319,1381.6335002999838
train,3320,1381.6335002999838
train,3321,1381.6335002999838
train,3322,1381.6335002999838
train,3323,1381.6335002999838
train,3324,1381.6335002999838
train,3325,1381.6335002999838
train,3326,1381.6335002999838
train,3327,1381.6335002999838
train,3328,1381.6335002999838
train,3329,1381.6335002999838
train,3330,1381.6335002999838
train,3331,1381.6335002999838
train,3332,1381.6335002999838
train,3333,1381.6335002999838
train,3334,1381.6335002999838
train,3335,1381.6335002999838
train,3336,1381.6335002999838
train,3337,1381.6335002999838
train,3338,1381.6335002999838
train,3339,1381.6335002999838
train,3340,1381.6335002999838
train,3341,1381.6335002999838
train,3342,1381.6335002999838
train,3343,1381.6335002999838
train,3344,1381.6335002999838
train,3345,1381.6335002999838
train,3346,1381.6335002999838
train,3347,1381.6335002999838
train,3348,1381.6335002999838
train,3349,1381.6335002999838
train,3350,1381.6335002999838
train,3351,1381.6335002999838
train,3352,1381.6335002999838
train,3353,1381.6335002999838
train,3354,1381.6335002999838
train,3355,1381.6335002999838
train,3356,1381.6335002999838
train,3357,1381.6335002999838
train,3358,1381.6335002999838
train,3359,1381.6335002999838
train,3360,1381.6335002999838
train,3361,1381.6335002999838
train,3362,1381.6335002999838
train,3363,1381.6335002999838
train,3364,1381.6335002999838
train,3365,1381.6335002999838
train,3366,1381.6335002999838
train,3367,1381.6335002999838
train,3368,1381.6335002999838
train,3369,1381.6335002999838
train,3370,1381.6335002999838
train,3371,1381.6335002999838
train,3372,1381.6335002999838
train,3373,1381.6335002999838
train,3374,1381.6335002999838
train,3375,1381.6335002999838
train,3376,1381.6335002999838
train,3377,1381.6335002999838
train,3378,1381.6335002999838
train,3379,1381.6335002999838
train,3380,1381.6335002999838
train,3381,1381.6335002999838
train,3382,1381.6335002999838
train,3383,1381.6335002999838
train,3384,1381.6335002999838
train,3385,1381.6335002999838
train,3386,1381.6335002999838
train,3387,1381.6335002999838
train,3388,1381.6335002999838
train,3389,1381.6335002999838
train,3390,1381.6335002999838
train,3391,1381.6335002999838
train,3392,1381.6335002999838
train,3393,1381.6335002999838
train,3394,1381.6335002999838
train,3395,1381.6335002999838
train,3396,1381.6335002999838
train,3397,1381.6335002999838
train,3398,1381.6335002999838
train,3399,1381.6335002999838
train,3400,1381.6335002999838
train,3401,1381.6335002999838
train,3402,1381.6335002999838
train,3403,1381.6335002999838
train,3404,1381.6335002999838
train,3405,1381.6335002999838
train,3406,1381.6335002999838
train,3407,1381.6335002999838
train,3408,1381.6335002999838
train,3409,1381.6335002999838
train,3410,1381.6335002999838
train,3411,1381.6335002999838
train,3412,1381.6335002999838
train,3413,1381.6335002999838
train,3414,1381.6335002999838
train,3415,1381.6335002999838
train,3416,1381.6335002999838
train,3417,1381.6335002999838
train,3418,1381.6335002999838
train,3419,1381.6335002999838
train,3420,1381.6335002999838
train,3421,1381.6335002999838
train,3422,1381.6335002999838
train,3423,1381.6335002999838
train,3424,1381.6335002999838
train,3425,1381.6335002999838
train,3426,1381.6335002999838
train,3427,1381.6335002999838
train,3428,1381.6335002999838
train,3429,1381.6335002999838
train,3430,1381.6335002999838
train,3431,1381.6335002999838
train,3432,1381.6335002999838
train,3433,1381.6335002999838
train,3434,1381.6335002999838
train,3435,1381.6335002999838
train,3436,1381.6335002999838
train,3437,1381.6335002999838
train,3438,1381.6335002999838
train,3439,1381.6335002999838
train,3440,1381.6335002999838
train,3441,1381.6335002999838
train,3442,1381.6335002999838
train,3443,1381.6335002999838
train,3444,1381.6335002999838
train,3445,1381.6335002999838
train,3446,1381.6335002999838
train,3447,1381.6335002999838
train,3448,1381.6335002999838
train,3449,1381.6335002999838
train,3450,1381.6335002999838
train,3451,1381.6335002999838
train,3452,1381.6335002999838
train,3453,1381.6335002999838
train,3454,1381.6335002999838
train,3455,1381.6335002999838
train,3456,1381.6335002999838
train,3457,1381.6335002999838
train,3458,1381.6335002999838
train,3459,1381.6335002999838
train,3460,1381.6335002999838
train,3461,1381.6335002999838
train,3462,1381.6335002999838
train,3463,1381.6335002999838
train,3464,1381.6335002999838
train,3465,1381.6335002999838
train,3466,1381.6335002999838
train,3467,1381.6335002999838
train,3468,1381.6335002999838
train,3469,1381.6335002999838
train,3470,1381.6335002999838
train,3471,1381.6335002999838
train,3472,1381.6335002999838
train,3473,1381.6335002999838
train,3474,1381.6335002999838
train,3475,1381.6335002999838
train,3476,1381.6335002999838
train,3477,1381.6335002999838
train,3478,1381.6335002999838
train,3479,1381.6335002999838
train,3480,1381.6335002999838
train,3481,1381.6335002999838
train,3482,1381.6335002999838
train,3483,1381.6335002999838
train,3484,1381.6335002999838
train,3485,1381.6335002999838
train,3486,1381.6335002999838
train,3487,1381.6335002999838
train,3488,1381.6335002999838
train,3489,1381.6335002999838
train,3490,1381.6335002999838
train,3491,1381.6335002999838
train,3492,1381.6335002999838
train,3493,1381.6335002999838
train,3494,1381.6335002999838
train,3495,1381.6335002999838
train,3496,1381.6335002999838
train,3497,1381.6335002999838
train,3498,1381.6335002999838
train,3499,1381.6335002999838
train,3500,1381.6335002999838
train,3501,1381.6335002999838
train,3502,1381.6335002999838
train,3503,1381.6335002999838
train,3504,1381.6335002999838
train,3505,1381.6335002999838
train,3506,1381.6335002999838
train,3507,1381.6335002999838
train,3508,1381.6335002999838
train,3509,1381.6335002999838
train,3510,1381.6335002999838
train,3511,1381.6335002999838
train,3512,1381.6335002999838
train,3513,1381.6335002999838
train,3514,1381.6335002999838
train,3515,1381.6335002999838
train,3516,1381.6335002999838
train,3517,1381.6335002999838
train,3518,1381.6335002999838
train,3519,1381.6335002999838
train,3520,1381.6335002999838
train,3521,1381.6335002999838
train,3522,1381.6335002999838
train,3523,1381.6335002999838
train,3524,1381.6335002999838
train,3525,1381.6335002999838
train,3526,1381.6335002999838
train,3527,1381.6335002999838
train,3528,1381.6335002999838
train,3529,1381.6335002999838
train,3530,1381.6335002999838
train,3531,1381.6335002999838
train,3532,1381.6335002999838
train,3533,1381.6335002999838
train,3534,1381.6335002999838
train,3535,1381.6335002999838
train,3536,1381.6335002999838
train,3537,1381.6335002999838
train,3538,1381.6335002999838
train,3539,1381.6335002999838
train,3540,1381.6335002999838
train,3541,1381.6335002999838
train,3542,1381.6335002999838
train,3543,1381.6335002999838
train,3544,1381.6335002999838
train,3545,1381.6335002999838
train,3546,1381.6335002999838
train,3547,1381.6335002999838
train,3548,1381.6335002999838
train,3549,1381.6335002999838
train,3550,1381.6335002999838
train,3551,1381.6335002999838
train,3552,1381.6335002999838
train,3553,1381.6335002999838
train,3554,1381.6335002999838
train,3555,1381.6335002999838
train,3556,1381.6335002999838
train,3557,1381.6335002999838
train,3558,1381.6335002999838
train,3559,1381.6335002999838
train,3560,1381.6335002999838
train,3561,1381.6335002999838
train,3562,1381.6335002999838
train,3563,1381.6335002999838
train,3564,1381.6335002999838
train,3565,1381.6335002999838
train,3566,1381.6335002999838
train,3567,1381.6335002999838
train,3568,1381.6335002999838
train,3569,1381.6335002999838
train,3570,1381.6335002999838
train,3571,1381.6335002999838
train,3572,1381.6335002999838
train,3573,1381.6335002999838
train,3574,1381.6335002999838
train,3575,1381.6335002999838
train,3576,1381.6335002999838
train,3577,1381.6335002999838
train,3578,1381.6335002999838
train,3579,1381.6335002999838
train,3580,1381.6335002999838
train,3581,1381.6335002999838
train,3582,1381.6335002999838
train,3583,1381.6335002999838
train,3584,1381.6335002999838
train,3585,1381.6335002999838
train,3586,1381.6335002999838
train,3587,1381.6335002999838
train,3588,1381.6335002999838
train,3589,1381.6335002999838
train,3590,1381.6335002999838
train,3591,1381.6335002999838
train,3592,1381.6335002999838
train,3593,1381.6335002999838
train,3594,1381.6335002999838
train,3595,1381.6335002999838
train,3596,1381.6335002999838
train,3597,1381.6335002999838
train,3598,1381.6335002999838
train,3599,1381.6335002999838
train,3600,1381.6335002999838
train,3601,1381.6335002999838
train,3602,1381.6335002999838
train,3603,1381.6335002999838
train,3604,1381.6335002999838
train,3605,1381.6335002999838
train,3606,1381.6335002999838
train,3607,1381.6335002999838
train,3608,1381.6335002999838
train,3609,1381.6335002999838
train,3610,1381.6335002999838
train,3611,1381.6335002999838
train,3612,1381.6335002999838
train,3613,1381.6335002999838
train,3614,1381.6335002999838
train,3615,1381.6335002999838
train,3616,1381.6335002999838
train,3617,1381.6335002999838
train,3618,1381.6335002999838
train,3619,1381.6335002999838
train,3620,1381.6335002999838
train,3621,1381.6335002999838
train,3622,1381.6335002999838
train,3623,1381.6335002999838
train,3624,1381.6335002999838
train,3625,1381.6335002999838
train,3626,1381.6335002999838
train,3627,1381.6335002999838
train,3628,1381.6335002999838
train,3629,1381.6335002999838
train,3630,1381.6335002999838
train,3631,1381.6335002999838
train,3632,1381.6335002999838
train,3633,1381.6335002999838
train,3634,1381.6335002999838
train,3635,1381.6335002999838
train,3636,1381.6335002999838
train,3637,1381.6335002999838
train,3638,1381.6335002999838
train,3639,1381.6335002999838
train,3640,1381.6335002999838
train,3641,1381.6335002999838
train,3642,1381.6335002999838
train,3643,1381.6335002999838
train,3644,1381.6335002999838
train,3645,1381.6335002999838
train,3646,1381.6335002999838
train,3647,1381.6335002999838
train,3648,1381.6335002999838
train,3649,1381.6335002999838
train,3650,1381.6335002999838
train,3651,1381.6335002999838
train,3652,1381.6335002999838
train,3653,1381.6335002999838
train,3654,1381.6335002999838
train,3655,1381.6335002999838
train,3656,1381.6335002999838
train,3657,1381.6335002999838
train,3658,1381.6335002999838
train,3659,1381.6335002999838
train,3660,1381.6335002999838
train,3661,1381.6335002999838
train,3662,1381.6335002999838
train,3663,1381.6335002999838
train,3664,1381.6335002999838
train,3665,1381.6335002999838
train,3666,1381.6335002999838
train,3667,1381.6335002999838
train,3668,1381.6335002999838
train,3669,1381.6335002999838
train,3670,1381.6335002999838
train,3671,1381.6335002999838
train,3672,1381.6335002999838
train,3673,1381.6335002999838
train,3674,1381.6335002999838
train,3675,1381.6335002999838
train,3676,1381.6335002999838
train,3677,1381.6335002999838
train,3678,1381.6335002999838
train,3679,1381.6335002999838
train,3680,1381.6335002999838
train,3681,1381.6335002999838
train,3682,1381.6335002999838
train,3683,1381.6335002999838
train,3684,1381.6335002999838
train,3685,1381.6335002999838
train,3686,1381.6335002999838
train,3687,1381.6335002999838
train,3688,1381.6335002999838
train,3689,1381.6335002999838
train,3690,1381.6335002999838
train,3691,1381.6335002999838
train,3692,1381.6335002999838
train,3693,1381.6335002999838
train,3694,1381.6335002999838
train,3695,1381.6335002999838
train,3696,1381.6335002999838
train,3697,1381.6335002999838
train,3698,1381.6335002999838
train,3699,1381.6335002999838
train,3700,1381.6335002999838
train,3701,1381.6335002999838
train,3702,1381.6335002999838
train,3703,1381.6335002999838
train,3704,1381.6335002999838
train,3705,1381.6335002999838
train,3706,1381.6335002999838
train,3707,1381.6335002999838
train,3708,1381.6335002999838
train,3709,1381.6335002999838
train,3710,1381.6335002999838
train,3711,1381.6335002999838
train,3712,1381.6335002999838
train,3713,1381.6335002999838
train,3714,1381.6335002999838
train,3715,1381.6335002999838
train,3716,1381.6335002999838
train,3717,1381.6335002999838
train,3718,1381.6335002999838
train,3719,1381.6335002999838
train,3720,1381.6335002999838
train,3721,1381.6335002999838
train,3722,1381.6335002999838
train,3723,1381.6335002999838
train,3724,1381.6335002999838
train,3725,1381.6335002999838
train,3726,1381.6335002999838
train,3727,1381.6335002999838
train,3728,1381.6335002999838
train,3729,1381.6335002999838
train,3730,1381.6335002999838
train,3731,1381.6335002999838
train,3732,1381.6335002999838
train,3733,1381.6335002999838
train,3734,1381.6335002999838
train,3735,1381.6335002999838
train,3736,1381.6335002999838
train,3737,1381.6335002999838
train,3738,1381.6335002999838
train,3739,1381.6335002999838
train,3740,1381.6335002999838
train,3741,1381.6335002999838
train,3742,1381.6335002999838
train,3743,1381.6335002999838
train,3744,1381.6335002999838
train,3745,1381.6335002999838
train,3746,1381.6335002999838
train,3747,1381.6335002999838
train,3748,1381.6335002999838
train,3749,1381.6335002999838
train,3750,1381.6335002999838
train,3751,1381.6335002999838
train,3752,1381.6335002999838
train,3753,1381.6335002999838
train,3754,1381.6335002999838
train,3755,1381.6335002999838
train,3756,1381.6335002999838
train,3757,1381.6335002999838
train,3758,1381.6335002999838
train,3759,1381.6335002999838
train,3760,1381.6335002999838
train,3761,1381.6335002999838
train,3762,1381.6335002999838
train,3763,1381.6335002999838
train,3764,1381.6335002999838
train,3765,1381.6335002999838
train,3766,1381.6335002999838
train,3767,1381.6335002999838
train,3768,1381.6335002999838
train,3769,1381.6335002999838
train,3770,1381.6335002999838
train,3771,1381.6335002999838
train,3772,1381.6335002999838
train,3773,1381.6335002999838
train,3774,1381.6335002999838
train,3775,1381.6335002999838
train,3776,1381.6335002999838
train,3777,1381.6335002999838
train,3778,1381.6335002999838
train,3779,1381.6335002999838
train,3780,1381.6335002999838
train,3781,1381.6335002999838
train,3782,1381.6335002999838
train,3783,1381.6335002999838
train,3784,1381.6335002999838
train,3785,1381.6335002999838
train,3786,1381.6335002999838
train,3787,1381.6335002999838
train,3788,1381.6335002999838
train,3789,1381.6335002999838
train,3790,1381.6335002999838
train,3791,1381.6335002999838
train,3792,1381.6335002999838
train,3793,1381.6335002999838
train,3794,1381.6335002999838
train,3795,1381.6335002999838
train,3796,1381.6335002999838
train,3797,1381.6335002999838
train,3798,1381.6335002999838
train,3799,1381.6335002999838
train,3800,1381.6335002999838
train,3801,1381.6335002999838
train,3802,1381.6335002999838
train,3803,1381.6335002999838
train,3804,1381.6335002999838
train,3805,1381.6335002999838
train,3806,1381.6335002999838
train,3807,1381.6335002999838
train,3808,1381.6335002999838
train,3809,1381.6335002999838
train,3810,1381.6335002999838
train,3811,1381.6335002999838
train,3812,1381.6335002999838
train,3813,1381.6335002999838
train,3814,1381.6335002999838
train,3815,1381.6335002999838
train,3816,1381.6335002999838
train,3817,1381.6335002999838
train,3818,1381.6335002999838
train,3819,1381.6335002999838
train,3820,1381.6335002999838
train,3821,1381.6335002999838
train,3822,1381.6335002999838
train,3823,1381.6335002999838
train,3824,1381.6335002999838
train,3825,1381.6335002999838
train,3826,1381.6335002999838
train,3827,1381.6335002999838
train,3828,1381.6335002999838
train,3829,1381.6335002999838
train,3830,1381.6335002999838
train,3831,1381.6335002999838
train,3832,1381.6335002999838
train,3833,1381.6335002999838
train,3834,1381.6335002999838
train,3835,1381.6335002999838
train,3836,1381.6335002999838
train,3837,1381.6335002999838
train,3838,1381.6335002999838
train,3839,1381.6335002999838
train,3840,1381.6335002999838
train,3841,1381.6335002999838
train,3842,1381.6335002999838
train,3843,1381.6335002999838
train,3844,1381.6335002999838
train,3845,1381.6335002999838
train,3846,1381.6335002999838
train,3847,1381.6335002999838
train,3848,1381.6335002999838
train,3849,1381.6335002999838
train,3850,1381.6335002999838
train,3851,1381.6335002999838
train,3852,1381.6335002999838
train,3853,1381.6335002999838
train,3854,1381.6335002999838
train,3855,1381.6335002999838
train,3856,1381.6335002999838
train,3857,1381.6335002999838
train,3858,1381.6335002999838
train,3859,1381.6335002999838
train,3860,1381.6335002999838
train,3861,1381.6335002999838
train,3862,1381.6335002999838
train,3863,1381.6335002999838
train,3864,1381.6335002999838
train,3865,1381.6335002999838
train,3866,1381.6335002999838
train,3867,1381.6335002999838
train,3868,1381.6335002999838
train,3869,1381.6335002999838
train,3870,1381.6335002999838
train,3871,1381.6335002999838
train,3872,1381.6335002999838
train,3873,1381.6335002999838
train,3874,1381.6335002999838
train,3875,1381.6335002999838
train,3876,1381.6335002999838
train,3877,1381.6335002999838
train,3878,1381.6335002999838
train,3879,1381.6335002999838
train,3880,1381.6335002999838
train,3881,1381.6335002999838
train,3882,1381.6335002999838
train,3883,1381.6335002999838
train,3884,1381.6335002999838
train,3885,1381.6335002999838
train,3886,1381.6335002999838
train,3887,1381.6335002999838
train,3888,1381.6335002999838
train,3889,1381.6335002999838
train,3890,1381.6335002999838
train,3891,1381.6335002999838
train,3892,1381.6335002999838
train,3893,1381.6335002999838
train,3894,1381.6335002999838
train,3895,1381.6335002999838
train,3896,1381.6335002999838
train,3897,1381.6335002999838
train,3898,1381.6335002999838
train,3899,1381.6335002999838
train,3900,1381.6335002999838
train,3901,1381.6335002999838
train,3902,1381.6335002999838
train,3903,1381.6335002999838
train,3904,1381.6335002999838
train,3905,1381.6335002999838
train,3906,1381.6335002999838
train,3907,1381.6335002999838
train,3908,1381.6335002999838
train,3909,1381.6335002999838
train,3910,1381.6335002999838
train,3911,1381.6335002999838
train,3912,1381.6335002999838
train,3913,1381.6335002999838
train,3914,1381.6335002999838
train,3915,1381.6335002999838
train,3916,1381.6335002999838
train,3917,1381.6335002999838
train,3918,1381.6335002999838
train,3919,1381.6335002999838
train,3920,1381.6335002999838
train,3921,1381.6335002999838
train,3922,1381.6335002999838
train,3923,1381.6335002999838
train,3924,1381.6335002999838
train,3925,1381.6335002999838
train,3926,1381.6335002999838
train,3927,1381.6335002999838
train,3928,1381.6335002999838
train,3929,1381.6335002999838
train,3930,1381.6335002999838
train,3931,1381.6335002999838
train,3932,1381.6335002999838
train,3933,1381.6335002999838
train,3934,1381.6335002999838
train,3935,1381.6335002999838
train,3936,1381.6335002999838
train,3937,1381.6335002999838
train,3938,1381.6335002999838
train,3939,1381.6335002999838
train,3940,1381.6335002999838
train,3941,1381.6335002999838
train,3942,1381.6335002999838
train,3943,1381.6335002999838
train,3944,1381.6335002999838
train,3945,1381.6335002999838
train,3946,1381.6335002999838
train,3947,1381.6335002999838
train,3948,1381.6335002999838
train,3949,1381.6335002999838
train,3950,1381.6335002999838
train,3951,1381.6335002999838
train,3952,1381.6335002999838
train,3953,1381.6335002999838
train,3954,1381.6335002999838
train,3955,1381.6335002999838
train,3956,1381.6335002999838
train,3957,1381.6335002999838
train,3958,1381.6335002999838
train,3959,1381.6335002999838
train,3960,1381.6335002999838
train,3961,1381.6335002999838
train,3962,1381.6335002999838
train,3963,1381.6335002999838
train,3964,1381.6335002999838
train,3965,1381.6335002999838
train,3966,1381.6335002999838
train,3967,1381.6335002999838
train,3968,1381.6335002999838
train,3969,1381.6335002999838
train,3970,1381.6335002999838
train,3971,1381.6335002999838
train,3972,1381.6335002999838
train,3973,1381.6335002999838
train,3974,1381.6335002999838
train,3975,1381.6335002999838
train,3976,1381.6335002999838
train,3977,1381.6335002999838
train,3978,1381.6335002999838
train,3979,1381.6335002999838
train,3980,1381.6335002999838
train,3981,1381.6335002999838
train,3982,1381.6335002999838
train,3983,1381.6335002999838
train,3984,1381.6335002999838
train,3985,1381.6335002999838
train,3986,1381.6335002999838
train,3987,1381.6335002999838
train,3988,1381.6335002999838
train,3989,1381.6335002999838
train,3990,1381.6335002999838
train,3991,1381.6335002999838
train,3992,1381.6335002999838
train,3993,1381.6335002999838
train,3994,1381.6335002999838
train,3995,1381.6335002999838
train,3996,1381.6335002999838
train,3997,1381.6335002999838
train,3998,1381.6335002999838
train,3999,1381.6335002999838
train,4000,1381.6335002999838
train,4001,1381.6335002999838
train,4002,1381.6335002999838
train,4003,1381.6335002999838
train,4004,1381.6335002999838
train,4005,1381.6335002999838
train,4006,1381.6335002999838
train,4007,1381.6335002999838
train,4008,1381.6335002999838
train,4009,1381.6335002999838
train,4010,1381.6335002999838
train,4011,1381.6335002999838
train,4012,1381.6335002999838
train,4013,1381.6335002999838
train,4014,1381.6335002999838
train,4015,1381.6335002999838
train,4016,1381.6335002999838
train,4017,1381.6335002999838
train,4018,1381.6335002999838
train,4019,1381.6335002999838
train,4020,1381.6335002999838
train,4021,1381.6335002999838
train,4022,1381.6335002999838
train,4023,1381.6335002999838
train,4024,1381.6335002999838
train,4025,1381.6335002999838
train,4026,1381.6335002999838
train,4027,1381.6335002999838
train,4028,1381.6335002999838
train,4029,1381.6335002999838
train,4030,1381.6335002999838
train,4031,1381.6335002999838
train,4032,1381.6335002999838
train,4033,1381.6335002999838
train,4034,1381.6335002999838
train,4035,1381.6335002999838
train,4036,1381.6335002999838
train,4037,1381.6335002999838
train,4038,1381.6335002999838
train,4039,1381.6335002999838
train,4040,1381.6335002999838
train,4041,1381.6335002999838
train,4042,1381.6335002999838
train,4043,1381.6335002999838
train,4044,1381.6335002999838
train,4045,1381.6335002999838
train,4046,1381.6335002999838
train,4047,1381.6335002999838
train,4048,1381.6335002999838
train,4049,1381.6335002999838
train,4050,1381.6335002999838
train,4051,1381.6335002999838
train,4052,1381.6335002999838
train,4053,1381.6335002999838
train,4054,1381.6335002999838
train,4055,1381.6335002999838
train,4056,1381.6335002999838
train,4057,1381.6335002999838
train,4058,1381.6335002999838
train,4059,1381.6335002999838
train,4060,1381.6335002999838
train,4061,1381.6335002999838
train,4062,1381.6335002999838
train,4063,1381.6335002999838
train,4064,1381.6335002999838
train,4065,1381.6335002999838
train,4066,1381.6335002999838
train,4067,1381.6335002999838
train,4068,1381.6335002999838
train,4069,1381.6335002999838
train,4070,1381.6335002999838
train,4071,1381.6335002999838
train,4072,1381.6335002999838
train,4073,1381.6335002999838
train,4074,1381.6335002999838
train,4075,1381.6335002999838
train,4076,1381.6335002999838
train,4077,1381.6335002999838
train,4078,1381.6335002999838
train,4079,1381.6335002999838
train,4080,1381.6335002999838
train,4081,1381.6335002999838
train,4082,1381.6335002999838
train,4083,1381.6335002999838
train,4084,1381.6335002999838
train,4085,1381.6335002999838
train,4086,1381.6335002999838
train,4087,1381.6335002999838
train,4088,1381.6335002999838
train,4089,1381.6335002999838
train,4090,1381.6335002999838
train,4091,1381.6335002999838
train,4092,1381.6335002999838
train,4093,1381.6335002999838
train,4094,1381.6335002999838
train,4095,1381.6335002999838
train,4096,1381.6335002999838
train,4097,1381.6335002999838
train,4098,1381.6335002999838
train,4099,1381.6335002999838
train,4100,1381.6335002999838
train,4101,1381.6335002999838
train,4102,1381.6335002999838
train,4103,1381.6335002999838
train,4104,1381.6335002999838
train,4105,1381.6335002999838
train,4106,1381.6335002999838
train,4107,1381.6335002999838
train,4108,1381.6335002999838
train,4109,1381.6335002999838
train,4110,1381.6335002999838
train,4111,1381.6335002999838
train,4112,1381.6335002999838
train,4113,1381.6335002999838
train,4114,1381.6335002999838
train,4115,1381.6335002999838
train,4116,1381.6335002999838
train,4117,1381.6335002999838
train,4118,1381.6335002999838
train,4119,1381.6335002999838
train,4120,1381.6335002999838
train,4121,1381.6335002999838
train,4122,1381.6335002999838
train,4123,1381.6335002999838
train,4124,1381.6335002999838
train,4125,1381.6335002999838
train,4126,1381.6335002999838
train,4127,1381.6335002999838
train,4128,1381.6335002999838
train,4129,1381.6335002999838
train,4130,1381.6335002999838
train,4131,1381.6335002999838
train,4132,1381.6335002999838
train,4133,1381.6335002999838
train,4134,1381.6335002999838
train,4135,1381.6335002999838
train,4136,1381.6335002999838
train,4137,1381.6335002999838
train,4138,1381.6335002999838
train,4139,1381.6335002999838
train,4140,1381.6335002999838
train,4141,1381.6335002999838
train,4142,1381.6335002999838
train,4143,1381.6335002999838
train,4144,1381.6335002999838
train,4145,1381.6335002999838
train,4146,1381.6335002999838
train,4147,1381.6335002999838
train,4148,1381.6335002999838
train,4149,1381.6335002999838
train,4150,1381.6335002999838
train,4151,1381.6335002999838
train,4152,1381.6335002999838
train,4153,1381.6335002999838
train,4154,1381.6335002999838
train,4155,1381.6335002999838
train,4156,1381.6335002999838
train,4157,1381.6335002999838
train,4158,1381.6335002999838
train,4159,1381.6335002999838
train,4160,1381.6335002999838
train,4161,1381.6335002999838
train,4162,1381.6335002999838
train,4163,1381.6335002999838
train,4164,1381.6335002999838
train,4165,1381.6335002999838
train,4166,1381.6335002999838
train,4167,1381.6335002999838
train,4168,1381.6335002999838
train,4169,1381.6335002999838
train,4170,1381.6335002999838
train,4171,1381.6335002999838
train,4172,1381.6335002999838
train,4173,1381.6335002999838
train,4174,1381.6335002999838
train,4175,1381.6335002999838
train,4176,1381.6335002999838
train,4177,1381.6335002999838
train,4178,1381.6335002999838
train,4179,1381.6335002999838
train,4180,1381.6335002999838
train,4181,1381.6335002999838
train,4182,1381.6335002999838
train,4183,1381.6335002999838
train,4184,1381.6335002999838
train,4185,1381.6335002999838
train,4186,1381.6335002999838
train,4187,1381.6335002999838
train,4188,1381.6335002999838
train,4189,1381.6335002999838
train,4190,1381.6335002999838
train,4191,1381.6335002999838
train,4192,1381.6335002999838
train,4193,1381.6335002999838
train,4194,1381.6335002999838
train,4195,1381.6335002999838
train,4196,1381.6335002999838
train,4197,1381.6335002999838
train,4198,1381.6335002999838
train,4199,1381.6335002999838
train,4200,1381.6335002999838
train,4201,1381.6335002999838
train,4202,1381.6335002999838
train,4203,1381.6335002999838
train,4204,1381.6335002999838
train,4205,1381.6335002999838
train,4206,1381.6335002999838
train,4207,1381.6335002999838
train,4208,1381.6335002999838
train,4209,1381.6335002999838
train,4210,1381.6335002999838
train,4211,1381.6335002999838
train,4212,1381.6335002999838
train,4213,1381.6335002999838
train,4214,1381.6335002999838
train,4215,1381.6335002999838
train,4216,1381.6335002999838
train,4217,1381.6335002999838
train,4218,1381.6335002999838
train,4219,1381.6335002999838
train,4220,1381.6335002999838
train,4221,1381.6335002999838
train,4222,1381.6335002999838
train,4223,1381.6335002999838
train,4224,1381.6335002999838
train,4225,1381.6335002999838
train,4226,1381.6335002999838
train,4227,1381.6335002999838
train,4228,1381.6335002999838
train,4229,1381.6335002999838
train,4230,1381.6335002999838
train,4231,1381.6335002999838
train,4232,1381.6335002999838
train,4233,1381.6335002999838
train,4234,1381.6335002999838
train,4235,1381.6335002999838
train,4236,1381.6335002999838
train,4237,1381.6335002999838
train,4238,1381.6335002999838
train,4239,1381.6335002999838
train,4240,1381.6335002999838
train,4241,1381.6335002999838
train,4242,1381.6335002999838
train,4243,1381.6335002999838
train,4244,1381.6335002999838
train,4245,1381.6335002999838
train,4246,1381.6335002999838
train,4247,1381.6335002999838
train,4248,1381.6335002999838
train,4249,1381.6335002999838
train,4250,1381.6335002999838
train,4251,1381.6335002999838
train,4252,1381.6335002999838
train,4253,1381.6335002999838
train,4254,1381.6335002999838
train,4255,1381.6335002999838
train,4256,1381.6335002999838
train,4257,1381.6335002999838
train,4258,1381.6335002999838
train,4259,1381.6335002999838
train,4260,1381.6335002999838
train,4261,1381.6335002999838
train,4262,1381.6335002999838
train,4263,1381.6335002999838
train,4264,1381.6335002999838
train,4265,1381.6335002999838
train,4266,1381.6335002999838
train,4267,1381.6335002999838
train,4268,1381.6335002999838
train,4269,1381.6335002999838
train,4270,1381.6335002999838
train,4271,1381.6335002999838
train,4272,1381.6335002999838
train,4273,1381.6335002999838
train,4274,1381.6335002999838
train,4275,1381.6335002999838
train,4276,1381.6335002999838
train,4277,1381.6335002999838
train,4278,1381.6335002999838
train,4279,1381.6335002999838
train,4280,1381.6335002999838
train,4281,1381.6335002999838
train,4282,1381.6335002999838
train,4283,1381.6335002999838
train,4284,1381.6335002999838
train,4285,1381.6335002999838
train,4286,1381.6335002999838
train,4287,1381.6335002999838
train,4288,1381.6335002999838
train,4289,1381.6335002999838
train,4290,1381.6335002999838
train,4291,1381.6335002999838
train,4292,1381.6335002999838
train,4293,1381.6335002999838
train,4294,1381.6335002999838
train,4295,1381.6335002999838
train,4296,1381.6335002999838
train,4297,1381.6335002999838
train,4298,1381.6335002999838
train,4299,1381.6335002999838
train,4300,1381.6335002999838
train,4301,1381.6335002999838
train,4302,1381.6335002999838
train,4303,1381.6335002999838
train,4304,1381.6335002999838
train,4305,1381.6335002999838
train,4306,1381.6335002999838
train,4307,1381.6335002999838
train,4308,1381.6335002999838
train,4309,1381.6335002999838
train,4310,1381.6335002999838
train,4311,1381.6335002999838
train,4312,1381.6335002999838
train,4313,1381.6335002999838
train,4314,1381.6335002999838
train,4315,1381.6335002999838
train,4316,1381.6335002999838
train,4317,1381.6335002999838
train,4318,1381.6335002999838
train,4319,1381.6335002999838
train,4320,1381.6335002999838
train,4321,1381.6335002999838
train,4322,1381.6335002999838
train,4323,1381.6335002999838
train,4324,1381.6335002999838
train,4325,1381.6335002999838
train,4326,1381.6335002999838
train,4327,1381.6335002999838
train,4328,1381.6335002999838
train,4329,1381.6335002999838
train,4330,1381.6335002999838
train,4331,1381.6335002999838
train,4332,1381.6335002999838
train,4333,1381.6335002999838
train,4334,1381.6335002999838
train,4335,1381.6335002999838
train,4336,1381.6335002999838
train,4337,1381.6335002999838
train,4338,1381.6335002999838
train,4339,1381.6335002999838
train,4340,1381.6335002999838
train,4341,1381.6335002999838
train,4342,1381.6335002999838
train,4343,1381.6335002999838
train,4344,1381.6335002999838
train,4345,1381.6335002999838
train,4346,1381.6335002999838
train,4347,1381.6335002999838
train,4348,1381.6335002999838
train,4349,1381.6335002999838
train,4350,1381.6335002999838
train,4351,1381.6335002999838
train,4352,1381.6335002999838
train,4353,1381.6335002999838
train,4354,1381.6335002999838
train,4355,1381.6335002999838
train,4356,1381.6335002999838
train,4357,1381.6335002999838
train,4358,1381.6335002999838
train,4359,1381.6335002999838
train,4360,1381.6335002999838
train,4361,1381.6335002999838
train,4362,1381.6335002999838
train,4363,1381.6335002999838
train,4364,1381.6335002999838
train,4365,1381.6335002999838
train,4366,1381.6335002999838
train,4367,1381.6335002999838
train,4368,1381.6335002999838
train,4369,1381.6335002999838
train,4370,1381.6335002999838
train,4371,1381.6335002999838
train,4372,1381.6335002999838
train,4373,1381.6335002999838
train,4374,1381.6335002999838
train,4375,1381.6335002999838
train,4376,1381.6335002999838
train,4377,1381.6335002999838
train,4378,1381.6335002999838
train,4379,1381.6335002999838
train,4380,1381.6335002999838
train,4381,1381.6335002999838
train,4382,1381.6335002999838
train,4383,1381.6335002999838
train,4384,1381.6335002999838
train,4385,1381.6335002999838
train,4386,1381.6335002999838
train,4387,1381.6335002999838
train,4388,1381.6335002999838
train,4389,1381.6335002999838
train,4390,1381.6335002999838
train,4391,1381.6335002999838
train,4392,1381.6335002999838
train,4393,1381.6335002999838
train,4394,1381.6335002999838
train,4395,1381.6335002999838
train,4396,1381.6335002999838
train,4397,1381.6335002999838
train,4398,1381.6335002999838
train,4399,1381.6335002999838
train,4400,1381.6335002999838
train,4401,1381.6335002999838
train,4402,1381.6335002999838
train,4403,1381.6335002999838
train,4404,1381.6335002999838
train,4405,1381.6335002999838
train,4406,1381.6335002999838
train,4407,1381.6335002999838
train,4408,1381.6335002999838
train,4409,1381.6335002999838
train,4410,1381.6335002999838
train,4411,1381.6335002999838
train,4412,1381.6335002999838
train,4413,1381.6335002999838
train,4414,1381.6335002999838
train,4415,1381.6335002999838
train,4416,1381.6335002999838
train,4417,1381.6335002999838
train,4418,1381.6335002999838
train,4419,1381.6335002999838
train,4420,1381.6335002999838
train,4421,1381.6335002999838
train,4422,1381.6335002999838
train,4423,1381.6335002999838
train,4424,1381.6335002999838
train,4425,1381.6335002999838
train,4426,1381.6335002999838
train,4427,1381.6335002999838
train,4428,1381.6335002999838
train,4429,1381.6335002999838
train,4430,1381.6335002999838
train,4431,1381.6335002999838
train,4432,1381.6335002999838
train,4433,1381.6335002999838
train,4434,1381.6335002999838
train,4435,1381.6335002999838
train,4436,1381.6335002999838
train,4437,1381.6335002999838
train,4438,1381.6335002999838
train,4439,1381.6335002999838
train,4440,1381.6335002999838
train,4441,1381.6335002999838
train,4442,1381.6335002999838
train,4443,1381.6335002999838
train,4444,1381.6335002999838
train,4445,1381.6335002999838
train,4446,1381.6335002999838
train,4447,1381.6335002999838
train,4448,1381.6335002999838
train,4449,1381.6335002999838
train,4450,1381.6335002999838
train,4451,1381.6335002999838
train,4452,1381.6335002999838
train,4453,1381.6335002999838
train,4454,1381.6335002999838
train,4455,1381.6335002999838
train,4456,1381.6335002999838
train,4457,1381.6335002999838
train,4458,1381.6335002999838
train,4459,1381.6335002999838
train,4460,1381.6335002999838
train,4461,1381.6335002999838
train,4462,1381.6335002999838
train,4463,1381.6335002999838
train,4464,1381.6335002999838
train,4465,1381.6335002999838
train,4466,1381.6335002999838
train,4467,1381.6335002999838
train,4468,1381.6335002999838
train,4469,1381.6335002999838
train,4470,1381.6335002999838
train,4471,1381.6335002999838
train,4472,1381.6335002999838
train,4473,1381.6335002999838
train,4474,1381.6335002999838
train,4475,1381.6335002999838
train,4476,1381.6335002999838
train,4477,1381.6335002999838
train,4478,1381.6335002999838
train,4479,1381.6335002999838
train,4480,1381.6335002999838
train,4481,1381.6335002999838
train,4482,1381.6335002999838
train,4483,1381.6335002999838
train,4484,1381.6335002999838
train,4485,1381.6335002999838
train,4486,1381.6335002999838
train,4487,1381.6335002999838
train,4488,1381.6335002999838
train,4489,1381.6335002999838
train,4490,1381.6335002999838
train,4491,1381.6335002999838
train,4492,1381.6335002999838
train,4493,1381.6335002999838
train,4494,1381.6335002999838
train,4495,1381.6335002999838
train,4496,1381.6335002999838
train,4497,1381.6335002999838
train,4498,1381.6335002999838
train,4499,1381.6335002999838
train,4500,1381.6335002999838
train,4501,1381.6335002999838
train,4502,1381.6335002999838
train,4503,1381.6335002999838
train,4504,1381.6335002999838
train,4505,1381.6335002999838
train,4506,1381.6335002999838
train,4507,1381.6335002999838
train,4508,1381.6335002999838
train,4509,1381.6335002999838
train,4510,1381.6335002999838
train,4511,1381.6335002999838
train,4512,1381.6335002999838
train,4513,1381.6335002999838
train,4514,1381.6335002999838
train,4515,1381.6335002999838
train,4516,1381.6335002999838
train,4517,1381.6335002999838
train,4518,1381.6335002999838
train,4519,1381.6335002999838
train,4520,1381.6335002999838
train,4521,1381.6335002999838
train,4522,1381.6335002999838
train,4523,1381.6335002999838
train,4524,1381.6335002999838
train,4525,1381.6335002999838
train,4526,1381.6335002999838
train,4527,1381.6335002999838
train,4528,1381.6335002999838
train,4529,1381.6335002999838
train,4530,1381.6335002999838
train,4531,1381.6335002999838
train,4532,1381.6335002999838
train,4533,1381.6335002999838
train,4534,1381.6335002999838
train,4535,1381.6335002999838
train,4536,1381.6335002999838
train,4537,1381.6335002999838
train,4538,1381.6335002999838
train,4539,1381.6335002999838
train,4540,1381.6335002999838
train,4541,1381.6335002999838
train,4542,1381.6335002999838
train,4543,1381.6335002999838
train,4544,1381.6335002999838
train,4545,1381.6335002999838
train,4546,1381.6335002999838
train,4547,1381.6335002999838
train,4548,1381.6335002999838
train,4549,1381.6335002999838
train,4550,1381.6335002999838
train,4551,1381.6335002999838
train,4552,1381.6335002999838
train,4553,1381.6335002999838
train,4554,1381.6335002999838
train,4555,1381.6335002999838
train,4556,1381.6335002999838
train,4557,1381.6335002999838
train,4558,1381.6335002999838
train,4559,1381.6335002999838
train,4560,1381.6335002999838
train,4561,1381.6335002999838
train,4562,1381.6335002999838
train,4563,1381.6335002999838
train,4564,1381.6335002999838
train,4565,1381.6335002999838
train,4566,1381.6335002999838
train,4567,1381.6335002999838
train,4568,1381.6335002999838
train,4569,1381.6335002999838
train,4570,1381.6335002999838
train,4571,1381.6335002999838
train,4572,1381.6335002999838
train,4573,1381.6335002999838
train,4574,1381.6335002999838
train,4575,1381.6335002999838
train,4576,1381.6335002999838
train,4577,1381.6335002999838
train,4578,1381.6335002999838
train,4579,1381.6335002999838
train,4580,1381.6335002999838
train,4581,1381.6335002999838
train,4582,1381.6335002999838
train,4583,1381.6335002999838
train,4584,1381.6335002999838
train,4585,1381.6335002999838
train,4586,1381.6335002999838
train,4587,1381.6335002999838
train,4588,1381.6335002999838
train,4589,1381.6335002999838
train,4590,1381.6335002999838
train,4591,1381.6335002999838
train,4592,1381.6335002999838
train,4593,1381.6335002999838
train,4594,1381.6335002999838
train,4595,1381.6335002999838
train,4596,1381.6335002999838
train,4597,1381.6335002999838
train,4598,1381.6335002999838
train,4599,1381.6335002999838
train,4600,1381.6335002999838
train,4601,1381.6335002999838
train,4602,1381.6335002999838
train,4603,1381.6335002999838
train,4604,1381.6335002999838
train,4605,1381.6335002999838
train,4606,1381.6335002999838
train,4607,1381.6335002999838
train,4608,1381.6335002999838
train,4609,1381.6335002999838
train,4610,1381.6335002999838
train,4611,1381.6335002999838
train,4612,1381.6335002999838
train,4613,1381.6335002999838
train,4614,1381.6335002999838
train,4615,1381.6335002999838
train,4616,1381.6335002999838
train,4617,1381.6335002999838
train,4618,1381.6335002999838
train,4619,1381.6335002999838
train,4620,1381.6335002999838
train,4621,1381.6335002999838
train,4622,1381.6335002999838
train,4623,1381.6335002999838
train,4624,1381.6335002999838
train,4625,1381.6335002999838
train,4626,1381.6335002999838
train,4627,1381.6335002999838
train,4628,1381.6335002999838
train,4629,1381.6335002999838
train,4630,1381.6335002999838
train,4631,1381.6335002999838
train,4632,1381.6335002999838
train,4633,1381.6335002999838
train,4634,1381.6335002999838
train,4635,1381.6335002999838
train,4636,1381.6335002999838
train,4637,1381.6335002999838
train,4638,1381.6335002999838
train,4639,1381.6335002999838
train,4640,1381.6335002999838
train,4641,1381.6335002999838
train,4642,1381.6335002999838
train,4643,1381.6335002999838
train,4644,1381.6335002999838
train,4645,1381.6335002999838
train,4646,1381.6335002999838
train,4647,1381.6335002999838
train,4648,1381.6335002999838
train,4649,1381.6335002999838
train,4650,1381.6335002999838
train,4651,1381.6335002999838
train,4652,1381.6335002999838
train,4653,1381.6335002999838
train,4654,1381.6335002999838
train,4655,1381.6335002999838
train,4656,1381.6335002999838
train,4657,1381.6335002999838
train,4658,1381.6335002999838
train,4659,1381.6335002999838
train,4660,1381.6335002999838
train,4661,1381.6335002999838
train,4662,1381.6335002999838
train,4663,1381.6335002999838
train,4664,1381.6335002999838
train,4665,1381.6335002999838
train,4666,1381.6335002999838
train,4667,1381.6335002999838
train,4668,1381.6335002999838
train,4669,1381.6335002999838
train,4670,1381.6335002999838
train,4671,1381.6335002999838
train,4672,1381.6335002999838
train,4673,1381.6335002999838
train,4674,1381.6335002999838
train,4675,1381.6335002999838
train,4676,1381.6335002999838
train,4677,1381.6335002999838
train,4678,1381.6335002999838
train,4679,1381.6335002999838
train,4680,1381.6335002999838
train,4681,1381.6335002999838
train,4682,1381.6335002999838
train,4683,1381.6335002999838
train,4684,1381.6335002999838
train,4685,1381.6335002999838
train,4686,1381.6335002999838
train,4687,1381.6335002999838
train,4688,1381.6335002999838
train,4689,1381.6335002999838
train,4690,1381.6335002999838
train,4691,1381.6335002999838
train,4692,1381.6335002999838
train,4693,1381.6335002999838
train,4694,1381.6335002999838
train,4695,1381.6335002999838
train,4696,1381.6335002999838
train,4697,1381.6335002999838
train,4698,1381.6335002999838
train,4699,1381.6335002999838
train,4700,1381.6335002999838
train,4701,1381.6335002999838
train,4702,1381.6335002999838
train,4703,1381.6335002999838
train,4704,1381.6335002999838
train,4705,1381.6335002999838
train,4706,1381.6335002999838
train,4707,1381.6335002999838
train,4708,1381.6335002999838
train,4709,1381.6335002999838
train,4710,1381.6335002999838
train,4711,1381.6335002999838
train,4712,1381.6335002999838
train,4713,1381.6335002999838
train,4714,1381.6335002999838
train,4715,1381.6335002999838
train,4716,1381.6335002999838
train,4717,1381.6335002999838
train,4718,1381.6335002999838
train,4719,1381.6335002999838
train,4720,1381.6335002999838
train,4721,1381.6335002999838
train,4722,1381.6335002999838
train,4723,1381.6335002999838
train,4724,1381.6335002999838
train,4725,1381.6335002999838
train,4726,1381.6335002999838
train,4727,1381.6335002999838
train,4728,1381.6335002999838
train,4729,1381.6335002999838
train,4730,1381.6335002999838
train,4731,1381.6335002999838
train,4732,1381.6335002999838
train,4733,1381.6335002999838
train,4734,1381.6335002999838
train,4735,1381.6335002999838
train,4736,1381.6335002999838
train,4737,1381.6335002999838
train,4738,1381.6335002999838
train,4739,1381.6335002999838
train,4740,1381.6335002999838
train,4741,1381.6335002999838
train,4742,1381.6335002999838
train,4743,1381.6335002999838
train,4744,1381.6335002999838
train,4745,1381.6335002999838
train,4746,1381.6335002999838
train,4747,1381.6335002999838
train,4748,1381.6335002999838
train,4749,1381.6335002999838
train,4750,1381.6335002999838
train,4751,1381.6335002999838
train,4752,1381.6335002999838
train,4753,1381.6335002999838
train,4754,1381.6335002999838
train,4755,1381.6335002999838
train,4756,1381.6335002999838
train,4757,1381.6335002999838
train,4758,1381.6335002999838
train,4759,1381.6335002999838
train,4760,1381.6335002999838
train,4761,1381.6335002999838
train,4762,1381.6335002999838
train,4763,1381.6335002999838
train,4764,1381.6335002999838
train,4765,1381.6335002999838
train,4766,1381.6335002999838
train,4767,1381.6335002999838
train,4768,1381.6335002999838
train,4769,1381.6335002999838
train,4770,1381.6335002999838
train,4771,1381.6335002999838
train,4772,1381.6335002999838
train,4773,1381.6335002999838
train,4774,1381.6335002999838
train,4775,1381.6335002999838
train,4776,1381.6335002999838
train,4777,1381.6335002999838
train,4778,1381.6335002999838
train,4779,1381.6335002999838
train,4780,1381.6335002999838
train,4781,1381.6335002999838
train,4782,1381.6335002999838
train,4783,1381.6335002999838
train,4784,1381.6335002999838
train,4785,1381.6335002999838
train,4786,1381.6335002999838
train,4787,1381.6335002999838
train,4788,1381.6335002999838
train,4789,1381.6335002999838
train,4790,1381.6335002999838
train,4791,1381.6335002999838
train,4792,1381.6335002999838
train,4793,1381.6335002999838
train,4794,1381.6335002999838
train,4795,1381.6335002999838
train,4796,1381.6335002999838
train,4797,1381.6335002999838
train,4798,1381.6335002999838
train,4799,1381.6335002999838
train,4800,1381.6335002999838
train,4801,1381.6335002999838
train,4802,1381.6335002999838
train,4803,1381.6335002999838
train,4804,1381.6335002999838
train,4805,1381.6335002999838
train,4806,1381.6335002999838
train,4807,1381.6335002999838
train,4808,1381.6335002999838
train,4809,1381.6335002999838
train,4810,1381.6335002999838
train,4811,1381.6335002999838
train,4812,1381.6335002999838
train,4813,1381.6335002999838
train,4814,1381.6335002999838
train,4815,1381.6335002999838
train,4816,1381.6335002999838
train,4817,1381.6335002999838
train,4818,1381.6335002999838
train,4819,1381.6335002999838
train,4820,1381.6335002999838
train,4821,1381.6335002999838
train,4822,1381.6335002999838
train,4823,1381.6335002999838
train,4824,1381.6335002999838
train,4825,1381.6335002999838
train,4826,1381.6335002999838
train,4827,1381.6335002999838
train,4828,1381.6335002999838
train,4829,1381.6335002999838
train,4830,1381.6335002999838
train,4831,1381.6335002999838
train,4832,1381.6335002999838
train,4833,1381.6335002999838
train,4834,1381.6335002999838
train,4835,1381.6335002999838
train,4836,1381.6335002999838
train,4837,1381.6335002999838
train,4838,1381.6335002999838
train,4839,1381.6335002999838
train,4840,1381.6335002999838
train,4841,1381.6335002999838
train,4842,1381.6335002999838
train,4843,1381.6335002999838
train,4844,1381.6335002999838
train,4845,1381.6335002999838
train,4846,1381.6335002999838
train,4847,1381.6335002999838
train,4848,1381.6335002999838
train,4849,1381.6335002999838
train,4850,1381.6335002999838
train,4851,1381.6335002999838
train,4852,1381.6335002999838
train,4853,1381.6335002999838
train,4854,1381.6335002999838
train,4855,1381.6335002999838
train,4856,1381.6335002999838
train,4857,1381.6335002999838
train,4858,1381.6335002999838
train,4859,1381.6335002999838
train,4860,1381.6335002999838
train,4861,1381.6335002999838
train,4862,1381.6335002999838
train,4863,1381.6335002999838
train,4864,1381.6335002999838
train,4865,1381.6335002999838
train,4866,1381.6335002999838
train,4867,1381.6335002999838
train,4868,1381.6335002999838
train,4869,1381.6335002999838
train,4870,1381.6335002999838
train,4871,1381.6335002999838
train,4872,1381.6335002999838
train,4873,1381.6335002999838
train,4874,1381.6335002999838
train,4875,1381.6335002999838
train,4876,1381.6335002999838
train,4877,1381.6335002999838
train,4878,1381.6335002999838
train,4879,1381.6335002999838
train,4880,1381.6335002999838
train,4881,1381.6335002999838
train,4882,1381.6335002999838
train,4883,1381.6335002999838
train,4884,1381.6335002999838
train,4885,1381.6335002999838
train,4886,1381.6335002999838
train,4887,1381.6335002999838
train,4888,1381.6335002999838
train,4889,1381.6335002999838
train,4890,1381.6335002999838
train,4891,1381.6335002999838
train,4892,1381.6335002999838
train,4893,1381.6335002999838
train,4894,1381.6335002999838
train,4895,1381.6335002999838
train,4896,1381.6335002999838
train,4897,1381.6335002999838
train,4898,1381.6335002999838
train,4899,1381.6335002999838
train,4900,1381.6335002999838
train,4901,1381.6335002999838
train,4902,1381.6335002999838
train,4903,1381.6335002999838
train,4904,1381.6335002999838
train,4905,1381.6335002999838
train,4906,1381.6335002999838
train,4907,1381.6335002999838
train,4908,1381.6335002999838
train,4909,1381.6335002999838
train,4910,1381.6335002999838
train,4911,1381.6335002999838
train,4912,1381.6335002999838
train,4913,1381.6335002999838
train,4914,1381.6335002999838
train,4915,1381.6335002999838
train,4916,1381.6335002999838
train,4917,1381.6335002999838
train,4918,1381.6335002999838
train,4919,1381.6335002999838
train,4920,1381.6335002999838
train,4921,1381.6335002999838
train,4922,1381.6335002999838
train,4923,1381.6335002999838
train,4924,1381.6335002999838
train,4925,1381.6335002999838
train,4926,1381.6335002999838
train,4927,1381.6335002999838
train,4928,1381.6335002999838
train,4929,1381.6335002999838
train,4930,1381.6335002999838
train,4931,1381.6335002999838
train,4932,1381.6335002999838
train,4933,1381.6335002999838
train,4934,1381.6335002999838
train,4935,1381.6335002999838
train,4936,1381.6335002999838
train,4937,1381.6335002999838
train,4938,1381.6335002999838
train,4939,1381.6335002999838
train,4940,1381.6335002999838
train,4941,1381.6335002999838
train,4942,1381.6335002999838
train,4943,1381.6335002999838
train,4944,1381.6335002999838
train,4945,1381.6335002999838
train,4946,1381.6335002999838
train,4947,1381.6335002999838
train,4948,1381.6335002999838
train,4949,1381.6335002999838
train,4950,1381.6335002999838
train,4951,1381.6335002999838
train,4952,1381.6335002999838
train,4953,1381.6335002999838
train,4954,1381.6335002999838
train,4955,1381.6335002999838
train,4956,1381.6335002999838
train,4957,1381.6335002999838
train,4958,1381.6335002999838
train,4959,1381.6335002999838
train,4960,1381.6335002999838
train,4961,1381.6335002999838
train,4962,1381.6335002999838
train,4963,1381.6335002999838
train,4964,1381.6335002999838
train,4965,1381.6335002999838
train,4966,1381.6335002999838
train,4967,1381.6335002999838
train,4968,1381.6335002999838
train,4969,1381.6335002999838
train,4970,1381.6335002999838
train,4971,1381.6335002999838
train,4972,1381.6335002999838
train,4973,1381.6335002999838
train,4974,1381.6335002999838
train,4975,1381.6335002999838
train,4976,1381.6335002999838
train,4977,1381.6335002999838
train,4978,1381.6335002999838
train,4979,1381.6335002999838
train,4980,1381.6335002999838
train,4981,1381.6335002999838
train,4982,1381.6335002999838
train,4983,1381.6335002999838
train,4984,1381.6335002999838
train,4985,1381.6335002999838
train,4986,1381.6335002999838
train,4987,1381.6335002999838
train,4988,1381.6335002999838
train,4989,1381.6335002999838
train,4990,1381.6335002999838
train,4991,1381.6335002999838
train,4992,1381.6335002999838
train,4993,1381.6335002999838
train,4994,1381.6335002999838
train,4995,1381.6335002999838
train,4996,1381.6335002999838
train,4997,1381.6335002999838
train,4998,1381.6335002999838
train,4999,1381.6335002999838
train,5000,1381.6335002999838
train,5001,1381.6335002999838
train,5002,1381.6335002999838
train,5003,1381.6335002999838
train,5004,1381.6335002999838
train,5005,1381.6335002999838
train,5006,1381.6335002999838
train,5007,1381.6335002999838
train,5008,1381.6335002999838
train,5009,1381.6335002999838
train,5010,1381.6335002999838
train,5011,1381.6335002999838
train,5012,1381.6335002999838
train,5013,1381.6335002999838
train,5014,1381.6335002999838
train,5015,1381.6335002999838
train,5016,1381.6335002999838
train,5017,1381.6335002999838
train,5018,1381.6335002999838
train,5019,1381.6335002999838
train,5020,1381.6335002999838
train,5021,1381.6335002999838
train,5022,1381.6335002999838
train,5023,1381.6335002999838
train,5024,1381.6335002999838
train,5025,1381.6335002999838
train,5026,1381.6335002999838
train,5027,1381.6335002999838
train,5028,1381.6335002999838
train,5029,1381.6335002999838
train,5030,1381.6335002999838
train,5031,1381.6335002999838
train,5032,1381.6335002999838
train,5033,1381.6335002999838
train,5034,1381.6335002999838
train,5035,1381.6335002999838
train,5036,1381.6335002999838
train,5037,1381.6335002999838
train,5038,1381.6335002999838
train,5039,1381.6335002999838
train,5040,1381.6335002999838
train,5041,1381.6335002999838
train,5042,1381.6335002999838
train,5043,1381.6335002999838
train,5044,1381.6335002999838
train,5045,1381.6335002999838
train,5046,1381.6335002999838
train,5047,1381.6335002999838
train,5048,1381.6335002999838
train,5049,1381.6335002999838
train,5050,1381.6335002999838
train,5051,1381.6335002999838
train,5052,1381.6335002999838
train,5053,1381.6335002999838
train,5054,1381.6335002999838
train,5055,1381.6335002999838
train,5056,1381.6335002999838
train,5057,1381.6335002999838
train,5058,1381.6335002999838
train,5059,1381.6335002999838
train,5060,1381.6335002999838
train,5061,1381.6335002999838
train,5062,1381.6335002999838
train,5063,1381.6335002999838
train,5064,1381.6335002999838
train,5065,1381.6335002999838
train,5066,1381.6335002999838
train,5067,1381.6335002999838
train,5068,1381.6335002999838
train,5069,1381.6335002999838
train,5070,1381.6335002999838
train,5071,1381.6335002999838
train,5072,1381.6335002999838
train,5073,1381.6335002999838
train,5074,1381.6335002999838
train,5075,1381.6335002999838
train,5076,1381.6335002999838
train,5077,1381.6335002999838
train,5078,1381.6335002999838
train,5079,1381.6335002999838
train,5080,1381.6335002999838
train,5081,1381.6335002999838
train,5082,1381.6335002999838
train,5083,1381.6335002999838
train,5084,1381.6335002999838
train,5085,1381.6335002999838
train,5086,1381.6335002999838
train,5087,1381.6335002999838
train,5088,1381.6335002999838
train,5089,1381.6335002999838
train,5090,1381.6335002999838
train,5091,1381.6335002999838
train,5092,1381.6335002999838
train,5093,1381.6335002999838
train,5094,1381.6335002999838
train,5095,1381.6335002999838
train,5096,1381.6335002999838
train,5097,1381.6335002999838
train,5098,1381.6335002999838
train,5099,1381.6335002999838
train,5100,1381.6335002999838
train,5101,1381.6335002999838
train,5102,1381.6335002999838
train,5103,1381.6335002999838
train,5104,1381.6335002999838
train,5105,1381.6335002999838
train,5106,1381.6335002999838
train,5107,1381.6335002999838
train,5108,1381.6335002999838
train,5109,1381.6335002999838
train,5110,1381.6335002999838
train,5111,1381.6335002999838
train,5112,1381.6335002999838
train,5113,1381.6335002999838
train,5114,1381.6335002999838
train,5115,1381.6335002999838
train,5116,1381.6335002999838
train,5117,1381.6335002999838
train,5118,1381.6335002999838
train,5119,1381.6335002999838
train,5120,1381.6335002999838
train,5121,1381.6335002999838
train,5122,1381.6335002999838
train,5123,1381.6335002999838
train,5124,1381.6335002999838
train,5125,1381.6335002999838
train,5126,1381.6335002999838
train,5127,1381.6335002999838
train,5128,1381.6335002999838
train,5129,1381.6335002999838
train,5130,1381.6335002999838
train,5131,1381.6335002999838
train,5132,1381.6335002999838
train,5133,1381.6335002999838
train,5134,1381.6335002999838
train,5135,1381.6335002999838
train,5136,1381.6335002999838
train,5137,1381.6335002999838
train,5138,1381.6335002999838
train,5139,1381.6335002999838
train,5140,1381.6335002999838
train,5141,1381.6335002999838
train,5142,1381.6335002999838
train,5143,1381.6335002999838
train,5144,1381.6335002999838
train,5145,1381.6335002999838
train,5146,1381.6335002999838
train,5147,1381.6335002999838
train,5148,1381.6335002999838
train,5149,1381.6335002999838
train,5150,1381.6335002999838
train,5151,1381.6335002999838
train,5152,1381.6335002999838
train,5153,1381.6335002999838
train,5154,1381.6335002999838
train,5155,1381.6335002999838
train,5156,1381.6335002999838
train,5157,1381.6335002999838
train,5158,1381.6335002999838
train,5159,1381.6335002999838
train,5160,1381.6335002999838
train,5161,1381.6335002999838
train,5162,1381.6335002999838
train,5163,1381.6335002999838
train,5164,1381.6335002999838
train,5165,1381.6335002999838
train,5166,1381.6335002999838
train,5167,1381.6335002999838
train,5168,1381.6335002999838
train,5169,1381.6335002999838
train,5170,1381.6335002999838
train,5171,1381.6335002999838
train,5172,1381.6335002999838
train,5173,1381.6335002999838
train,5174,1381.6335002999838
train,5175,1381.6335002999838
train,5176,1381.6335002999838
train,5177,1381.6335002999838
train,5178,1381.6335002999838
train,5179,1381.6335002999838
train,5180,1381.6335002999838
train,5181,1381.6335002999838
train,5182,1381.6335002999838
train,5183,1381.6335002999838
train,5184,1381.6335002999838
validation,0,100.59677419354838
validation,1,101.14691280241935
validation,2,102.13815254788307
validation,3,101.09549224062343
validation,4,102.71834093185448
validation,5,103.72498067298666
validation,6,102.66739263475229
validation,7,103.13543515999895
validation,8,104.14616242456694
validation,9,105.08748350801976
validation,10,103.99091846271868
validation,11,105.52478451004379
validation,12,105.88128716041555
validation,13,105.19482400096017
validation,14,107.20590151862558
validation,15,107.87374156087276
validation,16,106.77342939695185
validation,17,107.28339204481789
validation,18,107.95171481493314
validation,19,109.09870178484181
validation,20,107.988904645996
validation,21,109.04719591152676
validation,22,110.30360925572478
validation,23,112.54345949925774
validation,24,111.39756245708348
validation,25,111.81530331629754
validation,26,113.21299460775127
validation,27,114.57155054304428
validation,28,115.89161406017067
validation,29,117.91971730622366
validation,30,119.07533053582465
validation,31,120.34050592276779
validation,32,126.58316966751137
validation,33,127.82368473025298
validation,34,126.566677631674
validation,35,128.0854777632541
validation,36,129.5612452244394
validation,37,130.40339331839826
validation,38,132.55336988988583
validation,39,134.14401032856446
validation,40,134.94454716439623
validation,41,140.27485677738989
validation,42,144.21334314075506
validation,43,142.74867637448176
validation,44,144.3933893848834
validation,45,145.11535633180782
validation,46,145.7165485223253
validation,47,144.21384661568882
validation,48,142.71829561374835
validation,49,144.17460475266415
validation,50,145.76972803928936
validation,51,147.1982713740744
validation,52,148.42492363552503
validation,53,149.7131399538711
validation,54,148.19146541663503
validation,55,149.32936416894134
validation,56,147.8756429030722
validation,57,149.3248242035223
validation,58,148.24775237683767
validation,59,149.76048454394825
validation,60,151.79294826275898
validation,61,153.11039649296407
validation,62,151.55609398311125
validation,63,149.99164398070494
validation,64,148.46172921210174
validation,65,146.9474195741383
validation,66,148.50873590711353
validation,67,150.36509510595246
validation,68,149.09838998264775
validation,69,150.109226524903
validation,70,148.71274585248045
validation,71,150.57165517563647
validation,72,151.39509391487823
validation,73,152.37916202532494
validation,74,150.79676303506196
validation,75,149.27848017876414
validation,76,150.52246751358717
validation,77,149.24088260561018
validation,78,151.1428049090911
validation,79,152.8150231761704
validation,80,153.94102861010006
validation,81,157.8445332641419
validation,82,156.46137548359565
validation,83,158.04531676870442
validation,84,160.93528827533217
validation,85,162.51245410043043
validation,86,161.0620957890384
validation,87,162.51784934713163
validation,88,164.24460149644491
validation,89,162.57229282666293
validation,90,160.9164639182432
validation,91,159.46356727323789
validation,92,158.0353615695175
validation,93,159.06259141971938
validation,94,160.68567908726754
validation,95,162.1380304174794
validation,96,163.93189798805577
validation,97,167.27100315443008
validation,98,165.63047268129827
validation,99,163.92397690215762
validation,100,165.18267886765634
validation,101,166.50414029859758
validation,102,168.63688037456507
validation,103,170.16109833179672
validation,104,168.41086989181252
validation,105,169.75815685094702
validation,106,171.00900642774346
validation,107,171.94421193164519
validation,108,173.6292652085753
validation,109,177.04823173668927
validation,110,179.08813527626418
validation,111,177.39032943697194
validation,112,180.11941142830997
validation,113,178.26818414418568
validation,114,177.08705580066064
validation,115,175.27683256358722
validation,116,173.47669212104228
validation,117,175.6451507725553
validation,118,177.4374482294181
validation,119,179.10744774216556
validation,120,180.42718683079204
validation,121,178.58452619932862
validation,122,176.7662110234809
validation,123,175.23270399712672
validation,124,186.8250213384751
validation,125,196.51656932040848
validation,126,195.00675897782637
validation,127,192.9483542997271
validation,128,190.98560379909193
validation,129,191.5635865474313
validation,130,189.61434303519428
validation,131,190.69785356682397
validation,132,192.0458901178998
validation,133,190.09173895529662
validation,134,190.66701658634554
validation,135,191.959674325914
validation,136,194.26319041782497
validation,137,195.81729594116757
validation,138,197.1448708289043
validation,139,199.15655318430126
validation,140,197.1317948935942
validation,141,199.0636864835514
validation,142,197.0398723376353
validation,143,198.55285707165643
validation,144,196.5363046170224
validation,145,194.5316343099288
validation,146,195.12034846639304
validation,147,200.23222767139902
validation,148,198.18223105476326
validation,149,202.96594008022308
validation,150,205.03702110144985
validation,151,206.81658769968885
validation,152,208.68589147312835
validation,153,210.64999398111073
validation,154,212.7143639221256
validation,155,213.9298745731092
validation,156,214.81615548205494
validation,157,214.81615548205494
validation,158,217.50135742558064
validation,159,215.27576214029563
validation,160,213.54884529197489
validation,161,211.35715977450462
validation,162,209.25122726973441
validation,163,209.25122726973441
validation,164,209.25122726973441
validation,165,209.25122726973441
validation,166,209.25122726973441
validation,167,209.25122726973441
validation,168,209.25122726973441
validation,169,209.25122726973441
validation,170,209.25122726973441
validation,171,209.25122726973441
validation,172,209.25122726973441
validation,173,209.25122726973441
validation,174,209.25122726973441
validation,175,209.25122726973441
validation,176,209.25122726973441
validation,177,209.25122726973441
validation,178,209.25122726973441
validation,179,209.25122726973441
validation,180,209.25122726973441
validation,181,209.25122726973441
validation,182,209.25122726973441
validation,183,209.25122726973441
validation,184,209.25122726973441
validation,185,209.25122726973441
validation,186,209.25122726973441
validation,187,209.25122726973441
validation,188,209.25122726973441
validation,189,209.25122726973441
validation,190,209.25122726973441
validation,191,209.25122726973441
validation,192,209.25122726973441
validation,193,209.25122726973441
validation,194,209.25122726973441
validation,195,209.25122726973441
validation,196,209.25122726973441
validation,197,209.25122726973441
validation,198,209.25122726973441
validation,199,209.25122726973441
validation,200,209.25122726973441
validation,201,209.25122726973441
validation,202,209.25122726973441
validation,203,209.25122726973441
validation,204,209.25122726973441
validation,205,209.25122726973441
validation,206,209.25122726973441
validation,207,209.25122726973441
validation,208,209.25122726973441
validation,209,209.25122726973441
validation,210,209.25122726973441
validation,211,209.25122726973441
validation,212,209.25122726973441
validation,213,209.25122726973441
validation,214,209.25122726973441
validation,215,209.25122726973441
validation,216,209.25122726973441
validation,217,209.25122726973441
validation,218,209.25122726973441
validation,219,209.25122726973441
validation,220,209.25122726973441
validation,221,209.25122726973441
validation,222,209.25122726973441
validation,223,209.25122726973441
validation,224,209.25122726973441
validation,225,209.25122726973441
validation,226,209.25122726973441
validation,227,209.25122726973441
validation,228,209.25122726973441
validation,229,209.25122726973441
validation,230,209.25122726973441
validation,231,209.25122726973441
validation,232,209.25122726973441
validation,233,209.25122726973441
validation,234,209.25122726973441
validation,235,209.25122726973441
validation,236,209.25122726973441
validation,237,209.25122726973441
validation,238,209.25122726973441
validation,239,209.25122726973441
test,0,100.98
test,1,102.46945500000001
test,2,103.08096626370968
test,3,104.22143652875498
test,4,103.26010598873224
test,5,102.50276811863392
test,6,104.15059095637946
test,7,104.88682789245041
test,8,106.0012504388077
test,9,104.8988374342441
test,10,105.4475390454386
test,11,104.37605598739624
test,12,104.9724905930385
test,13,106.08782330558954
test,14,105.0625292339528
test,15,106.05135303850766
test,16,108.28814213197631
test,17,107.16515399134842
test,18,106.06858032259974
test,19,104.97001288354424
test,20,105.84476299090711
test,21,106.7634156508282
test,22,105.69503692292317
test,23,104.61694754630935
test,24,105.87235091686506
test,25,105.03277711714549
test,26,103.94493763986077
test,27,102.88658918389127
test,28,101.79911012089177
test,29,100.73484669690063
test,30,101.57430375270813
test,31,102.3868981827298
test,32,103.88301731323324
test,33,104.74870912417686
test,34,105.45886986400178
test,35,106.41205580315719
test,36,107.37385707676265
test,37,109.96563983378795
test,38,110.54084471907238
test,39,109.67119466143714
test,40,110.58512128361579
test,41,111.36684369268963
test,42,112.415002221562
test,43,113.00301915625941
test,44,115.66933329567962
test,45,119.96562281809058
test,46,125.36407584490466
test,47,124.07356329944241
test,48,124.88004146088879
test,49,123.60467082469248
test,50,125.02881159723785
test,51,123.75192160645754
test,52,122.48807219430648
test,53,125.30529785477553
test,54,126.63666664448252
test,55,125.34391733915342
test,56,126.34666867786665
test,57,125.062144212975
test,58,126.10432874808312
test,59,127.07262984382733
test,60,127.8986019378122
test,61,126.74174583663472
test,62,127.40470266101096
test,63,126.097128081069
test,64,124.8109373746421
test,65,126.99512877869833
test,66,125.6899010662506
test,67,127.62359185188522
test,68,126.78442603770759
test,69,128.02691341287712
test,70,126.72336665812783
test,71,125.43027107998367
test,72,127.1325390446406
test,73,128.235953534462
test,74,127.0964888589778
test,75,125.8006030902196
test,76,127.77040026860956
test,77,126.72635916727654
test,78,127.74017004061476
test,79,128.76209140093968
test,80,129.5990449950458
test,81,130.30778977236247
test,82,131.02041049768007
test,83,132.59265542365225
test,84,131.24425553798798
test,85,132.33795766747122
test,86,130.98757034433376
test,87,131.55708151974392
test,88,132.30883627128532
test,89,133.55409590677976
test,90,134.81107563296123
test,91,135.6873476245755
test,92,134.30624426482535
test,93,132.92783807368636
test,94,135.71101468335416
test,95,134.4436629596714
test,96,136.42670698832654
test,97,135.03401768782072
test,98,135.87521320784322
test,99,134.48162127750635
test,100,135.09469925685968
test,101,133.71618191750397
test,102,134.14407369964
test,103,136.70859275566252
test,104,135.66589691073094
test,105,137.22900398383283
test,106,135.82552553399816
test,107,134.44669065357726
test,108,137.8558745951501
test,109,139.5101450902919
test,110,141.32702139844454
test,111,142.82862100080303
test,112,144.6887146696507
test,113,145.47998107800035
test,114,143.99211763515717
test,115,146.02907929926428
test,116,146.35358836437376
test,117,144.82036029579461
test,118,143.34483209655446
test,119,141.88088487514284
test,120,140.43425624504334
test,121,141.1688354315559
test,122,142.086432861861
test,123,140.60636585288327
test,124,142.16201075168112
test,125,140.7158799526554
test,126,139.27599652988405
test,127,140.07185936719767
test,128,138.83174290670098
test,129,139.94239684995458
test,130,141.9220697810027
test,131,140.47265289813288
test,132,141.69184950819215
test,133,143.25950401338918
test,134,141.7871146665849
test,135,142.67037865958986
test,136,141.27565162941139
test,137,139.83766731818343
test,138,141.32344253343913
test,139,139.8597354500571
test,140,138.43259529240345
test,141,140.39091005507646
test,142,139.42522642970292
test,143,142.05091249082292
test,144,140.59575680189255
test,145,141.47159922131416
test,146,140.55503878755354
test,147,142.54337836064576
test,148,143.43135350453176
test,149,144.28731480770395
test,150,142.81237781189188
test,151,144.3924296515128
test,152,145.64564696546933
test,153,144.15682479648896
test,154,145.40799723811887
test,155,146.39381416854678
test,156,149.92745795882206
test,157,148.39819788764208
test,158,149.40428736484643
test,159,152.39237311214336
test,160,150.8460387379172
test,161,152.8932349779318
test,162,154.16734526941457
test,163,161.60365251182162
test,164,163.54289634196348
test,165,162.4499684147069
test,166,163.8599115367968
test,167,165.34095304491785
test,168,171.4821884437291
test,169,172.46208666340755
test,170,170.7087221156629
test,171,168.96942570165427
test,172,167.24378050299907
test,173,165.542996294494
test,174,168.70778887071228
test,175,166.99003683857413
test,176,168.49936986384586
test,177,169.59461576796085
test,178,167.8601253794249
test,179,169.7941659544487
test,180,171.45814878080228
test,181,173.13843863885413
test,182,176.76352469785513
test,183,179.64063510603384
test,184,182.07861515390144
test,185,183.31304644308042
test,186,181.8583699495416
test,187,179.9849748993306
test,188,180.88489977382727
test,189,179.0419215497166
test,190,180.47425692211434
test,191,183.6946834288147
test,192,181.8202478836227
test,193,182.81457736423627
test,194,180.9133057596482
test,195,182.42091664097862
test,196,184.0041925212588
test,197,185.80743360796714
test,198,187.486846950193
test,199,190.07691364195648
test,200,190.8643751413303
test,201,196.82888686449687
test,202,197.64432082436406
test,203,198.6325424284859
test,204,199.49616217817496
test,205,201.53183730244206
test,206,202.58600383602405
test,207,204.92014692369997
test,208,207.48164876024623
test,209,205.29156468999918
test,210,206.4646593453706
test,211,204.35787710715252
test,212,205.686203308349
test,213,207.3316929348158
test,214,209.62557549494568
test,215,211.85284723457949
test,216,215.11212180741916
test,217,213.46778173255632
test,218,218.88071476934613
test,219,220.244233976106
test,220,222.1557877049552
test,221,229.93124027462864
test,222,230.75017345916842
test,223,231.9571743664933
test,224,229.59894309376728
test,225,231.1555460977928
test,226,232.93049046961514
test,227,230.5630002386125
test,228,232.3333947047304
test,229,234.52006194901023
test,230,236.72730959088327
test,231,239.04723722487392
test,232,241.3899001496777
test,233,244.53358257023163
test,234,242.0460857820172
test,235,243.3121729999539
test,236,241.40599882424576
test,237,250.37250735200345
test,238,250.37250735200345
test,239,251.04658717948962
test,240,248.34300854832588
test,241,245.79900699734304
test,242,243.29863778823213
test,243,245.01850746914894
test,244,242.51263637003265
test,245,240.16114999709782
test,246,237.71335366058895
test,247,235.2736639782829
test,248,236.80294279414176
test,249,238.62125110488248
test,250,240.1722892370642
test,251,237.72347373896082
test,252,239.40393277746037
test,253,241.39896555060588
test,254,243.67095581461157
test,255,241.18543536909772
test,256,238.71615591174742
test,257,236.985022162457
test,258,239.04187329820664
test,259,241.38448365652906
test,260,244.79919098630435
test,261,244.79919098630435
test,262,246.83918424452355
test,263,249.16237656682495
test,264,247.0308852766369
test,265,251.1703217326238
test,266,252.87317137148904
test,267,250.25078292763655
test,268,247.6938727542455
test,269,245.13952969146735
test,270,242.6359770478098
test,271,240.16778348818553
test,272,244.91557785861207
test,273,246.03210475767338
test,274,247.77129722233968
test,275,250.01076856261852
test,276,252.4608740945322
test,277,255.49040458366656
test,278,259.0847099658178
test,279,262.749810740944
test,280,260.03755463006974
test,281,264.03813239360926
test,282,267.47676853640974
test,283,270.2061233173935
test,284,271.75015830777863
test,285,273.44302814641725
test,286,274.8102432871493
test,287,276.75286742073087
test,288,276.75286742073087
test,289,284.1329438852837
test,290,286.80713629832167
test,291,290.8644079825418
test,292,292.75502663442836
test,293,295.4010816828549
test,294,297.577721232097
test,295,300.3784527260462
test,296,303.44353897835276
test,297,306.53990162098904
test,298,310.0717744005352
test,299,306.9102582693925
test,300,308.90517494814355
test,301,311.3764163477287
test,302,314.07892864055805
test,303,316.12044167672167
test,304,318.17522454762036
test,305,321.421910512392
test,306,318.15130159840623
test,307,314.9074059742656
test,308,318.12074685155403
test,309,320.771753075317
test,310,322.4496360914033
test,311,319.171398124474
test,312,315.91710151614603
test,313,318.77250608754196
test,314,321.77271790954234
test,315,324.5654622536629
test,316,321.2406453232595
test,317,317.96131373558455
test,318,320.40280239462567
test,319,324.34889559742635
test,320,326.8394317600494
test,321,329.05529231435486
test,322,331.9112439080266
test,323,335.92309018989306
test,324,332.4979920154079
test,325,335.05110159695477
test,326,331.6075208305416
test,327,335.92613040414864
test,328,332.49688448960626
test,329,337.20049895311774
test,330,339.7897170700792
test,331,336.302401552781
test,332,339.7340587114829
test,333,343.4928185099929
test,334,346.7256920959693
test,335,348.5393341777021
test,336,354.37972302067976
test,337,350.7650498458688
test,338,354.3442850483777
test,339,350.73641596424875
test,340,347.16751910005115
test,341,351.33352932925175
test,342,354.26130874032884
test,343,350.656544546129
test,344,353.6999787063407
test,345,350.09866983223975
test,346,353.67110523869115
test,347,362.1548955820846
test,348,359.0225461610122
test,349,364.1014016920704
test,350,366.6752219454109
test,351,369.490763828206
test,352,365.8304815657523
test,353,368.63953704920357
test,354,376.1566166085399
test,355,373.23700383636947
test,356,369.42522166952995
test,357,366.5668698454403
test,358,370.6225032990494
test,359,374.7230075908687
test,360,377.9753204869404
test,361,374.0934117900475
test,362,370.37747342225924
test,363,366.61196910913293
test,364,369.667068851709
test,365,373.1462883232545
test,366,376.8031219488224
test,367,372.9853447111329
test,368,377.4611688476665
test,369,383.2682637530152
test,370,384.70551974208905
test,371,380.77995321410856
test,372,383.36151221895
test,373,387.1184550386957
test,374,390.9122158980749
test,375,395.41620447255275
test,376,397.98640980162435
test,377,395.0690008643255
test,378,391.0305177443791
test,379,393.26497784577555
test,380,396.67822104972004
test,381,398.6616121549686
test,382,402.5684959540873
test,383,406.35737591600815
test,384,409.1123411764557
test,385,404.8933701580735
test,386,400.7217414958388
test,387,402.8178244513555
test,388,405.1196405910775
test,389,409.2535144746599
test,390,405.1025145421312
test,391,407.31791891853345
test,392,410.4455386530865
test,393,411.68767646743134
test,394,407.4900766289399
test,395,411.1731600138553
test,396,416.3128245140285
test,397,419.13528434124225
test,398,414.84867347866134
test,399,417.43297669049565
test,400,420.9115848295831
test,401,423.42347654550156
test,402,429.6689728245477
test,403,425.2768011023412
test,404,428.8207744448607
test,405,424.45165712032815
test,406,426.87709516101575
test,407,430.8947619390018
test,408,433.94074215270854
test,409,439.5920634458601
test,410,435.34657571075
test,411,442.96514078568816
test,412,444.6262600636345
test,413,447.5163307540481
test,414,442.95166418035683
test,415,447.1206210197014
test,416,452.9435872469347
test,417,454.9129071914866
test,418,459.55487563221607
test,419,454.8742241211472
test,420,459.33199151753445
test,421,465.82985871461176
test,422,470.9837209812415
test,423,474.0451151676196
test,424,478.50671625155013
test,425,500.0395184828699
test,426,506.8257690908517
test,427,501.6861274888036
test,428,507.70636101866927
test,429,502.52775613627887
test,430,506.5479781853691
test,431,511.51214837158574
test,432,516.3263803562595
test,433,521.1859227596125
test,434,526.2935448026567
test,435,531.8854137161849
test,436,535.34266890534
test,437,540.8053492002924
test,438,535.3114535893689
test,439,529.8512767627573
test,440,533.4434888086065
test,441,539.3454167698932
test,442,544.2202695753134
test,443,557.6946439279845
test,444,565.2633569527214
test,445,570.3724680636402
test,446,572.8523483595691
test,447,575.9851346396605
test,448,570.1145169212178
test,449,573.6660499774483
test,450,577.8930629772822
test,451,585.1167262644982
test,452,592.1381269796722
test,453,598.180352765179
test,454,605.3585169983612
test,455,610.2013851343481
test,456,611.7461987675996
test,457,617.5038100501182
test,458,624.6185278615652
test,459,628.6785482926654
test,460,630.2701395541658
test,461,635.9668119693669
test,462,644.5977901318083
test,463,645.4868905319902
test,464,651.8126620592037
test,465,658.7381715935827
test,466,663.019969708941
test,467,668.7744826535846
test,468,674.1246785148134
test,469,678.3241437252335
test,470,671.4197729766016
test,471,680.5318984669983
test,472,673.6218822671796
test,473,680.2233767133979
test,474,684.8350606233192
test,475,677.846947759816
test,476,687.4360021427597
test,477,692.0965852081343
test,478,696.9889921035711
test,479,701.5194205522444
test,480,703.185529176056
test,481,709.0454085858564
test,482,716.8901662978701
test,483,711.896305747401
test,484,715.7894886694571
test,485,725.7109808460641
test,486,718.1240024099461
test,487,710.8046616161524
test,488,703.5420922474657
test,489,696.3739275340009
test,490,701.7210844775656
test,491,713.4796540012437
test,492,720.471754610456
test,493,727.2526652420838
test,494,737.5406297747767
test,495,729.8299777362222
test,496,722.3827330654444
test,497,738.228547855267
test,498,743.8970884905842
test,499,751.1872799577919
test,500,759.8422638355665
test,501,766.1742827008629
test,502,773.992387626382
test,503,782.9101260055555
test,504,789.1734070136
test,505,794.3030341591884
test,506,786.1910031720307
test,507,793.0145477278635
test,508,802.9272295744618
test,509,810.184456457154
test,510,801.9519369802507
test,511,812.835570410697
test,512,818.1190016183665
test,513,822.2095966264583
test,514,826.5103852857351
test,515,835.292058129396
test,516,843.4779202990641
test,517,848.960526781008
test,518,840.6423637790443
test,519,834.1729329649646
test,520,841.124374073006
test,521,832.5414722967508
test,522,838.42667925609
test,523,829.8747271276778
test,524,821.4463119302874
test,525,829.4964857872042
test,526,838.6738937150626
test,527,845.3832848647831
test,528,852.7205737522888
test,529,861.0772353750613
test,530,866.4413230708403
test,531,873.0943546587057
test,532,886.5265754996088
test,533,889.0595085724649
test,534,898.1315443742247
test,535,888.9741247060954
test,536,895.800176020803
test,537,901.6228771649381
test,538,892.295743952887
test,539,883.1829363550703
test,540,886.6659113153438
test,541,896.0867366230693
test,542,904.1859821271624
test,543,913.4123696998886
test,544,904.1025897779474
test,545,911.9495179156428
test,546,924.3259756587837
test,547,933.7578733695876
test,548,941.5391889810008
test,549,950.0492547275599
test,550,940.3904206378297
test,551,930.8243801520312
test,552,941.5490958363915
test,553,947.6691649593281
test,554,956.234636257999
test,555,965.6057356933273
test,556,977.6758073894939
test,557,985.8231057844064
test,558,991.456380674603
test,559,1006.0803622895534
test,560,1014.464365308633
test,561,1023.6335624566149
