split,first_quote_cst,market_id,side,signal_entry_second,signal_price,q_model,edge,paper_delay_seconds,max_adverse_slippage,paper_check_ts,paper_price,paper_size,price_slippage,status,fill_cost,fill_ratio,paper_pnl_usd,original_backtest_pnl_usd,exit_reason,paper_bankroll_after
train,2026-05-03T23:45:01+08:00,25247789591_attempt1::btc-updown-5m-1777823100,buy_up,9.0,0.51,0.56343357844945,0.04343357844944996,4,0.01,2026-05-03T15:45:14+00:00,0.51,159.39,0.0,full_fill,1.0,1.0,-1.0196078431372548,-1.0196078431372548,settle,98.98039215686275
train,2026-05-03T23:50:00+08:00,25247789591_attempt1::btc-updown-5m-1777823400,buy_down,9.0,0.47,0.5651519611040718,0.08515196110407187,4,0.01,2026-05-03T15:50:13+00:00,0.48,299.05,0.010000000000000009,full_fill,0.9898039215686275,1.0,1.0516666666666667,1.095102211097205,settle,100.03205882352941
train,2026-05-03T23:55:02+08:00,25247789591_attempt1::btc-updown-5m-1777823700,buy_down,255.0,0.3,0.3393303559987774,0.02933035599877743,4,0.01,2026-05-03T15:59:21+00:00,0.33,31.52,0.030000000000000027,price_moved,0.0,0.0,0.0,-1.0341134418022528,,100.03205882352941
train,2026-05-04T00:00:02+08:00,25247789591_attempt1::btc-updown-5m-1777824000,buy_down,220.0,0.18,0.2221256226916891,0.032125622691689094,4,0.01,2026-05-03T16:03:47+00:00,0.13,95.88,-0.04999999999999999,full_fill,0.9797537130602301,1.0100026664421242,-1.0551193832956325,-1.0239423213999714,settle,98.97693944023378
train,2026-05-04T00:10:02+08:00,25247789591_attempt1::btc-updown-5m-1777824600,buy_up,35.0,0.29,0.3239771114011121,0.02397711140111209,4,0.01,2026-05-03T16:10:42+00:00,0.38,16.73,0.09000000000000002,price_moved,0.0,0.0,0.0,-0.856061818119697,,98.97693944023378
train,2026-05-04T08:00:02+08:00,25247789591_attempt1::btc-updown-5m-1777852800,buy_down,4.0,0.65,0.7536143226162878,0.09361432261628778,4,0.01,2026-05-04T00:00:10+00:00,0.73,7.67,0.07999999999999996,price_moved,0.0,0.0,0.0,0.508228740114722,,98.97693944023378
train,2026-05-04T08:05:01+08:00,25247789591_attempt1::btc-updown-5m-1777853100,buy_up,4.0,0.6,0.6993315984332703,0.08933159843327033,4,0.01,2026-05-04T00:05:09+00:00,0.67,379.44,0.07000000000000006,price_moved,0.0,0.0,0.0,-0.9929743228553196,,98.97693944023378
train,2026-05-04T08:10:01+08:00,25247789591_attempt1::btc-updown-5m-1777853400,buy_down,8.0,0.5,0.577008833882089,0.06700883388208902,4,0.01,2026-05-04T00:10:13+00:00,0.43,136.32,-0.07,full_fill,0.9897693944023378,1.0237938393972876,-1.0127872872954156,-0.9861016382797538,settle,97.96415215293837
train,2026-05-04T08:15:01+08:00,25247789591_attempt1::btc-updown-5m-1777853700,buy_down,16.0,0.54,0.6647057765212827,0.11470577652128268,4,0.01,2026-05-04T00:15:22+00:00,0.54,15.0,0.0,full_fill,0.9796415215293837,1.023760163076134,0.8163679346078196,0.7974210797134805,settle,98.7805200875462
train,2026-05-04T08:20:01+08:00,25247789591_attempt1::btc-updown-5m-1777854000,buy_down,4.0,0.49,0.8176915456934,0.31769154569339997,4,0.01,2026-05-04T00:20:09+00:00,0.5,712.62,0.010000000000000009,full_fill,0.987805200875462,1.023760163076134,0.9680490968579527,0.9845709249523589,settle,99.74856918440415
train,2026-05-04T08:25:00+08:00,25247789591_attempt1::btc-updown-5m-1777854300,buy_down,4.0,0.69,0.7237285071857826,0.023728507185782684,4,0.01,2026-05-04T00:25:08+00:00,0.7,38.23,0.010000000000000009,full_fill,0.9974856918440415,1.0233506590109034,-1.0117354874418134,-0.9888516681043257,settle,98.73683369696234
train,2026-05-04T08:35:01+08:00,25247789591_attempt1::btc-updown-5m-1777854900,buy_down,5.0,0.58,0.6401260950138441,0.05012609501384414,4,0.01,2026-05-04T00:35:11+00:00,0.56,85.77,-0.019999999999999907,full_fill,0.9873683369696233,1.02335279946407,0.7581578301731035,0.6820397355154048,settle,99.49499152713544
train,2026-05-04T08:40:01+08:00,25247789591_attempt1::btc-updown-5m-1777855200,buy_up,8.0,0.63,0.6860292969297799,0.04602929692977987,4,0.01,2026-05-04T00:40:13+00:00,0.59,12.01,-0.040000000000000036,full_fill,0.9949499152713545,1.023972262417741,0.6745423154382064,0.555232626501112,settle,100.16953384257364
train,2026-05-04T08:45:01+08:00,25247789591_attempt1::btc-updown-5m-1777855500,buy_down,202.0,0.11,0.15348473309983807,0.033484733099838064,4,0.01,2026-05-04T00:48:28+00:00,0.03,71.0,-0.08,full_fill,0.9421769959139817,1.0250569787974206,-1.2562359945519757,-1.002704699687828,settle,98.91329784802167
train,2026-05-04T08:50:01+08:00,25247789591_attempt1::btc-updown-5m-1777855800,buy_down,8.0,0.58,0.722299534927717,0.13229953492771707,4,0.01,2026-05-04T00:50:14+00:00,0.55,288.65,-0.029999999999999916,full_fill,0.9891329784802168,1.0226954123522956,0.7913063827841732,0.6836978862318662,settle,99.70460423080584
train,2026-05-04T08:55:01+08:00,25247789591_attempt1::btc-updown-5m-1777856100,buy_up,9.0,0.63,0.7752460346252297,0.13524603462522966,4,0.01,2026-05-04T00:55:14+00:00,0.56,40.0,-0.06999999999999995,full_fill,0.9970460423080585,1.0236408934731143,0.7655889253436876,0.5565824882899415,settle,100.47019315614953
train,2026-05-04T09:00:00+08:00,25247789591_attempt1::btc-updown-5m-1777856400,buy_down,4.0,0.45,0.711184480808527,0.251184480808527,4,0.01,2026-05-04T01:00:08+00:00,0.43,127.77,-0.020000000000000018,full_fill,1.0047019315614953,1.0256401920931788,1.3084490271498546,1.1755022152683565,settle,101.77864218329938
train,2026-05-04T09:10:01+08:00,25247789591_attempt1::btc-updown-5m-1777857000,buy_down,12.0,0.73,0.7767132201138081,0.03671322011380807,4,0.01,2026-05-04T01:10:17+00:00,0.73,249.86,0.0,full_fill,1.017786421832994,1.026677239810159,0.3624992735295595,0.35308007178243145,settle,102.14114145682895
train,2026-05-04T09:15:01+08:00,25247789591_attempt1::btc-updown-5m-1777857300,buy_up,21.0,0.48,0.5645457706462593,0.07454577064625935,4,0.01,2026-05-04T01:15:26+00:00,0.59,30.28,0.10999999999999999,price_moved,0.0,0.0,0.0,-1.0155974814745716,,102.14114145682895
train,2026-05-04T09:20:01+08:00,25247789591_attempt1::btc-updown-5m-1777857600,buy_up,218.0,0.3,0.33284468057381694,0.02284468057381695,4,0.01,2026-05-04T01:23:43+00:00,0.3,0.25,0.0,partial_fill,0.075,0.0933520026624229,-0.0775,-0.8301910809589539,settle,102.06364145682895
train,2026-05-04T09:25:00+08:00,25247789591_attempt1::btc-updown-5m-1777857900,buy_up,4.0,0.52,0.6856118846440902,0.15561188464409015,4,0.01,2026-05-04T01:25:08+00:00,0.54,150.85,0.020000000000000018,price_moved,0.0,0.0,0.0,0.8825272400368089,,102.06364145682895
train,2026-05-04T09:30:01+08:00,25247789591_attempt1::btc-updown-5m-1777858200,buy_up,13.0,0.8,0.9913305740988484,0.18133057409884834,4,0.01,2026-05-04T01:30:18+00:00,0.8,54.79,0.0,full_fill,1.0206364145682896,1.0359283863939333,0.2424011484599687,0.23399411739624887,settle,102.30604260528891
train,2026-05-04T09:35:02+08:00,25247789591_attempt1::btc-updown-5m-1777858500,buy_down,5.0,0.47,0.7884684185650267,0.3084684185650267,4,0.01,2026-05-04T01:35:11+00:00,0.59,81.8,0.12,price_moved,0.0,0.0,0.0,1.092639854701311,,102.30604260528891
train,2026-05-04T09:40:01+08:00,25247789591_attempt1::btc-updown-5m-1777858800,buy_up,45.0,0.44,0.49849159125716186,0.048491591257161855,4,0.01,2026-05-04T01:40:50+00:00,0.34,86.79,-0.09999999999999998,full_fill,1.023060426052889,1.0245924697078042,-1.0531504385838564,-1.0211980180477638,settle,101.25289216670505
train,2026-05-04T09:45:01+08:00,25247789591_attempt1::btc-updown-5m-1777859100,buy_up,17.0,0.48,0.6771960459449271,0.18719604594492711,4,0.01,2026-05-04T01:45:22+00:00,0.6,97.78,0.12,price_moved,0.0,0.0,0.0,1.0500610453634194,,101.25289216670505
train,2026-05-04T09:50:01+08:00,25247789591_attempt1::btc-updown-5m-1777859400,buy_up,8.0,0.46,0.9113332375276386,0.4413332375276386,4,0.01,2026-05-04T01:50:13+00:00,0.34,36.17,-0.12,full_fill,1.0125289216670506,1.0137521565515883,1.9357170561281845,1.1507836527965523,settle,103.18860922283324
train,2026-05-04T09:55:02+08:00,25247789591_attempt1::btc-updown-5m-1777859700,buy_up,13.0,0.55,0.8266403188267903,0.2666403188267903,4,0.01,2026-05-04T01:55:19+00:00,0.52,21.17,-0.030000000000000027,full_fill,1.0318860922283324,1.0213648135469695,0.9326662756679157,0.8082409564471481,settle,104.12127549850115
train,2026-05-04T10:00:01+08:00,25247789591_attempt1::btc-updown-5m-1777860000,buy_down,4.0,0.4,0.5989317645398342,0.18893176453983418,4,0.01,2026-05-04T02:00:09+00:00,0.41,12.76,0.009999999999999953,full_fill,1.0412127549850114,1.0224170437807059,1.472935116808065,1.502115817557025,settle,105.59421061530921
train,2026-05-04T10:05:02+08:00,25247789591_attempt1::btc-updown-5m-1777860300,buy_up,4.0,0.53,0.7293257999364314,0.1893257999364314,4,0.01,2026-05-04T02:05:11+00:00,0.54,93.35,0.010000000000000009,full_fill,1.055942106153092,1.0218088242424663,0.8799517551275765,0.8969173417311875,settle,106.47416237043679
train,2026-05-04T10:20:00+08:00,25247789591_attempt1::btc-updown-5m-1777861200,buy_down,85.0,0.63,0.6871876816946756,0.04718768169467558,4,0.01,2026-05-04T02:21:29+00:00,0.73,174.38,0.09999999999999998,price_moved,0.0,0.0,0.0,0.595642249552165,,106.47416237043679
train,2026-05-04T10:25:01+08:00,25247789591_attempt1::btc-updown-5m-1777861500,buy_up,19.0,0.32,0.3958075322741499,0.06580753227414989,4,0.01,2026-05-04T02:25:25+00:00,0.34,21.96,0.020000000000000018,price_moved,0.0,0.0,0.0,-1.0810906829371798,,106.47416237043679
train,2026-05-04T10:35:02+08:00,25247789591_attempt1::btc-updown-5m-1777862100,buy_up,10.0,0.54,0.7827626229590664,0.23276262295906636,4,0.01,2026-05-04T02:35:16+00:00,0.58,141.93,0.039999999999999925,price_moved,0.0,0.0,0.0,0.8645995436520323,,106.47416237043679
train,2026-05-04T10:40:01+08:00,25247789591_attempt1::btc-updown-5m-1777862400,buy_up,9.0,0.5,0.9414191910919433,0.43141919109194327,4,0.01,2026-05-04T02:40:15+00:00,0.48,225.92,-0.020000000000000018,full_fill,1.0647416237043679,1.0177564417981269,1.1312879751858909,1.02524213886258,settle,107.60545034562267
train,2026-05-04T10:45:02+08:00,25247789591_attempt1::btc-updown-5m-1777862700,buy_down,4.0,0.5,0.8086549428098905,0.29865494280989047,4,0.01,2026-05-04T02:45:11+00:00,0.56,609.1,0.06000000000000005,price_moved,0.0,0.0,0.0,1.0352895118234335,,107.60545034562267
train,2026-05-04T10:55:01+08:00,25247789591_attempt1::btc-updown-5m-1777863300,buy_up,4.0,0.51,0.7996028098090617,0.2796028098090617,4,0.01,2026-05-04T02:55:10+00:00,0.57,10.02,0.05999999999999994,price_moved,0.0,0.0,0.0,-1.0876878381361297,,107.60545034562267
train,2026-05-04T11:00:00+08:00,25247789591_attempt1::btc-updown-5m-1777863600,buy_down,14.0,0.34,0.5588721989390336,0.20887219893903358,4,0.01,2026-05-04T03:00:19+00:00,0.37,9.36,0.02999999999999997,price_moved,0.0,0.0,0.0,2.018620664305581,,107.60545034562267
train,2026-05-04T11:05:02+08:00,25247789591_attempt1::btc-updown-5m-1777863900,buy_up,10.0,0.63,0.8793515018436495,0.2393515018436495,4,0.01,2026-05-04T03:05:16+00:00,0.66,92.21,0.030000000000000027,price_moved,0.0,0.0,0.0,0.614902910050008,,107.60545034562267
train,2026-05-04T11:25:01+08:00,25247789591_attempt1::btc-updown-5m-1777865100,buy_down,14.0,0.44,0.5189481750936791,0.06894817509367908,4,0.01,2026-05-04T03:25:20+00:00,0.41,35.0,-0.030000000000000027,full_fill,1.0760545034562268,0.9942945369810818,1.5222234439136868,1.3527864021100175,settle,109.12767378953636
train,2026-05-04T11:30:02+08:00,25247789591_attempt1::btc-updown-5m-1777865400,buy_down,28.0,0.71,0.7879575628482249,0.06795756284822498,4,0.01,2026-05-04T03:30:34+00:00,0.7,353.43,-0.010000000000000009,full_fill,1.0912767378953636,0.995911276065604,0.45210036284236504,0.43212951549091827,settle,109.57977415237872
train,2026-05-04T11:35:01+08:00,25247789591_attempt1::btc-updown-5m-1777865700,buy_down,5.0,0.5,0.5689610763962845,0.05896107639628446,4,0.01,2026-05-04T03:35:10+00:00,0.47,132.66,-0.030000000000000027,full_fill,1.0957977415237872,0.9961088775092677,1.2123719693454669,1.0780767152467428,settle,110.79214612172419
train,2026-05-04T11:40:01+08:00,25247789591_attempt1::btc-updown-5m-1777866000,buy_down,10.0,0.49,0.6723277397139812,0.1723277397139812,4,0.01,2026-05-04T03:40:16+00:00,0.49,227.73,0.0,full_fill,1.1079214612172419,0.9973555719742356,-1.1305321032828999,-1.1335296408331537,settle,109.66161401844128
train,2026-05-04T11:45:01+08:00,25247789591_attempt1::btc-updown-5m-1777866300,buy_up,5.0,0.58,0.7221676688226849,0.13216766882268494,4,0.01,2026-05-04T03:45:11+00:00,0.6,224.02,0.020000000000000018,price_moved,0.0,0.0,0.0,0.7772495485505952,,109.66161401844128
train,2026-05-04T11:55:02+08:00,25247789591_attempt1::btc-updown-5m-1777866900,buy_up,5.0,0.47,0.7147063588067644,0.23470635880676438,4,0.01,2026-05-04T03:55:12+00:00,0.5,10.0,0.030000000000000027,price_moved,0.0,0.0,0.0,1.225093720188736,,109.66161401844128
train,2026-05-04T12:00:01+08:00,25247789591_attempt1::btc-updown-5m-1777867200,buy_up,5.0,0.53,0.7263832591295429,0.1863832591295429,4,0.01,2026-05-04T04:00:10+00:00,0.62,222.68,0.08999999999999997,price_moved,0.0,0.0,0.0,0.9716824618414228,,109.66161401844128
train,2026-05-04T12:10:01+08:00,25247789591_attempt1::btc-updown-5m-1777867800,buy_up,60.0,0.47,0.5055763235881973,0.025576323588197288,4,0.01,2026-05-04T04:11:06+00:00,0.46,39.51,-0.009999999999999953,partial_fill,1.0966161401844128,0.971089250634179,-1.1204556214927697,-1.1532909027206468,settle,108.54115839694852
train,2026-05-04T12:15:01+08:00,25247789591_attempt1::btc-updown-5m-1777868100,buy_down,5.0,0.46,0.5467917601427544,0.07679176014275442,4,0.01,2026-05-04T04:15:11+00:00,0.41,74.33,-0.050000000000000044,partial_fill,1.0854115839694851,0.9710847126642987,-1.1118850372370335,-1.1420296020582115,settle,107.42927335971149
train,2026-05-04T12:20:01+08:00,25247789591_attempt1::btc-updown-5m-1777868400,buy_down,10.0,0.53,0.8792240970728026,0.33922409707280254,4,0.01,2026-05-04T04:20:15+00:00,0.45,55.0,-0.08000000000000002,partial_fill,1.0742927335971149,0.9710587023491309,1.289151280316538,0.9601942826008337,settle,108.71842464002802
train,2026-05-04T12:25:02+08:00,25247789591_attempt1::btc-updown-5m-1777868700,buy_up,5.0,0.49,0.6173212033024932,0.1173212033024932,4,0.01,2026-05-04T04:25:11+00:00,0.57,46.15,0.07999999999999996,price_moved,0.0,0.0,0.0,1.138686476216517,,108.71842464002802
train,2026-05-04T12:30:01+08:00,25247789591_attempt1::btc-updown-5m-1777869000,buy_up,5.0,0.58,0.6386987433553935,0.04869874335539349,4,0.01,2026-05-04T04:30:10+00:00,0.59,15.45,0.010000000000000009,partial_fill,1.08718424640028,0.9644146377356434,0.7370740653561222,0.7968842080970417,settle,109.45549870538414
train,2026-05-04T12:45:01+08:00,25247789591_attempt1::btc-updown-5m-1777869900,buy_up,9.0,0.51,0.5666129399128652,0.0466129399128652,4,0.01,2026-05-04T04:45:15+00:00,0.55,161.27,0.040000000000000036,price_moved,0.0,0.0,0.0,-1.1575286192909167,,109.45549870538414
train,2026-05-04T12:50:02+08:00,25247789591_attempt1::btc-updown-5m-1777870200,buy_up,9.0,0.49,0.5865402284365181,0.08654022843651811,4,0.01,2026-05-04T04:50:16+00:00,0.53,124.81,0.040000000000000036,price_moved,0.0,0.0,0.0,-1.1466256809616457,,109.45549870538414
train,2026-05-04T12:55:01+08:00,25247789591_attempt1::btc-updown-5m-1777870500,buy_down,56.0,0.57,0.6057853305606612,0.025785330560661242,4,0.01,2026-05-04T04:56:01+00:00,0.74,39.37,0.17000000000000004,price_moved,0.0,0.0,0.0,-1.1317396633491612,,109.45549870538414
train,2026-05-04T13:05:01+08:00,25247789591_attempt1::btc-updown-5m-1777871100,buy_up,158.0,0.32,0.363793632945667,0.033793632945667014,4,0.01,2026-05-04T05:07:44+00:00,0.27,129.07,-0.04999999999999999,full_fill,1.0945549870538416,0.9942279299386231,-1.1350940606484283,-1.1353129362086583,settle,108.32040464473572
train,2026-05-04T13:10:01+08:00,25247789591_attempt1::btc-updown-5m-1777871400,buy_down,14.0,0.66,0.7031357051826983,0.03313570518269827,4,0.01,2026-05-04T05:10:20+00:00,0.67,102.89,0.010000000000000009,full_fill,1.0832040464473571,0.9941697940739807,0.5173511863629168,0.544778192268609,settle,108.83775583109863
train,2026-05-04T13:15:01+08:00,25247789591_attempt1::btc-updown-5m-1777871700,buy_down,5.0,0.49,0.7178550037151892,0.21785500371518918,4,0.01,2026-05-04T05:15:11+00:00,0.51,130.6,0.020000000000000018,price_moved,0.0,0.0,0.0,1.1173511902652087,,108.83775583109863
train,2026-05-04T13:20:02+08:00,25247789591_attempt1::btc-updown-5m-1777872000,buy_up,5.0,0.52,0.5653286207083458,0.035328620708345755,4,0.01,2026-05-04T05:20:11+00:00,0.52,149.8,0.0,partial_fill,1.0883775583109863,0.983908444005199,0.9837258700118529,0.9998144400584643,settle,109.82148170111049
train,2026-05-04T13:25:01+08:00,25247789591_attempt1::btc-updown-5m-1777872300,buy_down,5.0,0.48,0.5927477828651525,0.10274778286515253,4,0.01,2026-05-04T05:25:10+00:00,0.5,306.98,0.020000000000000018,price_moved,0.0,0.0,0.0,1.1859368116858375,,109.82148170111049
train,2026-05-04T13:30:01+08:00,25247789591_attempt1::btc-updown-5m-1777872600,buy_up,4.0,0.5,0.5870999208038327,0.07709992080383267,4,0.01,2026-05-04T05:30:10+00:00,0.49,168.5,-0.010000000000000009,partial_fill,1.0982148170111048,0.9735643230725531,-1.1206273642970457,-1.1505958946975994,settle,108.70085433681344
train,2026-05-04T13:40:02+08:00,25247789591_attempt1::btc-updown-5m-1777873200,buy_down,5.0,0.38,0.5412550980353908,0.15125509803539083,4,0.01,2026-05-04T05:40:11+00:00,0.43,163.27,0.04999999999999999,price_moved,0.0,0.0,0.0,1.79232324073459,,108.70085433681344
train,2026-05-04T13:50:01+08:00,25247789591_attempt1::btc-updown-5m-1777873800,buy_up,4.0,0.62,0.7157624278082355,0.08576242780823552,4,0.01,2026-05-04T05:50:10+00:00,0.59,27.5,-0.030000000000000027,partial_fill,1.0870085433681345,0.9581790136973071,-1.1054324169845435,-1.152750084732956,settle,107.5954219198289
train,2026-05-04T13:55:02+08:00,25247789591_attempt1::btc-updown-5m-1777874100,buy_up,9.0,0.51,0.5976578153332078,0.07765781533320783,4,0.01,2026-05-04T05:55:16+00:00,0.52,216.78,0.010000000000000009,partial_fill,1.075954219198289,0.9581710748074915,0.9724970827369149,1.0568705538758019,settle,108.56791900256582
train,2026-05-04T14:00:02+08:00,25247789591_attempt1::btc-updown-5m-1777874400,buy_up,83.0,0.23,0.2705907823827421,0.030590782382742078,4,0.01,2026-05-04T06:01:29+00:00,0.24,17.93,0.009999999999999981,partial_fill,1.0783044103748893,0.9578167215993528,-1.1232337608071765,-1.1747416655528262,settle,107.44468524175863
train,2026-05-04T14:05:01+08:00,25274678535_attempt1::btc-updown-5m-1777874700,buy_down,4.0,0.5,0.6209210691255136,0.1109210691255136,4,0.01,2026-05-04T06:05:10+00:00,0.62,113.0,0.12,price_moved,0.0,0.0,0.0,1.099311327328744,,107.44468524175863
train,2026-05-04T14:10:02+08:00,25274678535_attempt1::btc-updown-5m-1777875000,buy_up,4.0,0.47,0.5686666874628193,0.08866668746281937,4,0.01,2026-05-04T06:10:11+00:00,0.44,168.0,-0.02999999999999997,partial_fill,1.0744468524175863,0.9485384590668452,-1.0988660990634405,-1.1568402032165688,settle,106.34581914269519
train,2026-05-04T14:20:00+08:00,25274678535_attempt1::btc-updown-5m-1777875600,buy_down,5.0,0.5,0.5701902479509262,0.06019024795092621,4,0.01,2026-05-04T06:20:09+00:00,0.65,31.82,0.15000000000000002,price_moved,0.0,0.0,0.0,1.0987475443450432,,106.34581914269519
train,2026-05-04T14:25:00+08:00,25274678535_attempt1::btc-updown-5m-1777875900,buy_down,5.0,0.58,0.9444651049740842,0.35446510497408423,4,0.01,2026-05-04T06:25:10+00:00,0.58,54.08,0.0,partial_fill,1.0634581914269519,0.9393192284192321,0.7517549284225006,0.8003188965774914,settle,107.09757407111769
train,2026-05-04T14:30:01+08:00,25274678535_attempt1::btc-updown-5m-1777876200,buy_up,5.0,0.48,0.5360772299296979,0.04607722992969788,4,0.01,2026-05-04T06:30:10+00:00,0.46,229.35,-0.019999999999999962,partial_fill,1.0709757407111768,0.9393192284192321,1.2339503099498343,1.21142172977828,settle,108.33152438106752
train,2026-05-04T14:40:02+08:00,25274678535_attempt1::btc-updown-5m-1777876800,buy_up,4.0,0.53,0.561740533234473,0.02174053323447301,4,0.01,2026-05-04T06:40:11+00:00,0.53,755.06,0.0,partial_fill,1.0833152438106752,0.9401526971223547,0.9402358719866237,1.000088469526837,settle,109.27176025305415
train,2026-05-04T14:45:01+08:00,25274678535_attempt1::btc-updown-5m-1777877100,buy_up,9.0,0.54,0.7604732933949131,0.21047329339491305,4,0.01,2026-05-04T06:45:15+00:00,0.63,222.86,0.08999999999999997,price_moved,0.0,0.0,0.0,0.9685639416830562,,109.27176025305415
train,2026-05-04T14:50:01+08:00,25274678535_attempt1::btc-updown-5m-1777877400,buy_up,10.0,0.5,0.6130402497239038,0.10304024972390381,4,0.01,2026-05-04T06:50:15+00:00,0.65,72.5,0.15000000000000002,price_moved,0.0,0.0,0.0,1.1485231220477683,,109.27176025305415
train,2026-05-04T15:00:01+08:00,25274678535_attempt1::btc-updown-5m-1777878000,buy_up,10.0,0.34,0.4087334236012398,0.058733423601239794,4,0.01,2026-05-04T07:00:15+00:00,0.28,4.13,-0.06,partial_fill,1.0927176025305416,0.9233341653013901,2.770819634988159,2.2624733541971596,settle,112.04257988804231
train,2026-05-04T15:05:01+08:00,25274678535_attempt1::btc-updown-5m-1777878300,buy_up,171.0,0.58,0.6278969565899069,0.03789695658990689,4,0.01,2026-05-04T07:07:57+00:00,0.77,38.0,0.19000000000000006,price_moved,0.0,0.0,0.0,-1.2268666847885845,,112.04257988804231
train,2026-05-04T15:10:01+08:00,25274678535_attempt1::btc-updown-5m-1777878600,buy_down,13.0,0.44,0.4904639725347509,0.040463972534750876,4,0.01,2026-05-04T07:10:19+00:00,0.43,161.0,-0.010000000000000009,partial_fill,1.1204257988804232,0.9385343918121336,-1.1464822128078749,-1.2209355688817676,settle,110.89609767523444
train,2026-05-04T15:20:02+08:00,25274678535_attempt1::btc-updown-5m-1777879200,buy_up,97.0,0.33,0.362250904078841,0.022250904078840957,4,0.01,2026-05-04T07:21:43+00:00,0.33,25.0,0.0,partial_fill,0.9207232955557535,0.9385293800139236,-0.9486240014816855,-1.0107557863213745,settle,109.94747367375275
train,2026-05-04T15:25:01+08:00,25274678535_attempt1::btc-updown-5m-1777879500,buy_up,13.0,0.5,0.5349796692160592,0.024979669216059215,4,0.01,2026-05-04T07:25:19+00:00,0.51,204.86,0.010000000000000009,partial_fill,1.0994747367375275,0.9385293800139234,-1.1210330649088516,-1.1949164888750108,settle,108.8264406088439
train,2026-05-04T15:30:02+08:00,25274678535_attempt1::btc-updown-5m-1777879800,buy_down,152.0,0.25,0.33322179384813566,0.07322179384813567,4,0.01,2026-05-04T07:32:38+00:00,0.65,41.89,0.4,price_moved,0.0,0.0,0.0,3.432231263174429,,108.8264406088439
train,2026-05-04T15:35:01+08:00,25274678535_attempt1::btc-updown-5m-1777880100,buy_down,5.0,0.58,0.6615214471038847,0.07152144710388476,4,0.01,2026-05-04T07:35:11+00:00,0.59,85.94,0.010000000000000009,partial_fill,1.088264406088439,0.9115511834201022,0.7378063770091112,0.8439354476417759,settle,109.564246985853
train,2026-05-04T15:40:02+08:00,25274678535_attempt1::btc-updown-5m-1777880400,buy_up,170.0,0.43,0.465917172236438,0.02591717223643803,4,0.01,2026-05-04T07:42:57+00:00,0.43,5861.14,0.0,partial_fill,1.09564246985853,0.911289318673357,1.4268832165599463,1.5657850776054132,settle,110.99113020241295
train,2026-05-04T15:45:01+08:00,25274678535_attempt1::btc-updown-5m-1777880700,buy_down,107.0,0.31,0.3406983839219961,0.020698383921996084,4,0.01,2026-05-04T07:46:52+00:00,0.39,200.69,0.08000000000000002,price_moved,0.0,0.0,0.0,2.0035794509034743,,110.99113020241295
train,2026-05-04T15:50:01+08:00,25274678535_attempt1::btc-updown-5m-1777881000,buy_down,5.0,0.6,0.7118376374684441,0.10183763746844411,4,0.01,2026-05-04T07:50:10+00:00,0.62,80.5,0.020000000000000018,price_moved,0.0,0.0,0.0,0.8046953858472952,,110.99113020241295
train,2026-05-04T15:55:00+08:00,25274678535_attempt1::btc-updown-5m-1777881300,buy_down,10.0,0.49,0.5683833108279036,0.06838331082790362,4,0.01,2026-05-04T07:55:14+00:00,0.49,102.75,0.0,partial_fill,1.1099113020241296,0.8907510441388126,1.1325625530858465,1.2714692399612284,settle,112.1236927554988
train,2026-05-04T16:00:02+08:00,25274678535_attempt1::btc-updown-5m-1777881600,buy_up,4.0,0.39,0.5530273642486413,0.15302736424864127,4,0.01,2026-05-04T08:00:11+00:00,0.38,32.0,-0.010000000000000009,partial_fill,1.121236927554988,0.8907510441388125,-1.1507431624906457,-1.2910303051914012,settle,110.97294959300815
train,2026-05-04T16:05:02+08:00,25274678535_attempt1::btc-updown-5m-1777881900,buy_down,13.0,0.71,0.8004556154595486,0.08045561545954862,4,0.01,2026-05-04T08:05:20+00:00,0.69,169.64,-0.020000000000000018,partial_fill,1.1097294959300816,0.890744971388307,-1.1258125321029813,-1.2633913465450501,settle,109.84713706090517
train,2026-05-04T16:20:00+08:00,25274678535_attempt1::btc-updown-5m-1777882800,buy_down,9.0,0.48,0.5990538041385057,0.10905380413850575,4,0.01,2026-05-04T08:20:14+00:00,0.56,105.18,0.08000000000000007,price_moved,0.0,0.0,0.0,1.3102859767345176,,109.84713706090517
train,2026-05-04T16:25:02+08:00,25274678535_attempt1::btc-updown-5m-1777883100,buy_up,9.0,0.44,0.4984648378601284,0.0484648378601284,4,0.01,2026-05-04T08:25:16+00:00,0.45,125.92,0.010000000000000009,partial_fill,1.0984713706090516,0.8813766705732522,1.318165644730862,1.5578914885144963,settle,111.16530270563604
train,2026-05-04T16:30:01+08:00,25274678535_attempt1::btc-updown-5m-1777883400,buy_up,4.0,0.63,0.6614753604007233,0.021475360400723294,4,0.01,2026-05-04T08:30:10+00:00,0.51,18.42,-0.12,partial_fill,1.1116530270563605,0.8809414228346977,-1.133450145233936,-1.2819221391204996,settle,110.0318525604021
train,2026-05-04T16:35:01+08:00,25274678535_attempt1::btc-updown-5m-1777883700,buy_down,32.0,0.3,0.3546244747122607,0.04462447471226073,4,0.01,2026-05-04T08:35:38+00:00,0.32,132.72,0.020000000000000018,price_moved,0.0,0.0,0.0,-1.2907086471157214,,110.0318525604021
train,2026-05-04T16:45:02+08:00,25274678535_attempt1::btc-updown-5m-1777884300,buy_up,188.0,0.21,0.265549647927296,0.04554964792729602,4,0.01,2026-05-04T08:48:15+00:00,0.23,6.23,0.020000000000000018,price_moved,0.0,0.0,0.0,-1.295030835826493,,110.0318525604021
train,2026-05-04T16:50:01+08:00,25274678535_attempt1::btc-updown-5m-1777884600,buy_down,33.0,0.74,0.8473519515331435,0.09735195153314348,4,0.01,2026-05-04T08:50:38+00:00,0.68,35.57,-0.05999999999999994,partial_fill,1.100318525604021,0.8995295882618944,-1.1164996803923155,-1.239745428523089,settle,108.91535288000979
train,2026-05-04T16:55:01+08:00,25274678535_attempt1::btc-updown-5m-1777884900,buy_up,9.0,0.48,0.5688131760088269,0.07881317600882688,4,0.01,2026-05-04T08:55:15+00:00,0.52,59.99,0.040000000000000036,price_moved,0.0,0.0,0.0,1.2864941623903143,,108.91535288000979
train,2026-05-04T17:00:02+08:00,25274678535_attempt1::btc-updown-5m-1777885200,buy_down,115.0,0.66,0.69611693955772,0.026116939557719994,4,0.01,2026-05-04T09:02:01+00:00,0.75,43.6,0.08999999999999997,price_moved,0.0,0.0,0.0,-1.2422236279786474,,108.91535288000979
train,2026-05-04T17:05:01+08:00,25274678535_attempt1::btc-updown-5m-1777885500,buy_down,4.0,0.6,0.6576044307984911,0.04760443079849109,4,0.01,2026-05-04T09:05:10+00:00,0.66,27.5,0.06000000000000005,price_moved,0.0,0.0,0.0,0.7873194813477503,,108.91535288000979
train,2026-05-04T17:10:01+08:00,25274678535_attempt1::btc-updown-5m-1777885800,buy_up,5.0,0.51,0.6812654242150106,0.16126542421501056,4,0.01,2026-05-04T09:10:10+00:00,0.51,1145.79,0.0,partial_fill,1.089153528800098,0.8933829969131108,1.025085674164798,1.1474201744456263,settle,109.94043855417459
train,2026-05-04T17:15:01+08:00,25274678535_attempt1::btc-updown-5m-1777886100,buy_up,4.0,0.49,0.5231904450563452,0.02319044505634516,4,0.01,2026-05-04T09:15:10+00:00,0.48,25.05,-0.010000000000000009,partial_fill,1.099404385541746,0.8933829969131107,-1.1223086435738656,-1.2557225888703412,settle,108.81812991060073
train,2026-05-04T17:20:02+08:00,25274678535_attempt1::btc-updown-5m-1777886400,buy_down,123.0,0.25,0.3055420005031419,0.045542000503141895,4,0.01,2026-05-04T09:22:10+00:00,0.43,30.07,0.18,price_moved,0.0,0.0,0.0,3.605430697164523,,108.81812991060073
train,2026-05-04T17:25:02+08:00,25274678535_attempt1::btc-updown-5m-1777886700,buy_up,5.0,0.52,0.7553420343457321,0.22534203434573208,4,0.01,2026-05-04T09:25:11+00:00,0.51,232.69,-0.010000000000000009,partial_fill,1.0881812991060074,0.8676953762211366,1.0241706344527126,1.133518177966657,settle,109.84230054505345
train,2026-05-04T17:30:02+08:00,25274678535_attempt1::btc-updown-5m-1777887000,buy_down,4.0,0.55,0.5974974423216867,0.03749744232168662,4,0.01,2026-05-04T09:30:11+00:00,0.6,367.24,0.04999999999999993,price_moved,0.0,0.0,0.0,-1.2884484072274618,,109.84230054505345
train,2026-05-04T17:35:00+08:00,25274678535_attempt1::btc-updown-5m-1777887300,buy_down,5.0,0.67,0.741481556930281,0.06148155693028091,4,0.01,2026-05-04T09:35:10+00:00,0.68,48.8,0.010000000000000009,partial_fill,1.0984230054505344,0.8769452856529415,-1.114576284942454,-1.2712507802994364,settle,108.72772426011099
train,2026-05-04T17:40:02+08:00,25274678535_attempt1::btc-updown-5m-1777887600,buy_up,4.0,0.37,0.42766016272764107,0.04766016272764107,4,0.01,2026-05-04T09:40:11+00:00,0.29,208.19,-0.08000000000000002,partial_fill,1.08727724260111,0.8769472302027306,2.624462309726817,2.077575440566945,settle,111.35218656983781
train,2026-05-04T17:45:02+08:00,25274678535_attempt1::btc-updown-5m-1777887900,buy_down,5.0,0.57,0.61160315321774,0.031603153217739995,4,0.01,2026-05-04T09:45:11+00:00,0.54,68.62,-0.029999999999999916,partial_fill,1.113521865698378,0.8833134532895018,-1.134142640989089,-1.2827352881435912,settle,110.21804392884873
train,2026-05-04T17:50:01+08:00,25274678535_attempt1::btc-updown-5m-1777888200,buy_down,166.0,0.42,0.4584444231046886,0.028444423104688595,4,0.01,2026-05-04T09:52:52+00:00,0.59,254.33,0.16999999999999998,price_moved,0.0,0.0,0.0,-1.2775011384046147,,110.21804392884873
train,2026-05-04T17:55:01+08:00,25274678535_attempt1::btc-updown-5m-1777888500,buy_up,149.0,0.12,0.15746278775060096,0.027462787750600966,4,0.01,2026-05-04T09:57:35+00:00,0.07,152.0,-0.04999999999999999,partial_fill,0.859913280313746,0.892441658183615,-0.9827580346442811,-1.0438471935923743,settle,109.23528589420445
train,2026-05-04T18:00:01+08:00,25274678535_attempt1::btc-updown-5m-1777888800,buy_down,10.0,0.29,0.4916338249366227,0.19163382493662273,4,0.01,2026-05-04T10:00:15+00:00,0.36,16.66,0.07,price_moved,0.0,0.0,0.0,2.9558787186178495,,109.23528589420445
train,2026-05-04T18:05:02+08:00,25274678535_attempt1::btc-updown-5m-1777889100,buy_down,5.0,0.59,0.9815887244244929,0.3815887244244929,4,0.01,2026-05-04T10:05:11+00:00,0.63,55.0,0.040000000000000036,price_moved,0.0,0.0,0.0,0.8502624498106549,,109.23528589420445
train,2026-05-04T18:15:01+08:00,25274678535_attempt1::btc-updown-5m-1777889700,buy_down,4.0,0.5,0.7189031807060303,0.2089031807060303,4,0.01,2026-05-04T10:15:10+00:00,0.5,111.82,0.0,partial_fill,1.0923528589420446,0.8651342311618402,1.0705058017632036,1.237386943209446,settle,110.30579169596766
train,2026-05-04T18:20:01+08:00,25274678535_attempt1::btc-updown-5m-1777890000,buy_down,9.0,0.63,0.7700144240162702,0.13001442401627017,4,0.01,2026-05-04T10:20:15+00:00,0.54,37.98,-0.08999999999999997,partial_fill,1.1030579169596766,0.8651342311618401,0.9192149307997304,0.7285792042290954,settle,111.22500662676738
train,2026-05-04T18:25:01+08:00,25274678535_attempt1::btc-updown-5m-1777890300,buy_up,5.0,0.56,0.6417811908183481,0.07178119081834801,4,0.01,2026-05-04T10:25:11+00:00,0.51,541.96,-0.050000000000000044,partial_fill,1.1122500662676738,0.8673871848888239,1.04682359178134,0.9846227531438916,settle,112.27183021854871
train,2026-05-04T18:30:00+08:00,25274678535_attempt1::btc-updown-5m-1777890600,buy_up,33.0,0.49,0.5243695855345485,0.024369585534548495,4,0.01,2026-05-04T10:30:38+00:00,0.49,277.24,0.0,partial_fill,1.1227183021854872,0.8688790789116805,1.145630920597436,1.3185159458924969,settle,113.41746113914616
train,2026-05-04T18:35:01+08:00,25274678535_attempt1::btc-updown-5m-1777890900,buy_up,23.0,0.5,0.6996212734632289,0.18962127346322888,4,0.01,2026-05-04T10:35:28+00:00,0.5,236.42,0.0,partial_fill,1.1341746113914615,0.8688790789116805,-1.1568581036192906,-1.3314374021622435,settle,112.26060303552687
train,2026-05-04T18:40:02+08:00,25274678535_attempt1::btc-updown-5m-1777891200,buy_up,14.0,0.64,0.7453554400570725,0.09535544005707254,4,0.01,2026-05-04T10:40:21+00:00,0.65,76.5,0.010000000000000009,partial_fill,1.1226060303552687,0.8688790789116806,-1.1398768923607345,-1.3122041688558863,settle,111.12072614316614
train,2026-05-04T18:45:02+08:00,25274678535_attempt1::btc-updown-5m-1777891500,buy_up,36.0,0.6,0.6334004225336664,0.023400422533666372,4,0.01,2026-05-04T10:45:43+00:00,0.65,197.98,0.050000000000000044,price_moved,0.0,0.0,0.0,0.8312813409702039,,111.12072614316614
train,2026-05-04T18:50:01+08:00,25274678535_attempt1::btc-updown-5m-1777891800,buy_down,23.0,0.61,0.6402968643948886,0.020296864394888654,4,0.01,2026-05-04T10:50:29+00:00,0.61,239.96,0.0,partial_fill,1.1112072614316615,0.8632699344201038,0.6922274743344776,0.801866770443566,settle,111.81295361750061
train,2026-05-04T19:00:01+08:00,25274678535_attempt1::btc-updown-5m-1777892400,buy_up,5.0,0.46,0.5778632327706413,0.10786323277064132,4,0.01,2026-05-04T11:00:10+00:00,0.5,47.18,0.03999999999999998,price_moved,0.0,0.0,0.0,-1.3233829355731268,,111.81295361750061
train,2026-05-04T19:05:01+08:00,25274678535_attempt1::btc-updown-5m-1777892700,buy_up,20.0,0.61,0.7134903034204442,0.09349030342044419,4,0.01,2026-05-04T11:05:26+00:00,0.5,155.95,-0.10999999999999999,partial_fill,1.118129536175006,0.8721813525878492,1.095766945451506,0.7986179812181685,settle,112.90872056295211
train,2026-05-04T19:10:02+08:00,25274678535_attempt1::btc-updown-5m-1777893000,buy_down,15.0,0.51,0.6982326725206622,0.17823267252066222,4,0.01,2026-05-04T11:10:22+00:00,0.82,2049.67,0.30999999999999994,price_moved,0.0,0.0,0.0,-1.315271892535037,,112.90872056295211
train,2026-05-04T19:15:02+08:00,25274678535_attempt1::btc-updown-5m-1777893300,buy_up,5.0,0.42,0.4988784054403483,0.0688784054403483,4,0.01,2026-05-04T11:15:12+00:00,0.51,384.43,0.09000000000000002,price_moved,0.0,0.0,0.0,1.7328345845717101,,112.90872056295211
train,2026-05-04T19:20:01+08:00,25274678535_attempt1::btc-updown-5m-1777893600,buy_down,15.0,0.43,0.46751264966188205,0.027512649661882056,4,0.01,2026-05-04T11:20:21+00:00,0.41,353.63,-0.020000000000000018,partial_fill,1.1290872056295211,0.8724520842433137,1.5972453152807864,1.6854096380465897,settle,114.5059658782329
train,2026-05-04T19:25:01+08:00,25274678535_attempt1::btc-updown-5m-1777893900,buy_down,10.0,0.64,0.7034143262623296,0.053414326262329566,4,0.01,2026-05-04T11:25:16+00:00,0.57,21.24,-0.07000000000000006,partial_fill,1.145059658782329,0.873419326021854,-1.1651484247258788,-1.3314924244322304,settle,113.34081745350701
train,2026-05-04T19:30:02+08:00,25274678535_attempt1::btc-updown-5m-1777894200,buy_down,15.0,0.66,0.7944810226388599,0.12448102263885986,4,0.01,2026-05-04T11:30:22+00:00,0.76,193.27,0.09999999999999998,price_moved,0.0,0.0,0.0,0.6488465006752444,,113.34081745350701
train,2026-05-04T19:35:01+08:00,25274678535_attempt1::btc-updown-5m-1777894500,buy_down,10.0,0.49,0.681418071810509,0.18141807181050895,4,0.01,2026-05-04T11:35:16+00:00,0.47,291.7,-0.020000000000000018,partial_fill,1.1334081745350701,0.8690571088246143,1.253983512251567,1.3307974146502461,settle,114.59480096575858
train,2026-05-04T19:40:01+08:00,25274678535_attempt1::btc-updown-5m-1777894800,buy_down,5.0,0.5,0.6523305631516163,0.1423305631516163,4,0.01,2026-05-04T11:40:11+00:00,0.52,295.83,0.020000000000000018,price_moved,0.0,0.0,0.0,1.2911396516936688,,114.59480096575858
train,2026-05-04T19:45:01+08:00,25274678535_attempt1::btc-updown-5m-1777895100,buy_up,10.0,0.52,0.5694110241924478,0.039411024192447804,4,0.01,2026-05-04T11:45:16+00:00,0.52,154.9,0.0,partial_fill,1.1459480096575858,0.861355448500648,1.0357607010366638,1.2024776796148458,settle,115.63056166679524
train,2026-05-04T20:00:01+08:00,25274678535_attempt1::btc-updown-5m-1777896000,buy_down,5.0,0.7,0.8186852561188332,0.1086852561188333,4,0.01,2026-05-04T12:00:11+00:00,0.76,20.35,0.06000000000000005,price_moved,0.0,0.0,0.0,-1.3616031225856406,,115.63056166679524
train,2026-05-04T20:05:02+08:00,25274678535_attempt1::btc-updown-5m-1777896300,buy_down,5.0,0.5,0.6442843031724613,0.13428430317246132,4,0.01,2026-05-04T12:05:12+00:00,0.5,574.34,0.0,partial_fill,1.1563056166679524,0.8701815759134848,1.1331795043345934,1.302233390939153,settle,116.76374117112984
train,2026-05-04T20:15:01+08:00,25274678535_attempt1::btc-updown-5m-1777896900,buy_up,5.0,0.42,0.625830292477852,0.19583029247785205,4,0.01,2026-05-04T12:15:11+00:00,0.41,442.16,-0.010000000000000009,partial_fill,1.1676374117112984,0.8701815759134849,1.6517797531525689,1.82105760096478,settle,118.4155209242824
train,2026-05-04T20:35:01+08:00,25274678535_attempt1::btc-updown-5m-1777898100,buy_up,5.0,0.57,0.6883917286771665,0.10839172867716652,4,0.01,2026-05-04T12:35:11+00:00,0.6,372.42,0.030000000000000027,price_moved,0.0,0.0,0.0,1.0021365734284302,,118.4155209242824
train,2026-05-04T20:40:01+08:00,25274678535_attempt1::btc-updown-5m-1777898400,buy_up,5.0,0.53,0.6327607267750274,0.09276072677502735,4,0.01,2026-05-04T12:40:11+00:00,0.45,400.75,-0.08000000000000002,partial_fill,1.184155209242824,0.8643065811255617,1.4209862510913889,1.189112027910144,settle,119.8365071753738
train,2026-05-04T20:50:01+08:00,25274678535_attempt1::btc-updown-5m-1777899000,buy_down,5.0,0.49,0.6078055576414225,0.10780555764142254,4,0.01,2026-05-04T12:50:11+00:00,0.46,10.0,-0.02999999999999997,partial_fill,1.198365071753738,0.8671520348905842,1.3807249739771328,1.4101581413504058,settle,121.21723214935093
train,2026-05-04T20:55:01+08:00,25274678535_attempt1::btc-updown-5m-1777899300,buy_down,10.0,0.52,0.5510187214153445,0.02101872141534445,4,0.01,2026-05-04T12:55:17+00:00,0.52,15.0,0.0,partial_fill,1.2121723214935094,0.8682831027621808,1.0956172905806718,1.261820352250661,settle,122.31284943993161
train,2026-05-04T21:05:02+08:00,25274678535_attempt1::btc-updown-5m-1777899900,buy_up,5.0,0.46,0.60198082800464,0.13198082800464,4,0.01,2026-05-04T13:05:12+00:00,0.5,244.81,0.03999999999999998,price_moved,0.0,0.0,0.0,1.6230383144206224,,122.31284943993161
train,2026-05-04T21:20:02+08:00,25274678535_attempt1::btc-updown-5m-1777900800,buy_down,15.0,0.5,0.5347645361047925,0.024764536104792463,4,0.01,2026-05-04T13:20:22+00:00,0.52,435.3,0.020000000000000018,price_moved,0.0,0.0,0.0,-1.4534032495356868,,122.31284943993161
train,2026-05-04T21:25:00+08:00,25274678535_attempt1::btc-updown-5m-1777901100,buy_down,91.0,0.45,0.48191793629555213,0.021917936295552116,4,0.01,2026-05-04T13:26:36+00:00,0.45,250.87,0.0,partial_fill,1.2185660191599446,0.867238758766461,1.4622792229919335,1.6861322308424538,settle,123.77512866292355
train,2026-05-04T21:35:01+08:00,25274678535_attempt1::btc-updown-5m-1777901700,buy_up,5.0,0.61,0.7343624224099154,0.11436242240991547,4,0.01,2026-05-04T13:35:11+00:00,0.61,0.92,0.0,partial_fill,0.5612,0.3932085522166181,-0.5704,-1.4506296894726933,settle,123.20472866292354
train,2026-05-04T21:40:01+08:00,25274678535_attempt1::btc-updown-5m-1777902000,buy_down,5.0,0.57,0.6521965751413791,0.07219657514137913,4,0.01,2026-05-04T13:40:11+00:00,0.56,11.25,-0.009999999999999898,partial_fill,1.2320472866292353,0.8721062434975126,0.9460363093760197,1.0409561028056513,settle,124.15076497229957
train,2026-05-04T21:50:01+08:00,25274678535_attempt1::btc-updown-5m-1777902600,buy_up,76.0,0.65,0.6804043437831723,0.020404343783172248,4,0.01,2026-05-04T13:51:22+00:00,0.67,179.99,0.020000000000000018,price_moved,0.0,0.0,0.0,-1.4450300959430888,,124.15076497229957
train,2026-05-04T21:55:01+08:00,25274678535_attempt1::btc-updown-5m-1777902900,buy_up,5.0,0.44,0.5163700631234467,0.06637006312344669,4,0.01,2026-05-04T13:55:11+00:00,0.41,464.07,-0.030000000000000027,partial_fill,1.2415076497229958,0.8813235730872391,1.7562791142422869,1.7608567494882261,settle,125.90704408654186
train,2026-05-04T22:05:02+08:00,25274678535_attempt1::btc-updown-5m-1777903500,buy_down,76.0,0.41,0.4635675257819715,0.043567525781971546,4,0.01,2026-05-04T14:06:23+00:00,0.57,61.53,0.15999999999999998,price_moved,0.0,0.0,0.0,2.017684148559924,,125.90704408654186
train,2026-05-04T22:10:02+08:00,25274678535_attempt1::btc-updown-5m-1777903800,buy_up,5.0,0.6,0.9608280391568853,0.3508280391568853,4,0.01,2026-05-04T14:10:12+00:00,0.58,116.65,-0.020000000000000018,partial_fill,1.2590704408654185,0.8704430351478903,0.8900325530255546,0.9402060255711906,settle,126.79707663956741
train,2026-05-04T22:15:01+08:00,25274678535_attempt1::btc-updown-5m-1777904100,buy_up,6.0,0.45,0.5759338896194636,0.11593388961946356,4,0.01,2026-05-04T14:15:12+00:00,0.53,140.0,0.08000000000000002,price_moved,0.0,0.0,0.0,1.7470474425921292,,126.79707663956741
train,2026-05-04T22:20:02+08:00,25274678535_attempt1::btc-updown-5m-1777904400,buy_up,5.0,0.58,0.6520749318113723,0.062074931811372365,4,0.01,2026-05-04T14:20:12+00:00,0.61,83.68,0.030000000000000027,price_moved,0.0,0.0,0.0,1.0415013288510437,,126.79707663956741
train,2026-05-04T22:30:01+08:00,25274678535_attempt1::btc-updown-5m-1777905000,buy_up,5.0,0.44,0.6688156548381511,0.21881565483815107,4,0.01,2026-05-04T14:30:11+00:00,0.55,137.0,0.11000000000000004,price_moved,0.0,0.0,0.0,1.8546979456765076,,126.79707663956741
train,2026-05-04T22:35:02+08:00,25274678535_attempt1::btc-updown-5m-1777905300,buy_up,5.0,0.57,0.9227866653194807,0.34278666531948077,4,0.01,2026-05-04T14:35:12+00:00,0.66,29.75,0.09000000000000008,price_moved,0.0,0.0,0.0,1.1069618265248211,,126.79707663956741
train,2026-05-04T22:45:02+08:00,25274678535_attempt1::btc-updown-5m-1777905900,buy_up,5.0,0.61,0.8374282752095105,0.21742827520951047,4,0.01,2026-05-04T14:45:12+00:00,0.66,134.22,0.050000000000000044,price_moved,0.0,0.0,0.0,0.9427581682295465,,126.79707663956741
train,2026-05-04T22:55:01+08:00,25274678535_attempt1::btc-updown-5m-1777906500,buy_down,5.0,0.42,0.8218713431735467,0.3918713431735467,4,0.01,2026-05-04T14:55:11+00:00,0.42,37.5,0.0,partial_fill,1.267970766395674,0.8326560643717246,1.7208174686798436,2.066660584497485,settle,128.51789410824725
train,2026-05-04T23:00:01+08:00,25274678535_attempt1::btc-updown-5m-1777906800,buy_up,5.0,0.59,0.8326460356249985,0.23264603562499853,4,0.01,2026-05-04T15:00:11+00:00,0.61,70.49,0.020000000000000018,price_moved,0.0,0.0,0.0,-1.5696296357191422,,128.51789410824725
train,2026-05-04T23:05:02+08:00,25274678535_attempt1::btc-updown-5m-1777907100,buy_up,10.0,0.47,0.7327991567604581,0.25279915676045817,4,0.01,2026-05-04T15:05:17+00:00,0.44,564.32,-0.02999999999999997,partial_fill,1.2851789410824725,0.8412107499645848,-1.3143875533798015,-1.5602786506552835,settle,127.20350655486745
train,2026-05-04T23:15:02+08:00,25274678535_attempt1::btc-updown-5m-1777907700,buy_up,5.0,0.46,0.7156634898735809,0.24566348987358083,4,0.01,2026-05-04T15:15:12+00:00,0.55,242.85,0.09000000000000002,price_moved,0.0,0.0,0.0,-1.5450433210773271,,127.20350655486745
train,2026-05-04T23:20:02+08:00,25274678535_attempt1::btc-updown-5m-1777908000,buy_down,25.0,0.74,0.8146858834916152,0.0646858834916152,4,0.01,2026-05-04T15:20:32+00:00,0.75,49.07,0.010000000000000009,partial_fill,1.2720350655486745,0.8498819977323291,-1.2889955330893235,-1.5169455666040261,settle,125.91451102177813
train,2026-05-04T23:30:01+08:00,25274678535_attempt1::btc-updown-5m-1777908600,buy_down,21.0,0.5,0.5365400512051428,0.026540051205142808,4,0.01,2026-05-04T15:30:27+00:00,0.53,603.99,0.030000000000000027,price_moved,0.0,0.0,0.0,1.4519191666489335,,125.91451102177813
train,2026-05-04T23:35:02+08:00,25274678535_attempt1::btc-updown-5m-1777908900,buy_down,5.0,0.52,0.7559232086571102,0.22592320865711013,4,0.01,2026-05-04T15:35:12+00:00,0.62,247.99,0.09999999999999998,price_moved,0.0,0.0,0.0,-1.5248399263648142,,125.91451102177813
train,2026-05-04T23:40:02+08:00,25274678535_attempt1::btc-updown-5m-1777909200,buy_up,5.0,0.51,0.6956884464540332,0.17568844645403314,4,0.01,2026-05-04T15:40:12+00:00,0.49,287.02,-0.020000000000000018,partial_fill,1.2591451102177813,0.8503020568618794,1.2848419492018177,1.393713847014375,settle,127.19935297097994
train,2026-05-04T23:45:01+08:00,25274678535_attempt1::btc-updown-5m-1777909500,buy_down,15.0,0.53,0.6232546316255299,0.08325463162552983,4,0.01,2026-05-04T15:45:21+00:00,0.47,381.62,-0.06000000000000005,partial_fill,1.2719935297097995,0.8509694839080819,1.407311990317225,1.2973372196689468,settle,128.60666496129716
train,2026-05-04T23:50:01+08:00,25274678535_attempt1::btc-updown-5m-1777909800,buy_down,5.0,0.55,0.9541727334320915,0.39417273343209147,4,0.01,2026-05-04T15:50:11+00:00,0.49,528.72,-0.06000000000000005,partial_fill,1.2860666496129716,0.8529812320969898,-1.3123129077683384,-1.535144772630872,settle,127.29435205352881
train,2026-05-04T23:55:01+08:00,25274678535_attempt1::btc-updown-5m-1777910100,buy_up,10.0,0.78,0.9141734239903824,0.12417342399038235,4,0.01,2026-05-04T15:55:17+00:00,0.73,482.66,-0.050000000000000044,partial_fill,1.2729435205352881,0.8529620464464606,0.4533771443002396,0.40179462222127243,settle,127.74772919782905
train,2026-05-05T00:00:00+08:00,25274678535_attempt1::btc-updown-5m-1777910400,buy_down,21.0,0.54,0.5970505997902218,0.047050599790221755,4,0.01,2026-05-04T16:00:26+00:00,0.52,220.12,-0.020000000000000018,partial_fill,1.2774772919782904,0.8537015661676729,-1.302044162977873,-1.5241090451639463,settle,126.44568503485117
train,2026-05-05T00:10:01+08:00,25274678535_attempt1::btc-updown-5m-1777911000,buy_up,36.0,0.45,0.4804187387094023,0.020418738709402313,4,0.01,2026-05-04T16:10:41+00:00,0.48,284.19,0.02999999999999997,price_moved,0.0,0.0,0.0,-1.405246813969135,,126.44568503485117
train,2026-05-05T00:15:01+08:00,25274678535_attempt1::btc-updown-5m-1777911300,buy_up,4.0,0.52,0.5669717039659146,0.036971703965914544,4,0.01,2026-05-04T16:15:09+00:00,0.52,328.18,0.0,partial_fill,1.2644568503485116,0.8618724332933159,1.142874460891924,1.3260366810026238,settle,127.58855949574308
train,2026-05-05T00:25:02+08:00,25274678535_attempt1::btc-updown-5m-1777911900,buy_down,50.0,0.47,0.5198001082979389,0.0398001082979389,4,0.01,2026-05-04T16:25:56+00:00,0.5,9.68,0.030000000000000027,price_moved,0.0,0.0,0.0,1.6378503947101855,,127.58855949574308
train,2026-05-05T00:30:01+08:00,25274678535_attempt1::btc-updown-5m-1777912200,buy_down,4.0,0.59,0.6301490488731033,0.03014904887310333,4,0.01,2026-05-04T16:30:10+00:00,0.62,631.05,0.030000000000000027,price_moved,0.0,0.0,0.0,-1.5221118140148893,,127.58855949574308
train,2026-05-05T00:35:02+08:00,25274678535_attempt1::btc-updown-5m-1777912500,buy_up,4.0,0.6,0.630416041905836,0.02041604190583602,4,0.01,2026-05-04T16:35:10+00:00,0.6,2615.22,0.0,partial_fill,1.2758855949574308,0.8611991265113912,-1.297150354873388,-1.5062142017351783,settle,126.29140914086969
train,2026-05-05T00:40:02+08:00,25274678535_attempt1::btc-updown-5m-1777912800,buy_down,4.0,0.5,0.5460222122332073,0.03602221223320735,4,0.01,2026-05-04T16:40:11+00:00,0.47,21.75,-0.030000000000000027,partial_fill,1.262914091408697,0.8611991265113913,1.3972666543245158,1.437130823151331,settle,127.6886757951942
train,2026-05-05T00:45:01+08:00,25274678535_attempt1::btc-updown-5m-1777913100,buy_up,5.0,0.52,0.5790162207550565,0.049016220755056523,4,0.01,2026-05-04T16:45:10+00:00,0.4,90.76,-0.12,partial_fill,1.276886757951942,0.8622769727273004,-1.3088089269007406,-1.5093088574679228,settle,126.37986686829346
train,2026-05-05T00:50:02+08:00,25274678535_attempt1::btc-updown-5m-1777913400,buy_down,4.0,0.51,0.7022956901880609,0.1822956901880609,4,0.01,2026-05-04T16:50:10+00:00,0.53,458.44,0.020000000000000018,price_moved,0.0,0.0,0.0,1.379518346617074,,126.37986686829346
train,2026-05-05T00:55:02+08:00,25274678535_attempt1::btc-updown-5m-1777913700,buy_down,12.0,0.56,0.7822267528990234,0.21222675289902337,4,0.01,2026-05-04T16:55:18+00:00,0.59,494.24,0.029999999999999916,price_moved,0.0,0.0,0.0,1.1360703098234446,,126.37986686829346
train,2026-05-05T01:05:02+08:00,25274678535_attempt1::btc-updown-5m-1777914300,buy_up,92.0,0.59,0.6248061432278995,0.024806143227899542,4,0.01,2026-05-04T17:06:38+00:00,0.65,38.18,0.06000000000000005,price_moved,0.0,0.0,0.0,1.010775681250879,,126.37986686829346
train,2026-05-05T01:10:00+08:00,25274678535_attempt1::btc-updown-5m-1777914600,buy_up,5.0,0.49,0.6323541893222606,0.13235418932226062,4,0.01,2026-05-04T17:10:09+00:00,0.51,90.08,0.020000000000000018,price_moved,0.0,0.0,0.0,1.5316345782219951,,126.37986686829346
train,2026-05-05T01:15:02+08:00,25274678535_attempt1::btc-updown-5m-1777914900,buy_up,8.0,0.5,0.5919875165536918,0.08198751655369176,4,0.01,2026-05-04T17:15:14+00:00,0.5,213.6,0.0,partial_fill,1.2637986686829346,0.8334653251840588,1.2385226953092758,1.4859918677909798,settle,127.61838956360273
train,2026-05-05T01:20:02+08:00,25274678535_attempt1::btc-updown-5m-1777915200,buy_up,4.0,0.48,0.6280125245746738,0.13801252457467383,4,0.01,2026-05-04T17:20:10+00:00,0.51,74.16,0.030000000000000027,price_moved,0.0,0.0,0.0,1.6268767855625403,,127.61838956360273
train,2026-05-05T01:25:01+08:00,25274678535_attempt1::btc-updown-5m-1777915500,buy_down,4.0,0.46,0.5777545142508355,0.10775451425083545,4,0.01,2026-05-04T17:25:09+00:00,0.47,562.29,0.009999999999999953,partial_fill,1.2761838956360274,0.824702857324981,1.4119481398526263,1.782927971860553,settle,129.03033770345536
train,2026-05-05T01:30:02+08:00,25274678535_attempt1::btc-updown-5m-1777915800,buy_down,9.0,0.64,0.7014152620082414,0.05141526200824143,4,0.01,2026-05-04T17:30:16+00:00,0.73,156.69,0.08999999999999997,price_moved,0.0,0.0,0.0,0.8560104211596413,,129.03033770345536
train,2026-05-05T01:35:02+08:00,25274678535_attempt1::btc-updown-5m-1777916100,buy_up,4.0,0.55,0.6813678853062136,0.12136788530621358,4,0.01,2026-05-04T17:35:10+00:00,0.55,510.11,0.0,partial_fill,1.2903033770345536,0.8198459869391249,-1.3137634384351817,-1.6024515084108488,settle,127.71657426502017
train,2026-05-05T01:40:01+08:00,25274678535_attempt1::btc-updown-5m-1777916400,buy_down,4.0,0.47,0.6456924305486297,0.1656924305486297,4,0.01,2026-05-04T17:40:10+00:00,0.47,53.44,0.0,partial_fill,1.2771657426502017,0.8198459869391249,1.413034438676819,1.723536446098064,settle,129.129608703697
train,2026-05-05T01:45:01+08:00,25274678535_attempt1::btc-updown-5m-1777916700,buy_up,4.0,0.52,0.6974370632457758,0.16743706324577579,4,0.01,2026-05-04T17:45:09+00:00,0.45,1144.57,-0.07,partial_fill,1.2912960870369699,0.8198459869391249,1.5495553044443637,1.4236003107149626,settle,130.67916400814136
train,2026-05-05T02:05:02+08:00,25274678535_attempt1::btc-updown-5m-1777917900,buy_down,4.0,0.5,0.5944658109763191,0.08446581097631913,4,0.01,2026-05-04T18:05:10+00:00,0.57,192.21,0.06999999999999995,price_moved,0.0,0.0,0.0,1.5574974922797833,,130.67916400814136
train,2026-05-05T02:10:01+08:00,25274678535_attempt1::btc-updown-5m-1777918200,buy_up,9.0,0.6,0.6521039087164088,0.042103908716408796,4,0.01,2026-05-04T18:10:14+00:00,0.64,387.68,0.040000000000000036,price_moved,0.0,0.0,0.0,1.043157784701716,,130.67916400814136
train,2026-05-05T02:15:00+08:00,25274678535_attempt1::btc-updown-5m-1777918500,buy_down,13.0,0.63,0.8446630738024681,0.20466307380246807,4,0.01,2026-05-04T18:15:17+00:00,0.62,146.01,-0.010000000000000009,partial_fill,1.3067916400814137,0.8090137846369018,0.7798595271453598,0.923022690375628,settle,131.45902353528672
train,2026-05-05T02:20:02+08:00,25274678535_attempt1::btc-updown-5m-1777918800,buy_up,50.0,0.67,0.7050088237240079,0.02500882372400782,4,0.01,2026-05-04T18:20:56+00:00,0.66,42.89,-0.010000000000000009,partial_fill,1.3145902353528671,0.8092176691592396,-1.33450826922185,-1.6487665012560475,settle,130.12451526606486
train,2026-05-05T02:25:01+08:00,25274678535_attempt1::btc-updown-5m-1777919100,buy_down,8.0,0.51,0.7260479989661709,0.20604799896617088,4,0.01,2026-05-04T18:25:13+00:00,0.52,60.46,0.010000000000000009,partial_fill,1.3012451526606486,0.8092158204147017,-1.3262690979041225,-1.6395623145593008,settle,128.79824616816074
train,2026-05-05T02:30:00+08:00,25274678535_attempt1::btc-updown-5m-1777919400,buy_down,9.0,0.53,0.5615504798699295,0.021550479869929424,4,0.01,2026-05-04T18:30:14+00:00,0.53,15.49,0.0,partial_fill,1.2879824616816076,0.8092189031886123,-1.3122840175623927,-1.6216675270331966,settle,127.48596215059835
train,2026-05-05T02:35:01+08:00,25274678535_attempt1::btc-updown-5m-1777919700,buy_down,8.0,0.49,0.6213571382187493,0.12135713821874929,4,0.01,2026-05-04T18:35:13+00:00,0.64,27.89,0.15000000000000002,price_moved,0.0,0.0,0.0,1.6075713996251224,,127.48596215059835
train,2026-05-05T02:40:00+08:00,25274678535_attempt1::btc-updown-5m-1777920000,buy_down,92.0,0.43,0.4877628304143495,0.047762830414349484,4,0.01,2026-05-04T18:41:43+00:00,0.6,92.02,0.16999999999999998,price_moved,0.0,0.0,0.0,2.0726455440748093,,127.48596215059835
train,2026-05-05T02:45:01+08:00,25274678535_attempt1::btc-updown-5m-1777920300,buy_up,139.0,0.26,0.2907250986828004,0.020725098682800376,4,0.01,2026-05-04T18:47:24+00:00,0.25,20.0,-0.010000000000000009,partial_fill,0.8926213331901705,0.7907468760230429,-0.9283261865177773,-1.1722498703886652,settle,126.55763596408057
train,2026-05-05T02:55:02+08:00,25274678535_attempt1::btc-updown-5m-1777920900,buy_up,8.0,0.54,0.6575501951142178,0.10755019511421772,4,0.01,2026-05-04T18:55:14+00:00,0.54,283.2,0.0,partial_fill,1.2655763596408058,0.7907382958050089,1.054646966367338,1.333749701971444,settle,127.61228293044792
train,2026-05-05T03:00:02+08:00,25274678535_attempt1::btc-updown-5m-1777921200,buy_down,9.0,0.5,0.6783547879452965,0.16835478794529646,4,0.01,2026-05-04T19:00:18+00:00,0.65,25.13,0.15000000000000002,price_moved,0.0,0.0,0.0,1.5815603965977385,,127.61228293044792
train,2026-05-05T03:05:01+08:00,25274678535_attempt1::btc-updown-5m-1777921500,buy_up,4.0,0.49,0.7709031865003225,0.2709031865003225,4,0.01,2026-05-04T19:05:09+00:00,0.46,20.0,-0.02999999999999997,partial_fill,1.2761228293044793,0.7830642659982262,1.4703154337638566,1.6629109626034948,settle,129.08259836421178
train,2026-05-05T03:10:01+08:00,25274678535_attempt1::btc-updown-5m-1777921800,buy_up,13.0,0.39,0.42734544379351486,0.02734544379351484,4,0.01,2026-05-04T19:10:18+00:00,0.43,172.0,0.03999999999999998,price_moved,0.0,0.0,0.0,2.5327413122730147,,129.08259836421178
train,2026-05-05T03:15:00+08:00,25274678535_attempt1::btc-updown-5m-1777922100,buy_down,5.0,0.45,0.5450774848541303,0.08507748485413032,4,0.01,2026-05-04T19:15:09+00:00,0.45,104.92,0.0,partial_fill,1.2908259836421179,0.7722055685020058,1.5489911803705414,2.005931119320228,settle,130.6315895445823
train,2026-05-05T03:20:01+08:00,25274678535_attempt1::btc-updown-5m-1777922400,buy_down,132.0,0.35,0.39474792215001986,0.03474792215001988,4,0.01,2026-05-04T19:22:17+00:00,0.55,251.02,0.20000000000000007,price_moved,0.0,0.0,0.0,3.0933368270507744,,130.6315895445823
train,2026-05-05T03:25:02+08:00,25274678535_attempt1::btc-updown-5m-1777922700,buy_down,4.0,0.37,0.6134626343540439,0.2334626343540439,4,0.01,2026-05-04T19:25:11+00:00,0.38,59.46,0.010000000000000009,partial_fill,1.3063158954458232,0.7583388018397925,2.096980779531453,2.886522179053021,settle,132.72857032411378
train,2026-05-05T03:30:01+08:00,25274678535_attempt1::btc-updown-5m-1777923000,buy_up,4.0,0.55,0.6233837273721435,0.0633837273721435,4,0.01,2026-05-04T19:30:10+00:00,0.55,889.1,0.0,partial_fill,1.3272857032411378,0.7578136364645572,1.06182856259291,1.4011737338835437,settle,133.7903988867067
train,2026-05-05T03:35:00+08:00,25274678535_attempt1::btc-updown-5m-1777923300,buy_up,5.0,0.52,0.6369046063925891,0.10690460639258904,4,0.01,2026-05-04T19:35:09+00:00,0.51,629.19,-0.010000000000000009,partial_fill,1.337903988867067,0.7578136364645572,-1.36413740041348,-1.799430422091213,settle,132.4262614862932
train,2026-05-05T03:45:00+08:00,25274678535_attempt1::btc-updown-5m-1777923900,buy_up,5.0,0.5,0.5836603366569749,0.07366033665697493,4,0.01,2026-05-04T19:45:09+00:00,0.42,154.11,-0.08000000000000002,partial_fill,1.3242626148629322,0.7578107495224723,1.7972135487425511,1.7125349084629062,settle,134.22347503503576
train,2026-05-05T03:50:01+08:00,25274678535_attempt1::btc-updown-5m-1777924200,buy_up,140.0,0.15,0.19863042476898055,0.03863042476898055,4,0.01,2026-05-04T19:52:25+00:00,0.17,269.58,0.020000000000000018,price_moved,0.0,0.0,0.0,-1.8822506128607814,,134.22347503503576
train,2026-05-05T03:55:01+08:00,25274678535_attempt1::btc-updown-5m-1777924500,buy_up,4.0,0.41,0.47787740325613487,0.05787740325613489,4,0.01,2026-05-04T19:55:10+00:00,0.39,30.0,-0.019999999999999962,partial_fill,1.3422347503503576,0.7688420233533579,2.06497653900055,2.469650529727945,settle,136.28845157403632
train,2026-05-05T04:00:01+08:00,25274678535_attempt1::btc-updown-5m-1777924800,buy_down,19.0,0.77,0.8744910360937397,0.09449103609373967,4,0.01,2026-05-04T20:00:25+00:00,0.77,194.11,0.0,partial_fill,1.3628845157403633,0.7697807804026296,0.389395575925818,0.5058525567787582,settle,136.67784714996213
train,2026-05-05T04:05:01+08:00,25274678535_attempt1::btc-updown-5m-1777925100,buy_up,4.0,0.54,0.574373325066827,0.024373325066826997,4,0.01,2026-05-04T20:05:09+00:00,0.52,5.2,-0.020000000000000018,partial_fill,1.3667784714996214,0.7697807804026295,1.2353574646246577,1.479618728577868,settle,137.9132046145868
train,2026-05-05T04:10:02+08:00,25274678535_attempt1::btc-updown-5m-1777925400,buy_down,181.0,0.16,0.20017023351151725,0.030170233511517243,4,0.01,2026-05-04T20:13:07+00:00,0.16,489.14,0.0,partial_fill,1.2383552343880182,0.7703190886406734,-1.3157524365372695,-1.7080615759620899,settle,136.5974521780495
train,2026-05-05T04:15:00+08:00,25274678535_attempt1::btc-updown-5m-1777925700,buy_down,190.0,0.33,0.38995347994074536,0.049953479940745345,4,0.01,2026-05-04T20:18:15+00:00,0.58,5.0,0.24999999999999994,price_moved,0.0,0.0,0.0,3.5465160916391985,,136.5974521780495
train,2026-05-05T04:20:00+08:00,25274678535_attempt1::btc-updown-5m-1777926000,buy_down,146.0,0.2,0.23199421702518805,0.021994217025188036,4,0.01,2026-05-04T20:22:30+00:00,0.21,91.12,0.009999999999999981,partial_fill,0.9388606275911765,0.7552147927849737,-0.9835682765240896,-1.3053288526505535,settle,135.6138839015254
train,2026-05-05T04:25:01+08:00,25274678535_attempt1::btc-updown-5m-1777926300,buy_up,4.0,0.52,0.6410198004152254,0.11101980041522543,4,0.01,2026-05-04T20:25:09+00:00,0.7,154.23,0.17999999999999994,price_moved,0.0,0.0,0.0,1.6230093491508812,,135.6138839015254
train,2026-05-05T04:30:01+08:00,25274678535_attempt1::btc-updown-5m-1777926600,buy_up,176.0,0.22,0.2519404234997933,0.021940423499793284,4,0.01,2026-05-04T20:33:01+00:00,0.22,38.57,0.0,partial_fill,0.9536621939907903,0.7484622938669356,-0.9970104755358262,-1.3320784276049027,settle,134.61687342598958
train,2026-05-05T04:35:01+08:00,25274678535_attempt1::btc-updown-5m-1777926900,buy_up,66.0,0.34,0.37387754312276594,0.023877543122765917,4,0.01,2026-05-04T20:36:12+00:00,0.39,158.19,0.04999999999999999,price_moved,0.0,0.0,0.0,-1.6745742615744825,,134.61687342598958
train,2026-05-05T04:40:01+08:00,25274678535_attempt1::btc-updown-5m-1777927200,buy_up,4.0,0.51,0.5772084353056901,0.05720843530569009,4,0.01,2026-05-04T20:40:09+00:00,0.51,492.65,0.0,partial_fill,1.3461687342598958,0.7554963725491126,1.2669823381269607,1.6770197504086597,settle,135.88385576411653
train,2026-05-05T04:45:01+08:00,25274678535_attempt1::btc-updown-5m-1777927500,buy_up,5.0,0.52,0.5767760625192421,0.04677606251924205,4,0.01,2026-05-04T20:45:10+00:00,0.55,95.45,0.030000000000000027,price_moved,0.0,0.0,0.0,1.6256610205523945,,135.88385576411653
train,2026-05-05T04:50:01+08:00,25274678535_attempt1::btc-updown-5m-1777927800,buy_down,9.0,0.61,0.7250867859754628,0.10508678597546285,4,0.01,2026-05-04T20:50:15+00:00,0.6,81.14,-0.010000000000000009,partial_fill,1.3588385576411655,0.7487290141519699,0.8832450624667577,1.1305687068149974,settle,136.7671008265833
train,2026-05-05T04:55:03+08:00,25274678535_attempt1::btc-updown-5m-1777928100,buy_down,18.0,0.34,0.37038902032335447,0.02038902032335444,4,0.01,2026-05-04T20:55:25+00:00,0.35,488.2,0.009999999999999953,partial_fill,1.0562678781513155,0.7489302853923334,1.9314612629052628,2.6962932181986474,settle,138.69856208948855
train,2026-05-05T05:05:02+08:00,25274678535_attempt1::btc-updown-5m-1777928700,buy_up,4.0,0.47,0.5565605832783606,0.07656058327836059,4,0.01,2026-05-04T21:05:10+00:00,0.48,197.21,0.010000000000000009,partial_fill,1.3869856208948854,0.748456090715732,1.4736722222008158,2.050270285361389,settle,140.17223431168935
train,2026-05-05T05:10:00+08:00,25274678535_attempt1::btc-updown-5m-1777929000,buy_up,8.0,0.51,0.622807027645855,0.10280702764585505,4,0.01,2026-05-04T21:10:12+00:00,0.5,257.39,-0.010000000000000009,partial_fill,1.4017223431168935,0.7481312399819144,1.3736878962545556,1.7634179902329992,settle,141.5459222079439
train,2026-05-05T05:15:01+08:00,25274678535_attempt1::btc-updown-5m-1777929300,buy_up,134.0,0.2,0.23542929153743397,0.025429291537433958,4,0.01,2026-05-04T21:17:19+00:00,0.2,321.77,0.0,partial_fill,1.1248164130502354,0.748418982766523,-1.1810572337027472,-1.5780695852168014,settle,140.36486497424116
train,2026-05-05T05:20:01+08:00,25274678535_attempt1::btc-updown-5m-1777929600,buy_down,127.0,0.18,0.23688642376051638,0.04688642376051639,4,0.01,2026-05-04T21:22:12+00:00,0.18,346.6,0.0,partial_fill,1.4036486497424117,0.748418982766523,-1.4816291302836568,-1.9796787152656528,settle,138.8832358439575
train,2026-05-05T05:25:01+08:00,25274678535_attempt1::btc-updown-5m-1777929900,buy_up,139.0,0.18,0.2130251113083669,0.02302511130836691,4,0.01,2026-05-04T21:27:24+00:00,0.17,265.3,-0.009999999999999981,partial_fill,0.9749396232235652,0.748418982766523,-1.0322890128249513,-1.3750358546770236,settle,137.85094683113255
train,2026-05-05T05:30:01+08:00,25274678535_attempt1::btc-updown-5m-1777930200,buy_up,4.0,0.5,0.6929604920322123,0.18296049203221232,4,0.01,2026-05-04T21:30:09+00:00,0.49,386.47,-0.010000000000000009,partial_fill,1.3785094683113255,0.7484016853478183,1.4066423146033933,1.8050991939138306,settle,139.25758914573595
train,2026-05-05T05:35:01+08:00,25274678535_attempt1::btc-updown-5m-1777930500,buy_up,8.0,0.46,0.558774751461411,0.08877475146141096,4,0.01,2026-05-04T21:35:13+00:00,0.44,54.07,-0.020000000000000018,partial_fill,1.3925758914573596,0.748701165814144,1.7407198643216997,2.14303074087737,settle,140.99830901005765
train,2026-05-05T05:40:01+08:00,25274678535_attempt1::btc-updown-5m-1777930800,buy_down,4.0,0.37,0.41260159577990646,0.03260159577990646,4,0.01,2026-05-04T21:40:09+00:00,0.37,249.42,0.0,partial_fill,1.4099830901005765,0.7494252481795348,2.362674367195561,3.152648476862566,settle,143.3609833772532
train,2026-05-05T05:50:01+08:00,25274678535_attempt1::btc-updown-5m-1777931400,buy_up,4.0,0.55,0.6799837782271463,0.11998377822714625,4,0.01,2026-05-04T21:50:09+00:00,0.53,22.8,-0.020000000000000018,partial_fill,1.433609833772532,0.7494252481795348,-1.4606590759191835,-1.9477265686732859,settle,141.90032430133402
train,2026-05-05T05:55:01+08:00,25274678535_attempt1::btc-updown-5m-1777931700,buy_up,129.0,0.28,0.3201590335824677,0.030159033582467694,4,0.01,2026-05-04T21:57:14+00:00,0.22,188.67,-0.060000000000000026,partial_fill,1.4190032430133404,0.7494200534333841,-1.4835033904230377,-1.9610923453817837,settle,140.41682091091099
train,2026-05-05T06:00:02+08:00,25274678535_attempt1::btc-updown-5m-1777932000,buy_up,4.0,0.67,0.9273355811810249,0.24733558118102483,4,0.01,2026-05-04T22:00:10+00:00,0.77,4.31,0.09999999999999998,price_moved,0.0,0.0,0.0,0.8949767393190605,,140.41682091091099
train,2026-05-05T06:05:01+08:00,25274678535_attempt1::btc-updown-5m-1777932300,buy_down,8.0,0.39,0.5694170671485466,0.16941706714854654,4,0.01,2026-05-04T22:05:13+00:00,0.34,486.6,-0.04999999999999999,partial_fill,1.4041682091091099,0.7457843389851596,2.684439223296827,2.896626638988421,settle,143.10126013420782
train,2026-05-05T06:10:01+08:00,25274678535_attempt1::btc-updown-5m-1777932600,buy_up,8.0,0.48,0.5491403064997642,0.05914030649976421,4,0.01,2026-05-04T22:10:13+00:00,0.48,243.55,0.0,partial_fill,1.4310126013420783,0.7485261931726052,1.5204508889259583,2.0312594305906306,settle,144.62171102313377
train,2026-05-05T06:15:00+08:00,25274678535_attempt1::btc-updown-5m-1777932900,buy_down,85.0,0.18,0.21115928978049459,0.02115928978049459,4,0.01,2026-05-04T22:16:29+00:00,0.18,312.87,0.0,partial_fill,0.9329550890516572,0.748526193172605,4.198297900732458,5.608752157273352,settle,148.82000892386623
train,2026-05-05T06:20:01+08:00,25274678535_attempt1::btc-updown-5m-1777933200,buy_up,172.0,0.25,0.28497747648325544,0.02497747648325544,4,0.01,2026-05-04T22:22:57+00:00,0.25,109.3,0.0,partial_fill,1.239049424377911,0.748526193172605,-1.2886114013530277,-1.7215314749257982,settle,147.5313975225132
train,2026-05-05T06:25:01+08:00,25274678535_attempt1::btc-updown-5m-1777933500,buy_up,12.0,0.52,0.5506236254116952,0.020623625411695164,4,0.01,2026-05-04T22:25:17+00:00,0.54,127.54,0.020000000000000018,price_moved,0.0,0.0,0.0,-2.0088614286860045,,147.5313975225132
train,2026-05-05T06:35:00+08:00,25274678535_attempt1::btc-updown-5m-1777934100,buy_up,168.0,0.22,0.2500834511377062,0.02008345113770619,4,0.01,2026-05-04T22:37:52+00:00,0.22,74.0,0.0,partial_fill,0.9496601325066992,0.7562339624048078,-0.9928265021660946,-1.3128562740146286,settle,146.53857102034712
train,2026-05-05T06:40:01+08:00,25274678535_attempt1::btc-updown-5m-1777934400,buy_up,43.0,0.34,0.3813952671791719,0.031395267179171855,4,0.01,2026-05-04T22:40:48+00:00,0.45,451.81,0.10999999999999999,price_moved,0.0,0.0,0.0,-1.9947335942416378,,146.53857102034712
train,2026-05-05T06:45:00+08:00,25274678535_attempt1::btc-updown-5m-1777934700,buy_up,8.0,0.52,0.5885892497547605,0.05858924975476044,4,0.01,2026-05-04T22:45:12+00:00,0.52,240.66,0.0,partial_fill,1.4653857102034713,0.7640996945546351,1.3244832380685219,1.7333906131719021,settle,147.86305425841564
train,2026-05-05T06:50:01+08:00,25274678535_attempt1::btc-updown-5m-1777935000,buy_down,12.0,0.65,0.7616543929842063,0.10165439298420632,4,0.01,2026-05-04T22:50:17+00:00,0.71,583.44,0.05999999999999994,price_moved,0.0,0.0,0.0,1.012220682843342,,147.86305425841564
train,2026-05-05T06:55:01+08:00,25274678535_attempt1::btc-updown-5m-1777935300,buy_up,131.0,0.55,0.5836521663228464,0.023652166322846398,4,0.01,2026-05-04T22:57:16+00:00,0.57,66.63,0.019999999999999907,price_moved,0.0,0.0,0.0,-1.9806181643588785,,147.86305425841564
train,2026-05-05T07:00:01+08:00,25274678535_attempt1::btc-updown-5m-1777935600,buy_down,4.0,0.59,0.7898349983382006,0.1898349983382006,4,0.01,2026-05-04T23:00:09+00:00,0.59,21.13,0.0,partial_fill,1.4786305425841564,0.767942716196549,1.002461384802818,1.3053856279382248,settle,148.86551564321846
train,2026-05-05T07:10:01+08:00,25274678535_attempt1::btc-updown-5m-1777936200,buy_down,30.0,0.47,0.5039012612513619,0.023901261251361945,4,0.01,2026-05-04T23:10:36+00:00,0.47,519.69,0.0,partial_fill,1.4886551564321846,0.767942716196549,-1.5203286703988268,-1.979742288498652,settle,147.34518697281962
train,2026-05-05T07:15:01+08:00,25274678535_attempt1::btc-updown-5m-1777936500,buy_down,4.0,0.51,0.5792395546622175,0.05923955466221754,4,0.01,2026-05-04T23:15:09+00:00,0.5,32.5,-0.010000000000000009,partial_fill,1.4734518697281962,0.7679427161965489,-1.50292090712276,-1.9563218078307922,settle,145.84226606569686
train,2026-05-05T07:20:02+08:00,25274678535_attempt1::btc-updown-5m-1777936800,buy_up,8.0,0.36,0.3968315785989133,0.026831578598913337,4,0.01,2026-05-04T23:20:15+00:00,0.36,318.54,0.0,partial_fill,1.4584226606569686,0.7679396736342818,-1.498934401230773,-1.9518908225395517,settle,144.3433316644661
train,2026-05-05T07:25:01+08:00,25274678535_attempt1::btc-updown-5m-1777937100,buy_up,12.0,0.45,0.6129468285076846,0.15294682850768454,4,0.01,2026-05-04T23:25:17+00:00,0.45,306.11,0.0,partial_fill,1.443433316644661,0.767939673634282,1.7321199799735931,2.255541729959488,settle,146.07545164443968
train,2026-05-05T07:30:01+08:00,25274678535_attempt1::btc-updown-5m-1777937400,buy_down,17.0,0.74,0.8125292263143878,0.06252922631438786,4,0.01,2026-05-04T23:30:22+00:00,0.71,617.93,-0.030000000000000027,partial_fill,1.460754516444397,0.7679396736342821,0.5760722036682129,0.6426261910808001,settle,146.6515238481079
train,2026-05-05T07:35:00+08:00,25274678535_attempt1::btc-updown-5m-1777937700,buy_down,8.0,0.55,0.6789475496111583,0.11894754961115829,4,0.01,2026-05-04T23:35:12+00:00,0.54,117.12,-0.010000000000000009,partial_fill,1.4665152384810791,0.7683723157039352,1.2220960320675658,1.5268798300079809,settle,147.87361988017545
train,2026-05-05T07:40:01+08:00,25274678535_attempt1::btc-updown-5m-1777938000,buy_up,138.0,0.21,0.24307581334637918,0.023075813346379183,4,0.01,2026-05-04T23:42:23+00:00,0.2,504.72,-0.009999999999999981,partial_fill,1.079843054179859,0.7686264070781758,-1.1338352068888518,-1.4717997476801346,settle,146.7397846732866
train,2026-05-05T07:45:02+08:00,25274678535_attempt1::btc-updown-5m-1777938300,buy_up,5.0,0.5,0.5687720198113047,0.05877201981130465,4,0.01,2026-05-04T23:45:11+00:00,0.49,410.16,-0.010000000000000009,partial_fill,1.467397846732866,0.7686129400687811,1.4973447415641492,1.8709675765665896,settle,148.23712941485076
train,2026-05-05T07:50:02+08:00,25274678535_attempt1::btc-updown-5m-1777938600,buy_up,8.0,0.48,0.5748658130251225,0.08486581302512254,4,0.01,2026-05-04T23:50:14+00:00,0.48,55.73,0.0,partial_fill,1.4823712941485077,0.76892050827209,1.5750195000327896,2.0483515306051037,settle,149.81214891488355
train,2026-05-05T07:55:01+08:00,25274678535_attempt1::btc-updown-5m-1777938900,buy_up,226.0,0.29,0.3352922101581318,0.03529221015813184,4,0.01,2026-05-04T23:58:51+00:00,0.3,136.18,0.010000000000000009,partial_fill,1.4981214891488355,0.7689205082720899,3.445679425042322,4.702898777874069,settle,153.25782833992588
train,2026-05-05T08:05:00+08:00,25274678535_attempt1::btc-updown-5m-1777939500,buy_up,116.0,0.26,0.2912726086341236,0.021272608634123565,4,0.01,2026-05-05T00:07:00+00:00,0.25,83.41,-0.010000000000000009,partial_fill,1.1014168251320724,0.7680661521517876,-1.1454734981373553,-1.489167316525671,settle,152.11235484178852
train,2026-05-05T08:10:01+08:00,25274678535_attempt1::btc-updown-5m-1777939800,buy_up,4.0,0.48,0.6356013719242435,0.1456013719242435,4,0.01,2026-05-05T00:10:09+00:00,0.48,222.72,0.0,partial_fill,1.521123548417885,0.7680575962133925,1.616193770194003,2.1042611623946095,settle,153.72854861198252
train,2026-05-05T08:15:02+08:00,25274678535_attempt1::btc-updown-5m-1777940100,buy_down,4.0,0.47,0.5641916735985618,0.08419167359856185,4,0.01,2026-05-05T00:15:10+00:00,0.53,38.89,0.06000000000000005,price_moved,0.0,0.0,0.0,-2.0441093164007507,,153.72854861198252
train,2026-05-05T08:20:01+08:00,25274678535_attempt1::btc-updown-5m-1777940400,buy_up,77.0,0.22,0.2557111555735,0.02571115557349999,4,0.01,2026-05-05T00:21:22+00:00,0.22,40.47,0.0,partial_fill,1.26683930431123,0.7759825241192917,-1.3244229090526496,-1.706768990133915,settle,152.40412570292986
train,2026-05-05T08:25:02+08:00,25274678535_attempt1::btc-updown-5m-1777940700,buy_up,228.0,0.28,0.3281687252612391,0.03816872526123905,4,0.01,2026-05-05T00:28:54+00:00,0.26,227.19,-0.020000000000000018,partial_fill,1.5240412570292987,0.7759825241192918,-1.5826582284535027,-2.0341583126690925,settle,150.82146747447635
train,2026-05-06T08:00:02+08:00,25311264469_attempt1::btc-updown-5m-1778025600,buy_up,10.0,0.52,0.6193051357090872,0.08930513570908717,4,0.01,2026-05-06T00:00:17+00:00,0.62,62.75,0.09999999999999998,price_moved,0.0,0.0,0.0,1.7567816721955214,,150.82146747447635
train,2026-05-06T08:05:01+08:00,25311264469_attempt1::btc-updown-5m-1778025900,buy_down,15.0,0.61,0.6466505884907948,0.02665058849079483,4,0.01,2026-05-06T00:05:21+00:00,0.65,117.93,0.040000000000000036,price_moved,0.0,0.0,0.0,-1.9933926505358004,,150.82146747447635
train,2026-05-06T08:10:01+08:00,25311264469_attempt1::btc-updown-5m-1778026200,buy_up,10.0,0.38,0.7614381585215217,0.37143815852152173,4,0.01,2026-05-06T00:10:16+00:00,0.38,766.29,0.0,partial_fill,1.5082146747447636,0.7769067418573945,2.4210814515639623,3.1163089739390695,settle,153.2425489260403
train,2026-05-06T08:15:01+08:00,25311264469_attempt1::btc-updown-5m-1778026500,buy_up,6.0,0.44,0.4978426041596641,0.04784260415966408,4,0.01,2026-05-06T00:15:12+00:00,0.48,385.95,0.03999999999999998,price_moved,0.0,0.0,0.0,-2.017299190301951,,153.2425489260403
train,2026-05-06T08:25:02+08:00,25311264469_attempt1::btc-updown-5m-1778027100,buy_up,20.0,0.5,0.5890607242584707,0.07906072425847067,4,0.01,2026-05-06T00:25:27+00:00,0.5,442.37,0.0,partial_fill,1.5324254892604032,0.7849344808662538,-1.5630739990456113,-1.9913432740533994,settle,151.67947492699471
train,2026-05-06T08:30:01+08:00,25311264469_attempt1::btc-updown-5m-1778027400,buy_up,5.0,0.52,0.6082068476365792,0.07820684763657916,4,0.01,2026-05-06T00:30:11+00:00,0.41,116.0,-0.11000000000000004,partial_fill,1.5167947492699472,0.784934480866254,2.145709645308706,1.7465777510356062,settle,153.8251845723034
train,2026-05-06T08:35:01+08:00,25311264469_attempt1::btc-updown-5m-1778027700,buy_down,167.0,0.14,0.17751079924511606,0.027510799245116048,4,0.01,2026-05-06T00:37:53+00:00,0.14,417.25,0.0,partial_fill,1.2301900498870817,0.7889079181831101,7.4690110171715665,9.467532071896336,settle,161.29419558947498
train,2026-05-06T08:40:00+08:00,25311264469_attempt1::btc-updown-5m-1778028000,buy_up,202.0,0.19,0.22824752765608627,0.02824752765608627,4,0.01,2026-05-06T00:43:27+00:00,0.18,665.56,-0.010000000000000009,partial_fill,1.406222916876507,0.7889079181831103,-1.4843464122585353,-1.8763085212184674,settle,159.80984917721645
train,2026-05-06T09:10:02+08:00,25311264469_attempt1::btc-updown-5m-1778029800,buy_down,4.0,0.5,0.545086332723007,0.03508633272300699,4,0.01,2026-05-06T01:10:12+00:00,0.51,53.0,0.010000000000000009,partial_fill,1.5980984917721646,0.7888876208179607,-1.6294337563167167,-2.066277145935532,settle,158.18041542089972
train,2026-05-06T09:15:02+08:00,25311264469_attempt1::btc-updown-5m-1778030100,buy_up,5.0,0.48,0.6957652921454991,0.2057652921454991,4,0.01,2026-05-06T01:15:12+00:00,0.59,172.95,0.10999999999999999,price_moved,0.0,0.0,0.0,2.1304178323406138,,158.18041542089972
train,2026-05-06T09:20:00+08:00,25311264469_attempt1::btc-updown-5m-1778030400,buy_up,141.0,0.28,0.3217167465085869,0.031716746508586864,4,0.01,2026-05-06T01:22:26+00:00,0.36,50.0,0.07999999999999996,price_moved,0.0,0.0,0.0,5.1383798335615305,,158.18041542089972
train,2026-05-06T09:25:02+08:00,25311264469_attempt1::btc-updown-5m-1778030700,buy_down,10.0,0.66,0.7282271067391056,0.05822710673910559,4,0.01,2026-05-06T01:25:17+00:00,0.69,106.31,0.029999999999999916,price_moved,0.0,0.0,0.0,1.0388935564897994,,158.18041542089972
train,2026-05-06T09:30:02+08:00,25311264469_attempt1::btc-updown-5m-1778031000,buy_up,5.0,0.65,0.7006545621149259,0.040654562114925914,4,0.01,2026-05-06T01:30:12+00:00,0.64,79.0,-0.010000000000000009,partial_fill,1.5818041542089973,0.7575051707501138,0.8650491468330453,1.092276702315583,settle,159.04546456773278
train,2026-05-06T09:35:02+08:00,25311264469_attempt1::btc-updown-5m-1778031300,buy_down,5.0,0.47,0.566767637068718,0.08676763706871805,4,0.01,2026-05-06T01:35:12+00:00,0.49,465.56,0.020000000000000018,price_moved,0.0,0.0,0.0,2.3224072002025102,,159.04546456773278
train,2026-05-06T09:40:02+08:00,25311264469_attempt1::btc-updown-5m-1778031600,buy_down,186.0,0.56,0.5909917946277452,0.02099179462774515,4,0.01,2026-05-06T01:43:13+00:00,0.57,152.47,0.009999999999999898,partial_fill,1.5904546456773279,0.7493933439593609,1.1719139494464523,1.6296407886695738,settle,160.21737851717924
train,2026-05-06T09:45:01+08:00,25311264469_attempt1::btc-updown-5m-1778031900,buy_down,146.0,0.12,0.1553200944155552,0.025320094415555196,4,0.01,2026-05-06T01:47:32+00:00,0.16,278.49,0.04000000000000001,price_moved,0.0,0.0,0.0,-1.6665496028373243,,160.21737851717924
train,2026-05-06T09:50:01+08:00,25311264469_attempt1::btc-updown-5m-1778032200,buy_up,5.0,0.57,0.6480962531678344,0.06809625316783442,4,0.01,2026-05-06T01:50:11+00:00,0.52,226.33,-0.04999999999999993,partial_fill,1.6021737851717925,0.7550464979980613,1.4481186135206585,1.563544904841685,settle,161.6654971306999
train,2026-05-06T10:00:01+08:00,25311264469_attempt1::btc-updown-5m-1778032800,buy_down,5.0,0.58,0.799511618654925,0.20951161865492507,4,0.01,2026-05-06T02:00:11+00:00,0.56,295.3,-0.019999999999999907,partial_fill,1.6166549713069989,0.7562982329085355,1.2413600672535883,1.5110544687505711,settle,162.90685719795349
train,2026-05-06T10:05:01+08:00,25311264469_attempt1::btc-updown-5m-1778033100,buy_down,5.0,0.6,0.7215732347594782,0.11157323475947824,4,0.01,2026-05-06T02:05:11+00:00,0.68,5.0,0.08000000000000007,price_moved,0.0,0.0,0.0,-2.1885781230499886,,162.90685719795349
train,2026-05-06T10:10:01+08:00,25311264469_attempt1::btc-updown-5m-1778033400,buy_up,4.0,0.53,0.5975589949692054,0.057558994969205364,4,0.01,2026-05-06T02:10:09+00:00,0.54,73.8,0.010000000000000009,partial_fill,1.6290685719795348,0.7645287495089153,-1.6592365084976746,-2.1710180498944314,settle,161.2476206894558
train,2026-05-06T10:15:00+08:00,25311264469_attempt1::btc-updown-5m-1778033700,buy_down,12.0,0.66,0.765506415568448,0.09550641556844798,4,0.01,2026-05-06T02:15:16+00:00,0.66,100.02,0.0,partial_fill,1.612476206894558,0.7645314483155881,0.8062381034472789,1.0545519157172392,settle,162.05385879290307
train,2026-05-06T10:20:01+08:00,25311264469_attempt1::btc-updown-5m-1778034000,buy_down,8.0,0.36,0.4006939542961316,0.030693954296131594,4,0.01,2026-05-06T02:20:13+00:00,0.41,720.24,0.04999999999999999,price_moved,0.0,0.0,0.0,-2.178528499219197,,162.05385879290307
train,2026-05-06T10:25:00+08:00,25311264469_attempt1::btc-updown-5m-1778034300,buy_down,4.0,0.54,0.7346832592607901,0.1846832592607901,4,0.01,2026-05-06T02:25:08+00:00,0.56,42.0,0.020000000000000018,price_moved,0.0,0.0,0.0,1.7482200546662157,,162.05385879290307
train,2026-05-06T10:30:00+08:00,25311264469_attempt1::btc-updown-5m-1778034600,buy_down,8.0,0.56,0.6575882830352012,0.08758828303520118,4,0.01,2026-05-06T02:30:12+00:00,0.54,214.86,-0.020000000000000018,partial_fill,1.6205385879290308,0.7660866752001959,1.3504488232741922,1.6242837400764856,settle,163.40430761617728
train,2026-05-06T10:35:01+08:00,25311264469_attempt1::btc-updown-5m-1778034900,buy_up,4.0,0.53,0.6315516171892062,0.09155161718920614,4,0.01,2026-05-06T02:35:09+00:00,0.46,11.0,-0.07,partial_fill,1.6340430761617728,0.7665844573153358,1.882701805142912,1.8500584672293725,settle,165.2870094213202
train,2026-05-06T10:40:01+08:00,25311264469_attempt1::btc-updown-5m-1778035200,buy_up,4.0,0.69,0.8196113196794527,0.11961131967945272,4,0.01,2026-05-06T02:40:10+00:00,0.66,40.13,-0.029999999999999916,partial_fill,1.652870094213202,0.7687447194736319,0.8264350471066009,0.9348216035735566,settle,166.1134444684268
train,2026-05-06T10:45:00+08:00,25311264469_attempt1::btc-updown-5m-1778035500,buy_up,8.0,0.5,0.6200395875581939,0.11003958755819389,4,0.01,2026-05-06T02:45:12+00:00,0.5,828.61,0.0,partial_fill,1.661134444684268,0.7692439043564069,1.6279117557905827,2.116249146169817,settle,167.74135622421738
train,2026-05-06T10:50:01+08:00,25311264469_attempt1::btc-updown-5m-1778035800,buy_down,4.0,0.54,0.6302815347037259,0.08028153470372591,4,0.01,2026-05-06T02:50:09+00:00,0.54,344.96,0.0,partial_fill,1.677413562242174,0.7692439043564069,-1.70847677635777,-2.220981884526181,settle,166.0328794478596
train,2026-05-06T10:55:00+08:00,25311264469_attempt1::btc-updown-5m-1778036100,buy_up,4.0,0.57,0.6752314370720669,0.09523143707206695,4,0.01,2026-05-06T02:55:08+00:00,0.49,274.11,-0.07999999999999996,partial_fill,1.6603287944785963,0.7692439043564069,1.6942130555904045,1.5903930566420492,settle,167.72709250345002
train,2026-05-06T11:00:01+08:00,25311264469_attempt1::btc-updown-5m-1778036400,buy_up,4.0,0.45,0.5543905186193279,0.09439051861932786,4,0.01,2026-05-06T03:00:09+00:00,0.58,163.27,0.12999999999999995,price_moved,0.0,0.0,0.0,2.6091534089253274,,167.72709250345002
train,2026-05-06T11:05:02+08:00,25311264469_attempt1::btc-updown-5m-1778036700,buy_up,9.0,0.5,0.5430634936488188,0.03306349364881878,4,0.01,2026-05-06T03:05:15+00:00,0.55,10.0,0.050000000000000044,price_moved,0.0,0.0,0.0,-2.2443937623575665,,167.72709250345002
train,2026-05-06T11:10:01+08:00,25311264469_attempt1::btc-updown-5m-1778037000,buy_up,4.0,0.44,0.5137980507768801,0.06379805077688012,4,0.01,2026-05-06T03:10:10+00:00,0.43,168.64,-0.010000000000000009,partial_fill,1.6772709250345004,0.770117314885637,2.1843528326030706,2.7224276298793133,settle,169.9114453360531
train,2026-05-06T11:15:02+08:00,25311264469_attempt1::btc-updown-5m-1778037300,buy_up,17.0,0.5,0.5322630878470942,0.022263087847094194,4,0.01,2026-05-06T03:15:23+00:00,0.45,332.25,-0.04999999999999999,partial_fill,1.6991144533605311,0.7705153083300224,2.0389373440326373,2.1610630525981986,settle,171.95038268008574
train,2026-05-06T11:20:01+08:00,25311264469_attempt1::btc-updown-5m-1778037600,buy_up,5.0,0.49,0.5660752790769423,0.06607527907694234,4,0.01,2026-05-06T03:20:10+00:00,0.5,300.05,0.010000000000000009,partial_fill,1.7195038268008573,0.7721939909189766,1.6851137502648401,2.2722214395185976,settle,173.63549643035057
train,2026-05-06T11:25:01+08:00,25311264469_attempt1::btc-updown-5m-1778037900,buy_up,4.0,0.47,0.5269792682448089,0.04697926824480892,4,0.01,2026-05-06T03:25:09+00:00,0.46,202.04,-0.009999999999999953,partial_fill,1.7363549643035057,0.771885113322609,-1.774101811353582,-2.2973609107643354,settle,171.861394618997
train,2026-05-06T11:30:00+08:00,25311264469_attempt1::btc-updown-5m-1778038200,buy_up,4.0,0.47,0.5001156918346603,0.02011569183466034,4,0.01,2026-05-06T03:30:08+00:00,0.43,250.34,-0.03999999999999998,partial_fill,1.6307126662408944,0.7718815062479832,2.1237188211509324,2.3373959895574314,settle,173.98511344014793
train,2026-05-06T11:35:02+08:00,25311264469_attempt1::btc-updown-5m-1778038500,buy_up,5.0,0.49,0.538921761741694,0.038921761741694046,4,0.01,2026-05-06T03:35:11+00:00,0.5,1618.33,0.010000000000000009,partial_fill,1.7398511344014793,0.773301685563782,-1.774648157089509,-2.295815893787084,settle,172.21046528305843
train,2026-05-06T11:40:02+08:00,25311264469_attempt1::btc-updown-5m-1778038800,buy_down,4.0,0.55,0.6801942354872346,0.12019423548723453,4,0.01,2026-05-06T03:40:11+00:00,0.55,532.94,0.0,partial_fill,1.7221046528305843,0.7733048744367121,1.3776837222644673,1.7815531335787773,settle,173.5881490053229
train,2026-05-06T11:45:00+08:00,25311264469_attempt1::btc-updown-5m-1778039100,buy_down,4.0,0.43,0.5403911651388469,0.1003911651388469,4,0.01,2026-05-06T03:45:08+00:00,0.44,282.55,0.010000000000000009,partial_fill,1.735881490053229,0.7733048744367121,2.169851862566536,2.9234043977981052,settle,175.75800086788942
train,2026-05-06T11:55:00+08:00,25311264469_attempt1::btc-updown-5m-1778039700,buy_up,4.0,0.49,0.6516169648495649,0.15161696484956488,4,0.01,2026-05-06T03:55:08+00:00,0.53,11.27,0.040000000000000036,price_moved,0.0,0.0,0.0,2.3203989717216738,,175.75800086788942
train,2026-05-06T12:00:02+08:00,25311264469_attempt1::btc-updown-5m-1778040000,buy_down,4.0,0.49,0.5693061760968813,0.06930617609688129,4,0.01,2026-05-06T04:00:10+00:00,0.41,75.85,-0.08000000000000002,partial_fill,1.7575800086788942,0.7650983144431595,2.4863326952042897,2.344076512249446,settle,178.2443335630937
train,2026-05-06T12:05:01+08:00,25311264469_attempt1::btc-updown-5m-1778040300,buy_up,4.0,0.51,0.7323582878498325,0.21235828784983246,4,0.01,2026-05-06T04:05:09+00:00,0.56,114.86,0.050000000000000044,price_moved,0.0,0.0,0.0,-2.3661384088353232,,178.2443335630937
train,2026-05-06T12:10:01+08:00,25311264469_attempt1::btc-updown-5m-1778040600,buy_down,67.0,0.22,0.2629476261550365,0.03294762615503647,4,0.01,2026-05-06T04:11:13+00:00,0.22,138.73,0.0,partial_fill,1.782443335630937,0.7759961818959948,-1.8634634872505254,-2.401382288631262,settle,176.38087007584318
train,2026-05-06T12:15:00+08:00,25311264469_attempt1::btc-updown-5m-1778040900,buy_up,215.0,0.07,0.14036711404278723,0.060367114042787225,4,0.01,2026-05-06T04:18:39+00:00,0.1,386.39,0.03,price_moved,0.0,0.0,0.0,-0.9091842160609142,,176.38087007584318
train,2026-05-06T12:25:02+08:00,25311264469_attempt1::btc-updown-5m-1778041500,buy_down,9.0,0.46,0.5251835249338181,0.055183524933818125,4,0.01,2026-05-06T04:25:15+00:00,0.5,31.43,0.03999999999999998,price_moved,0.0,0.0,0.0,2.6083704563817145,,176.38087007584318
train,2026-05-06T12:30:02+08:00,25311264469_attempt1::btc-updown-5m-1778041800,buy_down,9.0,0.55,0.6445864392024282,0.08458643920242816,4,0.01,2026-05-06T04:30:15+00:00,0.66,374.65,0.10999999999999999,price_moved,0.0,0.0,0.0,1.8319619220443948,,176.38087007584318
train,2026-05-06T12:35:00+08:00,25311264469_attempt1::btc-updown-5m-1778042100,buy_up,213.0,0.53,0.5647944834777718,0.024794483477771807,4,0.01,2026-05-06T04:38:37+00:00,0.53,671.04,0.0,partial_fill,1.7638087007584318,0.7641251482142876,-1.7970881102067042,-2.3518243240735974,settle,174.58378196563646
train,2026-05-06T12:40:02+08:00,25311264469_attempt1::btc-updown-5m-1778042400,buy_down,5.0,0.44,0.47326518312887644,0.02326518312887644,4,0.01,2026-05-06T04:40:11+00:00,0.45,36.59,0.010000000000000009,partial_fill,1.7458378196563646,0.7641251482142876,-1.7846342156487285,-2.3366800007746384,settle,172.79914774998772
train,2026-05-06T12:45:01+08:00,25311264469_attempt1::btc-updown-5m-1778042700,buy_down,4.0,0.49,0.5299334595300206,0.029933459530020586,4,0.01,2026-05-06T04:45:10+00:00,0.5,450.37,0.010000000000000009,partial_fill,1.7279914774998772,0.7641290473093159,-1.7625513070498748,-2.3075377331912814,settle,171.03659644293785
train,2026-05-06T12:50:01+08:00,25311264469_attempt1::btc-updown-5m-1778043000,buy_down,4.0,0.46,0.8357673281579481,0.36576732815794805,4,0.01,2026-05-06T04:50:09+00:00,0.47,161.64,0.009999999999999953,partial_fill,1.7103659644293785,0.7641321983569337,1.892319790432504,2.5789242361600824,settle,172.92891623337036
train,2026-05-06T12:55:01+08:00,25311264469_attempt1::btc-updown-5m-1778043300,buy_down,4.0,0.5,0.6330784962407118,0.12307849624071178,4,0.01,2026-05-06T04:55:09+00:00,0.5,0.59,0.0,partial_fill,0.295,0.130294549750056,0.28909999999999997,2.2188188266860007,settle,173.21801623337035
train,2026-05-06T13:00:01+08:00,25311264469_attempt1::btc-updown-5m-1778043600,buy_down,59.0,0.3,0.3416826750843667,0.031682675084366736,4,0.01,2026-05-06T05:01:04+00:00,0.43,114.1,0.13,price_moved,0.0,0.0,0.0,-2.3624986662181375,,173.21801623337035
train,2026-05-06T13:05:02+08:00,25311264469_attempt1::btc-updown-5m-1778043900,buy_down,22.0,0.7,0.7411330647886386,0.03113306478863865,4,0.01,2026-05-06T05:05:28+00:00,0.72,63.54,0.020000000000000018,price_moved,0.0,0.0,0.0,0.9373893901384694,,173.21801623337035
train,2026-05-06T13:10:02+08:00,25311264469_attempt1::btc-updown-5m-1778044200,buy_down,5.0,0.47,0.5739743654058758,0.0939743654058758,4,0.01,2026-05-06T05:10:11+00:00,0.48,43.4,0.010000000000000009,partial_fill,1.7321801623337034,0.7623905096619582,1.84044142247956,2.5137441027933356,settle,175.0584576558499
train,2026-05-06T13:15:00+08:00,25311264469_attempt1::btc-updown-5m-1778044500,buy_down,39.0,0.58,0.6191384934484082,0.02913849344840825,4,0.01,2026-05-06T05:15:43+00:00,0.61,83.86,0.030000000000000027,price_moved,0.0,0.0,0.0,-2.3367818521616774,,175.0584576558499
train,2026-05-06T13:20:02+08:00,25311264469_attempt1::btc-updown-5m-1778044800,buy_down,4.0,0.5,0.6305643563937797,0.12056435639377973,4,0.01,2026-05-06T05:20:11+00:00,0.5,460.64,0.0,partial_fill,1.750584576558499,0.7698912635113837,1.715572885027329,2.2283314103381335,settle,176.77403054087725
train,2026-05-06T13:25:02+08:00,25311264469_attempt1::btc-updown-5m-1778045100,buy_down,4.0,0.34,0.4319735853928058,0.08197358539280576,4,0.01,2026-05-06T05:25:10+00:00,0.32,189.3,-0.020000000000000018,partial_fill,1.7677403054087726,0.7698912635113837,3.701206264449617,4.389585497609965,settle,180.47523680532686
train,2026-05-06T13:30:00+08:00,25311264469_attempt1::btc-updown-5m-1778045400,buy_down,4.0,0.5,0.5910931462937249,0.0810931462937249,4,0.01,2026-05-06T05:30:08+00:00,0.5,114.41,0.0,partial_fill,1.8047523680532687,0.7712660693390826,1.7686573206922032,2.2931869960360247,settle,182.24389412601906
train,2026-05-06T13:35:01+08:00,25311264469_attempt1::btc-updown-5m-1778045700,buy_down,13.0,0.6,0.7554286331742144,0.1454286331742144,4,0.01,2026-05-06T05:35:18+00:00,0.61,230.14,0.010000000000000009,partial_fill,1.8224389412601907,0.7712660693390827,1.1352898322604468,1.5358970903960873,settle,183.3791839582795
train,2026-05-06T13:40:01+08:00,25311264469_attempt1::btc-updown-5m-1778046000,buy_up,4.0,0.57,0.7218712936954648,0.1418712936954648,4,0.01,2026-05-06T05:40:10+00:00,0.57,22.0,0.0,partial_fill,1.833791839582795,0.7710587954693329,1.351215039692586,1.7524150526940299,settle,184.7303989979721
train,2026-05-06T13:45:01+08:00,25311264469_attempt1::btc-updown-5m-1778046300,buy_up,8.0,0.53,0.5695872936271285,0.029587293627128426,4,0.01,2026-05-06T05:45:14+00:00,0.53,66.01,0.0,partial_fill,1.847303989979721,0.7710587954693328,1.6033204441333424,2.079375079506646,settle,186.33371944210543
train,2026-05-06T13:50:01+08:00,25311264469_attempt1::btc-updown-5m-1778046600,buy_down,4.0,0.42,0.4521494978966165,0.022149497896616528,4,0.01,2026-05-06T05:50:09+00:00,0.38,256.91,-0.03999999999999998,partial_fill,1.7789647960567447,0.7710587954693329,2.8557066463016163,3.1311611776731683,settle,189.18942608840706
train,2026-05-06T13:55:01+08:00,25311264469_attempt1::btc-updown-5m-1778046900,buy_up,4.0,0.54,0.6683270995792526,0.1183270995792526,4,0.01,2026-05-06T05:55:09+00:00,0.54,55.0,0.0,partial_fill,1.8918942608840705,0.772861957374453,1.5765785507367251,2.039922570510053,settle,190.76600463914377
train,2026-05-06T14:00:01+08:00,25311264469_attempt1::btc-updown-5m-1778047200,buy_up,9.0,0.45,0.6426436859908691,0.18264368599086905,4,0.01,2026-05-06T06:00:14+00:00,0.6,588.0,0.14999999999999997,price_moved,0.0,0.0,0.0,2.9619675723805976,,190.76600463914377
train,2026-05-06T14:05:01+08:00,25311264469_attempt1::btc-updown-5m-1778047500,buy_down,4.0,0.5,0.5493574612939902,0.03935746129399021,4,0.01,2026-05-06T06:05:09+00:00,0.54,263.0,0.040000000000000036,price_moved,0.0,0.0,0.0,2.447967466320151,,190.76600463914377
train,2026-05-06T14:15:01+08:00,25367630341_attempt1::btc-updown-5m-1778048100,buy_down,4.0,0.5,0.5905521237348433,0.08055212373484334,4,0.01,2026-05-06T06:15:09+00:00,0.5,377.09,0.0,partial_fill,1.9076600463914377,0.7562859836981504,-1.9458132473192664,-2.572853773918256,settle,188.8201913918245
train,2026-05-06T14:20:01+08:00,25367630341_attempt1::btc-updown-5m-1778048400,buy_up,4.0,0.42,0.488837030415561,0.058837030415560994,4,0.01,2026-05-06T06:20:09+00:00,0.4,237.36,-0.019999999999999962,partial_fill,1.8882019139182449,0.7562859836981504,2.785097823029411,3.3883475240239145,settle,191.6052892148539
train,2026-05-06T14:25:01+08:00,25367630341_attempt1::btc-updown-5m-1778048700,buy_down,5.0,0.5,0.5334939521712261,0.02349395217122608,4,0.01,2026-05-06T06:25:10+00:00,0.62,88.36,0.12,price_moved,0.0,0.0,0.0,-2.581171810169333,,191.6052892148539
train,2026-05-06T14:30:01+08:00,25367630341_attempt1::btc-updown-5m-1778049000,buy_up,53.0,0.34,0.3898067328507361,0.039806732850736055,4,0.01,2026-05-06T06:30:58+00:00,0.44,0.5,0.09999999999999998,price_moved,0.0,0.0,0.0,-2.5784179648124628,,191.6052892148539
train,2026-05-06T14:35:01+08:00,25367630341_attempt1::btc-updown-5m-1778049300,buy_up,4.0,0.48,0.6351562677863304,0.1451562677863304,4,0.01,2026-05-06T06:35:09+00:00,0.47,462.78,-0.010000000000000009,partial_fill,1.9160528921485391,0.7729246373683906,2.1198883062068945,2.633899994233874,settle,193.7251775210608
train,2026-05-06T14:40:01+08:00,25367630341_attempt1::btc-updown-5m-1778049600,buy_up,4.0,0.49,0.5557659065972939,0.055765906597293864,4,0.01,2026-05-06T06:40:09+00:00,0.46,15.0,-0.02999999999999997,partial_fill,1.937251775210608,0.7732602537979903,2.232050958394831,2.556432347344642,settle,195.95722847945564
train,2026-05-06T14:45:01+08:00,25367630341_attempt1::btc-updown-5m-1778049900,buy_down,117.0,0.22,0.2649494858251053,0.0349494858251053,4,0.01,2026-05-06T06:47:02+00:00,0.2,62.33,-0.01999999999999999,partial_fill,1.9595722847945565,0.7742688541290313,-2.0575508990342843,-2.645907479501705,settle,193.89967758042135
train,2026-05-06T14:50:02+08:00,25367630341_attempt1::btc-updown-5m-1778050200,buy_down,4.0,0.65,0.6963668237496549,0.03636682374965484,4,0.01,2026-05-06T06:50:10+00:00,0.65,91.88,0.0,partial_fill,1.9389967758042135,0.7742332882652679,1.0142444673437423,1.3099985272090777,settle,194.91392204776508
train,2026-05-06T14:55:01+08:00,25367630341_attempt1::btc-updown-5m-1778050500,buy_up,24.0,0.49,0.52017427367071,0.020174273670710015,4,0.01,2026-05-06T06:55:29+00:00,0.39,79.0,-0.09999999999999998,partial_fill,1.9275719635407114,0.7742332882652679,-1.976996885682781,-2.5404618952580784,settle,192.9369251620823
train,2026-05-06T15:00:00+08:00,25367630341_attempt1::btc-updown-5m-1778050800,buy_up,4.0,0.63,0.7159062062758061,0.07590620627580615,4,0.01,2026-05-06T07:00:08+00:00,0.6,177.46,-0.030000000000000027,partial_fill,1.9293692516208232,0.7741928135598466,-1.9615254058145035,-2.5316615267511753,settle,190.9753997562678
train,2026-05-06T15:05:00+08:00,25367630341_attempt1::btc-updown-5m-1778051100,buy_up,12.0,0.61,0.6984608577370834,0.07846085773708346,4,0.01,2026-05-06T07:05:16+00:00,0.61,45.0,0.0,partial_fill,1.909753997562678,0.7741866061126564,1.1896828181537995,1.5366874197519786,settle,192.1650825744216
train,2026-05-06T15:10:00+08:00,25367630341_attempt1::btc-updown-5m-1778051400,buy_up,4.0,0.42,0.5250121441072391,0.09501214410723909,4,0.01,2026-05-06T07:10:08+00:00,0.42,238.68,0.0,partial_fill,1.921650825744216,0.7741866061126563,-1.9674044168333642,-2.5412534927620225,settle,190.19767815758823
train,2026-05-06T15:15:01+08:00,25367630341_attempt1::btc-updown-5m-1778051700,buy_up,58.0,0.67,0.7041207836777209,0.024120783677720865,4,0.01,2026-05-06T07:16:03+00:00,0.74,315.06,0.06999999999999995,price_moved,0.0,0.0,0.0,1.173369332249827,,190.19767815758823
train,2026-05-06T15:20:01+08:00,25367630341_attempt1::btc-updown-5m-1778052000,buy_down,121.0,0.24,0.2745281533620244,0.024528153362024414,4,0.01,2026-05-06T07:22:06+00:00,0.2,39.89,-0.03999999999999998,partial_fill,1.5346045457073307,0.7705065747110514,-1.6113347729926975,-2.074669385368895,settle,188.58634338459552
train,2026-05-06T15:25:02+08:00,25367630341_attempt1::btc-updown-5m-1778052300,buy_up,4.0,0.58,0.7422029688662295,0.15220296886622953,4,0.01,2026-05-06T07:25:10+00:00,0.64,163.3,0.06000000000000005,price_moved,0.0,0.0,0.0,1.7302912171300395,,188.58634338459552
train,2026-05-06T15:30:00+08:00,25367630341_attempt1::btc-updown-5m-1778052600,buy_down,8.0,0.58,0.7320475750040477,0.14204757500404774,4,0.01,2026-05-06T07:30:12+00:00,0.65,38.02,0.07000000000000006,price_moved,0.0,0.0,0.0,1.7425225860787175,,188.58634338459552
train,2026-05-06T15:40:02+08:00,25367630341_attempt1::btc-updown-5m-1778053200,buy_down,4.0,0.5,0.5716300107153565,0.06163001071535646,4,0.01,2026-05-06T07:40:10+00:00,0.59,236.45,0.08999999999999997,price_moved,0.0,0.0,0.0,2.432808033360993,,188.58634338459552
train,2026-05-06T15:45:01+08:00,25367630341_attempt1::btc-updown-5m-1778053500,buy_up,8.0,0.62,0.6547230219899693,0.024723021989969347,4,0.01,2026-05-06T07:45:13+00:00,0.63,636.97,0.010000000000000009,partial_fill,1.8858634338459552,0.752303544312325,1.0776362479119743,1.4959847502839607,settle,189.6639796325075
train,2026-05-06T15:50:00+08:00,25367630341_attempt1::btc-updown-5m-1778053800,buy_down,4.0,0.56,0.6452349893973667,0.07523498939736663,4,0.01,2026-05-06T07:50:08+00:00,0.57,80.42,0.009999999999999898,partial_fill,1.8966397963250752,0.7521139994535918,1.3975240604500556,1.9363399911361274,settle,191.06150369295756
train,2026-05-06T15:55:01+08:00,25367630341_attempt1::btc-updown-5m-1778054100,buy_down,4.0,0.49,0.6158159601672669,0.11581596016726693,4,0.01,2026-05-06T07:55:09+00:00,0.49,444.58,0.0,partial_fill,1.9106150369295756,0.7518825085334768,-1.9496071805403832,-2.592967861884473,settle,189.11189651241716
train,2026-05-06T16:00:01+08:00,25367630341_attempt1::btc-updown-5m-1778054400,buy_up,45.0,0.51,0.5416885417151299,0.021688541715129912,4,0.01,2026-05-06T08:00:50+00:00,0.51,98.64,0.0,partial_fill,1.8911189651241715,0.7518825085334767,1.7798766730580438,2.3672271303792365,settle,190.89177318547522
train,2026-05-06T16:05:02+08:00,25367630341_attempt1::btc-updown-5m-1778054700,buy_up,4.0,0.52,0.6231166699669627,0.09311666996696268,4,0.01,2026-05-06T08:05:11+00:00,0.52,443.19,0.0,partial_fill,1.908917731854752,0.7518825085334768,1.7253679499456411,2.2947307995113717,settle,192.61714113542087
train,2026-05-06T16:10:01+08:00,25367630341_attempt1::btc-updown-5m-1778055000,buy_up,4.0,0.53,0.5782184206521881,0.03821842065218806,4,0.01,2026-05-06T08:10:09+00:00,0.53,2.85,0.0,partial_fill,1.5105000000000002,0.5896248498161136,1.311,2.223447672547827,settle,193.92814113542087
train,2026-05-06T16:15:01+08:00,25367630341_attempt1::btc-updown-5m-1778055300,buy_down,4.0,0.56,0.6375938430280518,0.06759384302805173,4,0.01,2026-05-06T08:15:09+00:00,0.51,176.81,-0.050000000000000044,partial_fill,1.9392814113542087,0.7504863520985725,1.8252060342157257,1.9841681058616045,settle,195.7533471696366
train,2026-05-06T16:25:01+08:00,25367630341_attempt1::btc-updown-5m-1778055900,buy_down,25.0,0.61,0.6413022592982991,0.021302259298299105,4,0.01,2026-05-06T08:25:30+00:00,0.6,98.46,-0.010000000000000009,partial_fill,1.9575334716963662,0.7517771782975725,-1.9901590295579723,-2.6465610313586594,settle,193.76318814007863
train,2026-05-06T16:30:01+08:00,25367630341_attempt1::btc-updown-5m-1778056200,buy_up,4.0,0.6,0.6752410263853565,0.06524102638535657,4,0.01,2026-05-06T08:30:09+00:00,0.67,52.19,0.07000000000000006,price_moved,0.0,0.0,0.0,1.675315819318279,,193.76318814007863
train,2026-05-06T16:40:00+08:00,25367630341_attempt1::btc-updown-5m-1778056800,buy_up,4.0,0.48,0.5145955673323579,0.02459556733235791,4,0.01,2026-05-06T08:40:08+00:00,0.48,148.0,0.0,partial_fill,1.9376318814007862,0.7469201223746714,2.058733873988335,2.7562972429274435,settle,195.82192201406696
train,2026-05-06T16:45:00+08:00,25367630341_attempt1::btc-updown-5m-1778057100,buy_down,8.0,0.48,0.5740189276723159,0.0840189276723159,4,0.01,2026-05-06T08:45:12+00:00,0.48,711.4,0.0,partial_fill,1.9582192201406696,0.7469201223746714,2.0806079213994617,2.7855829011335476,settle,197.90252993546642
train,2026-05-06T16:50:01+08:00,25367630341_attempt1::btc-updown-5m-1778057400,buy_up,12.0,0.5,0.8910831529426232,0.3810831529426232,4,0.01,2026-05-06T08:50:17+00:00,0.69,18.38,0.18999999999999995,price_moved,0.0,0.0,0.0,2.5965892941825213,,197.90252993546642
train,2026-05-06T16:55:00+08:00,25367630341_attempt1::btc-updown-5m-1778057700,buy_up,4.0,0.51,0.586245374874008,0.06624537487400796,4,0.01,2026-05-06T08:55:08+00:00,0.49,72.99,-0.020000000000000018,partial_fill,1.9790252993546642,0.7396713432112016,2.0194135707700656,2.5181616991745597,settle,199.9219435062365
train,2026-05-06T17:00:00+08:00,25367630341_attempt1::btc-updown-5m-1778058000,buy_down,8.0,0.59,0.8477226747288529,0.2477226747288529,4,0.01,2026-05-06T09:00:12+00:00,0.59,292.85,0.0,partial_fill,1.9992194350623649,0.7402519329625449,1.3554030068219425,1.831002320247265,settle,201.27734651305843
train,2026-05-06T17:05:01+08:00,25367630341_attempt1::btc-updown-5m-1778058300,buy_up,4.0,0.44,0.6858210322583828,0.23582103225838275,4,0.01,2026-05-06T09:05:09+00:00,0.34,461.38,-0.09999999999999998,partial_fill,2.0127734651305844,0.7402519329625449,3.8479492715731753,3.3987980569589857,settle,205.12529578463162
train,2026-05-06T17:15:02+08:00,25367630341_attempt1::btc-updown-5m-1778058900,buy_up,8.0,0.51,0.6268557078964471,0.10685570789644706,4,0.01,2026-05-06T09:15:14+00:00,0.51,347.12,0.0,partial_fill,2.0512529578463163,0.7450901808904047,1.9305910191494742,2.5910836951875558,settle,207.05588680378108
train,2026-05-06T17:20:00+08:00,25367630341_attempt1::btc-updown-5m-1778059200,buy_down,4.0,0.57,0.7181378231601896,0.13813782316018963,4,0.01,2026-05-06T09:20:08+00:00,0.59,65.75,0.020000000000000018,price_moved,0.0,0.0,0.0,2.0476379833284817,,207.05588680378108
train,2026-05-06T17:25:00+08:00,25367630341_attempt1::btc-updown-5m-1778059500,buy_down,186.0,0.28,0.31864461390016574,0.028644613900165712,4,0.01,2026-05-06T09:28:10+00:00,0.28,270.67,0.0,partial_fill,2.059387476823169,0.7396402004659192,-2.1329370295668535,-2.8837494611883723,settle,204.92294977421423
train,2026-05-06T17:30:02+08:00,25367630341_attempt1::btc-updown-5m-1778059800,buy_up,4.0,0.45,0.49559751578523753,0.03559751578523752,4,0.01,2026-05-06T09:30:10+00:00,0.44,193.05,-0.010000000000000009,partial_fill,2.049229497742142,0.7396402004659189,2.561536872177678,3.3246913779720653,settle,207.4844866463919
train,2026-05-06T17:35:01+08:00,25367630341_attempt1::btc-updown-5m-1778060100,buy_up,4.0,0.53,0.5653285800723327,0.025328580072332636,4,0.01,2026-05-06T09:35:09+00:00,0.53,442.93,0.0,partial_fill,2.074844866463919,0.7400056353475721,1.800808752025288,2.433506808606219,settle,209.2852953984172
train,2026-05-06T17:40:01+08:00,25367630341_attempt1::btc-updown-5m-1778060400,buy_up,4.0,0.47,0.5111382702997302,0.03113827029973027,4,0.01,2026-05-06T09:40:09+00:00,0.48,751.32,0.010000000000000009,partial_fill,2.092852953984172,0.7400056353475721,2.223656263608183,3.129026016364756,settle,211.50895166202537
train,2026-05-06T17:45:02+08:00,25367630341_attempt1::btc-updown-5m-1778060700,buy_down,4.0,0.6,0.9273101288257317,0.31731012882573173,4,0.01,2026-05-06T09:45:10+00:00,0.64,154.2,0.040000000000000036,price_moved,0.0,0.0,0.0,1.8586414537206655,,211.50895166202537
train,2026-05-06T17:50:01+08:00,25367630341_attempt1::btc-updown-5m-1778061000,buy_down,48.0,0.58,0.6308322598289788,0.040832259828978874,4,0.01,2026-05-06T09:50:53+00:00,0.72,5.02,0.14,price_moved,0.0,0.0,0.0,-2.9276560946159447,,211.50895166202537
train,2026-05-06T17:55:01+08:00,25367630341_attempt1::btc-updown-5m-1778061300,buy_down,238.0,0.28,0.31315713654048677,0.02315713654048674,4,0.01,2026-05-06T09:59:03+00:00,0.25,189.45,-0.030000000000000027,partial_fill,1.700674192073865,0.7424601652760783,-1.7687011597568196,-2.3724000807794647,settle,209.74025050226854
train,2026-05-06T18:00:02+08:00,25367630341_attempt1::btc-updown-5m-1778061600,buy_up,72.0,0.5,0.5494545058825903,0.03945450588259026,4,0.01,2026-05-06T10:01:18+00:00,0.56,440.58,0.06000000000000005,price_moved,0.0,0.0,0.0,2.7685335582602826,,209.74025050226854
train,2026-05-06T18:05:02+08:00,25367630341_attempt1::btc-updown-5m-1778061900,buy_down,4.0,0.6,0.6429318086619294,0.03293180866192947,4,0.01,2026-05-06T10:05:11+00:00,0.64,5.0,0.040000000000000036,price_moved,0.0,0.0,0.0,1.8542677261584717,,209.74025050226854
train,2026-05-06T18:10:02+08:00,25367630341_attempt1::btc-updown-5m-1778062200,buy_up,13.0,0.58,0.610075112286545,0.020075112286545023,4,0.01,2026-05-06T10:10:19+00:00,0.7,51.79,0.12,price_moved,0.0,0.0,0.0,2.029685387838689,,209.74025050226854
train,2026-05-06T18:15:00+08:00,25367630341_attempt1::btc-updown-5m-1778062500,buy_up,4.0,0.57,0.6750526116607274,0.09505261166072744,4,0.01,2026-05-06T10:15:08+00:00,0.58,32.67,0.010000000000000009,partial_fill,2.097402505022685,0.7253534945494815,1.4826465983781052,2.1306225019912826,settle,211.22289710064663
train,2026-05-06T18:20:01+08:00,25367630341_attempt1::btc-updown-5m-1778062800,buy_down,28.0,0.57,0.6024747468680651,0.022474746868065172,4,0.01,2026-05-06T10:20:33+00:00,0.56,409.38,-0.009999999999999898,partial_fill,2.1122289710064663,0.7251378722264883,-2.149947345488725,-2.9639682354768957,settle,209.0729497551579
train,2026-05-06T18:25:01+08:00,25367630341_attempt1::btc-updown-5m-1778063100,buy_up,4.0,0.49,0.5625777275632162,0.06257772756321624,4,0.01,2026-05-06T10:25:09+00:00,0.55,5.0,0.06000000000000005,price_moved,0.0,0.0,0.0,2.9420669923576086,,209.0729497551579
train,2026-05-06T18:30:01+08:00,25367630341_attempt1::btc-updown-5m-1778063400,buy_up,4.0,0.49,0.5399932231966473,0.03999322319664734,4,0.01,2026-05-06T10:30:09+00:00,0.44,15.0,-0.04999999999999999,partial_fill,2.090729497551579,0.7178109753484948,2.613411871939474,2.972088084116359,settle,211.68636162709737
train,2026-05-06T18:35:02+08:00,25367630341_attempt1::btc-updown-5m-1778063700,buy_up,4.0,0.47,0.566169353594003,0.08616935359400303,4,0.01,2026-05-06T10:35:10+00:00,0.55,321.92,0.08000000000000007,price_moved,0.0,0.0,0.0,3.2553849908576638,,211.68636162709737
train,2026-05-06T18:40:01+08:00,25367630341_attempt1::btc-updown-5m-1778064000,buy_down,213.0,0.22,0.2682762605373656,0.03827626053736558,4,0.01,2026-05-06T10:43:38+00:00,0.17,33.02,-0.04999999999999999,partial_fill,2.1168636162709737,0.7115696781282643,-2.241385005463384,-3.110144737419398,settle,209.444976621634
train,2026-05-06T18:45:00+08:00,25367630341_attempt1::btc-updown-5m-1778064300,buy_up,8.0,0.45,0.5035227869408306,0.04352278694083062,4,0.01,2026-05-06T10:45:12+00:00,0.33,80.75,-0.12,partial_fill,2.09444976621634,0.7114735434477639,-2.1579179409501688,-3.009237819272013,settle,207.28705868068383
train,2026-05-06T18:50:02+08:00,25367630341_attempt1::btc-updown-5m-1778064600,buy_down,165.0,0.13,0.16734876931698695,0.02734876931698694,4,0.01,2026-05-06T10:52:51+00:00,0.14,69.49,0.010000000000000009,partial_fill,1.6290361926019417,0.7114154568621862,-1.7453959206449376,-2.4659945915341357,settle,205.5416627600389
train,2026-05-06T18:55:01+08:00,25367630341_attempt1::btc-updown-5m-1778064900,buy_down,8.0,0.59,0.731621654787444,0.13162165478744403,4,0.01,2026-05-06T10:55:13+00:00,0.58,161.33,-0.010000000000000009,partial_fill,2.055416627600389,0.711446438308578,1.4529669264071718,1.9586896825095028,settle,206.99462968644607
train,2026-05-06T19:00:00+08:00,25367630341_attempt1::btc-updown-5m-1778065200,buy_up,4.0,0.42,0.5818238169128834,0.15182381691288344,4,0.01,2026-05-06T11:00:08+00:00,0.41,35.02,-0.010000000000000009,partial_fill,2.069946296864461,0.7116508769402758,2.9282167126375307,3.9474592422861163,settle,209.9228463990836
train,2026-05-06T19:05:02+08:00,25367630341_attempt1::btc-updown-5m-1778065500,buy_up,4.0,0.5,0.640537783180148,0.13053778318014797,4,0.01,2026-05-06T11:05:11+00:00,0.67,25.0,0.17000000000000004,price_moved,0.0,0.0,0.0,2.8891661955304833,,209.9228463990836
train,2026-05-06T19:10:02+08:00,25367630341_attempt1::btc-updown-5m-1778065800,buy_down,4.0,0.48,0.5535129998469811,0.06351299984698112,4,0.01,2026-05-06T11:10:11+00:00,0.49,12.0,0.010000000000000009,partial_fill,2.099228463990836,0.705144123563354,2.142069861215139,3.1630842099613266,settle,212.06491626029873
train,2026-05-06T19:15:01+08:00,25367630341_attempt1::btc-updown-5m-1778066100,buy_up,141.0,0.83,0.8746954238649385,0.03469542386493852,4,0.01,2026-05-06T11:17:26+00:00,0.94,43.79,0.10999999999999999,price_moved,0.0,0.0,0.0,0.5799809686755454,,212.06491626029873
train,2026-05-06T19:20:02+08:00,25367630341_attempt1::btc-updown-5m-1778066400,buy_up,4.0,0.48,0.8489598081937952,0.35895980819379525,4,0.01,2026-05-06T11:20:10+00:00,0.49,448.85,0.010000000000000009,partial_fill,2.1206491626029873,0.7034943022869665,2.163927716941824,3.2028542774843434,settle,214.22884397724056
train,2026-05-06T19:30:01+08:00,25367630341_attempt1::btc-updown-5m-1778067000,buy_up,9.0,0.53,0.6143292447376468,0.07432924473764681,4,0.01,2026-05-06T11:30:14+00:00,0.55,70.0,0.020000000000000018,price_moved,0.0,0.0,0.0,2.644114393649727,,214.22884397724056
train,2026-05-06T19:35:01+08:00,25367630341_attempt1::btc-updown-5m-1778067300,buy_up,4.0,0.49,0.6608864891826111,0.16088648918261106,4,0.01,2026-05-06T11:35:10+00:00,0.55,383.9,0.06000000000000005,price_moved,0.0,0.0,0.0,3.1356334402066195,,214.22884397724056
train,2026-05-06T19:45:00+08:00,25367630341_attempt1::btc-updown-5m-1778067900,buy_up,5.0,0.48,0.5239186345093134,0.033918634509313435,4,0.01,2026-05-06T11:45:09+00:00,0.5,32.56,0.020000000000000018,price_moved,0.0,0.0,0.0,3.298294424917338,,214.22884397724056
train,2026-05-06T19:50:01+08:00,25367630341_attempt1::btc-updown-5m-1778068200,buy_up,4.0,0.52,0.569127899928802,0.03912789992880195,4,0.01,2026-05-06T11:50:10+00:00,0.6,628.39,0.07999999999999996,price_moved,0.0,0.0,0.0,2.8356004298562523,,214.22884397724056
train,2026-05-06T19:55:02+08:00,25367630341_attempt1::btc-updown-5m-1778068500,buy_down,9.0,0.47,0.51255230894874,0.03255230894874007,4,0.01,2026-05-06T11:55:15+00:00,0.47,150.86,0.0,partial_fill,2.142288439772406,0.6767366613607649,2.370191465280109,3.5023837197089156,settle,216.59903544252066
train,2026-05-06T20:00:00+08:00,25367630341_attempt1::btc-updown-5m-1778068800,buy_down,13.0,0.5,0.6498573277963305,0.13985732779633053,4,0.01,2026-05-06T12:00:18+00:00,0.55,147.87,0.050000000000000044,price_moved,0.0,0.0,0.0,3.1366270937183907,,216.59903544252066
train,2026-05-06T20:05:01+08:00,25367630341_attempt1::btc-updown-5m-1778069100,buy_down,5.0,0.43,0.5069125857998145,0.06691258579981448,4,0.01,2026-05-06T12:05:10+00:00,0.43,245.8,0.0,partial_fill,2.165990354425207,0.6701690051106802,2.8208246476235255,4.209124304633662,settle,219.4198600901442
train,2026-05-06T20:15:02+08:00,25367630341_attempt1::btc-updown-5m-1778069700,buy_up,4.0,0.59,0.8743246737614019,0.2743246737614019,4,0.01,2026-05-06T12:15:10+00:00,0.77,15.0,0.18000000000000005,price_moved,0.0,0.0,0.0,2.219727054598576,,219.4198600901442
train,2026-05-06T20:20:01+08:00,25367630341_attempt1::btc-updown-5m-1778070000,buy_up,4.0,0.57,0.8379894056715304,0.2579894056715304,4,0.01,2026-05-06T12:20:09+00:00,0.58,123.69,0.010000000000000009,partial_fill,2.194198600901442,0.6656560825173422,1.5510714247751576,2.4288487086897055,settle,220.97093151491936
train,2026-05-06T20:35:02+08:00,25367630341_attempt1::btc-updown-5m-1778070900,buy_down,4.0,0.48,0.5468511975301661,0.056851197530166105,4,0.01,2026-05-06T12:35:11+00:00,0.48,274.52,0.0,partial_fill,2.2097093151491936,0.6654582061551194,2.347816147346018,3.528119610863644,settle,223.31874766226537
train,2026-05-06T20:40:01+08:00,25367630341_attempt1::btc-updown-5m-1778071200,buy_down,5.0,0.55,0.6740250693463109,0.11402506934631086,4,0.01,2026-05-06T12:40:10+00:00,0.55,104.64,0.0,partial_fill,2.233187476622654,0.6654582061551194,1.786549981298123,2.6846914874195345,settle,225.1052976435635
train,2026-05-06T20:45:00+08:00,25367630341_attempt1::btc-updown-5m-1778071500,buy_down,13.0,0.5,0.5706024133461994,0.06060241334619943,4,0.01,2026-05-06T12:45:18+00:00,0.52,24.06,0.020000000000000018,price_moved,0.0,0.0,0.0,-3.4503654996315865,,225.1052976435635
train,2026-05-06T20:50:02+08:00,25367630341_attempt1::btc-updown-5m-1778071800,buy_down,186.0,0.19,0.2465433337579307,0.04654333375793069,4,0.01,2026-05-06T12:53:12+00:00,0.19,294.38,0.0,partial_fill,2.251052976435635,0.6723158275966048,9.478117795518463,14.097716291167572,settle,234.58341543908196
train,2026-05-06T20:55:02+08:00,25367630341_attempt1::btc-updown-5m-1778072100,buy_down,4.0,0.51,0.5783678913022454,0.05836789130224541,4,0.01,2026-05-06T12:55:11+00:00,0.46,532.66,-0.04999999999999999,partial_fill,2.3458341543908197,0.6723158275966048,2.7028089170155094,3.283938618413152,settle,237.28622435609748
train,2026-05-06T21:00:00+08:00,25367630341_attempt1::btc-updown-5m-1778072400,buy_down,5.0,0.59,0.9099987625686873,0.3099987625686873,4,0.01,2026-05-06T13:00:09+00:00,0.64,1.3,0.050000000000000044,price_moved,0.0,0.0,0.0,2.3878129954224447,,237.28622435609748
train,2026-05-06T21:05:02+08:00,25367630341_attempt1::btc-updown-5m-1778072700,buy_down,13.0,0.44,0.5348019644373264,0.08480196443732642,4,0.01,2026-05-06T13:05:20+00:00,0.41,284.5,-0.030000000000000027,partial_fill,2.372862243560975,0.6691843271496645,3.3567319543057703,4.432377872752912,settle,240.64295631040324
train,2026-05-06T21:10:01+08:00,25367630341_attempt1::btc-updown-5m-1778073000,buy_up,4.0,0.52,0.8223744360540703,0.2923744360540703,4,0.01,2026-05-06T13:10:09+00:00,0.55,77.22,0.030000000000000027,price_moved,0.0,0.0,0.0,3.2450120310712185,,240.64295631040324
train,2026-05-06T21:20:01+08:00,25367630341_attempt1::btc-updown-5m-1778073600,buy_up,5.0,0.51,0.6576712784999107,0.13767127849991068,4,0.01,2026-05-06T13:20:14+00:00,0.41,112.8,-0.10000000000000003,partial_fill,2.4064295631040324,0.6642684667586449,-2.4651229670821797,-3.693709063853132,settle,238.17783334332105
train,2026-05-06T21:25:00+08:00,25367630341_attempt1::btc-updown-5m-1778073900,buy_down,9.0,0.57,0.8304891226378838,0.2504891226378838,4,0.01,2026-05-06T13:25:14+00:00,0.56,467.54,-0.009999999999999898,partial_fill,2.3817783334332105,0.6642363715329694,1.8288655060290722,2.642123552233082,settle,240.00669884935013
train,2026-05-06T21:30:00+08:00,25367630341_attempt1::btc-updown-5m-1778074200,buy_up,5.0,0.51,0.7550844498595325,0.23508444985953247,4,0.01,2026-05-06T13:30:09+00:00,0.51,39.54,0.0,partial_fill,2.4000669884935015,0.6644408778049932,2.258886577405648,3.3996803219994076,settle,242.2655854267558
train,2026-05-06T21:35:01+08:00,25367630341_attempt1::btc-updown-5m-1778074500,buy_down,8.0,0.49,0.7133792639337202,0.2133792639337202,4,0.01,2026-05-06T13:35:14+00:00,0.5,3.76,0.010000000000000009,partial_fill,1.88,0.5156113477995588,1.8423999999999998,3.7205685156575155,settle,244.1079854267558
train,2026-05-06T21:40:01+08:00,25367630341_attempt1::btc-updown-5m-1778074800,buy_up,5.0,0.52,0.6000504104068933,0.07005041040689332,4,0.01,2026-05-06T13:40:10+00:00,0.52,109.36,0.0,partial_fill,2.441079854267558,0.6627313046799598,2.206360637511062,3.329193327568157,settle,246.31434606426686
train,2026-05-06T21:45:01+08:00,25367630341_attempt1::btc-updown-5m-1778075100,buy_down,27.0,0.55,0.9500911389159575,0.3900911389159575,4,0.01,2026-05-06T13:45:32+00:00,0.61,17.22,0.05999999999999994,price_moved,0.0,0.0,0.0,2.9733238110212965,,246.31434606426686
train,2026-05-06T21:50:02+08:00,25367630341_attempt1::btc-updown-5m-1778075400,buy_down,5.0,0.49,0.6922726349889943,0.19227263498899427,4,0.01,2026-05-06T13:50:11+00:00,0.6,69.58,0.10999999999999999,price_moved,0.0,0.0,0.0,-3.822844899884526,,246.31434606426686
train,2026-05-06T21:55:01+08:00,25367630341_attempt1::btc-updown-5m-1778075700,buy_down,4.0,0.53,0.5643726203553562,0.024372620355356152,4,0.01,2026-05-06T13:55:09+00:00,0.48,53.85,-0.050000000000000044,partial_fill,2.4631434606426685,0.6642495894558589,2.6170899269328354,3.2184026308084435,settle,248.9314359911997
train,2026-05-06T22:00:01+08:00,25367630341_attempt1::btc-updown-5m-1778076000,buy_down,4.0,0.52,0.6457835398329725,0.11578353983297253,4,0.01,2026-05-06T14:00:10+00:00,0.45,104.03,-0.07,partial_fill,2.489314359911997,0.6655309351145314,2.9871772318943965,3.3806951581195284,settle,251.9186132230941
train,2026-05-06T22:05:02+08:00,25367630341_attempt1::btc-updown-5m-1778076300,buy_down,4.0,0.48,0.8008264391143176,0.3108264391143176,4,0.01,2026-05-06T14:05:11+00:00,0.49,124.45,0.010000000000000009,partial_fill,2.5191861322309412,0.667484275385308,-2.570598094113205,-3.8527786668351296,settle,249.3480151289809
train,2026-05-06T22:10:02+08:00,25367630341_attempt1::btc-updown-5m-1778076600,buy_down,4.0,0.5,0.8170953952038214,0.30709539520382134,4,0.01,2026-05-06T14:10:10+00:00,0.55,72.21,0.050000000000000044,price_moved,0.0,0.0,0.0,-3.8103351989910967,,249.3480151289809
train,2026-05-06T22:15:00+08:00,25367630341_attempt1::btc-updown-5m-1778076900,buy_down,5.0,0.44,0.5412070058440599,0.0912070058440599,4,0.01,2026-05-06T14:15:09+00:00,0.56,159.92,0.12000000000000005,price_moved,0.0,0.0,0.0,4.6218992401487595,,249.3480151289809
train,2026-05-06T22:20:01+08:00,25367630341_attempt1::btc-updown-5m-1778077200,buy_up,4.0,0.51,0.7160689210479764,0.19606892104797635,4,0.01,2026-05-06T14:20:09+00:00,0.48,37.5,-0.030000000000000027,partial_fill,2.493480151289809,0.666040170328082,2.649322660745422,3.523518479548701,settle,251.99733778972632
train,2026-05-06T22:25:01+08:00,25367630341_attempt1::btc-updown-5m-1778077500,buy_up,5.0,0.51,0.7681658829818582,0.24816588298185815,4,0.01,2026-05-06T14:25:10+00:00,0.51,106.97,0.0,partial_fill,2.519973377897263,0.6668406993789571,2.3717396497856593,3.5566810064150416,settle,254.36907743951198
train,2026-05-06T22:35:02+08:00,25367630341_attempt1::btc-updown-5m-1778078100,buy_up,4.0,0.63,0.6915413711360006,0.051541371136000554,4,0.01,2026-05-06T14:35:10+00:00,0.62,24.5,-0.010000000000000009,partial_fill,2.54369077439512,0.6668406993789571,1.51800901052612,2.17973735964579,settle,255.8870864500381
train,2026-05-06T22:40:01+08:00,25367630341_attempt1::btc-updown-5m-1778078400,buy_down,84.0,0.48,0.5154529576844188,0.025452957684418805,4,0.01,2026-05-06T14:41:29+00:00,0.49,553.44,0.010000000000000009,partial_fill,2.5588708645003813,0.6670087539906958,-2.61109271887794,-3.9162614561636024,settle,253.27599373116018
train,2026-05-06T22:45:02+08:00,25367630341_attempt1::btc-updown-5m-1778078700,buy_up,39.0,0.67,0.7037420465074921,0.023742046507492016,4,0.01,2026-05-06T14:45:46+00:00,0.74,702.91,0.06999999999999995,price_moved,0.0,0.0,0.0,-3.853849394212192,,253.27599373116018
train,2026-05-06T22:50:01+08:00,25367630341_attempt1::btc-updown-5m-1778079000,buy_down,4.0,0.48,0.6435271796017337,0.15352717960173368,4,0.01,2026-05-06T14:50:09+00:00,0.48,285.75,0.0,partial_fill,2.532759937311602,0.6738507009013729,2.6910574333935773,3.9935514347523844,settle,255.96705116455377
train,2026-05-06T23:00:00+08:00,25367630341_attempt1::btc-updown-5m-1778079600,buy_up,14.0,0.59,0.645765183937108,0.04576518393710805,4,0.01,2026-05-06T15:00:18+00:00,0.55,172.0,-0.039999999999999925,partial_fill,2.5596705116455376,0.6738507009013728,2.0477364093164296,2.5753031585222756,settle,258.0147875738702
train,2026-05-06T23:05:01+08:00,25367630341_attempt1::btc-updown-5m-1778079900,buy_down,5.0,0.53,0.6756006346585848,0.13560063465858474,4,0.01,2026-05-06T15:05:10+00:00,0.53,246.37,0.0,partial_fill,2.580147875738702,0.6746674896297382,2.239373627999628,3.3192256369557844,settle,260.2541612018698
train,2026-05-06T23:10:01+08:00,25367630341_attempt1::btc-updown-5m-1778080200,buy_down,5.0,0.55,0.6868475065160199,0.12684750651601984,4,0.01,2026-05-06T15:10:10+00:00,0.58,20.0,0.029999999999999916,price_moved,0.0,0.0,0.0,3.086013957420108,,260.2541612018698
train,2026-05-06T23:15:02+08:00,25367630341_attempt1::btc-updown-5m-1778080500,buy_up,4.0,0.6,0.9190279356357145,0.3090279356357145,4,0.01,2026-05-06T15:15:11+00:00,0.6,433.88,0.0,partial_fill,2.602541612018698,0.6693129857437878,1.691652047812154,2.5274454311270693,settle,261.945813249682
train,2026-05-06T23:20:00+08:00,25367630341_attempt1::btc-updown-5m-1778080800,buy_up,9.0,0.54,0.7840069461896976,0.23400694618969753,4,0.01,2026-05-06T15:20:14+00:00,0.53,765.72,-0.010000000000000009,partial_fill,2.61945813249682,0.669312985743788,2.273491964053844,3.2613767005505063,settle,264.2193052137358
train,2026-05-06T23:30:00+08:00,25367630341_attempt1::btc-updown-5m-1778081400,buy_up,18.0,0.55,0.5901947503475162,0.030194750347516182,4,0.01,2026-05-06T15:30:23+00:00,0.63,48.65,0.07999999999999996,price_moved,0.0,0.0,0.0,3.15701264613289,,264.2193052137358
train,2026-05-06T23:35:01+08:00,25367630341_attempt1::btc-updown-5m-1778081700,buy_down,8.0,0.56,0.6833396231745265,0.11333962317452641,4,0.01,2026-05-06T15:35:14+00:00,0.64,57.63,0.07999999999999996,price_moved,0.0,0.0,0.0,3.054409735133571,,264.2193052137358
train,2026-05-06T23:40:01+08:00,25367630341_attempt1::btc-updown-5m-1778082000,buy_up,5.0,0.5,0.5701780546208541,0.060178054620854134,4,0.01,2026-05-06T15:40:10+00:00,0.45,115.92,-0.04999999999999999,partial_fill,2.6421930521373582,0.6591673023484743,3.17063166256483,3.928212430849202,settle,267.3899368763007
train,2026-05-06T23:45:01+08:00,25367630341_attempt1::btc-updown-5m-1778082300,buy_up,9.0,0.64,0.901363356493211,0.25136335649321095,4,0.01,2026-05-06T15:45:15+00:00,0.64,294.43,0.0,partial_fill,2.673899368763007,0.6606033966891027,1.4622887172922692,2.213565241446163,settle,268.85222559359295
train,2026-05-06T23:50:01+08:00,25367630341_attempt1::btc-updown-5m-1778082600,buy_up,5.0,0.47,0.615965623272895,0.13596562327289496,4,0.01,2026-05-06T15:50:10+00:00,0.47,574.36,0.0,partial_fill,2.6885222559359296,0.6606033966891028,2.974535261886561,4.502755021840215,settle,271.8267608554795
train,2026-05-06T23:55:01+08:00,25367630341_attempt1::btc-updown-5m-1778082900,buy_down,4.0,0.53,0.5689281220957189,0.02892812209571883,4,0.01,2026-05-06T15:55:10+00:00,0.53,981.99,0.0,partial_fill,2.718267608554795,0.6606033966891028,2.359251131953218,3.571357858251436,settle,274.1860119874327
train,2026-05-07T00:00:02+08:00,25367630341_attempt1::btc-updown-5m-1778083200,buy_up,92.0,0.38,0.41207101397118656,0.022071013971186555,4,0.01,2026-05-06T16:01:39+00:00,0.47,69.43,0.08999999999999997,price_moved,0.0,0.0,0.0,5.9295445403850735,,274.1860119874327
train,2026-05-07T00:10:01+08:00,25367630341_attempt1::btc-updown-5m-1778083800,buy_up,23.0,0.56,0.5919294842091433,0.02192948420914321,4,0.01,2026-05-06T16:10:28+00:00,0.51,271.54,-0.050000000000000044,partial_fill,2.7418601198743273,0.65129880912488,-2.795622083009118,-4.285009996378043,settle,271.3903899044236
train,2026-05-07T00:15:01+08:00,25367630341_attempt1::btc-updown-5m-1778084100,buy_up,6.0,0.49,0.5654645668153861,0.06546456681538616,4,0.01,2026-05-06T16:15:12+00:00,0.52,197.59,0.030000000000000027,price_moved,0.0,0.0,0.0,-4.252024778002773,,271.3903899044236
train,2026-05-07T00:20:01+08:00,25367630341_attempt1::btc-updown-5m-1778084400,buy_down,15.0,0.45,0.7670998961162736,0.3070998961162736,4,0.01,2026-05-06T16:20:22+00:00,0.49,338.7,0.03999999999999998,price_moved,0.0,0.0,0.0,4.949356841595228,,271.3903899044236
train,2026-05-07T00:30:00+08:00,25367630341_attempt1::btc-updown-5m-1778085000,buy_down,5.0,0.47,0.510715323225412,0.030715323225412046,4,0.01,2026-05-06T16:30:11+00:00,0.36,159.12,-0.10999999999999999,partial_fill,2.713903899044236,0.6501992011232949,-2.7892901184621315,-4.262765211654784,settle,268.6010997859615
train,2026-05-07T00:35:02+08:00,25367630341_attempt1::btc-updown-5m-1778085300,buy_up,87.0,0.31,0.34650291870534705,0.026502918705347052,4,0.01,2026-05-06T16:36:34+00:00,0.35,48.7,0.03999999999999998,price_moved,0.0,0.0,0.0,8.702052974288616,,268.6010997859615
train,2026-05-07T00:40:02+08:00,25367630341_attempt1::btc-updown-5m-1778085600,buy_up,10.0,0.43,0.525380454782924,0.08538045478292396,4,0.01,2026-05-06T16:40:17+00:00,0.4,276.63,-0.02999999999999997,partial_fill,2.686010997859615,0.6367443886290649,3.9618662218429317,5.493665742313463,settle,272.5629660078044
train,2026-05-07T00:45:00+08:00,25367630341_attempt1::btc-updown-5m-1778085900,buy_down,5.0,0.51,0.5439603453031302,0.02396034530313019,4,0.01,2026-05-06T16:45:10+00:00,0.57,405.26,0.05999999999999994,price_moved,0.0,0.0,0.0,-4.357077082012982,,272.5629660078044
train,2026-05-07T00:50:02+08:00,25367630341_attempt1::btc-updown-5m-1778086200,buy_up,5.0,0.46,0.6646102687907074,0.19461026879070736,4,0.01,2026-05-06T16:50:12+00:00,0.51,47.93,0.04999999999999999,price_moved,0.0,0.0,0.0,-4.321666723119028,,272.5629660078044
train,2026-05-07T00:55:01+08:00,25367630341_attempt1::btc-updown-5m-1778086500,buy_up,15.0,0.39,0.49848911473199187,0.09848911473199186,4,0.01,2026-05-06T16:55:21+00:00,0.37,274.24,-0.020000000000000018,partial_fill,2.725629660078044,0.6510521570150946,-2.79929532656664,-4.29384584623261,settle,269.7636706812377
train,2026-05-07T01:00:02+08:00,25367630341_attempt1::btc-updown-5m-1778086800,buy_down,5.0,0.54,0.7309918735097966,0.1809918735097965,4,0.01,2026-05-06T17:00:12+00:00,0.54,409.32,0.0,partial_fill,2.697636706812377,0.6510430399144501,-2.7475929421237173,-4.2202938571999224,settle,267.016077739114
train,2026-05-07T01:05:01+08:00,25367630341_attempt1::btc-updown-5m-1778087100,buy_down,21.0,0.45,0.49466773592037433,0.03466773592037432,4,0.01,2026-05-06T17:05:27+00:00,0.53,376.13,0.08000000000000002,price_moved,0.0,0.0,0.0,-4.192499598665636,,267.016077739114
train,2026-05-07T01:10:00+08:00,25367630341_attempt1::btc-updown-5m-1778087400,buy_up,6.0,0.48,0.5143683272139649,0.024368327213964876,4,0.01,2026-05-06T17:10:11+00:00,0.54,21.85,0.06000000000000005,price_moved,0.0,0.0,0.0,4.313147888746801,,267.016077739114
train,2026-05-07T01:20:01+08:00,25367630341_attempt1::btc-updown-5m-1778088000,buy_up,10.0,0.54,0.6348203074607098,0.0848203074607098,4,0.01,2026-05-06T17:20:16+00:00,0.55,62.4,0.010000000000000009,partial_fill,2.67016077739114,0.6508515810743508,2.1361286219129116,3.4188039882860672,settle,269.1522063610269
train,2026-05-07T01:30:01+08:00,25367630341_attempt1::btc-updown-5m-1778088600,buy_up,10.0,0.62,0.7075968452175961,0.07759684521759615,4,0.01,2026-05-06T17:30:16+00:00,0.65,132.47,0.030000000000000027,price_moved,0.0,0.0,0.0,2.4687073315414074,,269.1522063610269
train,2026-05-07T01:35:01+08:00,25367630341_attempt1::btc-updown-5m-1778088900,buy_up,5.0,0.52,0.5948519415651946,0.0648519415651946,4,0.01,2026-05-06T17:35:11+00:00,0.5,79.0,-0.020000000000000018,partial_fill,2.691522063610269,0.6467766275239227,2.6376916223380635,3.7613014473010216,settle,271.789897983365
train,2026-05-07T01:45:00+08:00,25367630341_attempt1::btc-updown-5m-1778089500,buy_down,11.0,0.48,0.6776006070232927,0.18760060702329273,4,0.01,2026-05-06T17:45:16+00:00,0.48,1333.85,0.0,partial_fill,2.71789897983365,0.6472647608277146,2.8877676660732536,4.461493720715477,settle,274.67766564943827
train,2026-05-07T01:50:02+08:00,25367630341_attempt1::btc-updown-5m-1778089800,buy_up,224.0,0.1,0.17149704960449846,0.061497049604498456,4,0.01,2026-05-06T17:53:51+00:00,0.23,5.7,0.13,price_moved,0.0,0.0,0.0,13.21902535530966,,274.67766564943827
train,2026-05-07T01:55:02+08:00,25367630341_attempt1::btc-updown-5m-1778090100,buy_up,5.0,0.53,0.6299123182380639,0.0899123182380639,4,0.01,2026-05-06T17:55:12+00:00,0.53,196.34,0.0,partial_fill,2.7467766564943825,0.6277115461646845,-2.7986026311452203,-4.4584214648347205,settle,271.87906301829304
train,2026-05-07T02:00:01+08:00,25367630341_attempt1::btc-updown-5m-1778090400,buy_up,5.0,0.58,0.6676127491995245,0.07761274919952456,4,0.01,2026-05-06T18:00:11+00:00,0.6,236.88,0.020000000000000018,price_moved,0.0,0.0,0.0,-4.405951025756237,,271.87906301829304
train,2026-05-07T02:15:01+08:00,25367630341_attempt1::btc-updown-5m-1778091300,buy_up,5.0,0.54,0.6971488399150974,0.1471488399150973,4,0.01,2026-05-06T18:15:11+00:00,0.6,24.13,0.05999999999999994,price_moved,0.0,0.0,0.0,3.572678649557423,,271.87906301829304
train,2026-05-07T02:20:01+08:00,25367630341_attempt1::btc-updown-5m-1778091600,buy_up,26.0,0.48,0.532722247434077,0.04272224743407705,4,0.01,2026-05-06T18:20:32+00:00,0.49,10.0,0.010000000000000009,partial_fill,2.7187906301829305,0.6289214971484227,-2.7742761532478886,-4.4130024402554096,settle,269.1047868650451
train,2026-05-07T02:25:02+08:00,25367630341_attempt1::btc-updown-5m-1778091900,buy_up,4.0,0.43,0.5539208794925544,0.11392087949255443,4,0.01,2026-05-06T18:25:12+00:00,0.43,619.79,0.0,partial_fill,2.6910478686504513,0.6289241987128501,3.504620480102914,5.572405207615536,settle,272.60940734514804
train,2026-05-07T02:30:01+08:00,25367630341_attempt1::btc-updown-5m-1778092200,buy_up,77.0,0.7,0.7401290501398533,0.03012905013985335,4,0.01,2026-05-06T18:31:23+00:00,0.68,760.32,-0.019999999999999907,partial_fill,2.7260940734514807,0.6289241987128501,-2.7661836921787084,-4.396457124975771,settle,269.84322365296936
train,2026-05-07T02:35:02+08:00,25367630341_attempt1::btc-updown-5m-1778092500,buy_down,5.0,0.41,0.5660099699459483,0.14600996994594834,4,0.01,2026-05-06T18:35:12+00:00,0.4,227.87,-0.009999999999999953,partial_fill,2.6984322365296936,0.6289215290966644,3.980187548881297,6.069587709720073,settle,273.82341120185066
train,2026-05-07T02:45:01+08:00,25367630341_attempt1::btc-updown-5m-1778093100,buy_up,16.0,0.55,0.5823105500955857,0.022310550095585698,4,0.01,2026-05-06T18:45:22+00:00,0.55,286.04,0.0,partial_fill,2.7382341120185067,0.6292958871496983,-2.7880201867824796,-4.430380435839809,settle,271.03539101506817
train,2026-05-07T03:05:01+08:00,25367630341_attempt1::btc-updown-5m-1778094300,buy_up,5.0,0.47,0.5353434220043668,0.05534342200436682,4,0.01,2026-05-06T19:05:11+00:00,0.44,527.86,-0.02999999999999997,partial_fill,2.710353910150682,0.6292958871496983,-2.7719528626541066,-4.3986001992787696,settle,268.26343815241404
train,2026-05-07T03:10:02+08:00,25367630341_attempt1::btc-updown-5m-1778094600,buy_down,5.0,0.58,0.7489429675577078,0.15894296755770787,4,0.01,2026-05-06T19:10:12+00:00,0.62,271.75,0.040000000000000036,price_moved,0.0,0.0,0.0,3.0134835244570346,,268.26343815241404
train,2026-05-07T03:25:02+08:00,25367630341_attempt1::btc-updown-5m-1778095500,buy_down,10.0,0.58,0.632595531539476,0.042595531539476046,4,0.01,2026-05-06T19:25:18+00:00,0.67,272.59,0.09000000000000008,price_moved,0.0,0.0,0.0,-4.3671306926613065,,268.26343815241404
train,2026-05-07T03:35:01+08:00,25367630341_attempt1::btc-updown-5m-1778096100,buy_up,10.0,0.51,0.590199436143626,0.07019943614362602,4,0.01,2026-05-06T19:35:16+00:00,0.52,716.47,0.010000000000000009,partial_fill,2.6826343815241405,0.6312912387804617,2.42468876791605,3.9994731496021623,settle,270.6881269203301
train,2026-05-07T03:40:01+08:00,25367630341_attempt1::btc-updown-5m-1778096400,buy_down,6.0,0.67,0.7380730642042971,0.05807306420429704,4,0.01,2026-05-06T19:40:12+00:00,0.68,315.19,0.010000000000000009,partial_fill,2.706881269203301,0.6310577730856464,1.2340194021367987,2.048685350661884,settle,271.9221463224669
train,2026-05-07T03:45:01+08:00,25367630341_attempt1::btc-updown-5m-1778096700,buy_down,5.0,0.52,0.5803187072352576,0.05031870723525756,4,0.01,2026-05-06T19:45:11+00:00,0.52,56.65,0.0,partial_fill,2.7192214632246694,0.6309212986537508,2.457757860991528,3.8955062481419636,settle,274.37990418345845
train,2026-05-07T03:55:01+08:00,25367630341_attempt1::btc-updown-5m-1778097300,buy_up,10.0,0.48,0.5232185560748408,0.03321855607484082,4,0.01,2026-05-06T19:55:16+00:00,0.54,349.3,0.06000000000000005,price_moved,0.0,0.0,0.0,-4.439478470372532,,274.37990418345845
train,2026-05-07T04:00:02+08:00,25367630341_attempt1::btc-updown-5m-1778097600,buy_up,10.0,0.63,0.7643828286464135,0.12438282864641349,4,0.01,2026-05-06T20:00:17+00:00,0.64,461.69,0.010000000000000009,partial_fill,2.7437990418345843,0.637428380033257,1.5005151010032882,2.459704048132933,settle,275.88041928446177
train,2026-05-07T04:05:01+08:00,25367630341_attempt1::btc-updown-5m-1778097900,buy_down,10.0,0.67,0.7581755150423674,0.07817551504236732,4,0.01,2026-05-06T20:05:16+00:00,0.69,266.76,0.019999999999999907,price_moved,0.0,0.0,0.0,2.0676198804604,,275.88041928446177
train,2026-05-07T04:10:01+08:00,25367630341_attempt1::btc-updown-5m-1778098200,buy_up,5.0,0.47,0.5044776795240998,0.024477679524099856,4,0.01,2026-05-06T20:10:11+00:00,0.45,114.5,-0.019999999999999962,partial_fill,2.7588041928446176,0.6342435350163534,3.310565031413541,4.812495251552457,settle,279.1909843158753
train,2026-05-07T04:15:02+08:00,25367630341_attempt1::btc-updown-5m-1778098500,buy_up,5.0,0.47,0.5746457402336059,0.09464574023360596,4,0.01,2026-05-06T20:15:12+00:00,0.54,15.0,0.07000000000000006,price_moved,0.0,0.0,0.0,4.865739879867506,,279.1909843158753
train,2026-05-07T04:20:02+08:00,25367630341_attempt1::btc-updown-5m-1778098800,buy_down,5.0,0.55,0.6861051386330785,0.12610513863307848,4,0.01,2026-05-06T20:20:12+00:00,0.55,72.28,0.0,partial_fill,2.791909843158753,0.6278839958920973,2.233527874527002,3.5572301398662125,settle,281.4245121904023
train,2026-05-07T04:25:01+08:00,25367630341_attempt1::btc-updown-5m-1778099100,buy_up,5.0,0.52,0.6513126317281055,0.12131263172810548,4,0.01,2026-05-06T20:25:11+00:00,0.59,82.89,0.06999999999999995,price_moved,0.0,0.0,0.0,-4.5683043988512635,,281.4245121904023
train,2026-05-07T04:30:02+08:00,25367630341_attempt1::btc-updown-5m-1778099400,buy_down,5.0,0.58,0.8480999400643726,0.25809994006437265,4,0.01,2026-05-06T20:30:12+00:00,0.48,6.0,-0.09999999999999998,partial_fill,2.814245121904023,0.6343494809867702,2.990135442023025,3.1360949003786134,settle,284.41464763242533
train,2026-05-07T04:35:01+08:00,25367630341_attempt1::btc-updown-5m-1778099700,buy_up,11.0,0.51,0.5471624945410973,0.027162494541097322,4,0.01,2026-05-06T20:35:17+00:00,0.53,175.54,0.020000000000000018,price_moved,0.0,0.0,0.0,4.20497682940866,,284.41464763242533
train,2026-05-07T04:40:02+08:00,25367630341_attempt1::btc-updown-5m-1778100000,buy_down,5.0,0.47,0.5843915709505015,0.10439157095050157,4,0.01,2026-05-06T20:40:12+00:00,0.46,1.82,-0.009999999999999953,partial_fill,0.8372,0.18563861164386866,0.9646000000000001,4.9896076122578945,settle,285.37924763242535
train,2026-05-07T04:50:02+08:00,25367630341_attempt1::btc-updown-5m-1778100600,buy_down,5.0,0.48,0.5235048214393236,0.03350482143932366,4,0.01,2026-05-06T20:50:12+00:00,0.47,13.53,-0.010000000000000009,partial_fill,2.8537924763242537,0.625868230037725,-2.914511465182217,-4.6547281782813545,settle,282.46473616724313
train,2026-05-07T04:55:01+08:00,25367630341_attempt1::btc-updown-5m-1778100900,buy_up,5.0,0.51,0.6062386683327105,0.08623866833271045,4,0.01,2026-05-06T20:55:11+00:00,0.51,208.17,0.0,partial_fill,2.8246473616724312,0.6258654271866788,2.6584916345152294,4.247704888358169,settle,285.1232278017584
train,2026-05-07T05:00:02+08:00,25367630341_attempt1::btc-updown-5m-1778101200,buy_down,92.0,0.57,0.6009815010600633,0.020981501060063364,4,0.01,2026-05-06T21:01:39+00:00,0.56,764.89,-0.009999999999999898,partial_fill,2.851232278017584,0.6258654271866789,-2.902147140125041,-4.635587413689823,settle,282.2210806616333
train,2026-05-07T05:15:01+08:00,25367630341_attempt1::btc-updown-5m-1778102100,buy_up,4.0,0.51,0.6208243881239387,0.1008243881239387,4,0.01,2026-05-06T21:15:10+00:00,0.51,433.39,0.0,partial_fill,2.8222108066163334,0.6258634462989898,2.656198406227137,4.244054229296223,settle,284.87727906786046
train,2026-05-07T05:25:02+08:00,25367630341_attempt1::btc-updown-5m-1778102700,buy_up,4.0,0.51,0.5427253400423646,0.0227253400423646,4,0.01,2026-05-06T21:25:10+00:00,0.51,354.91,0.0,partial_fill,2.8487727906786047,0.6258634462989897,2.6811979206386867,4.283998269101364,settle,287.55847698849914
train,2026-05-07T05:30:02+08:00,25367630341_attempt1::btc-updown-5m-1778103000,buy_up,4.0,0.51,0.5846200068575111,0.06462000685751114,4,0.01,2026-05-06T21:30:10+00:00,0.51,329.15,0.0,partial_fill,2.8755847698849912,0.6258634462989896,2.7064327245976387,4.324318252810554,settle,290.26490971309676
train,2026-05-07T05:35:02+08:00,25367630341_attempt1::btc-updown-5m-1778103300,buy_up,9.0,0.48,0.6181620425637621,0.12816204256376207,4,0.01,2026-05-06T21:35:15+00:00,0.49,475.99,0.010000000000000009,partial_fill,2.9026490971309675,0.6258634462989897,2.96188683380711,4.927695784023026,settle,293.22679654690387
train,2026-05-07T05:40:00+08:00,25367630341_attempt1::btc-updown-5m-1778103600,buy_down,4.0,0.59,0.6557053041031332,0.05570530410313324,4,0.01,2026-05-06T21:40:08+00:00,0.69,98.76,0.09999999999999998,price_moved,0.0,0.0,0.0,3.1777005315115585,,293.22679654690387
train,2026-05-07T05:45:01+08:00,25367630341_attempt1::btc-updown-5m-1778103900,buy_down,5.0,0.58,0.6337077653573921,0.04370776535739219,4,0.01,2026-05-06T21:45:10+00:00,0.62,509.71,0.040000000000000036,price_moved,0.0,0.0,0.0,3.3357637389841597,,293.22679654690387
train,2026-05-07T05:50:00+08:00,25367630341_attempt1::btc-updown-5m-1778104200,buy_up,38.0,0.57,0.601270739935829,0.02127073993582907,4,0.01,2026-05-06T21:50:42+00:00,0.56,145.0,-0.009999999999999898,partial_fill,2.932267965469039,0.6170282139837477,2.251562902056583,3.501652682820163,settle,295.4783594489605
train,2026-05-07T05:55:01+08:00,25367630341_attempt1::btc-updown-5m-1778104500,buy_down,5.0,0.53,0.5839102205669957,0.04391022056699568,4,0.01,2026-05-06T21:55:10+00:00,0.53,28.65,0.0,partial_fill,2.9547835944896046,0.6172181857245062,2.564529157481543,4.154979903048765,settle,298.04288860644203
train,2026-05-07T06:00:02+08:00,25367630341_attempt1::btc-updown-5m-1778104800,buy_down,4.0,0.51,0.656066324484762,0.13606632448476197,4,0.01,2026-05-06T22:00:11+00:00,0.63,194.96,0.12,price_moved,0.0,0.0,0.0,4.544761649452418,,298.04288860644203
train,2026-05-07T06:05:00+08:00,25367630341_attempt1::btc-updown-5m-1778105100,buy_down,4.0,0.29,0.32306680446507213,0.02306680446507215,4,0.01,2026-05-06T22:05:08+00:00,0.28,867.48,-0.009999999999999953,partial_fill,2.420738392144394,0.6114632376058629,6.138300922937569,9.556030971034422,settle,304.1811895293796
train,2026-05-07T06:10:01+08:00,25367630341_attempt1::btc-updown-5m-1778105400,buy_up,4.0,0.45,0.5021036276622332,0.04210362766223314,4,0.01,2026-05-06T22:10:10+00:00,0.38,945.1,-0.07,partial_fill,3.041811895293796,0.6120571010743,-3.1218595767488964,-5.080257560498021,settle,301.0593299526307
train,2026-05-07T06:15:02+08:00,25367630341_attempt1::btc-updown-5m-1778105700,buy_down,13.0,0.57,0.6019587468184958,0.021958746818495863,4,0.01,2026-05-06T22:15:19+00:00,0.52,142.0,-0.04999999999999993,partial_fill,3.0105932995263074,0.6120317873426601,2.721113174571854,3.6245370760001676,settle,303.78044312720255
train,2026-05-07T06:20:01+08:00,25367630341_attempt1::btc-updown-5m-1778106000,buy_down,4.0,0.48,0.516594164174079,0.02659416417407901,4,0.01,2026-05-06T22:20:09+00:00,0.46,862.97,-0.019999999999999962,partial_fill,3.0378044312720256,0.6130464288999258,3.5000790186395077,5.264963722272029,settle,307.28052214584204
train,2026-05-07T06:25:01+08:00,25367630341_attempt1::btc-updown-5m-1778106300,buy_down,5.0,0.55,0.6161187108272382,0.05611871082723819,4,0.01,2026-05-06T22:25:10+00:00,0.56,838.39,0.010000000000000009,partial_fill,3.0728052214584203,0.6135903920134127,2.359475437905572,4.006327688900644,settle,309.63999758374763
train,2026-05-07T06:30:02+08:00,25367630341_attempt1::btc-updown-5m-1778106600,buy_up,4.0,0.56,0.7372822417343027,0.16728224173430262,4,0.01,2026-05-06T22:30:11+00:00,0.68,313.63,0.12,price_moved,0.0,0.0,0.0,3.876122039011373,,309.63999758374763
train,2026-05-07T06:35:01+08:00,25367630341_attempt1::btc-updown-5m-1778106900,buy_down,4.0,0.51,0.5631112960491657,0.043111296049165644,4,0.01,2026-05-06T22:35:09+00:00,0.57,1104.4,0.05999999999999994,price_moved,0.0,0.0,0.0,-5.186473992883454,,309.63999758374763
train,2026-05-07T06:40:00+08:00,25367630341_attempt1::btc-updown-5m-1778107200,buy_down,177.0,0.51,0.5414741107750869,0.02147411077508688,4,0.01,2026-05-06T22:43:03+00:00,0.52,279.22,0.010000000000000009,partial_fill,3.0963999758374765,0.6149911247398792,-3.1559461292189663,-5.1335922972697405,settle,306.48405145452864
train,2026-05-07T06:45:02+08:00,25367630341_attempt1::btc-updown-5m-1778107500,buy_down,5.0,0.49,0.567522484729137,0.06752248472913704,4,0.01,2026-05-06T22:45:11+00:00,0.49,331.07,0.0,partial_fill,3.0648405145452866,0.6149934675989122,3.1273882801482515,5.085238209697341,settle,309.6114397346769
train,2026-05-07T06:50:01+08:00,25367630341_attempt1::btc-updown-5m-1778107800,buy_up,5.0,0.58,0.6439606538975325,0.05396065389753258,4,0.01,2026-05-06T22:50:10+00:00,0.63,24.66,0.050000000000000044,price_moved,0.0,0.0,0.0,3.5587899815795705,,309.6114397346769
train,2026-05-07T06:55:01+08:00,25367630341_attempt1::btc-updown-5m-1778108100,buy_up,185.0,0.13,0.17760550295060976,0.03760550295060975,4,0.01,2026-05-06T22:58:10+00:00,0.12,337.79,-0.010000000000000009,partial_fill,3.096114397346769,0.6106766156606214,-3.354123930459,-5.459971706448178,settle,306.25731580421785
train,2026-05-07T07:00:01+08:00,25367630341_attempt1::btc-updown-5m-1778108400,buy_down,8.0,0.72,0.8470548857600152,0.11705488576001523,4,0.01,2026-05-06T23:00:14+00:00,0.73,80.17,0.010000000000000009,partial_fill,3.0625731580421784,0.6106370435626651,1.0907794809465294,1.8807652538818809,settle,307.3480952851644
train,2026-05-07T07:10:01+08:00,25367630341_attempt1::btc-updown-5m-1778109000,buy_up,5.0,0.48,0.7358619519129121,0.24586195191291216,4,0.01,2026-05-06T23:10:10+00:00,0.43,54.1,-0.04999999999999999,partial_fill,3.073480952851644,0.6105224560146144,4.002672868830048,5.3488180168211565,settle,311.35076815399447
train,2026-05-07T07:15:01+08:00,25367630341_attempt1::btc-updown-5m-1778109300,buy_down,216.0,0.19,0.23970275203084151,0.03970275203084151,4,0.01,2026-05-06T23:18:42+00:00,0.19,356.17,0.0,partial_fill,3.1135076815399447,0.6119712515912984,-3.2773765068841523,-5.355441940061802,settle,308.0733916471103
train,2026-05-07T07:20:02+08:00,25367630341_attempt1::btc-updown-5m-1778109600,buy_up,4.0,0.51,0.6206837850739076,0.10068378507390764,4,0.01,2026-05-06T23:20:10+00:00,0.51,528.66,0.0,partial_fill,3.0807339164711034,0.6119712515912984,2.8995142743257443,4.737990986972323,settle,310.97290592143605
train,2026-05-07T07:25:01+08:00,25367630341_attempt1::btc-updown-5m-1778109900,buy_up,4.0,0.52,0.554057908770426,0.024057908770426024,4,0.01,2026-05-06T23:25:10+00:00,0.57,45.5,0.04999999999999993,price_moved,0.0,0.0,0.0,4.592890012996296,,310.97290592143605
train,2026-05-07T07:30:01+08:00,25367630341_attempt1::btc-updown-5m-1778110200,buy_down,4.0,0.54,0.6402989830474615,0.09029898304746144,4,0.01,2026-05-06T23:30:09+00:00,0.52,251.28,-0.020000000000000018,partial_fill,3.1097290592143607,0.6064895193967509,-3.1695315411223293,-5.222376534281072,settle,307.8033743803137
train,2026-05-07T07:35:01+08:00,25367630341_attempt1::btc-updown-5m-1778110500,buy_down,5.0,0.75,0.7895731236240675,0.029573123624067506,4,0.01,2026-05-06T23:35:10+00:00,0.73,61.25,-0.020000000000000018,partial_fill,3.078033743803137,0.6064851552208897,1.096285990943583,1.6240641498607902,settle,308.89966037125726
train,2026-05-07T07:40:01+08:00,25367630341_attempt1::btc-updown-5m-1778110800,buy_up,4.0,0.46,0.5193618256931244,0.04936182569312437,4,0.01,2026-05-06T23:40:09+00:00,0.46,628.0,0.0,partial_fill,3.0889966037125727,0.606703787216283,3.559061304277529,5.866225626524339,settle,312.4587216755348
train,2026-05-07T07:45:01+08:00,25367630341_attempt1::btc-updown-5m-1778111100,buy_up,47.0,0.54,0.5729318904924519,0.02293189049245182,4,0.01,2026-05-06T23:45:52+00:00,0.59,40.0,0.04999999999999993,price_moved,0.0,0.0,0.0,4.291752805065682,,312.4587216755348
train,2026-05-07T07:50:00+08:00,25367630341_attempt1::btc-updown-5m-1778111400,buy_up,4.0,0.4,0.5218927434110975,0.11189274341109746,4,0.01,2026-05-06T23:50:08+00:00,0.39,912.64,-0.010000000000000009,partial_fill,3.124587216755348,0.6016897063301981,4.807057256546689,7.659705818840978,settle,317.26577893208145
train,2026-05-07T07:55:00+08:00,25367630341_attempt1::btc-updown-5m-1778111700,buy_up,231.0,0.41,0.4424840923127206,0.022484092312720645,4,0.01,2026-05-06T23:58:56+00:00,0.56,163.35,0.15000000000000008,price_moved,0.0,0.0,0.0,7.102097392079111,,317.26577893208145
train,2026-05-07T08:00:00+08:00,25367630341_attempt1::btc-updown-5m-1778112000,buy_up,37.0,0.5,0.5330272768029303,0.02302727680293027,4,0.01,2026-05-07T00:00:41+00:00,0.49,811.63,-0.010000000000000009,partial_fill,3.1726577893208145,0.5940595934567822,-3.237405907470219,-5.447451704763451,settle,314.02837302461126
train,2026-05-07T08:05:01+08:00,25367630341_attempt1::btc-updown-5m-1778112300,buy_up,4.0,0.55,0.6064009048773771,0.04640090487737703,4,0.01,2026-05-07T00:05:09+00:00,0.55,215.42,0.0,partial_fill,3.1402837302461126,0.5940571437366019,-3.197379798068769,-5.382276489358152,settle,310.8309932265425
train,2026-05-08T08:00:02+08:00,25427145257_attempt1::btc-updown-5m-1778198400,buy_down,5.0,0.35,0.4322610657751717,0.07226106577517173,4,0.01,2026-05-08T00:00:11+00:00,0.4,62.32,0.050000000000000044,price_moved,0.0,0.0,0.0,-5.381837119848819,,310.8309932265425
train,2026-05-08T08:05:01+08:00,25427145257_attempt1::btc-updown-5m-1778198700,buy_up,9.0,0.56,0.5902564917737687,0.020256491773768655,4,0.01,2026-05-08T00:05:14+00:00,0.62,575.99,0.05999999999999994,price_moved,0.0,0.0,0.0,3.9763660847009965,,310.8309932265425
train,2026-05-08T08:10:01+08:00,25427145257_attempt1::btc-updown-5m-1778199000,buy_up,5.0,0.56,0.6058568985977959,0.035856898597795846,4,0.01,2026-05-08T00:10:10+00:00,0.49,925.7,-0.07000000000000006,partial_fill,3.108309932265425,0.5956571517839038,3.1717448288422707,4.006898895708523,settle,314.0027380553848
train,2026-05-08T08:15:01+08:00,25427145257_attempt1::btc-updown-5m-1778199300,buy_down,4.0,0.45,0.5853095134687346,0.1253095134687346,4,0.01,2026-05-08T00:15:09+00:00,0.45,601.95,0.0,partial_fill,3.140027380553848,0.5971500268510312,3.7680328566646177,6.310027107483685,settle,317.7707709120494
train,2026-05-08T08:30:01+08:00,25427145257_attempt1::btc-updown-5m-1778200200,buy_up,69.0,0.33,0.3608617013861241,0.020861701386124094,4,0.01,2026-05-08T00:31:14+00:00,0.33,553.3,0.0,partial_fill,2.4735966164200085,0.5971500268510312,-2.5485540896448575,-4.26786230435963,settle,315.2222168224045
train,2026-05-08T08:35:01+08:00,25427145257_attempt1::btc-updown-5m-1778200500,buy_up,4.0,0.39,0.4237615344520161,0.02376153445201607,4,0.01,2026-05-08T00:35:09+00:00,0.39,387.64,0.0,partial_fill,3.069739166010838,0.5971500268510312,-3.148450426677783,-5.272461333177191,settle,312.07376639572675
train,2026-05-08T08:40:00+08:00,25427145257_attempt1::btc-updown-5m-1778200800,buy_up,4.0,0.4,0.4805046268971543,0.07050462689715427,4,0.01,2026-05-08T00:40:08+00:00,0.39,644.68,-0.010000000000000009,partial_fill,3.1207376639572675,0.5971500268510311,-3.2007565784177103,-5.356704281542603,settle,308.873009817309
train,2026-05-08T08:45:01+08:00,25427145257_attempt1::btc-updown-5m-1778201100,buy_down,4.0,0.65,0.6865384853770815,0.026538485377081485,4,0.01,2026-05-08T00:45:09+00:00,0.65,1327.22,0.0,partial_fill,3.0887300981730905,0.5971461593240925,1.6156434359674625,2.7056080169655665,settle,310.4886532532765
train,2026-05-08T08:50:02+08:00,25427145257_attempt1::btc-updown-5m-1778201400,buy_down,9.0,0.7,0.7586919955762628,0.04869199557626281,4,0.01,2026-05-08T00:50:15+00:00,0.71,160.38,0.010000000000000009,partial_fill,3.104886532532765,0.5971461593240925,1.224462294519964,2.1540959693392336,settle,311.71311554779646
train,2026-05-08T08:55:02+08:00,25427145257_attempt1::btc-updown-5m-1778201700,buy_down,5.0,0.56,0.6649964192246456,0.09499641922464554,4,0.01,2026-05-08T00:55:11+00:00,0.56,96.65,0.0,partial_fill,3.117131155477965,0.5970277014468214,-3.1727942118257855,-5.314316578840343,settle,308.5403213359707
train,2026-05-08T09:00:02+08:00,25427145257_attempt1::btc-updown-5m-1778202000,buy_down,185.0,0.11,0.14308876194363865,0.023088761943638646,4,0.01,2026-05-08T01:03:11+00:00,0.17,315.48,0.06000000000000001,price_moved,0.0,0.0,0.0,-3.6564248679495592,,308.5403213359707
train,2026-05-08T09:05:00+08:00,25427145257_attempt1::btc-updown-5m-1778202300,buy_down,8.0,0.5,0.602550214655552,0.09255021465555203,4,0.01,2026-05-08T01:05:12+00:00,0.49,365.07,-0.010000000000000009,partial_fill,3.085403213359707,0.6012818958968877,3.148370625877252,5.028748029378616,settle,311.68869196184795
train,2026-05-08T09:10:02+08:00,25427145257_attempt1::btc-updown-5m-1778202600,buy_up,110.0,0.19,0.2259109875367982,0.025910987536798193,4,0.01,2026-05-08T01:11:57+00:00,0.36,303.51,0.16999999999999998,price_moved,0.0,0.0,0.0,-4.3619884971878795,,311.68869196184795
train,2026-05-08T09:15:01+08:00,25427145257_attempt1::btc-updown-5m-1778202900,buy_down,4.0,0.55,0.7607815203538653,0.2007815203538652,4,0.01,2026-05-08T01:15:10+00:00,0.7,10.2,0.1499999999999999,price_moved,0.0,0.0,0.0,4.110434508403334,,311.68869196184795
train,2026-05-08T09:20:00+08:00,25427145257_attempt1::btc-updown-5m-1778203200,buy_up,42.0,0.24,0.3082504461300658,0.05825044613006581,4,0.01,2026-05-08T01:20:46+00:00,0.24,250.28,0.0,partial_fill,3.1168869196184796,0.6018146676264354,-3.2467572079359166,-5.3949452922793775,settle,308.44193475391205
train,2026-05-09T08:00:00+08:00,25487949887_attempt1::btc-updown-5m-1778284800,buy_down,11.0,0.4,0.49264332559438445,0.08264332559438443,4,0.01,2026-05-09T00:00:16+00:00,0.41,328.23,0.009999999999999953,partial_fill,3.0844193475391206,0.6018146676264355,4.363324930665098,7.559667090806475,settle,312.80525968457715
train,2026-05-09T08:05:02+08:00,25487949887_attempt1::btc-updown-5m-1778285100,buy_up,171.0,0.22,0.28226854642465504,0.05226854642465504,4,0.01,2026-05-09T00:07:58+00:00,0.25,66.32,0.03,price_moved,0.0,0.0,0.0,-5.43719445759954,,312.80525968457715
train,2026-05-09T08:10:02+08:00,25487949887_attempt1::btc-updown-5m-1778285400,buy_up,10.0,0.47,0.5482807663944517,0.0682807663944517,4,0.01,2026-05-09T00:10:17+00:00,0.45,30.08,-0.019999999999999962,partial_fill,3.1280525968457717,0.6078110459184607,3.753663116214926,5.693914536337634,settle,316.55892280079206
train,2026-05-09T08:15:01+08:00,25487949887_attempt1::btc-updown-5m-1778285700,buy_down,6.0,0.49,0.607398839813161,0.10739883981316102,4,0.01,2026-05-09T00:15:13+00:00,0.58,93.12,0.08999999999999997,price_moved,0.0,0.0,0.0,5.309552958531484,,316.55892280079206
train,2026-05-09T08:20:02+08:00,25487949887_attempt1::btc-updown-5m-1778286000,buy_up,5.0,0.63,0.6822030032496966,0.04220300324969662,4,0.01,2026-05-09T00:20:11+00:00,0.76,35.0,0.13,price_moved,0.0,0.0,0.0,3.0036899593978106,,316.55892280079206
train,2026-05-09T08:25:02+08:00,25487949887_attempt1::btc-updown-5m-1778286300,buy_up,128.0,0.26,0.305748359274355,0.035748359274355,4,0.01,2026-05-09T00:27:15+00:00,0.22,283.04,-0.04000000000000001,partial_fill,3.1655892280079208,0.5988068900249991,-3.3094796474628265,-5.489821033483998,settle,313.24944315332925
train,2026-05-09T08:30:01+08:00,25487949887_attempt1::btc-updown-5m-1778286600,buy_up,5.0,0.58,0.6574470669056012,0.06744706690560122,4,0.01,2026-05-09T00:30:11+00:00,0.63,527.56,0.050000000000000044,price_moved,0.0,0.0,0.0,3.6981972559727176,,313.24944315332925
train,2026-05-09T08:35:02+08:00,25487949887_attempt1::btc-updown-5m-1778286900,buy_down,5.0,0.48,0.5375135896366642,0.047513589636664195,4,0.01,2026-05-09T00:35:12+00:00,0.48,10.16,0.0,partial_fill,3.1324944315332925,0.5945616402695159,3.3282753335041235,5.597864221437848,settle,316.57771848683336
train,2026-05-09T08:40:01+08:00,25487949887_attempt1::btc-updown-5m-1778287200,buy_up,20.0,0.64,0.6703464471514076,0.02034644715140755,4,0.01,2026-05-09T00:40:26+00:00,0.73,58.08,0.08999999999999997,price_moved,0.0,0.0,0.0,-5.407752931932215,,316.57771848683336
train,2026-05-09T08:45:01+08:00,25487949887_attempt1::btc-updown-5m-1778287500,buy_down,198.0,0.18,0.21727792534740942,0.027277925347409422,4,0.01,2026-05-09T00:48:23+00:00,0.15,582.5,-0.03,partial_fill,2.6327998083954376,0.6006621148737019,-2.8083197956218005,-4.626671793678458,settle,313.76939869121156
train,2026-05-09T08:50:00+08:00,25487949887_attempt1::btc-updown-5m-1778287800,buy_up,15.0,0.42,0.48306103858181476,0.053061038581814775,4,0.01,2026-05-09T00:50:21+00:00,0.42,119.38,0.0,partial_fill,3.1376939869121157,0.6006061191972544,4.258298982237872,7.090002659195915,settle,318.02769767344944
train,2026-05-09T09:00:01+08:00,25487949887_attempt1::btc-updown-5m-1778288400,buy_down,79.0,0.46,0.49500195870840363,0.02500195870840361,4,0.01,2026-05-09T01:01:25+00:00,0.46,713.97,0.0,partial_fill,3.1802769767344943,0.6006061191972544,-3.2494134327504614,-5.410223653887335,settle,314.77828424069895
train,2026-05-09T09:05:01+08:00,25487949887_attempt1::btc-updown-5m-1778288700,buy_up,5.0,0.51,0.5420090088573535,0.02200900885735347,4,0.01,2026-05-09T01:05:11+00:00,0.52,192.83,0.010000000000000009,partial_fill,3.14778284240699,0.6006061191972544,2.8451114152524712,4.932715553671897,settle,317.6233956559514
train,2026-05-09T09:10:02+08:00,25487949887_attempt1::btc-updown-5m-1778289000,buy_down,119.0,0.24,0.28268841058552485,0.03268841058552486,4,0.01,2026-05-09T01:12:06+00:00,0.25,1001.0,0.010000000000000009,partial_fill,3.176233956559514,0.6003840015496222,-3.3032833148218947,-5.510768157617822,settle,314.3201123411295
train,2026-05-09T09:15:01+08:00,25487949887_attempt1::btc-updown-5m-1778289300,buy_down,20.0,0.39,0.44074081815846977,0.040740818158469756,4,0.01,2026-05-09T01:15:26+00:00,0.31,205.95,-0.08000000000000002,partial_fill,3.1432011234112953,0.6003941132801747,6.894763754579615,8.054199614979893,settle,321.21487609570914
train,2026-05-09T09:20:02+08:00,25487949887_attempt1::btc-updown-5m-1778289600,buy_down,5.0,0.54,0.6203347820967688,0.07033478209676881,4,0.01,2026-05-09T01:20:12+00:00,0.55,240.17,0.010000000000000009,partial_fill,3.2121487609570916,0.6042676236884339,2.5697190087656727,4.429809788238941,settle,323.7845951044748
train,2026-05-09T09:30:02+08:00,25487949887_attempt1::btc-updown-5m-1778290200,buy_up,5.0,0.46,0.6487891142108071,0.17878911421080707,4,0.01,2026-05-09T01:30:12+00:00,0.46,429.82,0.0,partial_fill,3.2378459510447484,0.6040678657963056,3.7305616392472105,6.17573264608181,settle,327.515156743722
train,2026-05-09T09:35:01+08:00,25487949887_attempt1::btc-updown-5m-1778290500,buy_up,5.0,0.44,0.5520723376629756,0.10207233766297559,4,0.01,2026-05-09T01:35:11+00:00,0.37,251.84,-0.07,partial_fill,3.27515156743722,0.6040678657963056,-3.3636691773679557,-5.5450505150078895,settle,324.15148756635404
train,2026-05-09T09:40:01+08:00,25487949887_attempt1::btc-updown-5m-1778290800,buy_up,10.0,0.61,0.6889350638801228,0.06893506388012284,4,0.01,2026-05-09T01:40:16+00:00,0.55,714.37,-0.05999999999999994,partial_fill,3.2415148756635404,0.6040416239800609,2.593211900530832,3.342988742180895,settle,326.74469946688487
train,2026-05-09T09:45:02+08:00,25487949887_attempt1::btc-updown-5m-1778291100,buy_up,15.0,0.4,0.43601658203182675,0.026016582031826725,4,0.01,2026-05-09T01:45:22+00:00,0.4,33.87,0.0,partial_fill,3.2674469946688487,0.6051044538169761,4.819484317136551,7.964714664939956,settle,331.5641837840214
train,2026-05-09T09:50:02+08:00,25487949887_attempt1::btc-updown-5m-1778291400,buy_up,10.0,0.38,0.5136768047916502,0.12367680479165023,4,0.01,2026-05-09T01:50:17+00:00,0.32,726.34,-0.06,partial_fill,3.315641837840214,0.605104453816976,6.942125097977947,8.795965148637237,settle,338.50630888199936
train,2026-05-09T09:55:02+08:00,25487949887_attempt1::btc-updown-5m-1778291700,buy_down,5.0,0.56,0.6486482748297561,0.07864827482975602,4,0.01,2026-05-09T01:55:12+00:00,0.57,128.72,0.009999999999999898,partial_fill,3.3850630888199937,0.6080136098449422,2.4942570128147326,4.274978108525175,settle,341.0005658948141
train,2026-05-09T10:00:01+08:00,25487949887_attempt1::btc-updown-5m-1778292000,buy_up,65.0,0.72,0.7562243709402809,0.026224370940280968,4,0.01,2026-05-09T02:01:11+00:00,0.7,63.93,-0.020000000000000018,partial_fill,3.410005658948141,0.6078264711530847,1.4127166301356586,2.1038111743960086,settle,342.41328252494975
train,2026-05-09T10:05:00+08:00,25487949887_attempt1::btc-updown-5m-1778292300,buy_down,5.0,0.53,0.5671767951972165,0.027176795197216504,4,0.01,2026-05-09T02:05:10+00:00,0.63,160.0,0.09999999999999998,price_moved,0.0,0.0,0.0,-5.737450323532058,,342.41328252494975
train,2026-05-09T10:15:02+08:00,25487949887_attempt1::btc-updown-5m-1778292900,buy_down,10.0,0.53,0.5636708835490939,0.023670883549093864,4,0.01,2026-05-09T02:15:17+00:00,0.53,913.71,0.0,partial_fill,3.4241328252494974,0.6143235132399156,2.9718888671976766,4.83766094435172,settle,345.3851713921474
train,2026-05-09T10:20:02+08:00,25487949887_attempt1::btc-updown-5m-1778293200,buy_up,5.0,0.52,0.5613095174936876,0.03130951749368761,4,0.01,2026-05-09T02:20:12+00:00,0.52,720.32,0.0,partial_fill,3.453851713921474,0.6143235132399157,-3.520271939189195,-5.730322644860901,settle,341.86489945295824
train,2026-05-09T10:25:01+08:00,25487949887_attempt1::btc-updown-5m-1778293500,buy_up,69.0,0.44,0.47426097750784624,0.024260977507846233,4,0.01,2026-05-09T02:26:14+00:00,0.44,293.09,0.0,partial_fill,3.4186489945295824,0.6143235132399157,4.273311243161978,6.956125154032798,settle,346.1382106961202
train,2026-05-09T10:35:02+08:00,25487949887_attempt1::btc-updown-5m-1778294100,buy_down,8.0,0.57,0.6591869484823317,0.07918694848233178,4,0.01,2026-05-09T02:35:14+00:00,0.57,303.96,0.0,partial_fill,3.461382106961202,0.6143235132399157,2.5504920788135177,4.1517083814069435,settle,348.68870277493374
train,2026-05-09T10:40:00+08:00,25487949887_attempt1::btc-updown-5m-1778294400,buy_up,56.0,0.28,0.3218239884155789,0.03182398841557888,4,0.01,2026-05-09T02:41:00+00:00,0.27,483.63,-0.010000000000000009,partial_fill,3.4868870277493373,0.6143235132399159,-3.6160309917400535,-5.878691974958515,settle,345.0726717831937
train,2026-05-09T10:45:01+08:00,25487949887_attempt1::btc-updown-5m-1778294700,buy_down,4.0,0.38,0.49661276838821605,0.10661276838821605,4,0.01,2026-05-09T02:45:09+00:00,0.38,348.2,0.0,partial_fill,3.450726717831937,0.6143153022248626,-3.54153531566962,-5.765012368800288,settle,341.5311364675241
train,2026-05-09T10:50:01+08:00,25487949887_attempt1::btc-updown-5m-1778295000,buy_up,54.0,0.26,0.31457929496977627,0.04457929496977626,4,0.01,2026-05-09T02:51:00+00:00,0.28,71.94,0.020000000000000018,price_moved,0.0,0.0,0.0,15.609481665593938,,341.5311364675241
train,2026-05-09T10:55:01+08:00,25487949887_attempt1::btc-updown-5m-1778295300,buy_down,24.0,0.46,0.4907979839748278,0.0207979839748278,4,0.01,2026-05-09T02:55:29+00:00,0.47,651.14,0.009999999999999953,partial_fill,3.2884995847945797,0.5975382662868098,3.638339966155706,6.340888355484828,settle,345.1694764336798
train,2026-05-09T11:00:01+08:00,25487949887_attempt1::btc-updown-5m-1778295600,buy_down,5.0,0.48,0.5627881156279881,0.07278811562798816,4,0.01,2026-05-09T03:00:11+00:00,0.48,2255.93,0.0,partial_fill,3.451694764336798,0.5972776982076666,3.667425687107848,6.14023543506345,settle,348.8369021207876
train,2026-05-09T11:05:01+08:00,25487949887_attempt1::btc-updown-5m-1778295900,buy_down,33.0,0.29,0.32126897666421034,0.021268976664210355,4,0.01,2026-05-09T03:05:40+00:00,0.3,248.13,0.010000000000000009,partial_fill,2.6124661728248113,0.5972776982076666,-2.6995483785856385,-4.524781724442355,settle,346.137353742202
train,2026-05-09T11:10:02+08:00,25487949887_attempt1::btc-updown-5m-1778296200,buy_down,118.0,0.27,0.3053695966799185,0.025369596679918456,4,0.01,2026-05-09T03:12:04+00:00,0.25,428.53,-0.020000000000000018,partial_fill,3.007316801470523,0.5972828797973642,8.90165773235275,13.42665551255844,settle,355.03901147455474
train,2026-05-09T11:15:00+08:00,25487949887_attempt1::btc-updown-5m-1778296500,buy_up,143.0,0.6,0.6353503001375038,0.02535030013750384,4,0.01,2026-05-09T03:17:27+00:00,0.64,143.23,0.040000000000000036,price_moved,0.0,0.0,0.0,3.85415303493066,,355.03901147455474
train,2026-05-09T11:20:01+08:00,25487949887_attempt1::btc-updown-5m-1778296800,buy_up,4.0,0.49,0.5529130548575205,0.05291305485752052,4,0.01,2026-05-09T03:20:09+00:00,0.49,4713.65,0.0,partial_fill,3.5503901147455474,0.5949037385085666,-3.6228470558628034,-6.089803814219323,settle,351.41616441869195
train,2026-05-09T11:25:01+08:00,25487949887_attempt1::btc-updown-5m-1778297100,buy_down,4.0,0.55,0.6969207158323305,0.13692071583233045,4,0.01,2026-05-09T03:25:09+00:00,0.54,487.51,-0.010000000000000009,partial_fill,3.5141616441869195,0.5949037385085666,2.9284680368224323,4.7256877598341935,settle,354.3446324555144
train,2026-05-09T11:30:01+08:00,25487949887_attempt1::btc-updown-5m-1778297400,buy_down,16.0,0.71,0.8059639102474548,0.08596391024745488,4,0.01,2026-05-09T03:30:21+00:00,0.74,54.99,0.030000000000000027,price_moved,0.0,0.0,0.0,2.348200903759865,,354.3446324555144
train,2026-05-09T11:35:00+08:00,25487949887_attempt1::btc-updown-5m-1778297700,buy_down,25.0,0.35,0.38278680555285655,0.022786805552856566,4,0.01,2026-05-09T03:35:29+00:00,0.39,17.0,0.040000000000000036,price_moved,0.0,0.0,0.0,9.580031533247922,,354.3446324555144
train,2026-05-09T11:40:02+08:00,25487949887_attempt1::btc-updown-5m-1778298000,buy_down,4.0,0.38,0.47874226577866125,0.08874226577866125,4,0.01,2026-05-09T03:40:10+00:00,0.32,717.82,-0.06,partial_fill,3.543446324555144,0.5834130984304441,-3.6541790221974924,-6.233481767596983,settle,350.6904534333169
train,2026-05-09T11:45:01+08:00,25487949887_attempt1::btc-updown-5m-1778298300,buy_down,99.0,0.22,0.26515078506872786,0.035150785068727854,4,0.01,2026-05-09T03:46:44+00:00,0.28,355.28,0.060000000000000026,price_moved,0.0,0.0,0.0,21.039599294298174,,350.6904534333169
train,2026-05-09T11:50:00+08:00,25487949887_attempt1::btc-updown-5m-1778298600,buy_down,13.0,0.5,0.530639638400436,0.02063963840043604,4,0.01,2026-05-09T03:50:17+00:00,0.5,351.59,0.0,partial_fill,3.5069045343331693,0.5636560512971148,-3.577042625019833,-6.346144278568739,settle,347.1134108082971
train,2026-05-09T11:55:01+08:00,25487949887_attempt1::btc-updown-5m-1778298900,buy_up,4.0,0.46,0.5118815472648394,0.04188154726483934,4,0.01,2026-05-09T03:55:09+00:00,0.46,3128.5,0.0,partial_fill,3.471134108082971,0.5636560512971149,3.9993501680086405,7.0953734264098225,settle,351.1127609763057
train,2026-05-09T12:00:00+08:00,25487949887_attempt1::btc-updown-5m-1778299200,buy_up,4.0,0.52,0.6153665570095977,0.08536655700959773,4,0.01,2026-05-09T04:00:08+00:00,0.52,99.06,0.0,partial_fill,3.511127609763057,0.5636560512971147,3.173519185747378,5.6302406023040295,settle,354.28628016205306
train,2026-05-09T12:05:01+08:00,25487949887_attempt1::btc-updown-5m-1778299500,buy_up,8.0,0.56,0.8843645878366323,0.31436458783663224,4,0.01,2026-05-09T04:05:14+00:00,0.57,247.25,0.009999999999999898,partial_fill,3.542862801620531,0.5636560512971146,2.610530485404602,4.826369737585249,settle,356.89681064745764
train,2026-05-09T12:10:01+08:00,25487949887_attempt1::btc-updown-5m-1778299800,buy_down,24.0,0.55,0.5817734436167863,0.021773443616786244,4,0.01,2026-05-09T04:10:29+00:00,0.61,9.44,0.05999999999999994,price_moved,0.0,0.0,0.0,5.067014777524382,,356.89681064745764
train,2026-05-09T12:15:01+08:00,25487949887_attempt1::btc-updown-5m-1778300100,buy_down,4.0,0.51,0.6928175061227807,0.17281750612278068,4,0.01,2026-05-09T04:15:09+00:00,0.51,875.86,0.0,partial_fill,3.5689681064745766,0.5590104814341619,3.359028806093719,6.008883406758327,settle,360.25583945355135
train,2026-05-09T12:20:02+08:00,25487949887_attempt1::btc-updown-5m-1778300400,buy_down,4.0,0.38,0.5122650267028561,0.12226502670285612,4,0.01,2026-05-09T04:20:10+00:00,0.38,5.72,0.0,partial_fill,2.1736,0.33727841422039057,-2.2308,-6.614120281478525,settle,358.02503945355136
train,2026-05-09T12:25:00+08:00,25487949887_attempt1::btc-updown-5m-1778300700,buy_down,4.0,0.61,0.6937001559984703,0.07370015599847037,4,0.01,2026-05-09T04:25:08+00:00,0.61,68.32,0.0,partial_fill,3.5802503945355135,0.5613097504108535,2.2303199179073694,3.9734209432044882,settle,360.2553593714587
train,2026-05-09T12:30:02+08:00,25487949887_attempt1::btc-updown-5m-1778301000,buy_down,4.0,0.42,0.48543536864939363,0.05543536864939364,4,0.01,2026-05-09T04:30:10+00:00,0.42,4492.2,0.0,partial_fill,3.602553593714587,0.5613097504108535,4.889179877184084,8.710306339067554,settle,365.1445392486428
train,2026-05-09T12:35:01+08:00,25487949887_attempt1::btc-updown-5m-1778301300,buy_up,150.0,0.23,0.26661591859423694,0.026615918594236933,4,0.01,2026-05-09T04:37:35+00:00,0.17,340.91,-0.06,partial_fill,3.1554082246013078,0.5613097504108535,-3.3410204731072675,-5.865923198609075,settle,361.8035187755355
train,2026-05-09T12:40:00+08:00,25487949887_attempt1::btc-updown-5m-1778301600,buy_down,4.0,0.48,0.5245621158621088,0.034562115862108785,4,0.01,2026-05-09T04:40:08+00:00,0.47,345.0,-0.010000000000000009,partial_fill,3.618035187755355,0.5612346397249512,4.002932548154861,6.849474560005785,settle,365.8064513236904
train,2026-05-09T12:45:02+08:00,25487949887_attempt1::btc-updown-5m-1778301900,buy_up,4.0,0.63,0.6793754699555712,0.03937546995557118,4,0.01,2026-05-09T04:45:11+00:00,0.6,55.0,-0.030000000000000027,partial_fill,3.658064513236904,0.5614783369197949,2.377741933603988,3.722890878497261,settle,368.1841932572944
train,2026-05-09T12:50:00+08:00,25487949887_attempt1::btc-updown-5m-1778302200,buy_up,4.0,0.48,0.5196879229999748,0.02968792299997481,4,0.01,2026-05-09T04:50:08+00:00,0.51,162.13,0.030000000000000027,price_moved,0.0,0.0,0.0,-6.688793945033414,,368.1841932572944
train,2026-05-09T12:55:01+08:00,25487949887_attempt1::btc-updown-5m-1778302500,buy_down,45.0,0.19,0.22692244672344436,0.026922446723444356,4,0.01,2026-05-09T04:55:50+00:00,0.19,132.87,0.0,partial_fill,3.059388681291311,0.5677123891766922,-3.22040913820138,-5.672606762856948,settle,364.963784119093
train,2026-05-09T13:00:01+08:00,25487949887_attempt1::btc-updown-5m-1778302800,buy_down,4.0,0.48,0.5165627588528936,0.026562758852893616,4,0.01,2026-05-09T05:00:10+00:00,0.48,2336.55,0.0,partial_fill,3.6496378411909305,0.5677123891766923,3.8777402062653636,6.830466060268544,settle,368.84152432535836
train,2026-05-09T13:05:02+08:00,25487949887_attempt1::btc-updown-5m-1778303100,buy_down,196.0,0.3,0.3331360495435783,0.023136049543578292,4,0.01,2026-05-09T05:08:22+00:00,0.38,98.4,0.08000000000000002,price_moved,0.0,0.0,0.0,-5.547317835402325,,368.84152432535836
train,2026-05-09T13:10:01+08:00,25487949887_attempt1::btc-updown-5m-1778303400,buy_up,8.0,0.62,0.6635253702630982,0.033525370263098216,4,0.01,2026-05-09T05:10:13+00:00,0.68,318.13,0.06000000000000005,price_moved,0.0,0.0,0.0,-6.5454006700559875,,368.84152432535836
train,2026-05-09T13:15:01+08:00,25487949887_attempt1::btc-updown-5m-1778303700,buy_up,73.0,0.38,0.41518398150910146,0.025183981509101457,4,0.01,2026-05-09T05:16:18+00:00,0.38,24.86,0.0,partial_fill,3.6884152432535835,0.5784795327706548,5.920877101012332,10.235240428739134,settle,374.7624014263707
train,2026-05-09T13:20:01+08:00,25487949887_attempt1::btc-updown-5m-1778304000,buy_down,32.0,0.34,0.3768553642731424,0.026855364273142397,4,0.01,2026-05-09T05:20:37+00:00,0.32,529.27,-0.020000000000000018,partial_fill,3.7476240142637067,0.5784795327706547,-3.8647372647094476,-6.668945107703294,settle,370.8976641616612
train,2026-05-09T13:25:01+08:00,25487949887_attempt1::btc-updown-5m-1778304300,buy_down,4.0,0.5,0.5823471674474995,0.07234716744749949,4,0.01,2026-05-09T05:25:09+00:00,0.45,21.71,-0.04999999999999999,partial_fill,3.708976641616612,0.5784687883513981,-3.791398344763648,-6.539948655191433,settle,367.1062658168976
train,2026-05-09T13:30:02+08:00,25487949887_attempt1::btc-updown-5m-1778304600,buy_down,21.0,0.61,0.6419101144940563,0.02191011449405634,4,0.01,2026-05-09T05:30:27+00:00,0.59,16.54,-0.020000000000000018,partial_fill,3.671062658168976,0.5784558010186407,-3.7332840591548906,-6.450352830156313,settle,363.3729817577427
train,2026-05-09T13:35:01+08:00,25487949887_attempt1::btc-updown-5m-1778304900,buy_down,12.0,0.38,0.4126601326322761,0.02266013263227607,4,0.01,2026-05-09T05:35:17+00:00,0.37,416.49,-0.010000000000000009,partial_fill,3.3201935329097108,0.5784525534745499,-3.409928493258622,-5.89083240529523,settle,359.9630532644841
train,2026-05-09T13:40:00+08:00,25487949887_attempt1::btc-updown-5m-1778305200,buy_down,214.0,0.32,0.35417986708902216,0.02417986708902215,4,0.01,2026-05-09T05:43:38+00:00,0.23,479.25,-0.09,partial_fill,3.199948082681554,0.5784487587081619,10.573741490599918,11.582514781563775,settle,370.536794755084
train,2026-05-09T13:45:01+08:00,25487949887_attempt1::btc-updown-5m-1778305500,buy_down,4.0,0.55,0.60818486801717,0.04818486801716993,4,0.01,2026-05-09T05:45:09+00:00,0.55,238.16,0.0,partial_fill,3.70536794755084,0.5845601584786996,2.964294358040671,5.070982541395156,settle,373.50108911312464
train,2026-05-09T13:50:02+08:00,25487949887_attempt1::btc-updown-5m-1778305800,buy_up,135.0,0.17,0.23272187799086605,0.052721877990866035,4,0.01,2026-05-09T05:52:21+00:00,0.18,128.19,0.009999999999999981,partial_fill,3.7350108911312465,0.5845601584786996,-3.942511496194094,-6.765287296402481,settle,369.55857761693056
train,2026-05-09T13:55:00+08:00,25487949887_attempt1::btc-updown-5m-1778306100,buy_down,60.0,0.18,0.22624111279862236,0.03624111279862236,4,0.01,2026-05-09T05:56:04+00:00,0.18,493.7,0.0,partial_fill,3.6955857761693056,0.5845794661864047,16.63013599276188,28.448033081372433,settle,386.18871360969246
train,2026-05-09T14:00:01+08:00,25487949887_attempt1::btc-updown-5m-1778306400,buy_down,126.0,0.21,0.2688890316898753,0.04888903168987533,4,0.01,2026-05-09T06:02:12+00:00,0.21,1425.3,0.0,partial_fill,3.8618871360969247,0.5845794661864047,-4.045786523530112,-6.92084952953177,settle,382.14292708616233
train,2026-05-09T14:05:00+08:00,25487949887_attempt1::btc-updown-5m-1778306700,buy_up,5.0,0.52,0.55955883690582,0.02955883690581996,4,0.01,2026-05-09T06:05:10+00:00,0.52,451.71,0.0,partial_fill,3.8214292708616235,0.5845794661864048,3.45398414866339,5.908493795028406,settle,385.5969112348257
train,2026-05-09T14:10:02+08:00,25487949887_attempt1::btc-updown-5m-1778307000,buy_down,4.0,0.52,0.5768037056265792,0.04680370562657921,4,0.01,2026-05-09T06:10:10+00:00,0.53,47.6,0.010000000000000009,partial_fill,3.8559691123482573,0.5845794661864047,3.3466901729815057,5.961897488945009,settle,388.9436014078072
train,2026-05-09T14:15:00+08:00,25487949887_attempt1::btc-updown-5m-1778307300,buy_down,4.0,0.5,0.5518132511586474,0.04181325115864743,4,0.01,2026-05-09T06:15:08+00:00,0.54,223.36,0.040000000000000036,price_moved,0.0,0.0,0.0,6.522645660000975,,388.9436014078072
train,2026-05-09T14:20:00+08:00,25487949887_attempt1::btc-updown-5m-1778307600,buy_up,4.0,0.61,0.6603130588288304,0.04031305882883041,4,0.01,2026-05-09T06:20:08+00:00,0.64,57.61,0.030000000000000027,price_moved,0.0,0.0,0.0,4.186844568816015,,388.9436014078072
train,2026-05-09T14:25:01+08:00,25545252940_attempt1::btc-updown-5m-1778307900,buy_down,26.0,0.4,0.43057884917079103,0.02057884917079101,4,0.01,2026-05-09T06:25:31+00:00,0.43,46.98,0.02999999999999997,price_moved,0.0,0.0,0.0,-5.943795157648832,,388.9436014078072
train,2026-05-09T14:30:00+08:00,25545252940_attempt1::btc-updown-5m-1778308200,buy_down,18.0,0.28,0.3240338500894348,0.034033850089434776,4,0.01,2026-05-09T06:30:22+00:00,0.23,589.21,-0.05000000000000002,partial_fill,3.889436014078072,0.5802168555984977,-4.05854192773364,-6.942825607844543,settle,384.88505948007355
train,2026-05-09T14:35:02+08:00,25545252940_attempt1::btc-updown-5m-1778308500,buy_down,4.0,0.41,0.5596132080887629,0.13961320808876293,4,0.01,2026-05-09T06:35:11+00:00,0.59,57.57,0.18,price_moved,0.0,0.0,0.0,9.384668175286455,,384.88505948007355
train,2026-05-09T14:40:01+08:00,25545252940_attempt1::btc-updown-5m-1778308800,buy_down,183.0,0.16,0.2076696546613021,0.0376696546613021,4,0.01,2026-05-09T06:43:09+00:00,0.13,63.3,-0.03,partial_fill,3.8488505948007354,0.5720785181933975,25.46162701175871,34.90065056730398,settle,410.34668649183226
train,2026-05-09T14:50:01+08:00,25545252940_attempt1::btc-updown-5m-1778309400,buy_down,4.0,0.59,0.6467530379402419,0.04675303794024189,4,0.01,2026-05-09T06:50:10+00:00,0.57,116.73,-0.020000000000000018,partial_fill,4.103466864918323,0.5798442899335794,3.023607163624028,4.797859498041461,settle,413.3702936554563
train,2026-05-09T14:55:01+08:00,25545252940_attempt1::btc-updown-5m-1778309700,buy_up,4.0,0.53,0.58859579592211,0.04859579592210995,4,0.01,2026-05-09T06:55:09+00:00,0.64,103.77,0.10999999999999999,price_moved,0.0,0.0,0.0,6.183807213419097,,413.3702936554563
train,2026-05-09T15:00:02+08:00,25545252940_attempt1::btc-updown-5m-1778310000,buy_down,8.0,0.45,0.4949345375452502,0.03493453754525017,4,0.01,2026-05-09T07:00:15+00:00,0.5,125.22,0.04999999999999999,price_moved,0.0,0.0,0.0,8.623991312070913,,413.3702936554563
train,2026-05-09T15:05:00+08:00,25545252940_attempt1::btc-updown-5m-1778310300,buy_down,4.0,0.5,0.5331612243861993,0.023161224386199282,4,0.01,2026-05-09T07:05:09+00:00,0.54,55.2,0.040000000000000036,price_moved,0.0,0.0,0.0,7.12744135304954,,413.3702936554563
train,2026-05-09T15:10:02+08:00,25545252940_attempt1::btc-updown-5m-1778310600,buy_down,48.0,0.39,0.42228462238764414,0.022284622387644122,4,0.01,2026-05-09T07:10:55+00:00,0.38,295.65,-0.010000000000000009,partial_fill,3.775328237861232,0.5628547302075775,-3.8746789809628432,-6.879450981221213,settle,409.4956146744934
train,2026-05-09T15:15:02+08:00,25545252940_attempt1::btc-updown-5m-1778310900,buy_down,185.0,0.21,0.24612136013401908,0.02612136013401909,4,0.01,2026-05-09T07:18:11+00:00,0.21,354.98,0.0,partial_fill,3.384994438042391,0.5628512287338178,-3.546184649377743,-6.300394257564634,settle,405.9494300251157
train,2026-05-09T15:20:01+08:00,25545252940_attempt1::btc-updown-5m-1778311200,buy_up,4.0,0.51,0.564742700957659,0.04474270095765898,4,0.01,2026-05-09T07:20:10+00:00,0.59,514.98,0.07999999999999996,price_moved,0.0,0.0,0.0,6.788117930342688,,405.9494300251157
train,2026-05-09T15:25:00+08:00,25545252940_attempt1::btc-updown-5m-1778311500,buy_up,22.0,0.61,0.6430862368797363,0.02308623687973633,4,0.01,2026-05-09T07:25:27+00:00,0.61,51.25,0.0,partial_fill,4.059494300251157,0.5576031986290736,-4.126043387140521,-7.399604947182574,settle,401.8233866379752
train,2026-05-09T15:30:02+08:00,25545252940_attempt1::btc-updown-5m-1778311800,buy_up,4.0,0.5,0.5656347652413285,0.055634765241328495,4,0.01,2026-05-09T07:30:11+00:00,0.49,155.19,-0.010000000000000009,partial_fill,4.018233866379752,0.5576031986290736,4.100238639163012,7.062135222204293,settle,405.9236252771382
train,2026-05-09T15:35:02+08:00,25545252940_attempt1::btc-updown-5m-1778312100,buy_down,31.0,0.56,0.595127553427474,0.025127553427473977,4,0.01,2026-05-09T07:35:37+00:00,0.56,323.49,0.0,partial_fill,4.059236252771383,0.5578263291607379,3.1169135512351684,5.5876056548363975,settle,409.04053882837337
train,2026-05-09T15:40:02+08:00,25545252940_attempt1::btc-updown-5m-1778312400,buy_down,48.0,0.44,0.47431928940008383,0.024319289400083828,4,0.01,2026-05-09T07:40:55+00:00,0.43,369.0,-0.010000000000000009,partial_fill,4.090405388283734,0.5578263291607378,-4.185531094988006,-7.499411426854549,settle,404.8550077333854
train,2026-05-09T15:45:01+08:00,25545252940_attempt1::btc-updown-5m-1778312700,buy_down,5.0,0.59,0.7323107923309738,0.13231079233097387,4,0.01,2026-05-09T07:45:10+00:00,0.64,28.45,0.050000000000000044,price_moved,0.0,0.0,0.0,4.920517779879709,,404.8550077333854
train,2026-05-09T15:55:02+08:00,25545252940_attempt1::btc-updown-5m-1778313300,buy_down,140.0,0.25,0.29808994489392726,0.03808994489392726,4,0.01,2026-05-09T07:57:27+00:00,0.35,56.44,0.09999999999999998,price_moved,0.0,0.0,0.0,21.628627953239242,,404.8550077333854
train,2026-05-09T16:00:02+08:00,25545252940_attempt1::btc-updown-5m-1778313600,buy_up,4.0,0.52,0.555106811355697,0.02510681135569693,4,0.01,2026-05-09T08:00:10+00:00,0.41,5.24,-0.11000000000000004,partial_fill,2.1484,0.28556787558576097,3.0392000000000006,6.799865261244743,settle,407.8942077333854
train,2026-05-09T16:05:01+08:00,25545252940_attempt1::btc-updown-5m-1778313900,buy_down,4.0,0.6,0.6997259131752781,0.08972591317527813,4,0.01,2026-05-09T08:05:09+00:00,0.6,220.54,0.0,partial_fill,4.078942077333854,0.5373212602092913,2.651312350267005,4.934314992923034,settle,410.5455200836524
train,2026-05-09T16:10:01+08:00,25545252940_attempt1::btc-updown-5m-1778314200,buy_down,192.0,0.18,0.2330651618681082,0.043065161868108194,4,0.01,2026-05-09T08:13:18+00:00,0.18,287.66,0.0,partial_fill,4.1054552008365235,0.5373212602092913,-4.333536045327442,-8.065074595484072,settle,406.21198403832494
train,2026-05-09T16:15:02+08:00,25545252940_attempt1::btc-updown-5m-1778314500,buy_up,4.0,0.47,0.5051241010126186,0.025124101012618645,4,0.01,2026-05-09T08:15:10+00:00,0.49,170.78,0.020000000000000018,price_moved,0.0,0.0,0.0,8.364195839159809,,406.21198403832494
train,2026-05-09T16:20:01+08:00,25545252940_attempt1::btc-updown-5m-1778314800,buy_down,4.0,0.54,0.571426544158109,0.02142654415810897,4,0.01,2026-05-09T08:20:10+00:00,0.54,478.52,0.0,partial_fill,4.062119840383249,0.5314414821093579,3.3850998669860406,6.369656831360161,settle,409.59708390531097
test,2026-05-31T17:40:01+08:00,26709070227_attempt1::btc-updown-5m-1780220400,buy_up,4.0,0.5,0.638971790392781,0.12897179039278095,4,0.01,2026-05-31T09:40:09+00:00,0.45,79.0,-0.04999999999999999,full_fill,1.0,1.0,1.2000000000000002,0.98,settle,101.2
test,2026-05-31T17:45:01+08:00,26709070227_attempt1::btc-updown-5m-1780220700,buy_up,4.0,0.4,0.49266365351543046,0.08266365351543044,4,0.01,2026-05-31T09:45:09+00:00,0.4,102.03,0.0,full_fill,1.012,1.0021786492374727,1.4927,1.4894549999999998,settle,102.6927
test,2026-05-31T17:50:01+08:00,26709070227_attempt1::btc-updown-5m-1780221000,buy_down,4.0,0.62,0.734124651011791,0.10412465101179104,4,0.01,2026-05-31T09:50:09+00:00,0.6,36.25,-0.020000000000000018,full_fill,1.0269270000000001,1.0021786492374727,0.6675025500000001,0.6115112637096776,settle,103.36020255
test,2026-05-31T17:55:01+08:00,26709070227_attempt1::btc-updown-5m-1780221300,buy_down,4.0,0.47,0.5914251441128917,0.11142514411289174,4,0.01,2026-05-31T09:55:09+00:00,0.47,65.97,0.0,full_fill,1.0336020255,1.0027089024910376,1.143559687787234,1.1404702650452987,settle,104.50376223778723
test,2026-05-31T18:00:02+08:00,26709070227_attempt1::btc-updown-5m-1780221600,buy_down,138.0,0.41,0.44125016241761633,0.021250162417616354,4,0.01,2026-05-31T10:02:24+00:00,0.43,123.8,0.020000000000000018,price_moved,0.0,0.0,0.0,-0.9613305400227384,,104.50376223778723
test,2026-05-31T18:05:01+08:00,26709070227_attempt1::btc-updown-5m-1780221900,buy_down,144.0,0.28,0.310394338749589,0.020394338749588965,4,0.01,2026-05-31T10:07:29+00:00,0.28,324.03,0.0,full_fill,0.740029558223589,1.0120439179985996,-0.7664591853030028,-0.7573378700983049,settle,103.73730305248422
test,2026-05-31T18:10:00+08:00,26709070227_attempt1::btc-updown-5m-1780222200,buy_down,95.0,0.37,0.4041760585704333,0.02417605857043332,4,0.01,2026-05-31T10:11:39+00:00,0.4,7.54,0.030000000000000027,price_moved,0.0,0.0,0.0,1.6478228377455344,,103.73730305248422
test,2026-05-31T18:15:01+08:00,26709070227_attempt1::btc-updown-5m-1780222500,buy_down,25.0,0.58,0.6136685406497278,0.023668540649727794,4,0.01,2026-05-31T10:15:30+00:00,0.57,389.33,-0.010000000000000009,full_fill,1.0373730305248423,0.9960318237265853,0.7643801277551471,0.7362369360709584,settle,104.50168318023937
test,2026-05-31T18:20:00+08:00,26709070227_attempt1::btc-updown-5m-1780222800,buy_down,4.0,0.48,0.5351832757856716,0.04518327578567161,4,0.01,2026-05-31T10:20:08+00:00,0.48,11808.56,0.0,full_fill,1.0450168318023938,0.9963279973286451,1.1103303837900433,1.1144225463572857,settle,105.61201356402941
test,2026-05-31T18:30:01+08:00,26709070227_attempt1::btc-updown-5m-1780223400,buy_down,33.0,0.25,0.29682070633640073,0.03682070633640073,4,0.01,2026-05-31T10:30:38+00:00,0.29,472.68,0.03999999999999998,price_moved,0.0,0.0,0.0,-1.1024130045636003,,105.61201356402941
test,2026-05-31T18:35:01+08:00,26709070227_attempt1::btc-updown-5m-1780223700,buy_down,4.0,0.65,0.6826374182791783,0.02263741827917832,4,0.01,2026-05-31T10:35:09+00:00,0.65,290.0,0.0,full_fill,1.056120135640294,1.006798703848671,0.5524320709503076,0.5487016111945076,settle,106.16444563497971
test,2026-05-31T18:40:01+08:00,26709070227_attempt1::btc-updown-5m-1780224000,buy_down,12.0,0.62,0.668156069193654,0.038156069193654,4,0.01,2026-05-31T10:40:17+00:00,0.62,25.1,0.0,full_fill,1.061644456349797,1.006798703848671,-1.0787677540328584,-1.07148305804236,settle,105.08567788094686
test,2026-05-31T18:45:01+08:00,26709070227_attempt1::btc-updown-5m-1780224300,buy_down,8.0,0.63,0.7076904572994531,0.06769045729945312,4,0.01,2026-05-31T10:45:13+00:00,0.65,238.18,0.020000000000000018,price_moved,0.0,0.0,0.0,0.5964346056422644,,105.08567788094686
test,2026-05-31T18:50:00+08:00,26709070227_attempt1::btc-updown-5m-1780224600,buy_up,37.0,0.48,0.5124695425478513,0.02246954254785128,4,0.01,2026-05-31T10:50:41+00:00,0.47,324.22,-0.010000000000000009,full_fill,1.0508567788094687,1.0010782566677128,1.1626500531509016,1.1153327125510342,settle,106.24832793409776
test,2026-05-31T18:55:02+08:00,26709070227_attempt1::btc-updown-5m-1780224900,buy_down,128.0,0.31,0.3458406661445213,0.025840666144521303,4,0.01,2026-05-31T10:57:15+00:00,0.32,221.99,0.010000000000000009,full_fill,0.9947563661444336,1.0015129411039556,-1.0258425025864473,-1.0252940716367296,settle,105.22248543151132
test,2026-05-31T19:00:01+08:00,26709070227_attempt1::btc-updown-5m-1780225200,buy_up,4.0,0.51,0.5794720939702545,0.05947209397025444,4,0.01,2026-05-31T11:00:09+00:00,0.65,7.92,0.14,price_moved,0.0,0.0,0.0,0.98882380455485,,105.22248543151132
test,2026-05-31T19:05:01+08:00,26709070227_attempt1::btc-updown-5m-1780225500,buy_down,4.0,0.31,0.34653815252953696,0.02653815252953696,4,0.01,2026-05-31T11:05:10+00:00,0.34,274.58,0.030000000000000027,price_moved,0.0,0.0,0.0,2.236789093468663,,105.22248543151132
test,2026-05-31T19:10:00+08:00,26709070227_attempt1::btc-updown-5m-1780225800,buy_up,129.0,0.27,0.317400224983174,0.037400224983173976,4,0.01,2026-05-31T11:12:13+00:00,0.27,296.06,0.0,partial_fill,1.0522248543151131,0.9716898208787372,-1.0911961452156729,-1.1229881406279028,settle,104.13128928629564
test,2026-05-31T19:15:01+08:00,26709070227_attempt1::btc-updown-5m-1780226100,buy_down,4.0,0.43,0.4820825321049003,0.04208253210490032,4,0.01,2026-05-31T11:15:09+00:00,0.42,217.0,-0.010000000000000009,partial_fill,1.0413128928629565,0.9716898208787372,-1.0661060569787413,-1.0965736687486816,settle,103.0651832293169
test,2026-05-31T19:20:01+08:00,26709070227_attempt1::btc-updown-5m-1780226400,buy_down,129.0,0.28,0.3199428565423724,0.029942856542372394,4,0.01,2026-05-31T11:22:14+00:00,0.29,26.0,0.009999999999999953,partial_fill,1.030651832293169,0.9716843849125893,-1.066191550648106,-1.0985674390554974,settle,101.9989916786688
test,2026-05-31T19:25:02+08:00,26709070227_attempt1::btc-updown-5m-1780226700,buy_up,8.0,0.54,0.5731563518430219,0.0231563518430219,4,0.01,2026-05-31T11:25:15+00:00,0.55,341.14,0.010000000000000009,partial_fill,1.019989916786688,0.9716964767054801,0.8159919334293502,0.8747501073628685,settle,102.81498361209815
test,2026-05-31T19:30:02+08:00,26709070227_attempt1::btc-updown-5m-1780227000,buy_down,4.0,0.53,0.6572124803989448,0.11721248039894473,4,0.01,2026-05-31T11:30:11+00:00,0.56,125.51,0.030000000000000027,price_moved,0.0,0.0,0.0,0.9186526599210806,,102.81498361209815
test,2026-05-31T19:35:02+08:00,26709070227_attempt1::btc-updown-5m-1780227300,buy_down,78.0,0.41,0.4430541620777006,0.02305416207770062,4,0.01,2026-05-31T11:36:24+00:00,0.38,291.35,-0.02999999999999997,partial_fill,1.0043700407667133,0.9630169940268354,-1.0308008313132058,-1.0683787279050296,settle,101.78418278078495
test,2026-05-31T19:40:02+08:00,26709070227_attempt1::btc-updown-5m-1780227600,buy_down,4.0,0.5,0.5484574512048745,0.038457451204874545,4,0.01,2026-05-31T11:40:10+00:00,0.54,22.71,0.040000000000000036,price_moved,0.0,0.0,0.0,-1.0780893766138164,,101.78418278078495
test,2026-05-31T19:45:00+08:00,26709070227_attempt1::btc-updown-5m-1780227900,buy_down,4.0,0.45,0.5363749424965649,0.07637494249656492,4,0.01,2026-05-31T11:45:08+00:00,0.51,25.0,0.06,price_moved,0.0,0.0,0.0,1.2554033705557122,,101.78418278078495
test,2026-05-31T19:50:01+08:00,26709070227_attempt1::btc-updown-5m-1780228200,buy_down,37.0,0.3,0.331487896955915,0.021487896955915027,4,0.01,2026-05-31T11:50:43+00:00,0.28,176.94,-0.019999999999999962,partial_fill,0.7811171540484028,0.9613858755314663,-0.8090141952644172,-0.8395737997195744,settle,100.97516858552054
test,2026-05-31T19:55:01+08:00,26709070227_attempt1::btc-updown-5m-1780228500,buy_up,16.0,0.28,0.32711685626134873,0.0371168562613487,4,0.01,2026-05-31T11:55:21+00:00,0.26,146.35,-0.020000000000000018,partial_fill,1.0097516858552054,0.961368168651778,-1.0485882891573286,-1.0878394772847213,settle,99.92658029636321
test,2026-05-31T20:00:01+08:00,26709070227_attempt1::btc-updown-5m-1780228800,buy_up,4.0,0.55,0.602869102949385,0.04286910294938496,4,0.01,2026-05-31T12:00:09+00:00,0.65,21.0,0.09999999999999998,price_moved,0.0,0.0,0.0,-1.0583484559694916,,99.92658029636321
test,2026-05-31T20:05:01+08:00,26709070227_attempt1::btc-updown-5m-1780229100,buy_down,126.0,0.17,0.21314184136713846,0.03314184136713844,4,0.01,2026-05-31T12:07:11+00:00,0.13,299.85,-0.04000000000000001,partial_fill,0.9975153230550277,0.9712303720921531,-1.0742472709823376,-1.087479062999511,settle,98.85233302538087
test,2026-05-31T20:10:00+08:00,26709070227_attempt1::btc-updown-5m-1780229400,buy_down,91.0,0.22,0.2820155429393131,0.05201554293931308,4,0.01,2026-05-31T12:11:35+00:00,0.23,40.3,0.010000000000000009,partial_fill,0.9885233302538088,0.9710530171431612,-1.0315026054822354,-1.0642634239911415,settle,97.82083041989864
test,2026-05-31T20:15:01+08:00,26709070227_attempt1::btc-updown-5m-1780229700,buy_up,4.0,0.54,0.6696788617530647,0.11967886175306465,4,0.01,2026-05-31T12:15:10+00:00,0.6,16.38,0.05999999999999994,price_moved,0.0,0.0,0.0,0.8394570558075051,,97.82083041989864
test,2026-05-31T20:20:01+08:00,26709070227_attempt1::btc-updown-5m-1780230000,buy_down,4.0,0.55,0.6361860444939464,0.0761860444939464,4,0.01,2026-05-31T12:20:09+00:00,0.73,16.47,0.17999999999999994,price_moved,0.0,0.0,0.0,0.8125944300216649,,97.82083041989864
test,2026-05-31T20:25:01+08:00,26709070227_attempt1::btc-updown-5m-1780230300,buy_up,195.0,0.34,0.37017861142205005,0.020178611422050026,4,0.01,2026-05-31T12:28:20+00:00,0.35,9.13,0.009999999999999953,partial_fill,0.7476850477368885,0.9554037885327662,1.367195515861739,1.4961191305034511,settle,99.18802593576038
test,2026-05-31T20:30:01+08:00,26709070227_attempt1::btc-updown-5m-1780230600,buy_down,4.0,0.54,0.575902382885724,0.025902382885724003,4,0.01,2026-05-31T12:30:09+00:00,0.61,296.45,0.06999999999999995,price_moved,0.0,0.0,0.0,0.8656918109436103,,99.18802593576038
test,2026-05-31T20:35:01+08:00,26709070227_attempt1::btc-updown-5m-1780230900,buy_up,12.0,0.59,0.621405955283159,0.021405955283159035,4,0.01,2026-05-31T12:35:18+00:00,0.63,3.06,0.040000000000000036,price_moved,0.0,0.0,0.0,0.710160739824928,,99.18802593576038
test,2026-05-31T20:40:02+08:00,26709070227_attempt1::btc-updown-5m-1780231200,buy_up,4.0,0.52,0.5759718117695684,0.045971811769568334,4,0.01,2026-05-31T12:40:11+00:00,0.35,339.85,-0.17000000000000004,partial_fill,0.9918802593576038,0.9405375390772895,1.8137239028253327,0.9531859391554007,settle,101.00174983858571
test,2026-05-31T20:45:00+08:00,26709070227_attempt1::btc-updown-5m-1780231500,buy_down,4.0,0.52,0.5578168680707082,0.027816868070708163,4,0.01,2026-05-31T12:45:08+00:00,0.45,281.63,-0.07,partial_fill,1.0100174983858572,0.949157020567486,1.2120209980630285,0.961801273605459,settle,102.21377083664873
test,2026-05-31T20:50:00+08:00,26709070227_attempt1::btc-updown-5m-1780231800,buy_down,20.0,0.29,0.3355521536561748,0.03555215365617482,4,0.01,2026-05-31T12:50:25+00:00,0.29,77.55,0.0,partial_fill,1.0221377083664873,0.9519428063720862,2.467228951229452,2.5917827570253054,settle,104.68099978787819
test,2026-05-31T20:55:01+08:00,26709070227_attempt1::btc-updown-5m-1780232100,buy_up,5.0,0.65,0.6872114592070431,0.02721145920704305,4,0.01,2026-05-31T12:55:10+00:00,0.56,36.61,-0.08999999999999997,partial_fill,1.046809997878782,0.9519428063720864,0.803800534085493,0.5752048852844293,settle,105.48480032196369
test,2026-05-31T21:00:01+08:00,26709070227_attempt1::btc-updown-5m-1780232400,buy_up,58.0,0.3,0.3313176507733731,0.021317650773373116,4,0.01,2026-05-31T13:01:03+00:00,0.45,30.0,0.15000000000000002,price_moved,0.0,0.0,0.0,-0.8696500576352427,,105.48480032196369
test,2026-05-31T21:05:01+08:00,26709070227_attempt1::btc-updown-5m-1780232700,buy_up,80.0,0.54,0.5727008896001562,0.022700889600156156,4,0.01,2026-05-31T13:06:25+00:00,0.55,76.61,0.010000000000000009,partial_fill,1.054848003219637,0.9618277675154615,0.8438784025757095,0.9139266221786428,settle,106.3286787245394
test,2026-05-31T21:10:02+08:00,26709070227_attempt1::btc-updown-5m-1780233000,buy_up,4.0,0.58,0.6294935285001273,0.039493528500127335,4,0.01,2026-05-31T13:10:11+00:00,0.57,44.33,-0.010000000000000009,partial_fill,1.063286787245394,0.9615098079228943,0.7834744748123957,0.7817224090738358,settle,107.1121531993518
test,2026-05-31T21:15:00+08:00,26709070227_attempt1::btc-updown-5m-1780233300,buy_up,4.0,0.51,0.5794186610527342,0.0594186610527342,4,0.01,2026-05-31T13:15:08+00:00,0.57,53.73,0.05999999999999994,price_moved,0.0,0.0,0.0,1.048158528872373,,107.1121531993518
test,2026-05-31T21:20:00+08:00,26709070227_attempt1::btc-updown-5m-1780233600,buy_up,4.0,0.65,0.7020778399233415,0.04207783992334147,4,0.01,2026-05-31T13:20:08+00:00,0.72,65.0,0.06999999999999995,price_moved,0.0,0.0,0.0,0.5880169346974011,,107.1121531993518
test,2026-05-31T21:30:02+08:00,26709070227_attempt1::btc-updown-5m-1780234200,buy_down,153.0,0.24,0.2729532840289985,0.022953284028998495,4,0.01,2026-05-31T13:32:39+00:00,0.25,177.68,0.010000000000000009,partial_fill,0.808741998467869,0.9478698356832238,2.393876315464892,2.6663141394202103,settle,109.50602951481669
test,2026-05-31T21:35:01+08:00,26709070227_attempt1::btc-updown-5m-1780234500,buy_down,37.0,0.21,0.25765043218999817,0.037650432189998174,4,0.01,2026-05-31T13:35:42+00:00,0.18,393.59,-0.03,partial_fill,1.095060295148167,0.9467161813312436,4.927771328166752,4.296289522410958,settle,114.43380084298344
test,2026-05-31T21:40:00+08:00,26709070227_attempt1::btc-updown-5m-1780234800,buy_up,162.0,0.18,0.2286568637343678,0.03865686373436781,4,0.01,2026-05-31T13:42:46+00:00,0.17,16.17,-0.009999999999999981,partial_fill,1.1443380084298345,0.9538882736140561,5.519748040661554,5.398453026814077,settle,119.953548883645
test,2026-05-31T21:45:01+08:00,26709070227_attempt1::btc-updown-5m-1780235100,buy_up,152.0,0.34,0.37812547271062047,0.028125472710620443,4,0.01,2026-05-31T13:47:37+00:00,0.34,128.85,0.0,partial_fill,1.19953548883645,0.9568414880834495,-1.2348159443904632,-1.290512545462254,settle,118.71873293925454
test,2026-05-31T21:50:01+08:00,26709070227_attempt1::btc-updown-5m-1780235400,buy_up,64.0,0.6,0.6331624785027358,0.02316247850273579,4,0.01,2026-05-31T13:51:10+00:00,0.62,84.88,0.020000000000000018,price_moved,0.0,0.0,0.0,0.8064781614463756,,118.71873293925454
test,2026-05-31T21:55:00+08:00,26709070227_attempt1::btc-updown-5m-1780235700,buy_down,4.0,0.47,0.5087271213049992,0.02872712130499922,4,0.01,2026-05-31T13:55:08+00:00,0.51,45.66,0.040000000000000036,price_moved,0.0,0.0,0.0,-1.2753706361963113,,118.71873293925454
test,2026-05-31T22:00:01+08:00,26709070227_attempt1::btc-updown-5m-1780236000,buy_down,4.0,0.46,0.6062018884628235,0.1362018884628235,4,0.01,2026-05-31T14:00:09+00:00,0.47,40.24,0.009999999999999953,partial_fill,1.1871873293925455,0.9604712519936432,1.3134838537960078,1.4241407725453699,settle,120.03221679305054
test,2026-05-31T22:05:00+08:00,26709070227_attempt1::btc-updown-5m-1780236300,buy_down,4.0,0.47,0.506320163519875,0.02632016351987499,4,0.01,2026-05-31T14:05:08+00:00,0.5,83.21,0.030000000000000027,price_moved,0.0,0.0,0.0,-1.2768899907803013,,120.03221679305054
test,2026-05-31T22:10:00+08:00,26709070227_attempt1::btc-updown-5m-1780236600,buy_up,4.0,0.47,0.5069083049496742,0.02690830494967423,4,0.01,2026-05-31T14:10:08+00:00,0.46,508.91,-0.009999999999999953,partial_fill,1.2003221679305054,0.9699422460264011,-1.2264161281029078,-1.2638494121510557,settle,118.80580066494763
test,2026-05-31T22:15:00+08:00,26709070227_attempt1::btc-updown-5m-1780236900,buy_down,12.0,0.3,0.3409563642708652,0.030956364270865185,4,0.01,2026-05-31T14:15:16+00:00,0.23,326.3,-0.06999999999999998,partial_fill,1.1880580066494764,0.9699377134165558,3.9257568915374,2.8172256604690493,settle,122.73155755648503
test,2026-05-31T22:20:02+08:00,26709070227_attempt1::btc-updown-5m-1780237200,buy_up,9.0,0.48,0.6100182384841896,0.12001823848418959,4,0.01,2026-05-31T14:20:16+00:00,0.51,90.98,0.030000000000000027,price_moved,0.0,0.0,0.0,1.3313687897069901,,122.73155755648503
test,2026-05-31T22:25:00+08:00,26709070227_attempt1::btc-updown-5m-1780237500,buy_down,4.0,0.48,0.5160703695574291,0.026070369557429147,4,0.01,2026-05-31T14:25:08+00:00,0.53,30.2,0.050000000000000044,price_moved,0.0,0.0,0.0,-1.2927493053290924,,122.73155755648503
test,2026-05-31T22:30:01+08:00,26709070227_attempt1::btc-updown-5m-1780237800,buy_up,4.0,0.55,0.6252346252935795,0.0652346252935795,4,0.01,2026-05-31T14:30:09+00:00,0.55,84.02,0.0,partial_fill,1.2273155755648504,0.9791584638638674,0.9818524604518801,1.0027513387132272,settle,123.7134100169369
test,2026-05-31T22:35:01+08:00,26709070227_attempt1::btc-updown-5m-1780238100,buy_up,8.0,0.6,0.7355272245188145,0.12552722451881448,4,0.01,2026-05-31T14:35:14+00:00,0.6,21.17,0.0,partial_fill,1.237134100169369,0.9791584638638672,-1.2577530018388585,-1.2845244648916443,settle,122.45565701509804
test,2026-05-31T22:40:01+08:00,26709070227_attempt1::btc-updown-5m-1780238400,buy_down,5.0,0.54,0.5873199008694243,0.03731990086942428,4,0.01,2026-05-31T14:40:10+00:00,0.58,202.87,0.039999999999999925,price_moved,0.0,0.0,0.0,1.042184535108125,,122.45565701509804
test,2026-05-31T22:45:00+08:00,26709070227_attempt1::btc-updown-5m-1780238700,buy_up,9.0,0.56,0.6719048739992187,0.10190487399921867,4,0.01,2026-05-31T14:45:13+00:00,0.55,5.0,-0.010000000000000009,partial_fill,1.2245565701509804,0.9710662451542486,0.9796452561207842,0.9683010957442095,settle,123.43530227121883
test,2026-05-31T22:55:00+08:00,26709070227_attempt1::btc-updown-5m-1780239300,buy_down,5.0,0.6,0.6684588063814118,0.05845880638141177,4,0.01,2026-05-31T14:55:09+00:00,0.59,102.34,-0.010000000000000009,partial_fill,1.2343530227121884,0.971375995152703,0.8368495069235176,0.8259720939848777,settle,124.27215177814234
test,2026-05-31T23:00:01+08:00,26709070227_attempt1::btc-updown-5m-1780239600,buy_down,166.0,0.21,0.24728332150021343,0.027283321500213432,4,0.01,2026-05-31T15:02:51+00:00,0.27,249.6,0.060000000000000026,price_moved,0.0,0.0,0.0,-1.1568561011774763,,124.27215177814234
test,2026-05-31T23:05:02+08:00,26709070227_attempt1::btc-updown-5m-1780239900,buy_up,4.0,0.65,0.69061311132934,0.030613111329339977,4,0.01,2026-05-31T15:05:11+00:00,0.64,44.19,-0.010000000000000009,partial_fill,1.2427215177814235,0.9805147542966972,0.6796133300367159,0.6629568243762431,settle,124.95176510817906
test,2026-05-31T23:10:01+08:00,26709070227_attempt1::btc-updown-5m-1780240200,buy_down,4.0,0.38,0.4655296248901583,0.07552962489015831,4,0.01,2026-05-31T15:10:10+00:00,0.38,230.46,0.0,partial_fill,1.2495176510817907,0.980746883736635,-1.2823996945313114,-1.3075745799419545,settle,123.66936541364775
test,2026-05-31T23:15:01+08:00,26709070227_attempt1::btc-updown-5m-1780240500,buy_down,5.0,0.5,0.5730187096239716,0.06301870962397162,4,0.01,2026-05-31T15:15:10+00:00,0.49,61.23,-0.010000000000000009,partial_fill,1.2366936541364775,0.9807468837366349,-1.2619323001392628,-1.286190706426904,settle,122.40743311350849
test,2026-05-31T23:20:00+08:00,26709070227_attempt1::btc-updown-5m-1780240800,buy_up,9.0,0.36,0.4410989504251949,0.07109895042519494,4,0.01,2026-05-31T15:20:13+00:00,0.37,560.12,0.010000000000000009,partial_fill,1.224074331135085,0.9807428394362662,2.0511515819020345,2.1841914040562367,settle,124.45858469541052
test,2026-05-31T23:25:01+08:00,26709070227_attempt1::btc-updown-5m-1780241100,buy_down,4.0,0.36,0.43288099168595506,0.06288099168595508,4,0.01,2026-05-31T15:25:10+00:00,0.33,50.21,-0.02999999999999997,partial_fill,1.2445858469541053,0.9800264458355092,-1.2823005695890781,-1.305227712447733,settle,123.17628412582144
test,2026-05-31T23:30:01+08:00,26709070227_attempt1::btc-updown-5m-1780241400,buy_down,4.0,0.39,0.544932477246476,0.14493247724647595,4,0.01,2026-05-31T15:30:10+00:00,0.41,22.23,0.019999999999999962,price_moved,0.0,0.0,0.0,1.9336907856346244,,123.17628412582144
test,2026-05-31T23:35:01+08:00,26709070227_attempt1::btc-updown-5m-1780241700,buy_up,90.0,0.16,0.19079347902760174,0.020793479027601737,4,0.01,2026-05-31T15:36:36+00:00,0.17,15.0,0.010000000000000009,partial_fill,0.762280797817911,0.96515293401846,-0.8071208447483764,-0.8391658141776313,settle,122.36916328107306
test,2026-05-31T23:40:02+08:00,26709070227_attempt1::btc-updown-5m-1780242000,buy_down,4.0,0.5,0.5929271086104739,0.08292710861047393,4,0.01,2026-05-31T15:40:10+00:00,0.47,362.11,-0.030000000000000027,partial_fill,1.2236916328107306,0.9651750384915465,1.3538715937480423,1.2424873751695342,settle,123.7230348748211
test,2026-05-31T23:45:02+08:00,26709070227_attempt1::btc-updown-5m-1780242300,buy_up,4.0,0.55,0.5902576923719935,0.0302576923719935,4,0.01,2026-05-31T15:45:11+00:00,0.49,321.3,-0.06000000000000005,partial_fill,1.237230348748211,0.9663830172631254,-1.2624799477022561,-1.3035467547492945,settle,122.46055492711884
test,2026-05-31T23:55:01+08:00,26709070227_attempt1::btc-updown-5m-1780242900,buy_down,5.0,0.49,0.5321289461987861,0.03212894619878615,4,0.01,2026-05-31T15:55:10+00:00,0.49,59.36,0.0,partial_fill,1.2246055492711885,0.9663612809269098,-1.2495974992563148,-1.2930955781441615,settle,121.21095742786252
test,2026-06-01T00:00:02+08:00,26709070227_attempt1::btc-updown-5m-1780243200,buy_up,4.0,0.42,0.4977074185898422,0.06770741858984221,4,0.01,2026-05-31T16:00:11+00:00,0.4,219.87,-0.019999999999999962,partial_fill,1.2121095742786252,0.9663612809269095,1.787861622060972,1.7022679646569217,settle,122.9988190499235
test,2026-06-01T00:05:01+08:00,26709070227_attempt1::btc-updown-5m-1780243500,buy_up,4.0,0.53,0.5775895913072286,0.037589591307228616,4,0.01,2026-05-31T16:05:09+00:00,0.53,89.98,0.0,partial_fill,1.229988190499235,0.9674849568349642,1.0675369200559395,1.1034144898214087,settle,124.06635596997944
test,2026-06-01T00:10:02+08:00,26709070227_attempt1::btc-updown-5m-1780243800,buy_up,148.0,0.23,0.2662275891259074,0.02622758912590737,4,0.01,2026-05-31T16:12:35+00:00,0.18,18.39,-0.05000000000000002,partial_fill,1.0564809768601253,0.9674849568349642,-1.1151743644634655,-1.1394646754841848,settle,122.95118160551597
test,2026-06-01T00:15:01+08:00,26709070227_attempt1::btc-updown-5m-1780244100,buy_up,5.0,0.51,0.5494345927995231,0.029434592799523103,4,0.01,2026-05-31T16:15:10+00:00,0.54,86.9,0.030000000000000027,price_moved,0.0,0.0,0.0,-1.2958857687582053,,122.95118160551597
test,2026-06-01T00:20:02+08:00,26709070227_attempt1::btc-updown-5m-1780244400,buy_down,39.0,0.35,0.38226384686736836,0.022263846867368382,4,0.01,2026-05-31T16:20:45+00:00,0.23,249.39,-0.11999999999999997,partial_fill,1.05283318439508,0.9773496993280699,3.47892704408809,1.9697971783899701,settle,126.43010864960407
test,2026-06-01T00:25:02+08:00,26709070227_attempt1::btc-updown-5m-1780244700,buy_down,174.0,0.31,0.34184782147367954,0.021847821473679536,4,0.01,2026-05-31T16:28:00+00:00,0.32,217.88,0.010000000000000009,partial_fill,1.000805232853064,0.9895101555901222,-1.0320803963797225,-1.0440411013330186,settle,125.39802825322434
test,2026-06-01T00:30:00+08:00,26709070227_attempt1::btc-updown-5m-1780245000,buy_down,13.0,0.55,0.6536984893490607,0.09369848934906068,4,0.01,2026-05-31T16:30:19+00:00,0.52,15.0,-0.030000000000000027,partial_fill,1.2539802825322435,0.9895181166508632,1.1334052553656815,1.013810873338212,settle,126.53143350859003
test,2026-06-01T00:35:01+08:00,26709070227_attempt1::btc-updown-5m-1780245300,buy_up,4.0,0.55,0.6147831554854623,0.054783155485462205,4,0.01,2026-05-31T16:35:10+00:00,0.56,15.0,0.010000000000000009,full_fill,1.2653143350859002,0.9905375377875227,0.9715806501552445,1.0219213603249178,settle,127.50301415874527
test,2026-06-01T00:40:01+08:00,26709070227_attempt1::btc-updown-5m-1780245600,buy_down,21.0,0.6,0.6507974007936478,0.040797400793647805,4,0.01,2026-05-31T16:40:27+00:00,0.6,107.24,0.0,full_fill,1.2750301415874528,0.9902216776032793,0.8287695920318444,0.8369535941061079,settle,128.3317837507771
test,2026-06-01T00:45:01+08:00,26709070227_attempt1::btc-updown-5m-1780245900,buy_down,5.0,0.64,0.6867715708871431,0.03677157088714312,4,0.01,2026-05-31T16:45:10+00:00,0.65,105.47,0.010000000000000009,full_fill,1.2833178375077712,0.9902216776032792,0.6712739457732956,0.7087447773166566,settle,129.0030576965504
test,2026-06-01T00:50:00+08:00,26709070227_attempt1::btc-updown-5m-1780246200,buy_up,9.0,0.64,0.7652840891261794,0.11528408912617939,4,0.01,2026-05-31T16:50:14+00:00,0.71,169.43,0.06999999999999995,price_moved,0.0,0.0,0.0,0.7126207253176072,,129.0030576965504
test,2026-06-01T00:55:01+08:00,26709070227_attempt1::btc-updown-5m-1780246500,buy_down,5.0,0.45,0.4935942419563818,0.03359424195638178,4,0.01,2026-05-31T16:55:10+00:00,0.44,247.24,-0.010000000000000009,partial_fill,1.290030576965504,0.9846027592688287,1.6125382212068802,1.572244925972161,settle,130.61559591775728
test,2026-06-01T01:00:01+08:00,26709070227_attempt1::btc-updown-5m-1780246800,buy_up,26.0,0.59,0.6286238450891571,0.02862384508915717,4,0.01,2026-05-31T17:00:31+00:00,0.59,114.0,0.0,partial_fill,1.3061559591775729,0.9850892230826966,-1.328294195773803,-1.34839988566426,settle,129.28730172198348
test,2026-06-01T01:05:01+08:00,26709070227_attempt1::btc-updown-5m-1780247100,buy_up,4.0,0.54,0.608019847458531,0.058019847458530956,4,0.01,2026-05-31T17:05:09+00:00,0.54,129.08,0.0,partial_fill,1.2928730172198348,0.9850892230826966,1.0773941810165288,1.093702129483233,settle,130.364695903
test,2026-06-01T01:10:00+08:00,26709070227_attempt1::btc-updown-5m-1780247400,buy_down,9.0,0.49,0.5321347978807537,0.03213479788075369,4,0.01,2026-05-31T17:10:13+00:00,0.79,430.48,0.30000000000000004,price_moved,0.0,0.0,0.0,-1.3503873231374615,,130.364695903
test,2026-06-01T01:15:01+08:00,26709070227_attempt1::btc-updown-5m-1780247700,buy_up,96.0,0.69,0.7206558027438025,0.020655802743802527,4,0.01,2026-05-31T17:16:42+00:00,0.69,50.19,0.0,full_fill,1.3036469590300002,0.995244782083549,0.5668030256652176,0.569511175410147,settle,130.93149892866523
test,2026-06-01T01:20:00+08:00,26709070227_attempt1::btc-updown-5m-1780248000,buy_up,26.0,0.63,0.6900222464927415,0.05002224649274146,4,0.01,2026-05-31T17:20:31+00:00,0.61,90.74,-0.020000000000000018,full_fill,1.3093149892866525,0.995244782083549,0.8156388457851278,0.7517547515413938,settle,131.74713777445035
test,2026-06-01T01:25:01+08:00,26709070227_attempt1::btc-updown-5m-1780248300,buy_up,9.0,0.51,0.6150002206731147,0.09500022067311466,4,0.01,2026-05-31T17:25:14+00:00,0.51,82.45,0.0,full_fill,1.3174713777445035,0.995754641090764,1.2399730614065916,1.2452596354944498,settle,132.98711083585695
test,2026-06-01T01:30:00+08:00,26709070227_attempt1::btc-updown-5m-1780248600,buy_up,5.0,0.51,0.5878174452945525,0.06781744529455248,4,0.01,2026-05-31T17:30:09+00:00,0.51,10.0,0.0,full_fill,1.3298711083585695,0.995754641090764,1.2516433961021831,1.2569797261814564,settle,134.23875423195915
test,2026-06-01T01:35:01+08:00,26709070227_attempt1::btc-updown-5m-1780248900,buy_up,5.0,0.6,0.6612867259896293,0.05128672598962936,4,0.01,2026-05-31T17:35:10+00:00,0.6,55.33,0.0,full_fill,1.3423875423195915,0.9957546410907638,0.8725519025077345,0.8762719916142481,settle,135.11130613446687
test,2026-06-01T01:40:01+08:00,26709070227_attempt1::btc-updown-5m-1780249200,buy_down,4.0,0.56,0.6207837463184426,0.05078374631844252,4,0.01,2026-05-31T17:40:09+00:00,0.52,63.74,-0.040000000000000036,full_fill,1.3511130613446687,0.9957546410907637,-1.3770960048320662,-1.3811033597501434,settle,133.73421012963482
test,2026-06-01T01:45:02+08:00,26709070227_attempt1::btc-updown-5m-1780249500,buy_up,4.0,0.38,0.43805460630801224,0.048054606308012233,4,0.01,2026-05-31T17:45:10+00:00,0.42,21.64,0.03999999999999998,price_moved,0.0,0.0,0.0,-1.378406191138997,,133.73421012963482
test,2026-06-01T01:50:00+08:00,26709070227_attempt1::btc-updown-5m-1780249800,buy_up,22.0,0.32,0.36113137966571374,0.031131379665713728,4,0.01,2026-05-31T17:50:27+00:00,0.37,15.0,0.04999999999999999,price_moved,0.0,0.0,0.0,2.783176609667808,,133.73421012963482
test,2026-06-01T01:55:01+08:00,26709070227_attempt1::btc-updown-5m-1780250100,buy_down,134.0,0.4,0.43186600477050807,0.021866004770508048,4,0.01,2026-05-31T17:57:19+00:00,0.43,237.18,0.02999999999999997,price_moved,0.0,0.0,0.0,-1.2673517236827614,,133.73421012963482
test,2026-06-01T02:00:02+08:00,26709070227_attempt1::btc-updown-5m-1780250400,buy_down,4.0,0.4,0.5731730663891472,0.1631730663891472,4,0.01,2026-05-31T18:00:11+00:00,0.58,21.9,0.17999999999999994,price_moved,0.0,0.0,0.0,1.983044028655153,,133.73421012963482
test,2026-06-01T02:05:00+08:00,26709070227_attempt1::btc-updown-5m-1780250700,buy_up,211.0,0.48,0.5235498488233409,0.033549848823340896,4,0.01,2026-05-31T18:08:35+00:00,0.49,242.53,0.010000000000000009,partial_fill,1.3373421012963482,0.9802641512198772,-1.3646347972411716,-1.3926893005058336,settle,132.36957533239365
test,2026-06-01T02:10:00+08:00,26709070227_attempt1::btc-updown-5m-1780251000,buy_up,4.0,0.61,0.710641627117658,0.09064162711765801,4,0.01,2026-05-31T18:10:09+00:00,0.62,122.48,0.010000000000000009,partial_fill,1.3236957533239366,0.9802683619946281,0.7899474656933171,0.8411955200224898,settle,133.15952279808698
test,2026-06-01T02:15:01+08:00,26709070227_attempt1::btc-updown-5m-1780251300,buy_down,5.0,0.39,0.4652875073479399,0.06528750734793988,4,0.01,2026-05-31T18:15:10+00:00,0.39,639.33,0.0,partial_fill,1.3315952279808698,0.9800133494134641,-1.3657386953649948,-1.3935919303368536,settle,131.793784102722
test,2026-06-01T02:20:02+08:00,26709070227_attempt1::btc-updown-5m-1780251600,buy_down,142.0,0.68,0.7235342001129514,0.03353420011295139,4,0.01,2026-05-31T18:22:29+00:00,0.64,28.0,-0.040000000000000036,partial_fill,1.3179378410272198,0.9800133494134641,0.7207472568117608,0.6130779793533376,settle,132.51453135953375
test,2026-06-01T02:25:01+08:00,26709070227_attempt1::btc-updown-5m-1780251900,buy_up,5.0,0.49,0.6196082194807826,0.11960821948078261,4,0.01,2026-05-31T18:25:10+00:00,0.46,171.48,-0.02999999999999997,partial_fill,1.3251453135953375,0.9809010426647445,-1.3539528204126274,-1.378517339355711,settle,131.16057853912113
test,2026-06-01T02:30:04+08:00,26709070227_attempt1::btc-updown-5m-1780252200,buy_up,4.0,0.75,0.8186463499018284,0.05864634990182838,4,0.01,2026-05-31T18:30:13+00:00,0.75,340.58,0.0,partial_fill,1.3116057853912113,0.9808878526014186,0.4197138513251876,0.4278917821360127,settle,131.58029239044632
test,2026-06-01T02:40:02+08:00,26709070227_attempt1::btc-updown-5m-1780252800,buy_down,87.0,0.34,0.3780433818068862,0.028043381806886154,4,0.01,2026-05-31T18:41:33+00:00,0.35,141.13,0.009999999999999953,partial_fill,1.3158029239044633,0.9808878526014189,2.4060396322824475,2.5645190560225286,settle,133.98633202272876
test,2026-06-01T02:45:01+08:00,26709070227_attempt1::btc-updown-5m-1780253100,buy_up,18.0,0.28,0.31120871476363304,0.021208714763633014,4,0.01,2026-05-31T18:45:24+00:00,0.31,135.11,0.02999999999999997,price_moved,0.0,0.0,0.0,-1.0426958449315835,,133.98633202272876
test,2026-06-01T02:50:02+08:00,26709070227_attempt1::btc-updown-5m-1780253400,buy_down,4.0,0.46,0.5111288079889988,0.041128807988998824,4,0.01,2026-05-31T18:50:10+00:00,0.46,207.81,0.0,partial_fill,1.3398633202272876,0.9876198445869757,1.543755564609701,1.5631070731019001,settle,135.53008758733847
test,2026-06-01T02:55:00+08:00,26709070227_attempt1::btc-updown-5m-1780253700,buy_up,235.0,0.44,0.5218333602034252,0.07183336020342519,4,0.01,2026-05-31T18:58:59+00:00,0.39,80.0,-0.04999999999999999,partial_fill,1.3553008758733847,0.9876198445869759,-1.3900521803829586,-1.4034784498346538,settle,134.14003540695552
test,2026-06-01T03:00:00+08:00,26709070227_attempt1::btc-updown-5m-1780254000,buy_up,18.0,0.66,0.7024404126527686,0.03244041265276854,4,0.01,2026-05-31T19:00:22+00:00,0.65,245.48,-0.010000000000000009,partial_fill,1.3414003540695552,0.9875907704357032,-1.3620372825937022,-1.3788348804208905,settle,132.77799812436183
test,2026-06-01T03:05:00+08:00,26709070227_attempt1::btc-updown-5m-1780254300,buy_down,18.0,0.28,0.32567890463378063,0.0356789046337806,4,0.01,2026-05-31T19:05:22+00:00,0.39,192.11,0.10999999999999999,price_moved,0.0,0.0,0.0,3.4091839415728513,,132.77799812436183
test,2026-06-01T03:10:00+08:00,26709070227_attempt1::btc-updown-5m-1780254600,buy_down,5.0,0.45,0.4971898141038469,0.03718981410384687,4,0.01,2026-05-31T19:10:09+00:00,0.44,45.0,-0.010000000000000009,partial_fill,1.3277799812436184,0.9631653240335184,1.6597249765545232,1.6542704951418015,settle,134.43772310091634
test,2026-06-01T03:15:01+08:00,26709070227_attempt1::btc-updown-5m-1780254900,buy_up,4.0,0.43,0.46752320142072856,0.027523201420728567,4,0.01,2026-05-31T19:15:10+00:00,0.44,77.0,0.010000000000000009,partial_fill,1.3443772310091635,0.9636411962291872,1.6804715387614546,1.8168763081526387,settle,136.1181946396778
test,2026-06-01T03:20:02+08:00,26709070227_attempt1::btc-updown-5m-1780255200,buy_down,172.0,0.48,0.5147493871376725,0.024749387137672503,4,0.01,2026-05-31T19:22:58+00:00,0.51,58.81,0.030000000000000027,price_moved,0.0,0.0,0.0,1.5015996023584735,,136.1181946396778
test,2026-06-01T03:30:00+08:00,26709070227_attempt1::btc-updown-5m-1780255800,buy_down,5.0,0.43,0.5058625949212431,0.06586259492124309,4,0.01,2026-05-31T19:30:09+00:00,0.43,321.5,0.0,partial_fill,1.361181946396778,0.9530176353023285,1.7727020697260367,1.8600936688476675,settle,137.89089670940382
test,2026-06-01T03:35:00+08:00,26709070227_attempt1::btc-updown-5m-1780256100,buy_up,5.0,0.64,0.6763358631743982,0.026335863174398184,4,0.01,2026-05-31T19:35:09+00:00,0.71,360.27,0.06999999999999995,price_moved,0.0,0.0,0.0,0.7912664083496522,,137.89089670940382
test,2026-06-01T03:50:01+08:00,26709070227_attempt1::btc-updown-5m-1780257000,buy_down,63.0,0.44,0.4771628504306389,0.02716285043063888,4,0.01,2026-05-31T19:51:09+00:00,0.45,1.31,0.010000000000000009,partial_fill,0.5895,0.4052103908949057,-0.6026,-1.4878634428431854,settle,137.28829670940382
test,2026-06-01T03:55:02+08:00,26709070227_attempt1::btc-updown-5m-1780257300,buy_down,10.0,0.41,0.44489028142778975,0.02489028142778977,4,0.01,2026-05-31T19:55:17+00:00,0.57,10.0,0.15999999999999998,price_moved,0.0,0.0,0.0,2.036961664107102,,137.28829670940382
test,2026-06-01T04:00:01+08:00,26709070227_attempt1::btc-updown-5m-1780257600,buy_up,24.0,0.81,0.8838148432266105,0.06381484322661048,4,0.01,2026-05-31T20:00:30+00:00,0.86,96.09,0.04999999999999993,price_moved,0.0,0.0,0.0,0.324509065109476,,137.28829670940382
test,2026-06-01T04:10:01+08:00,26709070227_attempt1::btc-updown-5m-1780258200,buy_down,119.0,0.21,0.30819314342389686,0.08819314342389688,4,0.01,2026-05-31T20:12:05+00:00,0.18,608.87,-0.03,partial_fill,1.3728829670940383,0.9380589724086555,-1.4491542430437072,-1.533228068579154,settle,135.83914246636013
test,2026-06-01T04:15:01+08:00,26709070227_attempt1::btc-updown-5m-1780258500,buy_down,5.0,0.53,0.5989694965946996,0.05896949659469953,4,0.01,2026-05-31T20:15:11+00:00,0.64,25.0,0.10999999999999999,price_moved,0.0,0.0,0.0,-1.4755281992401716,,135.83914246636013
test,2026-06-01T04:20:02+08:00,26709070227_attempt1::btc-updown-5m-1780258800,buy_up,9.0,0.47,0.5974938743492749,0.11749387434927495,4,0.01,2026-05-31T20:20:16+00:00,0.47,154.22,0.0,partial_fill,1.3583914246636013,0.9476389241215293,-1.38729336986921,-1.4639472214116203,settle,134.45184909649092
test,2026-06-01T04:30:01+08:00,26709070227_attempt1::btc-updown-5m-1780259400,buy_up,5.0,0.51,0.5623747690975179,0.042374769097517924,4,0.01,2026-05-31T20:30:11+00:00,0.51,339.77,0.0,partial_fill,1.3445184909649093,0.9476389241215294,-1.3708815986308878,-1.4466286300994957,settle,133.08096749786003
test,2026-06-01T04:35:01+08:00,26709070227_attempt1::btc-updown-5m-1780259700,buy_up,5.0,0.65,0.6970363510092854,0.03703635100928538,4,0.01,2026-05-31T20:35:11+00:00,0.6,219.12,-0.050000000000000044,partial_fill,1.3308096749786003,0.9476389241215292,0.8650262887360903,0.7345791865125344,settle,133.94599378659612
test,2026-06-01T04:40:01+08:00,26709070227_attempt1::btc-updown-5m-1780260000,buy_up,98.0,0.6,0.6339086456212376,0.02390864562123763,4,0.01,2026-05-31T20:41:44+00:00,0.6,446.7,0.0,partial_fill,1.3394599378659613,0.948835437914612,0.8706489596128748,0.9175974303051133,settle,134.816642746209
test,2026-06-01T04:45:01+08:00,26709070227_attempt1::btc-updown-5m-1780260300,buy_up,205.0,0.24,0.30012362430640904,0.05012362430640905,4,0.01,2026-05-31T20:48:31+00:00,0.24,254.56,0.0,partial_fill,1.34816642746209,0.948835437914612,-1.4043400286063437,-1.4800670089777188,settle,133.41230271760264
test,2026-06-01T04:50:02+08:00,26709070227_attempt1::btc-updown-5m-1780260600,buy_up,9.0,0.47,0.5684308675437241,0.0884308675437241,4,0.01,2026-05-31T20:50:16+00:00,0.47,123.04,0.0,partial_fill,1.3341230271760265,0.9488354379146121,1.4760510087904974,1.5556448987978575,settle,134.88835372639315
test,2026-06-01T04:55:01+08:00,26709070227_attempt1::btc-updown-5m-1780260900,buy_up,5.0,0.58,0.613740598576165,0.02374059857616507,4,0.01,2026-05-31T20:55:11+00:00,0.56,1.26,-0.019999999999999907,partial_fill,0.7056000000000001,0.49633512938452584,-0.7182000000000001,-1.446130799025722,settle,134.17015372639315
test,2026-06-01T05:00:01+08:00,26709070227_attempt1::btc-updown-5m-1780261200,buy_down,4.0,0.43,0.5049142756018635,0.06491427560186354,4,0.01,2026-05-31T21:00:10+00:00,0.45,51.77,0.020000000000000018,price_moved,0.0,0.0,0.0,-1.4398834227713575,,134.17015372639315
test,2026-06-01T05:05:01+08:00,26709070227_attempt1::btc-updown-5m-1780261500,buy_down,5.0,0.63,0.6725829165731871,0.03258291657318713,4,0.01,2026-05-31T21:05:11+00:00,0.63,83.48,0.0,partial_fill,1.3417015372639316,0.9633401093461547,0.7666865927222466,0.7958628373136232,settle,134.9368403191154
test,2026-06-01T05:10:02+08:00,26709070227_attempt1::btc-updown-5m-1780261800,buy_up,195.0,0.33,0.36302933488857897,0.023029334888578952,4,0.01,2026-05-31T21:13:22+00:00,0.28,238.62,-0.04999999999999999,partial_fill,1.1595170464610491,0.9633401093461547,-1.2009283695489437,-1.2401164604966806,settle,133.73591194956646
test,2026-06-01T05:20:02+08:00,26709070227_attempt1::btc-updown-5m-1780262400,buy_up,10.0,0.55,0.5857877647251154,0.025787764725115354,4,0.01,2026-05-31T21:20:17+00:00,0.53,246.21,-0.020000000000000018,partial_fill,1.3373591194956647,0.9632949147619714,1.1607267829585013,1.1106539432536078,settle,134.89663873252496
test,2026-06-01T05:25:02+08:00,26709070227_attempt1::btc-updown-5m-1780262700,buy_down,5.0,0.41,0.6173103753424052,0.1973103753424052,4,0.01,2026-05-31T21:25:12+00:00,0.42,329.88,0.010000000000000009,partial_fill,1.3489663873252498,0.9639440353244797,1.8307400970842678,1.9796729310481382,settle,136.72737882960922
test,2026-06-01T05:30:02+08:00,26709070227_attempt1::btc-updown-5m-1780263000,buy_down,5.0,0.47,0.5349074366232904,0.05490743662329046,4,0.01,2026-05-31T21:30:12+00:00,0.47,60.0,0.0,partial_fill,1.3672737882960921,0.9633975817897151,-1.3963647199619666,-1.4494168828698148,settle,135.33101410964724
test,2026-06-01T05:35:02+08:00,26709070227_attempt1::btc-updown-5m-1780263300,buy_up,15.0,0.53,0.5668926527626102,0.02689265276261022,4,0.01,2026-05-31T21:35:21+00:00,0.46,17.91,-0.07,partial_fill,1.3533101410964725,0.9633975817897152,1.5592486408285446,1.2191966100592664,settle,136.89026275047578
test,2026-06-01T05:45:02+08:00,26709070227_attempt1::btc-updown-5m-1780263900,buy_up,5.0,0.47,0.710785500919431,0.23078550091943106,4,0.01,2026-05-31T21:45:12+00:00,0.5,34.97,0.030000000000000027,price_moved,0.0,0.0,0.0,1.5676545051970199,,136.89026275047578
test,2026-06-01T06:00:01+08:00,26709070227_attempt1::btc-updown-5m-1780264800,buy_up,5.0,0.36,0.4492744177089586,0.07927441770895861,4,0.01,2026-05-31T22:00:11+00:00,0.56,126.39,0.20000000000000007,price_moved,0.0,0.0,0.0,-1.4723893468042777,,136.89026275047578
test,2026-06-01T06:05:01+08:00,26709070227_attempt1::btc-updown-5m-1780265100,buy_up,73.0,0.61,0.6497289030081218,0.029728903008121817,4,0.01,2026-05-31T22:06:19+00:00,0.54,872.56,-0.06999999999999995,partial_fill,1.3689026275047578,0.9654633502654726,1.140752189587298,0.8832639930049551,settle,138.03101494006307
test,2026-06-01T06:10:02+08:00,26709070227_attempt1::btc-updown-5m-1780265400,buy_down,191.0,0.21,0.24948757784208098,0.029487577842080982,4,0.01,2026-05-31T22:13:18+00:00,0.12,101.74,-0.09,partial_fill,1.2880380688818205,0.9674819414995999,-1.3953745746219721,-1.3947270301784833,settle,136.6356403654411
test,2026-06-01T06:15:00+08:00,26709070227_attempt1::btc-updown-5m-1780265700,buy_up,44.0,0.56,0.6098125056894429,0.03981250568944284,4,0.01,2026-05-31T22:15:49+00:00,0.68,76.52,0.12,price_moved,0.0,0.0,0.0,-1.4379843112279374,,136.6356403654411
test,2026-06-01T06:25:02+08:00,26709070227_attempt1::btc-updown-5m-1780266300,buy_up,5.0,0.48,0.8173372148514115,0.32733721485141154,4,0.01,2026-05-31T22:25:12+00:00,0.49,5.0,0.010000000000000009,partial_fill,1.3663564036544111,0.9771018280399623,1.3942412282187868,1.485775215255699,settle,138.0298815936599
test,2026-06-01T06:30:01+08:00,26709070227_attempt1::btc-updown-5m-1780266600,buy_down,161.0,0.28,0.33062622469063285,0.040626224690632824,4,0.01,2026-05-31T22:32:47+00:00,0.25,27.76,-0.030000000000000027,partial_fill,1.380298815936599,0.9766948718433608,-1.435510768574063,-1.4637070833820482,settle,136.59437082508583
test,2026-06-01T06:35:02+08:00,26709070227_attempt1::btc-updown-5m-1780266900,buy_up,15.0,0.49,0.522717483511583,0.022717483511582988,4,0.01,2026-05-31T22:35:21+00:00,0.36,280.4,-0.13,partial_fill,1.3659437082508583,0.976652575421628,-1.4038865890356045,-1.427140157653644,settle,135.19048423605022
test,2026-06-01T06:40:01+08:00,26709070227_attempt1::btc-updown-5m-1780267200,buy_up,10.0,0.41,0.456615099574787,0.03661509957478704,4,0.01,2026-05-31T22:40:15+00:00,0.42,196.89,0.010000000000000009,partial_fill,1.3519048423605022,0.9765798578759207,1.8347280003463964,1.958314762673025,settle,137.0252122363966
test,2026-06-01T06:45:01+08:00,26709070227_attempt1::btc-updown-5m-1780267500,buy_down,132.0,0.16,0.19175235171385363,0.021752351713853625,4,0.01,2026-05-31T22:47:18+00:00,0.09,632.42,-0.07,partial_fill,0.8870894673308151,0.9760262411764448,-0.9856549637009056,-0.9656836253735531,settle,136.0395572726957
test,2026-06-01T06:50:02+08:00,26709070227_attempt1::btc-updown-5m-1780267800,buy_up,53.0,0.29,0.3221574479670624,0.022157447967062434,4,0.01,2026-05-31T22:51:00+00:00,0.33,490.24,0.040000000000000036,price_moved,0.0,0.0,0.0,2.6256860611199957,,136.0395572726957
test,2026-06-01T06:55:02+08:00,26709070227_attempt1::btc-updown-5m-1780268100,buy_up,19.0,0.41,0.4472085187804636,0.027208518780463604,4,0.01,2026-05-31T22:55:26+00:00,0.44,8.57,0.030000000000000027,price_moved,0.0,0.0,0.0,-1.4551556889303814,,136.0395572726957
test,2026-06-01T07:00:02+08:00,26709070227_attempt1::btc-updown-5m-1780268400,buy_up,5.0,0.61,0.7044472779653008,0.08444727796530084,4,0.01,2026-05-31T23:00:12+00:00,0.54,327.63,-0.06999999999999995,partial_fill,1.360395572726957,0.967593619943902,1.133662977272464,0.8758424194216258,settle,137.17322024996815
test,2026-06-01T07:05:02+08:00,26709070227_attempt1::btc-updown-5m-1780268700,buy_up,191.0,0.12,0.1510509839404277,0.02105098394042771,4,0.01,2026-05-31T23:08:17+00:00,0.11,65.8,-0.009999999999999995,partial_fill,0.8203497887894411,0.969616665146891,-0.8949270423157538,-0.9165604337606209,settle,136.2782932076524
test,2026-06-01T07:10:00+08:00,26709070227_attempt1::btc-updown-5m-1780269000,buy_down,10.0,0.41,0.5412192166899453,0.12121921668994536,4,0.01,2026-05-31T23:10:15+00:00,0.42,7.5,0.010000000000000009,partial_fill,1.3627829320765241,0.9695724492213661,1.8494911221038546,1.9883395730922213,settle,138.12778432975625
test,2026-06-01T07:15:02+08:00,26709070227_attempt1::btc-updown-5m-1780269300,buy_up,5.0,0.61,0.6416068802700204,0.021606880270020452,4,0.01,2026-05-31T23:15:12+00:00,0.7,37.51,0.08999999999999997,price_moved,0.0,0.0,0.0,0.8879751438859901,,138.12778432975625
test,2026-06-01T07:20:01+08:00,26709070227_attempt1::btc-updown-5m-1780269600,buy_down,15.0,0.62,0.7937094392138556,0.1637094392138556,4,0.01,2026-05-31T23:20:20+00:00,0.55,267.91,-0.06999999999999995,partial_fill,1.3812778432975625,0.9630236413086074,1.1050222746380498,0.8559613031722056,settle,139.2328066043943
test,2026-06-01T07:25:00+08:00,26709070227_attempt1::btc-updown-5m-1780269900,buy_down,5.0,0.45,0.4849308790470475,0.0249308790470475,4,0.01,2026-05-31T23:25:10+00:00,0.39,171.35,-0.06,partial_fill,1.3923280660439432,0.9649691436142814,-1.4280287856860956,-1.474936995812085,settle,137.8047778187082
test,2026-06-01T07:30:02+08:00,26709070227_attempt1::btc-updown-5m-1780270200,buy_down,5.0,0.47,0.6255068821820046,0.14550688218200458,4,0.01,2026-05-31T23:30:12+00:00,0.5,27.61,0.030000000000000027,price_moved,0.0,0.0,0.0,1.5800518396209318,,137.8047778187082
test,2026-06-01T07:35:02+08:00,26709070227_attempt1::btc-updown-5m-1780270500,buy_down,5.0,0.53,0.6155395813104115,0.07553958131041151,4,0.01,2026-05-31T23:35:12+00:00,0.49,75.05,-0.040000000000000036,partial_fill,1.3780477781870821,0.9543767505768571,1.4061712022317165,1.253217313956526,settle,139.21094902093992
test,2026-06-01T07:40:01+08:00,26709070227_attempt1::btc-updown-5m-1780270800,buy_down,10.0,0.45,0.5345829704010491,0.07458297040104907,4,0.01,2026-05-31T23:40:16+00:00,0.38,278.99,-0.07,partial_fill,1.3921094902093993,0.9558194969874041,-1.4287439504780677,-1.4888221689803531,settle,137.78220507046186
test,2026-06-01T07:45:01+08:00,26709070227_attempt1::btc-updown-5m-1780271100,buy_up,5.0,0.53,0.627803125822771,0.08780312582277096,4,0.01,2026-05-31T23:45:11+00:00,0.65,81.12,0.12,price_moved,0.0,0.0,0.0,1.2511724416299042,,137.78220507046186
test,2026-06-01T07:50:02+08:00,26709070227_attempt1::btc-updown-5m-1780271400,buy_up,5.0,0.59,0.6703247852758676,0.07032478527586762,4,0.01,2026-05-31T23:50:12+00:00,0.54,317.32,-0.04999999999999993,partial_fill,1.3778220507046186,0.9475558957381891,1.1481850422538487,0.9858169304279247,settle,138.9303901127157
test,2026-06-01T07:55:02+08:00,26709070227_attempt1::btc-updown-5m-1780271700,buy_up,222.0,0.29,0.33308962007971704,0.03308962007971706,4,0.01,2026-05-31T23:58:49+00:00,0.26,452.29,-0.02999999999999997,partial_fill,1.389303901127157,0.9490181733550692,3.900737876241633,3.533643790275267,settle,142.83112798895735
test,2026-06-01T08:00:02+08:00,26709070227_attempt1::btc-updown-5m-1780272000,buy_down,5.0,0.5,0.5800634674581413,0.07006346745814131,4,0.01,2026-06-01T00:00:12+00:00,0.51,40.87,0.010000000000000009,partial_fill,1.4283112798895734,0.9526682432525885,-1.45631738341682,-1.529260071179985,settle,141.37481060554052
test,2026-06-01T08:05:00+08:00,26709070227_attempt1::btc-updown-5m-1780272300,buy_down,20.0,0.59,0.7019933081157604,0.10199330811576048,4,0.01,2026-06-01T00:05:25+00:00,0.8,25.14,0.21000000000000008,price_moved,0.0,0.0,0.0,1.0060894772043532,,141.37481060554052
test,2026-06-01T08:10:01+08:00,26709070227_attempt1::btc-updown-5m-1780272600,buy_up,5.0,0.33,0.4188732579866484,0.07887325798664836,4,0.01,2026-06-01T00:10:11+00:00,0.45,341.81,0.12,price_moved,0.0,0.0,0.0,2.988085747296928,,141.37481060554052
test,2026-06-01T08:15:01+08:00,26709070227_attempt1::btc-updown-5m-1780272900,buy_up,15.0,0.68,0.7442438156674522,0.054243815667452185,4,0.01,2026-06-01T00:15:21+00:00,0.68,221.57,0.0,partial_fill,1.4137481060554051,0.9277026646307609,-1.4345385193797493,-1.5463343742261604,settle,139.94027208616077
test,2026-06-01T08:20:01+08:00,26709070227_attempt1::btc-updown-5m-1780273200,buy_up,5.0,0.42,0.560108129021811,0.13010812902181096,4,0.01,2026-06-01T00:20:11+00:00,0.4,272.81,-0.019999999999999962,partial_fill,1.3994027208616078,0.9277026646307608,2.0641190132708713,2.0471962400145913,settle,142.00439109943164
test,2026-06-01T08:25:00+08:00,26709070227_attempt1::btc-updown-5m-1780273500,buy_up,15.0,0.54,0.5858599282355542,0.03585992823555418,4,0.01,2026-06-01T00:25:20+00:00,0.49,1.75,-0.050000000000000044,partial_fill,0.8574999999999999,0.5608488826361541,0.8749999999999999,1.2741102914827647,settle,142.87939109943164
test,2026-06-01T08:30:00+08:00,26709070227_attempt1::btc-updown-5m-1780273800,buy_down,10.0,0.17,0.2906430393496593,0.11064303934965929,4,0.01,2026-06-01T00:30:15+00:00,0.13,194.96,-0.04000000000000001,partial_fill,1.4287939109943164,0.9267811601071763,9.452021257347017,7.4363072424070555,settle,152.33141235677866
test,2026-06-01T08:40:02+08:00,26709070227_attempt1::btc-updown-5m-1780274400,buy_up,5.0,0.45,0.5543752340261013,0.09437523402610133,4,0.01,2026-06-01T00:40:11+00:00,0.33,187.0,-0.12,partial_fill,1.5233141235677865,0.9426235731004614,3.0466282471355726,1.9392438301418595,settle,155.37804060391423
test,2026-06-01T08:50:02+08:00,26709070227_attempt1::btc-updown-5m-1780275000,buy_up,34.0,0.19,0.22056972351193851,0.02056972351193851,4,0.01,2026-06-01T00:50:41+00:00,0.17,623.58,-0.01999999999999999,partial_fill,0.9864454737806392,0.9500751428482912,-1.0444716781206769,-1.092927927256598,settle,154.33356892579354
test,2026-06-01T08:55:01+08:00,26709070227_attempt1::btc-updown-5m-1780275300,buy_down,15.0,0.53,0.5701830262366123,0.030183026236612294,4,0.01,2026-06-01T00:55:21+00:00,0.51,327.97,-0.020000000000000018,partial_fill,1.5433356892579355,0.9500375434472627,1.452551236948645,1.4099431220899086,settle,155.78612016274218
test,2026-06-01T09:00:01+08:00,26709070227_attempt1::btc-updown-5m-1780275600,buy_down,5.0,0.52,0.6289526743770159,0.09895267437701584,4,0.01,2026-06-01T01:00:11+00:00,0.37,60.0,-0.15000000000000002,partial_fill,1.5578612016274218,0.9507274763037966,2.61047012164595,1.4810415081210477,settle,158.39659028438814
test,2026-06-01T09:10:02+08:00,26709070227_attempt1::btc-updown-5m-1780276200,buy_down,191.0,0.21,0.2530927767422391,0.03309277674223913,4,0.01,2026-06-01T01:13:18+00:00,0.25,40.0,0.04000000000000001,price_moved,0.0,0.0,0.0,6.141235398811235,,158.39659028438814
test,2026-06-01T09:15:02+08:00,26709070227_attempt1::btc-updown-5m-1780276500,buy_up,5.0,0.63,0.6681135425446697,0.028113542544669697,4,0.01,2026-06-01T01:15:12+00:00,0.65,13.46,0.020000000000000018,price_moved,0.0,0.0,0.0,0.9798982196784519,,158.39659028438814
test,2026-06-01T09:20:02+08:00,26709070227_attempt1::btc-updown-5m-1780276800,buy_up,20.0,0.6,0.6380162751047521,0.028016275104752138,4,0.01,2026-06-01T01:20:27+00:00,0.68,71.64,0.08000000000000007,price_moved,0.0,0.0,0.0,-1.7533645477446436,,158.39659028438814
test,2026-06-01T09:25:02+08:00,26709070227_attempt1::btc-updown-5m-1780277100,buy_up,4.0,0.53,0.6222298834488642,0.08222988344886419,4,0.01,2026-06-01T01:25:11+00:00,0.52,349.07,-0.010000000000000009,partial_fill,1.5839659028438815,0.9278763751571363,-1.6144267855908792,-1.7392964140086409,settle,156.78216349879727
test,2026-06-01T09:30:02+08:00,26709070227_attempt1::btc-updown-5m-1780277400,buy_down,10.0,0.47,0.5222714468342159,0.042271446834215916,4,0.01,2026-06-01T01:30:17+00:00,0.45,458.92,-0.019999999999999962,partial_fill,1.5678216349879728,0.9278729737510277,-1.6026621157654832,-1.7256451986551926,settle,155.17950138303178
test,2026-06-01T09:35:01+08:00,26709070227_attempt1::btc-updown-5m-1780277700,buy_up,10.0,0.59,0.6200895062788994,0.02008950627889939,4,0.01,2026-06-01T01:35:16+00:00,0.62,384.3,0.030000000000000027,price_moved,0.0,0.0,0.0,-1.7007842085050755,,155.17950138303178
test,2026-06-01T09:40:01+08:00,26709070227_attempt1::btc-updown-5m-1780278000,buy_down,30.0,0.34,0.3836510156880157,0.03365101568801566,4,0.01,2026-06-01T01:40:36+00:00,0.32,108.97,-0.020000000000000018,partial_fill,1.5517950138303178,0.937396959439915,3.2490708102072277,3.164792576218267,settle,158.428572193239
test,2026-06-01T09:45:02+08:00,26709070227_attempt1::btc-updown-5m-1780278300,buy_down,10.0,0.55,0.6455446696329842,0.08554466963298414,4,0.01,2026-06-01T01:45:17+00:00,0.55,239.76,0.0,partial_fill,1.58428572193239,0.9390708825817718,-1.6130909168766152,-1.7177520321381614,settle,156.8154812763624
test,2026-06-01T09:50:01+08:00,26709070227_attempt1::btc-updown-5m-1780278600,buy_down,10.0,0.52,0.6619729184321916,0.1319729184321916,4,0.01,2026-06-01T01:50:16+00:00,0.54,10.93,0.020000000000000018,price_moved,0.0,0.0,0.0,1.5093330252717276,,156.8154812763624
test,2026-06-01T10:05:01+08:00,26709070227_attempt1::btc-updown-5m-1780279500,buy_up,5.0,0.6,0.7777286798568276,0.1677286798568276,4,0.01,2026-06-01T02:05:11+00:00,0.67,75.72,0.07000000000000006,price_moved,0.0,0.0,0.0,1.0952459041149982,,156.8154812763624
test,2026-06-01T10:10:01+08:00,26709070227_attempt1::btc-updown-5m-1780279800,buy_down,10.0,0.44,0.4738595753280635,0.023859575328063494,4,0.01,2026-06-01T02:10:16+00:00,0.46,78.77,0.020000000000000018,price_moved,0.0,0.0,0.0,-1.734490388535963,,156.8154812763624
test,2026-06-01T10:15:02+08:00,26709070227_attempt1::btc-updown-5m-1780280100,buy_down,5.0,0.46,0.5648595691925903,0.09485956919259027,4,0.01,2026-06-01T02:15:11+00:00,0.5,38.26,0.03999999999999998,price_moved,0.0,0.0,0.0,1.9340405750238086,,156.8154812763624
test,2026-06-01T10:20:00+08:00,26709070227_attempt1::btc-updown-5m-1780280400,buy_up,10.0,0.5,0.6454019153218856,0.1354019153218856,4,0.01,2026-06-01T02:20:15+00:00,0.49,70.85,-0.010000000000000009,partial_fill,1.568154812763624,0.9235622460575699,1.6001579722077797,1.6639828263535972,settle,158.41563924857016
test,2026-06-01T10:25:01+08:00,26709070227_attempt1::btc-updown-5m-1780280700,buy_up,10.0,0.5,0.5778390138965953,0.06783901389659532,4,0.01,2026-06-01T02:25:16+00:00,0.71,408.11,0.20999999999999996,price_moved,0.0,0.0,0.0,1.6802898580518624,,158.41563924857016
test,2026-06-01T10:30:00+08:00,26709070227_attempt1::btc-updown-5m-1780281000,buy_down,5.0,0.32,0.4844802146467691,0.1544802146467691,4,0.01,2026-06-01T02:30:10+00:00,0.34,548.97,0.020000000000000018,price_moved,0.0,0.0,0.0,3.6250860590010077,,158.41563924857016
test,2026-06-01T10:35:01+08:00,26709070227_attempt1::btc-updown-5m-1780281300,buy_up,74.0,0.37,0.40447791659078974,0.024477916590789746,4,0.01,2026-06-01T02:36:20+00:00,0.34,200.24,-0.02999999999999997,partial_fill,1.5387638111917217,0.8962009527664301,2.94175434492535,2.877110408178703,settle,161.35739359349552
test,2026-06-01T10:40:02+08:00,26709070227_attempt1::btc-updown-5m-1780281600,buy_up,5.0,0.42,0.552262270033008,0.122262270033008,4,0.01,2026-06-01T02:40:12+00:00,0.53,163.84,0.11000000000000004,price_moved,0.0,0.0,0.0,2.437980047867603,,161.35739359349552
test,2026-06-01T10:45:01+08:00,26709070227_attempt1::btc-updown-5m-1780281900,buy_up,10.0,0.59,0.6916223768913944,0.09162237689139442,4,0.01,2026-06-01T02:45:15+00:00,0.68,70.58,0.09000000000000008,price_moved,0.0,0.0,0.0,1.234431289178993,,161.35739359349552
test,2026-06-01T10:50:01+08:00,26709070227_attempt1::btc-updown-5m-1780282200,buy_up,104.0,0.31,0.3412174820617971,0.021217482061797084,4,0.01,2026-06-01T02:51:50+00:00,0.36,179.0,0.04999999999999999,price_moved,0.0,0.0,0.0,-1.4546764935388257,,161.35739359349552
test,2026-06-01T10:55:01+08:00,26709070227_attempt1::btc-updown-5m-1780282500,buy_up,10.0,0.26,0.29936279339027155,0.029362793390271542,4,0.01,2026-06-01T02:55:16+00:00,0.33,45.0,0.07,price_moved,0.0,0.0,0.0,-1.8733950502110037,,161.35739359349552
test,2026-06-01T11:00:01+08:00,26709070227_attempt1::btc-updown-5m-1780282800,buy_up,5.0,0.66,0.7477683664280533,0.0777683664280533,4,0.01,2026-06-01T03:00:11+00:00,0.67,13.65,0.010000000000000009,partial_fill,1.6135739359349552,0.8965047981574358,0.7706621783569934,0.8999248744966528,settle,162.1280557718525
test,2026-06-01T11:05:02+08:00,26709070227_attempt1::btc-updown-5m-1780283100,buy_down,5.0,0.53,0.6261313378109793,0.08613133781097927,4,0.01,2026-06-01T03:05:11+00:00,0.55,231.84,0.020000000000000018,price_moved,0.0,0.0,0.0,-1.842978224110693,,162.1280557718525
test,2026-06-01T11:10:00+08:00,26709070227_attempt1::btc-updown-5m-1780283400,buy_down,5.0,0.55,0.6173217827108893,0.05732178271088929,4,0.01,2026-06-01T03:10:10+00:00,0.66,66.02,0.10999999999999999,price_moved,0.0,0.0,0.0,1.4323353723977323,,162.1280557718525
test,2026-06-01T11:15:01+08:00,26709070227_attempt1::btc-updown-5m-1780283700,buy_up,99.0,0.31,0.3424522564156677,0.022452256415667678,4,0.01,2026-06-01T03:16:45+00:00,0.51,64.77,0.2,price_moved,0.0,0.0,0.0,3.2204265067003632,,162.1280557718525
test,2026-06-01T11:20:01+08:00,26709070227_attempt1::btc-updown-5m-1780284000,buy_down,9.0,0.49,0.5224144347935048,0.022414434793504807,4,0.01,2026-06-01T03:20:15+00:00,0.53,6.0,0.040000000000000036,price_moved,0.0,0.0,0.0,-1.8744355451919867,,162.1280557718525
test,2026-06-01T11:25:02+08:00,26709070227_attempt1::btc-updown-5m-1780284300,buy_down,118.0,0.64,0.6779823086810143,0.027982308681014263,4,0.01,2026-06-01T03:27:05+00:00,0.62,341.97,-0.020000000000000018,partial_fill,1.621280557718525,0.8916941741033455,0.9675383973481521,0.9943294806135615,settle,163.09559416920067
test,2026-06-01T11:35:01+08:00,26709070227_attempt1::btc-updown-5m-1780284900,buy_up,232.0,0.25,0.31768656586029587,0.057686565860295864,4,0.01,2026-06-01T03:38:58+00:00,0.34,364.62,0.09000000000000002,price_moved,0.0,0.0,0.0,-1.9012716045880573,,163.09559416920067
test,2026-06-01T11:40:02+08:00,26709070227_attempt1::btc-updown-5m-1780285200,buy_down,5.0,0.54,0.7094784344086159,0.15947843440861587,4,0.01,2026-06-01T03:40:12+00:00,0.51,255.34,-0.030000000000000027,partial_fill,1.6309559416920067,0.9015124315172307,1.5350173568865946,1.5076108813304014,settle,164.63061152608725
test,2026-06-01T12:00:00+08:00,26709070227_attempt1::btc-updown-5m-1780286400,buy_up,6.0,0.53,0.6798866870241949,0.13988668702419482,4,0.01,2026-06-01T04:00:11+00:00,0.51,61.25,-0.020000000000000018,partial_fill,1.6463061152608724,0.9024766159359655,1.5494645790690564,1.5832758802801914,settle,166.1800761051563
test,2026-06-01T12:05:01+08:00,26709070227_attempt1::btc-updown-5m-1780286700,buy_down,5.0,0.5,0.6846107611539932,0.1746107611539932,4,0.01,2026-06-01T04:05:11+00:00,0.47,40.0,-0.030000000000000027,partial_fill,1.661800761051563,0.9031320092663475,1.8385880760570485,1.8032410867083364,settle,168.01866418121335
test,2026-06-01T12:10:02+08:00,26709070227_attempt1::btc-updown-5m-1780287000,buy_down,5.0,0.52,0.6935334383201864,0.1635334383201864,4,0.01,2026-06-01T04:10:11+00:00,0.65,54.37,0.13,price_moved,0.0,0.0,0.0,1.6794133422258568,,168.01866418121335
test,2026-06-01T12:15:01+08:00,26709070227_attempt1::btc-updown-5m-1780287300,buy_down,40.0,0.37,0.40077546326912855,0.020775463269128554,4,0.01,2026-06-01T04:15:46+00:00,0.38,271.88,0.010000000000000009,partial_fill,1.3851847564384299,0.8961624077333196,2.223586056388006,2.5900666917634556,settle,170.24225023760135
test,2026-06-01T12:20:02+08:00,26709070227_attempt1::btc-updown-5m-1780287600,buy_down,5.0,0.7,0.8049562032027564,0.09495620320275645,4,0.01,2026-06-01T04:20:12+00:00,0.66,70.0,-0.039999999999999925,partial_fill,1.7024225023760136,0.8956492767884624,0.8512112511880066,0.7874614993738199,settle,171.09346148878936
test,2026-06-01T12:25:01+08:00,26709070227_attempt1::btc-updown-5m-1780287900,buy_down,241.0,0.24,0.2960247941266433,0.046024794126643294,4,0.01,2026-06-01T04:29:06+00:00,0.24,429.71,0.0,partial_fill,1.7109346148878937,0.8964138088215725,5.3466706715246675,5.964511723166572,settle,176.44013216031402
test,2026-06-01T12:30:01+08:00,26709070227_attempt1::btc-updown-5m-1780288200,buy_up,15.0,0.7,0.7837577571646659,0.07375775716466594,4,0.01,2026-06-01T04:30:21+00:00,0.76,149.68,0.06000000000000005,price_moved,0.0,0.0,0.0,0.8154339598672015,,176.44013216031402
test,2026-06-01T12:35:02+08:00,26709070227_attempt1::btc-updown-5m-1780288500,buy_up,5.0,0.66,0.711383408486547,0.04138340848654699,4,0.01,2026-06-01T04:35:12+00:00,0.63,103.19,-0.030000000000000027,partial_fill,1.7644013216031402,0.8927154163822745,1.008229326630366,0.9882216041218203,settle,177.44836148694438
test,2026-06-01T12:40:01+08:00,26709070227_attempt1::btc-updown-5m-1780288800,buy_up,20.0,0.69,0.739529812708793,0.039529812708793084,4,0.01,2026-06-01T04:40:26+00:00,0.67,16.0,-0.019999999999999907,partial_fill,1.7744836148694438,0.8933498978438112,0.8475145623257043,0.8636197496890694,settle,178.29587604927008
test,2026-06-01T12:45:02+08:00,26709070227_attempt1::btc-updown-5m-1780289100,buy_down,5.0,0.49,0.5373067332821335,0.037306733282133527,4,0.01,2026-06-01T04:45:12+00:00,0.48,27.0,-0.010000000000000009,partial_fill,1.7829587604927009,0.8937308572885208,1.8943936830234949,2.0356751242670916,settle,180.1902697322936
test,2026-06-01T12:50:02+08:00,26709070227_attempt1::btc-updown-5m-1780289400,buy_up,10.0,0.65,0.7904343703294638,0.1304343703294638,4,0.01,2026-06-01T04:50:17+00:00,0.7,196.43,0.04999999999999993,price_moved,0.0,0.0,0.0,1.0541665335820045,,180.1902697322936
test,2026-06-01T12:55:02+08:00,26709070227_attempt1::btc-updown-5m-1780289700,buy_up,5.0,0.46,0.5871237891023718,0.11712378910237183,4,0.01,2026-06-01T04:55:12+00:00,0.45,228.7,-0.010000000000000009,partial_fill,1.801902697322936,0.8894507336160405,2.1622832367875233,2.3341430876759293,settle,182.3525529690811
test,2026-06-01T13:05:02+08:00,26709070227_attempt1::btc-updown-5m-1780290300,buy_down,5.0,0.44,0.5158670774951166,0.06586707749511662,4,0.01,2026-06-01T05:05:12+00:00,0.4,16.0,-0.03999999999999998,partial_fill,1.823525529690811,0.8898712776981283,2.6897001562939464,2.56150183654625,settle,185.04225312537505
test,2026-06-01T13:10:02+08:00,26709070227_attempt1::btc-updown-5m-1780290600,buy_down,208.0,0.18,0.2261349596223992,0.03613495962239922,4,0.01,2026-06-01T05:13:35+00:00,0.22,377.24,0.04000000000000001,price_moved,0.0,0.0,0.0,-2.1900840702470434,,185.04225312537505
test,2026-06-01T13:15:01+08:00,26709070227_attempt1::btc-updown-5m-1780290900,buy_down,5.0,0.63,0.7124814401624192,0.07248144016241921,4,0.01,2026-06-01T05:15:11+00:00,0.64,86.1,0.010000000000000009,partial_fill,1.8504225312537506,0.9013631583197214,1.0119498217793947,1.1730946553714239,settle,186.05420294715444
test,2026-06-01T13:20:01+08:00,26709070227_attempt1::btc-updown-5m-1780291200,buy_up,5.0,0.49,0.681071770179336,0.18107177017933596,4,0.01,2026-06-01T05:20:11+00:00,0.56,11.0,0.07000000000000006,price_moved,0.0,0.0,0.0,-2.1067822382180674,,186.05420294715444
test,2026-06-01T13:25:01+08:00,26709070227_attempt1::btc-updown-5m-1780291500,buy_down,6.0,0.6,0.7082035058136652,0.09820350581366523,4,0.01,2026-06-01T05:25:11+00:00,0.71,175.0,0.10999999999999999,price_moved,0.0,0.0,0.0,1.3283262011964916,,186.05420294715444
test,2026-06-01T13:30:01+08:00,26709070227_attempt1::btc-updown-5m-1780291800,buy_up,5.0,0.55,0.6777758498624274,0.11777584986242741,4,0.01,2026-06-01T05:30:11+00:00,0.61,107.59,0.05999999999999994,price_moved,0.0,0.0,0.0,1.6454896264667918,,186.05420294715444
test,2026-06-01T13:35:01+08:00,26709070227_attempt1::btc-updown-5m-1780292100,buy_down,5.0,0.47,0.5772048957409611,0.09720489574096115,4,0.01,2026-06-01T05:35:11+00:00,0.47,214.64,0.0,partial_fill,1.8605420294715445,0.897374638259714,2.058472032606815,2.2938825601298776,settle,188.11267497976127
test,2026-06-01T13:45:01+08:00,26709070227_attempt1::btc-updown-5m-1780292700,buy_down,4.0,0.48,0.5235595830411073,0.033559583041107295,4,0.01,2026-06-01T05:45:09+00:00,0.49,163.71,0.010000000000000009,partial_fill,1.8811267497976127,0.8973746382597141,1.919517091630217,2.227271739633798,settle,190.03219207139148
test,2026-06-01T13:50:01+08:00,26709070227_attempt1::btc-updown-5m-1780293000,buy_down,8.0,0.39,0.4479941710391066,0.04799417103910659,4,0.01,2026-06-01T05:50:13+00:00,0.35,253.49,-0.040000000000000036,partial_fill,1.9003219207139148,0.89700088788976,3.4748743693054447,3.259274572839684,settle,193.50706644069692
test,2026-06-01T13:55:00+08:00,26709070227_attempt1::btc-updown-5m-1780293300,buy_up,145.0,0.21,0.24305740637002363,0.023057406370023632,4,0.01,2026-06-01T05:57:29+00:00,0.19,3.28,-0.01999999999999999,partial_fill,0.6232,0.3970445046354872,-0.656,-1.6443400748628256,settle,192.8510664406969
test,2026-06-01T14:00:01+08:00,26709070227_attempt1::btc-updown-5m-1780293600,buy_down,53.0,0.28,0.3311968818921535,0.04119688189215349,4,0.01,2026-06-01T06:00:59+00:00,0.23,132.15,-0.05000000000000002,partial_fill,1.9285106644069692,0.9034200143715875,6.37247002151868,5.41293303678982,settle,199.22353646221558
test,2026-06-01T14:05:01+08:00,26709070227_attempt1::btc-updown-5m-1780293900,buy_down,4.0,0.61,0.6444673423642622,0.024467342364262186,4,0.01,2026-06-01T06:05:09+00:00,0.54,38.0,-0.06999999999999995,partial_fill,1.9922353646221558,0.9101922783473865,1.6601961371851295,1.3635192067598612,settle,200.8837325994007
test,2026-06-01T14:10:01+08:00,26709070227_attempt1::btc-updown-5m-1780294200,buy_up,4.0,0.53,0.5823483488788587,0.04234834887885864,4,0.01,2026-06-01T06:10:11+00:00,0.55,451.11,0.020000000000000018,price_moved,0.0,0.0,0.0,1.9115537288492215,,200.8837325994007
test,2026-06-01T14:15:01+08:00,26709070227_attempt1::btc-updown-5m-1780294500,buy_down,82.0,0.22,0.2709115672005749,0.04091156720057491,4,0.01,2026-06-01T06:16:27+00:00,0.2,18.29,-0.01999999999999999,partial_fill,2.008837325994007,0.9042471261932375,7.934907437676328,7.7754525696734325,settle,208.81864003707702
test,2026-06-01T14:20:00+08:00,26709070227_attempt1::btc-updown-5m-1780294800,buy_down,16.0,0.73,0.7762186805125859,0.03621868051258593,4,0.01,2026-06-01T06:20:20+00:00,0.74,13.39,0.010000000000000009,partial_fill,2.08818640037077,0.9081786354375557,0.7054683785036386,0.8189331845397734,settle,209.52410841558066
test,2026-06-01T14:25:01+08:00,26709070227_attempt1::btc-updown-5m-1780295100,buy_down,4.0,0.65,0.7654235178242328,0.10542351782423277,4,0.01,2026-06-01T06:25:09+00:00,0.7,54.59,0.04999999999999993,price_moved,0.0,0.0,0.0,1.2070009073248806,,209.52410841558066
test,2026-06-01T14:30:00+08:00,26709070227_attempt1::btc-updown-5m-1780295400,buy_down,21.0,0.6,0.6330979426317908,0.023097942631790776,4,0.01,2026-06-01T06:30:25+00:00,0.69,111.82,0.08999999999999997,price_moved,0.0,0.0,0.0,-2.358231272726015,,209.52410841558066
test,2026-06-01T14:35:00+08:00,26709070227_attempt1::btc-updown-5m-1780295700,buy_down,4.0,0.59,0.6861274925168078,0.08612749251680786,4,0.01,2026-06-01T06:35:08+00:00,0.55,343.05,-0.039999999999999925,partial_fill,2.0952410841558065,0.9125656485710034,1.676192867324645,1.556603004025541,settle,211.20030128290531
test,2026-06-01T14:45:01+08:00,26709070227_attempt1::btc-updown-5m-1780296300,buy_up,4.0,0.56,0.6097000329348345,0.03970003293483449,4,0.01,2026-06-01T06:45:09+00:00,0.42,3.54,-0.14000000000000007,partial_fill,1.4868,0.643203256464802,2.0178000000000003,1.7749443718223372,settle,213.2181012829053
test,2026-06-01T14:50:01+08:00,26709070227_attempt1::btc-updown-5m-1780296600,buy_up,13.0,0.61,0.6416328930110724,0.021632893011072414,4,0.01,2026-06-01T06:50:18+00:00,0.62,20.38,0.010000000000000009,partial_fill,2.132181012829053,0.9153722247913214,-2.1665710291650053,-2.3674902310026456,settle,211.0515302537403
test,2026-06-01T14:55:02+08:00,26709070227_attempt1::btc-updown-5m-1780296900,buy_up,75.0,0.56,0.592169323022127,0.022169323022126937,4,0.01,2026-06-01T06:56:21+00:00,0.47,396.94,-0.09000000000000008,partial_fill,2.110515302537403,0.9153746699831303,2.335038207062659,1.770394466117917,settle,213.38656846080298
test,2026-06-01T15:00:01+08:00,26709070227_attempt1::btc-updown-5m-1780297200,buy_down,9.0,0.51,0.6840568890733312,0.16405688907333116,4,0.01,2026-06-01T07:00:14+00:00,0.48,46.09,-0.030000000000000027,partial_fill,2.13386568460803,0.9184498368475755,2.267232289896032,2.1866672442798154,settle,215.65380075069902
test,2026-06-01T15:05:00+08:00,26709070227_attempt1::btc-updown-5m-1780297500,buy_up,4.0,0.51,0.6704204718447478,0.15042047184474783,4,0.01,2026-06-01T07:05:08+00:00,0.6,156.45,0.08999999999999997,price_moved,0.0,0.0,0.0,2.2072476418730376,,215.65380075069902
test,2026-06-01T15:10:01+08:00,26709070227_attempt1::btc-updown-5m-1780297800,buy_down,4.0,0.5,0.5984107817799623,0.08841078177996232,4,0.01,2026-06-01T07:10:09+00:00,0.46,270.45,-0.03999999999999998,partial_fill,2.1565380075069904,0.9109798152287377,2.4847068347363153,2.3199276339906563,settle,218.13850758543535
test,2026-06-01T15:15:00+08:00,26709070227_attempt1::btc-updown-5m-1780298100,buy_down,4.0,0.5,0.5732135225892341,0.06321352258923409,4,0.01,2026-06-01T07:15:08+00:00,0.5,586.79,0.0,partial_fill,2.1813850758543536,0.9125330629955387,2.1377573743372666,2.3426629248037645,settle,220.27626495977262
test,2026-06-01T15:20:01+08:00,26709070227_attempt1::btc-updown-5m-1780298400,buy_down,4.0,0.43,0.6869540987910172,0.2469540987910172,4,0.01,2026-06-01T07:20:10+00:00,0.46,0.65,0.030000000000000027,price_moved,0.0,0.0,0.0,3.1436824205539424,,220.27626495977262
test,2026-06-01T15:25:00+08:00,26709070227_attempt1::btc-updown-5m-1780298700,buy_up,4.0,0.58,0.6979876007561295,0.10798760075612958,4,0.01,2026-06-01T07:25:08+00:00,0.64,449.4,0.06000000000000005,price_moved,0.0,0.0,0.0,-2.4874967882144254,,220.27626495977262
test,2026-06-01T15:30:02+08:00,26709070227_attempt1::btc-updown-5m-1780299000,buy_down,4.0,0.65,0.7451496245821099,0.08514962458210985,4,0.01,2026-06-01T07:30:11+00:00,0.5,116.82,-0.15000000000000002,partial_fill,2.202762649597726,0.9100591907862946,2.1587073966057715,1.266087217936705,settle,222.43497235637838
test,2026-06-01T15:35:00+08:00,26709070227_attempt1::btc-updown-5m-1780299300,buy_down,138.0,0.16,0.1947747387096265,0.024774738709626494,4,0.01,2026-06-01T07:37:22+00:00,0.15,385.9,-0.010000000000000009,partial_fill,1.6401096190512698,0.9141958234716868,-1.7494502603213544,-1.9061741757081483,settle,220.685522096057
test,2026-06-01T15:40:02+08:00,26709070227_attempt1::btc-updown-5m-1780299600,buy_down,51.0,0.21,0.25952676368145783,0.039526763681457834,4,0.01,2026-06-01T07:40:57+00:00,0.26,240.38,0.05000000000000002,price_moved,0.0,0.0,0.0,8.966508527757702,,220.685522096057
test,2026-06-01T15:50:00+08:00,26709070227_attempt1::btc-updown-5m-1780300200,buy_up,12.0,0.78,0.8700521992806975,0.08005219928069753,4,0.01,2026-06-01T07:50:16+00:00,0.8,1108.21,0.020000000000000018,price_moved,0.0,0.0,0.0,0.6740798274861631,,220.685522096057
test,2026-06-01T15:55:01+08:00,26709070227_attempt1::btc-updown-5m-1780300500,buy_up,203.0,0.13,0.1835165560712254,0.043516556071225405,4,0.01,2026-06-01T07:58:28+00:00,0.25,23.72,0.12,price_moved,0.0,0.0,0.0,-2.7035786311637344,,220.685522096057
test,2026-06-01T16:00:02+08:00,26709070227_attempt1::btc-updown-5m-1780300800,buy_down,4.0,0.41,0.4663324236365356,0.04633242363653562,4,0.01,2026-06-01T08:00:11+00:00,0.36,105.58,-0.04999999999999999,partial_fill,2.2068552209605703,0.8886319103004388,-2.2681567548761414,-2.5440015509828506,settle,218.41736534118087
test,2026-06-01T16:05:01+08:00,26709070227_attempt1::btc-updown-5m-1780301100,buy_up,59.0,0.58,0.6207011533226411,0.030701153322641124,4,0.01,2026-06-01T08:06:04+00:00,0.53,65.0,-0.04999999999999993,partial_fill,2.1841736534118086,0.8886014960326583,-2.225384477061088,-2.5003692091109033,settle,216.19198086411978
test,2026-06-01T16:10:02+08:00,26709070227_attempt1::btc-updown-5m-1780301400,buy_up,5.0,0.58,0.6721370931122221,0.08213709311222218,4,0.01,2026-06-01T08:10:11+00:00,0.67,563.56,0.09000000000000008,price_moved,0.0,0.0,0.0,1.7198696809168137,,216.19198086411978
test,2026-06-01T16:15:01+08:00,26709070227_attempt1::btc-updown-5m-1780301700,buy_down,4.0,0.44,0.5895410429154861,0.13954104291548614,4,0.01,2026-06-01T08:15:09+00:00,0.48,649.67,0.03999999999999998,price_moved,0.0,0.0,0.0,-2.505871099116296,,216.19198086411978
test,2026-06-01T16:20:01+08:00,26709070227_attempt1::btc-updown-5m-1780302000,buy_down,59.0,0.39,0.4230676065583494,0.023067606558349392,4,0.01,2026-06-01T08:21:04+00:00,0.46,178.03,0.07,price_moved,0.0,0.0,0.0,-2.3514863729348323,,216.19198086411978
test,2026-06-01T16:25:01+08:00,26709070227_attempt1::btc-updown-5m-1780302300,buy_up,109.0,0.52,0.5541447940929921,0.02414479409299209,4,0.01,2026-06-01T08:26:54+00:00,0.58,550.82,0.05999999999999994,price_moved,0.0,0.0,0.0,-2.447796336508882,,216.19198086411978
test,2026-06-01T16:30:01+08:00,26709070227_attempt1::btc-updown-5m-1780302600,buy_down,4.0,0.38,0.609249190926372,0.21924919092637196,4,0.01,2026-06-01T08:30:09+00:00,0.28,216.79,-0.09999999999999998,partial_fill,2.1619198086411977,0.9094650238825128,-2.2391312303783835,-2.439689682306045,settle,213.9528496337414
test,2026-06-01T16:35:02+08:00,26709070227_attempt1::btc-updown-5m-1780302900,buy_up,21.0,0.6,0.6382390908978925,0.028239090897892567,4,0.01,2026-06-01T08:35:27+00:00,0.63,286.67,0.030000000000000027,price_moved,0.0,0.0,0.0,1.529278815858839,,213.9528496337414
test,2026-06-01T16:40:00+08:00,26709070227_attempt1::btc-updown-5m-1780303200,buy_down,8.0,0.56,0.7623448558227081,0.192344855822708,4,0.01,2026-06-01T08:40:12+00:00,0.57,415.34,0.009999999999999898,partial_fill,2.139528496337414,0.9035058733190471,1.576494681511779,1.818308310740731,settle,215.52934431525318
test,2026-06-01T16:45:02+08:00,26709070227_attempt1::btc-updown-5m-1780303500,buy_up,9.0,0.6,0.684506630622484,0.07450663062248399,4,0.01,2026-06-01T08:45:15+00:00,0.6,418.43,0.0,partial_fill,2.155293443152532,0.9032277859465268,1.4009407380491459,1.5510381321817361,settle,216.93028505330233
test,2026-06-01T16:50:01+08:00,26709070227_attempt1::btc-updown-5m-1780303800,buy_down,8.0,0.51,0.5442029710148105,0.02420297101481051,4,0.01,2026-06-01T08:50:13+00:00,0.51,94.82,0.0,partial_fill,2.169302850533023,0.9032277859465266,-2.211838200543475,-2.4488154981033996,settle,214.71844685275886
test,2026-06-01T16:55:00+08:00,26709070227_attempt1::btc-updown-5m-1780304100,buy_up,8.0,0.58,0.7128757777482561,0.1228757777482561,4,0.01,2026-06-01T08:55:12+00:00,0.59,186.67,0.010000000000000009,partial_fill,2.1471844685275885,0.9032277859465266,1.4557182837475178,1.6804590384995506,settle,216.1741651365064
test,2026-06-01T17:00:02+08:00,26709070227_attempt1::btc-updown-5m-1780304400,buy_up,12.0,0.54,0.5820284481867114,0.03202844818671136,4,0.01,2026-06-01T09:00:18+00:00,0.55,31.67,0.010000000000000009,partial_fill,2.161741651365064,0.9029683122935688,1.7293933210920507,1.9950327731455029,settle,217.90355845759845
test,2026-06-01T17:05:01+08:00,26709070227_attempt1::btc-updown-5m-1780304700,buy_up,4.0,0.51,0.5829888269648322,0.06298882696483223,4,0.01,2026-06-01T09:05:09+00:00,0.51,65.35,0.0,partial_fill,2.1790355845759843,0.9026698103721494,2.050857020777397,2.2719902640057024,settle,219.95441547837584
test,2026-06-01T17:10:01+08:00,26709070227_attempt1::btc-updown-5m-1780305000,buy_up,174.0,0.24,0.27976859857563985,0.029768598575639856,4,0.01,2026-06-01T09:12:59+00:00,0.2,414.96,-0.03999999999999998,partial_fill,2.1538600984589724,0.9026698103721494,-2.2615531033819214,-2.48552044551386,settle,217.69286237499392
test,2026-06-01T17:15:01+08:00,26709070227_attempt1::btc-updown-5m-1780305300,buy_down,9.0,0.42,0.5027878321437391,0.07278783214373914,4,0.01,2026-06-01T09:15:14+00:00,0.41,163.91,-0.010000000000000009,partial_fill,2.1769286237499395,0.9025953911431178,-2.230024443841401,-2.4692794573502863,settle,215.46283793115254
test,2026-06-01T17:20:01+08:00,26709070227_attempt1::btc-updown-5m-1780305600,buy_down,258.0,0.26,0.29067045829922705,0.02067045829922704,4,0.01,2026-06-01T09:24:23+00:00,0.41,10.0,0.14999999999999997,price_moved,0.0,0.0,0.0,-1.7311337492904109,,215.46283793115254
test,2026-06-01T17:25:00+08:00,26709070227_attempt1::btc-updown-5m-1780305900,buy_up,8.0,0.53,0.6653781251403308,0.12537812514033075,4,0.01,2026-06-01T09:25:12+00:00,0.54,399.95,0.010000000000000009,partial_fill,2.1546283793115255,0.9091833566741164,1.795523649426271,2.056851135749627,settle,217.2583615805788
test,2026-06-01T17:30:01+08:00,26709070227_attempt1::btc-updown-5m-1780306200,buy_down,4.0,0.5,0.5633336578737417,0.053333657873741676,4,0.01,2026-06-01T09:30:10+00:00,0.44,434.52,-0.06,partial_fill,2.172583615805788,0.9088715653995367,2.715729519757235,2.342610358322425,settle,219.97409110033604
test,2026-06-01T17:35:01+08:00,26709070227_attempt1::btc-updown-5m-1780306500,buy_down,4.0,0.41,0.5622500869037113,0.14225008690371127,4,0.01,2026-06-01T09:35:09+00:00,0.47,56.77,0.06,price_moved,0.0,0.0,0.0,3.4147073297752897,,219.97409110033604
test,2026-06-01T17:45:00+08:00,26709294970_attempt1::btc-updown-5m-1780307100,buy_up,64.0,0.54,0.5875622686321661,0.03756226863216606,4,0.01,2026-06-01T09:46:08+00:00,0.58,501.67,0.039999999999999925,price_moved,0.0,0.0,0.0,2.0399932582192024,,219.97409110033604
test,2026-06-01T17:50:01+08:00,26709294970_attempt1::btc-updown-5m-1780307400,buy_down,13.0,0.51,0.6278968369231045,0.10789683692310449,4,0.01,2026-06-01T09:50:19+00:00,0.51,214.24,0.0,partial_fill,2.1997409110033606,0.8911635799380442,2.070344386826692,2.323192322301398,settle,222.04443548716273
test,2026-06-01T17:55:01+08:00,26709294970_attempt1::btc-updown-5m-1780307700,buy_down,141.0,0.35,0.3816241970039935,0.021624197003993546,4,0.01,2026-06-01T09:57:27+00:00,0.37,1160.8,0.020000000000000018,price_moved,0.0,0.0,0.0,-2.131491290188054,,222.04443548716273
test,2026-06-01T18:00:01+08:00,26709294970_attempt1::btc-updown-5m-1780308000,buy_down,12.0,0.37,0.4747352148818504,0.0947352148818504,4,0.01,2026-06-01T10:00:18+00:00,0.37,321.74,0.0,partial_fill,2.2204443548716273,0.898852931844967,3.720744594649754,4.139436455986888,settle,225.76518008181247
test,2026-06-01T18:05:00+08:00,26709294970_attempt1::btc-updown-5m-1780308300,buy_up,4.0,0.59,0.6769959788773864,0.07699597887738642,4,0.01,2026-06-01T10:05:08+00:00,0.53,21.89,-0.05999999999999994,partial_fill,2.2576518008181248,0.8988529318449667,1.9594713742949759,1.7028496388652465,settle,227.72465145610744
test,2026-06-01T18:10:01+08:00,26709294970_attempt1::btc-updown-5m-1780308600,buy_up,148.0,0.27,0.3229129596650329,0.0429129596650329,4,0.01,2026-06-01T10:12:34+00:00,0.29,448.76,0.019999999999999962,price_moved,0.0,0.0,0.0,-2.622388443852479,,227.72465145610744
test,2026-06-01T18:15:01+08:00,26709294970_attempt1::btc-updown-5m-1780308900,buy_up,17.0,0.46,0.49511627863750135,0.02511627863750133,4,0.01,2026-06-01T10:15:22+00:00,0.44,34.45,-0.020000000000000018,partial_fill,2.2772465145610745,0.9099857702421541,-2.3290021171647357,-2.556910173391069,settle,225.3956493389427
test,2026-06-01T18:20:00+08:00,26709294970_attempt1::btc-updown-5m-1780309200,buy_up,149.0,0.32,0.3584575427325447,0.0284575427325447,4,0.01,2026-06-01T10:22:33+00:00,0.33,26.0,0.010000000000000009,partial_fill,2.253956493389427,0.9099766854651814,-2.322258205310319,-2.5543430627781567,settle,223.07339113363238
test,2026-06-01T18:25:02+08:00,26709294970_attempt1::btc-updown-5m-1780309500,buy_down,5.0,0.47,0.5634537019562618,0.0834537019562618,4,0.01,2026-06-01T10:25:11+00:00,0.47,213.94,0.0,partial_fill,2.230733911336324,0.9099853924595214,-2.2781963349817778,-2.503552643657539,settle,220.7951947986506
test,2026-06-01T18:30:01+08:00,26709294970_attempt1::btc-updown-5m-1780309800,buy_up,4.0,0.58,0.6169525691686352,0.026952569168635206,4,0.01,2026-06-01T10:30:10+00:00,0.67,18.0,0.09000000000000008,price_moved,0.0,0.0,0.0,-2.468193559624272,,220.7951947986506
test,2026-06-01T18:35:01+08:00,26709294970_attempt1::btc-updown-5m-1780310100,buy_up,184.0,0.26,0.290841038222342,0.020841038222341964,4,0.01,2026-06-01T10:38:09+00:00,0.28,40.0,0.020000000000000018,price_moved,0.0,0.0,0.0,4.747794370426545,,220.7951947986506
test,2026-06-01T18:40:01+08:00,26709294970_attempt1::btc-updown-5m-1780310400,buy_up,8.0,0.68,0.773823042659954,0.08382304265995401,4,0.01,2026-06-01T10:40:13+00:00,0.67,202.08,-0.010000000000000009,partial_fill,2.207951947986506,0.9015155210997401,1.0545442139637042,1.1165268990613195,settle,221.84973901261432
test,2026-06-01T18:45:00+08:00,26709294970_attempt1::btc-updown-5m-1780310700,buy_up,4.0,0.58,0.6530962154734218,0.06309621547342183,4,0.01,2026-06-01T10:45:08+00:00,0.58,345.02,0.0,partial_fill,2.218497390126143,0.9017105277017518,1.5682481550891703,1.7391924646663122,settle,223.4179871677035
test,2026-06-01T18:50:02+08:00,26709294970_attempt1::btc-updown-5m-1780311000,buy_up,5.0,0.52,0.554434631366427,0.02443463136642699,4,0.01,2026-06-01T10:50:11+00:00,0.52,113.4,0.0,partial_fill,2.234179871677035,0.9017105277017519,2.0193548840157813,2.239471340278839,settle,225.43734205171927
test,2026-06-01T18:55:00+08:00,26709294970_attempt1::btc-updown-5m-1780311300,buy_down,4.0,0.5,0.5502037970398622,0.04020379703986222,4,0.01,2026-06-01T10:55:08+00:00,0.47,83.2,-0.030000000000000027,partial_fill,2.254373420517193,0.9017105277017516,2.4942003801466814,2.4501055319136618,settle,227.93154243186595
test,2026-06-01T19:00:02+08:00,26709294970_attempt1::btc-updown-5m-1780311600,buy_down,9.0,0.45,0.6148093016488635,0.15480930164886347,4,0.01,2026-06-01T11:00:15+00:00,0.37,174.0,-0.08000000000000002,partial_fill,2.2793154243186597,0.9028390765474361,3.8193934137231595,3.029530489134386,settle,231.7509358455891
test,2026-06-01T19:05:01+08:00,26709294970_attempt1::btc-updown-5m-1780311900,buy_up,64.0,0.36,0.39057985430199593,0.020579854301995944,4,0.01,2026-06-01T11:06:09+00:00,0.38,518.56,0.020000000000000018,price_moved,0.0,0.0,0.0,3.5943053821512674,,231.7509358455891
test,2026-06-01T19:10:02+08:00,26709294970_attempt1::btc-updown-5m-1780312200,buy_down,5.0,0.41,0.6780668313143635,0.25806683131436353,4,0.01,2026-06-01T11:10:11+00:00,0.47,36.36,0.06,price_moved,0.0,0.0,0.0,3.6651007751262044,,231.7509358455891
test,2026-06-01T19:15:01+08:00,26709294970_attempt1::btc-updown-5m-1780312500,buy_down,145.0,0.31,0.3479699748505398,0.02796997485053982,4,0.01,2026-06-01T11:17:30+00:00,0.34,26.06,0.030000000000000027,price_moved,0.0,0.0,0.0,-2.712256110874261,,231.7509358455891
test,2026-06-01T19:20:01+08:00,26709294970_attempt1::btc-updown-5m-1780312800,buy_down,4.0,0.39,0.5079581981390162,0.1079581981390162,4,0.01,2026-06-01T11:20:09+00:00,0.36,80.71,-0.030000000000000027,partial_fill,2.317509358455891,0.8912210244988603,4.0556413772978095,4.000577763539534,settle,235.80657722288692
test,2026-06-01T19:25:01+08:00,26709294970_attempt1::btc-updown-5m-1780313100,buy_down,8.0,0.43,0.5078489554314202,0.06784895543142018,4,0.01,2026-06-01T11:25:13+00:00,0.44,251.81,0.010000000000000009,partial_fill,2.358065772228869,0.8930777349665663,2.9475822152860864,3.4386361428004935,settle,238.754159438173
test,2026-06-01T19:30:06+08:00,26709294970_attempt1::btc-updown-5m-1780313400,buy_down,5.0,0.49,0.6259822193857567,0.1259822193857567,4,0.01,2026-06-01T11:30:15+00:00,0.6,150.36,0.10999999999999999,price_moved,0.0,0.0,0.0,2.729354780983773,,238.754159438173
test,2026-06-01T19:35:01+08:00,26709294970_attempt1::btc-updown-5m-1780313700,buy_up,9.0,0.63,0.6985823648040347,0.05858236480403468,4,0.01,2026-06-01T11:35:14+00:00,0.65,563.03,0.020000000000000018,price_moved,0.0,0.0,0.0,1.5440349903851058,,238.754159438173
test,2026-06-01T19:40:02+08:00,26709294970_attempt1::btc-updown-5m-1780314000,buy_up,5.0,0.61,0.6589942899431398,0.03899428994313981,4,0.01,2026-06-01T11:40:11+00:00,0.73,81.81,0.12,price_moved,0.0,0.0,0.0,1.692869838638621,,238.754159438173
test,2026-06-01T19:45:01+08:00,26709294970_attempt1::btc-updown-5m-1780314300,buy_up,13.0,0.66,0.724395261663538,0.054395261663537926,4,0.01,2026-06-01T11:45:18+00:00,0.68,1.88,0.020000000000000018,price_moved,0.0,0.0,0.0,1.367215140732086,,238.754159438173
test,2026-06-01T19:50:01+08:00,26709294970_attempt1::btc-updown-5m-1780314600,buy_down,5.0,0.58,0.6303854323128923,0.040385432312892384,4,0.01,2026-06-01T11:50:10+00:00,0.57,125.41,-0.010000000000000009,partial_fill,2.3875415943817297,0.8687964341587466,1.759241174807591,1.942624133581573,settle,240.51340061298058
test,2026-06-01T20:00:01+08:00,26709294970_attempt1::btc-updown-5m-1780315200,buy_down,9.0,0.27,0.39445313174333385,0.11445313174333384,4,0.01,2026-06-01T12:00:14+00:00,0.23,155.02,-0.04000000000000001,partial_fill,2.405134006129806,0.8690547738656035,7.947399324602837,7.380076464552822,settle,248.4607999375834
test,2026-06-01T20:05:00+08:00,26709294970_attempt1::btc-updown-5m-1780315500,buy_down,4.0,0.51,0.5567528365225489,0.03675283652254891,4,0.01,2026-06-01T12:05:08+00:00,0.5,310.74,-0.010000000000000009,partial_fill,2.484607999375834,0.8744526296038991,2.4349158393883172,2.674192413037964,settle,250.8957157769717
test,2026-06-01T20:10:02+08:00,26709294970_attempt1::btc-updown-5m-1780315800,buy_down,4.0,0.41,0.7272503755232784,0.30725037552327844,4,0.01,2026-06-01T12:10:11+00:00,0.36,125.55,-0.04999999999999999,partial_fill,2.5089571577697174,0.874788957538362,4.390675026097005,4.0572716842201615,settle,255.2863908030687
test,2026-06-01T20:15:00+08:00,26709294970_attempt1::btc-updown-5m-1780316100,buy_up,4.0,0.6,0.6508923330600509,0.04089233306005092,4,0.01,2026-06-01T12:15:08+00:00,0.61,27.53,0.010000000000000009,partial_fill,2.552863908030687,0.8776817781651423,1.5903086640191166,1.890618651886522,settle,256.8766994670878
test,2026-06-01T20:20:00+08:00,26709294970_attempt1::btc-updown-5m-1780316400,buy_up,4.0,0.52,0.8630903859288664,0.3330903859288664,4,0.01,2026-06-01T12:20:08+00:00,0.54,4.82,0.020000000000000018,price_moved,0.0,0.0,0.0,2.6460550484265637,,256.8766994670878
test,2026-06-01T20:25:01+08:00,26709294970_attempt1::btc-updown-5m-1780316700,buy_up,30.0,0.57,0.6003724721294218,0.020372472129421844,4,0.01,2026-06-01T12:25:35+00:00,0.62,170.99,0.050000000000000044,price_moved,0.0,0.0,0.0,2.176639549242089,,256.8766994670878
test,2026-06-01T20:30:02+08:00,26709294970_attempt1::btc-updown-5m-1780317000,buy_down,9.0,0.51,0.5650023664654741,0.04500236646547407,4,0.01,2026-06-01T12:30:15+00:00,0.5,113.03,-0.010000000000000009,partial_fill,2.568766994670878,0.8632255748296955,2.5173916547774606,2.800731493949148,settle,259.39409112186524
test,2026-06-01T20:35:00+08:00,26709294970_attempt1::btc-updown-5m-1780317300,buy_up,4.0,0.49,0.7365361445258686,0.23653614452586857,4,0.01,2026-06-01T12:35:08+00:00,0.49,54.72,0.0,partial_fill,2.5939409112186524,0.8635575846661682,2.6468784808353596,3.065086252306594,settle,262.0409696027006
test,2026-06-01T20:40:00+08:00,26709294970_attempt1::btc-updown-5m-1780317600,buy_down,4.0,0.49,0.6423552275104679,0.14235522751046792,4,0.01,2026-06-01T12:40:08+00:00,0.51,11.0,0.020000000000000018,price_moved,0.0,0.0,0.0,3.096362642636253,,262.0409696027006
test,2026-06-01T20:45:02+08:00,26709294970_attempt1::btc-updown-5m-1780317900,buy_down,5.0,0.46,0.7232798781667857,0.2532798781667857,4,0.01,2026-06-01T12:45:11+00:00,0.47,10.19,0.009999999999999953,partial_fill,2.6204096960270062,0.8548347807806514,2.8991766849660494,3.531872779546178,settle,264.94014628766666
test,2026-06-01T20:50:00+08:00,26709294970_attempt1::btc-updown-5m-1780318200,buy_up,12.0,0.51,0.5927123931077006,0.07271239310770063,4,0.01,2026-06-01T12:50:17+00:00,0.53,533.2,0.020000000000000018,price_moved,0.0,0.0,0.0,-3.161516131142712,,264.94014628766666
test,2026-06-01T20:55:00+08:00,26709294970_attempt1::btc-updown-5m-1780318500,buy_up,4.0,0.6,0.712690340736759,0.10269034073675899,4,0.01,2026-06-01T12:55:08+00:00,0.62,257.2,0.020000000000000018,price_moved,0.0,0.0,0.0,1.9949166787510515,,264.94014628766666
test,2026-06-01T21:00:02+08:00,26709294970_attempt1::btc-updown-5m-1780318800,buy_down,9.0,0.55,0.6676754410348212,0.1076754410348212,4,0.01,2026-06-01T13:00:15+00:00,0.5,541.79,-0.050000000000000044,partial_fill,2.649401462876667,0.8576746774544733,2.5964134336191336,2.4712413995851477,settle,267.5365597212858
test,2026-06-01T21:05:01+08:00,26709294970_attempt1::btc-updown-5m-1780319100,buy_down,9.0,0.53,0.5628795342856241,0.022879534285624066,4,0.01,2026-06-01T13:05:14+00:00,0.52,51.0,-0.010000000000000009,partial_fill,2.675365597212858,0.8592062393784992,2.41811890517316,2.702512292829343,settle,269.954678626459
test,2026-06-01T21:10:02+08:00,26709294970_attempt1::btc-updown-5m-1780319400,buy_down,4.0,0.6,0.8598939016298078,0.24989390162980785,4,0.01,2026-06-01T13:10:11+00:00,0.72,31.65,0.12,price_moved,0.0,0.0,0.0,2.0415130361636273,,269.954678626459
test,2026-06-01T21:15:01+08:00,26709294970_attempt1::btc-updown-5m-1780319700,buy_up,4.0,0.6,0.8005647301198631,0.19056473011986308,4,0.01,2026-06-01T13:15:09+00:00,0.65,288.35,0.050000000000000044,price_moved,0.0,0.0,0.0,2.054782870898691,,269.954678626459
test,2026-06-01T21:20:00+08:00,26709294970_attempt1::btc-updown-5m-1780320000,buy_down,8.0,0.49,0.5291422024018698,0.029142202401869828,4,0.01,2026-06-01T13:20:12+00:00,0.45,1142.04,-0.03999999999999998,partial_fill,2.69954678626459,0.8484465722002049,3.239456143517508,3.2466859647716366,settle,273.1941347699765
test,2026-06-01T21:25:01+08:00,26709294970_attempt1::btc-updown-5m-1780320300,buy_down,4.0,0.57,0.6534066627370724,0.07340666273707243,4,0.01,2026-06-01T13:25:09+00:00,0.58,511.37,0.010000000000000009,partial_fill,2.731941347699765,0.8499549216618941,-2.779043784729071,-3.2706089139857437,settle,270.4150909852474
test,2026-06-01T21:30:01+08:00,26709294970_attempt1::btc-updown-5m-1780320600,buy_down,8.0,0.51,0.6928666570359632,0.17286665703596316,4,0.01,2026-06-01T13:30:13+00:00,0.49,120.88,-0.020000000000000018,partial_fill,2.704150909852474,0.8499575190378603,-2.7593376631147697,-3.2438956241406127,settle,267.6557533221326
test,2026-06-01T21:35:01+08:00,26709294970_attempt1::btc-updown-5m-1780320900,buy_down,12.0,0.49,0.5208059703629521,0.02080597036295207,4,0.01,2026-06-01T13:35:17+00:00,0.54,29.57,0.050000000000000044,price_moved,0.0,0.0,0.0,3.213340877288424,,267.6557533221326
test,2026-06-01T21:40:02+08:00,26709294970_attempt1::btc-updown-5m-1780321200,buy_down,13.0,0.54,0.6899526199951427,0.13995261999514264,4,0.01,2026-06-01T13:40:19+00:00,0.57,243.23,0.029999999999999916,price_moved,0.0,0.0,0.0,2.6510062237629497,,267.6557533221326
test,2026-06-01T21:45:02+08:00,26709294970_attempt1::btc-updown-5m-1780321500,buy_up,5.0,0.65,0.8259342849468618,0.1659342849468618,4,0.01,2026-06-01T13:45:11+00:00,0.66,288.73,0.010000000000000009,partial_fill,2.6765575332213265,0.8344118543981871,1.338278766610663,1.6778830160862732,settle,268.99403208874327
test,2026-06-01T21:50:01+08:00,26709294970_attempt1::btc-updown-5m-1780321800,buy_up,8.0,0.6,0.6935854209958248,0.08358542099582479,4,0.01,2026-06-01T13:50:13+00:00,0.65,974.16,0.050000000000000044,price_moved,0.0,0.0,0.0,-3.278237966929267,,268.99403208874327
test,2026-06-01T21:55:01+08:00,26709294970_attempt1::btc-updown-5m-1780322100,buy_down,4.0,0.51,0.8264415596280632,0.3064415596280632,4,0.01,2026-06-01T13:55:09+00:00,0.51,365.46,0.0,partial_fill,2.6899403208874326,0.8427886510803139,-2.742684248747971,-3.2542966083279703,settle,266.2513478399953
test,2026-06-01T22:00:02+08:00,26709294970_attempt1::btc-updown-5m-1780322400,buy_up,4.0,0.52,0.8495530972065449,0.3195530972065449,4,0.01,2026-06-01T14:00:11+00:00,0.5,15.05,-0.020000000000000018,partial_fill,2.6625134783999527,0.8427886510803138,2.6092632088319534,2.855404571395935,settle,268.86061104882725
test,2026-06-01T22:05:01+08:00,26709294970_attempt1::btc-updown-5m-1780322700,buy_down,4.0,0.51,0.9085136260190408,0.3885136260190408,4,0.01,2026-06-01T14:05:10+00:00,0.58,70.81,0.06999999999999995,price_moved,0.0,0.0,0.0,3.000211822000395,,268.86061104882725
test,2026-06-01T22:10:01+08:00,26709294970_attempt1::btc-updown-5m-1780323000,buy_down,4.0,0.53,0.8507701280987578,0.3107701280987578,4,0.01,2026-06-01T14:10:09+00:00,0.51,179.53,-0.020000000000000018,partial_fill,2.6886061104882724,0.8355606180521808,2.530452809871315,2.7927443441205555,settle,271.39106385869854
test,2026-06-01T22:15:01+08:00,26709294970_attempt1::btc-updown-5m-1780323300,buy_up,4.0,0.41,0.5211235201354457,0.10112352013544575,4,0.01,2026-06-01T14:15:09+00:00,0.41,497.42,0.0,partial_fill,2.7139106385869853,0.8361674158866413,-2.780103580991546,-3.3248169304033763,settle,268.610960277707
test,2026-06-01T22:20:01+08:00,26709294970_attempt1::btc-updown-5m-1780323600,buy_down,42.0,0.48,0.5291125668388431,0.03911256683884313,4,0.01,2026-06-01T14:20:47+00:00,0.48,476.24,0.0,partial_fill,2.68610960277707,0.8361674158866415,-2.7420702195015925,-3.279331587674941,settle,265.8688900582054
test,2026-06-01T22:25:00+08:00,26709294970_attempt1::btc-updown-5m-1780323900,buy_down,4.0,0.56,0.7085509213745159,0.13855092137451586,4,0.01,2026-06-01T14:25:08+00:00,0.56,236.07,0.0,partial_fill,2.658688900582054,0.8361674158866413,2.0414932629469336,2.441488659041095,settle,267.9103833211523
test,2026-06-01T22:30:00+08:00,26709294970_attempt1::btc-updown-5m-1780324200,buy_down,8.0,0.44,0.4720703407291341,0.022070340729134115,4,0.01,2026-06-01T14:30:12+00:00,0.44,6.45,0.0,partial_fill,2.639675644986947,0.8361674158866415,3.299594556233684,3.9460932028006788,settle,271.209977877386
test,2026-06-01T22:35:02+08:00,26709294970_attempt1::btc-updown-5m-1780324500,buy_up,5.0,0.56,0.6404821363394987,0.07048213633949864,4,0.01,2026-06-01T14:35:11+00:00,0.6,155.65,0.039999999999999925,price_moved,0.0,0.0,0.0,2.4905361626230946,,271.209977877386
test,2026-06-01T22:40:01+08:00,26709294970_attempt1::btc-updown-5m-1780324800,buy_up,5.0,0.59,0.6646425775750893,0.0646425775750893,4,0.01,2026-06-01T14:40:10+00:00,0.59,592.43,0.0,partial_fill,2.71209977877386,0.8297957697971277,1.8387117144229561,2.21586055430542,settle,273.04868959180897
test,2026-06-01T22:45:00+08:00,26709294970_attempt1::btc-updown-5m-1780325100,buy_up,4.0,0.53,0.5744527091814923,0.03445270918149224,4,0.01,2026-06-01T14:45:08+00:00,0.49,353.36,-0.040000000000000036,partial_fill,2.73048689591809,0.8297957697971278,2.786211118283765,2.8559515936717585,settle,275.8349007100927
test,2026-06-01T22:50:01+08:00,26709294970_attempt1::btc-updown-5m-1780325400,buy_down,111.0,0.41,0.44016462665007966,0.020164626650079683,4,0.01,2026-06-01T14:51:56+00:00,0.4,4.61,-0.009999999999999953,partial_fill,1.8440000000000003,0.6502206671388386,2.7199,4.01184628186643,settle,278.5548007100927
test,2026-06-01T22:55:00+08:00,26709294970_attempt1::btc-updown-5m-1780325700,buy_down,12.0,0.51,0.5455217518562879,0.025521751856287918,4,0.01,2026-06-01T14:55:16+00:00,0.5,189.19,-0.010000000000000009,partial_fill,2.7855480071009273,0.8292219524196125,-2.841258967242946,-3.4250981744851847,settle,275.71354174284977
test,2026-06-01T23:00:01+08:00,26709294970_attempt1::btc-updown-5m-1780326000,buy_up,4.0,0.56,0.6359990069972021,0.06599900699720208,4,0.01,2026-06-01T15:00:09+00:00,0.57,379.9,0.009999999999999898,partial_fill,2.757135417428498,0.8292186670711482,2.03157346547363,2.553109581546881,settle,277.7451152083234
test,2026-06-01T23:05:01+08:00,26709294970_attempt1::btc-updown-5m-1780326300,buy_up,16.0,0.36,0.39610953552524847,0.02610953552524848,4,0.01,2026-06-01T15:05:21+00:00,0.36,9.0,0.0,partial_fill,2.777451152083234,0.828963444335823,-2.8546025729744353,-3.4435807664131466,settle,274.89051263534895
test,2026-06-01T23:10:02+08:00,26709294970_attempt1::btc-updown-5m-1780326600,buy_down,4.0,0.43,0.6916191918043936,0.25161919180439357,4,0.01,2026-06-01T15:10:10+00:00,0.46,289.79,0.030000000000000027,price_moved,0.0,0.0,0.0,4.318609573607055,,274.89051263534895
test,2026-06-01T23:20:01+08:00,26709294970_attempt1::btc-updown-5m-1780327200,buy_up,4.0,0.48,0.5773835942637163,0.08738359426371635,4,0.01,2026-06-01T15:20:09+00:00,0.35,1322.61,-0.13,partial_fill,2.7489051263534896,0.818306430359054,-2.827445272820732,-3.4292459145423506,settle,272.0630673625282
test,2026-06-01T23:25:01+08:00,26709294970_attempt1::btc-updown-5m-1780327500,buy_down,4.0,0.41,0.4753440273998549,0.055344027399854896,4,0.01,2026-06-01T15:25:09+00:00,0.41,18.0,0.0,partial_fill,2.720630673625282,0.8182424559561032,3.848697050494302,4.703614463511505,settle,275.9117644130225
test,2026-06-01T23:30:01+08:00,26709294970_attempt1::btc-updown-5m-1780327800,buy_up,4.0,0.56,0.9407800887882669,0.37078008878826685,4,0.01,2026-06-01T15:30:09+00:00,0.53,712.96,-0.030000000000000027,partial_fill,2.7591176441302254,0.8182424559561035,2.3947058798111387,2.589218116961439,settle,278.30647029283364
test,2026-06-01T23:35:02+08:00,26709294970_attempt1::btc-updown-5m-1780328100,buy_up,4.0,0.38,0.5862687707731634,0.1962687707731634,4,0.01,2026-06-01T15:35:10+00:00,0.37,46.93,-0.010000000000000009,partial_fill,2.7830647029283364,0.8190550105300419,-2.858282667872346,-3.487315517298181,settle,275.4481876249613
test,2026-06-01T23:40:02+08:00,26709294970_attempt1::btc-updown-5m-1780328400,buy_down,4.0,0.49,0.5625327439569876,0.06253274395698762,4,0.01,2026-06-01T15:40:10+00:00,0.47,608.5,-0.020000000000000018,partial_fill,2.754481876249613,0.81904912469598,3.0475118630846785,3.431657158701847,settle,278.49569948804594
test,2026-06-01T23:50:01+08:00,26709294970_attempt1::btc-updown-5m-1780329000,buy_down,4.0,0.47,0.5250087724511628,0.045008772451162866,4,0.01,2026-06-01T15:50:09+00:00,0.47,11.0,0.0,partial_fill,2.7849569948804596,0.8197461877808275,3.0812290156124233,3.7587597985100243,settle,281.5769285036584
test,2026-06-01T23:55:00+08:00,26709294970_attempt1::btc-updown-5m-1780329300,buy_up,4.0,0.51,0.5637509513676912,0.043750951367691145,4,0.01,2026-06-01T15:55:09+00:00,0.48,613.56,-0.030000000000000027,partial_fill,2.815769285036584,0.8197461877808278,2.991754865351371,3.2328735859764035,settle,284.56868336900976
test,2026-06-02T00:00:00+08:00,26709294970_attempt1::btc-updown-5m-1780329600,buy_up,29.0,0.65,0.6998442660244976,0.03984426602449754,4,0.01,2026-06-01T16:00:33+00:00,0.74,224.32,0.08999999999999997,price_moved,0.0,0.0,0.0,1.8136420817327623,,284.56868336900976
test,2026-06-02T00:10:02+08:00,26709294970_attempt1::btc-updown-5m-1780330200,buy_down,4.0,0.37,0.6750990470941185,0.2950990470941185,4,0.01,2026-06-01T16:10:10+00:00,0.38,61.05,0.010000000000000009,partial_fill,2.8456868336900976,0.8164607419142053,4.56807623302884,5.84038884297771,settle,289.1367596020386
test,2026-06-02T00:15:01+08:00,26709294970_attempt1::btc-updown-5m-1780330500,buy_down,36.0,0.5,0.5323829703954669,0.02238297039546689,4,0.01,2026-06-01T16:15:41+00:00,0.56,72.64,0.06000000000000005,price_moved,0.0,0.0,0.0,-3.6146731748109335,,289.1367596020386
test,2026-06-02T00:20:01+08:00,26709294970_attempt1::btc-updown-5m-1780330800,buy_up,8.0,0.49,0.5214690975688063,0.021469097568806335,4,0.01,2026-06-01T16:20:13+00:00,0.5,639.94,0.010000000000000009,partial_fill,2.8913675960203857,0.8243032187188816,2.833540244099978,3.5792352025088654,settle,291.9702998461386
test,2026-06-02T00:30:01+08:00,26709294970_attempt1::btc-updown-5m-1780331400,buy_down,24.0,0.55,0.5898533319183512,0.029853331918351163,4,0.01,2026-06-01T16:30:29+00:00,0.57,39.03,0.019999999999999907,price_moved,0.0,0.0,0.0,-3.6078690841289363,,291.9702998461386
test,2026-06-02T00:35:00+08:00,26709294970_attempt1::btc-updown-5m-1780331700,buy_down,4.0,0.57,0.8101026625924225,0.2301026625924225,4,0.01,2026-06-01T16:35:08+00:00,0.64,81.05,0.07000000000000006,price_moved,0.0,0.0,0.0,-3.568896864197619,,291.9702998461386
test,2026-06-02T00:40:01+08:00,26709294970_attempt1::btc-updown-5m-1780332000,buy_up,4.0,0.45,0.7218864664018801,0.2618864664018801,4,0.01,2026-06-01T16:40:09+00:00,0.45,171.1,0.0,partial_fill,2.9197029984613856,0.841006959991539,3.503643598153663,4.166010229200614,settle,295.4739434442922
test,2026-06-02T00:45:01+08:00,26709294970_attempt1::btc-updown-5m-1780332300,buy_up,4.0,0.54,0.6434219718928239,0.09342197189282388,4,0.01,2026-06-01T16:45:09+00:00,0.62,439.56,0.07999999999999996,price_moved,0.0,0.0,0.0,2.9277794110770974,,295.4739434442922
test,2026-06-02T00:50:00+08:00,26709294970_attempt1::btc-updown-5m-1780332600,buy_down,41.0,0.57,0.6068965699799984,0.02689656997999846,4,0.01,2026-06-01T16:50:46+00:00,0.64,994.2,0.07000000000000006,price_moved,0.0,0.0,0.0,-3.6047641941998374,,295.4739434442922
test,2026-06-02T00:55:02+08:00,26709294970_attempt1::btc-updown-5m-1780332900,buy_up,12.0,0.53,0.5690024717269153,0.029002471726915287,4,0.01,2026-06-01T16:55:18+00:00,0.57,159.03,0.039999999999999925,price_moved,0.0,0.0,0.0,3.0434341602116852,,295.4739434442922
test,2026-06-02T01:00:01+08:00,26709294970_attempt1::btc-updown-5m-1780333200,buy_down,4.0,0.55,0.6503984036994677,0.09039840369946762,4,0.01,2026-06-01T17:00:09+00:00,0.62,0.16,0.06999999999999995,price_moved,0.0,0.0,0.0,-3.6013088741009236,,295.4739434442922
test,2026-06-02T01:10:01+08:00,26709294970_attempt1::btc-updown-5m-1780333800,buy_up,4.0,0.49,0.5808019053312401,0.08080190533124011,4,0.01,2026-06-01T17:10:09+00:00,0.55,578.31,0.06000000000000005,price_moved,0.0,0.0,0.0,3.572435406451426,,295.4739434442922
test,2026-06-02T01:15:01+08:00,26709294970_attempt1::btc-updown-5m-1780334100,buy_down,25.0,0.22,0.2513834067699895,0.02138340676998949,4,0.01,2026-06-01T17:15:30+00:00,0.22,528.51,0.0,partial_fill,2.025076770064798,0.8354483560224071,7.087768695226793,8.483790343393407,settle,302.561712139519
test,2026-06-02T01:20:01+08:00,26709294970_attempt1::btc-updown-5m-1780334400,buy_down,225.0,0.18,0.21687624492580307,0.026876244925803074,4,0.01,2026-06-01T17:23:50+00:00,0.13,6.0,-0.04999999999999999,partial_fill,0.78,0.26284849569926505,-0.8400000000000001,-3.1323494210723593,settle,301.721712139519
test,2026-06-02T01:25:00+08:00,26709294970_attempt1::btc-updown-5m-1780334700,buy_up,9.0,0.41,0.463570229271436,0.04357022927143601,4,0.01,2026-06-01T17:25:13+00:00,0.41,221.27,0.0,partial_fill,3.0172171213951904,0.840397672418614,4.268258366851733,5.078855531058222,settle,305.98997050637075
test,2026-06-02T01:30:00+08:00,26709294970_attempt1::btc-updown-5m-1780335000,buy_down,4.0,0.58,0.6232193762915346,0.033219376291534604,4,0.01,2026-06-01T17:30:08+00:00,0.52,95.0,-0.05999999999999994,partial_fill,3.0598997050637076,0.840397672418614,2.765678579576812,2.573820253340498,settle,308.75564908594754
test,2026-06-02T01:35:01+08:00,26709294970_attempt1::btc-updown-5m-1780335300,buy_up,4.0,0.56,0.7077626647647762,0.13776266476477617,4,0.01,2026-06-01T17:35:09+00:00,0.55,1079.84,-0.010000000000000009,partial_fill,3.0875564908594755,0.8420412141508538,2.47004519268758,2.815541882795119,settle,311.2256942786351
test,2026-06-02T01:40:01+08:00,26709294970_attempt1::btc-updown-5m-1780335600,buy_down,32.0,0.41,0.44282220277633977,0.02282220277633979,4,0.01,2026-06-01T17:40:37+00:00,0.38,1184.46,-0.02999999999999997,partial_fill,3.0096847050992137,0.842309807839578,-3.088886934180772,-3.660282262453738,settle,308.1368073444543
test,2026-06-02T01:45:01+08:00,26709294970_attempt1::btc-updown-5m-1780335900,buy_up,116.0,0.56,0.5972737867032455,0.027273786703245435,4,0.01,2026-06-01T17:47:01+00:00,0.56,644.54,0.0,partial_fill,3.081368073444543,0.8422939663901996,2.3660504849663453,2.8090554834513117,settle,310.5028578294207
test,2026-06-02T01:50:01+08:00,26709294970_attempt1::btc-updown-5m-1780336200,buy_down,65.0,0.29,0.3239919491723778,0.023991949172377798,4,0.01,2026-06-01T17:51:10+00:00,0.35,10.0,0.06,price_moved,0.0,0.0,0.0,7.517079559336283,,310.5028578294207
test,2026-06-02T01:55:02+08:00,26709294970_attempt1::btc-updown-5m-1780336500,buy_up,218.0,0.17,0.20433722455925032,0.02433722455925031,4,0.01,2026-06-01T17:58:44+00:00,0.14,310.64,-0.03,partial_fill,2.2761378847239717,0.8254616404968255,-2.4387191622042557,-2.9196127721704017,settle,308.0641386672164
test,2026-06-02T02:00:01+08:00,26709294970_attempt1::btc-updown-5m-1780336800,buy_up,4.0,0.47,0.5415760144439505,0.06157601444395056,4,0.01,2026-06-01T18:00:09+00:00,0.42,73.28,-0.04999999999999999,partial_fill,3.080641386672164,0.8253847702685839,-3.1539899911167395,-3.811782166839518,settle,304.91014867609965
test,2026-06-02T02:05:02+08:00,26709294970_attempt1::btc-updown-5m-1780337100,buy_up,170.0,0.19,0.2238153932067429,0.023815393206742898,4,0.01,2026-06-01T18:07:56+00:00,0.19,622.38,0.0,partial_fill,2.241220704767824,0.8253636481508498,-2.3591796892292884,-2.858351824089673,settle,302.5509689868704
test,2026-06-02T02:15:02+08:00,26709294970_attempt1::btc-updown-5m-1780337700,buy_down,5.0,0.47,0.5767976408440862,0.09679764084408628,4,0.01,2026-06-01T18:15:11+00:00,0.47,593.23,0.0,partial_fill,3.025509689868704,0.82536364815085,3.34737242283346,4.055633453609127,settle,305.89834140970385
test,2026-06-02T02:20:02+08:00,26709294970_attempt1::btc-updown-5m-1780338000,buy_up,4.0,0.47,0.5848104645478998,0.10481046454789979,4,0.01,2026-06-01T18:20:10+00:00,0.48,885.19,0.010000000000000009,partial_fill,3.0589834140970384,0.82536364815085,3.2501698774781036,4.100504291819271,settle,309.148511287182
test,2026-06-02T02:25:01+08:00,26709294970_attempt1::btc-updown-5m-1780338300,buy_up,4.0,0.53,0.5634847891093187,0.023484789109318623,4,0.01,2026-06-01T18:25:09+00:00,0.52,1066.12,-0.010000000000000009,partial_fill,3.09148511287182,0.8250054174007846,2.7942269289418373,3.25231289607169,settle,311.9427382161238
test,2026-06-02T02:30:02+08:00,26709294970_attempt1::btc-updown-5m-1780338600,buy_down,4.0,0.37,0.47578922448738353,0.09578922448738354,4,0.01,2026-06-01T18:30:10+00:00,0.29,696.55,-0.08000000000000002,partial_fill,3.119427382161238,0.8252992227488617,-3.226993843615074,-3.8819086968929017,settle,308.71574437250877
test,2026-06-02T02:35:01+08:00,26709294970_attempt1::btc-updown-5m-1780338900,buy_up,201.0,0.13,0.17209837177800366,0.032098371778003655,4,0.01,2026-06-01T18:38:26+00:00,0.12,373.49,-0.010000000000000009,partial_fill,2.8474921656873353,0.8252370521450652,-3.0847831794946132,-3.7159383677882993,settle,305.6309611930142
test,2026-06-02T02:40:01+08:00,26709294970_attempt1::btc-updown-5m-1780339200,buy_up,116.0,0.6,0.6352708806698528,0.025270880669852842,4,0.01,2026-06-01T18:42:01+00:00,0.61,382.89,0.010000000000000009,partial_fill,3.056309611930142,0.8251877695719658,-3.1064130481912913,-3.7655043131263026,settle,302.52454814482286
test,2026-06-02T02:45:01+08:00,26709294970_attempt1::btc-updown-5m-1780339500,buy_down,5.0,0.54,0.7304893734837381,0.18048937348373806,4,0.01,2026-06-01T18:45:11+00:00,0.53,696.85,-0.010000000000000009,partial_fill,3.025245481448229,0.8251900473406734,2.625684757483368,3.0550997425761075,settle,305.15023290230624
test,2026-06-02T02:50:02+08:00,26709294970_attempt1::btc-updown-5m-1780339800,buy_up,5.0,0.51,0.5566413240526922,0.036641324052692166,4,0.01,2026-06-01T18:50:13+00:00,0.52,379.35,0.010000000000000009,partial_fill,3.0515023290230623,0.8254731314049412,2.7580886435400753,3.4792194715454965,settle,307.9083215458463
test,2026-06-02T03:00:00+08:00,26709294970_attempt1::btc-updown-5m-1780340400,buy_down,13.0,0.5,0.5344300650999085,0.024430065099908534,4,0.01,2026-06-01T19:00:17+00:00,0.58,192.49,0.07999999999999996,price_moved,0.0,0.0,0.0,3.6568336255678946,,307.9083215458463
test,2026-06-02T03:05:02+08:00,26709294970_attempt1::btc-updown-5m-1780340700,buy_up,237.0,0.23,0.2699063493820453,0.029906349382045262,4,0.01,2026-06-01T19:09:04+00:00,0.22,55.38,-0.010000000000000009,partial_fill,2.989744753827667,0.8171596879382188,-3.1256422426380155,-3.8177772376895165,settle,304.7826793032083
test,2026-06-02T03:10:02+08:00,26709294970_attempt1::btc-updown-5m-1780341000,buy_down,4.0,0.45,0.5146749638257958,0.05467496382579579,4,0.01,2026-06-01T19:10:11+00:00,0.39,380.81,-0.06,partial_fill,3.047826793032083,0.8171438466014108,4.6889642969724346,4.4758241365335945,settle,309.4716436001807
test,2026-06-02T03:15:02+08:00,26709294970_attempt1::btc-updown-5m-1780341300,buy_down,5.0,0.39,0.49813817187670506,0.09813817187670505,4,0.01,2026-06-01T19:15:19+00:00,0.6,218.25,0.20999999999999996,price_moved,0.0,0.0,0.0,5.807094905348715,,309.4716436001807
test,2026-06-02T03:20:01+08:00,26709294970_attempt1::btc-updown-5m-1780341600,buy_up,10.0,0.72,0.7562604243269153,0.02626042432691534,4,0.01,2026-06-01T19:20:16+00:00,0.7,588.1,-0.020000000000000018,partial_fill,3.094716436001807,0.8074543938749117,1.2820968092007488,1.4372559890738072,settle,310.75374040938146
test,2026-06-02T03:30:02+08:00,26709294970_attempt1::btc-updown-5m-1780342200,buy_down,4.0,0.49,0.5255682123425267,0.025568212342526715,4,0.01,2026-06-01T19:30:10+00:00,0.58,220.61,0.08999999999999997,price_moved,0.0,0.0,0.0,-3.9255665279805005,,310.75374040938146
test,2026-06-02T03:35:02+08:00,26709294970_attempt1::btc-updown-5m-1780342500,buy_down,16.0,0.59,0.6218709980028645,0.021870998002864524,4,0.01,2026-06-01T19:35:25+00:00,0.6,101.29,0.010000000000000009,partial_fill,3.1075374040938146,0.8160979531258251,2.0198993126609794,2.5815590048414143,settle,312.77363972204245
test,2026-06-02T03:40:02+08:00,26709294970_attempt1::btc-updown-5m-1780342800,buy_down,4.0,0.5,0.7058691252397884,0.1958691252397884,4,0.01,2026-06-01T19:40:10+00:00,0.59,7.18,0.08999999999999997,price_moved,0.0,0.0,0.0,3.75694281974571,,312.77363972204245
test,2026-06-02T03:50:02+08:00,26709294970_attempt1::btc-updown-5m-1780343400,buy_up,6.0,0.5,0.6408730954069696,0.13087309540696956,4,0.01,2026-06-01T19:50:18+00:00,0.44,123.96,-0.06,partial_fill,3.1277363972204246,0.8079533167458476,3.909670496525531,3.793760859379218,settle,316.68331021856795
test,2026-06-02T03:55:02+08:00,26709294970_attempt1::btc-updown-5m-1780343700,buy_up,6.0,0.46,0.5044551779022696,0.03445517790226955,4,0.01,2026-06-01T19:55:13+00:00,0.46,350.57,0.0,partial_fill,3.1668331021856795,0.8101136197317989,3.648742487300892,4.50398857447782,settle,320.3320527058688
test,2026-06-02T04:05:02+08:00,26709294970_attempt1::btc-updown-5m-1780344300,buy_up,5.0,0.6,0.6324102096271005,0.022410209627100504,4,0.01,2026-06-01T20:05:13+00:00,0.59,289.64,-0.010000000000000009,partial_fill,3.2033205270586884,0.810113619731799,2.1717427302092807,2.5702053290715927,settle,322.5037954360781
test,2026-06-02T04:10:02+08:00,26709294970_attempt1::btc-updown-5m-1780344600,buy_down,147.0,0.18,0.21277832654531545,0.022778326545315454,4,0.01,2026-06-01T20:12:34+00:00,0.16,532.97,-0.01999999999999999,partial_fill,2.239663647727623,0.8103387138189708,-2.3796426257105994,-2.9174089372988408,settle,320.12415281036755
test,2026-06-02T04:20:01+08:00,26709294970_attempt1::btc-updown-5m-1780345200,buy_up,51.0,0.45,0.49233610998143845,0.03233610998143844,4,0.01,2026-06-01T20:20:58+00:00,0.37,89.0,-0.08000000000000002,partial_fill,3.2012415281036755,0.8102993454561233,-3.2877615694037745,-4.038483119946439,settle,316.8363912409638
test,2026-06-02T04:30:02+08:00,26709294970_attempt1::btc-updown-5m-1780345800,buy_up,10.0,0.63,0.6614833635855563,0.021483363585556255,4,0.01,2026-06-01T20:30:17+00:00,0.7,532.0,0.06999999999999995,price_moved,0.0,0.0,0.0,2.234460101396452,,316.8363912409638
test,2026-06-02T04:35:02+08:00,26709294970_attempt1::btc-updown-5m-1780346100,buy_up,5.0,0.53,0.6346741475540217,0.09467414755402172,4,0.01,2026-06-01T20:35:12+00:00,0.53,478.39,0.0,partial_fill,3.168363912409638,0.8056562600019157,2.749900754166855,3.4132432039444667,settle,319.58629199513064
test,2026-06-02T04:40:02+08:00,26709294970_attempt1::btc-updown-5m-1780346400,buy_down,5.0,0.66,0.7169284722382744,0.04692847223827435,4,0.01,2026-06-01T20:40:12+00:00,0.66,54.85,0.0,partial_fill,3.1958629199513062,0.8056562600019157,1.597931459975653,1.9833911052486,settle,321.1842234551063
test,2026-06-02T04:50:01+08:00,26709294970_attempt1::btc-updown-5m-1780347000,buy_down,5.0,0.5,0.5433254685574256,0.03332546855742558,4,0.01,2026-06-01T20:50:11+00:00,0.5,304.4,0.0,partial_fill,3.211842234551063,0.8056562600019157,3.1476053898600416,3.9068837991186927,settle,324.3318288449663
test,2026-06-02T04:55:01+08:00,26709294970_attempt1::btc-updown-5m-1780347300,buy_down,107.0,0.51,0.5420475185161956,0.02204751851619558,4,0.01,2026-06-01T20:56:53+00:00,0.54,62.06,0.030000000000000027,price_moved,0.0,0.0,0.0,3.7888799619208218,,324.3318288449663
test,2026-06-02T05:10:02+08:00,26709294970_attempt1::btc-updown-5m-1780348200,buy_up,5.0,0.59,0.6236361722660594,0.023636172266059415,4,0.01,2026-06-01T21:10:12+00:00,0.58,235.6,-0.010000000000000009,partial_fill,3.243318288449663,0.7981443135217113,2.2926905142489002,2.7549652604475128,settle,326.6245193592152
test,2026-06-02T05:30:01+08:00,26709294970_attempt1::btc-updown-5m-1780349400,buy_up,235.0,0.32,0.35790564719509727,0.027905647195097256,4,0.01,2026-06-01T21:34:01+00:00,0.11,191.76,-0.21000000000000002,partial_fill,3.2662451935921517,0.7983736653359415,-3.563176574827802,-4.2189710183822,settle,323.06134278438736
test,2026-06-02T05:40:00+08:00,26709294970_attempt1::btc-updown-5m-1780350000,buy_up,6.0,0.33,0.4060464888197807,0.06604648881978072,4,0.01,2026-06-01T21:40:11+00:00,0.33,667.81,0.0,partial_fill,3.2306134278438736,0.7978923998144543,-3.328510804445203,-4.1716286622346965,settle,319.73283197994215
test,2026-06-02T05:45:01+08:00,26709294970_attempt1::btc-updown-5m-1780350300,buy_up,127.0,0.65,0.6875240275694954,0.027524027569495353,4,0.01,2026-06-01T21:47:13+00:00,0.54,40.0,-0.10999999999999999,partial_fill,3.1973283197994213,0.797892399814454,2.6644402664995175,2.096082955516695,settle,322.3972722464417
test,2026-06-02T05:55:02+08:00,26709294970_attempt1::btc-updown-5m-1780350900,buy_down,5.0,0.63,0.7844850485962725,0.14448504859627254,4,0.01,2026-06-01T21:55:12+00:00,0.66,291.04,0.030000000000000027,price_moved,0.0,0.0,0.0,2.3018161397220314,,322.3972722464417
test,2026-06-02T06:00:02+08:00,26709294970_attempt1::btc-updown-5m-1780351200,buy_down,10.0,0.49,0.7102431868507137,0.21024318685071375,4,0.01,2026-06-01T22:00:17+00:00,0.61,293.1,0.12,price_moved,0.0,0.0,0.0,4.133873883582424,,322.3972722464417
test,2026-06-02T06:05:01+08:00,26709294970_attempt1::btc-updown-5m-1780351500,buy_down,16.0,0.7,0.7482497610431798,0.03824976104317979,4,0.01,2026-06-01T22:05:22+00:00,0.69,133.06,-0.010000000000000009,partial_fill,3.223972722464417,0.7877690987218239,-3.270696964818974,-4.150999932528693,settle,319.1265752816227
test,2026-06-02T06:10:01+08:00,26709294970_attempt1::btc-updown-5m-1780351800,buy_up,5.0,0.64,0.6974288665105434,0.04742886651054335,4,0.01,2026-06-01T22:10:11+00:00,0.68,400.62,0.040000000000000036,price_moved,0.0,0.0,0.0,2.2154043764022795,,319.1265752816227
test,2026-06-02T06:15:01+08:00,26709294970_attempt1::btc-updown-5m-1780352100,buy_up,5.0,0.56,0.6117610409759641,0.04176104097596401,4,0.01,2026-06-01T22:15:12+00:00,0.55,557.26,-0.010000000000000009,partial_fill,3.191265752816227,0.7834827795667156,2.553012602252981,3.127619734553024,settle,321.6795878838757
test,2026-06-02T06:25:00+08:00,26709294970_attempt1::btc-updown-5m-1780352700,buy_up,5.0,0.76,0.9230181432266263,0.15301814322662632,4,0.01,2026-06-01T22:25:11+00:00,0.73,30.29,-0.030000000000000027,partial_fill,3.2167958788387567,0.7837326943289379,1.145708121230242,1.2421378143448667,settle,322.82529600510594
test,2026-06-02T06:30:01+08:00,26709294970_attempt1::btc-updown-5m-1780353000,buy_up,5.0,0.51,0.5658935741946932,0.045893574194693205,4,0.01,2026-06-01T22:30:11+00:00,0.57,29.73,0.05999999999999994,price_moved,0.0,0.0,0.0,-4.197599838491457,,322.82529600510594
test,2026-06-02T06:35:02+08:00,26709294970_attempt1::btc-updown-5m-1780353300,buy_down,5.0,0.52,0.5516559846560528,0.02165598465605279,4,0.01,2026-06-01T22:35:12+00:00,0.41,164.48,-0.11000000000000004,partial_fill,3.2282529600510594,0.7922286075669772,4.566796870316134,3.6830833849154185,settle,327.39209287542207
test,2026-06-02T06:40:02+08:00,26709294970_attempt1::btc-updown-5m-1780353600,buy_up,5.0,0.44,0.4748028223955989,0.024802822395598896,4,0.01,2026-06-01T22:40:12+00:00,0.38,265.68,-0.06,partial_fill,3.2739209287542206,0.7962389686729308,5.255504648789669,5.1396645001731915,settle,332.64759752421173
test,2026-06-02T06:45:02+08:00,26709294970_attempt1::btc-updown-5m-1780353900,buy_up,5.0,0.59,0.8316066584154405,0.23160665841544048,4,0.01,2026-06-01T22:45:12+00:00,0.68,228.0,0.09000000000000008,price_moved,0.0,0.0,0.0,2.8224598272137524,,332.64759752421173
test,2026-06-02T06:50:02+08:00,26709294970_attempt1::btc-updown-5m-1780354200,buy_up,5.0,0.44,0.5194998742393818,0.06949987423938182,4,0.01,2026-06-01T22:50:12+00:00,0.43,198.9,-0.010000000000000009,partial_fill,3.3264759752421176,0.7936520974296788,-3.403835881643097,-4.286610862580887,settle,329.24376164256864
test,2026-06-02T06:55:01+08:00,26709294970_attempt1::btc-updown-5m-1780354500,buy_up,5.0,0.61,0.7125597502692818,0.09255975026928177,4,0.01,2026-06-01T22:55:11+00:00,0.61,341.77,0.0,partial_fill,3.2924376164256866,0.7936478593067118,2.051026711871739,2.584303211834284,settle,331.29478835444036
test,2026-06-02T07:05:00+08:00,26709294970_attempt1::btc-updown-5m-1780355100,buy_down,5.0,0.54,0.6827844506745904,0.13278445067459033,4,0.01,2026-06-01T23:05:11+00:00,0.49,112.11,-0.050000000000000044,partial_fill,3.3129478835444037,0.7936478593067117,3.3805590648412283,3.4786081390874632,settle,334.6753474192816
test,2026-06-02T07:15:02+08:00,26709294970_attempt1::btc-updown-5m-1780355700,buy_up,5.0,0.62,0.7608701966669308,0.13087019666693078,4,0.01,2026-06-01T23:15:12+00:00,0.6,185.79,-0.020000000000000018,partial_fill,3.346753474192816,0.795120304314702,2.1753897582253305,2.5118917159184795,settle,336.8507371775069
test,2026-06-02T07:25:01+08:00,26709294970_attempt1::btc-updown-5m-1780356300,buy_down,5.0,0.4,0.5003396044609296,0.0903396044609296,4,0.01,2026-06-01T23:25:11+00:00,0.47,5.0,0.06999999999999995,price_moved,0.0,0.0,0.0,6.245496279046147,,336.8507371775069
test,2026-06-02T07:30:02+08:00,26709294970_attempt1::btc-updown-5m-1780356600,buy_down,5.0,0.45,0.5383700520487413,0.07837005204874133,4,0.01,2026-06-01T23:30:12+00:00,0.45,80.97,0.0,partial_fill,3.368507371775069,0.7839773371652263,-3.4433630911478486,-4.392171722206488,settle,333.4073740863591
test,2026-06-02T07:35:01+08:00,26709294970_attempt1::btc-updown-5m-1780356900,buy_up,5.0,0.54,0.7238712389692084,0.1738712389692083,4,0.01,2026-06-01T23:35:12+00:00,0.6,494.31,0.05999999999999994,price_moved,0.0,0.0,0.0,3.5439733425195095,,333.4073740863591
test,2026-06-02T07:40:02+08:00,26709294970_attempt1::btc-updown-5m-1780357200,buy_up,5.0,0.53,0.6116099949768232,0.0716099949768232,4,0.01,2026-06-01T23:40:21+00:00,0.57,296.81,0.039999999999999925,price_moved,0.0,0.0,0.0,-4.369117324532544,,333.4073740863591
test,2026-06-02T07:45:01+08:00,26709294970_attempt1::btc-updown-5m-1780357500,buy_up,6.0,0.63,0.6669693334797102,0.026969333479710207,4,0.01,2026-06-01T23:45:12+00:00,0.69,419.78,0.05999999999999994,price_moved,0.0,0.0,0.0,2.4254380406875895,,333.4073740863591
test,2026-06-02T07:50:02+08:00,26709294970_attempt1::btc-updown-5m-1780357800,buy_down,5.0,0.51,0.6772735663650904,0.15727356636509038,4,0.01,2026-06-01T23:50:12+00:00,0.51,346.19,0.0,partial_fill,3.334073740863591,0.7810383313271929,3.137951756106909,4.0176667779860304,settle,336.545325842466
test,2026-06-02T08:00:02+08:00,26709294970_attempt1::btc-updown-5m-1780358400,buy_down,6.0,0.58,0.6887430713228676,0.09874307132286765,4,0.01,2026-06-02T00:00:13+00:00,0.58,86.96,0.0,partial_fill,3.3654532584246604,0.7810383313271929,2.3790273033691567,3.0459802137067378,settle,338.9243531458352
test,2026-06-02T08:05:01+08:00,26709294970_attempt1::btc-updown-5m-1780358700,buy_down,5.0,0.43,0.5014680180645861,0.06146801806458608,4,0.01,2026-06-02T00:05:11+00:00,0.48,774.9,0.04999999999999999,price_moved,0.0,0.0,0.0,5.651321293151554,,338.9243531458352
test,2026-06-02T08:10:01+08:00,26709294970_attempt1::btc-updown-5m-1780359000,buy_up,180.0,0.25,0.2878590089636655,0.027859008963665506,4,0.01,2026-06-02T00:13:06+00:00,0.42,62.75,0.16999999999999998,price_moved,0.0,0.0,0.0,-4.24548773511007,,338.9243531458352
test,2026-06-02T08:15:02+08:00,26709294970_attempt1::btc-updown-5m-1780359300,buy_down,10.0,0.36,0.4207684700145546,0.0507684700145546,4,0.01,2026-06-02T00:15:17+00:00,0.4,132.3,0.040000000000000036,price_moved,0.0,0.0,0.0,7.618565074938125,,338.9243531458352
test,2026-06-02T08:30:01+08:00,26709294970_attempt1::btc-updown-5m-1780360200,buy_up,6.0,0.72,0.767587083377018,0.037587083377018,4,0.01,2026-06-02T00:30:12+00:00,0.79,157.0,0.07000000000000006,price_moved,0.0,0.0,0.0,1.6611192779463306,,338.9243531458352
test,2026-06-02T08:40:02+08:00,26709294970_attempt1::btc-updown-5m-1780360800,buy_up,5.0,0.6,0.6332283564576867,0.023228356457686734,4,0.01,2026-06-02T00:40:12+00:00,0.59,614.81,-0.010000000000000009,partial_fill,3.389243531458352,0.7622679620797221,2.297792224717527,2.8900706904136246,settle,341.2221453705527
test,2026-06-02T08:45:00+08:00,26709294970_attempt1::btc-updown-5m-1780361100,buy_down,5.0,0.5,0.5594561157219057,0.049456115721905676,4,0.01,2026-06-02T00:45:09+00:00,0.5,340.8,0.0,partial_fill,3.412221453705527,0.7624797620136147,-3.4804658827796375,-4.564666573691291,settle,337.74167948777307
test,2026-06-02T08:50:02+08:00,26709294970_attempt1::btc-updown-5m-1780361400,buy_up,9.0,0.51,0.5464019632689004,0.026401963268900437,4,0.01,2026-06-02T00:50:15+00:00,0.58,48.7,0.06999999999999995,price_moved,0.0,0.0,0.0,4.168956839344534,,337.74167948777307
test,2026-06-02T09:00:02+08:00,26709294970_attempt1::btc-updown-5m-1780362000,buy_down,4.0,0.43,0.49300355501774795,0.05300355501774796,4,0.01,2026-06-02T01:00:10+00:00,0.46,632.67,0.030000000000000027,price_moved,0.0,0.0,0.0,5.822966227233321,,337.74167948777307
test,2026-06-02T09:10:00+08:00,26709294970_attempt1::btc-updown-5m-1780362600,buy_up,41.0,0.69,0.7340818044039868,0.0340818044039869,4,0.01,2026-06-02T01:10:46+00:00,0.66,90.79,-0.029999999999999916,partial_fill,3.377416794877731,0.7456594794522255,1.688708397438865,1.9693199445518907,settle,339.4303878852119
test,2026-06-02T09:15:00+08:00,26709294970_attempt1::btc-updown-5m-1780362900,buy_down,5.0,0.49,0.6569540814193215,0.15695408141932154,4,0.01,2026-06-02T01:15:09+00:00,0.52,42.6,0.030000000000000027,price_moved,0.0,0.0,0.0,4.641968440729456,,339.4303878852119
test,2026-06-02T09:20:01+08:00,26709294970_attempt1::btc-updown-5m-1780363200,buy_up,164.0,0.54,0.5739954351452733,0.023995435145273254,4,0.01,2026-06-02T01:22:49+00:00,0.6,14.99,0.05999999999999994,price_moved,0.0,0.0,0.0,-4.680651511068867,,339.4303878852119
test,2026-06-02T09:25:02+08:00,26709294970_attempt1::btc-updown-5m-1780363500,buy_down,4.0,0.5,0.5413913730857081,0.03139137308570806,4,0.01,2026-06-02T01:25:11+00:00,0.48,182.98,-0.020000000000000018,partial_fill,3.3943038788521194,0.7462071269063842,3.606447871280377,4.457767396387243,settle,343.0368357564923
test,2026-06-02T09:30:02+08:00,26709294970_attempt1::btc-updown-5m-1780363800,buy_down,4.0,0.41,0.6458139507041054,0.22581395070410543,4,0.01,2026-06-02T01:30:10+00:00,0.37,406.38,-0.03999999999999998,partial_fill,3.430368357564923,0.7468167732518959,5.7481848153790605,6.497867197077318,settle,348.7850205718713
test,2026-06-02T09:35:01+08:00,26709294970_attempt1::btc-updown-5m-1780364100,buy_down,9.0,0.47,0.604332596412973,0.12433259641297302,4,0.01,2026-06-02T01:35:14+00:00,0.41,33.89,-0.06,partial_fill,3.487850205718713,0.7487390815485545,4.934031998333791,5.153862266629748,settle,353.7190525702051
test,2026-06-02T09:40:01+08:00,26709294970_attempt1::btc-updown-5m-1780364400,buy_up,4.0,0.6,0.8481808250337534,0.23818082503375337,4,0.01,2026-06-02T01:40:10+00:00,0.52,36.12,-0.07999999999999996,partial_fill,3.5371905257020515,0.7510218226508368,3.197076052076854,3.06139418637807,settle,356.916128622282
test,2026-06-02T09:45:01+08:00,26709294970_attempt1::btc-updown-5m-1780364700,buy_down,4.0,0.51,0.7725194026544122,0.2525194026544122,4,0.01,2026-06-02T01:45:10+00:00,0.53,166.67,0.020000000000000018,price_moved,0.0,0.0,0.0,4.461601083930537,,356.916128622282
test,2026-06-02T09:50:01+08:00,26709294970_attempt1::btc-updown-5m-1780365000,buy_down,195.0,0.18,0.2326494910490109,0.0426494910490109,4,0.01,2026-06-02T01:53:20+00:00,0.18,168.16,0.0,partial_fill,3.56916128622282,0.7458957554832978,16.06122578800269,21.53280223131976,settle,372.97735441028465
test,2026-06-02T09:55:02+08:00,26709294970_attempt1::btc-updown-5m-1780365300,buy_down,4.0,0.42,0.5263977334591733,0.09639773345917331,4,0.01,2026-06-02T01:55:11+00:00,0.36,255.21,-0.06,partial_fill,3.7297735441028466,0.7458957554832977,6.527103702179982,6.786250607981807,settle,379.50445811246465
test,2026-06-02T10:00:02+08:00,26709294970_attempt1::btc-updown-5m-1780365600,buy_up,4.0,0.71,0.8074851812880606,0.08748518128806061,4,0.01,2026-06-02T02:00:11+00:00,0.65,17.78,-0.05999999999999994,partial_fill,3.7950445811246465,0.7487868243030005,-3.8534298823727178,-5.139641602048074,settle,375.6510282300919
test,2026-06-02T10:05:02+08:00,26709294970_attempt1::btc-updown-5m-1780365900,buy_down,4.0,0.45,0.9629834409381658,0.5029834409381657,4,0.01,2026-06-02T02:05:11+00:00,0.5,210.98,0.04999999999999999,price_moved,0.0,0.0,0.0,6.020233529865643,,375.6510282300919
test,2026-06-02T10:10:02+08:00,26709294970_attempt1::btc-updown-5m-1780366200,buy_down,9.0,0.5,0.5736339818769975,0.06363398187699755,4,0.01,2026-06-02T02:10:15+00:00,0.51,219.69,0.010000000000000009,partial_fill,3.756510282300919,0.7398982109981453,-3.8301673466597608,-5.178604882390427,settle,371.82086088343215
test,2026-06-02T10:15:02+08:00,26709294970_attempt1::btc-updown-5m-1780366500,buy_down,4.0,0.55,0.7615599307157535,0.2015599307157534,4,0.01,2026-06-02T02:15:10+00:00,0.6,274.0,0.04999999999999993,price_moved,0.0,0.0,0.0,4.02022204909023,,371.82086088343215
test,2026-06-02T10:40:01+08:00,26709294970_attempt1::btc-updown-5m-1780368000,buy_down,4.0,0.5,0.8387867569222297,0.3287867569222297,4,0.01,2026-06-02T02:40:09+00:00,0.56,298.78,0.06000000000000005,price_moved,0.0,0.0,0.0,4.964170186216617,,371.82086088343215
test,2026-06-02T10:45:01+08:00,26709294970_attempt1::btc-updown-5m-1780368300,buy_up,5.0,0.51,0.7295500370302047,0.2095500370302047,4,0.01,2026-06-02T02:45:10+00:00,0.45,292.76,-0.06,partial_fill,3.7182086088343214,0.7269052398210579,4.461850330601186,4.814231984673748,settle,376.2827112140333
test,2026-06-02T10:50:01+08:00,26709294970_attempt1::btc-updown-5m-1780368600,buy_up,4.0,0.51,0.7561000954546001,0.2361000954546001,4,0.01,2026-06-02T02:50:10+00:00,0.58,3.27,0.06999999999999995,price_moved,0.0,0.0,0.0,4.85954240335303,,376.2827112140333
test,2026-06-02T10:55:02+08:00,26709294970_attempt1::btc-updown-5m-1780368900,buy_up,8.0,0.5,0.7044099812395676,0.19440998123956754,4,0.01,2026-06-02T02:55:15+00:00,0.51,392.37,0.010000000000000009,partial_fill,3.762827112140333,0.721974049532391,3.5414843408379606,5.107622043044202,settle,379.82419555487127
test,2026-06-02T11:00:01+08:00,26709294970_attempt1::btc-updown-5m-1780369200,buy_up,22.0,0.48,0.5112123429325238,0.021212342932523838,4,0.01,2026-06-02T03:00:27+00:00,0.44,0.84,-0.03999999999999998,partial_fill,0.3696,0.07022696813402646,0.462,5.591868913528227,settle,380.28619555487126
test,2026-06-02T11:05:01+08:00,26709294970_attempt1::btc-updown-5m-1780369500,buy_up,8.0,0.6,0.7749919569203694,0.1649919569203694,4,0.01,2026-06-02T03:05:14+00:00,0.72,202.23,0.12,price_moved,0.0,0.0,0.0,3.4572551891552017,,380.28619555487126
test,2026-06-02T11:10:00+08:00,26709294970_attempt1::btc-updown-5m-1780369800,buy_down,4.0,0.49,0.7397091924103713,0.23970919241037125,4,0.01,2026-06-02T03:10:09+00:00,0.51,166.0,0.020000000000000018,price_moved,0.0,0.0,0.0,5.462680294952449,,380.28619555487126
test,2026-06-02T11:15:02+08:00,26709294970_attempt1::btc-updown-5m-1780370100,buy_up,4.0,0.63,0.667077504402473,0.027077504402473036,4,0.01,2026-06-02T03:15:10+00:00,0.61,454.93,-0.020000000000000018,partial_fill,3.8028619555487126,0.7031849742559196,-3.865203954820003,-5.493895610923606,settle,376.42099160005125
test,2026-06-02T11:20:01+08:00,26709294970_attempt1::btc-updown-5m-1780370400,buy_down,4.0,0.5,0.6041875260266403,0.09418752602664028,4,0.01,2026-06-02T03:20:10+00:00,0.6,236.36,0.09999999999999998,price_moved,0.0,0.0,0.0,-5.460176826611562,,376.42099160005125
test,2026-06-02T11:25:00+08:00,26709294970_attempt1::btc-updown-5m-1780370700,buy_up,5.0,0.59,0.6536639563013489,0.05366395630134891,4,0.01,2026-06-02T03:25:09+00:00,0.63,54.0,0.040000000000000036,price_moved,0.0,0.0,0.0,3.5922120458492017,,376.42099160005125
test,2026-06-02T11:30:01+08:00,26709294970_attempt1::btc-updown-5m-1780371000,buy_down,5.0,0.47,0.5439976560793626,0.0639976560793626,4,0.01,2026-06-02T03:30:10+00:00,0.52,197.23,0.050000000000000044,price_moved,0.0,0.0,0.0,5.901927961286711,,376.42099160005125
test,2026-06-02T11:35:01+08:00,26709294970_attempt1::btc-updown-5m-1780371300,buy_up,9.0,0.52,0.5746551577894523,0.04465515778945229,4,0.01,2026-06-02T03:35:14+00:00,0.56,11.57,0.040000000000000036,price_moved,0.0,0.0,0.0,4.874852805420189,,376.42099160005125
test,2026-06-02T11:40:00+08:00,26709294970_attempt1::btc-updown-5m-1780371600,buy_up,141.0,0.23,0.263078036512101,0.023078036512100976,4,0.01,2026-06-02T03:42:26+00:00,0.21,739.26,-0.020000000000000018,partial_fill,2.8204731779439083,0.6916702898511927,10.47604323236309,13.474374352671136,settle,386.89703483241436
test,2026-06-02T11:45:01+08:00,26709294970_attempt1::btc-updown-5m-1780371900,buy_down,5.0,0.42,0.4546023815017765,0.024602381501776523,4,0.01,2026-06-02T03:45:10+00:00,0.43,229.3,0.010000000000000009,partial_fill,3.8689703483241438,0.6937435011163109,5.038659058282606,7.568713024736935,settle,391.935693890697
test,2026-06-02T11:50:00+08:00,26709294970_attempt1::btc-updown-5m-1780372200,buy_up,115.0,0.52,0.5566140284371682,0.02661402843716821,4,0.01,2026-06-02T03:51:59+00:00,0.54,44.49,0.020000000000000018,price_moved,0.0,0.0,0.0,5.109111110918827,,391.935693890697
test,2026-06-02T11:55:01+08:00,26709294970_attempt1::btc-updown-5m-1780372500,buy_down,13.0,0.69,0.8010613342672888,0.10106133426728882,4,0.01,2026-06-02T03:55:19+00:00,0.64,74.78,-0.04999999999999993,partial_fill,3.91935693890697,0.6871574555856124,2.143398325964749,2.4798802959288713,settle,394.07909221666176
test,2026-06-02T12:00:01+08:00,26709294970_attempt1::btc-updown-5m-1780372800,buy_up,13.0,0.64,0.7799832051460596,0.12998320514605954,4,0.01,2026-06-02T04:00:19+00:00,0.55,341.44,-0.08999999999999997,partial_fill,3.9407909221666175,0.6879243723887214,3.1526327377332932,3.132786280091393,settle,397.2317249543951
test,2026-06-02T12:05:00+08:00,26709294970_attempt1::btc-updown-5m-1780373100,buy_up,31.0,0.52,0.5655374171794159,0.03553741717941584,4,0.01,2026-06-02T04:05:35+00:00,0.52,447.21,0.0,partial_fill,3.9723172495439507,0.6896562099695601,-4.048707965881334,-5.870617718442694,settle,393.1830169885137
test,2026-06-02T12:10:00+08:00,26709294970_attempt1::btc-updown-5m-1780373400,buy_down,5.0,0.61,0.7829844606003505,0.16298446060035054,4,0.01,2026-06-02T04:10:09+00:00,0.61,210.64,0.0,partial_fill,3.9318301698851372,0.68965620996956,2.449336827141561,3.5515330562305376,settle,395.6323538156553
test,2026-06-02T12:15:01+08:00,26709294970_attempt1::btc-updown-5m-1780373700,buy_up,4.0,0.57,0.6685599014668582,0.08855990146685823,4,0.01,2026-06-02T04:15:10+00:00,0.54,8.0,-0.029999999999999916,partial_fill,3.956323538156553,0.6896562099695601,3.2969362817971266,4.227012999833831,settle,398.9292900974524
test,2026-06-02T12:20:02+08:00,26709294970_attempt1::btc-updown-5m-1780374000,buy_down,4.0,0.44,0.5327689644485903,0.08276896444859035,4,0.01,2026-06-02T04:20:11+00:00,0.44,383.27,0.0,partial_fill,3.989292900974524,0.6903168002089946,4.986616126218156,7.223663287216028,settle,403.91590622367056
test,2026-06-02T12:25:02+08:00,26709294970_attempt1::btc-updown-5m-1780374300,buy_up,4.0,0.45,0.6829167868664696,0.2229167868664696,4,0.01,2026-06-02T04:25:11+00:00,0.45,66.1,0.0,partial_fill,4.039159062236705,0.6903168002089944,4.846990874684047,7.0214007151739795,settle,408.7628970983546
test,2026-06-02T12:35:00+08:00,26709294970_attempt1::btc-updown-5m-1780374900,buy_down,5.0,0.49,0.5319401361345673,0.03194013613456726,4,0.01,2026-06-02T04:35:09+00:00,0.5,75.22,0.010000000000000009,partial_fill,4.087628970983546,0.6903168002089944,4.005876391563874,6.04222578550686,settle,412.7687734899185
test,2026-06-02T12:40:01+08:00,26709294970_attempt1::btc-updown-5m-1780375200,buy_down,57.0,0.45,0.4847962584753643,0.02479625847536427,4,0.01,2026-06-02T04:41:03+00:00,0.52,50.24,0.07,price_moved,0.0,0.0,0.0,7.178164233182149,,412.7687734899185
test,2026-06-02T12:50:02+08:00,26709294970_attempt1::btc-updown-5m-1780375800,buy_down,4.0,0.55,0.6274905991439744,0.06749059914397439,4,0.01,2026-06-02T04:50:11+00:00,0.61,469.39,0.05999999999999994,price_moved,0.0,0.0,0.0,4.842868135986889,,412.7687734899185
test,2026-06-02T12:55:01+08:00,26709294970_attempt1::btc-updown-5m-1780376100,buy_down,9.0,0.79,0.8568291963875182,0.05682919638751816,4,0.01,2026-06-02T04:55:14+00:00,0.8,97.36,0.010000000000000009,partial_fill,4.127687734899185,0.6764467986237677,0.980325837038556,1.5448136332515139,settle,413.74909932695704
test,2026-06-02T13:05:00+08:00,26709294970_attempt1::btc-updown-5m-1780376700,buy_up,5.0,0.51,0.6181893151030861,0.09818931510308605,4,0.01,2026-06-02T05:05:09+00:00,0.52,147.11,0.010000000000000009,partial_fill,4.13749099326957,0.6763411038114827,3.7396553208398036,5.7576112825185835,settle,417.48875464779684
test,2026-06-02T13:10:01+08:00,26709294970_attempt1::btc-updown-5m-1780377000,buy_up,4.0,0.46,0.6117260264267912,0.14172602642679116,4,0.01,2026-06-02T05:10:10+00:00,0.44,422.77,-0.020000000000000018,partial_fill,4.174887546477969,0.6760909776636235,5.218609433097461,7.114717811447014,settle,422.7073640808943
test,2026-06-02T13:15:02+08:00,26709294970_attempt1::btc-updown-5m-1780377300,buy_down,4.0,0.6,0.7613880716436994,0.15138807164369938,4,0.01,2026-06-02T05:15:11+00:00,0.58,178.26,-0.020000000000000018,partial_fill,4.2270736408089435,0.6767448374099133,2.98810378057184,4.060020431100174,settle,425.69546786146617
test,2026-06-02T13:25:00+08:00,26709294970_attempt1::btc-updown-5m-1780377900,buy_down,9.0,0.79,0.8809451703320487,0.08094517033204864,4,0.01,2026-06-02T05:25:13+00:00,0.8,63.02,0.010000000000000009,partial_fill,4.256954678614662,0.6771273952603429,1.011026736170982,1.5915912615004182,settle,426.7064945976372
test,2026-06-02T13:30:00+08:00,26709294970_attempt1::btc-updown-5m-1780378200,buy_up,9.0,0.52,0.5774643457807915,0.04746434578079151,4,0.01,2026-06-02T05:30:13+00:00,0.57,10.0,0.04999999999999993,price_moved,0.0,0.0,0.0,5.696672415201113,,426.7064945976372
test,2026-06-02T13:35:01+08:00,26709294970_attempt1::btc-updown-5m-1780378500,buy_down,5.0,0.42,0.46141708902711526,0.03141708902711527,4,0.01,2026-06-02T05:35:10+00:00,0.5,4295.05,0.08000000000000002,price_moved,0.0,0.0,0.0,8.630978162441409,,426.7064945976372
test,2026-06-02T13:40:02+08:00,26709294970_attempt1::btc-updown-5m-1780378800,buy_down,5.0,0.87,0.9620594328089302,0.08205943280893026,4,0.01,2026-06-02T05:40:11+00:00,0.92,111.94,0.050000000000000044,price_moved,0.0,0.0,0.0,0.8891004001818047,,426.7064945976372
test,2026-06-02T13:45:02+08:00,26709294970_attempt1::btc-updown-5m-1780379100,buy_down,4.0,0.5,0.6462222390912902,0.13622223909129016,4,0.01,2026-06-02T05:45:11+00:00,0.51,484.2,0.010000000000000009,partial_fill,4.267064945976371,0.6610614419232572,4.0160611256248195,6.3257715272135036,settle,430.722555723262
test,2026-06-02T13:50:00+08:00,26709294970_attempt1::btc-updown-5m-1780379400,buy_down,5.0,0.48,0.7739822779295473,0.28398227792954733,4,0.01,2026-06-02T05:50:09+00:00,0.43,670.21,-0.04999999999999999,partial_fill,4.30722555723262,0.6608072852750746,5.609410028023878,6.92550953437904,settle,436.3319657512859
test,2026-06-02T13:55:01+08:00,26709294970_attempt1::btc-updown-5m-1780379700,buy_down,4.0,0.6,0.6607861445461773,0.050786144546177366,4,0.01,2026-06-02T05:55:10+00:00,0.59,464.38,-0.010000000000000009,partial_fill,4.363319657512859,0.6623754088756325,2.958182818652786,4.281798115358288,settle,439.2901485699387
test,2026-06-02T14:00:01+08:00,26709294970_attempt1::btc-updown-5m-1780380000,buy_up,5.0,0.53,0.7206175092301762,0.18061750923017617,4,0.01,2026-06-02T06:00:10+00:00,0.51,52.88,-0.020000000000000018,partial_fill,4.3929014856993875,0.6625594531681793,4.134495515952365,5.754512944643638,settle,443.4246440858911
test,2026-06-02T14:05:00+08:00,26709294970_attempt1::btc-updown-5m-1780380300,buy_up,4.0,0.55,0.6955289011879072,0.13552890118790717,4,0.01,2026-06-02T06:05:09+00:00,0.56,194.82,0.010000000000000009,partial_fill,4.434246440858911,0.663040614717321,3.4048678028023773,5.350195861228676,settle,446.82951188869345
test,2026-06-02T14:10:01+08:00,26709294970_attempt1::btc-updown-5m-1780380600,buy_down,5.0,0.61,0.7039372499231749,0.08393724992317488,4,0.01,2026-06-02T06:10:10+00:00,0.55,297.89,-0.05999999999999994,partial_fill,4.468295118886934,0.6628291859498728,3.574636095109547,4.199465210420149,settle,450.404147983803
test,2026-06-02T14:20:00+08:00,26709294970_attempt1::btc-updown-5m-1780381200,buy_up,66.0,0.56,0.5944755671994559,0.02447556719945588,4,0.01,2026-06-02T06:21:11+00:00,0.59,35.21,0.029999999999999916,price_moved,0.0,0.0,0.0,-6.904370748631841,,450.404147983803
test,2026-06-02T14:25:01+08:00,26709294970_attempt1::btc-updown-5m-1780381500,buy_up,4.0,0.42,0.6401709311088356,0.2101709311088356,4,0.01,2026-06-02T06:25:09+00:00,0.44,106.33,0.020000000000000018,price_moved,0.0,0.0,0.0,9.112125490396737,,450.404147983803
test,2026-06-02T14:30:02+08:00,26709294970_attempt1::btc-updown-5m-1780381800,buy_up,8.0,0.65,0.7453869506064461,0.08538695060644609,4,0.01,2026-06-02T06:30:15+00:00,0.6,444.61,-0.050000000000000044,partial_fill,4.50404147983803,0.6618413464503381,-4.579108837835331,-6.910016199818752,settle,445.82503914596765
test,2026-06-02T14:35:00+08:00,26709294970_attempt1::btc-updown-5m-1780382100,buy_down,5.0,0.5,0.6328096677828241,0.12280966778282411,4,0.01,2026-06-02T06:35:09+00:00,0.57,39.94,0.06999999999999995,price_moved,0.0,0.0,0.0,6.60149444621836,,445.82503914596765
test,2026-06-02T14:40:02+08:00,26709294970_attempt1::btc-updown-5m-1780382400,buy_down,61.0,0.59,0.6201274904095637,0.02012749040956375,4,0.01,2026-06-02T06:41:07+00:00,0.72,408.36,0.13,price_moved,0.0,0.0,0.0,4.611683909921342,,445.82503914596765
test,2026-06-02T14:50:00+08:00,26709294970_attempt1::btc-updown-5m-1780383000,buy_up,4.0,0.49,0.6654645714022176,0.1654645714022176,4,0.01,2026-06-02T06:50:09+00:00,0.58,141.51,0.08999999999999997,price_moved,0.0,0.0,0.0,-6.988112863503257,,445.82503914596765
test,2026-06-02T15:00:02+08:00,26709294970_attempt1::btc-updown-5m-1780383600,buy_down,4.0,0.41,0.8929347764484569,0.4729347764484569,4,0.01,2026-06-02T07:00:11+00:00,0.35,68.62,-0.06,partial_fill,4.458250391459677,0.6577075261891399,8.152229287240553,9.58905438294374,settle,453.9772684332082
test,2026-06-02T15:10:02+08:00,26709294970_attempt1::btc-updown-5m-1780384200,buy_up,4.0,0.59,0.697899942991126,0.09789994299112605,4,0.01,2026-06-02T07:10:11+00:00,0.64,716.83,0.050000000000000044,price_moved,0.0,0.0,0.0,4.6605830653746425,,453.9772684332082
test,2026-06-02T15:15:01+08:00,26709294970_attempt1::btc-updown-5m-1780384500,buy_up,5.0,0.58,0.8623882212471328,0.2723882212471328,4,0.01,2026-06-02T07:15:10+00:00,0.68,62.12,0.10000000000000009,price_moved,0.0,0.0,0.0,4.892406895436812,,453.9772684332082
test,2026-06-02T15:20:01+08:00,26709294970_attempt1::btc-updown-5m-1780384800,buy_down,4.0,0.6,0.7018811709124667,0.09188117091246674,4,0.01,2026-06-02T07:20:10+00:00,0.64,84.29,0.040000000000000036,price_moved,0.0,0.0,0.0,4.530428448673213,,453.9772684332082
test,2026-06-02T15:25:02+08:00,26709294970_attempt1::btc-updown-5m-1780385100,buy_down,8.0,0.8,0.8990078288550793,0.08900782885507931,4,0.01,2026-06-02T07:25:15+00:00,0.84,279.3,0.039999999999999925,price_moved,0.0,0.0,0.0,1.6661086238115799,,453.9772684332082
test,2026-06-02T15:30:01+08:00,26709294970_attempt1::btc-updown-5m-1780385400,buy_up,4.0,0.54,0.7835707167969214,0.23357071679692132,4,0.01,2026-06-02T07:30:10+00:00,0.6,72.98,0.05999999999999994,price_moved,0.0,0.0,0.0,5.859879409800465,,453.9772684332082
test,2026-06-02T15:35:00+08:00,26709294970_attempt1::btc-updown-5m-1780385700,buy_up,4.0,0.47,0.6555945267885447,0.1755945267885447,4,0.01,2026-06-02T07:35:09+00:00,0.43,242.36,-0.03999999999999998,partial_fill,4.539772684332083,0.6402654370735374,5.912262100525504,7.844757712013731,settle,459.8895305337337
test,2026-06-02T15:40:02+08:00,26709294970_attempt1::btc-updown-5m-1780386000,buy_down,170.0,0.21,0.24101200445710522,0.021012004457105223,4,0.01,2026-06-02T07:42:56+00:00,0.22,47.66,0.010000000000000009,partial_fill,3.0579749573895065,0.6415062615639899,-3.1969738190890293,-4.993860550469055,settle,456.6925567146447
test,2026-06-02T15:45:01+08:00,26709294970_attempt1::btc-updown-5m-1780386300,buy_down,4.0,0.64,0.8690711345875887,0.21907113458758865,4,0.01,2026-06-02T07:45:10+00:00,0.68,76.51,0.040000000000000036,price_moved,0.0,0.0,0.0,3.893182922056099,,456.6925567146447
test,2026-06-02T15:50:01+08:00,26709294970_attempt1::btc-updown-5m-1780386600,buy_up,193.0,0.37,0.40084501697393343,0.020845016973933435,4,0.01,2026-06-02T07:53:18+00:00,0.38,561.35,0.010000000000000009,partial_fill,3.7776841653118356,0.638026352641146,6.0641772127374205,9.92149217660697,settle,462.75673392738213
test,2026-06-02T15:55:00+08:00,26709294970_attempt1::btc-updown-5m-1780386900,buy_up,271.0,0.22,0.26886671274464063,0.03886671274464063,4,0.01,2026-06-02T07:59:35+00:00,0.16,71.82,-0.06,partial_fill,4.6275673392738215,0.6376598207014603,-4.9167902979784355,-7.586978436117944,settle,457.8399436294037
test,2026-06-02T16:00:01+08:00,26709294970_attempt1::btc-updown-5m-1780387200,buy_up,5.0,0.52,0.5786752682019752,0.048675268201975215,4,0.01,2026-06-02T08:00:10+00:00,0.57,316.47,0.04999999999999993,price_moved,0.0,0.0,0.0,-7.319340793793682,,457.8399436294037
test,2026-06-02T16:05:02+08:00,26709294970_attempt1::btc-updown-5m-1780387500,buy_up,4.0,0.46,0.5448265892877007,0.07482658928770065,4,0.01,2026-06-02T08:05:11+00:00,0.39,161.24,-0.07,partial_fill,4.5783994362940375,0.6441149986107515,-4.69579429363491,-7.2625693686867745,settle,453.1441493357688
test,2026-06-02T16:10:00+08:00,26709294970_attempt1::btc-updown-5m-1780387800,buy_down,5.0,0.53,0.5749705709813571,0.03497057098135704,4,0.01,2026-06-02T08:10:09+00:00,0.5,422.3,-0.030000000000000027,partial_fill,4.531441493357688,0.6440896064771328,-4.622070323224842,-7.168164713464745,settle,448.522079012544
test,2026-06-02T16:15:02+08:00,26709294970_attempt1::btc-updown-5m-1780388100,buy_down,27.0,0.56,0.5942793370896179,0.024279337089617832,4,0.01,2026-06-02T08:15:33+00:00,0.65,7.31,0.08999999999999997,price_moved,0.0,0.0,0.0,5.347156943564649,,448.522079012544
test,2026-06-02T16:20:01+08:00,26709294970_attempt1::btc-updown-5m-1780388400,buy_down,4.0,0.37,0.5305484304524165,0.1505484304524165,4,0.01,2026-06-02T08:20:10+00:00,0.37,23.0,0.0,partial_fill,4.48522079012544,0.6391742943657887,7.515775378048034,11.758569523678126,settle,456.03785439059203
test,2026-06-02T16:25:02+08:00,26709294970_attempt1::btc-updown-5m-1780388700,buy_up,4.0,0.5,0.7771009127213891,0.26710091272138914,4,0.01,2026-06-02T08:25:11+00:00,0.42,20.0,-0.08000000000000002,partial_fill,4.56037854390592,0.6391742943657888,6.189085166729464,6.992100609212188,settle,462.2269395573215
test,2026-06-02T16:30:01+08:00,26709294970_attempt1::btc-updown-5m-1780389000,buy_up,5.0,0.51,0.5490064241039035,0.029006424103903534,4,0.01,2026-06-02T08:30:10+00:00,0.48,402.55,-0.030000000000000027,partial_fill,4.622269395573215,0.6415614999469869,4.911161232796541,6.78091063162782,settle,467.138100790118
test,2026-06-02T16:40:02+08:00,26709294970_attempt1::btc-updown-5m-1780389600,buy_down,4.0,0.41,0.5274652495643024,0.10746524956430244,4,0.01,2026-06-02T08:40:11+00:00,0.42,105.72,0.010000000000000009,partial_fill,4.67138100790118,0.6423326075190384,6.339731367865889,10.287964532692895,settle,473.4778321579839
test,2026-06-02T16:50:01+08:00,26709294970_attempt1::btc-updown-5m-1780390200,buy_up,232.0,0.22,0.27109959433755626,0.04109959433755626,4,0.01,2026-06-02T08:53:57+00:00,0.18,84.58,-0.04000000000000001,partial_fill,4.73477832157984,0.6419684733877918,-4.9978215616676085,-7.7106520385544846,settle,468.48001059631633
test,2026-06-02T16:55:02+08:00,26709294970_attempt1::btc-updown-5m-1780390500,buy_down,4.0,0.49,0.5589175817759123,0.05891758177591234,4,0.01,2026-06-02T08:55:11+00:00,0.47,560.72,-0.020000000000000018,partial_fill,4.684800105963164,0.6419029429970005,-4.78447670396238,-7.447244670777778,settle,463.695533892354
test,2026-06-02T17:00:01+08:00,26709294970_attempt1::btc-updown-5m-1780390800,buy_down,8.0,0.31,0.5225600113314872,0.2025600113314872,4,0.01,2026-06-02T09:00:14+00:00,0.38,36.0,0.07,price_moved,0.0,0.0,0.0,15.84581478982265,,463.695533892354
test,2026-06-02T17:10:02+08:00,26709294970_attempt1::btc-updown-5m-1780391400,buy_down,5.0,0.56,0.7786471372997894,0.20864713729978934,4,0.01,2026-06-02T09:10:11+00:00,0.57,356.06,0.009999999999999898,partial_fill,4.63695533892354,0.6281192121863913,3.4167039339436616,5.668540635317228,settle,467.11223782629764
test,2026-06-02T17:15:01+08:00,26709294970_attempt1::btc-updown-5m-1780391700,buy_up,5.0,0.5,0.5581205548800117,0.048120554880011664,4,0.01,2026-06-02T09:15:10+00:00,0.53,235.0,0.030000000000000027,price_moved,0.0,0.0,0.0,7.290191467207725,,467.11223782629764
test,2026-06-02T17:20:01+08:00,26709294970_attempt1::btc-updown-5m-1780392000,buy_down,5.0,0.46,0.7656366536474511,0.2956366536474511,4,0.01,2026-06-02T09:20:10+00:00,0.61,216.96,0.14999999999999997,price_moved,0.0,0.0,0.0,8.65498387777456,,467.11223782629764
test,2026-06-02T17:30:00+08:00,26709294970_attempt1::btc-updown-5m-1780392600,buy_up,5.0,0.54,0.6123848210624026,0.062384821062402514,4,0.01,2026-06-02T09:30:09+00:00,0.59,1127.78,0.04999999999999993,price_moved,0.0,0.0,0.0,6.332018865296387,,467.11223782629764
test,2026-06-02T17:35:00+08:00,26709294970_attempt1::btc-updown-5m-1780392900,buy_down,5.0,0.49,0.5537372333040841,0.053737233304084094,4,0.01,2026-06-02T09:35:09+00:00,0.39,216.36,-0.09999999999999998,partial_fill,4.671122378262977,0.6096683853439545,7.186342120404579,7.81810492551901,settle,474.2985799467022
test,2026-06-02T17:40:02+08:00,26709294970_attempt1::btc-updown-5m-1780393200,buy_up,4.0,0.46,0.580269738879766,0.11026973887976595,4,0.01,2026-06-02T09:40:11+00:00,0.36,130.11,-0.10000000000000003,partial_fill,4.742985799467022,0.6127948898841798,8.30022514906729,8.917738379173532,settle,482.5988050957695
test,2026-06-02T17:50:00+08:00,26755468029_attempt1::btc-updown-5m-1780393800,buy_down,10.0,0.55,0.5987654513172185,0.03876545131721843,4,0.01,2026-06-02T09:50:15+00:00,0.53,349.4,-0.020000000000000018,partial_fill,4.825988050957695,0.6164166090915332,4.1885934027179985,6.263281008044443,settle,486.7873984984875
test,2026-06-02T17:55:01+08:00,26755468029_attempt1::btc-updown-5m-1780394100,buy_up,5.0,0.6,0.6344547808802519,0.024454780880251888,4,0.01,2026-06-02T09:55:11+00:00,0.69,70.02,0.08999999999999997,price_moved,0.0,0.0,0.0,5.129627145588401,,486.7873984984875
test,2026-06-02T18:00:00+08:00,26755468029_attempt1::btc-updown-5m-1780394400,buy_down,5.0,0.47,0.5303629765148172,0.050362976514817255,4,0.01,2026-06-02T10:00:10+00:00,0.44,139.05,-0.02999999999999997,partial_fill,4.867873984984875,0.6128484691157923,-4.978507484643623,-8.112030987157668,settle,481.8088910138439
test,2026-06-02T18:05:01+08:00,26755468029_attempt1::btc-updown-5m-1780394700,buy_up,5.0,0.53,0.6009305169728656,0.06093051697286556,4,0.01,2026-06-02T10:05:11+00:00,0.53,292.85,0.0,partial_fill,4.818088910138439,0.6128394869311633,4.181737544648456,6.823544555832719,settle,485.99062855849235
test,2026-06-02T18:15:01+08:00,26755468029_attempt1::btc-updown-5m-1780395300,buy_up,5.0,0.44,0.5041515746883811,0.05415157468838112,4,0.01,2026-06-02T10:15:10+00:00,0.47,245.6,0.02999999999999997,price_moved,0.0,0.0,0.0,9.912681846598295,,485.99062855849235
test,2026-06-02T18:25:01+08:00,26755468029_attempt1::btc-updown-5m-1780395900,buy_up,5.0,0.52,0.5642946083013294,0.03429460830132936,4,0.01,2026-06-02T10:25:11+00:00,0.51,632.78,-0.010000000000000009,partial_fill,4.859906285584923,0.6052735673394205,4.574029445256398,7.257226882692249,settle,490.5646580037487
test,2026-06-02T18:30:01+08:00,26755468029_attempt1::btc-updown-5m-1780396200,buy_up,10.0,0.62,0.6536304016221633,0.02363040162216335,4,0.01,2026-06-02T10:30:16+00:00,0.65,342.7,0.030000000000000027,price_moved,0.0,0.0,0.0,-8.232519476903342,,490.5646580037487
test,2026-06-02T18:35:02+08:00,26755468029_attempt1::btc-updown-5m-1780396500,buy_down,5.0,0.42,0.4533965841821288,0.023396584182128817,4,0.01,2026-06-02T10:35:12+00:00,0.34,672.7,-0.07999999999999996,partial_fill,4.905646580037487,0.6117132902639646,9.378441991248135,10.883633430446263,settle,499.9430999949968
test,2026-06-02T18:40:01+08:00,26755468029_attempt1::btc-updown-5m-1780396800,buy_down,10.0,0.6,0.6301916358314102,0.020191635831410266,4,0.01,2026-06-02T10:40:16+00:00,0.55,41.22,-0.04999999999999993,partial_fill,4.999430999949968,0.6150605586101422,3.999544799959974,5.28343120766953,settle,503.9426447949568
test,2026-06-02T18:45:02+08:00,26755468029_attempt1::btc-updown-5m-1780397100,buy_up,49.0,0.66,0.7018384846988138,0.03183848469881379,4,0.01,2026-06-02T10:45:56+00:00,0.75,114.88,0.08999999999999997,price_moved,0.0,0.0,0.0,4.090595008091832,,503.9426447949568
test,2026-06-02T18:50:02+08:00,26755468029_attempt1::btc-updown-5m-1780397400,buy_up,10.0,0.65,0.7742499012711234,0.11424990127112335,4,0.01,2026-06-02T10:50:17+00:00,0.68,543.36,0.030000000000000027,price_moved,0.0,0.0,0.0,4.300788659276858,,503.9426447949568
test,2026-06-02T19:15:02+08:00,26755468029_attempt1::btc-updown-5m-1780398900,buy_down,5.0,0.48,0.5874331854771014,0.09743318547710146,4,0.01,2026-06-02T11:15:12+00:00,0.49,66.51,0.010000000000000009,partial_fill,5.039426447949568,0.6097233062845755,5.142271885662824,8.781672843660935,settle,509.0849166806196
test,2026-06-02T19:25:01+08:00,26755468029_attempt1::btc-updown-5m-1780399500,buy_down,10.0,0.5,0.6217213765447168,0.11172137654471682,4,0.01,2026-06-02T11:25:15+00:00,0.46,23.0,-0.03999999999999998,partial_fill,5.090849166806196,0.6094693607176098,5.865543605233226,8.18586216966808,settle,514.9504602858528
test,2026-06-02T19:30:01+08:00,26755468029_attempt1::btc-updown-5m-1780399800,buy_down,10.0,0.6,0.7457204977243341,0.13572049772433414,4,0.01,2026-06-02T11:30:16+00:00,0.62,74.75,0.020000000000000018,price_moved,0.0,0.0,0.0,5.482606481943916,,514.9504602858528
test,2026-06-02T19:35:02+08:00,26755468029_attempt1::btc-updown-5m-1780400100,buy_down,10.0,0.46,0.4907135078673337,0.020713507867333676,4,0.01,2026-06-02T11:35:17+00:00,0.5,2573.03,0.03999999999999998,price_moved,0.0,0.0,0.0,-8.318163001963619,,514.9504602858528
test,2026-06-02T19:40:02+08:00,26755468029_attempt1::btc-updown-5m-1780400400,buy_up,162.0,0.32,0.3502983035542275,0.020298303554227466,4,0.01,2026-06-02T11:42:49+00:00,0.29,328.79,-0.030000000000000027,partial_fill,3.842875278776249,0.6125678201261853,-3.975388219423706,-6.469430814079754,settle,510.97507206642916
test,2026-06-02T19:45:01+08:00,26755468029_attempt1::btc-updown-5m-1780400700,buy_up,4.0,0.54,0.6170964441316813,0.06709644413168127,4,0.01,2026-06-02T11:45:10+00:00,0.48,701.68,-0.06000000000000005,partial_fill,5.109750720664292,0.6125529274250501,5.42911014070581,6.951441108041371,settle,516.404182207135
test,2026-06-02T19:50:01+08:00,26755468029_attempt1::btc-updown-5m-1780401000,buy_down,5.0,0.49,0.5255685053021931,0.02556850530219313,4,0.01,2026-06-02T11:50:11+00:00,0.48,669.23,-0.010000000000000009,partial_fill,5.164041822071351,0.613945093169198,-5.271626026697837,-8.582901776255165,settle,511.1325561804372
test,2026-06-02T19:55:01+08:00,26755468029_attempt1::btc-updown-5m-1780401300,buy_down,20.0,0.58,0.6145773700398699,0.024577370039869935,4,0.01,2026-06-02T11:55:26+00:00,0.56,355.47,-0.019999999999999907,partial_fill,5.111325561804372,0.6139424559480074,3.9247678420997847,5.885206959339102,settle,515.0573240225369
test,2026-06-02T20:00:01+08:00,26755468029_attempt1::btc-updown-5m-1780401600,buy_down,5.0,0.5,0.5571404273533731,0.0471404273533731,4,0.01,2026-06-02T12:00:11+00:00,0.66,14.39,0.16000000000000003,price_moved,0.0,0.0,0.0,-8.551952128412118,,515.0573240225369
test,2026-06-02T20:05:01+08:00,26755468029_attempt1::btc-updown-5m-1780401900,buy_down,10.0,0.64,0.6892732656254217,0.03927326562542167,4,0.01,2026-06-02T12:05:15+00:00,0.69,95.53,0.04999999999999993,price_moved,0.0,0.0,0.0,-8.428415197390477,,515.0573240225369
test,2026-06-02T20:10:01+08:00,26755468029_attempt1::btc-updown-5m-1780402200,buy_down,4.0,0.5,0.7437591939042123,0.2337591939042123,4,0.01,2026-06-02T12:10:10+00:00,0.5,981.76,0.0,partial_fill,5.150573240225369,0.6270127658278994,5.047561775420862,8.050173856916816,settle,520.1048857979578
test,2026-06-02T20:15:01+08:00,26755468029_attempt1::btc-updown-5m-1780402500,buy_down,5.0,0.47,0.6019739739575095,0.12197397395750954,4,0.01,2026-06-02T12:15:10+00:00,0.45,705.9,-0.019999999999999962,partial_fill,5.201048857979578,0.6270127658278994,6.241258629575494,9.17740792785843,settle,526.3461444275332
test,2026-06-02T20:20:02+08:00,26755468029_attempt1::btc-updown-5m-1780402800,buy_up,5.0,0.55,0.7816787325992286,0.22167873259922855,4,0.01,2026-06-02T12:20:12+00:00,0.59,30.55,0.039999999999999925,price_moved,0.0,0.0,0.0,6.7093911497205,,526.3461444275332
test,2026-06-02T20:25:02+08:00,26755468029_attempt1::btc-updown-5m-1780403100,buy_down,5.0,0.53,0.602530171205421,0.06253017120542094,4,0.01,2026-06-02T12:25:12+00:00,0.65,76.0,0.12,price_moved,0.0,0.0,0.0,7.337288887505664,,526.3461444275332
test,2026-06-02T20:30:00+08:00,26755468029_attempt1::btc-updown-5m-1780403400,buy_down,5.0,0.5,0.6475942362589641,0.13759423625896405,4,0.01,2026-06-02T12:30:10+00:00,0.64,31.13,0.14,price_moved,0.0,0.0,0.0,8.35666162277243,,526.3461444275332
test,2026-06-02T20:45:01+08:00,26755468029_attempt1::btc-updown-5m-1780404300,buy_down,10.0,0.61,0.6455671779020926,0.025567177902092626,4,0.01,2026-06-02T12:45:16+00:00,0.6,379.93,-0.010000000000000009,partial_fill,5.2634614442753325,0.6112647307395968,3.4212499387789665,5.36408769577907,settle,529.7673943663121
test,2026-06-02T20:50:01+08:00,26755468029_attempt1::btc-updown-5m-1780404600,buy_down,4.0,0.56,0.6640593202083515,0.09405932020835141,4,0.01,2026-06-02T12:50:10+00:00,0.58,850.11,0.019999999999999907,price_moved,0.0,0.0,0.0,6.653031587865379,,529.7673943663121
test,2026-06-02T20:55:02+08:00,26755468029_attempt1::btc-updown-5m-1780404900,buy_down,10.0,0.39,0.44148754939927104,0.041487549399271025,4,0.01,2026-06-02T12:55:17+00:00,0.35,543.43,-0.040000000000000036,partial_fill,5.2976739436631215,0.6067699230209767,9.68717521126971,13.432220840903161,settle,539.4545695775819
test,2026-06-02T21:00:01+08:00,26755468029_attempt1::btc-updown-5m-1780405200,buy_up,127.0,0.77,0.8135981095438428,0.0335981095438428,4,0.01,2026-06-02T13:02:13+00:00,0.9,171.34,0.13,price_moved,0.0,0.0,0.0,2.5329330728560246,,539.4545695775819
test,2026-06-02T21:05:01+08:00,26755468029_attempt1::btc-updown-5m-1780405500,buy_down,5.0,0.49,0.7017292423689309,0.20172924236893086,4,0.01,2026-06-02T13:05:11+00:00,0.55,264.86,0.06000000000000005,price_moved,0.0,0.0,0.0,9.072035801759847,,539.4545695775819
test,2026-06-02T21:10:00+08:00,26755468029_attempt1::btc-updown-5m-1780405800,buy_up,5.0,0.51,0.5636667194940451,0.04366671949404511,4,0.01,2026-06-02T13:10:10+00:00,0.58,636.67,0.06999999999999995,price_moved,0.0,0.0,0.0,-9.15741966812935,,539.4545695775819
test,2026-06-02T21:15:01+08:00,26755468029_attempt1::btc-updown-5m-1780406100,buy_up,5.0,0.56,0.7030209588302451,0.133020958830245,4,0.01,2026-06-02T13:15:11+00:00,0.54,221.33,-0.020000000000000018,partial_fill,5.394545695775819,0.606828201839881,4.495454746479848,6.826051314707517,settle,543.9500243240617
test,2026-06-02T21:20:00+08:00,26755468029_attempt1::btc-updown-5m-1780406400,buy_up,5.0,0.6,0.7523039830343662,0.1423039830343662,4,0.01,2026-06-02T13:20:10+00:00,0.58,242.94,-0.020000000000000018,partial_fill,5.439500243240617,0.6072225021659626,3.845163965049402,5.82270114413522,settle,547.7951882891111
test,2026-06-02T21:25:02+08:00,26755468029_attempt1::btc-updown-5m-1780406700,buy_up,5.0,0.29,0.3821224386861116,0.08212243868611165,4,0.01,2026-06-02T13:25:12+00:00,0.35,267.87,0.06,price_moved,0.0,0.0,0.0,-9.327133212051084,,547.7951882891111
test,2026-06-02T21:30:00+08:00,26755468029_attempt1::btc-updown-5m-1780407000,buy_up,20.0,0.47,0.5303293025479785,0.05032930254797852,4,0.01,2026-06-02T13:30:25+00:00,0.42,1802.72,-0.04999999999999999,partial_fill,5.477951882891111,0.6139166212564996,-5.608379308674233,-9.112807597816719,settle,542.1868089804369
test,2026-06-02T21:35:02+08:00,26755468029_attempt1::btc-updown-5m-1780407300,buy_down,20.0,0.71,0.7418734248955409,0.0218734248955409,4,0.01,2026-06-02T13:35:26+00:00,0.79,47.05,0.08000000000000007,price_moved,0.0,0.0,0.0,3.482974960273517,,542.1868089804369
test,2026-06-02T21:50:00+08:00,26755468029_attempt1::btc-updown-5m-1780408200,buy_down,10.0,0.48,0.7271918643257818,0.23719186432578176,4,0.01,2026-06-02T13:50:16+00:00,0.47,364.77,-0.010000000000000009,partial_fill,5.421868089804369,0.6114894032365787,5.998662567443132,9.42082530772553,settle,548.1854715478801
test,2026-06-02T21:55:01+08:00,26755468029_attempt1::btc-updown-5m-1780408500,buy_up,5.0,0.52,0.6451239641694994,0.11512396416949934,4,0.01,2026-06-02T13:55:11+00:00,0.57,223.0,0.04999999999999993,price_moved,0.0,0.0,0.0,8.099245504093126,,548.1854715478801
test,2026-06-02T22:00:02+08:00,26755468029_attempt1::btc-updown-5m-1780408800,buy_down,5.0,0.49,0.8446189995173431,0.3446189995173431,4,0.01,2026-06-02T14:00:12+00:00,0.54,30.0,0.050000000000000044,price_moved,0.0,0.0,0.0,9.226387572726148,,548.1854715478801
test,2026-06-02T22:05:01+08:00,26755468029_attempt1::btc-updown-5m-1780409100,buy_up,6.0,0.52,0.7115920499963936,0.18159204999639356,4,0.01,2026-06-02T14:05:11+00:00,0.51,1022.68,-0.010000000000000009,partial_fill,5.481854715478801,0.6001511362584155,-5.58934206284113,-9.309779921941173,settle,542.5961294850389
test,2026-06-02T22:10:01+08:00,26755468029_attempt1::btc-updown-5m-1780409400,buy_up,5.0,0.53,0.5785650647531522,0.03856506475315214,4,0.01,2026-06-02T14:10:11+00:00,0.56,148.82,0.030000000000000027,price_moved,0.0,0.0,0.0,7.846928137695393,,542.5961294850389
test,2026-06-02T22:20:00+08:00,26755468029_attempt1::btc-updown-5m-1780410000,buy_down,16.0,0.42,0.6061656657407616,0.1761656657407616,4,0.01,2026-06-02T14:20:21+00:00,0.38,42.21,-0.03999999999999998,partial_fill,5.425961294850389,0.5949848306572931,8.71009576278615,12.37645774314087,settle,551.3062252478251
test,2026-06-02T22:25:01+08:00,26755468029_attempt1::btc-updown-5m-1780410300,buy_down,5.0,0.49,0.7232658746073738,0.2232658746073738,4,0.01,2026-06-02T14:25:12+00:00,0.49,1801.95,0.0,partial_fill,5.51306225247825,0.5964413418706525,5.625573727018623,9.431897710803916,settle,556.9317989748437
test,2026-06-02T22:30:01+08:00,26755468029_attempt1::btc-updown-5m-1780410600,buy_up,5.0,0.54,0.8070079715450895,0.2570079715450895,4,0.01,2026-06-02T14:30:11+00:00,0.6,235.16,0.05999999999999994,price_moved,0.0,0.0,0.0,7.781315611413229,,556.9317989748437
test,2026-06-02T22:35:02+08:00,26755468029_attempt1::btc-updown-5m-1780410900,buy_up,5.0,0.52,0.9116328450099949,0.38163284500999484,4,0.01,2026-06-02T14:35:12+00:00,0.55,145.92,0.030000000000000027,price_moved,0.0,0.0,0.0,8.510065746559047,,556.9317989748437
test,2026-06-02T22:50:01+08:00,26755468029_attempt1::btc-updown-5m-1780411800,buy_up,77.0,0.6,0.6462881487111052,0.0362881487111052,4,0.01,2026-06-02T14:51:22+00:00,0.55,39.84,-0.04999999999999993,partial_fill,5.569317989748437,0.5862136054562264,-5.670578316834772,-9.658834089730192,settle,551.2612206580089
test,2026-06-02T22:55:01+08:00,26755468029_attempt1::btc-updown-5m-1780412100,buy_up,4.0,0.58,0.6574454645522825,0.06744546455228252,4,0.01,2026-06-02T14:55:09+00:00,0.67,354.44,0.09000000000000008,price_moved,0.0,0.0,0.0,-9.566040485798615,,551.2612206580089
test,2026-06-02T23:00:02+08:00,26755468029_attempt1::btc-updown-5m-1780412400,buy_down,4.0,0.46,0.6642624728077209,0.19426247280772085,4,0.01,2026-06-02T15:00:10+00:00,0.51,118.35,0.04999999999999999,price_moved,0.0,0.0,0.0,10.72471568436036,,551.2612206580089
test,2026-06-02T23:05:00+08:00,26755468029_attempt1::btc-updown-5m-1780412700,buy_up,4.0,0.6,0.687076750164341,0.07707675016434103,4,0.01,2026-06-02T15:05:08+00:00,0.66,242.0,0.06000000000000005,price_moved,0.0,0.0,0.0,6.120069122936546,,551.2612206580089
test,2026-06-02T23:10:02+08:00,26755468029_attempt1::btc-updown-5m-1780413000,buy_down,4.0,0.52,0.631513458630476,0.10151345863047602,4,0.01,2026-06-02T15:10:11+00:00,0.5,194.62,-0.020000000000000018,partial_fill,5.51261220658009,0.5817021815642466,5.402359962448488,8.565471298670849,settle,556.6635806204574
test,2026-06-02T23:15:02+08:00,26755468029_attempt1::btc-updown-5m-1780413300,buy_down,5.0,0.5,0.839716624193678,0.329716624193678,4,0.01,2026-06-02T15:15:12+00:00,0.51,147.94,0.010000000000000009,partial_fill,5.566635806204574,0.5821412020786345,5.239186641133717,9.371099435328391,settle,561.9027672615912
test,2026-06-02T23:20:01+08:00,26755468029_attempt1::btc-updown-5m-1780413600,buy_down,4.0,0.44,0.5990780110482691,0.14907801104826907,4,0.01,2026-06-02T15:20:09+00:00,0.48,87.77,0.03999999999999998,price_moved,0.0,0.0,0.0,12.070071696166591,,561.9027672615912
test,2026-06-02T23:25:02+08:00,26755468029_attempt1::btc-updown-5m-1780413900,buy_down,4.0,0.54,0.765827592087719,0.21582759208771896,4,0.01,2026-06-02T15:25:10+00:00,0.54,503.12,0.0,partial_fill,5.619027672615912,0.5747332224185191,4.68252306051326,8.147298394912449,settle,566.5852903221045
test,2026-06-02T23:30:01+08:00,26755468029_attempt1::btc-updown-5m-1780414200,buy_down,16.0,0.63,0.6967568677040972,0.056756867704097165,4,0.01,2026-06-02T15:30:21+00:00,0.65,389.88,0.020000000000000018,price_moved,0.0,0.0,0.0,5.633274890196608,,566.5852903221045
test,2026-06-02T23:35:01+08:00,26755468029_attempt1::btc-updown-5m-1780414500,buy_down,8.0,0.4,0.5120820727331584,0.1020820727331584,4,0.01,2026-06-02T15:35:13+00:00,0.39,1058.92,-0.010000000000000009,partial_fill,5.665852903221045,0.5714676927456865,8.716696774186222,14.623981614950392,settle,575.3019870962906
test,2026-06-02T23:40:01+08:00,26755468029_attempt1::btc-updown-5m-1780414800,buy_up,8.0,0.54,0.6662903009887827,0.1162903009887827,4,0.01,2026-06-02T15:40:13+00:00,0.58,274.41,0.039999999999999925,price_moved,0.0,0.0,0.0,8.38400301907961,,575.3019870962906
test,2026-06-02T23:45:00+08:00,26755468029_attempt1::btc-updown-5m-1780415100,buy_up,4.0,0.52,0.8727099865744232,0.3427099865744232,4,0.01,2026-06-02T15:45:08+00:00,0.57,397.43,0.04999999999999993,price_moved,0.0,0.0,0.0,9.169197147981874,,575.3019870962906
