split,first_quote_cst,slug,side,entry_second,entry_price,market_p,q_model,raw_logit,calibrated_logit,edge,pnl_usd,exit_reason,dominant_group,market_prior_contrib,btc_contrib,interaction_contrib,liquidity_micro_contrib,market_path_contrib,timing_contrib,boundary_contrib,intercept_contrib
train,2026-05-03T23:45:01+08:00,btc-updown-5m-1777823100,buy_up,9.0,0.51,0.505,0.56343357844945,0.2495929022991502,0.2551089211241762,0.04343357844944996,-1.0196078431372548,settle,btc,0.0949807529284627,0.17287813001882718,0.12361451761450389,0.028212431976897216,0.0,0.0,-0.0009950525542607826,-0.16909787768527995
train,2026-05-03T23:50:00+08:00,btc-updown-5m-1777823400,buy_down,9.0,0.47,0.465,0.5651519611040718,0.25653955726639044,0.2620980185048578,0.08515196110407187,1.095102211097205,settle,btc,0.010832661965491977,0.3081794216340993,0.09612305694111817,0.011497346965221696,0.0,0.0,-0.0009950525542607826,-0.16909787768527995
train,2026-05-03T23:55:02+08:00,btc-updown-5m-1777823700,buy_down,255.0,0.3,0.295,0.3393303559987774,-0.6662005366655024,-0.6662797984390856,0.02933035599877743,-1.0341134418022528,settle,market_prior,-0.3730634325834561,0.0003408253118632413,-0.13679362634209363,0.013408627187724986,0.0,0.0,-0.0009950525542607826,-0.16909787768527995
train,2026-05-04T00:00:02+08:00,btc-updown-5m-1777824000,buy_down,220.0,0.18,0.165,0.2221256226916891,-1.2496777832815684,-1.2533219525755763,0.032125622691689094,-1.0239423213999714,settle,market_prior,-0.7670799320358461,-0.07398979244727093,-0.19602595883911456,-0.04248916971979605,0.0,0.0,-0.0009950525542607826,-0.16909787768527995
train,2026-05-04T00:10:02+08:00,btc-updown-5m-1777824600,buy_up,35.0,0.29,0.285,0.3239771114011121,-0.735054124016982,-0.7355540648706511,0.02397711140111209,-0.856061818119697,settle,market_prior,-0.39857145011641004,-0.01761391592590532,-0.1708343344187052,0.02205850668357939,0.0,0.0,-0.0009950525542607826,-0.16909787768527995
train,2026-05-04T08:00:02+08:00,btc-updown-5m-1777852800,buy_down,4.0,0.65,0.645,0.7536143226162878,1.10722666858311,1.1179826262076824,0.09361432261628778,0.508228740114722,settle,btc,0.39807344390496124,0.5763138978470592,0.28811322031925635,0.014819036751373782,0.0,0.0,-0.0009950525542607826,-0.16909787768527995
train,2026-05-04T08:05:01+08:00,btc-updown-5m-1777853100,buy_up,4.0,0.6,0.595,0.6993315984332703,0.8350241530909871,0.8441170179382759,0.08933159843327033,-0.9929743228553196,settle,btc,0.28649664736570424,0.4717660885325891,0.2170915662469368,0.029762781185297682,0.0,0.0,-0.0009950525542607826,-0.16909787768527995
train,2026-05-04T08:10:01+08:00,btc-updown-5m-1777853400,buy_down,8.0,0.5,0.495,0.577008833882089,0.30465385329574324,0.3105062814656544,0.06700883388208902,-0.9861016382797538,settle,btc,0.07397322828062054,0.2589390356754398,0.14208485523262884,-0.0002503356534051968,0.0,0.0,-0.0009950525542607826,-0.16909787768527995
train,2026-05-04T08:15:01+08:00,btc-updown-5m-1777853700,buy_down,16.0,0.54,0.535,0.6647057765212827,0.6762135065418872,0.6843360760237786,0.11470577652128268,0.7974210797134805,settle,btc,0.1581213192435915,0.40877308923901345,0.23602070274769968,0.04339132555112338,0.0,0.0,-0.0009950525542607826,-0.16909787768527995
train,2026-05-04T08:20:01+08:00,btc-updown-5m-1777854000,buy_down,4.0,0.49,0.485,0.8176915456934,1.487704538460814,1.5007851255847346,0.31769154569339997,0.9845709249523589,settle,btc,0.052957295858109765,1.072853379603205,0.5047449232265807,0.027241870012459143,0.0,0.0,-0.0009950525542607826,-0.16909787768527995
train,2026-05-04T08:25:00+08:00,btc-updown-5m-1777854300,buy_down,4.0,0.69,0.685,0.7237285071857826,0.9532172833102582,0.9630322801365143,0.023728507185782684,-0.9888516681043257,settle,market_prior,0.49245378261829786,0.3987704417297516,0.2487005418538792,-0.016614552652129477,0.0,0.0,-0.0009950525542607826,-0.16909787768527995
train,2026-05-04T08:35:01+08:00,btc-updown-5m-1777854900,buy_down,5.0,0.58,0.575,0.6401260950138441,0.5684473305213907,0.5759114742402023,0.05012609501384414,0.6820397355154048,settle,btc,0.24322602031374418,0.30122174303513405,0.18821796981658248,0.0058745275954707795,0.0,0.0,-0.0009950525542607826,-0.16909787768527995
train,2026-05-04T08:40:01+08:00,btc-updown-5m-1777855200,buy_up,8.0,0.63,0.625,0.6860292969297799,0.7729073088087554,0.7816206544775139,0.04602929692977987,0.555232626501112,settle,btc,0.35274759476482526,0.38170945735198886,0.21811268838028558,-0.009569501448803596,0.0,0.0,-0.0009950525542607826,-0.16909787768527995
train,2026-05-04T08:45:01+08:00,btc-updown-5m-1777855500,buy_down,202.0,0.11,0.1,0.15348473309983807,-1.7011247302708425,-1.7075271332847233,0.033484733099838064,-1.002704699687828,settle,market_prior,-1.0694407797926593,-0.36612299086807165,-0.12134183784733821,0.025873808476767218,0.0,0.0,-0.0009950525542607826,-0.16909787768527995
train,2026-05-04T08:50:01+08:00,btc-updown-5m-1777855800,buy_down,8.0,0.58,0.575,0.722299534927717,0.9461251863424982,0.9558968521392024,0.13229953492771707,0.6836978862318662,settle,btc,0.24322602031374418,0.5721650950241233,0.30877436248552304,-0.007947361241351435,0.0,0.0,-0.0009950525542607826,-0.16909787768527995
train,2026-05-04T08:55:01+08:00,btc-updown-5m-1777856100,buy_up,9.0,0.63,0.625,0.7752460346252297,1.2266882865543278,1.2381741263170256,0.13524603462522966,0.5565824882899415,settle,btc,0.35274759476482526,0.715680486642598,0.3321942328544019,-0.0038410974679568472,0.0,0.0,-0.0009950525542607826,-0.16909787768527995
train,2026-05-04T09:00:00+08:00,btc-updown-5m-1777856400,buy_down,4.0,0.45,0.445,0.711184480808527,0.8917045518053218,0.9011437204387639,0.251184480808527,1.1755022152683565,settle,btc,-0.031529957552086714,0.793613254115374,0.31457976150521016,-0.014865576023634804,0.0,0.0,-0.0009950525542607826,-0.16909787768527995
train,2026-05-04T09:10:01+08:00,btc-updown-5m-1777857000,buy_down,12.0,0.73,0.725,0.7767132201138081,1.2350771487183576,1.2466142424382403,0.03671322011380807,0.35308007178243145,settle,market_prior,0.5935776720325792,0.5126989813207093,0.27811663943265374,0.0207767861719562,0.0,0.0,-0.0009950525542607826,-0.16909787768527995
train,2026-05-04T09:15:01+08:00,btc-updown-5m-1777857300,buy_up,21.0,0.48,0.475,0.5645457706462593,0.2540882858020751,0.2596317703535707,0.07454577064625935,-1.0155974814745716,settle,btc,0.03191609967744088,0.3768416888873526,0.06813688684846719,-0.052713459371644775,0.0,0.0,-0.0009950525542607826,-0.16909787768527995
train,2026-05-04T09:20:01+08:00,btc-updown-5m-1777857600,buy_up,218.0,0.3,0.295,0.33284468057381694,-0.6950911484916436,-0.6953469250478785,0.02284468057381695,-0.8301910809589539,settle,market_prior,-0.3730634325834561,0.009609429945229998,-0.1623401682142685,0.0007959526003917707,0.0,0.0,-0.0009950525542607826,-0.16909787768527995
train,2026-05-04T09:25:00+08:00,btc-updown-5m-1777857900,buy_up,4.0,0.52,0.515,0.6856118846440902,0.7709818613436683,0.7796834429853149,0.15561188464409015,0.8825272400368089,settle,btc,0.11599668535097349,0.5693713353429735,0.23551798044209601,0.02018879044716609,0.0,0.0,-0.0009950525542607826,-0.16909787768527995
train,2026-05-04T09:30:01+08:00,btc-updown-5m-1777858200,buy_up,13.0,0.8,0.795,0.9913305740988484,4.706498826677815,4.739245483098035,0.18133057409884834,0.23399411739624887,settle,btc,0.7962575942323418,3.272267180795318,0.784880040273898,0.023186941615798356,0.0,0.0,-0.0009950525542607826,-0.16909787768527995
train,2026-05-04T09:35:02+08:00,btc-updown-5m-1777858500,buy_down,5.0,0.47,0.465,0.7884684185650267,1.3037613068794593,1.3157180445072794,0.3084684185650267,1.092639854701311,settle,btc,0.010832661965491977,1.0495041250877968,0.43101752960140816,-0.01750007953569696,0.0,0.0,-0.0009950525542607826,-0.16909787768527995
train,2026-05-04T09:40:01+08:00,btc-updown-5m-1777858800,buy_up,45.0,0.44,0.435,0.49849159125716186,-0.009963841984909464,-0.006033653275867508,0.048491591257161855,-1.0211980180477638,settle,btc,-0.052844462835857135,0.2838135472966631,-0.04367545918122554,-0.027164537024949097,0.0,0.0,-0.0009950525542607826,-0.16909787768527995
train,2026-05-04T09:45:01+08:00,btc-updown-5m-1777859100,buy_up,17.0,0.48,0.475,0.6771960459449271,0.7324494679890058,0.7409156258508106,0.18719604594492711,1.0500610453634194,settle,btc,0.03191609967744088,0.6817924546199392,0.15967300136037588,0.029160842570790612,0.0,0.0,-0.0009950525542607826,-0.16909787768527995
train,2026-05-04T09:50:01+08:00,btc-updown-5m-1777859400,buy_up,8.0,0.46,0.455,0.9113332375276386,2.3119072527317712,2.3300235228604698,0.4413332375276386,1.1507836527965523,settle,btc,-0.010310199668486515,1.7193722025722304,0.7725477203879887,0.0003904596795794482,0.0,0.0,-0.0009950525542607826,-0.16909787768527995
train,2026-05-04T09:55:02+08:00,btc-updown-5m-1777859700,buy_up,13.0,0.55,0.545,0.8266403188267903,1.548548828175996,1.5620011594720133,0.2666403188267903,0.8082409564471481,settle,btc,0.17926418087756993,1.0278742936645162,0.5066472481599813,0.004856035713468974,0.0,0.0,-0.0009950525542607826,-0.16909787768527995
train,2026-05-04T10:00:01+08:00,btc-updown-5m-1777860000,buy_down,4.0,0.4,0.375,0.5989317645398342,0.3946140363860304,0.40101609992749593,0.18893176453983418,1.502115817557025,settle,btc,-0.18379361355574203,0.4975833611331284,0.25493457400808167,-0.004017354959896759,0.0,0.0,-0.0009950525542607826,-0.16909787768527995
train,2026-05-04T10:05:02+08:00,btc-updown-5m-1777860300,buy_up,4.0,0.53,0.525,0.7293257999364314,0.9812185836852246,0.9912046618121952,0.1893257999364314,0.8969173417311875,settle,btc,0.1370378815316424,0.7401814550145697,0.24326148563145567,0.030830691747097773,0.0,0.0,-0.0009950525542607826,-0.16909787768527995
train,2026-05-04T10:20:00+08:00,btc-updown-5m-1777861200,buy_down,85.0,0.63,0.625,0.6871876816946756,0.7782580192453145,0.7870040564851422,0.04718768169467558,0.595642249552165,settle,btc,0.35274759476482526,0.38247099706299953,0.1724862649245751,0.040646092732455404,0.0,0.0,-0.0009950525542607826,-0.16909787768527995
train,2026-05-04T10:25:01+08:00,btc-updown-5m-1777861500,buy_up,19.0,0.32,0.315,0.3958075322741499,-0.4243630467600572,-0.42296473885721414,0.06580753227414989,-1.0810906829371798,settle,market_prior,-0.3234998014092145,0.07374989553067497,-0.0009244667781556162,-0.0035957438638213072,0.0,0.0,-0.0009950525542607826,-0.16909787768527995
train,2026-05-04T10:35:02+08:00,btc-updown-5m-1777862100,buy_up,10.0,0.54,0.535,0.7827626229590664,1.270087826767925,1.2818388274228216,0.23276262295906636,0.8645995436520323,settle,btc,0.1581213192435915,0.8783257013785515,0.37027146341368034,0.033462272971642164,0.0,0.0,-0.0009950525542607826,-0.16909787768527995
train,2026-05-04T10:40:01+08:00,btc-updown-5m-1777862400,buy_up,9.0,0.5,0.495,0.9414191910919433,2.756150871322632,2.776981364544005,0.43141919109194327,1.02524213886258,settle,btc,0.07397322828062054,1.9369159724861018,0.8964510878546825,0.018903512940767246,0.0,0.0,-0.0009950525542607826,-0.16909787768527995
train,2026-05-04T10:45:02+08:00,btc-updown-5m-1777862700,buy_down,4.0,0.5,0.495,0.8086549428098905,1.4285746054176098,1.4412939226818908,0.29865494280989047,1.0352895118234335,settle,btc,0.07397322828062054,1.0150464164656496,0.5291523586509271,-0.019504467740046726,0.0,0.0,-0.0009950525542607826,-0.16909787768527995
train,2026-05-04T10:55:01+08:00,btc-updown-5m-1777863300,buy_up,4.0,0.51,0.485,0.7996028098090617,1.3714435087089636,1.3838137685292946,0.2796028098090617,-1.0876878381361297,settle,btc,0.052957295858109765,1.0112028631150274,0.4660422671617127,0.01133401281365416,0.0,0.0,-0.0009950525542607826,-0.16909787768527995
train,2026-05-04T11:00:00+08:00,btc-updown-5m-1777863600,buy_down,14.0,0.34,0.335,0.5588721989390336,0.2311826542128324,0.23658619079071608,0.20887219893903358,2.018620664305581,settle,btc,-0.2756096560174177,0.6127629714655504,0.06814392899394019,-0.004021659989699755,0.0,0.0,-0.0009950525542607826,-0.16909787768527995
train,2026-05-04T11:05:02+08:00,btc-updown-5m-1777863900,buy_up,10.0,0.63,0.625,0.8793515018436495,1.9702743876359667,1.9863033620267978,0.2393515018436495,0.614902910050008,settle,btc,0.35274759476482526,1.312652643865227,0.43245785796307046,0.04250922128238451,0.0,0.0,-0.0009950525542607826,-0.16909787768527995
train,2026-05-04T11:25:01+08:00,btc-updown-5m-1777865100,buy_down,14.0,0.44,0.435,0.5189481750936791,0.07140170160668914,0.07582901447941592,0.06894817509367908,1.3527864021100175,settle,btc,-0.052844462835857135,0.2592102372047535,0.03378676161085028,0.001342095866483202,0.0,0.0,-0.0009950525542607826,-0.16909787768527995
train,2026-05-04T11:30:02+08:00,btc-updown-5m-1777865400,buy_down,28.0,0.71,0.705,0.7879575628482249,1.3007196504415666,1.3126578042703219,0.06795756284822498,0.43212951549091827,settle,btc,0.5420174137925392,0.6181717530530407,0.330603036457898,-0.019979622622371015,0.0,0.0,-0.0009950525542607826,-0.16909787768527995
train,2026-05-04T11:35:01+08:00,btc-updown-5m-1777865700,buy_down,5.0,0.5,0.495,0.5689610763962845,0.27196094647150304,0.27761362873859075,0.05896107639628446,1.0780767152467428,settle,btc,0.07397322828062054,0.2238630590709183,0.14306880378441622,0.0011487855750886473,0.0,0.0,-0.0009950525542607826,-0.16909787768527995
train,2026-05-04T11:40:01+08:00,btc-updown-5m-1777866000,buy_down,10.0,0.49,0.485,0.6723277397139812,0.7104005827354809,0.7187320271404832,0.1723277397139812,-1.1335296408331537,settle,btc,0.052957295858109765,0.5600090878911363,0.24917283441547464,0.018354294810300945,0.0,0.0,-0.0009950525542607826,-0.16909787768527995
train,2026-05-04T11:45:01+08:00,btc-updown-5m-1777866300,buy_up,5.0,0.58,0.575,0.7221676688226849,0.9454718596168609,0.9552395337423029,0.13216766882268494,0.7772495485505952,settle,btc,0.24322602031374418,0.6101796599488246,0.2751938083631095,-0.013034698769276522,0.0,0.0,-0.0009950525542607826,-0.16909787768527995
train,2026-05-04T11:55:02+08:00,btc-updown-5m-1777866900,buy_up,5.0,0.47,0.465,0.7147063588067644,0.908809127990776,0.9183528015258758,0.23470635880676438,1.225093720188736,settle,btc,0.010832661965491977,0.7530357587677037,0.30433491900043996,0.010698718496681097,0.0,0.0,-0.0009950525542607826,-0.16909787768527995
train,2026-05-04T12:00:01+08:00,btc-updown-5m-1777867200,buy_up,5.0,0.53,0.525,0.7263832591295429,0.9664535421734574,0.9763494094004658,0.1863832591295429,0.9716824618414228,settle,btc,0.1370378815316424,0.6726789867165723,0.30123630315797445,0.025593301006808962,0.0,0.0,-0.0009950525542607826,-0.16909787768527995
train,2026-05-04T12:10:01+08:00,btc-updown-5m-1777867800,buy_up,60.0,0.47,0.465,0.5055763235881973,0.01820393208622167,0.02230621921075827,0.025576323588197288,-1.1532909027206468,settle,btc,0.010832661965491977,0.12278105413723855,0.026063848244858565,0.028619297978173332,0.0,0.0,-0.0009950525542607826,-0.16909787768527995
train,2026-05-04T12:15:01+08:00,btc-updown-5m-1777868100,buy_down,5.0,0.46,0.455,0.5467917601427544,0.18260955852094785,0.18771632501032068,0.07679176014275442,-1.1420296020582115,settle,btc,-0.010310199668486515,0.29562665913319364,0.05323421541889041,0.014151813876891035,0.0,0.0,-0.0009950525542607826,-0.16909787768527995
train,2026-05-04T12:20:01+08:00,btc-updown-5m-1777868400,buy_down,10.0,0.53,0.525,0.8792240970728026,1.9690813389980342,1.9851030241447922,0.33922409707280254,0.9601942826008337,settle,btc,0.1370378815316424,1.394698097988582,0.6342794518246546,-0.026841162107304153,0.0,0.0,-0.0009950525542607826,-0.16909787768527995
train,2026-05-04T12:25:02+08:00,btc-updown-5m-1777868700,buy_up,5.0,0.49,0.485,0.6173212033024932,0.4713227552598934,0.478193490871061,0.1173212033024932,1.138686476216517,settle,btc,0.052957295858109765,0.4046337973725083,0.17571328644247491,0.008111305826341219,0.0,0.0,-0.0009950525542607826,-0.16909787768527995
train,2026-05-04T12:30:01+08:00,btc-updown-5m-1777869000,buy_up,5.0,0.58,0.575,0.6386987433553935,0.562294227077912,0.5697207767947864,0.04869874335539349,0.7968842080970417,settle,btc,0.24322602031374418,0.30422987221527786,0.1622056247650101,0.02272564002342054,0.0,0.0,-0.0009950525542607826,-0.16909787768527995
train,2026-05-04T12:45:01+08:00,btc-updown-5m-1777869900,buy_up,9.0,0.51,0.505,0.5666129399128652,0.26245061664170527,0.26804519305028934,0.0466129399128652,-1.1575286192909167,settle,btc,0.0949807529284627,0.2143789370410557,0.10267465050351711,0.020509206408210457,0.0,0.0,-0.0009950525542607826,-0.16909787768527995
train,2026-05-04T12:50:02+08:00,btc-updown-5m-1777870200,buy_up,9.0,0.49,0.485,0.5865402284365181,0.3435907111964076,0.34968103432855907,0.08654022843651811,-1.1466256809616457,settle,btc,0.052957295858109765,0.3338683566830619,0.08979398593043807,0.037064002964338434,0.0,0.0,-0.0009950525542607826,-0.16909787768527995
train,2026-05-04T12:55:01+08:00,btc-updown-5m-1777870500,buy_down,56.0,0.57,0.565,0.6057853305606612,0.4230542496012908,0.4296300760967731,0.025785330560661242,-1.1317396633491612,settle,btc,0.2217984440449403,0.2925843269621993,0.1510541531114313,-0.07228974427773936,0.0,0.0,-0.0009950525542607826,-0.16909787768527995
train,2026-05-04T13:05:01+08:00,btc-updown-5m-1777871100,buy_up,158.0,0.32,0.315,0.363793632945667,-0.5595088220874403,-0.5589362228023923,0.033793632945667014,-1.1353129362086583,settle,market_prior,-0.3234998014092145,0.041635719132428965,-0.1620137679792622,0.05446195840814816,0.0,0.0,-0.0009950525542607826,-0.16909787768527995
train,2026-05-04T13:10:01+08:00,btc-updown-5m-1777871400,buy_down,14.0,0.66,0.655,0.7031357051826983,0.8530716649872538,0.8622747958496394,0.03313570518269827,0.544778192268609,settle,market_prior,0.42115904652909675,0.3766418151657274,0.18489908478496522,0.04046464874700518,0.0,0.0,-0.0009950525542607826,-0.16909787768527995
train,2026-05-04T13:15:01+08:00,btc-updown-5m-1777871700,buy_down,5.0,0.49,0.485,0.7178550037151892,0.924208732483868,0.9338464939481672,0.21785500371518918,1.1173511902652087,settle,btc,0.052957295858109765,0.6904576621399791,0.34320952120311266,0.007677183522207154,0.0,0.0,-0.0009950525542607826,-0.16909787768527995
train,2026-05-04T13:20:02+08:00,btc-updown-5m-1777872000,buy_up,5.0,0.52,0.515,0.5653286207083458,0.2572540692125374,0.26281689594944546,0.035328620708345755,0.9998144400584643,settle,btc,0.11599668535097349,0.21757821789399906,0.08869911658297532,0.005072979624130262,0.0,0.0,-0.0009950525542607826,-0.16909787768527995
train,2026-05-04T13:25:01+08:00,btc-updown-5m-1777872300,buy_down,5.0,0.48,0.475,0.5927477828651525,0.3690901740884711,0.37533629288799075,0.10274778286515253,1.1859368116858375,settle,btc,0.03191609967744088,0.3542204994660746,0.15271112603947778,0.0003353791450186365,0.0,0.0,-0.0009950525542607826,-0.16909787768527995
train,2026-05-04T13:30:01+08:00,btc-updown-5m-1777872600,buy_up,4.0,0.5,0.495,0.5870999208038327,0.345885062405956,0.3519894034795591,0.07709992080383267,-1.1505958946975994,settle,btc,0.07397322828062054,0.31494159252086507,0.09842394369907098,0.02863922814494017,0.0,0.0,-0.0009950525542607826,-0.16909787768527995
train,2026-05-04T13:40:02+08:00,btc-updown-5m-1777873200,buy_down,5.0,0.38,0.375,0.5412550980353908,0.16042518661077845,0.165396411852027,0.15125509803539083,1.79232324073459,settle,btc,-0.18379361355574203,0.36121619784422865,0.14253733942347566,0.010558193138356877,0.0,0.0,-0.0009950525542607826,-0.16909787768527995
train,2026-05-04T13:50:01+08:00,btc-updown-5m-1777873800,buy_up,4.0,0.62,0.615,0.7157624278082355,0.9139627360330295,0.9235378968903406,0.08576242780823552,-1.152750084732956,settle,btc,0.33045584057817046,0.4788831352394684,0.24514258334608446,0.029574107108846937,0.0,0.0,-0.0009950525542607826,-0.16909787768527995
train,2026-05-04T13:55:02+08:00,btc-updown-5m-1777874100,buy_up,9.0,0.51,0.505,0.5976578153332078,0.3893455683713798,0.39571544282345844,0.07765781533320783,1.0568705538758019,settle,btc,0.0949807529284627,0.3137356972693931,0.1195089109800836,0.031213137432981108,0.0,0.0,-0.0009950525542607826,-0.16909787768527995
train,2026-05-04T14:00:02+08:00,btc-updown-5m-1777874400,buy_up,83.0,0.23,0.225,0.2705907823827421,-0.9895722776478008,-0.9916272640241964,0.030590782382742078,-1.1747416655528262,settle,market_prior,-0.5650343920509493,-0.16779766848965072,-0.12096900901659927,0.034321722148939235,0.0,0.0,-0.0009950525542607826,-0.16909787768527995
train,2026-05-04T14:05:01+08:00,btc-updown-5m-1777874700,buy_down,4.0,0.5,0.495,0.6209210691255136,0.4864960856567383,0.49345952671607085,0.1109210691255136,1.099311327328744,settle,btc,0.07397322828062054,0.3929804099893406,0.18517785099645825,0.004457526629859737,0.0,0.0,-0.0009950525542607826,-0.16909787768527995
train,2026-05-04T14:10:02+08:00,btc-updown-5m-1777875000,buy_up,4.0,0.47,0.465,0.5686666874628193,0.2707679444665164,0.2764133377744474,0.08866668746281937,-1.1568402032165688,settle,btc,0.010832661965491977,0.3279090496330817,0.06381326109929994,0.03830590200818352,0.0,0.0,-0.0009950525542607826,-0.16909787768527995
train,2026-05-04T14:20:00+08:00,btc-updown-5m-1777875600,buy_down,5.0,0.5,0.495,0.5701902479509262,0.27694427059208865,0.28262739978703383,0.06019024795092621,1.0987475443450432,settle,btc,0.07397322828062054,0.21372884292932953,0.12170121239747207,0.037633917224207204,0.0,0.0,-0.0009950525542607826,-0.16909787768527995
train,2026-05-04T14:25:00+08:00,btc-updown-5m-1777875900,buy_down,5.0,0.58,0.575,0.9444651049740842,2.81243281582658,2.833607178373432,0.35446510497408423,0.8003188965774914,settle,btc,0.24322602031374418,1.8733307636027117,0.847425342564318,0.018543619585346286,0.0,0.0,-0.0009950525542607826,-0.16909787768527995
train,2026-05-04T14:30:01+08:00,btc-updown-5m-1777876200,buy_up,5.0,0.48,0.475,0.5360772299296979,0.13971544816855846,0.14456014182224833,0.04607722992969788,1.21142172977828,settle,btc,0.03191609967744088,0.266657375462687,0.0028590517169285335,0.008375851551042866,0.0,0.0,-0.0009950525542607826,-0.16909787768527995
train,2026-05-04T14:40:02+08:00,btc-updown-5m-1777876800,buy_up,4.0,0.53,0.525,0.561740533234473,0.24275469479007583,0.2482289337898958,0.02174053323447301,1.000088469526837,settle,btc,0.1370378815316424,0.18305678094156308,0.09682071074124202,-0.004067748184830945,0.0,0.0,-0.0009950525542607826,-0.16909787768527995
train,2026-05-04T14:45:01+08:00,btc-updown-5m-1777877100,buy_up,9.0,0.54,0.535,0.7604732933949131,1.1442936453916606,1.1552760734487142,0.21047329339491305,0.9685639416830562,settle,btc,0.1581213192435915,0.7742914624690054,0.35544428944762546,0.026529504470978696,0.0,0.0,-0.0009950525542607826,-0.16909787768527995
train,2026-05-04T14:50:01+08:00,btc-updown-5m-1777877400,buy_up,10.0,0.5,0.495,0.6130402497239038,0.45334899067437473,0.46010991084901437,0.10304024972390381,1.1485231220477683,settle,btc,0.07397322828062054,0.35974291641807266,0.15683477924448613,0.03289099697073614,0.0,0.0,-0.0009950525542607826,-0.16909787768527995
train,2026-05-04T15:00:01+08:00,btc-updown-5m-1777878000,buy_up,10.0,0.34,0.335,0.4087334236012398,-0.370928587864121,-0.36920380809716885,0.058733423601239794,2.2624733541971596,settle,market_prior,-0.2756096560174177,0.09401413100636821,-0.020175122115770945,0.0009349895022402908,0.0,0.0,-0.0009950525542607826,-0.16909787768527995
train,2026-05-04T15:05:01+08:00,btc-updown-5m-1777878300,buy_up,171.0,0.58,0.575,0.6278969565899069,0.5160611800413287,0.5232052568116936,0.03789695658990689,-1.2268666847885845,settle,btc,0.24322602031374418,0.3182896704632821,0.1600086876727653,-0.03537026816892213,0.0,0.0,-0.0009950525542607826,-0.16909787768527995
train,2026-05-04T15:10:01+08:00,btc-updown-5m-1777878600,buy_down,13.0,0.44,0.435,0.4904639725347509,-0.04188390048457878,-0.03814873575849043,0.040463972534750876,-1.2209355688817676,settle,btc,-0.052844462835857135,0.12415655408756628,0.03431226597868199,0.022584672524570824,0.0,0.0,-0.0009950525542607826,-0.16909787768527995
train,2026-05-04T15:20:02+08:00,btc-updown-5m-1777879200,buy_up,97.0,0.33,0.325,0.362250904078841,-0.5661399471688204,-0.5656078624844849,0.022250904078840957,-1.0107557863213745,settle,market_prior,-0.2993636477025956,-0.010884079043540077,-0.13828562561617536,0.05248633543303132,0.0,0.0,-0.0009950525542607826,-0.16909787768527995
train,2026-05-04T15:25:01+08:00,btc-updown-5m-1777879500,buy_up,13.0,0.5,0.495,0.5349796692160592,0.13532972006535643,0.14014761796104833,0.024979669216059215,-1.1949164888750108,settle,btc,0.07397322828062054,0.14644420501407843,0.044454266857619607,0.0405509501525786,0.0,0.0,-0.0009950525542607826,-0.16909787768527995
train,2026-05-04T15:30:02+08:00,btc-updown-5m-1777879800,buy_down,152.0,0.25,0.245,0.33322179384813566,-0.6934036836991739,-0.6936491502459543,0.07322179384813567,3.432231263174429,settle,market_prior,-0.5065812812578528,0.08645934554158403,-0.13468866407372682,0.031499846330362416,0.0,0.0,-0.0009950525542607826,-0.16909787768527995
train,2026-05-04T15:35:01+08:00,btc-updown-5m-1777880100,buy_down,5.0,0.58,0.575,0.6615214471038847,0.6620456665122446,0.6700816738535166,0.07152144710388476,0.8439354476417759,settle,btc,0.24322602031374418,0.38599869732850955,0.1861139428279132,0.01679993628161842,0.0,0.0,-0.0009950525542607826,-0.16909787768527995
train,2026-05-04T15:40:02+08:00,btc-updown-5m-1777880400,buy_up,170.0,0.43,0.425,0.465917172236438,-0.1396807081955508,-0.1365430587578552,0.02591717223643803,1.5657850776054132,settle,btc,-0.07427203910466089,0.1684759562443391,-0.0450574725464132,-0.018734222549275058,0.0,0.0,-0.0009950525542607826,-0.16909787768527995
train,2026-05-04T15:45:01+08:00,btc-updown-5m-1777880700,buy_down,107.0,0.31,0.305,0.3406983839219961,-0.6601412948243784,-0.6601835360681418,0.020698383921996084,2.0035794509034743,settle,market_prior,-0.3480535595599974,-0.08870778211479843,-0.09606498495410894,0.0427779620440671,0.0,0.0,-0.0009950525542607826,-0.16909787768527995
train,2026-05-04T15:50:01+08:00,btc-updown-5m-1777881000,buy_down,5.0,0.6,0.595,0.7118376374684441,0.8948672759428976,0.9043257680703207,0.10183763746844411,0.8046953858472952,settle,btc,0.28649664736570424,0.49856700777252155,0.27559385354771243,0.0043026974965001095,0.0,0.0,-0.0009950525542607826,-0.16909787768527995
train,2026-05-04T15:55:00+08:00,btc-updown-5m-1777881300,buy_down,10.0,0.49,0.485,0.5683833108279036,0.26961975519687936,0.27525813334083277,0.06838331082790362,1.2714692399612284,settle,btc,0.052957295858109765,0.27034464883541426,0.11014930949596467,0.006261431246931338,0.0,0.0,-0.0009950525542607826,-0.16909787768527995
train,2026-05-04T16:00:02+08:00,btc-updown-5m-1777881600,buy_up,4.0,0.39,0.385,0.5530273642486413,0.20765034861268952,0.2129101083874615,0.15302736424864127,-1.2910303051914012,settle,btc,-0.16150185936908718,0.45949268129111626,0.052731443493517285,0.027021013436683918,0.0,0.0,-0.0009950525542607826,-0.16909787768527995
train,2026-05-04T16:05:02+08:00,btc-updown-5m-1777881900,buy_down,13.0,0.71,0.705,0.8004556154595486,1.376741763493305,1.3891443943931174,0.08045561545954862,-1.2633913465450501,settle,btc,0.5420174137925392,0.7036378295138515,0.27278600727154184,0.028393443154913066,0.0,0.0,-0.0009950525542607826,-0.16909787768527995
train,2026-05-04T16:20:00+08:00,btc-updown-5m-1777882800,buy_down,9.0,0.48,0.475,0.5990538041385057,0.3951190250534951,0.40152417395588746,0.10905380413850575,1.3102859767345176,settle,btc,0.03191609967744088,0.39228829855136077,0.11693398210463712,0.02407357495959706,0.0,0.0,-0.0009950525542607826,-0.16909787768527995
train,2026-05-04T16:25:02+08:00,btc-updown-5m-1777883100,buy_up,9.0,0.44,0.435,0.4984648378601284,-0.01007020670120272,-0.00614066785533747,0.0484648378601284,1.5578914885144963,settle,btc,-0.052844462835857135,0.17616903447635013,0.026660307523894634,0.010037844373950408,0.0,0.0,-0.0009950525542607826,-0.16909787768527995
train,2026-05-04T16:30:01+08:00,btc-updown-5m-1777883400,buy_up,4.0,0.63,0.625,0.6614753604007233,0.6618410970716625,0.6698758545421958,0.021475360400723294,-1.2819221391204996,settle,market_prior,0.35274759476482526,0.29798166576975366,0.17526699135030416,0.00593777542632016,0.0,0.0,-0.0009950525542607826,-0.16909787768527995
train,2026-05-04T16:35:01+08:00,btc-updown-5m-1777883700,buy_down,32.0,0.3,0.295,0.3546244747122607,-0.5991036296529021,-0.5987729452464179,0.04462447471226073,-1.2907086471157214,settle,market_prior,-0.3730634325834561,0.052733265666441605,-0.1564045393350151,0.04772400683866821,0.0,0.0,-0.0009950525542607826,-0.16909787768527995
train,2026-05-04T16:45:02+08:00,btc-updown-5m-1777884300,buy_up,188.0,0.21,0.205,0.265549647927296,-1.0151095649614985,-1.017320578103503,0.04554964792729602,-1.295030835826493,settle,market_prior,-0.6273036130232583,-0.04897927302443744,-0.15250817510777234,-0.016225573566489612,0.0,0.0,-0.0009950525542607826,-0.16909787768527995
train,2026-05-04T16:50:01+08:00,btc-updown-5m-1777884600,buy_down,33.0,0.74,0.735,0.8473519515331435,1.6996059463600477,1.7139812008030277,0.09735195153314348,-1.239745428523089,settle,btc,0.6202248896965267,0.8727729451538385,0.3631936726004754,0.013507369148747466,0.0,0.0,-0.0009950525542607826,-0.16909787768527995
train,2026-05-04T16:55:01+08:00,btc-updown-5m-1777884900,buy_up,9.0,0.48,0.475,0.5688131760088269,0.27136156011336243,0.27701058027203346,0.07881317600882688,1.2864941623903143,settle,btc,0.03191609967744088,0.312292968724046,0.07312916529849377,0.02411625665292252,0.0,0.0,-0.0009950525542607826,-0.16909787768527995
train,2026-05-04T17:00:02+08:00,btc-updown-5m-1777885200,buy_down,115.0,0.66,0.655,0.69611693955772,0.8198744015625851,0.828874705023,0.026116939557719994,-1.2422236279786474,settle,market_prior,0.42115904652909675,0.4064850996721424,0.14106780764541432,0.02125537795547232,0.0,0.0,-0.0009950525542607826,-0.16909787768527995
train,2026-05-04T17:05:01+08:00,btc-updown-5m-1777885500,buy_down,4.0,0.6,0.595,0.6576044307984911,0.6447068067611985,0.6526368777838212,0.04760443079849109,0.7873194813477503,settle,btc,0.28649664736570424,0.32093490257176893,0.2048701499641267,0.0024980370991394526,0.0,0.0,-0.0009950525542607826,-0.16909787768527995
train,2026-05-04T17:10:01+08:00,btc-updown-5m-1777885800,buy_up,5.0,0.51,0.505,0.6812654242150106,0.7510137002473415,0.7595932811630399,0.16126542421501056,1.1474201744456263,settle,btc,0.0949807529284627,0.58480692239933,0.22393209971805295,0.01738685544103658,0.0,0.0,-0.0009950525542607826,-0.16909787768527995
train,2026-05-04T17:15:01+08:00,btc-updown-5m-1777886100,buy_up,4.0,0.49,0.485,0.5231904450563452,0.0882978379317753,0.0928283821880749,0.02319044505634516,-1.2557225888703412,settle,btc,0.052957295858109765,0.16124142601325733,0.026176933702971077,0.01801511259697785,0.0,0.0,-0.0009950525542607826,-0.16909787768527995
train,2026-05-04T17:20:02+08:00,btc-updown-5m-1777886400,buy_down,123.0,0.25,0.245,0.3055420005031419,-0.8200253393126897,-0.8210444341285469,0.045542000503141895,3.605430697164523,settle,market_prior,-0.5065812812578528,0.04902410570078588,-0.14226742750263238,-0.05010780601344961,0.0,0.0,-0.0009950525542607826,-0.16909787768527995
train,2026-05-04T17:25:02+08:00,btc-updown-5m-1777886700,buy_up,5.0,0.52,0.515,0.7553420343457321,1.1164968991607034,1.1273094956943228,0.22534203434573208,1.133518177966657,settle,btc,0.11599668535097349,0.7909599384656183,0.34130973677803295,0.038323468805618995,0.0,0.0,-0.0009950525542607826,-0.16909787768527995
train,2026-05-04T17:30:02+08:00,btc-updown-5m-1777887000,buy_down,4.0,0.55,0.545,0.5974974423216867,0.3886827271948543,0.3950485518446335,0.03749744232168662,-1.2884484072274618,settle,btc,0.17926418087756993,0.23777222722134633,0.1278571122253086,0.01388213711017013,0.0,0.0,-0.0009950525542607826,-0.16909787768527995
train,2026-05-04T17:35:00+08:00,btc-updown-5m-1777887300,buy_down,5.0,0.67,0.665,0.741481556930281,1.043317761350947,1.053683250717613,0.06148155693028091,-1.2712507802994364,settle,btc,0.44456363722650116,0.4680172700754467,0.27456525216334443,0.026264532125195163,0.0,0.0,-0.0009950525542607826,-0.16909787768527995
train,2026-05-04T17:40:02+08:00,btc-updown-5m-1777887600,buy_up,4.0,0.37,0.365,0.42766016272764107,-0.2936012993471817,-0.29140406819679204,0.04766016272764107,2.077575440566945,settle,market_prior,-0.20632449435712288,0.07686044252117732,-0.016914037532485094,0.022869720260789702,0.0,0.0,-0.0009950525542607826,-0.16909787768527995
train,2026-05-04T17:45:02+08:00,btc-updown-5m-1777887900,buy_down,5.0,0.57,0.565,0.61160315321774,0.4473318549209538,0.454056011823978,0.031603153217739995,-1.2827352881435912,settle,btc,0.2217984440449403,0.2407647345380779,0.13613591501877714,0.018725691558699128,0.0,0.0,-0.0009950525542607826,-0.16909787768527995
train,2026-05-04T17:50:01+08:00,btc-updown-5m-1777888200,buy_down,166.0,0.42,0.415,0.4584444231046886,-0.169561710113292,-0.16660662650669292,0.028444423104688595,-1.2775011384046147,settle,btc,-0.09583158198412475,0.19044331650311966,-0.07227308936919304,-0.021807425023553106,0.0,0.0,-0.0009950525542607826,-0.16909787768527995
train,2026-05-04T17:55:01+08:00,btc-updown-5m-1777888500,buy_up,149.0,0.12,0.115,0.15746278775060096,-1.6710102572634957,-1.677228667993324,0.027462787750600966,-1.0438471935923743,settle,market_prior,-0.987215310766914,-0.3863679058493051,-0.1814152975400417,0.054081187132305725,0.0,0.0,-0.0009950525542607826,-0.16909787768527995
train,2026-05-04T18:00:01+08:00,btc-updown-5m-1777888800,buy_down,10.0,0.29,0.27,0.4916338249366227,-0.03723141414639905,-0.0334678238327975,0.19163382493662273,2.9558787186178495,settle,btc,-0.4378695533652036,0.5011966540894364,0.07892591138506647,-0.009391496016157625,0.0,0.0,-0.0009950525542607826,-0.16909787768527995
train,2026-05-04T18:05:02+08:00,btc-updown-5m-1777889100,buy_down,5.0,0.59,0.585,0.9815887244244929,3.948096130538878,3.9762091264510726,0.3815887244244929,0.8502624498106549,settle,btc,0.264785563193208,2.7541640450515708,1.0678318896217132,0.03140756291192668,0.0,0.0,-0.0009950525542607826,-0.16909787768527995
train,2026-05-04T18:15:01+08:00,btc-updown-5m-1777889700,buy_down,4.0,0.5,0.495,0.7189031807060303,0.9293583036280993,0.9390275277501208,0.2089031807060303,1.237386943209446,settle,btc,0.07397322828062054,0.7507200807289853,0.28101409150865586,-0.00625616665062154,0.0,0.0,-0.0009950525542607826,-0.16909787768527995
train,2026-05-04T18:20:01+08:00,btc-updown-5m-1777890000,buy_down,9.0,0.63,0.625,0.7700144240162702,1.1970876663213519,1.2083926533185139,0.13001442401627017,0.7285792042290954,settle,btc,0.35274759476482526,0.6809874488597029,0.3183637629968938,0.015081789939470534,0.0,0.0,-0.0009950525542607826,-0.16909787768527995
train,2026-05-04T18:25:01+08:00,btc-updown-5m-1777890300,buy_up,5.0,0.56,0.555,0.6417811908183481,0.5755956048209562,0.5831034227994863,0.07178119081834801,0.9846227531438916,settle,btc,0.20048393876117018,0.3653362007923731,0.17697866103777585,0.002889734469177781,0.0,0.0,-0.0009950525542607826,-0.16909787768527995
train,2026-05-04T18:30:00+08:00,btc-updown-5m-1777890600,buy_up,33.0,0.49,0.485,0.5243695855345485,0.09299638787978497,0.09755563916132315,0.024369585534548495,1.3185159458924969,settle,btc,0.052957295858109765,0.14542526652385987,0.03284702042996696,0.0318597353073891,0.0,0.0,-0.0009950525542607826,-0.16909787768527995
train,2026-05-04T18:35:01+08:00,btc-updown-5m-1777890900,buy_up,23.0,0.5,0.495,0.6996212734632289,0.8363938172883284,0.8454950504588481,0.18962127346322888,-1.3314374021622435,settle,btc,0.07397322828062054,0.6567441409738652,0.27638553963800006,-0.0006161613646164944,0.0,0.0,-0.0009950525542607826,-0.16909787768527995
train,2026-05-04T18:40:02+08:00,btc-updown-5m-1777891200,buy_up,14.0,0.64,0.635,0.7453554400570725,1.06350369449908,1.0739925151272545,0.09535544005707254,-1.3122041688558863,settle,btc,0.3752784755662062,0.5770145500353191,0.2759608524605587,0.005342746676536697,0.0,0.0,-0.0009950525542607826,-0.16909787768527995
train,2026-05-04T18:45:02+08:00,btc-updown-5m-1777891500,buy_up,36.0,0.6,0.595,0.6334004225336664,0.5395450606533906,0.5468326183616811,0.023400422533666372,0.8312813409702039,settle,market_prior,0.28649664736570424,0.26632618532191293,0.15435437976355726,0.002460778441756823,0.0,0.0,-0.0009950525542607826,-0.16909787768527995
train,2026-05-04T18:50:01+08:00,btc-updown-5m-1777891800,buy_down,23.0,0.61,0.605,0.6402968643948886,0.569184205632227,0.5766528514831089,0.020296864394888654,0.801866770443566,settle,market_prior,0.30837964259372136,0.2805639286572879,0.13214590502707138,0.0181876595936872,0.0,0.0,-0.0009950525542607826,-0.16909787768527995
train,2026-05-04T19:00:01+08:00,btc-updown-5m-1777892400,buy_up,5.0,0.46,0.445,0.5778632327706413,0.30813417258431247,0.31400786467921343,0.10786323277064132,-1.3233829355731268,settle,btc,-0.031529957552086714,0.39644453279794367,0.1143392847020488,-0.0010267571240525123,0.0,0.0,-0.0009950525542607826,-0.16909787768527995
train,2026-05-04T19:05:01+08:00,btc-updown-5m-1777892700,buy_up,20.0,0.61,0.605,0.7134903034204442,0.9028889633928695,0.9123964661271033,0.09349030342044419,0.7986179812181685,settle,btc,0.30837964259372136,0.5156160680931674,0.24122196348465863,0.007764219460862777,0.0,0.0,-0.0009950525542607826,-0.16909787768527995
train,2026-05-04T19:10:02+08:00,btc-updown-5m-1777893000,buy_down,15.0,0.51,0.505,0.6982326725206622,0.829834947281123,0.8388961073122876,0.17823267252066222,-1.315271892535037,settle,btc,0.0949807529284627,0.5804223308879117,0.29881297288174946,0.025711820822539824,0.0,0.0,-0.0009950525542607826,-0.16909787768527995
train,2026-05-04T19:15:02+08:00,btc-updown-5m-1777893300,buy_up,5.0,0.42,0.415,0.4988784054403483,-0.008425970502497746,-0.004486385763627905,0.0688784054403483,1.7328345845717101,settle,btc,-0.09583158198412475,0.21327247022770515,0.004159791037884016,0.040066280455578605,0.0,0.0,-0.0009950525542607826,-0.16909787768527995
train,2026-05-04T19:20:01+08:00,btc-updown-5m-1777893600,buy_down,15.0,0.43,0.425,0.46751264966188205,-0.1333093127568028,-0.1301327356048785,0.027512649661882056,1.6854096380465897,settle,btc,-0.07427203910466089,0.10573512188199415,-0.027794520752155792,0.03311505545756049,0.0,0.0,-0.0009950525542607826,-0.16909787768527995
train,2026-05-04T19:25:01+08:00,btc-updown-5m-1777893900,buy_down,10.0,0.64,0.635,0.7034143262623296,0.8543987212231395,0.8636099600842222,0.053414326262329566,-1.3314924244322304,settle,btc,0.3752784755662062,0.40375422148114015,0.23449640864480376,0.010962545770530107,0.0,0.0,-0.0009950525542607826,-0.16909787768527995
train,2026-05-04T19:30:02+08:00,btc-updown-5m-1777894200,buy_down,15.0,0.66,0.655,0.7944810226388599,1.33997274194244,1.3521507228456922,0.12448102263885986,0.6488465006752444,settle,btc,0.42115904652909675,0.7276245912016527,0.3481323952505938,0.01314963920063719,0.0,0.0,-0.0009950525542607826,-0.16909787768527995
train,2026-05-04T19:35:01+08:00,btc-updown-5m-1777894500,buy_down,10.0,0.49,0.485,0.681418071810509,0.7517125027326858,0.7602963531657472,0.18141807181050895,1.3307974146502461,settle,btc,0.052957295858109765,0.5900320129173571,0.25918807517496106,0.01962804902179856,0.0,0.0,-0.0009950525542607826,-0.16909787768527995
train,2026-05-04T19:40:01+08:00,btc-updown-5m-1777894800,buy_down,5.0,0.5,0.495,0.6523305631516163,0.6215109480893092,0.6292992979197145,0.1423305631516163,1.2911396516936688,settle,btc,0.07397322828062054,0.5347111759583318,0.1660697075014551,0.016849766588442526,0.0,0.0,-0.0009950525542607826,-0.16909787768527995
train,2026-05-04T19:45:01+08:00,btc-updown-5m-1777895100,buy_up,10.0,0.52,0.515,0.5694110241924478,0.27378472791684744,0.27944855305579147,0.039411024192447804,1.2024776796148458,settle,btc,0.11599668535097349,0.24294965332880591,0.07965271192186721,0.005278607554741544,0.0,0.0,-0.0009950525542607826,-0.16909787768527995
train,2026-05-04T20:00:01+08:00,btc-updown-5m-1777896000,buy_down,5.0,0.7,0.695,0.8186852561188332,1.4943441163856073,1.5074652697551079,0.1086852561188333,-1.3616031225856406,settle,btc,0.5170075407690806,0.7763807310032647,0.35405913975635267,0.01698963509645014,0.0,0.0,-0.0009950525542607826,-0.16909787768527995
train,2026-05-04T20:05:02+08:00,btc-updown-5m-1777896300,buy_down,5.0,0.5,0.495,0.6442843031724613,0.5864342463540994,0.5940082858604385,0.13428430317246132,1.302233390939153,settle,btc,0.07397322828062054,0.47449046027399766,0.22428533587540403,-0.016221847836382152,0.0,0.0,-0.0009950525542607826,-0.16909787768527995
train,2026-05-04T20:15:01+08:00,btc-updown-5m-1777896900,buy_up,5.0,0.42,0.415,0.625830292477852,0.5072793562340944,0.5143697781448825,0.19583029247785205,1.82105760096478,settle,btc,-0.09583158198412475,0.5737571422585724,0.20318394146565472,-0.0037372152664671434,0.0,0.0,-0.0009950525542607826,-0.16909787768527995
train,2026-05-04T20:35:01+08:00,btc-updown-5m-1777898100,buy_up,5.0,0.57,0.565,0.6883917286771665,0.7838311031929497,0.7926111906532308,0.10839172867716652,1.0021365734284302,settle,btc,0.2217984440449403,0.5150890801119421,0.1953215199316965,0.021714989343911563,0.0,0.0,-0.0009950525542607826,-0.16909787768527995
train,2026-05-04T20:40:01+08:00,btc-updown-5m-1777898400,buy_up,5.0,0.53,0.525,0.6327607267750274,0.5368079112795766,0.5440787456547057,0.09276072677502735,1.189112027910144,settle,btc,0.1370378815316424,0.3896427318247778,0.19264527531126588,-0.01242504714856892,0.0,0.0,-0.0009950525542607826,-0.16909787768527995
train,2026-05-04T20:50:01+08:00,btc-updown-5m-1777899000,buy_down,5.0,0.49,0.485,0.6078055576414225,0.4314700361173085,0.43809728107137724,0.10780555764142254,1.4101581413504058,settle,btc,0.052957295858109765,0.3851209459811912,0.13503355488504193,0.028451169632506355,0.0,0.0,-0.0009950525542607826,-0.16909787768527995
train,2026-05-04T20:55:01+08:00,btc-updown-5m-1777899300,buy_down,10.0,0.52,0.515,0.5510187214153445,0.19957716015659266,0.20478759466562743,0.02101872141534445,1.261820352250661,settle,btc,0.11599668535097349,0.15295601327042632,0.09476415737147416,0.005953234403259433,0.0,0.0,-0.0009950525542607826,-0.16909787768527995
train,2026-05-04T21:05:02+08:00,btc-updown-5m-1777899900,buy_up,5.0,0.46,0.455,0.60198082800464,0.4072461797267152,0.4137254226664443,0.13198082800464,1.6230383144206224,settle,btc,-0.010310199668486515,0.4057948164835513,0.15568148041549593,0.026173012735695316,0.0,0.0,-0.0009950525542607826,-0.16909787768527995
train,2026-05-04T21:20:02+08:00,btc-updown-5m-1777900800,buy_down,15.0,0.5,0.495,0.5347645361047925,0.1344702325622174,0.13928287919321747,0.024764536104792463,-1.4534032495356868,settle,btc,0.07397322828062054,0.14286752013665616,0.06342240768486583,0.02430000669961567,0.0,0.0,-0.0009950525542607826,-0.16909787768527995
train,2026-05-04T21:25:00+08:00,btc-updown-5m-1777901100,buy_down,91.0,0.45,0.445,0.48191793629555213,-0.07588722343618766,-0.07235981094450544,0.021917936295552116,1.6861322308424538,settle,btc,-0.031529957552086714,0.1921982854842329,-0.07424234383772044,0.007779722708927342,0.0,0.0,-0.0009950525542607826,-0.16909787768527995
train,2026-05-04T21:35:01+08:00,btc-updown-5m-1777901700,buy_up,5.0,0.61,0.605,0.7343624224099154,1.0067278470964536,1.0168697807696387,0.11436242240991547,-1.4506296894726933,settle,btc,0.30837964259372136,0.5899366297558662,0.2870609016429742,-0.008556396656567827,0.0,0.0,-0.0009950525542607826,-0.16909787768527995
train,2026-05-04T21:40:01+08:00,btc-updown-5m-1777902000,buy_down,5.0,0.57,0.565,0.6521965751413791,0.6209238005247074,0.6287085630228204,0.07219657514137913,1.0409561028056513,settle,btc,0.2217984440449403,0.39823759954000515,0.16065268724620424,0.01032799993309846,0.0,0.0,-0.0009950525542607826,-0.16909787768527995
train,2026-05-04T21:50:01+08:00,btc-updown-5m-1777902600,buy_up,76.0,0.65,0.645,0.6804043437831723,0.7470751051399628,0.7556306221741652,0.020404343783172248,-1.4450300959430888,settle,market_prior,0.39807344390496124,0.32083369847287463,0.1633847445040015,0.034876148497666085,0.0,0.0,-0.0009950525542607826,-0.16909787768527995
train,2026-05-04T21:55:01+08:00,btc-updown-5m-1777902900,buy_up,5.0,0.44,0.435,0.5163700631234467,0.06113905346539894,0.06550366399326046,0.06637006312344669,1.7608567494882261,settle,btc,-0.052844462835857135,0.21068887453554577,0.03054798668787485,0.04283958531737617,0.0,0.0,-0.0009950525542607826,-0.16909787768527995
train,2026-05-04T22:05:02+08:00,btc-updown-5m-1777903500,buy_down,76.0,0.41,0.4,0.4635675257819715,-0.14906891923168053,-0.14598862953563743,0.043567525781971546,2.017684148559924,settle,btc,-0.12846136733484298,0.16119071082294942,-0.02335984344672142,0.011654510966475217,0.0,0.0,-0.0009950525542607826,-0.16909787768527995
train,2026-05-04T22:10:02+08:00,btc-updown-5m-1777903800,buy_up,5.0,0.6,0.595,0.9608280391568853,3.1764359121427366,3.1998342472318617,0.3508280391568853,0.9402060255711906,settle,btc,0.28649664736570424,2.1899601498483476,0.8825679507778683,-0.01249590560964307,0.0,0.0,-0.0009950525542607826,-0.16909787768527995
train,2026-05-04T22:15:01+08:00,btc-updown-5m-1777904100,buy_up,6.0,0.45,0.445,0.5759338896194636,0.3002778236887088,0.30610351535613217,0.11593388961946356,1.7470474425921292,settle,btc,-0.031529957552086714,0.3590874372935114,0.1306645601041576,0.01214871408266719,0.0,0.0,-0.0009950525542607826,-0.16909787768527995
train,2026-05-04T22:20:02+08:00,btc-updown-5m-1777904400,buy_up,5.0,0.58,0.575,0.6520749318113723,0.6203908398866652,0.6281723461217488,0.062074931811372365,1.0415013288510437,settle,btc,0.24322602031374418,0.34714791970457415,0.22747126068698695,-0.027361430579099188,0.0,0.0,-0.0009950525542607826,-0.16909787768527995
train,2026-05-04T22:30:01+08:00,btc-updown-5m-1777905000,buy_up,5.0,0.44,0.435,0.6688156548381511,0.6945984175541343,0.7028333144796579,0.21881565483815107,1.8546979456765076,settle,btc,-0.052844462835857135,0.6192045990944873,0.3118339943124701,-0.013502782777425176,0.0,0.0,-0.0009950525542607826,-0.16909787768527995
train,2026-05-04T22:35:02+08:00,btc-updown-5m-1777905300,buy_up,5.0,0.57,0.565,0.9227866653194807,2.4617938630686917,2.480825904819163,0.34278666531948077,1.1069618265248211,settle,btc,0.2217984440449403,1.69940089607659,0.66963456388053,0.041052889306171764,0.0,0.0,-0.0009950525542607826,-0.16909787768527995
train,2026-05-04T22:45:02+08:00,btc-updown-5m-1777905900,buy_up,5.0,0.61,0.605,0.8374282752095105,1.625295097982967,1.639216330775977,0.21742827520951047,0.9427581682295465,settle,btc,0.30837964259372136,1.0098554259059584,0.4613001733498448,0.01585278637298297,0.0,0.0,-0.0009950525542607826,-0.16909787768527995
train,2026-05-04T22:55:01+08:00,btc-updown-5m-1777906500,buy_down,5.0,0.42,0.385,0.8218713431735467,1.5158253867871858,1.529077785621436,0.3918713431735467,2.066660584497485,settle,btc,-0.16150185936908718,1.3088436142124154,0.5394451616239898,-0.0008685994405918103,0.0,0.0,-0.0009950525542607826,-0.16909787768527995
train,2026-05-04T23:00:01+08:00,btc-updown-5m-1777906800,buy_up,5.0,0.59,0.585,0.8326460356249985,1.590787110956586,1.6044975081374475,0.23264603562499853,-1.5696296357191422,settle,btc,0.264785563193208,1.000501972703663,0.45692339833359,0.03866910696566594,0.0,0.0,-0.0009950525542607826,-0.16909787768527995
train,2026-05-04T23:05:02+08:00,btc-updown-5m-1777907100,buy_up,10.0,0.47,0.46,0.7327991567604581,0.9987777049648644,1.008871065156157,0.25279915676045817,-1.5602786506552835,settle,btc,0.0002697433423436137,0.7367408838984708,0.4238277971822073,0.00803221078138357,0.0,0.0,-0.0009950525542607826,-0.16909787768527995
train,2026-05-04T23:15:02+08:00,btc-updown-5m-1777907700,buy_up,5.0,0.46,0.455,0.7156634898735809,0.9134794307569541,0.9230516387337145,0.24566348987358083,-1.5450433210773271,settle,btc,-0.010310199668486515,0.7375095342260202,0.3269099047132856,0.029463121725675636,0.0,0.0,-0.0009950525542607826,-0.16909787768527995
train,2026-05-04T23:20:02+08:00,btc-updown-5m-1777908000,buy_down,25.0,0.74,0.73,0.8146858834916152,1.4677913851346598,1.480750307617055,0.0646858834916152,-1.5169455666040261,settle,btc,0.6068235345742871,0.8123942243701768,0.21400933552209855,0.004657220907638155,0.0,0.0,-0.0009950525542607826,-0.16909787768527995
train,2026-05-04T23:30:01+08:00,btc-updown-5m-1777908600,buy_down,21.0,0.5,0.48,0.5365400512051428,0.14156524566060724,0.1464212411380253,0.026540051205142808,1.4519191666489335,settle,btc,0.04244091303290941,0.22190590088640771,0.04547878780765692,0.0018325741731739732,0.0,0.0,-0.0009950525542607826,-0.16909787768527995
train,2026-05-04T23:35:02+08:00,btc-updown-5m-1777908900,buy_down,5.0,0.52,0.515,0.7559232086571102,1.119625191116745,1.1304569007718868,0.22592320865711013,-1.5248399263648142,settle,btc,0.11599668535097349,0.7289121924860937,0.41234180141623183,0.03246744210298662,0.0,0.0,-0.0009950525542607826,-0.16909787768527995
train,2026-05-04T23:40:02+08:00,btc-updown-5m-1777909200,buy_up,5.0,0.51,0.505,0.6956884464540332,0.8178618943923953,0.8268499019115588,0.17568844645403314,1.393713847014375,settle,btc,0.0949807529284627,0.6342112405096718,0.2644463087141704,-0.005683477520368817,0.0,0.0,-0.0009950525542607826,-0.16909787768527995
train,2026-05-04T23:45:01+08:00,btc-updown-5m-1777909500,buy_down,15.0,0.53,0.525,0.6232546316255299,0.4963618911948823,0.5033856099849437,0.08325463162552983,1.2973372196689468,settle,btc,0.1370378815316424,0.3586095682989994,0.16997410989992634,0.0008332617038548863,0.0,0.0,-0.0009950525542607826,-0.16909787768527995
train,2026-05-04T23:50:01+08:00,btc-updown-5m-1777909800,buy_down,5.0,0.55,0.545,0.9541727334320915,3.0135622478207007,3.035965463469971,0.39417273343209147,-1.535144772630872,settle,btc,0.17926418087756993,2.1459231044661693,0.8719285803990589,-0.013460687682557242,0.0,0.0,-0.0009950525542607826,-0.16909787768527995
train,2026-05-04T23:55:01+08:00,btc-updown-5m-1777910100,buy_up,10.0,0.78,0.775,0.9141734239903824,2.3473587228057813,2.3656915930041653,0.12417342399038235,0.40179462222127243,settle,btc,0.7339883732600329,1.3774942128099728,0.37833494412822577,0.02763412284709045,0.0,0.0,-0.0009950525542607826,-0.16909787768527995
train,2026-05-05T00:00:00+08:00,btc-updown-5m-1777910400,buy_down,21.0,0.54,0.53,0.5970505997902218,0.38683632671596546,0.39319087029696076,0.047050599790221755,-1.5241090451639463,settle,btc,0.14757325207762895,0.3095405346244563,0.11520464882473759,-0.015389178571316633,0.0,0.0,-0.0009950525542607826,-0.16909787768527995
train,2026-05-05T00:10:01+08:00,btc-updown-5m-1777911000,buy_up,36.0,0.45,0.445,0.4804187387094023,-0.08185606877063327,-0.07836512450756566,0.020418738709402313,-1.405246813969135,settle,btc,-0.031529957552086714,0.06005499076107086,0.0438372700367938,0.01587455822312954,0.0,0.0,-0.0009950525542607826,-0.16909787768527995
train,2026-05-05T00:15:01+08:00,btc-updown-5m-1777911300,buy_up,4.0,0.52,0.515,0.5669717039659146,0.26390287363041265,0.269506322984584,0.036971703965914544,1.3260366810026238,settle,btc,0.11599668535097349,0.23154308224116188,0.06921487040196271,0.01724116587585531,0.0,0.0,-0.0009950525542607826,-0.16909787768527995
train,2026-05-05T00:25:02+08:00,btc-updown-5m-1777911900,buy_down,50.0,0.47,0.465,0.5198001082979389,0.0747938342938689,0.07924187229237728,0.0398001082979389,1.6378503947101855,settle,btc,0.010832661965491977,0.15766897109917105,0.03921452943294702,0.037170602035799596,0.0,0.0,-0.0009950525542607826,-0.16909787768527995
train,2026-05-05T00:30:01+08:00,btc-updown-5m-1777912200,buy_down,4.0,0.59,0.58,0.6301490488731033,0.5256536030315356,0.532856287230134,0.03014904887310333,-1.5221118140148893,settle,btc,0.25398808973636605,0.3482309351070606,0.10620180469670709,-0.01267429626905725,0.0,0.0,-0.0009950525542607826,-0.16909787768527995
train,2026-05-05T00:35:02+08:00,btc-updown-5m-1777912500,buy_up,4.0,0.6,0.595,0.630416041905836,0.5267924079782665,0.5340020500048563,0.02041604190583602,-1.5062142017351783,settle,btc,0.28649664736570424,0.3373633341802815,0.1039420530464799,-0.03091669637465838,0.0,0.0,-0.0009950525542607826,-0.16909787768527995
train,2026-05-05T00:40:02+08:00,btc-updown-5m-1777912800,buy_down,4.0,0.5,0.495,0.5460222122332073,0.17952347419611892,0.18461138544258032,0.03602221223320735,1.437130823151331,settle,btc,0.07397322828062054,0.191041590620938,0.10486998217201884,-0.020268396637917758,0.0,0.0,-0.0009950525542607826,-0.16909787768527995
train,2026-05-05T00:45:01+08:00,btc-updown-5m-1777913100,buy_up,5.0,0.52,0.515,0.5790162207550565,0.3128337828722913,0.31873618847085644,0.049016220755056523,-1.5093088574679228,settle,interactions,0.11599668535097349,0.16009939614155289,0.16728873932439894,0.039541892294906775,0.0,0.0,-0.0009950525542607826,-0.16909787768527995
train,2026-05-05T00:50:02+08:00,btc-updown-5m-1777913400,buy_down,4.0,0.51,0.505,0.7022956901880609,0.8490750688795808,0.8582537814881219,0.1822956901880609,1.379518346617074,settle,btc,0.0949807529284627,0.6294310269657023,0.2667538937915214,0.02800232543343503,0.0,0.0,-0.0009950525542607826,-0.16909787768527995
train,2026-05-05T00:55:02+08:00,btc-updown-5m-1777913700,buy_down,12.0,0.56,0.555,0.7822267528990234,1.26695841263659,1.2786902933137394,0.21222675289902337,1.1360703098234446,settle,btc,0.20048393876117018,0.8190317157980758,0.3931840202042848,0.024351668112600224,0.0,0.0,-0.0009950525542607826,-0.16909787768527995
train,2026-05-05T01:05:02+08:00,btc-updown-5m-1777914300,buy_up,92.0,0.59,0.585,0.6248061432278995,0.5029347098464546,0.5099985869987783,0.024806143227899542,1.010775681250879,settle,btc,0.264785563193208,0.2796693048408996,0.10494861633344907,0.023624155718438747,0.0,0.0,-0.0009950525542607826,-0.16909787768527995
train,2026-05-05T01:10:00+08:00,btc-updown-5m-1777914600,buy_up,5.0,0.49,0.485,0.6323541893222606,0.5350694468278143,0.5423296595976725,0.13235418932226062,1.5316345782219951,settle,btc,0.052957295858109765,0.44375775923935074,0.20276455536655086,0.005682766603343737,0.0,0.0,-0.0009950525542607826,-0.16909787768527995
train,2026-05-05T01:15:02+08:00,btc-updown-5m-1777914900,buy_up,8.0,0.5,0.49,0.5919875165536918,0.3659607782076267,0.37218777714090523,0.08198751655369176,1.4859918677909798,settle,btc,0.06346736464386774,0.3252956041335816,0.18628918826413254,-0.038998448594414536,0.0,0.0,-0.0009950525542607826,-0.16909787768527995
train,2026-05-05T01:20:02+08:00,btc-updown-5m-1777915200,buy_up,4.0,0.48,0.47,0.6280125245746738,0.51655284364638,0.5236999243647023,0.13801252457467383,1.6268767855625403,settle,btc,0.02138072913145437,0.4537389732412691,0.21699581258212186,-0.0054697410689245425,0.0,0.0,-0.0009950525542607826,-0.16909787768527995
train,2026-05-05T01:25:01+08:00,btc-updown-5m-1777915500,buy_down,4.0,0.46,0.455,0.5777545142508355,0.3076912122264364,0.3135621979386632,0.10775451425083545,1.782927971860553,settle,btc,-0.010310199668486515,0.3570471734680608,0.08792564892144307,0.04312151974495985,0.0,0.0,-0.0009950525542607826,-0.16909787768527995
train,2026-05-05T01:30:02+08:00,btc-updown-5m-1777915800,buy_down,9.0,0.64,0.635,0.7014152620082414,0.8448931627492232,0.8540463249036544,0.05141526200824143,0.8560104211596413,settle,btc,0.3752784755662062,0.4223141576797633,0.1958604934412819,0.02153296630151259,0.0,0.0,-0.0009950525542607826,-0.16909787768527995
train,2026-05-05T01:35:02+08:00,btc-updown-5m-1777916100,buy_up,4.0,0.55,0.545,0.6813678853062136,0.751482735238873,0.76006518184707,0.12136788530621358,-1.6024515084108488,settle,btc,0.17926418087756993,0.4659624905118957,0.2322732852204293,0.04407570886851876,0.0,0.0,-0.0009950525542607826,-0.16909787768527995
train,2026-05-05T01:40:01+08:00,btc-updown-5m-1777916400,buy_down,4.0,0.47,0.465,0.6456924305486297,0.5925465165074421,0.6001579005340052,0.1656924305486297,1.723536446098064,settle,btc,0.010832661965491977,0.524874023353161,0.20917099001753434,0.017761771410795452,0.0,0.0,-0.0009950525542607826,-0.16909787768527995
train,2026-05-05T01:45:01+08:00,btc-updown-5m-1777916700,buy_up,4.0,0.52,0.515,0.6974370632457758,0.8260847194732684,0.8351229665024384,0.16743706324577579,1.4236003107149626,settle,btc,0.11599668535097349,0.6025936567111112,0.26250445907375924,0.015082848576965426,0.0,0.0,-0.0009950525542607826,-0.16909787768527995
train,2026-05-05T02:05:02+08:00,btc-updown-5m-1777917900,buy_down,4.0,0.5,0.495,0.5944658109763191,0.37616865571052194,0.382458022353062,0.08446581097631913,1.5574974922797833,settle,btc,0.07397322828062054,0.2973079232224546,0.1524179268695846,0.022562507577402954,0.0,0.0,-0.0009950525542607826,-0.16909787768527995
train,2026-05-05T02:10:01+08:00,btc-updown-5m-1777918200,buy_up,9.0,0.6,0.595,0.6521039087164088,0.6205177896351751,0.6283000715030975,0.042103908716408796,1.043157784701716,settle,btc,0.28649664736570424,0.31709371062170977,0.18923431028020885,-0.002213948392907037,0.0,0.0,-0.0009950525542607826,-0.16909787768527995
train,2026-05-05T02:15:00+08:00,btc-updown-5m-1777918500,buy_down,13.0,0.63,0.625,0.8446630738024681,1.6790914277960673,1.69334134339862,0.20466307380246807,0.923022690375628,settle,btc,0.35274759476482526,1.042391902273875,0.431519143141114,0.022525717855793586,0.0,0.0,-0.0009950525542607826,-0.16909787768527995
train,2026-05-05T02:20:02+08:00,btc-updown-5m-1777918800,buy_up,50.0,0.67,0.665,0.7050088237240079,0.8620071491406697,0.8712648736908843,0.02500882372400782,-1.6487665012560475,settle,market_prior,0.44456363722650116,0.3533567359818403,0.2417996145763523,-0.0076199084044833686,0.0,0.0,-0.0009950525542607826,-0.16909787768527995
train,2026-05-05T02:25:01+08:00,btc-updown-5m-1777919100,buy_down,8.0,0.51,0.505,0.7260479989661709,0.9647775870451106,0.9746632145839811,0.20604799896617088,-1.6395623145593008,settle,btc,0.0949807529284627,0.7025179318163255,0.3190404359003346,0.018331396639528336,0.0,0.0,-0.0009950525542607826,-0.16909787768527995
train,2026-05-05T02:30:00+08:00,btc-updown-5m-1777919400,buy_down,9.0,0.53,0.525,0.5615504798699295,0.24198743497382513,0.24745698619823495,0.021550479869929424,-1.6216675270331966,settle,btc,0.1370378815316424,0.166081928044704,0.0893538597205323,0.019606695916487227,0.0,0.0,-0.0009950525542607826,-0.16909787768527995
train,2026-05-05T02:35:01+08:00,btc-updown-5m-1777919700,buy_down,8.0,0.49,0.485,0.6213571382187493,0.4883378808140516,0.49531257480474605,0.12135713821874929,1.6075713996251224,settle,btc,0.052957295858109765,0.4126350730960494,0.165949330154819,0.02688911194461431,0.0,0.0,-0.0009950525542607826,-0.16909787768527995
train,2026-05-05T02:40:00+08:00,btc-updown-5m-1777920000,buy_down,92.0,0.43,0.425,0.4877628304143495,-0.05262797613971065,-0.04895845516635667,0.047762830414349484,2.0726455440748093,settle,btc,-0.07427203910466089,0.14172900275900915,-0.026491129628204695,0.07649912007368652,0.0,0.0,-0.0009950525542607826,-0.16909787768527995
train,2026-05-05T02:45:01+08:00,btc-updown-5m-1777920300,buy_up,139.0,0.26,0.255,0.2907250986828004,-0.8904158755329488,-0.8918650398217693,0.020725098682800376,-1.1722498703886652,settle,market_prior,-0.47856927676422595,-0.13080627820250476,-0.13732768740750922,0.026380297080831977,0.0,0.0,-0.0009950525542607826,-0.16909787768527995
train,2026-05-05T02:55:02+08:00,btc-updown-5m-1777920900,buy_up,8.0,0.54,0.535,0.6575501951142178,0.6444674033086627,0.6523960116329998,0.10755019511421772,1.333749701971444,settle,btc,0.1581213192435915,0.455333975079195,0.1838759725186584,0.017229066706758552,0.0,0.0,-0.0009950525542607826,-0.16909787768527995
train,2026-05-05T03:00:02+08:00,btc-updown-5m-1777921200,buy_down,9.0,0.5,0.495,0.6783547879452965,0.7377229473885242,0.7462213249580882,0.16835478794529646,1.5815603965977385,settle,btc,0.07397322828062054,0.5842503155809208,0.25518122142277133,-0.005588887656247764,0.0,0.0,-0.0009950525542607826,-0.16909787768527995
train,2026-05-05T03:05:01+08:00,btc-updown-5m-1777921500,buy_up,4.0,0.49,0.485,0.7709031865003225,1.2020826114231302,1.213418116349587,0.2709031865003225,1.6629109626034948,settle,btc,0.052957295858109765,0.9246807479636927,0.39183923367139784,0.0026982641694705445,0.0,0.0,-0.0009950525542607826,-0.16909787768527995
train,2026-05-05T03:10:01+08:00,btc-updown-5m-1777921800,buy_up,13.0,0.39,0.385,0.42734544379351486,-0.29487940040159377,-0.29268997814535924,0.02734544379351484,2.5327413122730147,settle,market_prior,-0.16150185936908718,0.052800556142103494,-0.04765412012678654,0.03156895319171716,0.0,0.0,-0.0009950525542607826,-0.16909787768527995
train,2026-05-05T03:15:00+08:00,btc-updown-5m-1777922100,buy_down,5.0,0.45,0.445,0.5450774848541303,0.1757360793727556,0.18080085053557718,0.08507748485413032,2.005931119320228,settle,btc,-0.031529957552086714,0.2986044468598147,0.0757976603193025,0.0029568599852658186,0.0,0.0,-0.0009950525542607826,-0.16909787768527995
train,2026-05-05T03:20:01+08:00,btc-updown-5m-1777922400,buy_down,132.0,0.35,0.345,0.39474792215001986,-0.4287690278496043,-0.4273976394456998,0.03474792215001988,3.0933368270507744,settle,market_prior,-0.25220506532001336,0.05145517747490901,-0.09757669559719734,0.0396504858322381,0.0,0.0,-0.0009950525542607826,-0.16909787768527995
train,2026-05-05T03:25:02+08:00,btc-updown-5m-1777922700,buy_down,4.0,0.37,0.365,0.6134626343540439,0.4551190812726674,0.4618908162808285,0.2334626343540439,2.886522179053021,settle,btc,-0.20632449435712288,0.6178419914631744,0.21136614954565242,0.0023283648605042016,0.0,0.0,-0.0009950525542607826,-0.16909787768527995
train,2026-05-05T03:30:01+08:00,btc-updown-5m-1777923000,buy_up,4.0,0.55,0.545,0.6233837273721435,0.49690838164310513,0.5039354393601256,0.0633837273721435,1.4011737338835437,settle,btc,0.17926418087756993,0.3378644854007902,0.161091673116705,-0.011219027512419334,0.0,0.0,-0.0009950525542607826,-0.16909787768527995
train,2026-05-05T03:35:00+08:00,btc-updown-5m-1777923300,buy_up,5.0,0.52,0.515,0.6369046063925891,0.5545749112949931,0.5619542978241912,0.10690460639258904,-1.799430422091213,settle,btc,0.11599668535097349,0.42870517332087577,0.17332251297248885,0.006643469890195768,0.0,0.0,-0.0009950525542607826,-0.16909787768527995
train,2026-05-05T03:45:00+08:00,btc-updown-5m-1777923900,buy_up,5.0,0.5,0.495,0.5836603366569749,0.3317994912065215,0.33781777278253566,0.07366033665697493,1.7125349084629062,settle,btc,0.07397322828062054,0.28401295655090864,0.11004562241710472,0.033860614197428404,0.0,0.0,-0.0009950525542607826,-0.16909787768527995
train,2026-05-05T03:50:01+08:00,btc-updown-5m-1777924200,buy_up,140.0,0.15,0.145,0.19863042476898055,-1.390372516136348,-1.394876296861902,0.03863042476898055,-1.8822506128607814,settle,market_prior,-0.8473687897337343,-0.3119350229052353,-0.14343871154949067,0.08246293829165303,0.0,0.0,-0.0009950525542607826,-0.16909787768527995
train,2026-05-05T03:55:01+08:00,btc-updown-5m-1777924500,buy_up,4.0,0.41,0.4,0.47787740325613487,-0.09197730483090494,-0.08854819891844401,0.05787740325613489,2.469650529727945,settle,btc,-0.12846136733484298,0.23984665011990902,-0.019823540549870695,-0.013446116826559551,0.0,0.0,-0.0009950525542607826,-0.16909787768527995
train,2026-05-05T04:00:01+08:00,btc-updown-5m-1777924800,buy_down,19.0,0.77,0.765,0.8744910360937397,1.9255093916277084,1.9412648625154514,0.09449103609373967,0.5058525567787582,settle,btc,0.704330777130288,1.0302874578174621,0.34848901709589664,0.012495069823601747,0.0,0.0,-0.0009950525542607826,-0.16909787768527995
train,2026-05-05T04:05:01+08:00,btc-updown-5m-1777925100,buy_up,4.0,0.54,0.535,0.574373325066827,0.29393005656402693,0.2997169648806137,0.024373325066826997,1.479618728577868,settle,btc,0.1581213192435915,0.272300138458608,0.015929124694887168,0.017672404406480945,0.0,0.0,-0.0009950525542607826,-0.16909787768527995
train,2026-05-05T04:10:02+08:00,btc-updown-5m-1777925400,buy_down,181.0,0.16,0.155,0.20017023351151725,-1.380785534524335,-1.3852307410671851,0.030170233511517243,-1.7080615759620899,settle,market_prior,-0.8061658909200953,-0.19090111320682926,-0.1595965675931965,-0.05402903256467332,0.0,0.0,-0.0009950525542607826,-0.16909787768527995
train,2026-05-05T04:15:00+08:00,btc-updown-5m-1777925700,buy_down,190.0,0.33,0.315,0.38995347994074536,-0.4487570332797478,-0.44750776684596205,0.049953479940745345,3.5465160916391985,settle,market_prior,-0.3234998014092145,0.20040222379622713,-0.1365829915569923,-0.018983533870227432,0.0,0.0,-0.0009950525542607826,-0.16909787768527995
train,2026-05-05T04:20:00+08:00,btc-updown-5m-1777926000,buy_down,146.0,0.2,0.195,0.23199421702518805,-1.1937821580070254,-1.1970848182943743,0.021994217025188036,-1.3053288526505535,settle,market_prior,-0.6601323341729608,-0.1792479658878473,-0.18994880773347517,0.005639880026798914,0.0,0.0,-0.0009950525542607826,-0.16909787768527995
train,2026-05-05T04:25:01+08:00,btc-updown-5m-1777926300,buy_up,4.0,0.52,0.515,0.6410198004152254,0.5723053981233143,0.5797931137196723,0.11101980041522543,1.6230093491508812,settle,btc,0.11599668535097349,0.4509285347782892,0.1773388937647606,-0.0018657855311683762,0.0,0.0,-0.0009950525542607826,-0.16909787768527995
train,2026-05-05T04:30:01+08:00,btc-updown-5m-1777926600,buy_up,176.0,0.22,0.215,0.2519404234997933,-1.0856479914631145,-1.0882899776526078,0.021940423499793284,-1.3320784276049027,settle,market_prior,-0.5956429435082472,-0.23332580889943333,-0.16736001780238222,0.08077370898648865,0.0,0.0,-0.0009950525542607826,-0.16909787768527995
train,2026-05-05T04:35:01+08:00,btc-updown-5m-1777926900,buy_up,66.0,0.34,0.335,0.37387754312276594,-0.5164533092419163,-0.5156176509902524,0.023877543122765917,-1.6745742615744825,settle,market_prior,-0.2756096560174177,-0.014096439931755134,-0.1280886098508986,0.07143432679769576,0.0,0.0,-0.0009950525542607826,-0.16909787768527995
train,2026-05-05T04:40:01+08:00,btc-updown-5m-1777927200,buy_up,4.0,0.51,0.505,0.5772084353056901,0.3054667434955964,0.31132413823173366,0.05720843530569009,1.6770197504086597,settle,btc,0.0949807529284627,0.24725221484392362,0.10415683132754523,0.029169874635205522,0.0,0.0,-0.0009950525542607826,-0.16909787768527995
train,2026-05-05T04:45:01+08:00,btc-updown-5m-1777927500,buy_up,5.0,0.52,0.51,0.5767760625192421,0.30370600558775407,0.30955264263308924,0.04677606251924205,1.6256610205523945,settle,btc,0.10548661656521553,0.24490413433166025,0.1268193803791864,-0.0034111954487673706,0.0,0.0,-0.0009950525542607826,-0.16909787768527995
train,2026-05-05T04:50:01+08:00,btc-updown-5m-1777927800,buy_down,9.0,0.61,0.605,0.7250867859754628,0.9599795771536791,0.9698358899906581,0.10508678597546285,1.1305687068149974,settle,btc,0.30837964259372136,0.5332167632224974,0.2895845862161756,-0.0011084846391747807,0.0,0.0,-0.0009950525542607826,-0.16909787768527995
train,2026-05-05T04:55:03+08:00,btc-updown-5m-1777928100,buy_down,18.0,0.34,0.335,0.37038902032335447,-0.5312932661410802,-0.5305482765046183,0.02038902032335444,2.6962932181986474,settle,market_prior,-0.2756096560174177,0.014714476962520939,-0.12179989584662786,0.02149473899998539,0.0,0.0,-0.0009950525542607826,-0.16909787768527995
train,2026-05-05T05:05:02+08:00,btc-updown-5m-1777928700,buy_up,4.0,0.47,0.465,0.5565605832783606,0.2218682123112677,0.22721483985940596,0.07656058327836059,2.050270285361389,settle,btc,0.010832661965491977,0.2326022176060587,0.10972139544307814,0.03880486753617962,0.0,0.0,-0.0009950525542607826,-0.16909787768527995
train,2026-05-05T05:10:00+08:00,btc-updown-5m-1777929000,buy_up,8.0,0.51,0.505,0.622807027645855,0.4944676588698448,0.5014798043498927,0.10280702764585505,1.7634179902329992,settle,btc,0.0949807529284627,0.351218650454306,0.19021125510960085,0.02814993061701595,0.0,0.0,-0.0009950525542607826,-0.16909787768527995
train,2026-05-05T05:15:01+08:00,btc-updown-5m-1777929300,buy_up,134.0,0.2,0.195,0.23542929153743397,-1.1747177097492358,-1.1779038907816333,0.025429291537433958,-1.5780695852168014,settle,market_prior,-0.6601323341729608,-0.20287849253837512,-0.1765416751464035,0.034927722348044164,0.0,0.0,-0.0009950525542607826,-0.16909787768527995
train,2026-05-05T05:20:01+08:00,btc-updown-5m-1777929600,buy_down,127.0,0.18,0.175,0.23688642376051638,-1.1666889462186245,-1.1698260734110377,0.04688642376051639,-1.9796787152656528,settle,market_prior,-0.7298511974964466,-0.12141290173866484,-0.14440487396822974,-0.0009270427757424659,0.0,0.0,-0.0009950525542607826,-0.16909787768527995
train,2026-05-05T05:25:01+08:00,btc-updown-5m-1777929900,buy_up,139.0,0.18,0.175,0.2130251113083669,-1.302817448011063,-1.3067862880467764,0.02302511130836691,-1.3750358546770236,settle,market_prior,-0.7298511974964466,-0.26022466445590525,-0.1720768615662936,0.02942820574712313,0.0,0.0,-0.0009950525542607826,-0.16909787768527995
train,2026-05-05T05:30:01+08:00,btc-updown-5m-1777930200,buy_up,4.0,0.5,0.495,0.6929604920322123,0.8050866042263637,0.8139965577541288,0.18296049203221232,1.8050991939138306,settle,btc,0.07397322828062054,0.6041064999532435,0.2649696919219363,0.03213011431010401,0.0,0.0,-0.0009950525542607826,-0.16909787768527995
train,2026-05-05T05:35:01+08:00,btc-updown-5m-1777930500,buy_up,8.0,0.46,0.455,0.558774751461411,0.23078979385917853,0.2361909301535253,0.08877475146141096,2.14303074087737,settle,btc,-0.010310199668486515,0.2973219256248918,0.08271204039651503,0.03115895774579906,0.0,0.0,-0.0009950525542607826,-0.16909787768527995
train,2026-05-05T05:40:01+08:00,btc-updown-5m-1777930800,buy_down,4.0,0.37,0.365,0.41260159577990646,-0.35504267276642787,-0.3532208338278816,0.03260159577990646,3.152648476862566,settle,market_prior,-0.20632449435712288,0.0264100986610184,-0.01540676054849669,0.01037141371771399,0.0,0.0,-0.0009950525542607826,-0.16909787768527995
train,2026-05-05T05:50:01+08:00,btc-updown-5m-1777931400,buy_up,4.0,0.55,0.545,0.6799837782271463,0.7451534784371573,0.7536972547881985,0.11998377822714625,-1.9477265686732859,settle,btc,0.17926418087756993,0.4753174425542892,0.2571923313188223,0.003472453926016708,0.0,0.0,-0.0009950525542607826,-0.16909787768527995
train,2026-05-05T05:55:01+08:00,btc-updown-5m-1777931700,buy_up,129.0,0.28,0.275,0.3201590335824677,-0.7524349122713477,-0.7530410456168719,0.030159033582467694,-1.9610923453817837,settle,market_prior,-0.4246236908234957,0.0005222853520956588,-0.14983384734716998,-0.00840672921323697,0.0,0.0,-0.0009950525542607826,-0.16909787768527995
train,2026-05-05T06:00:02+08:00,btc-updown-5m-1777932000,buy_up,4.0,0.67,0.665,0.9273355811810249,2.5270330302636026,2.546463667844688,0.24733558118102483,0.8949767393190605,settle,btc,0.44456363722650116,1.6107895464110913,0.6219458323205057,0.019826944545044918,0.0,0.0,-0.0009950525542607826,-0.16909787768527995
train,2026-05-05T06:05:01+08:00,btc-updown-5m-1777932300,buy_down,8.0,0.39,0.385,0.5694170671485466,0.2738092250939139,0.27947319990479674,0.16941706714854654,2.896626638988421,settle,btc,-0.16150185936908718,0.45748919709815217,0.16366598742442223,-0.015751169820032555,0.0,0.0,-0.0009950525542607826,-0.16909787768527995
train,2026-05-05T06:10:01+08:00,btc-updown-5m-1777932600,buy_up,8.0,0.48,0.475,0.5491403064997642,0.19203344185789964,0.19719778603821816,0.05914030649976421,2.0312594305906306,settle,btc,0.03191609967744088,0.21683884973170253,0.09636886839948623,0.017002554288810746,0.0,0.0,-0.0009950525542607826,-0.16909787768527995
train,2026-05-05T06:15:00+08:00,btc-updown-5m-1777932900,buy_down,85.0,0.18,0.175,0.21115928978049459,-1.313914992346299,-1.3179516357445056,0.02115928978049459,5.608752157273352,settle,market_prior,-0.7298511974964466,-0.24475492000469387,-0.19579380254404816,0.02657785793843022,0.0,0.0,-0.0009950525542607826,-0.16909787768527995
train,2026-05-05T06:20:01+08:00,btc-updown-5m-1777933200,buy_up,172.0,0.25,0.245,0.28497747648325544,-0.9182844616208247,-0.9199038963575581,0.02497747648325544,-1.7215314749257982,settle,market_prior,-0.5065812812578528,-0.029915989160159938,-0.1508842425596952,-0.060810018403575805,0.0,0.0,-0.0009950525542607826,-0.16909787768527995
train,2026-05-05T06:25:01+08:00,btc-updown-5m-1777933500,buy_up,12.0,0.52,0.515,0.5506236254116952,0.19798997572414845,0.20319071291293236,0.020623625411695164,-2.0088614286860045,settle,btc,0.11599668535097349,0.20418094957457758,0.027900249502530627,0.020005021535607504,0.0,0.0,-0.0009950525542607826,-0.16909787768527995
train,2026-05-05T06:35:00+08:00,btc-updown-5m-1777934100,buy_up,168.0,0.22,0.215,0.2500834511377062,-1.0954652978413928,-1.098167265443257,0.02008345113770619,-1.3128562740146286,settle,market_prior,-0.5956429435082472,-0.11905110576246025,-0.21225883483832778,0.0015805165071830281,0.0,0.0,-0.0009950525542607826,-0.16909787768527995
train,2026-05-05T06:40:01+08:00,btc-updown-5m-1777934400,buy_up,43.0,0.34,0.335,0.3813952671791719,-0.484660134072081,-0.4836302270644999,0.031395267179171855,-1.9947335942416378,settle,market_prior,-0.2756096560174177,0.04841068170296188,-0.12845619075241116,0.041087961234326835,0.0,0.0,-0.0009950525542607826,-0.16909787768527995
train,2026-05-05T06:45:00+08:00,btc-updown-5m-1777934700,buy_up,8.0,0.52,0.515,0.5885892497547605,0.3519947936970447,0.3581364637790259,0.05858924975476044,1.7333906131719021,settle,btc,0.11599668535097349,0.3027523432605518,0.1155114796295698,-0.012172784304509618,0.0,0.0,-0.0009950525542607826,-0.16909787768527995
train,2026-05-05T06:50:01+08:00,btc-updown-5m-1777935000,buy_down,12.0,0.65,0.645,0.7616543929842063,1.1507492791705891,1.1617711496181407,0.10165439298420632,1.012220682843342,settle,btc,0.39807344390496124,0.581594636973294,0.3470542600171676,-0.005880131485293094,0.0,0.0,-0.0009950525542607826,-0.16909787768527995
train,2026-05-05T06:55:01+08:00,btc-updown-5m-1777935300,buy_up,131.0,0.55,0.545,0.5836521663228464,0.3317660728363942,0.3377841502340969,0.023652166322846398,-1.9806181643588785,settle,btc,0.17926418087756993,0.19346878202678336,0.06026258034599891,0.06886345982558272,0.0,0.0,-0.0009950525542607826,-0.16909787768527995
train,2026-05-05T07:00:01+08:00,btc-updown-5m-1777935600,buy_down,4.0,0.59,0.585,0.7898349983382006,1.3119245035622584,1.3239311163847223,0.1898349983382006,1.3053856279382248,settle,btc,0.264785563193208,0.8036962350017428,0.39763551986855095,0.01590011573829708,0.0,0.0,-0.0009950525542607826,-0.16909787768527995
train,2026-05-05T07:10:01+08:00,btc-updown-5m-1777936200,buy_down,30.0,0.47,0.465,0.5039012612513619,0.011543766598222423,0.015605361692053215,0.023901261251361945,-1.979742288498652,settle,btc,0.010832661965491977,0.11521684324669017,0.02098678307419815,0.034600408551382855,0.0,0.0,-0.0009950525542607826,-0.16909787768527995
train,2026-05-05T07:15:01+08:00,btc-updown-5m-1777936500,buy_down,4.0,0.51,0.505,0.5792395546622175,0.31374450246639046,0.3196524723455661,0.05923955466221754,-1.9563218078307922,settle,btc,0.0949807529284627,0.21991483076710372,0.16220471805283487,0.006737130957529893,0.0,0.0,-0.0009950525542607826,-0.16909787768527995
train,2026-05-05T07:20:02+08:00,btc-updown-5m-1777936800,buy_up,8.0,0.36,0.355,0.3968315785989133,-0.42010880841756926,-0.41868450812796426,0.026831578598913337,-1.9518908225395517,settle,market_prior,-0.2291194626958779,0.03301460002933637,-0.04997028035120427,-0.0039407351602826985,0.0,0.0,-0.0009950525542607826,-0.16909787768527995
train,2026-05-05T07:25:01+08:00,btc-updown-5m-1777937100,buy_up,12.0,0.45,0.445,0.6129468285076846,0.45295758596855096,0.45971611475331653,0.15294682850768454,2.255541729959488,settle,btc,-0.031529957552086714,0.41909514028158784,0.22861620685560005,0.006869126622990568,0.0,0.0,-0.0009950525542607826,-0.16909787768527995
train,2026-05-05T07:30:01+08:00,btc-updown-5m-1777937400,buy_down,17.0,0.74,0.735,0.8125292263143878,1.4536563639640518,1.4665289248212685,0.06252922631438786,0.6426261910808001,settle,btc,0.6202248896965267,0.6705247281756501,0.33317047794334453,-0.0001708016119287107,0.0,0.0,-0.0009950525542607826,-0.16909787768527995
train,2026-05-05T07:35:00+08:00,btc-updown-5m-1777937700,buy_down,8.0,0.55,0.545,0.6789475496111583,0.7404244880781418,0.7489393714202566,0.11894754961115829,1.5268798300079809,settle,btc,0.17926418087756993,0.46119482134234746,0.2720259734318099,-0.0019675573340447454,0.0,0.0,-0.0009950525542607826,-0.16909787768527995
train,2026-05-05T07:40:01+08:00,btc-updown-5m-1777938000,buy_up,138.0,0.21,0.205,0.24307581334637918,-1.132958671710087,-1.1358897149292881,0.023075813346379183,-1.4717997476801346,settle,market_prior,-0.6273036130232583,-0.12287210760470818,-0.1987305904104484,-0.01395943043213165,0.0,0.0,-0.0009950525542607826,-0.16909787768527995
train,2026-05-05T07:45:02+08:00,btc-updown-5m-1777938300,buy_up,5.0,0.5,0.485,0.5687720198113047,0.2711947778986079,0.2768427790575234,0.05877201981130465,1.8709675765665896,settle,btc,0.052957295858109765,0.1898812085923506,0.1858944787041959,0.012554724983492353,0.0,0.0,-0.0009950525542607826,-0.16909787768527995
train,2026-05-05T07:50:02+08:00,btc-updown-5m-1777938600,buy_up,8.0,0.48,0.475,0.5748658130251225,0.29593264808566666,0.30173179176124515,0.08486581302512254,2.0483515306051037,settle,btc,0.03191609967744088,0.30639624205790433,0.10947819631533998,0.01823504027452215,0.0,0.0,-0.0009950525542607826,-0.16909787768527995
train,2026-05-05T07:55:01+08:00,btc-updown-5m-1777938900,buy_up,226.0,0.29,0.285,0.3352922101581318,-0.6841561432962092,-0.6843451095655252,0.03529221015813184,4.702898777874069,settle,market_prior,-0.39857145011641004,0.028011919990954422,-0.14229752066638793,-0.0012061622648249185,0.0,0.0,-0.0009950525542607826,-0.16909787768527995
train,2026-05-05T08:05:00+08:00,btc-updown-5m-1777939500,buy_up,116.0,0.26,0.255,0.2912726086341236,-0.8877782779535278,-0.8892113271470277,0.021272608634123565,-1.489167316525671,settle,market_prior,-0.47856927676422595,-0.17526535170747487,-0.1395449798942225,0.0756942606519363,0.0,0.0,-0.0009950525542607826,-0.16909787768527995
train,2026-05-05T08:10:01+08:00,btc-updown-5m-1777939800,buy_up,4.0,0.48,0.475,0.6356013719242435,0.548978001897148,0.5563231926380453,0.1456013719242435,2.1042611623946095,settle,btc,0.03191609967744088,0.47834746312459897,0.1803593649530059,0.028448004381643025,0.0,0.0,-0.0009950525542607826,-0.16909787768527995
train,2026-05-05T08:15:02+08:00,btc-updown-5m-1777940100,buy_down,4.0,0.47,0.46,0.5641916735985618,0.2526567738726423,0.25819151222594006,0.08419167359856185,-2.0441093164007507,settle,btc,0.0002697433423436137,0.2689378176231916,0.16969452233813972,-0.016152379191491876,0.0,0.0,-0.0009950525542607826,-0.16909787768527995
train,2026-05-05T08:20:01+08:00,btc-updown-5m-1777940400,buy_up,77.0,0.22,0.215,0.2557111555735,-1.0658595985118917,-1.0683806823161455,0.02571115557349999,-1.706768990133915,settle,market_prior,-0.5956429435082472,-0.2050841064600944,-0.14502697424689828,0.049987355942888737,0.0,0.0,-0.0009950525542607826,-0.16909787768527995
train,2026-05-05T08:25:02+08:00,btc-updown-5m-1777940700,buy_up,228.0,0.28,0.275,0.3281687252612391,-0.716095240757023,-0.7164793473328274,0.03816872526123905,-2.0341583126690925,settle,market_prior,-0.4246236908234957,0.057111974156106485,-0.16023513939598902,-0.018255454454104036,0.0,0.0,-0.0009950525542607826,-0.16909787768527995
train,2026-05-06T08:00:02+08:00,btc-updown-5m-1778025600,buy_up,10.0,0.52,0.49,0.6193051357090872,0.479678142505772,0.4865999275503179,0.08930513570908717,1.7567816721955214,settle,btc,0.06346736464386774,0.45753746593194666,0.12773151724490733,0.0010347249245910677,0.0,0.0,-0.0009950525542607826,-0.16909787768527995
train,2026-05-06T08:05:01+08:00,btc-updown-5m-1778025900,buy_down,15.0,0.61,0.605,0.6466505884907948,0.5967118649305446,0.6043486982475554,0.02665058849079483,-1.9933926505358004,settle,market_prior,0.30837964259372136,0.28754198916517687,0.15399598275309778,0.016887180658089317,0.0,0.0,-0.0009950525542607826,-0.16909787768527995
train,2026-05-06T08:10:01+08:00,btc-updown-5m-1778026200,buy_up,10.0,0.38,0.375,0.7614381585215217,1.149565749463771,1.1605803888256598,0.37143815852152173,3.1163089739390695,settle,btc,-0.18379361355574203,1.183206523793928,0.3191447663125261,0.0011010031525992342,0.0,0.0,-0.0009950525542607826,-0.16909787768527995
train,2026-05-06T08:15:01+08:00,btc-updown-5m-1778026500,buy_up,6.0,0.44,0.435,0.4978426041596641,-0.012544061098023387,-0.008629636915488726,0.04784260415966408,-2.017299190301951,settle,btc,-0.052844462835857135,0.15846839048246653,0.04796877502040025,0.003956166474507715,0.0,0.0,-0.0009950525542607826,-0.16909787768527995
train,2026-05-06T08:25:02+08:00,btc-updown-5m-1778027100,buy_up,20.0,0.5,0.495,0.5890607242584707,0.353930323845596,0.36008381955749263,0.07906072425847067,-1.9913432740533994,settle,btc,0.07397322828062054,0.32467822671274765,0.090319924720097,0.035051874371671524,0.0,0.0,-0.0009950525542607826,-0.16909787768527995
train,2026-05-06T08:30:01+08:00,btc-updown-5m-1778027400,buy_up,5.0,0.52,0.515,0.6082068476365792,0.43314353641269737,0.4397810060564572,0.07820684763657916,1.7465777510356062,settle,btc,0.11599668535097349,0.34807720556715527,0.13593754287830107,0.0032250328558081835,0.0,0.0,-0.0009950525542607826,-0.16909787768527995
train,2026-05-06T08:35:01+08:00,btc-updown-5m-1778027700,buy_down,167.0,0.14,0.135,0.17751079924511606,-1.527959500339444,-1.5333039048897363,0.027510799245116048,9.467532071896336,settle,market_prior,-0.8910036412002267,-0.3101790783044134,-0.17209616250899412,0.01541231191373106,0.0,0.0,-0.0009950525542607826,-0.16909787768527995
train,2026-05-06T08:40:00+08:00,btc-updown-5m-1778028000,buy_up,202.0,0.19,0.175,0.22824752765608627,-1.2148020921558524,-1.2182331792529193,0.02824752765608627,-1.8763085212184674,settle,market_prior,-0.7298511974964466,-0.15612052706116872,-0.16132892494866413,0.0025914875899679083,0.0,0.0,-0.0009950525542607826,-0.16909787768527995
train,2026-05-06T09:10:02+08:00,btc-updown-5m-1778029800,buy_down,4.0,0.5,0.495,0.545086332723007,0.1757715442399935,0.18083653208473827,0.03508633272300699,-2.066277145935532,settle,btc,0.07397322828062054,0.19997494107388825,0.06773441754357018,0.004181887581455321,0.0,0.0,-0.0009950525542607826,-0.16909787768527995
train,2026-05-06T09:15:02+08:00,btc-updown-5m-1778030100,buy_up,5.0,0.48,0.475,0.6957652921454991,0.8182226987565775,0.827212910704789,0.2057652921454991,2.1304178323406138,settle,btc,0.03191609967744088,0.6707261007372832,0.24551119852070571,0.04016223006068845,0.0,0.0,-0.0009950525542607826,-0.16909787768527995
train,2026-05-06T09:20:00+08:00,btc-updown-5m-1778030400,buy_up,141.0,0.28,0.275,0.3217167465085869,-0.7453307608598225,-0.7458934895260039,0.031716746508586864,5.1383798335615305,settle,market_prior,-0.4246236908234957,-0.07802130038890367,-0.1261484067531988,0.05355556734531645,0.0,0.0,-0.0009950525542607826,-0.16909787768527995
train,2026-05-06T09:25:02+08:00,btc-updown-5m-1778030700,buy_down,10.0,0.66,0.655,0.7282271067391056,0.9756938696353482,0.9856461930704626,0.05822710673910559,1.0388935564897994,settle,btc,0.42115904652909675,0.4768613245244712,0.21605821673694167,0.031708212084379156,0.0,0.0,-0.0009950525542607826,-0.16909787768527995
train,2026-05-06T09:30:02+08:00,btc-updown-5m-1778031000,buy_up,5.0,0.65,0.645,0.7006545621149259,0.8412856485717167,0.8504167696705695,0.040654562114925914,1.092276702315583,settle,market_prior,0.39807344390496124,0.3588683130696229,0.23596869668476972,0.018468125151903637,0.0,0.0,-0.0009950525542607826,-0.16909787768527995
train,2026-05-06T09:35:02+08:00,btc-updown-5m-1778031300,buy_down,5.0,0.47,0.465,0.566767637068718,0.2630767873919705,0.26867518955525127,0.08676763706871805,2.3224072002025102,settle,btc,0.010832661965491977,0.33747162166101763,0.0909073276352515,-0.006041893630249855,0.0,0.0,-0.0009950525542607826,-0.16909787768527995
train,2026-05-06T09:40:02+08:00,btc-updown-5m-1778031600,buy_down,186.0,0.56,0.555,0.5909917946277452,0.3618649412135304,0.36806691555469784,0.02099179462774515,1.6296407886695738,settle,market_prior,0.20048393876117018,0.17483427720394218,0.092183019839885,0.0644566356480738,0.0,0.0,-0.0009950525542607826,-0.16909787768527995
train,2026-05-06T09:45:01+08:00,btc-updown-5m-1778031900,buy_down,146.0,0.12,0.115,0.1553200944155552,-1.6871525962995595,-1.693469632890397,0.025320094415555196,-1.6665496028373243,settle,market_prior,-0.987215310766914,-0.3420761985863266,-0.18214447275664256,-0.005623683950135563,0.0,0.0,-0.0009950525542607826,-0.16909787768527995
train,2026-05-06T09:50:01+08:00,btc-updown-5m-1778032200,buy_up,5.0,0.57,0.565,0.6480962531678344,0.6030062419882597,0.6106815324554671,0.06809625316783442,1.563544904841685,settle,btc,0.2217984440449403,0.34589261906587865,0.16049969316760182,0.04490841594937972,0.0,0.0,-0.0009950525542607826,-0.16909787768527995
train,2026-05-06T10:00:01+08:00,btc-updown-5m-1778032800,buy_down,5.0,0.58,0.575,0.799511618654925,1.3708779634329922,1.3832447679058881,0.20951161865492507,1.5110544687505711,settle,btc,0.24322602031374418,0.8342292939166907,0.44247558550003513,0.02103999394206269,0.0,0.0,-0.0009950525542607826,-0.16909787768527995
train,2026-05-06T10:05:01+08:00,btc-updown-5m-1778033100,buy_down,5.0,0.6,0.59,0.7215732347594782,0.9425291185128151,0.9522788131884099,0.11157323475947824,-2.1885781230499886,settle,btc,0.2756209095712567,0.5850330571970266,0.2327871847663192,0.019180897217753262,0.0,0.0,-0.0009950525542607826,-0.16909787768527995
train,2026-05-06T10:10:01+08:00,btc-updown-5m-1778033400,buy_up,4.0,0.53,0.525,0.5975589949692054,0.38893712157866545,0.3953045005177631,0.057558994969205364,-2.1710180498944314,settle,btc,0.1370378815316424,0.2988833784378584,0.13562918130925528,-0.012520389460549827,0.0,0.0,-0.0009950525542607826,-0.16909787768527995
train,2026-05-06T10:15:00+08:00,btc-updown-5m-1778033700,buy_down,12.0,0.66,0.655,0.765506415568448,1.1719579167472256,1.1831093669376607,0.09550641556844798,1.0545519157172392,settle,btc,0.42115904652909675,0.6306969631410803,0.27526054426686475,0.014934293049724504,0.0,0.0,-0.0009950525542607826,-0.16909787768527995
train,2026-05-06T10:20:01+08:00,btc-updown-5m-1778034000,buy_down,8.0,0.36,0.355,0.4006939542961316,-0.40409659678633353,-0.40257446568328403,0.030693954296131594,-2.178528499219197,settle,market_prior,-0.2291194626958779,-0.02703738226115586,0.0011876751663307623,0.020965503243910187,0.0,0.0,-0.0009950525542607826,-0.16909787768527995
train,2026-05-06T10:25:00+08:00,btc-updown-5m-1778034300,buy_down,4.0,0.54,0.535,0.7346832592607901,1.0083631810563336,1.0185151062319566,0.1846832592607901,1.7482200546662157,settle,btc,0.1581213192435915,0.7286063173756774,0.293034827981625,-0.0013063533050195427,0.0,0.0,-0.0009950525542607826,-0.16909787768527995
train,2026-05-06T10:30:00+08:00,btc-updown-5m-1778034600,buy_down,8.0,0.56,0.555,0.6575882830352012,0.6446355265076241,0.652565162024812,0.08758828303520118,1.6242837400764856,settle,btc,0.20048393876117018,0.3796477506997883,0.1950439451546147,0.039552822131591746,0.0,0.0,-0.0009950525542607826,-0.16909787768527995
train,2026-05-06T10:35:01+08:00,btc-updown-5m-1778034900,buy_up,4.0,0.53,0.525,0.6315516171892062,0.5316397894717121,0.5388790478489661,0.09155161718920614,1.8500584672293725,settle,btc,0.1370378815316424,0.37689896906823916,0.19819444800931893,-0.010398578897947671,0.0,0.0,-0.0009950525542607826,-0.16909787768527995
train,2026-05-06T10:40:01+08:00,btc-updown-5m-1778035200,buy_up,4.0,0.69,0.685,0.8196113196794527,1.500557255328597,1.5137163695026907,0.11961131967945272,0.9348216035735566,settle,btc,0.49245378261829786,0.8577585087687162,0.28591200731922667,0.034525886861896914,0.0,0.0,-0.0009950525542607826,-0.16909787768527995
train,2026-05-06T10:45:00+08:00,btc-updown-5m-1778035500,buy_up,8.0,0.5,0.495,0.6200395875581939,0.4827755479355179,0.48971625739223984,0.11003958755819389,2.116249146169817,settle,btc,0.07397322828062054,0.38816575312842877,0.17278830726701086,0.01794118949899856,0.0,0.0,-0.0009950525542607826,-0.16909787768527995
train,2026-05-06T10:50:01+08:00,btc-updown-5m-1778035800,buy_down,4.0,0.54,0.535,0.6302815347037259,0.5262186521330484,0.5334247886475735,0.08028153470372591,-2.220981884526181,settle,btc,0.1581213192435915,0.3611807976706801,0.16703888768959588,0.009970577768721605,0.0,0.0,-0.0009950525542607826,-0.16909787768527995
train,2026-05-06T10:55:00+08:00,btc-updown-5m-1778036100,buy_up,4.0,0.57,0.565,0.6752314370720669,0.7235310189995647,0.73194268725435,0.09523143707206695,1.5903930566420492,settle,btc,0.2217984440449403,0.4560391450698311,0.21917947758102893,-0.003393117456694865,0.0,0.0,-0.0009950525542607826,-0.16909787768527995
train,2026-05-06T11:00:01+08:00,btc-updown-5m-1778036400,buy_up,4.0,0.45,0.445,0.5543905186193279,0.21313312128621262,0.2184263795009837,0.09439051861932786,2.6091534089253274,settle,btc,-0.031529957552086714,0.3137617124260305,0.11792341649960253,-0.01692911984779302,0.0,0.0,-0.0009950525542607826,-0.16909787768527995
train,2026-05-06T11:05:02+08:00,btc-updown-5m-1778036700,buy_up,9.0,0.5,0.485,0.5430634936488188,0.1676663319229764,0.17268179884379284,0.03306349364881878,-2.2443937623575665,settle,btc,0.052957295858109765,0.1994328210358413,0.10353169574907817,-0.0181625504805121,0.0,0.0,-0.0009950525542607826,-0.16909787768527995
train,2026-05-06T11:10:01+08:00,btc-updown-5m-1778037000,buy_up,4.0,0.44,0.435,0.5137980507768801,0.05090414230884115,0.05520621995823226,0.06379805077688012,2.7224276298793133,settle,btc,-0.052844462835857135,0.21482474292163958,0.03836775320057552,0.020649039262023914,0.0,0.0,-0.0009950525542607826,-0.16909787768527995
train,2026-05-06T11:15:02+08:00,btc-updown-5m-1778037300,buy_up,17.0,0.5,0.495,0.5322630878470942,0.12448029829842265,0.1292319088016352,0.022263087847094194,2.1610630525981986,settle,btc,0.07397322828062054,0.10370760606042959,0.0986517441691573,0.018240650027755954,0.0,0.0,-0.0009950525542607826,-0.16909787768527995
train,2026-05-06T11:20:01+08:00,btc-updown-5m-1778037600,buy_up,5.0,0.49,0.485,0.5660752790769423,0.2602747240794149,0.2658560063007724,0.06607527907694234,2.2722214395185976,settle,btc,0.052957295858109765,0.2605882189078365,0.10837830587662677,0.008443833676382628,0.0,0.0,-0.0009950525542607826,-0.16909787768527995
train,2026-05-06T11:25:01+08:00,btc-updown-5m-1778037900,buy_up,4.0,0.47,0.465,0.5269792682448089,0.103399180815153,0.10802199069299256,0.04697926824480892,-2.2973609107643354,settle,btc,0.010832661965491977,0.1574877328848978,0.0881262923728914,0.017045423831412568,0.0,0.0,-0.0009950525542607826,-0.16909787768527995
train,2026-05-06T11:30:00+08:00,btc-updown-5m-1778038200,buy_up,4.0,0.47,0.465,0.5001156918346603,-0.003506871917048047,0.0004627673468999929,0.02011569183466034,2.3373959895574314,settle,btc,0.010832661965491977,0.11338522539657936,0.05174284988836156,-0.009374678927940222,0.0,0.0,-0.0009950525542607826,-0.16909787768527995
train,2026-05-06T11:35:02+08:00,btc-updown-5m-1778038500,buy_up,5.0,0.49,0.485,0.538921761741694,0.15108848288484986,0.15600266308188876,0.038921761741694046,-2.295815893787084,settle,btc,0.052957295858109765,0.19678952295180022,0.09611663383496016,-0.024682039520479523,0.0,0.0,-0.0009950525542607826,-0.16909787768527995
train,2026-05-06T11:40:02+08:00,btc-updown-5m-1778038800,buy_down,4.0,0.55,0.545,0.6801942354872346,0.7461149216584738,0.7546645721994514,0.12019423548723453,1.7815531335787773,settle,btc,0.17926418087756993,0.5181108086542355,0.18703901223165623,0.03179385013455276,0.0,0.0,-0.0009950525542607826,-0.16909787768527995
train,2026-05-06T11:45:00+08:00,btc-updown-5m-1778039100,buy_down,4.0,0.43,0.425,0.5403911651388469,0.15696738956146217,0.16191748848325832,0.1003911651388469,2.9234043977981052,settle,btc,-0.07427203910466089,0.32556461716190793,0.059808482601746864,0.01595925914200903,0.0,0.0,-0.0009950525542607826,-0.16909787768527995
train,2026-05-06T11:55:00+08:00,btc-updown-5m-1778039700,buy_up,4.0,0.49,0.485,0.6516169648495649,0.6183851101725056,0.6261543618749859,0.15161696484956488,2.3203989717216738,settle,btc,0.052957295858109765,0.5101521021035506,0.22288180963791313,0.0024868328124731105,0.0,0.0,-0.0009950525542607826,-0.16909787768527995
train,2026-05-06T12:00:02+08:00,btc-updown-5m-1778040000,buy_down,4.0,0.49,0.485,0.5693061760968813,0.2733597038510369,0.27902093219379503,0.06930617609688129,2.344076512249446,settle,btc,0.052957295858109765,0.27924028635591913,0.12300063322751183,-0.011745581350963064,0.0,0.0,-0.0009950525542607826,-0.16909787768527995
train,2026-05-06T12:05:01+08:00,btc-updown-5m-1778040300,buy_up,4.0,0.51,0.505,0.7323582878498325,0.9965409730907125,1.0066206673810199,0.21235828784983246,-2.3661384088353232,settle,btc,0.0949807529284627,0.7323887569223557,0.3340044908672707,0.005259902612164324,0.0,0.0,-0.0009950525542607826,-0.16909787768527995
train,2026-05-06T12:10:01+08:00,btc-updown-5m-1778040600,buy_down,67.0,0.22,0.215,0.2629476261550365,-1.0284117943671869,-1.0307040809743038,0.03294762615503647,-2.401382288631262,settle,market_prior,-0.5956429435082472,-0.23533994243736245,-0.08940857758075753,0.06207259939872096,0.0,0.0,-0.0009950525542607826,-0.16909787768527995
train,2026-05-06T12:15:00+08:00,btc-updown-5m-1778040900,buy_up,215.0,0.07,0.065,0.14036711404278723,-1.8052058735235956,-1.8122441876247861,0.060367114042787225,-0.9091842160609142,settle,market_prior,-1.3157114925647464,-0.2381442028426939,-0.11531771624776688,0.029791078121177424,0.0,0.0,0.003274337695713971,-0.16909787768527995
train,2026-05-06T12:25:02+08:00,btc-updown-5m-1778041500,buy_down,9.0,0.46,0.455,0.5251835249338181,0.09624034065165998,0.10081941171485961,0.055183524933818125,2.6083704563817145,settle,btc,-0.010310199668486515,0.20092650046755692,0.027735213452830348,0.04798175663929996,0.0,0.0,-0.0009950525542607826,-0.16909787768527995
train,2026-05-06T12:30:02+08:00,btc-updown-5m-1778041800,buy_down,9.0,0.55,0.545,0.6445864392024282,0.5877448134317335,0.5953268601919256,0.08458643920242816,1.8319619220443948,settle,btc,0.17926418087756993,0.33790025757161274,0.24846713855607608,-0.007793833333984507,0.0,0.0,-0.0009950525542607826,-0.16909787768527995
train,2026-05-06T12:35:00+08:00,btc-updown-5m-1778042100,buy_up,213.0,0.53,0.525,0.5647944834777718,0.2550939188929857,0.2606435476240348,0.024794483477771807,-2.3518243240735974,settle,btc,0.1370378815316424,0.278635106431804,0.002831456071582548,0.0066824050974975055,0.0,0.0,-0.0009950525542607826,-0.16909787768527995
train,2026-05-06T12:40:02+08:00,btc-updown-5m-1778042400,buy_down,5.0,0.44,0.435,0.47326518312887644,-0.11035815910250572,-0.10704135584795421,0.02326518312887644,-2.3366800007746384,settle,btc,-0.052844462835857135,0.07769848465506758,-0.006034447922104503,0.040915197239929084,0.0,0.0,-0.0009950525542607826,-0.16909787768527995
train,2026-05-06T12:45:01+08:00,btc-updown-5m-1778042700,buy_down,4.0,0.49,0.485,0.5299334595300206,0.11518238797898984,0.11987719045650097,0.029933459530020586,-2.3075377331912814,settle,btc,0.052957295858109765,0.14397800151423457,0.06711531037218578,0.021224710474000447,0.0,0.0,-0.0009950525542607826,-0.16909787768527995
train,2026-05-06T12:50:01+08:00,btc-updown-5m-1778043000,buy_down,4.0,0.46,0.455,0.8357673281579481,1.6132186570219504,1.627066105626371,0.36576732815794805,2.5789242361600824,settle,btc,-0.010310199668486515,1.248041619936487,0.5619077118244195,-0.016327544830928676,0.0,0.0,-0.0009950525542607826,-0.16909787768527995
train,2026-05-06T12:55:01+08:00,btc-updown-5m-1778043300,buy_down,4.0,0.5,0.495,0.6330784962407118,0.5381673420178364,0.5454464821921898,0.12307849624071178,2.2188188266860007,settle,btc,0.07397322828062054,0.4301161549024243,0.1788304350442587,0.025340454030073685,0.0,0.0,-0.0009950525542607826,-0.16909787768527995
train,2026-05-06T13:00:01+08:00,btc-updown-5m-1778043600,buy_down,59.0,0.3,0.295,0.3416826750843667,-0.6557889665247195,-0.655804616075359,0.031682675084366736,-2.3624986662181375,settle,market_prior,-0.3730634325834561,0.039704613840803676,-0.14842382641845492,-0.003913391124071546,0.0,0.0,-0.0009950525542607826,-0.16909787768527995
train,2026-05-06T13:05:02+08:00,btc-updown-5m-1778043900,buy_down,22.0,0.7,0.695,0.7411330647886386,1.0415115638444707,1.0518660177729744,0.03113306478863865,0.9373893901384694,settle,market_prior,0.5170075407690806,0.44449568775896753,0.2674546336081672,-0.017353368052204006,0.0,0.0,-0.0009950525542607826,-0.16909787768527995
train,2026-05-06T13:10:02+08:00,btc-updown-5m-1778044200,buy_down,5.0,0.47,0.465,0.5739743654058758,0.2923082169268949,0.2980852161881537,0.0939743654058758,2.5137441027933356,settle,btc,0.010832661965491977,0.29848560367979293,0.10945467295581537,0.04362820856533537,0.0,0.0,-0.0009950525542607826,-0.16909787768527995
train,2026-05-06T13:15:00+08:00,btc-updown-5m-1778044500,buy_down,39.0,0.58,0.575,0.6191384934484082,0.47897568269376933,0.4858931758755543,0.02913849344840825,-2.3367818521616774,settle,btc,0.24322602031374418,0.24673356019561737,0.1351074044445791,0.02400162797936941,0.0,0.0,-0.0009950525542607826,-0.16909787768527995
train,2026-05-06T13:20:02+08:00,btc-updown-5m-1778044800,buy_down,4.0,0.5,0.495,0.6305643563937797,0.5274251605455924,0.5346386685402194,0.12056435639377973,2.2283314103381335,settle,btc,0.07397322828062054,0.4269668505274157,0.18830766172255184,0.008270350254545112,0.0,0.0,-0.0009950525542607826,-0.16909787768527995
train,2026-05-06T13:25:02+08:00,btc-updown-5m-1778045100,buy_down,4.0,0.34,0.335,0.4319735853928058,-0.276107594316309,-0.2738034807793544,0.08197358539280576,4.389585497609965,settle,market_prior,-0.2756096560174177,0.20774375206813378,-0.040031529042739926,0.0018827689152556646,0.0,0.0,-0.0009950525542607826,-0.16909787768527995
train,2026-05-06T13:30:00+08:00,btc-updown-5m-1778045400,buy_down,4.0,0.5,0.495,0.5910931462937249,0.36228170371183277,0.3684862243729691,0.0810931462937249,2.2931869960360247,settle,btc,0.07397322828062054,0.3228175327301447,0.13951189777299555,-0.003928024832387316,0.0,0.0,-0.0009950525542607826,-0.16909787768527995
train,2026-05-06T13:35:01+08:00,btc-updown-5m-1778045700,buy_down,13.0,0.6,0.595,0.7554286331742144,1.1169627164636324,1.1277781590304365,0.1454286331742144,1.5358970903960873,settle,btc,0.28649664736570424,0.656882008393799,0.3325934863526744,0.011083504590995554,0.0,0.0,-0.0009950525542607826,-0.16909787768527995
train,2026-05-06T13:40:01+08:00,btc-updown-5m-1778046000,buy_up,4.0,0.57,0.565,0.7218712936954648,0.9440041736394104,0.953762880551805,0.1418712936954648,1.7524150526940299,settle,btc,0.2217984440449403,0.6122384466816575,0.25422405638409956,0.02583615676825385,0.0,0.0,-0.0009950525542607826,-0.16909787768527995
train,2026-05-06T13:45:01+08:00,btc-updown-5m-1778046300,buy_up,8.0,0.53,0.525,0.5695872936271285,0.27449933046774483,0.280167521658703,0.029587293627128426,2.079375079506646,settle,btc,0.1370378815316424,0.21772544165531296,0.051284987105499516,0.038543950414830726,0.0,0.0,-0.0009950525542607826,-0.16909787768527995
train,2026-05-06T13:50:01+08:00,btc-updown-5m-1778046600,buy_down,4.0,0.42,0.41,0.4521494978966165,-0.19479051225488747,-0.19198957064269775,0.022149497896616528,3.1311611776731683,settle,market_prior,-0.10666692836217363,0.10626917627774021,-0.022329736897413768,-0.0019700930334994905,0.0,0.0,-0.0009950525542607826,-0.16909787768527995
train,2026-05-06T13:55:01+08:00,btc-updown-5m-1778046900,buy_up,4.0,0.54,0.535,0.6683270995792526,0.6924069724479875,0.7006284801639321,0.1183270995792526,2.039922570510053,settle,btc,0.1581213192435915,0.5222930135364735,0.16913221540477757,0.012953354502685664,0.0,0.0,-0.0009950525542607826,-0.16909787768527995
train,2026-05-06T14:00:01+08:00,btc-updown-5m-1778047200,buy_up,9.0,0.45,0.445,0.6426436859908691,0.579326452490145,0.5868570650626214,0.18264368599086905,2.9619675723805976,settle,btc,-0.031529957552086714,0.4940224188383501,0.24812230525343584,0.03880461618998668,0.0,0.0,-0.0009950525542607826,-0.16909787768527995
train,2026-05-06T14:05:01+08:00,btc-updown-5m-1778047500,buy_down,4.0,0.5,0.495,0.5493574612939902,0.19290524428164646,0.19807491496789947,0.03935746129399021,2.447967466320151,settle,btc,0.07397322828062054,0.21784805290864168,0.07984763038688801,-0.008670737054962999,0.0,0.0,-0.0009950525542607826,-0.16909787768527995
train,2026-05-06T14:15:01+08:00,btc-updown-5m-1778048100,buy_down,4.0,0.5,0.495,0.5905521237348433,0.3600573628793448,0.3662482933458202,0.08055212373484334,-2.572853773918256,settle,btc,0.07397322828062054,0.33363700614890035,0.13834506433264177,-0.01580500564327706,0.0,0.0,-0.0009950525542607826,-0.16909787768527995
train,2026-05-06T14:20:01+08:00,btc-updown-5m-1778048400,buy_up,4.0,0.42,0.415,0.488837030415561,-0.048354927715813116,-0.04465929943056336,0.058837030415560994,3.3883475240239145,settle,btc,-0.09583158198412475,0.226489176222084,-0.0046477424478862965,-0.004271849266345329,0.0,0.0,-0.0009950525542607826,-0.16909787768527995
train,2026-05-06T14:25:01+08:00,btc-updown-5m-1778048700,buy_down,5.0,0.5,0.495,0.5334939521712261,0.12939511123063469,0.13417675007460114,0.02349395217122608,-2.581171810169333,settle,btc,0.07397322828062054,0.1736834525107632,0.042448434564723296,0.009382926114068425,0.0,0.0,-0.0009950525542607826,-0.16909787768527995
train,2026-05-06T14:30:01+08:00,btc-updown-5m-1778049000,buy_up,53.0,0.34,0.335,0.3898067328507361,-0.44937019901391795,-0.44812467887726665,0.039806732850736055,-2.5784179648124628,settle,market_prior,-0.2756096560174177,0.0743793049987641,-0.09824237511180293,0.020195457356079364,0.0,0.0,-0.0009950525542607826,-0.16909787768527995
train,2026-05-06T14:35:01+08:00,btc-updown-5m-1778049300,buy_up,4.0,0.48,0.475,0.6351562677863304,0.5470684050750815,0.5544019286325343,0.1451562677863304,2.633899994233874,settle,btc,0.03191609967744088,0.475101968251489,0.20231415831099475,0.007829109074697622,0.0,0.0,-0.0009950525542607826,-0.16909787768527995
train,2026-05-06T14:40:01+08:00,btc-updown-5m-1778049600,buy_up,4.0,0.49,0.485,0.5557659065972939,0.218668435734733,0.22399551340728052,0.055765906597293864,2.556432347344642,settle,btc,0.052957295858109765,0.2406372677185876,0.09924914172795858,-0.004082339330382226,0.0,0.0,-0.0009950525542607826,-0.16909787768527995
train,2026-05-06T14:45:01+08:00,btc-updown-5m-1778049900,buy_down,117.0,0.22,0.215,0.2649494858251053,-1.0181703216923912,-1.0204000353317184,0.0349494858251053,-2.645907479501705,settle,market_prior,-0.5956429435082472,-0.11808215956035864,-0.17069559834333034,0.03634330995908573,0.0,0.0,-0.0009950525542607826,-0.16909787768527995
train,2026-05-06T14:50:02+08:00,btc-updown-5m-1778050200,buy_down,4.0,0.65,0.645,0.6963668237496549,0.8210487727839005,0.8300562513738049,0.03636682374965484,1.3099985272090777,settle,market_prior,0.39807344390496124,0.3905378899376012,0.17784445831255632,0.024685910868322492,0.0,0.0,-0.0009950525542607826,-0.16909787768527995
train,2026-05-06T14:55:01+08:00,btc-updown-5m-1778050500,buy_up,24.0,0.49,0.485,0.52017427367071,0.07628378801162357,0.08074092927378843,0.020174273670710015,-2.5404618952580784,settle,btc,0.052957295858109765,0.15356492824522214,0.038224915159391595,0.0016295789884407936,0.0,0.0,-0.0009950525542607826,-0.16909787768527995
train,2026-05-06T15:00:00+08:00,btc-updown-5m-1778050800,buy_up,4.0,0.63,0.62,0.7159062062758061,0.914665265184848,0.92424471832857,0.07590620627580615,-2.5316615267511753,settle,btc,0.34157333045457006,0.5224759981563984,0.24393361349887174,-0.02322474668545135,0.0,0.0,-0.0009950525542607826,-0.16909787768527995
train,2026-05-06T15:05:00+08:00,btc-updown-5m-1778051100,buy_up,12.0,0.61,0.605,0.6984608577370834,0.8309115687698528,0.8399793067028364,0.07846085773708346,1.5366874197519786,settle,btc,0.30837964259372136,0.45382158439958975,0.1969407422867521,0.04186252972933036,0.0,0.0,-0.0009950525542607826,-0.16909787768527995
train,2026-05-06T15:10:00+08:00,btc-updown-5m-1778051400,buy_up,4.0,0.42,0.415,0.5250121441072391,0.0955572591930923,0.10013215679067211,0.09501214410723909,-2.5412534927620225,settle,btc,-0.09583158198412475,0.2453310098634592,0.08863264653369998,0.02751811501959862,0.0,0.0,-0.0009950525542607826,-0.16909787768527995
train,2026-05-06T15:15:01+08:00,btc-updown-5m-1778051700,buy_up,58.0,0.67,0.665,0.7041207836777209,0.8577667742178409,0.866998591083498,0.024120783677720865,1.173369332249827,settle,market_prior,0.44456363722650116,0.29727847378439104,0.269662666949886,0.016354926496603472,0.0,0.0,-0.0009950525542607826,-0.16909787768527995
train,2026-05-06T15:20:01+08:00,btc-updown-5m-1778052000,buy_down,121.0,0.24,0.235,0.2745281533620244,-0.9698340575455237,-0.971768448080881,0.024528153362024414,-2.074669385368895,settle,market_prior,-0.5353767959212048,-0.10187333197681642,-0.1463169222008102,-0.016174077207151395,0.0,0.0,-0.0009950525542607826,-0.16909787768527995
train,2026-05-06T15:25:02+08:00,btc-updown-5m-1778052300,buy_up,4.0,0.58,0.575,0.7422029688662295,1.0470618098153208,1.0574501744296592,0.15220296886622953,1.7302912171300395,settle,btc,0.24322602031374418,0.7342909330320446,0.26280541489316017,-0.02316762818408747,0.0,0.0,-0.0009950525542607826,-0.16909787768527995
train,2026-05-06T15:30:00+08:00,btc-updown-5m-1778052600,buy_down,8.0,0.58,0.575,0.7320475750040477,0.9949659874418132,1.0050360589435425,0.14204757500404774,1.7425225860787175,settle,btc,0.24322602031374418,0.6066149820732069,0.29243111673544875,0.02278679855895393,0.0,0.0,-0.0009950525542607826,-0.16909787768527995
train,2026-05-06T15:40:02+08:00,btc-updown-5m-1778053200,buy_down,4.0,0.5,0.495,0.5716300107153565,0.2827858447554878,0.2885046645823933,0.06163001071535646,2.432808033360993,settle,btc,0.07397322828062054,0.26171932989478425,0.1109012089908921,0.006285007828731655,0.0,0.0,-0.0009950525542607826,-0.16909787768527995
train,2026-05-06T15:45:01+08:00,btc-updown-5m-1778053500,buy_up,8.0,0.62,0.615,0.6547230219899693,0.6320128353974527,0.6398653492672625,0.024723021989969347,1.4959847502839607,settle,btc,0.33045584057817046,0.3593853124349434,0.12428589459007008,-0.01202128196619053,0.0,0.0,-0.0009950525542607826,-0.16909787768527995
train,2026-05-06T15:50:00+08:00,btc-updown-5m-1778053800,buy_down,4.0,0.56,0.555,0.6452349893973667,0.5905597017024846,0.5981589467620513,0.07523498939736663,1.9363399911361274,settle,btc,0.20048393876117018,0.31883350498143675,0.203990501167184,0.03734468703223449,0.0,0.0,-0.0009950525542607826,-0.16909787768527995
train,2026-05-06T15:55:01+08:00,btc-updown-5m-1778054100,buy_down,4.0,0.49,0.485,0.6158159601672669,0.4649943740560467,0.4718264447597538,0.11581596016726693,-2.592967861884473,settle,btc,0.052957295858109765,0.39426976541623393,0.15755305376985104,0.030307189251392686,0.0,0.0,-0.0009950525542607826,-0.16909787768527995
train,2026-05-06T16:00:01+08:00,btc-updown-5m-1778054400,buy_up,45.0,0.51,0.505,0.5416885417151299,0.1621603702683883,0.16714219707003397,0.021688541715129912,2.3672271303792365,settle,btc,0.0949807529284627,0.26968114264328613,-0.04819925710427069,0.015790662040450886,0.0,0.0,-0.0009950525542607826,-0.16909787768527995
train,2026-05-06T16:05:02+08:00,btc-updown-5m-1778054700,buy_up,4.0,0.52,0.515,0.6231166699669627,0.4957779512696492,0.5027981023253337,0.09311666996696268,2.2947307995113717,settle,btc,0.11599668535097349,0.3829337671482294,0.17058509504856284,-0.0036446660385757498,0.0,0.0,-0.0009950525542607826,-0.16909787768527995
train,2026-05-06T16:10:01+08:00,btc-updown-5m-1778055000,buy_up,4.0,0.53,0.525,0.5782184206521881,0.30958155686303757,0.3154640921324241,0.03821842065218806,2.223447672547827,settle,btc,0.1370378815316424,0.1985050233723557,0.10471251575733766,0.039419066441242566,0.0,0.0,-0.0009950525542607826,-0.16909787768527995
train,2026-05-06T16:15:01+08:00,btc-updown-5m-1778055300,buy_down,4.0,0.56,0.555,0.6375938430280518,0.5575384146559538,0.5649359074874618,0.06759384302805173,1.9841681058616045,settle,btc,0.20048393876117018,0.3753342153672393,0.15750155779218944,-0.005688367025104324,0.0,0.0,-0.0009950525542607826,-0.16909787768527995
train,2026-05-06T16:25:01+08:00,btc-updown-5m-1778055900,buy_down,25.0,0.61,0.605,0.6413022592982991,0.5735256322637708,0.5810208032011713,0.021302259298299105,-2.6465610313586594,settle,market_prior,0.30837964259372136,0.2592308196858074,0.14124725037057553,0.034760849853207376,0.0,0.0,-0.0009950525542607826,-0.16909787768527995
train,2026-05-06T16:30:01+08:00,btc-updown-5m-1778056200,buy_up,4.0,0.6,0.58,0.6752410263853565,0.7235744819130063,0.7319864157158792,0.06524102638535657,1.675315819318279,settle,btc,0.25398808973636605,0.4112102532987311,0.22306985591639444,0.0053992132010556495,0.0,0.0,-0.0009950525542607826,-0.16909787768527995
train,2026-05-06T16:40:00+08:00,btc-updown-5m-1778056800,buy_up,4.0,0.48,0.47,0.5145955673323579,0.05407739528630616,0.05839886075839161,0.02459556733235791,2.7562972429274435,settle,btc,0.02138072913145437,0.14507941549945702,0.07100443074573794,-0.013294249850802426,0.0,0.0,-0.0009950525542607826,-0.16909787768527995
train,2026-05-06T16:45:00+08:00,btc-updown-5m-1778057100,buy_down,8.0,0.48,0.475,0.5740189276723159,0.29248935074228455,0.29826745668817317,0.0840189276723159,2.7855829011335476,settle,btc,0.03191609967744088,0.3132556261799533,0.10126780982617128,0.016142745298259834,0.0,0.0,-0.0009950525542607826,-0.16909787768527995
train,2026-05-06T16:50:01+08:00,btc-updown-5m-1778057400,buy_up,12.0,0.5,0.49,0.8910831529426232,2.0851223602167215,2.1018530284671386,0.3810831529426232,2.5965892941825213,settle,btc,0.06346736464386774,1.5529283433526486,0.6413222794254844,-0.002502696965738457,0.0,0.0,-0.0009950525542607826,-0.16909787768527995
train,2026-05-06T16:55:00+08:00,btc-updown-5m-1778057700,buy_up,4.0,0.51,0.5,0.586245374874008,0.342382384663849,0.3484653252076167,0.06624537487400796,2.5181616991745597,settle,btc,0.08447699060454164,0.3039862157126116,0.13617618937597076,-0.012164080789734234,0.0,0.0,-0.0009950525542607826,-0.16909787768527995
train,2026-05-06T17:00:00+08:00,btc-updown-5m-1778058000,buy_down,8.0,0.59,0.585,0.8477226747288529,1.702457504186523,1.7168501809711616,0.2477226747288529,1.831002320247265,settle,btc,0.264785563193208,1.1566646608663487,0.43339198283069225,0.017708227535815028,0.0,0.0,-0.0009950525542607826,-0.16909787768527995
train,2026-05-06T17:05:01+08:00,btc-updown-5m-1778058300,buy_up,4.0,0.44,0.42,0.6858210322583828,0.771946448227135,0.7806539232657476,0.23582103225838275,3.3987980569589857,settle,btc,-0.08503410852728294,0.6970364159971991,0.3177566579443228,0.012280413052436738,0.0,0.0,-0.0009950525542607826,-0.16909787768527995
train,2026-05-06T17:15:02+08:00,btc-updown-5m-1778058900,buy_up,8.0,0.51,0.505,0.6268557078964471,0.5116341674875261,0.5187511962616965,0.10685570789644706,2.5910836951875558,settle,btc,0.0949807529284627,0.37081584658898337,0.18174624343628656,0.03418425477333425,0.0,0.0,-0.0009950525542607826,-0.16909787768527995
train,2026-05-06T17:20:00+08:00,btc-updown-5m-1778059200,buy_down,4.0,0.57,0.565,0.7181378231601896,0.9255970443115136,0.9352432880316398,0.13813782316018963,2.0476379833284817,settle,btc,0.2217984440449403,0.5711293605308407,0.2682822069851271,0.034479962990146336,0.0,0.0,-0.0009950525542607826,-0.16909787768527995
train,2026-05-06T17:25:00+08:00,btc-updown-5m-1778059500,buy_down,186.0,0.28,0.275,0.31864461390016574,-0.7593591715328071,-0.7600076104593247,0.028644613900165712,-2.8837494611883723,settle,market_prior,-0.4246236908234957,-0.05762582662161739,-0.13563052607280454,0.02861380222465142,0.0,0.0,-0.0009950525542607826,-0.16909787768527995
train,2026-05-06T17:30:02+08:00,btc-updown-5m-1778059800,buy_up,4.0,0.45,0.435,0.49559751578523753,-0.021470279073684158,-0.01761039196483135,0.03559751578523752,3.3246913779720653,settle,btc,-0.052844462835857135,0.19239315617853467,0.00931486228761257,-0.00024090446443352255,0.0,0.0,-0.0009950525542607826,-0.16909787768527995
train,2026-05-06T17:35:01+08:00,btc-updown-5m-1778060100,buy_up,4.0,0.53,0.525,0.5653285800723327,0.25725390484967137,0.26281673058236127,0.025328580072332636,2.433506808606219,settle,btc,0.1370378815316424,0.20764084054942022,0.10596096832216798,-0.023292855314018493,0.0,0.0,-0.0009950525542607826,-0.16909787768527995
train,2026-05-06T17:40:01+08:00,btc-updown-5m-1778060400,buy_up,4.0,0.47,0.465,0.5111382702997302,0.040323023605999556,0.04456045313096588,0.03113827029973027,3.129026016364756,settle,btc,0.010832661965491977,0.12464671195732027,0.0692556471162995,0.0056809328064285555,0.0,0.0,-0.0009950525542607826,-0.16909787768527995
train,2026-05-06T17:45:02+08:00,btc-updown-5m-1778060700,buy_down,4.0,0.6,0.595,0.9273101288257317,2.5266576652459225,2.546086009435822,0.31731012882573173,1.8586414537206655,settle,btc,0.28649664736570424,1.7153207808514996,0.6788470559119141,0.016086111356345266,0.0,0.0,-0.0009950525542607826,-0.16909787768527995
train,2026-05-06T17:50:01+08:00,btc-updown-5m-1778061000,buy_down,48.0,0.58,0.575,0.6308322598289788,0.5285683809583445,0.5357888737584126,0.040832259828978874,-2.9276560946159447,settle,btc,0.24322602031374418,0.33102065636676553,0.08119144526098931,0.04322318925638612,0.0,0.0,-0.0009950525542607826,-0.16909787768527995
train,2026-05-06T17:55:01+08:00,btc-updown-5m-1778061300,buy_down,238.0,0.28,0.275,0.31315713654048677,-0.7845977982851511,-0.7854004392321184,0.02315713654048674,-2.3724000807794647,settle,market_prior,-0.4246236908234957,-0.08367042214538266,-0.1286431613207671,0.022432406244035183,0.0,0.0,-0.0009950525542607826,-0.16909787768527995
train,2026-05-06T18:00:02+08:00,btc-updown-5m-1778061600,buy_up,72.0,0.5,0.495,0.5494545058825903,0.19329486958753192,0.19846692079194767,0.03945450588259026,2.7685335582602826,settle,btc,0.07397322828062054,0.2303848832170357,0.0700193365659772,-0.01098964823656078,0.0,0.0,-0.0009950525542607826,-0.16909787768527995
train,2026-05-06T18:05:02+08:00,btc-updown-5m-1778061900,buy_down,4.0,0.6,0.595,0.6429318086619294,0.5805736583709743,0.5881118910754264,0.03293180866192947,1.8542677261584717,settle,btc,0.28649664736570424,0.3318616871821033,0.10480592800258723,0.027502326060120277,0.0,0.0,-0.0009950525542607826,-0.16909787768527995
train,2026-05-06T18:10:02+08:00,btc-updown-5m-1778062200,buy_up,13.0,0.58,0.575,0.610075112286545,0.4409428379889488,0.447627959514602,0.020075112286545023,2.029685387838689,settle,btc,0.24322602031374418,0.2925212032288914,0.05601364078488768,0.019274903900966322,0.0,0.0,-0.0009950525542607826,-0.16909787768527995
train,2026-05-06T18:15:00+08:00,btc-updown-5m-1778062500,buy_up,4.0,0.57,0.565,0.6750526116607274,0.7227206268924612,0.7311273438437742,0.09505261166072744,2.1306225019912826,settle,btc,0.2217984440449403,0.4596752879341992,0.18791371526355669,0.023426109889305737,0.0,0.0,-0.0009950525542607826,-0.16909787768527995
train,2026-05-06T18:20:01+08:00,btc-updown-5m-1778062800,buy_down,28.0,0.57,0.565,0.6024747468680651,0.4092955246554205,0.4157872886063641,0.022474746868065172,-2.9639682354768957,settle,btc,0.2217984440449403,0.2470536941607689,0.1078413189400871,0.002694997749164948,0.0,0.0,-0.0009950525542607826,-0.16909787768527995
train,2026-05-06T18:25:01+08:00,btc-updown-5m-1778063100,buy_up,4.0,0.49,0.485,0.5625777275632162,0.24613538563612325,0.2516302798547906,0.06257772756321624,2.9420669923576086,settle,btc,0.052957295858109765,0.20073926814543175,0.11575102088699667,0.04678073098512582,0.0,0.0,-0.0009950525542607826,-0.16909787768527995
train,2026-05-06T18:30:01+08:00,btc-updown-5m-1778063400,buy_up,4.0,0.49,0.485,0.5399932231966473,0.15537499849764666,0.1603153682879098,0.03999322319664734,2.972088084116359,settle,btc,0.052957295858109765,0.16090071779956333,0.09826213675700446,0.013347778322509812,0.0,0.0,-0.0009950525542607826,-0.16909787768527995
train,2026-05-06T18:35:02+08:00,btc-updown-5m-1778063700,buy_up,4.0,0.47,0.46,0.566169353594003,0.2606553944263095,0.26623900245315524,0.08616935359400303,3.2553849908576638,settle,btc,0.0002697433423436137,0.3258486847072053,0.09039355433576345,0.014236342280537837,0.0,0.0,-0.0009950525542607826,-0.16909787768527995
train,2026-05-06T18:40:01+08:00,btc-updown-5m-1778064000,buy_down,213.0,0.22,0.215,0.2682762605373656,-1.0012593733839572,-1.0033857651420082,0.03827626053736558,-3.110144737419398,settle,market_prior,-0.5956429435082472,-0.05282302157588174,-0.20617922721312593,0.02347874915283833,0.0,0.0,-0.0009950525542607826,-0.16909787768527995
train,2026-05-06T18:45:00+08:00,btc-updown-5m-1778064300,buy_up,8.0,0.45,0.445,0.5035227869408306,0.010038979729175595,0.014091380932315338,0.04352278694083062,-3.009237819272013,settle,btc,-0.031529957552086714,0.14287561996715667,0.07433745059612232,-0.005551203042475922,0.0,0.0,-0.0009950525542607826,-0.16909787768527995
train,2026-05-06T18:50:02+08:00,btc-updown-5m-1778064600,buy_down,165.0,0.13,0.125,0.16734876931698695,-1.5987578246397316,-1.6045347901513902,0.02734876931698694,-2.4659945915341357,settle,market_prior,-0.9374578283266224,-0.3462277500284813,-0.19014557662869036,0.04516626058360318,0.0,0.0,-0.0009950525542607826,-0.16909787768527995
train,2026-05-06T18:55:01+08:00,btc-updown-5m-1778064900,buy_down,8.0,0.59,0.57,0.731621654787444,0.9928089022565475,1.002865794479661,0.13162165478744403,1.9586896825095028,settle,btc,0.23249693195104854,0.6353328048021234,0.32450261834554256,-0.02943052260262616,0.0,0.0,-0.0009950525542607826,-0.16909787768527995
train,2026-05-06T19:00:00+08:00,btc-updown-5m-1778065200,buy_up,4.0,0.42,0.415,0.5818238169128834,0.3242924322328701,0.3302648474599449,0.15182381691288344,3.9474592422861163,settle,btc,-0.09583158198412475,0.46122675588322803,0.11846847109104362,0.010521717482263928,0.0,0.0,-0.0009950525542607826,-0.16909787768527995
train,2026-05-06T19:05:02+08:00,btc-updown-5m-1778065500,buy_up,4.0,0.5,0.495,0.640537783180148,0.5702240383593625,0.5776990373414598,0.13053778318014797,2.8891661955304833,settle,btc,0.07397322828062054,0.4706533974108209,0.202512585521277,-0.00682224261381505,0.0,0.0,-0.0009950525542607826,-0.16909787768527995
train,2026-05-06T19:10:02+08:00,btc-updown-5m-1778065800,buy_down,4.0,0.48,0.47,0.5535129998469811,0.20960326199199547,0.21487495360409786,0.06351299984698112,3.1630842099613266,settle,btc,0.02138072913145437,0.30343213969429833,0.042448686184480396,0.012434637221303087,0.0,0.0,-0.0009950525542607826,-0.16909787768527995
train,2026-05-06T19:15:01+08:00,btc-updown-5m-1778066100,buy_up,141.0,0.83,0.825,0.8746954238649385,1.9273615688346113,1.9431283560855757,0.03469542386493852,0.5799809686755454,settle,market_prior,0.8988051787055296,0.892255152180179,0.3309601905296966,-0.024566022341253255,0.0,0.0,-0.0009950525542607826,-0.16909787768527995
train,2026-05-06T19:20:02+08:00,btc-updown-5m-1778066400,buy_up,4.0,0.48,0.475,0.8489598081937952,1.7120148031056726,1.7264658727188051,0.35895980819379525,3.2028542774843434,settle,btc,0.03191609967744088,1.2586725408203148,0.565528318530718,0.025990774316739487,0.0,0.0,-0.0009950525542607826,-0.16909787768527995
train,2026-05-06T19:30:01+08:00,btc-updown-5m-1778067000,buy_up,9.0,0.53,0.525,0.6143292447376468,0.45875303619057695,0.46554697380096605,0.07432924473764681,2.644114393649727,settle,btc,0.1370378815316424,0.32143260887002983,0.14680686344696103,0.023568612581484426,0.0,0.0,-0.0009950525542607826,-0.16909787768527995
train,2026-05-06T19:35:01+08:00,btc-updown-5m-1778067300,buy_up,4.0,0.49,0.485,0.6608864891826111,0.6592284131140944,0.6672472077056246,0.16088648918261106,3.1356334402066195,settle,btc,0.052957295858109765,0.5273153847428047,0.21861858851029312,0.03043007424242765,0.0,0.0,-0.0009950525542607826,-0.16909787768527995
train,2026-05-06T19:45:00+08:00,btc-updown-5m-1778067900,buy_up,5.0,0.48,0.475,0.5239186345093134,0.09119934729191474,0.0957476190818903,0.033918634509313435,3.298294424917338,settle,btc,0.03191609967744088,0.17318769229483288,0.04524704053730478,0.010941445021876951,0.0,0.0,-0.0009950525542607826,-0.16909787768527995
train,2026-05-06T19:50:01+08:00,btc-updown-5m-1778068200,buy_up,4.0,0.52,0.515,0.569127899928802,0.2726370812786097,0.2782938945689252,0.03912789992880195,2.8356004298562523,settle,btc,0.11599668535097349,0.23266640357837642,0.07047983909177163,0.023587083497028916,0.0,0.0,-0.0009950525542607826,-0.16909787768527995
train,2026-05-06T19:55:02+08:00,btc-updown-5m-1778068500,buy_down,9.0,0.47,0.465,0.51255230894874,0.04594799103131651,0.050219787772473275,0.03255230894874007,3.5023837197089156,settle,btc,0.010832661965491977,0.1791861104314263,0.025877406865482296,0.0001447420084566626,0.0,0.0,-0.0009950525542607826,-0.16909787768527995
train,2026-05-06T20:00:00+08:00,btc-updown-5m-1778068800,buy_down,13.0,0.5,0.495,0.6498573277963305,0.6106899010079363,0.6184121368084579,0.13985732779633053,3.1366270937183907,settle,btc,0.07397322828062054,0.4849015393599476,0.19218774143826023,0.02972032216864874,0.0,0.0,-0.0009950525542607826,-0.16909787768527995
train,2026-05-06T20:05:01+08:00,btc-updown-5m-1778069100,buy_down,5.0,0.43,0.425,0.5069125857998145,0.02351735418148238,0.027652105054171015,0.06691258579981448,4.209124304633662,settle,btc,-0.07427203910466089,0.2207986238980178,0.056545136252056045,-0.00946143662438985,0.0,0.0,-0.0009950525542607826,-0.16909787768527995
train,2026-05-06T20:15:02+08:00,btc-updown-5m-1778069700,buy_up,4.0,0.59,0.585,0.8743246737614019,1.924003709953774,1.9397499814837804,0.2743246737614019,2.219727054598576,settle,btc,0.264785563193208,1.3650640199194901,0.4328760896443368,0.03137096743627974,0.0,0.0,-0.0009950525542607826,-0.16909787768527995
train,2026-05-06T20:20:01+08:00,btc-updown-5m-1778070000,buy_up,4.0,0.57,0.565,0.8379894056715304,1.629397430749271,1.6433437278220189,0.2579894056715304,2.4288487086897055,settle,btc,0.2217984440449403,1.0940915327200762,0.4537375136014859,0.029862870622309228,0.0,0.0,-0.0009950525542607826,-0.16909787768527995
train,2026-05-06T20:35:02+08:00,btc-updown-5m-1778070900,buy_down,4.0,0.48,0.475,0.5468511975301661,0.18284795479643876,0.18795617783048454,0.056851197530166105,3.528119610863644,settle,btc,0.03191609967744088,0.2455848546602788,0.06604841384638668,0.009391516851873127,0.0,0.0,-0.0009950525542607826,-0.16909787768527995
train,2026-05-06T20:40:01+08:00,btc-updown-5m-1778071200,buy_down,5.0,0.55,0.545,0.6740250693463109,0.7180685327618778,0.7264468265219729,0.11402506934631086,2.6846914874195345,settle,btc,0.17926418087756993,0.4507308493821551,0.2385470251103176,0.019619407631375953,0.0,0.0,-0.0009950525542607826,-0.16909787768527995
train,2026-05-06T20:45:00+08:00,btc-updown-5m-1778071500,buy_down,13.0,0.5,0.495,0.5706024133461994,0.27861605967590297,0.28430940310544256,0.06060241334619943,-3.4503654996315865,settle,btc,0.07397322828062054,0.25371507094657764,0.11626857169000558,0.0047521189982399565,0.0,0.0,-0.0009950525542607826,-0.16909787768527995
train,2026-05-06T20:50:02+08:00,btc-updown-5m-1778071800,buy_down,186.0,0.19,0.185,0.2465433337579307,-1.1143165877283372,-1.1171337322380883,0.04654333375793069,14.097716291167572,settle,market_prior,-0.6942629458947523,-0.16399752932073614,-0.1509664347767688,0.06500325250346084,0.0,0.0,-0.0009950525542607826,-0.16909787768527995
train,2026-05-06T20:55:02+08:00,btc-updown-5m-1778072100,buy_down,4.0,0.51,0.505,0.5783678913022454,0.31019074559528437,0.3160770028632673,0.05836789130224541,3.283938618413152,settle,btc,0.0949807529284627,0.22808027525423014,0.11963823901473936,0.037584408637392853,0.0,0.0,-0.0009950525542607826,-0.16909787768527995
train,2026-05-06T21:00:00+08:00,btc-updown-5m-1778072400,buy_down,5.0,0.59,0.565,0.9099987625686873,2.295603164206099,2.313619820222789,0.3099987625686873,2.3878129954224447,settle,btc,0.2217984440449403,1.6063578114662338,0.6391816869716452,-0.0016418480371802138,0.0,0.0,-0.0009950525542607826,-0.16909787768527995
train,2026-05-06T21:05:02+08:00,btc-updown-5m-1778072700,buy_down,13.0,0.44,0.42,0.5348019644373264,0.13461976037378914,0.13943332058423566,0.08480196443732642,4.432377872752912,settle,btc,-0.08503410852728294,0.2831497670665091,0.11034736155689134,-0.003750329482787527,0.0,0.0,-0.0009950525542607826,-0.16909787768527995
train,2026-05-06T21:10:01+08:00,btc-updown-5m-1778073000,buy_up,4.0,0.52,0.515,0.8223744360540703,1.5192447579360642,1.5325180483166332,0.2923744360540703,3.2450120310712185,settle,btc,0.11599668535097349,1.0744373849315518,0.4837653497408435,0.015138268152235995,0.0,0.0,-0.0009950525542607826,-0.16909787768527995
train,2026-05-06T21:20:01+08:00,btc-updown-5m-1778073600,buy_up,5.0,0.51,0.505,0.6576712784999107,0.6450019063289157,0.6529337803398715,0.13767127849991068,-3.693709063853132,settle,btc,0.0949807529284627,0.5178984350535591,0.2090979002859945,-0.0068822516995599445,0.0,0.0,-0.0009950525542607826,-0.16909787768527995
train,2026-05-06T21:25:00+08:00,btc-updown-5m-1778073900,buy_down,9.0,0.57,0.565,0.8304891226378838,1.5754808540295404,1.5890977336126801,0.2504891226378838,2.642123552233082,settle,btc,0.2217984440449403,1.066930367938011,0.4651352959468068,-0.008290323660677043,0.0,0.0,-0.0009950525542607826,-0.16909787768527995
train,2026-05-06T21:30:00+08:00,btc-updown-5m-1778074200,buy_up,5.0,0.51,0.505,0.7550844498595325,1.1151120041386209,1.1259161392922843,0.23508444985953247,3.3996803219994076,settle,btc,0.0949807529284627,0.7656218261324605,0.4178843545322157,0.0067180007850225175,0.0,0.0,-0.0009950525542607826,-0.16909787768527995
train,2026-05-06T21:35:01+08:00,btc-updown-5m-1778074500,buy_down,8.0,0.49,0.485,0.7133792639337202,0.9023491367278887,0.9118533412492978,0.2133792639337202,3.7205685156575155,settle,btc,0.052957295858109765,0.7300140537134325,0.2643653091069014,0.02510540828898576,0.0,0.0,-0.0009950525542607826,-0.16909787768527995
train,2026-05-06T21:40:01+08:00,btc-updown-5m-1778074800,buy_up,5.0,0.52,0.485,0.6000504104068933,0.3992447994778086,0.4056751558829067,0.07005041040689332,3.329193327568157,settle,btc,0.052957295858109765,0.43353657057962247,0.1435035794026198,-0.06065971612300265,0.0,0.0,-0.0009950525542607826,-0.16909787768527995
train,2026-05-06T21:45:01+08:00,btc-updown-5m-1778075100,buy_down,27.0,0.55,0.545,0.9500911389159575,2.924500283684583,2.9463593518669655,0.3900911389159575,2.9733238110212965,settle,btc,0.17926418087756993,2.005185198424153,0.9030894257824407,0.007054408839959257,0.0,0.0,-0.0009950525542607826,-0.16909787768527995
train,2026-05-06T21:50:02+08:00,btc-updown-5m-1778075400,buy_down,5.0,0.49,0.48,0.6922726349889943,0.8018753134860446,0.8107656467894105,0.19227263498899427,-3.822844899884526,settle,btc,0.04244091303290941,0.7325464318327212,0.19001595288189024,0.006964945978064678,0.0,0.0,-0.0009950525542607826,-0.16909787768527995
train,2026-05-06T21:55:01+08:00,btc-updown-5m-1778075700,buy_down,4.0,0.53,0.5,0.5643726203553562,0.25338825610283217,0.2589274636389791,0.024372620355356152,3.2184026308084435,settle,btc,0.08447699060454164,0.2511320255223695,0.11919801460206526,-0.03132584438660343,0.0,0.0,-0.0009950525542607826,-0.16909787768527995
train,2026-05-06T22:00:01+08:00,btc-updown-5m-1778076000,buy_down,4.0,0.52,0.515,0.6457835398329725,0.5929423717047999,0.6005561743126844,0.11578353983297253,3.3806951581195284,settle,btc,0.11599668535097349,0.41207609317530763,0.2508735849861822,-0.01591106156812259,0.0,0.0,-0.0009950525542607826,-0.16909787768527995
train,2026-05-06T22:05:02+08:00,btc-updown-5m-1778076300,buy_down,4.0,0.48,0.475,0.8008264391143176,1.379050894327692,1.3914676334689566,0.3108264391143176,-3.8527786668351296,settle,btc,0.03191609967744088,0.974606246388072,0.5353962301191879,0.0072252483825319775,0.0,0.0,-0.0009950525542607826,-0.16909787768527995
train,2026-05-06T22:10:02+08:00,btc-updown-5m-1778076600,buy_down,4.0,0.5,0.475,0.8170953952038214,1.483734786300671,1.4967911191808965,0.30709539520382134,-3.8103351989910967,settle,btc,0.03191609967744088,1.1564635039447,0.471535759019494,-0.006087646101423495,0.0,0.0,-0.0009950525542607826,-0.16909787768527995
train,2026-05-06T22:15:00+08:00,btc-updown-5m-1778076900,buy_down,5.0,0.44,0.435,0.5412070058440599,0.16023267697016336,0.1652027260231894,0.0912070058440599,4.6218992401487595,settle,btc,-0.052844462835857135,0.29144385831829783,0.05871578398421499,0.03301042774304843,0.0,0.0,-0.0009950525542607826,-0.16909787768527995
train,2026-05-06T22:20:01+08:00,btc-updown-5m-1778077200,buy_up,4.0,0.51,0.505,0.7160689210479764,0.9154605794862978,0.9250448918116773,0.19606892104797635,3.523518479548701,settle,btc,0.0949807529284627,0.6919369557722004,0.30476762728142837,-0.006131826256252858,0.0,0.0,-0.0009950525542607826,-0.16909787768527995
train,2026-05-06T22:25:01+08:00,btc-updown-5m-1778077500,buy_up,5.0,0.51,0.505,0.7681658829818582,1.186741823865756,1.197983600220534,0.24816588298185815,3.5566810064150416,settle,btc,0.0949807529284627,0.8622809747104989,0.3622308082468205,0.037342218219514736,0.0,0.0,-0.0009950525542607826,-0.16909787768527995
train,2026-05-06T22:35:02+08:00,btc-updown-5m-1778078100,buy_up,4.0,0.63,0.62,0.6915413711360006,0.7984657455855143,0.8073352472380824,0.051541371136000554,2.17973735964579,settle,btc,0.34157333045457006,0.4353960527504566,0.18091373682572062,0.010675555794307793,0.0,0.0,-0.0009950525542607826,-0.16909787768527995
train,2026-05-06T22:40:01+08:00,btc-updown-5m-1778078400,buy_down,84.0,0.48,0.475,0.5154529576844188,0.05748921154873801,0.06183152240857901,0.025452957684418805,-3.9162614561636024,settle,btc,0.03191609967744088,0.12114523203614302,0.02709770475505259,0.04742310531964228,0.0,0.0,-0.0009950525542607826,-0.16909787768527995
train,2026-05-06T22:45:02+08:00,btc-updown-5m-1778078700,buy_up,39.0,0.67,0.665,0.7037420465074921,0.8559605571729294,0.865181338481049,0.023742046507492016,-3.853849394212192,settle,market_prior,0.44456363722650116,0.3871394507803425,0.1827789887424901,0.01157141066313632,0.0,0.0,-0.0009950525542607826,-0.16909787768527995
train,2026-05-06T22:50:01+08:00,btc-updown-5m-1778079000,buy_down,4.0,0.48,0.475,0.6435271796017337,0.5831522789921365,0.5907062664566894,0.15352717960173368,3.9935514347523844,settle,btc,0.03191609967744088,0.45916411752145714,0.22547488516440575,0.036690106868373575,0.0,0.0,-0.0009950525542607826,-0.16909787768527995
train,2026-05-06T23:00:00+08:00,btc-updown-5m-1778079600,buy_up,14.0,0.59,0.585,0.645765183937108,0.5928626145905874,0.6004759299014301,0.04576518393710805,2.5753031585222756,settle,btc,0.264785563193208,0.313830663764799,0.14395539723397385,0.04038392063814725,0.0,0.0,-0.0009950525542607826,-0.16909787768527995
train,2026-05-06T23:05:01+08:00,btc-updown-5m-1778079900,buy_down,5.0,0.53,0.525,0.6756006346585848,0.7252048634540457,0.7336267585012524,0.13560063465858474,3.3192256369557844,settle,btc,0.1370378815316424,0.504906903546006,0.24801793299420002,0.005335075621738046,0.0,0.0,-0.0009950525542607826,-0.16909787768527995
train,2026-05-06T23:10:01+08:00,btc-updown-5m-1778080200,buy_down,5.0,0.55,0.54,0.6868475065160199,0.7766855958144635,0.7854220259202573,0.12684750651601984,3.086013957420108,settle,btc,0.16868423786673975,0.5471939503123873,0.21120944481610196,0.01969089305877519,0.0,0.0,-0.0009950525542607826,-0.16909787768527995
train,2026-05-06T23:15:02+08:00,btc-updown-5m-1778080500,buy_up,4.0,0.6,0.595,0.9190279356357145,2.4104936990401193,2.429212308961663,0.3090279356357145,2.5274454311270693,settle,btc,0.28649664736570424,1.6558700414477459,0.6354806251481672,0.0027393153180420506,0.0,0.0,-0.0009950525542607826,-0.16909787768527995
train,2026-05-06T23:20:00+08:00,btc-updown-5m-1778080800,buy_up,9.0,0.54,0.535,0.7840069461896976,1.2773761010840627,1.289171631365558,0.23400694618969753,3.2613767005505063,settle,btc,0.1581213192435915,0.9021419029513698,0.3886993340804882,-0.0014935249518461871,0.0,0.0,-0.0009950525542607826,-0.16909787768527995
train,2026-05-06T23:30:00+08:00,btc-updown-5m-1778081400,buy_up,18.0,0.55,0.545,0.5901947503475162,0.35858856530441463,0.3647705217662459,0.030194750347516182,3.15701264613289,settle,btc,0.17926418087756993,0.20331020047507115,0.12025991996078166,0.02584719423053254,0.0,0.0,-0.0009950525542607826,-0.16909787768527995
train,2026-05-06T23:35:01+08:00,btc-updown-5m-1778081700,buy_down,8.0,0.56,0.555,0.6833396231745265,0.7605244655599194,0.7691621549948179,0.11333962317452641,3.054409735133571,settle,btc,0.20048393876117018,0.47667811362294055,0.2185759359226597,0.03487940749268979,0.0,0.0,-0.0009950525542607826,-0.16909787768527995
train,2026-05-06T23:40:01+08:00,btc-updown-5m-1778082000,buy_up,5.0,0.5,0.495,0.5701780546208541,0.27689481909997316,0.2825776461580361,0.060178054620854134,3.928212430849202,settle,btc,0.07397322828062054,0.2469952915450339,0.13225928498200518,-0.006240055468145743,0.0,0.0,-0.0009950525542607826,-0.16909787768527995
train,2026-05-06T23:45:01+08:00,btc-updown-5m-1778082300,buy_up,9.0,0.64,0.635,0.901363356493211,2.1950632461158004,2.2124656270906073,0.25136335649321095,2.213565241446163,settle,btc,0.3752784755662062,1.435719830558785,0.5421355847033182,0.012022285527031714,0.0,0.0,-0.0009950525542607826,-0.16909787768527995
train,2026-05-06T23:50:01+08:00,btc-updown-5m-1778082600,buy_up,5.0,0.47,0.465,0.615965623272895,0.46562317178485335,0.4724590842934727,0.13596562327289496,4.502755021840215,settle,btc,0.010832661965491977,0.43793290610753144,0.14388886798684386,0.043061665964526756,0.0,0.0,-0.0009950525542607826,-0.16909787768527995
train,2026-05-06T23:55:01+08:00,btc-updown-5m-1778082900,buy_down,4.0,0.53,0.525,0.5689281220957189,0.2718273903909345,0.27747925666206213,0.02892812209571883,3.571357858251436,settle,btc,0.1370378815316424,0.2346028575061042,0.0907185852336312,-0.020439003640902554,0.0,0.0,-0.0009950525542607826,-0.16909787768527995
train,2026-05-07T00:00:02+08:00,btc-updown-5m-1778083200,buy_up,92.0,0.38,0.375,0.41207101397118656,-0.35721901206284173,-0.3554104700409615,0.022071013971186555,5.9295445403850735,settle,market_prior,-0.18379361355574203,0.07783424224102861,-0.11494956854547166,0.03378285803688407,0.0,0.0,-0.0009950525542607826,-0.16909787768527995
train,2026-05-07T00:10:01+08:00,btc-updown-5m-1778083800,buy_up,23.0,0.56,0.555,0.5919294842091433,0.3657219810474136,0.3719475209867087,0.02192948420914321,-4.285009996378043,settle,market_prior,0.20048393876117018,0.19634554690236483,0.113726901604485,0.025258524018934258,0.0,0.0,-0.0009950525542607826,-0.16909787768527995
train,2026-05-07T00:15:01+08:00,btc-updown-5m-1778084100,buy_up,6.0,0.49,0.485,0.5654645668153861,0.25780395830076724,0.26337014472951825,0.06546456681538616,-4.252024778002773,settle,btc,0.052957295858109765,0.273641953061404,0.09860973300026844,0.0026879066205257205,0.0,0.0,-0.0009950525542607826,-0.16909787768527995
train,2026-05-07T00:20:01+08:00,btc-updown-5m-1778084400,buy_down,15.0,0.45,0.445,0.7670998961162736,1.1808019276085826,1.1920074126067386,0.3070998961162736,4.949356841595228,settle,btc,-0.031529957552086714,0.9583561082694725,0.39166428026913447,0.03240442686160285,0.0,0.0,-0.0009950525542607826,-0.16909787768527995
train,2026-05-07T00:30:00+08:00,btc-updown-5m-1778085000,buy_down,5.0,0.47,0.455,0.510715323225412,0.038640705422906485,0.04286785638298028,0.030715323225412046,-4.262765211654784,settle,btc,-0.010310199668486515,0.15822703784285785,0.06666454683932142,-0.005847749351245544,0.0,0.0,-0.0009950525542607826,-0.16909787768527995
train,2026-05-07T00:35:02+08:00,btc-updown-5m-1778085300,buy_up,87.0,0.31,0.305,0.34650291870534705,-0.6345608738591975,-0.6344468248009769,0.026502918705347052,8.702052974288616,settle,market_prior,-0.3480535595599974,-0.05000809358778722,-0.11585787150973702,0.04945158103786496,0.0,0.0,-0.0009950525542607826,-0.16909787768527995
train,2026-05-07T00:40:02+08:00,btc-updown-5m-1778085600,buy_up,10.0,0.43,0.425,0.525380454782924,0.09702528338178511,0.1016091502588026,0.08538045478292396,5.493665742313463,settle,btc,-0.07427203910466089,0.29968580922543325,0.05852744938085,-0.01682300588029656,0.0,0.0,-0.0009950525542607826,-0.16909787768527995
train,2026-05-07T00:45:00+08:00,btc-updown-5m-1778085900,buy_down,5.0,0.51,0.505,0.5439603453031302,0.17125916347862952,0.176296581747689,0.02396034530313019,-4.357077082012982,settle,btc,0.0949807529284627,0.15274877585915364,0.07835306359029058,0.015269501340263395,0.0,0.0,-0.0009950525542607826,-0.16909787768527995
train,2026-05-07T00:50:02+08:00,btc-updown-5m-1778086200,buy_up,5.0,0.46,0.455,0.6646102687907074,0.6757876071768182,0.6839075745146529,0.19461026879070736,-4.321666723119028,settle,btc,-0.010310199668486515,0.5822247751356537,0.23103806365087437,0.0429278982983176,0.0,0.0,-0.0009950525542607826,-0.16909787768527995
train,2026-05-07T00:55:01+08:00,btc-updown-5m-1778086500,buy_up,15.0,0.39,0.385,0.49848911473199187,-0.009973688018964085,-0.006043559466853785,0.09848911473199186,-4.29384584623261,settle,btc,-0.16150185936908718,0.2624374956393976,0.05567452884092036,0.003509077109345891,0.0,0.0,-0.0009950525542607826,-0.16909787768527995
train,2026-05-07T01:00:02+08:00,btc-updown-5m-1778086800,buy_down,5.0,0.54,0.535,0.7309918735097966,0.9896233244931382,0.9996607535920398,0.1809918735097965,-4.2202938571999224,settle,btc,0.1581213192435915,0.6813829767658611,0.31654902964431625,0.003662929078910017,0.0,0.0,-0.0009950525542607826,-0.16909787768527995
train,2026-05-07T01:05:01+08:00,btc-updown-5m-1778087100,buy_down,21.0,0.45,0.445,0.49466773592037433,-0.025167164986750885,-0.02132986497357332,0.03466773592037432,-4.192499598665636,settle,btc,-0.031529957552086714,0.21227706395705598,-0.02845158408130194,-0.0073697570708774265,0.0,0.0,-0.0009950525542607826,-0.16909787768527995
train,2026-05-07T01:10:00+08:00,btc-updown-5m-1778087400,buy_up,6.0,0.48,0.475,0.5143683272139649,0.053173196065977216,0.05748913709538867,0.024368327213964876,4.313147888746801,settle,btc,0.03191609967744088,0.22239166448271597,-0.022112357908035694,-0.008929279946603171,0.0,0.0,-0.0009950525542607826,-0.16909787768527995
train,2026-05-07T01:20:01+08:00,btc-updown-5m-1778088000,buy_up,10.0,0.54,0.535,0.6348203074607098,0.5456277164124342,0.5529524377040269,0.0848203074607098,3.4188039882860672,settle,btc,0.1581213192435915,0.38367773359276425,0.1748784727269009,-0.0009568789112816586,0.0,0.0,-0.0009950525542607826,-0.16909787768527995
train,2026-05-07T01:30:01+08:00,btc-updown-5m-1778088600,buy_up,10.0,0.62,0.615,0.7075968452175961,0.8744074990171146,0.8837409867625298,0.07759684521759615,2.4687073315414074,settle,btc,0.33045584057817046,0.446638016922362,0.23453580939298163,0.03287076236314141,0.0,0.0,-0.0009950525542607826,-0.16909787768527995
train,2026-05-07T01:35:01+08:00,btc-updown-5m-1778088900,buy_up,5.0,0.52,0.515,0.5948519415651946,0.3777608655261354,0.384059960192825,0.0648519415651946,3.7613014473010216,settle,btc,0.11599668535097349,0.2820853975065324,0.10605134498718741,0.04372036792098282,0.0,0.0,-0.0009950525542607826,-0.16909787768527995
train,2026-05-07T01:45:00+08:00,btc-updown-5m-1778089500,buy_down,11.0,0.48,0.475,0.6776006070232927,0.7342895112867248,0.7427669113764451,0.18760060702329273,4.461493720715477,settle,btc,0.03191609967744088,0.5963948851056247,0.2615708956234326,0.014500561119767455,0.0,0.0,-0.0009950525542607826,-0.16909787768527995
train,2026-05-07T01:50:02+08:00,btc-updown-5m-1778089800,buy_up,224.0,0.1,0.095,0.17149704960449846,-1.569456394278484,-1.5750543350037267,0.061497049604498456,13.21902535530966,settle,market_prior,-1.0992880503716842,-0.18931323680209813,-0.14782915062203195,0.032797583506896294,0.0,0.0,0.003274337695713971,-0.16909787768527995
train,2026-05-07T01:55:02+08:00,btc-updown-5m-1778090100,buy_up,5.0,0.53,0.525,0.6299123182380639,0.524644160258372,0.5318406770011623,0.0899123182380639,-4.4584214648347205,settle,btc,0.1370378815316424,0.40417059982121983,0.1527741819895051,0.0007544271555455322,0.0,0.0,-0.0009950525542607826,-0.16909787768527995
train,2026-05-07T02:00:01+08:00,btc-updown-5m-1778090400,buy_up,5.0,0.58,0.575,0.6676127491995245,0.6892056331232298,0.6974075814155628,0.07761274919952456,-4.405951025756237,settle,btc,0.24322602031374418,0.3924031997138959,0.19435450149722266,0.02931484183790785,0.0,0.0,-0.0009950525542607826,-0.16909787768527995
train,2026-05-07T02:15:01+08:00,btc-updown-5m-1778091300,buy_up,5.0,0.54,0.535,0.6971488399150974,0.8247275128030274,0.8337574676215009,0.1471488399150973,3.572678649557423,settle,btc,0.1581213192435915,0.5841709443459824,0.2387652813737645,0.013762898079229846,0.0,0.0,-0.0009950525542607826,-0.16909787768527995
train,2026-05-07T02:20:01+08:00,btc-updown-5m-1778091600,buy_up,26.0,0.48,0.475,0.532722247434077,0.12631352538674218,0.13107633647244823,0.04272224743407705,-4.4130024402554096,settle,btc,0.03191609967744088,0.23701460095734972,0.0205513068181509,0.006924448173341435,0.0,0.0,-0.0009950525542607826,-0.16909787768527995
train,2026-05-07T02:25:02+08:00,btc-updown-5m-1778091900,buy_up,4.0,0.43,0.425,0.5539208794925544,0.21124380825963524,0.21652552322013902,0.11392087949255443,5.572405207615536,settle,btc,-0.07427203910466089,0.345954715359725,0.11665092531959902,-0.00699686307548718,0.0,0.0,-0.0009950525542607826,-0.16909787768527995
train,2026-05-07T02:30:01+08:00,btc-updown-5m-1778092200,buy_up,77.0,0.7,0.695,0.7401290501398533,1.0363166875047893,1.0466394019715772,0.03012905013985335,-4.396457124975771,settle,market_prior,0.5170075407690806,0.4182555985506944,0.23531475247550046,0.035831725949054614,0.0,0.0,-0.0009950525542607826,-0.16909787768527995
train,2026-05-07T02:35:02+08:00,btc-updown-5m-1778092500,buy_down,5.0,0.41,0.405,0.5660099699459483,0.2600104635305728,0.26559013118268465,0.14600996994594834,6.069587709720073,settle,btc,-0.11754266615662104,0.42980738012138686,0.1251615116510162,-0.007322831845668513,0.0,0.0,-0.0009950525542607826,-0.16909787768527995
train,2026-05-07T02:45:01+08:00,btc-updown-5m-1778093100,buy_up,16.0,0.55,0.545,0.5823105500955857,0.32628111743645416,0.33226568305821724,0.022310550095585698,-4.430380435839809,settle,btc,0.17926418087756993,0.24574656820734214,0.07325948622796784,-0.0018961876368850587,0.0,0.0,-0.0009950525542607826,-0.16909787768527995
train,2026-05-07T03:05:01+08:00,btc-updown-5m-1778094300,buy_up,5.0,0.47,0.435,0.5353434220043668,0.13678308286471047,0.14160986046223029,0.05534342200436682,-4.3986001992787696,settle,btc,-0.052844462835857135,0.33558254709690827,0.06057021325139507,-0.03643228440819498,0.0,0.0,-0.0009950525542607826,-0.16909787768527995
train,2026-05-07T03:10:02+08:00,btc-updown-5m-1778094600,buy_down,5.0,0.58,0.575,0.7489429675577078,1.082378560050858,1.092982701628637,0.15894296755770787,3.0134835244570346,settle,btc,0.24322602031374418,0.6509494234311388,0.32815642529270295,0.030139621252812505,0.0,0.0,-0.0009950525542607826,-0.16909787768527995
train,2026-05-07T03:25:02+08:00,btc-updown-5m-1778095500,buy_down,10.0,0.58,0.575,0.632595531539476,0.536101394386284,0.5433679121108482,0.042595531539476046,-4.3671306926613065,settle,btc,0.24322602031374418,0.2731951988758785,0.17021146440518206,0.01956164103102013,0.0,0.0,-0.0009950525542607826,-0.16909787768527995
train,2026-05-07T03:35:01+08:00,btc-updown-5m-1778096100,buy_up,10.0,0.51,0.505,0.590199436143626,0.35860782129759816,0.36478989540897844,0.07019943614362602,3.9994731496021623,settle,btc,0.0949807529284627,0.26845771025976534,0.1570373117506252,0.008224976598285635,0.0,0.0,-0.0009950525542607826,-0.16909787768527995
train,2026-05-07T03:40:01+08:00,btc-updown-5m-1778096400,buy_down,6.0,0.67,0.66,0.7380730642042971,1.0257192621139049,1.0359772288262734,0.05807306420429704,2.048685350661884,settle,btc,0.4328196190122927,0.502023022544645,0.27330410882314304,-0.012334558026635224,0.0,0.0,-0.0009950525542607826,-0.16909787768527995
train,2026-05-07T03:45:01+08:00,btc-updown-5m-1778096700,buy_down,5.0,0.52,0.515,0.5803187072352576,0.3181469833914547,0.3240818513843945,0.05031870723525756,3.8955062481419636,settle,btc,0.11599668535097349,0.2722073709296055,0.0964517442645654,0.0035841130858509564,0.0,0.0,-0.0009950525542607826,-0.16909787768527995
train,2026-05-07T03:55:01+08:00,btc-updown-5m-1778097300,buy_up,10.0,0.48,0.475,0.5232185560748408,0.088409840401538,0.09294106896635018,0.03321855607484082,-4.439478470372532,settle,btc,0.03191609967744088,0.16316267422942995,0.025902974172490136,0.037521022561717764,0.0,0.0,-0.0009950525542607826,-0.16909787768527995
train,2026-05-07T04:00:02+08:00,btc-updown-5m-1778097600,buy_up,10.0,0.63,0.625,0.7643828286464135,1.1657469132227836,1.1768604156555262,0.12438282864641349,2.459704048132933,settle,btc,0.35274759476482526,0.6966759739429123,0.3020805323945508,-0.015664257639964034,0.0,0.0,-0.0009950525542607826,-0.16909787768527995
train,2026-05-07T04:05:01+08:00,btc-updown-5m-1778097900,buy_down,10.0,0.67,0.665,0.7581755150423674,1.1317966404522868,1.1427027147746414,0.07817551504236732,2.0676198804604,settle,btc,0.44456363722650116,0.6167124283232785,0.2363797754277596,0.004233729714287804,0.0,0.0,-0.0009950525542607826,-0.16909787768527995
train,2026-05-07T04:10:01+08:00,btc-updown-5m-1778098200,buy_up,5.0,0.47,0.465,0.5044776795240998,0.013835599275767958,0.017911196923417465,0.024477679524099856,4.812495251552457,settle,btc,0.010832661965491977,0.13413906566106182,0.036956812403867785,0.0019999894848871194,0.0,0.0,-0.0009950525542607826,-0.16909787768527995
train,2026-05-07T04:15:02+08:00,btc-updown-5m-1778098500,buy_up,5.0,0.47,0.465,0.5746457402336059,0.29503769714400885,0.3008313728817014,0.09464574023360596,4.865739879867506,settle,btc,0.010832661965491977,0.3219346332924186,0.11681842731627688,0.015544904809362083,0.0,0.0,-0.0009950525542607826,-0.16909787768527995
train,2026-05-07T04:20:02+08:00,btc-updown-5m-1778098800,buy_down,5.0,0.55,0.545,0.6861051386330785,0.7732573018258005,0.7819727858688417,0.12610513863307848,3.5572301398662125,settle,btc,0.17926418087756993,0.5168520597031834,0.21280157581172263,0.034432415672865285,0.0,0.0,-0.0009950525542607826,-0.16909787768527995
train,2026-05-07T04:25:01+08:00,btc-updown-5m-1778099100,buy_up,5.0,0.52,0.515,0.6513126317281055,0.6170529198441884,0.6248140321798852,0.12131263172810548,-4.5683043988512635,settle,btc,0.11599668535097349,0.45722031900569227,0.187313288507991,0.02661555721907259,0.0,0.0,-0.0009950525542607826,-0.16909787768527995
train,2026-05-07T04:30:02+08:00,btc-updown-5m-1778099400,buy_down,5.0,0.58,0.575,0.8480999400643726,1.7053652361854446,1.7197756785226055,0.25809994006437265,3.1360949003786134,settle,btc,0.24322602031374418,1.1453288190409014,0.4828073834952409,0.004095943575098431,0.0,0.0,-0.0009950525542607826,-0.16909787768527995
train,2026-05-07T04:35:01+08:00,btc-updown-5m-1778099700,buy_up,11.0,0.51,0.505,0.5471624945410973,0.18409661767771968,0.18921246974566827,0.027162494541097322,4.20497682940866,settle,btc,0.0949807529284627,0.17740756029332283,0.06360653904068936,0.018194695654785556,0.0,0.0,-0.0009950525542607826,-0.16909787768527995
train,2026-05-07T04:40:02+08:00,btc-updown-5m-1778100000,buy_down,5.0,0.47,0.465,0.5843915709505015,0.3347911557519723,0.34082771568845127,0.10439157095050157,4.9896076122578945,settle,btc,0.010832661965491977,0.3434844784838419,0.1291934672244614,0.02137347831771774,0.0,0.0,-0.0009950525542607826,-0.16909787768527995
train,2026-05-07T04:50:02+08:00,btc-updown-5m-1778100600,buy_down,5.0,0.48,0.475,0.5235048214393236,0.08955043833145812,0.09408863567896361,0.03350482143932366,-4.6547281782813545,settle,btc,0.03191609967744088,0.13977347522071643,0.08806145324253456,-0.00010765956969301406,0.0,0.0,-0.0009950525542607826,-0.16909787768527995
train,2026-05-07T04:55:01+08:00,btc-updown-5m-1778100900,buy_up,5.0,0.51,0.505,0.6062386683327105,0.42494142541187635,0.4315287821037434,0.08623866833271045,4.247704888358169,settle,btc,0.0949807529284627,0.34181252533846007,0.14574040548129386,0.012500671903200393,0.0,0.0,-0.0009950525542607826,-0.16909787768527995
train,2026-05-07T05:00:02+08:00,btc-updown-5m-1778101200,buy_down,92.0,0.57,0.565,0.6009815010600633,0.40310244899402004,0.40955637472226014,0.020981501060063364,-4.635587413689823,settle,market_prior,0.2217984440449403,0.21303887416284334,0.1237033439029442,0.014654717122832853,0.0,0.0,-0.0009950525542607826,-0.16909787768527995
train,2026-05-07T05:15:01+08:00,btc-updown-5m-1778102100,buy_up,4.0,0.51,0.505,0.6208243881239387,0.4860878525988557,0.4930487994510763,0.1008243881239387,4.244054229296223,settle,btc,0.0949807529284627,0.3835179608073238,0.16793631904994233,0.009745750052667554,0.0,0.0,-0.0009950525542607826,-0.16909787768527995
train,2026-05-07T05:25:02+08:00,btc-updown-5m-1778102700,buy_up,4.0,0.51,0.505,0.5427253400423646,0.16631196363500939,0.17131915568697156,0.0227253400423646,4.283998269101364,settle,btc,0.0949807529284627,0.13964032701951518,0.10010674296789149,0.001677070958680751,0.0,0.0,-0.0009950525542607826,-0.16909787768527995
train,2026-05-07T05:30:02+08:00,btc-updown-5m-1778103000,buy_up,4.0,0.51,0.505,0.5846200068575111,0.3357260558849985,0.34176832783944283,0.06462000685751114,4.324318252810554,settle,btc,0.0949807529284627,0.28064625500756135,0.11964165384994263,0.010550324338572566,0.0,0.0,-0.0009950525542607826,-0.16909787768527995
train,2026-05-07T05:35:02+08:00,btc-updown-5m-1778103300,buy_up,9.0,0.48,0.475,0.6181620425637621,0.4748619452443644,0.481754304466504,0.12816204256376207,4.927695784023026,settle,btc,0.03191609967744088,0.4335335409758385,0.15408844590060347,0.025416788930022305,0.0,0.0,-0.0009950525542607826,-0.16909787768527995
train,2026-05-07T05:40:00+08:00,btc-updown-5m-1778103600,buy_down,4.0,0.59,0.585,0.6557053041031332,0.6363345730416187,0.6442134917029063,0.05570530410313324,3.1777005315115585,settle,btc,0.264785563193208,0.33850481717821723,0.1751954352343701,0.02794168767536408,0.0,0.0,-0.0009950525542607826,-0.16909787768527995
train,2026-05-07T05:45:01+08:00,btc-updown-5m-1778103900,buy_down,5.0,0.58,0.575,0.6337077653573921,0.5408608433093256,0.5481564401374148,0.04370776535739219,3.3357637389841597,settle,btc,0.24322602031374418,0.28877430425081263,0.17689148613509809,0.002061962849211497,0.0,0.0,-0.0009950525542607826,-0.16909787768527995
train,2026-05-07T05:50:00+08:00,btc-updown-5m-1778104200,buy_up,38.0,0.57,0.565,0.601270739935829,0.4043014239718555,0.41076267515269904,0.02127073993582907,3.501652682820163,settle,market_prior,0.2217984440449403,0.2043903646699912,0.11134998054099711,0.03685556495546759,0.0,0.0,-0.0009950525542607826,-0.16909787768527995
train,2026-05-07T05:55:01+08:00,btc-updown-5m-1778104500,buy_down,5.0,0.53,0.525,0.5839102205669957,0.33282165940222874,0.338846186183363,0.04391022056699568,4.154979903048765,settle,btc,0.1370378815316424,0.2132703643652575,0.12106058603954549,0.03154575770532403,0.0,0.0,-0.0009950525542607826,-0.16909787768527995
train,2026-05-07T06:00:02+08:00,btc-updown-5m-1778104800,buy_down,4.0,0.51,0.505,0.656066324484762,0.6379244209266892,0.6458130531812912,0.13606632448476197,4.544761649452418,settle,btc,0.0949807529284627,0.43606610308823046,0.23139561412093118,0.04557488102860564,0.0,0.0,-0.0009950525542607826,-0.16909787768527995
train,2026-05-07T06:05:00+08:00,btc-updown-5m-1778105100,buy_down,4.0,0.29,0.285,0.32306680446507213,-0.7391882645643805,-0.7397134640357821,0.02306680446507215,9.556030971034422,settle,market_prior,-0.39857145011641004,-0.025784616674823378,-0.13581090607412372,-0.008928361459482578,0.0,0.0,-0.0009950525542607826,-0.16909787768527995
train,2026-05-07T06:10:01+08:00,btc-updown-5m-1778105400,buy_up,4.0,0.45,0.445,0.5021036276622332,0.0043966324974143815,0.008414560297870455,0.04210362766223314,-5.080257560498021,settle,btc,-0.031529957552086714,0.22351162855953283,-0.00851515153840934,-0.008976956732081676,0.0,0.0,-0.0009950525542607826,-0.16909787768527995
train,2026-05-07T06:15:02+08:00,btc-updown-5m-1778105700,buy_down,13.0,0.57,0.565,0.6019587468184958,0.4071545816610563,0.41363326495833996,0.021958746818495863,3.6245370760001676,settle,market_prior,0.2217984440449403,0.21105561765840336,0.1067763534930966,0.03761709670415675,0.0,0.0,-0.0009950525542607826,-0.16909787768527995
train,2026-05-07T06:20:01+08:00,btc-updown-5m-1778106000,buy_down,4.0,0.48,0.475,0.516594164174079,0.06203098333172895,0.066401043339423,0.02659416417407901,5.264963722272029,settle,btc,0.03191609967744088,0.13378672960774615,0.07352630284901117,-0.007105218562928534,0.0,0.0,-0.0009950525542607826,-0.16909787768527995
train,2026-05-07T06:25:01+08:00,btc-updown-5m-1778106300,buy_down,5.0,0.55,0.545,0.6161187108272382,0.46626645253342747,0.47310629533477316,0.05611871082723819,4.006327688900644,settle,btc,0.17926418087756993,0.25441004200191686,0.18322083967003214,0.019464320223449433,0.0,0.0,-0.0009950525542607826,-0.16909787768527995
train,2026-05-07T06:30:02+08:00,btc-updown-5m-1778106600,buy_up,4.0,0.56,0.555,0.7372822417343027,1.0216573364205317,1.0318904857307896,0.16728224173430262,3.876122039011373,settle,btc,0.20048393876117018,0.7069216310339725,0.2850346254587857,-0.0006899285938562144,0.0,0.0,-0.0009950525542607826,-0.16909787768527995
train,2026-05-07T06:35:01+08:00,btc-updown-5m-1778106900,buy_down,4.0,0.51,0.5,0.5631112960491657,0.24829074892589637,0.2537988119028067,0.043111296049165644,-5.186473992883454,settle,btc,0.08447699060454164,0.24534988229146287,0.0807172024963066,0.007839603773125987,0.0,0.0,-0.0009950525542607826,-0.16909787768527995
train,2026-05-07T06:40:00+08:00,btc-updown-5m-1778107200,buy_down,177.0,0.51,0.505,0.5414741107750869,0.16130191808132033,0.16627849994380964,0.02147411077508688,-5.1335922972697405,settle,btc,0.0949807529284627,0.13480903177198783,0.05670821829227978,0.04489684532813078,0.0,0.0,-0.0009950525542607826,-0.16909787768527995
train,2026-05-07T06:45:02+08:00,btc-updown-5m-1778107500,buy_down,5.0,0.49,0.485,0.567522484729137,0.2661329573944941,0.2717500320312756,0.06752248472913704,5.085238209697341,settle,btc,0.052957295858109765,0.27398267858437214,0.11457391042973233,-0.005287997238179429,0.0,0.0,-0.0009950525542607826,-0.16909787768527995
train,2026-05-07T06:50:01+08:00,btc-updown-5m-1778107800,buy_up,5.0,0.58,0.575,0.6439606538975325,0.5850309148172544,0.5925963803009074,0.05396065389753258,3.5587899815795705,settle,btc,0.24322602031374418,0.3463688333303799,0.18445565872827047,-0.01892666731559929,0.0,0.0,-0.0009950525542607826,-0.16909787768527995
train,2026-05-07T06:55:01+08:00,btc-updown-5m-1778108100,buy_up,185.0,0.13,0.125,0.17760550295060976,-1.527314921858486,-1.5326553881872151,0.03760550295060975,-5.459971706448178,settle,market_prior,-0.9374578283266224,-0.22175666832131333,-0.16733049284311285,-0.0306770021278969,0.0,0.0,-0.0009950525542607826,-0.16909787768527995
train,2026-05-07T07:00:01+08:00,btc-updown-5m-1778108400,buy_down,8.0,0.72,0.715,0.8470548857600152,1.6973250474738442,1.711686366165876,0.11705488576001523,1.8807652538818809,settle,btc,0.5675254313254933,0.9086025753783538,0.3936252929040394,-0.002335321894501772,0.0,0.0,-0.0009950525542607826,-0.16909787768527995
train,2026-05-07T07:10:01+08:00,btc-updown-5m-1778109000,buy_up,5.0,0.48,0.475,0.7358619519129121,1.0143819614076262,1.0245706599029674,0.24586195191291216,5.3488180168211565,settle,btc,0.03191609967744088,0.82109501074979,0.3476421546424126,-0.016178373422476855,0.0,0.0,-0.0009950525542607826,-0.16909787768527995
train,2026-05-07T07:15:01+08:00,btc-updown-5m-1778109300,buy_down,216.0,0.19,0.185,0.23970275203084151,-1.1512669476019721,-1.1543098500424052,0.03970275203084151,-5.355441940061802,settle,market_prior,-0.6942629458947523,-0.08366208225081219,-0.16752718568139757,-0.03572180353546927,0.0,0.0,-0.0009950525542607826,-0.16909787768527995
train,2026-05-07T07:20:02+08:00,btc-updown-5m-1778109600,buy_up,4.0,0.51,0.505,0.6206837850739076,0.485494232105779,0.49245155207765035,0.10068378507390764,4.737990986972323,settle,btc,0.0949807529284627,0.3795402132269007,0.16607364399902597,0.014992552190930538,0.0,0.0,-0.0009950525542607826,-0.16909787768527995
train,2026-05-07T07:25:01+08:00,btc-updown-5m-1778109900,buy_up,4.0,0.52,0.515,0.554057908770426,0.21179502369736142,0.21708010645338888,0.024057908770426024,4.592890012996296,settle,btc,0.11599668535097349,0.167664569224515,0.08650361072445095,0.011723088636962706,0.0,0.0,-0.0009950525542607826,-0.16909787768527995
train,2026-05-07T07:30:01+08:00,btc-updown-5m-1778110200,buy_down,4.0,0.54,0.535,0.6402989830474615,0.5691933486453562,0.5766620503578787,0.09029898304746144,-5.222376534281072,settle,btc,0.1581213192435915,0.43252446855985505,0.17015108696647913,-0.021510595885028627,0.0,0.0,-0.0009950525542607826,-0.16909787768527995
train,2026-05-07T07:35:01+08:00,btc-updown-5m-1778110500,buy_down,5.0,0.75,0.745,0.7895731236240675,1.3103572004691424,1.3223542374416208,0.029573123624067506,1.6240641498607902,settle,market_prior,0.6475232579733092,0.5972069534402391,0.21005468336955282,0.025665235925581557,0.0,0.0,-0.0009950525542607826,-0.16909787768527995
train,2026-05-07T07:40:01+08:00,btc-updown-5m-1778110800,buy_up,4.0,0.46,0.455,0.5193618256931244,0.0730486734492142,0.07748604892908018,0.04936182569312437,5.866225626524339,settle,btc,-0.010310199668486515,0.20523531425272856,0.044293639371972615,0.003922849732540267,0.0,0.0,-0.0009950525542607826,-0.16909787768527995
train,2026-05-07T07:45:01+08:00,btc-updown-5m-1778111100,buy_up,47.0,0.54,0.535,0.5729318904924519,0.28807221901825886,0.29382333733747823,0.02293189049245182,4.291752805065682,settle,btc,0.1581213192435915,0.18766690380699574,0.07912872435241523,0.03324820185479701,0.0,0.0,-0.0009950525542607826,-0.16909787768527995
train,2026-05-07T07:50:00+08:00,btc-updown-5m-1778111400,buy_up,4.0,0.4,0.395,0.5218927434110975,0.08312804285272965,0.08762700088786426,0.11189274341109746,7.659705818840978,settle,btc,-0.13942566138463808,0.337700026108403,0.047364164309037685,0.007582444059467751,0.0,0.0,-0.0009950525542607826,-0.16909787768527995
train,2026-05-07T07:55:00+08:00,btc-updown-5m-1778111700,buy_up,231.0,0.41,0.405,0.4424840923127206,-0.23365004177738224,-0.23108652266939184,0.022484092312720645,7.102097392079111,settle,market_prior,-0.11754266615662104,0.08512836615371878,-0.058817719076384785,0.027674907541445505,0.0,0.0,-0.0009950525542607826,-0.16909787768527995
train,2026-05-07T08:00:00+08:00,btc-updown-5m-1778112000,buy_up,37.0,0.5,0.495,0.5330272768029303,0.12753149884092974,0.13230175145542153,0.02302727680293027,-5.447451704763451,settle,btc,0.07397322828062054,0.15645577890002896,0.07722441825977616,-0.010028996359955132,0.0,0.0,-0.0009950525542607826,-0.16909787768527995
train,2026-05-07T08:05:01+08:00,btc-updown-5m-1778112300,buy_up,4.0,0.55,0.545,0.6064009048773771,0.4256169761938623,0.43220846034070226,0.04640090487737703,-5.382276489358152,settle,btc,0.17926418087756993,0.23710066235841964,0.1516566933500245,0.027688369847388795,0.0,0.0,-0.0009950525542607826,-0.16909787768527995
train,2026-05-08T08:00:02+08:00,btc-updown-5m-1778198400,buy_down,5.0,0.35,0.345,0.4322610657751717,-0.2749431933282969,-0.27263196557761243,0.07226106577517173,-5.381837119848819,settle,market_prior,-0.25220506532001336,0.09623029252885841,0.0781859519723661,-0.027061442269967307,0.0,0.0,-0.0009950525542607826,-0.16909787768527995
train,2026-05-08T08:05:01+08:00,btc-updown-5m-1778198700,buy_up,9.0,0.56,0.555,0.5902564917737687,0.35884229332801126,0.3650258000078583,0.020256491773768655,3.9763660847009965,settle,btc,0.20048393876117018,0.26816328097505127,0.04768048057557019,0.012607523255760365,0.0,0.0,-0.0009950525542607826,-0.16909787768527995
train,2026-05-08T08:10:01+08:00,btc-updown-5m-1778199000,buy_up,5.0,0.56,0.555,0.6058568985977959,0.423352125922146,0.42992977237126406,0.035856898597795846,4.006898895708523,settle,btc,0.20048393876117018,0.32442051790401194,0.07138425547154491,-0.0028436559750403493,0.0,0.0,-0.0009950525542607826,-0.16909787768527995
train,2026-05-08T08:15:01+08:00,btc-updown-5m-1778199300,buy_down,4.0,0.45,0.445,0.5853095134687346,0.338548845257158,0.3446083637848317,0.1253095134687346,6.310027107483685,settle,btc,-0.031529957552086714,0.3817345939863353,0.1693069197430846,-0.010869780680634484,0.0,0.0,-0.0009950525542607826,-0.16909787768527995
train,2026-05-08T08:30:01+08:00,btc-updown-5m-1778200200,buy_up,69.0,0.33,0.325,0.3608617013861241,-0.5721216125654031,-0.5716260744372197,0.020861701386124094,-4.26786230435963,settle,market_prior,-0.2993636477025956,-0.07833938192495857,-0.0676699867783069,0.04334433407999865,0.0,0.0,-0.0009950525542607826,-0.16909787768527995
train,2026-05-08T08:35:01+08:00,btc-updown-5m-1778200500,buy_up,4.0,0.39,0.385,0.4237615344520161,-0.3094510921155876,-0.3073506994379318,0.02376153445201607,-5.272461333177191,settle,market_prior,-0.16150185936908718,-0.016359138635973866,0.03752308613475396,0.000979749994260232,0.0,0.0,-0.0009950525542607826,-0.16909787768527995
train,2026-05-08T08:40:00+08:00,btc-updown-5m-1778200800,buy_up,4.0,0.4,0.395,0.4805046268971543,-0.08151408008686646,-0.07802104635409335,0.07050462689715427,-5.356704281542603,settle,btc,-0.13942566138463808,0.16203697552938828,0.07375554604191305,-0.0077880100339889685,0.0,0.0,-0.0009950525542607826,-0.16909787768527995
train,2026-05-08T08:45:01+08:00,btc-updown-5m-1778201100,buy_down,4.0,0.65,0.645,0.6865384853770815,0.7752579840089563,0.783985691745384,0.026538485377081485,2.7056080169655665,settle,btc,0.39807344390496124,0.42625350284258,0.1007403412039568,0.020283626296999084,0.0,0.0,-0.0009950525542607826,-0.16909787768527995
train,2026-05-08T08:50:02+08:00,btc-updown-5m-1778201400,buy_down,9.0,0.7,0.695,0.7586919955762628,1.1345985545884112,1.1455217479412563,0.04869199557626281,2.1540959693392336,settle,btc,0.5170075407690806,0.5684065089118834,0.19254260417026484,0.02673483097672279,0.0,0.0,-0.0009950525542607826,-0.16909787768527995
train,2026-05-08T08:55:02+08:00,btc-updown-5m-1778201700,buy_down,5.0,0.56,0.555,0.6649964192246456,0.6775099449542165,0.6856404353671685,0.09499641922464554,-5.314316578840343,settle,btc,0.20048393876117018,0.46217051491193034,0.19429823211628,-0.009349810595623448,0.0,0.0,-0.0009950525542607826,-0.16909787768527995
train,2026-05-08T09:00:02+08:00,btc-updown-5m-1778202000,buy_down,185.0,0.11,0.105,0.14308876194363865,-1.7829667514382792,-1.7898691897807673,0.023088761943638646,-3.6564248679495592,settle,market_prior,-1.0408918704162669,-0.49006892175786965,-0.11176057896389784,0.02984754993929577,0.0,0.0,-0.0009950525542607826,-0.16909787768527995
train,2026-05-08T09:05:00+08:00,btc-updown-5m-1778202300,buy_down,8.0,0.5,0.495,0.602550214655552,0.40960872823100625,0.41610240578147495,0.09255021465555203,5.028748029378616,settle,btc,0.07397322828062054,0.3463657984061852,0.17547217238978385,-0.016109540606042534,0.0,0.0,-0.0009950525542607826,-0.16909787768527995
train,2026-05-08T09:10:02+08:00,btc-updown-5m-1778202600,buy_up,110.0,0.19,0.185,0.2259109875367982,-1.2280338787542178,-1.2315458089275602,0.025910987536798193,-4.3619884971878795,settle,market_prior,-0.6942629458947523,-0.2714077599094391,-0.14831205769023106,0.056041814979745544,0.0,0.0,-0.0009950525542607826,-0.16909787768527995
train,2026-05-08T09:15:01+08:00,btc-updown-5m-1778202900,buy_down,4.0,0.55,0.545,0.7607815203538653,1.1459762377453226,1.156968946042386,0.2007815203538652,4.110434508403334,settle,btc,0.17926418087756993,0.8345510597367402,0.2725562639674614,0.02969766340309138,0.0,0.0,-0.0009950525542607826,-0.16909787768527995
train,2026-05-08T09:20:00+08:00,btc-updown-5m-1778203200,buy_up,42.0,0.24,0.235,0.3082504461300658,-0.8073696130627018,-0.8083113843943157,0.05825044613006581,-5.3949452922793775,settle,market_prior,-0.5353767959212048,0.05248980716450115,-0.18238586549123698,0.027996171424779472,0.0,0.0,-0.0009950525542607826,-0.16909787768527995
train,2026-05-09T08:00:00+08:00,btc-updown-5m-1778284800,buy_down,11.0,0.4,0.395,0.49264332559438445,-0.03321693915781497,-0.02942882135464915,0.08264332559438443,7.559667090806475,settle,btc,-0.13942566138463808,0.14612598520769549,0.12749869922028434,0.002676968038384004,0.0,0.0,-0.0009950525542607826,-0.16909787768527995
train,2026-05-09T08:05:02+08:00,btc-updown-5m-1778285100,buy_up,171.0,0.22,0.215,0.28226854642465504,-0.9315361693871128,-0.9332365689137305,0.05226854642465504,-5.43719445759954,settle,market_prior,-0.5956429435082472,-0.004376947419077163,-0.15511745143088915,-0.006305896789358515,0.0,0.0,-0.0009950525542607826,-0.16909787768527995
train,2026-05-09T08:10:02+08:00,btc-updown-5m-1778285400,buy_up,10.0,0.47,0.465,0.5482807663944517,0.18858341559937408,0.193726680937928,0.0682807663944517,5.693914536337634,settle,btc,0.010832661965491977,0.297501716454159,0.05041549715514892,-7.352973588506941e-05,0.0,0.0,-0.0009950525542607826,-0.16909787768527995
train,2026-05-09T08:15:01+08:00,btc-updown-5m-1778285700,buy_down,6.0,0.49,0.485,0.607398839813161,0.42977451979601966,0.43639140554770334,0.10739883981316102,5.309552958531484,settle,btc,0.052957295858109765,0.3812037138406551,0.16362234663709613,0.002084093699699349,0.0,0.0,-0.0009950525542607826,-0.16909787768527995
train,2026-05-09T08:20:02+08:00,btc-updown-5m-1778286000,buy_up,5.0,0.63,0.625,0.6822030032496966,0.7553086463256699,0.7639144683427365,0.04220300324969662,3.0036899593978106,settle,btc,0.35274759476482526,0.4370556292762846,0.13658935384171503,-0.000991001317614311,0.0,0.0,-0.0009950525542607826,-0.16909787768527995
train,2026-05-09T08:25:02+08:00,btc-updown-5m-1778286300,buy_up,128.0,0.26,0.255,0.305748359274355,-0.8190588911238209,-0.8200720811705777,0.035748359274355,-5.489821033483998,settle,market_prior,-0.47856927676422595,-0.0054474203756434,-0.16536557326697213,0.0004163095225613489,0.0,0.0,-0.0009950525542607826,-0.16909787768527995
train,2026-05-09T08:30:01+08:00,btc-updown-5m-1778286600,buy_up,5.0,0.58,0.575,0.6574470669056012,0.6440122319269214,0.651938059262126,0.06744706690560122,3.6981972559727176,settle,btc,0.24322602031374418,0.3950976588134793,0.18867937821463976,-0.012897895175401094,0.0,0.0,-0.0009950525542607826,-0.16909787768527995
train,2026-05-09T08:35:02+08:00,btc-updown-5m-1778286900,buy_down,5.0,0.48,0.475,0.5375135896366642,0.145457095448461,0.15033686920456524,0.047513589636664195,5.597864221437848,settle,btc,0.03191609967744088,0.2051557593011618,0.08152550639497332,-0.003047339685574235,0.0,0.0,-0.0009950525542607826,-0.16909787768527995
train,2026-05-09T08:40:01+08:00,btc-updown-5m-1778287200,buy_up,20.0,0.64,0.635,0.6703464471514076,0.701475486716956,0.7097524009031684,0.02034644715140755,-5.407752931932215,settle,market_prior,0.3752784755662062,0.2893888737557655,0.20754136697918443,-0.0006402993446592739,0.0,0.0,-0.0009950525542607826,-0.16909787768527995
train,2026-05-09T08:45:01+08:00,btc-updown-5m-1778287500,buy_down,198.0,0.18,0.16,0.21727792534740942,-1.2777844929685371,-1.2816003875891429,0.027277925347409422,-4.626671793678458,settle,market_prior,-0.786375659006791,-0.222057673495684,-0.13121005958322157,0.03195182935669994,0.0,0.0,-0.0009950525542607826,-0.16909787768527995
train,2026-05-09T08:50:00+08:00,btc-updown-5m-1778287800,buy_up,15.0,0.42,0.415,0.48306103858181476,-0.07133699826181443,-0.06778178497406376,0.053061038581814775,7.090002659195915,settle,btc,-0.09583158198412475,0.18271972076907442,0.0004672066758291318,0.011400586516947557,0.0,0.0,-0.0009950525542607826,-0.16909787768527995
train,2026-05-09T09:00:01+08:00,btc-updown-5m-1778288400,buy_down,79.0,0.46,0.455,0.49500195870840363,-0.023838250455418913,-0.019992831089800062,0.02500195870840361,-5.410223653887335,settle,btc,-0.010310199668486515,0.12309235163928048,0.0013874944970949253,0.032085033316232955,0.0,0.0,-0.0009950525542607826,-0.16909787768527995
train,2026-05-09T09:05:01+08:00,btc-updown-5m-1778288700,buy_up,5.0,0.51,0.505,0.5420090088573535,0.1634434428126123,0.1684331088830361,0.02200900885735347,4.932715553671897,settle,btc,0.0949807529284627,0.15949121707786185,0.06303046018232,0.016033942863508514,0.0,0.0,-0.0009950525542607826,-0.16909787768527995
train,2026-05-09T09:10:02+08:00,btc-updown-5m-1778289000,buy_down,119.0,0.24,0.235,0.28268841058552485,-0.9294772316872338,-0.9311650515930815,0.03268841058552486,-5.510768157617822,settle,market_prior,-0.5353767959212048,-0.0695586910288017,-0.15587722690158481,0.001428412403898391,0.0,0.0,-0.0009950525542607826,-0.16909787768527995
train,2026-05-09T09:15:01+08:00,btc-updown-5m-1778289300,buy_down,20.0,0.39,0.385,0.44074081815846977,-0.24067661801522838,-0.2381560296206778,0.040740818158469756,8.054199614979893,settle,btc,-0.16150185936908718,0.1943956983534109,-0.08085726165982297,-0.022620265100188403,0.0,0.0,-0.0009950525542607826,-0.16909787768527995
train,2026-05-09T09:20:02+08:00,btc-updown-5m-1778289600,buy_down,5.0,0.54,0.535,0.6203347820967688,0.4840211249054007,0.4909694445418391,0.07033478209676881,4.429809788238941,settle,btc,0.1581213192435915,0.33866085424209025,0.13883518445547943,0.018496697203780263,0.0,0.0,-0.0009950525542607826,-0.16909787768527995
train,2026-05-09T09:30:02+08:00,btc-updown-5m-1778290200,buy_up,5.0,0.46,0.455,0.6487891142108071,0.60602711974013,0.6137208670535613,0.17878911421080707,6.17573264608181,settle,btc,-0.010310199668486515,0.5909177196506447,0.17592662429324196,0.019585905704270674,0.0,0.0,-0.0009950525542607826,-0.16909787768527995
train,2026-05-09T09:35:01+08:00,btc-updown-5m-1778290500,buy_up,5.0,0.44,0.435,0.5520723376629756,0.20381103035099532,0.20904733280224044,0.10207233766297559,-5.5450505150078895,settle,btc,-0.052844462835857135,0.2991101571507391,0.09250104162786846,0.035137224647785646,0.0,0.0,-0.0009950525542607826,-0.16909787768527995
train,2026-05-09T09:40:01+08:00,btc-updown-5m-1778290800,buy_up,10.0,0.61,0.605,0.6889350638801228,0.7863498550303204,0.79514533146664,0.06893506388012284,3.342988742180895,settle,btc,0.30837964259372136,0.39758185621873904,0.2506339698150863,-0.00015268335768553337,0.0,0.0,-0.0009950525542607826,-0.16909787768527995
train,2026-05-09T09:45:02+08:00,btc-updown-5m-1778291100,buy_up,15.0,0.4,0.395,0.43601658203182675,-0.25974863836717993,-0.25734457549127926,0.026016582031826725,7.964714664939956,settle,market_prior,-0.13942566138463808,0.0071677189213856275,0.04164860751864047,0.0009536268169728228,0.0,0.0,-0.0009950525542607826,-0.16909787768527995
train,2026-05-09T09:50:02+08:00,btc-updown-5m-1778291400,buy_up,10.0,0.38,0.375,0.5136768047916502,0.0504217393578216,0.054720869639653925,0.12367680479165023,8.795965148637237,settle,btc,-0.18379361355574203,0.35790126638938924,0.06460364939084336,-0.018196632627128215,0.0,0.0,-0.0009950525542607826,-0.16909787768527995
train,2026-05-09T09:55:02+08:00,btc-updown-5m-1778291700,buy_down,5.0,0.56,0.555,0.6486482748297561,0.605412838436174,0.6131028326366041,0.07864827482975602,4.274978108525175,settle,btc,0.20048393876117018,0.4248069806921352,0.12483068135323142,0.02538416786917788,0.0,0.0,-0.0009950525542607826,-0.16909787768527995
train,2026-05-09T10:00:01+08:00,btc-updown-5m-1778292000,buy_up,65.0,0.72,0.715,0.7562243709402809,1.121248243772306,1.1320898698940305,0.026224370940280968,2.1038111743960086,settle,market_prior,0.5675254313254933,0.30628986438718975,0.2597065556053833,0.15781932269378007,0.0,0.0,-0.0009950525542607826,-0.16909787768527995
train,2026-05-09T10:05:00+08:00,btc-updown-5m-1778292300,buy_down,5.0,0.53,0.525,0.5671767951972165,0.2647331991593079,0.2703417216054284,0.027176795197216504,-5.737450323532058,settle,btc,0.1370378815316424,0.16553997939099824,0.10289182192368412,0.029356446552523834,0.0,0.0,-0.0009950525542607826,-0.16909787768527995
train,2026-05-09T10:15:02+08:00,btc-updown-5m-1778292900,buy_down,10.0,0.53,0.525,0.5636708835490939,0.25055185075825526,0.25607372853081245,0.023670883549093864,4.83766094435172,settle,btc,0.1370378815316424,0.23112297417101865,0.030317965219654287,0.022165960075480665,0.0,0.0,-0.0009950525542607826,-0.16909787768527995
train,2026-05-09T10:20:02+08:00,btc-updown-5m-1778293200,buy_up,5.0,0.52,0.515,0.5613095174936876,0.24101475640596037,0.24647836479513258,0.03130951749368761,-5.730322644860901,settle,btc,0.11599668535097349,0.21611700095873293,0.0696547228744628,0.0093392774613319,0.0,0.0,-0.0009950525542607826,-0.16909787768527995
train,2026-05-09T10:25:01+08:00,btc-updown-5m-1778293500,buy_up,69.0,0.44,0.435,0.47426097750784624,-0.10638823754931982,-0.10304717901612201,0.024260977507846233,6.956125154032798,settle,liquidity_micro,-0.052844462835857135,0.01971585488652781,-0.08288191385210857,0.17971521449165884,0.0,0.0,-0.0009950525542607826,-0.16909787768527995
train,2026-05-09T10:35:02+08:00,btc-updown-5m-1778294100,buy_down,8.0,0.57,0.565,0.6591869484823317,0.6517002889060283,0.6596730884450356,0.07918694848233178,4.1517083814069435,settle,btc,0.2217984440449403,0.3914947004379713,0.19496397518391764,0.013536099478739825,0.0,0.0,-0.0009950525542607826,-0.16909787768527995
train,2026-05-09T10:40:00+08:00,btc-updown-5m-1778294400,buy_up,56.0,0.28,0.275,0.3218239884155789,-0.7448423375741581,-0.7454020820899646,0.03182398841557888,-5.878691974958515,settle,market_prior,-0.4246236908234957,-0.04435838990896334,-0.18627812992484502,0.08051080332268679,0.0,0.0,-0.0009950525542607826,-0.16909787768527995
train,2026-05-09T10:45:01+08:00,btc-updown-5m-1778294700,buy_down,4.0,0.38,0.375,0.49661276838821605,-0.017433683471510503,-0.013549133721393516,0.10661276838821605,-5.765012368800288,settle,btc,-0.18379361355574203,0.23841231506426314,0.06233587786594864,0.03570466739356047,0.0,0.0,-0.0009950525542607826,-0.16909787768527995
train,2026-05-09T10:50:01+08:00,btc-updown-5m-1778295000,buy_up,54.0,0.26,0.255,0.31457929496977627,-0.7780341046983789,-0.7787966430350646,0.04457929496977626,15.609481665593938,settle,market_prior,-0.47856927676422595,0.006861690638511213,-0.15466935008505103,0.01843576175192767,0.0,0.0,-0.0009950525542607826,-0.16909787768527995
train,2026-05-09T10:55:01+08:00,btc-updown-5m-1778295300,buy_down,24.0,0.46,0.455,0.4907979839748278,-0.04055550160689729,-0.0368122206788891,0.0207979839748278,6.340888355484828,settle,btc,-0.010310199668486515,0.13100393203569405,-0.03224131206425052,0.04108500832968648,0.0,0.0,-0.0009950525542607826,-0.16909787768527995
train,2026-05-09T11:00:01+08:00,btc-updown-5m-1778295600,buy_down,5.0,0.48,0.475,0.5627881156279881,0.24698518337422182,0.25248526965541596,0.07278811562798816,6.14023543506345,settle,btc,0.03191609967744088,0.30585608053584906,0.11548953865518696,-0.03618360525471446,0.0,0.0,-0.0009950525542607826,-0.16909787768527995
train,2026-05-09T11:05:01+08:00,btc-updown-5m-1778295900,buy_down,33.0,0.29,0.285,0.32126897666421034,-0.7473710126905323,-0.7479462068112572,0.021268976664210355,-4.524781724442355,settle,market_prior,-0.39857145011641004,-0.05533084099290019,-0.11576749836726898,-0.007608292974412315,0.0,0.0,-0.0009950525542607826,-0.16909787768527995
train,2026-05-09T11:10:02+08:00,btc-updown-5m-1778296200,buy_down,118.0,0.27,0.265,0.3053695966799185,-0.8208330452480191,-0.8218570749554763,0.025369596679918456,13.42665551255844,settle,market_prior,-0.45127090848744356,-0.012368202799159012,-0.16846741472975002,-0.018633588992125708,0.0,0.0,-0.0009950525542607826,-0.16909787768527995
train,2026-05-09T11:15:00+08:00,btc-updown-5m-1778296500,buy_up,143.0,0.6,0.595,0.6353503001375038,0.5479007253645121,0.5552393342014277,0.02535030013750384,3.85415303493066,settle,market_prior,0.28649664736570424,0.28241598329153167,0.1269848514932203,0.022096173453596688,0.0,0.0,-0.0009950525542607826,-0.16909787768527995
train,2026-05-09T11:20:01+08:00,btc-updown-5m-1778296800,buy_up,4.0,0.49,0.485,0.5529130548575205,0.20719072921480475,0.21244768082412116,0.05291305485752052,-6.089803814219323,settle,btc,0.052957295858109765,0.23243445017213527,0.1310700544512844,-0.03917814102718402,0.0,0.0,-0.0009950525542607826,-0.16909787768527995
train,2026-05-09T11:25:01+08:00,btc-updown-5m-1778297100,buy_down,4.0,0.55,0.545,0.6969207158323305,0.8236538236575809,0.8326772184901572,0.13692071583233045,4.7256877598341935,settle,btc,0.17926418087756993,0.5464566899956945,0.2254395976520347,0.04258628537182241,0.0,0.0,-0.0009950525542607826,-0.16909787768527995
train,2026-05-09T11:30:01+08:00,btc-updown-5m-1778297400,buy_down,16.0,0.71,0.695,0.8059639102474548,1.4113805281894725,1.4239947937219628,0.08596391024745488,2.348200903759865,settle,btc,0.5170075407690806,0.7273733553694703,0.33211947897505417,0.004973083315407931,0.0,0.0,-0.0009950525542607826,-0.16909787768527995
train,2026-05-09T11:35:00+08:00,btc-updown-5m-1778297700,buy_down,25.0,0.35,0.345,0.38278680555285655,-0.47880200621889835,-0.4777363074402404,0.022786805552856566,9.580031533247922,settle,market_prior,-0.25220506532001336,-0.02667127602953211,-0.07515665596206195,0.0453239213322498,0.0,0.0,-0.0009950525542607826,-0.16909787768527995
train,2026-05-09T11:40:02+08:00,btc-updown-5m-1778298000,buy_down,4.0,0.38,0.37,0.47874226577866125,-0.08853237909602558,-0.08508222550478917,0.08874226577866125,-6.233481767596983,settle,btc,-0.19502763783527644,0.24701354998889327,0.025120271530419427,0.004454367459478917,0.0,0.0,-0.0009950525542607826,-0.16909787768527995
train,2026-05-09T11:45:01+08:00,btc-updown-5m-1778298300,buy_down,99.0,0.22,0.215,0.26515078506872786,-1.0171432256607718,-1.0193666639870707,0.035150785068727854,21.039599294298174,settle,market_prior,-0.5956429435082472,-0.14871364198445403,-0.15076739252413768,0.048073682595608,0.0,0.0,-0.0009950525542607826,-0.16909787768527995
train,2026-05-09T11:50:00+08:00,btc-updown-5m-1778298600,buy_down,13.0,0.5,0.495,0.530639638400436,0.1180002895619525,0.12271230874946076,0.02063963840043604,-6.346144278568739,settle,btc,0.07397322828062054,0.1466152010591474,0.06949314079945337,-0.00198835033772806,0.0,0.0,-0.0009950525542607826,-0.16909787768527995
train,2026-05-09T11:55:01+08:00,btc-updown-5m-1778298900,buy_up,4.0,0.46,0.455,0.5118815472648394,0.04327964408698662,0.047535137861499675,0.04188154726483934,7.0953734264098225,settle,btc,-0.010310199668486515,0.16711115076789143,0.09662738206000446,-0.040055758832882024,0.0,0.0,-0.0009950525542607826,-0.16909787768527995
train,2026-05-09T12:00:00+08:00,btc-updown-5m-1778299200,buy_up,4.0,0.52,0.515,0.6153665570095977,0.4631067952378759,0.4699273332829175,0.08536655700959773,5.6302406023040295,settle,btc,0.11599668535097349,0.34051515639892166,0.17648574129515468,0.0002021424323667985,0.0,0.0,-0.0009950525542607826,-0.16909787768527995
train,2026-05-09T12:05:01+08:00,btc-updown-5m-1778299500,buy_up,8.0,0.56,0.555,0.8843645878366323,2.018105950480872,2.034427164370481,0.31436458783663224,4.826369737585249,settle,btc,0.20048393876117018,1.3851148015578376,0.5739242205516718,0.028675919849732875,0.0,0.0,-0.0009950525542607826,-0.16909787768527995
train,2026-05-09T12:10:01+08:00,btc-updown-5m-1778299800,buy_down,24.0,0.55,0.545,0.5817734436167863,0.32408665521882607,0.33005781319717503,0.021773443616786244,5.067014777524382,settle,btc,0.17926418087756993,0.24625533068125077,0.06974261409048478,-0.0010825401909387523,0.0,0.0,-0.0009950525542607826,-0.16909787768527995
train,2026-05-09T12:15:01+08:00,btc-updown-5m-1778300100,buy_down,4.0,0.51,0.505,0.6928175061227807,0.8044187389793765,0.8133246120089639,0.17281750612278068,6.008883406758327,settle,btc,0.0949807529284627,0.5559135409428512,0.31099775154513526,0.012619623802468088,0.0,0.0,-0.0009950525542607826,-0.16909787768527995
train,2026-05-09T12:20:02+08:00,btc-updown-5m-1778300400,buy_down,4.0,0.38,0.375,0.5122650267028561,0.0448051364017603,0.049069950572324494,0.12226502670285612,-6.614120281478525,settle,btc,-0.18379361355574203,0.3012558967113259,0.06913822385164667,0.028297559634070487,0.0,0.0,-0.0009950525542607826,-0.16909787768527995
train,2026-05-09T12:25:00+08:00,btc-updown-5m-1778300700,buy_down,4.0,0.61,0.605,0.6937001559984703,0.8085442319186209,0.817475310731107,0.07370015599847037,3.9734209432044882,settle,btc,0.30837964259372136,0.40971800228553346,0.232104917875654,0.0284345994032528,0.0,0.0,-0.0009950525542607826,-0.16909787768527995
train,2026-05-09T12:30:02+08:00,btc-updown-5m-1778301000,buy_down,4.0,0.42,0.415,0.48543536864939363,-0.061887956212667974,-0.058275011520210154,0.05543536864939364,8.710306339067554,settle,btc,-0.09583158198412475,0.17398210441247752,0.07108392175325219,-0.04102947015473217,0.0,0.0,-0.0009950525542607826,-0.16909787768527995
train,2026-05-09T12:35:01+08:00,btc-updown-5m-1778301300,buy_up,150.0,0.23,0.225,0.26661591859423694,-1.0096825790372392,-1.0118604345830446,0.026615918594236933,-5.865923198609075,settle,market_prior,-0.5650343920509493,-0.13283315634482593,-0.16865343737581945,0.02693133697389602,0.0,0.0,-0.0009950525542607826,-0.16909787768527995
train,2026-05-09T12:40:00+08:00,btc-updown-5m-1778301600,buy_down,4.0,0.48,0.475,0.5245621158621088,0.09376366962600748,0.09832760881694275,0.034562115862108785,6.849474560005785,settle,btc,0.03191609967744088,0.1952113903501038,0.047149674328855674,-0.010420564490852154,0.0,0.0,-0.0009950525542607826,-0.16909787768527995
train,2026-05-09T12:45:02+08:00,btc-updown-5m-1778301900,buy_up,4.0,0.63,0.625,0.6793754699555712,0.7423763904441824,0.7509031994465765,0.03937546995557118,3.722890878497261,settle,btc,0.35274759476482526,0.38358604426471365,0.14910183503557575,0.027033846618608512,0.0,0.0,-0.0009950525542607826,-0.16909787768527995
train,2026-05-09T12:50:00+08:00,btc-updown-5m-1778302200,buy_up,4.0,0.48,0.475,0.5196879229999748,0.07434712159172042,0.07879243028162147,0.02968792299997481,-6.688793945033414,settle,btc,0.03191609967744088,0.14763752928827484,0.06764239631960803,-0.0027559734540626144,0.0,0.0,-0.0009950525542607826,-0.16909787768527995
train,2026-05-09T12:55:01+08:00,btc-updown-5m-1778302500,buy_down,45.0,0.19,0.185,0.22692244672344436,-1.222294194427303,-1.225771056491408,0.026922446723444356,-5.672606762856948,settle,market_prior,-0.6942629458947523,-0.21163741521989377,-0.16084051624880488,0.01453961317568863,0.0,0.0,-0.0009950525542607826,-0.16909787768527995
train,2026-05-09T13:00:01+08:00,btc-updown-5m-1778302800,buy_down,4.0,0.48,0.475,0.5165627588528936,0.061905987484193306,0.06627528379691983,0.026562758852893616,6.830466060268544,settle,btc,0.03191609967744088,0.1735260570878278,0.06456673285956119,-0.03800997190109582,0.0,0.0,-0.0009950525542607826,-0.16909787768527995
train,2026-05-09T13:05:02+08:00,btc-updown-5m-1778303100,buy_down,196.0,0.3,0.295,0.3331360495435783,-0.6937872788276425,-0.6940350890496325,0.023136049543578292,-5.547317835402325,settle,market_prior,-0.3730634325834561,-0.01141953734773316,-0.1597771475355339,0.020565768878621465,0.0,0.0,-0.0009950525542607826,-0.16909787768527995
train,2026-05-09T13:10:01+08:00,btc-updown-5m-1778303400,buy_up,8.0,0.62,0.615,0.6635253702630982,0.6709539038031864,0.6790443383604233,0.033525370263098216,-6.5454006700559875,settle,market_prior,0.33045584057817046,0.29312468463454405,0.18807247662389054,0.029393832206122034,0.0,0.0,-0.0009950525542607826,-0.16909787768527995
train,2026-05-09T13:15:01+08:00,btc-updown-5m-1778303700,buy_up,73.0,0.38,0.375,0.41518398150910146,-0.34446203267246756,-0.3425755485336832,0.025183981509101457,10.235240428739134,settle,market_prior,-0.18379361355574203,0.0693236683472625,-0.09347888550043772,0.03357972827599039,0.0,0.0,-0.0009950525542607826,-0.16909787768527995
train,2026-05-09T13:20:01+08:00,btc-updown-5m-1778304000,buy_down,32.0,0.34,0.335,0.3768553642731424,-0.5038299710770863,-0.5029171872246938,0.026855364273142397,-6.668945107703294,settle,market_prior,-0.2756096560174177,0.034119309265133804,-0.11310335661472128,0.020856662529459745,0.0,0.0,-0.0009950525542607826,-0.16909787768527995
train,2026-05-09T13:25:01+08:00,btc-updown-5m-1778304300,buy_down,4.0,0.5,0.495,0.5823471674474995,0.3264307543662144,0.3324162342341102,0.07234716744749949,-6.539948655191433,settle,btc,0.07397322828062054,0.2938595303445527,0.12595162340227242,0.0027393025783094367,0.0,0.0,-0.0009950525542607826,-0.16909787768527995
train,2026-05-09T13:30:02+08:00,btc-updown-5m-1778304600,buy_down,21.0,0.61,0.605,0.6419101144940563,0.5761530298798113,0.5836642535931768,0.02191011449405634,-6.450352830156313,settle,market_prior,0.30837964259372136,0.2674286615463516,0.14945707869705122,0.020980577282228012,0.0,0.0,-0.0009950525542607826,-0.16909787768527995
train,2026-05-09T13:35:01+08:00,btc-updown-5m-1778304900,buy_down,12.0,0.38,0.375,0.4126601326322761,-0.3548026175366838,-0.35297931191764775,0.02266013263227607,-5.89083240529523,settle,market_prior,-0.18379361355574203,0.10753734541201027,-0.0997485798953128,-0.008704839258098465,0.0,0.0,-0.0009950525542607826,-0.16909787768527995
train,2026-05-09T13:40:00+08:00,btc-updown-5m-1778305200,buy_down,214.0,0.32,0.315,0.35417986708902216,-0.6010350337559311,-0.6007161497702034,0.02417986708902215,11.582514781563775,settle,market_prior,-0.3234998014092145,0.020206492884554762,-0.13857193012247018,0.010923135130739706,0.0,0.0,-0.0009950525542607826,-0.16909787768527995
train,2026-05-09T13:45:01+08:00,btc-updown-5m-1778305500,buy_down,4.0,0.55,0.545,0.60818486801717,0.43305185900512977,0.439688768521684,0.04818486801716993,5.070982541395156,settle,btc,0.17926418087756993,0.2792333053905585,0.13346592267900245,0.011181380297539635,0.0,0.0,-0.0009950525542607826,-0.16909787768527995
train,2026-05-09T13:50:02+08:00,btc-updown-5m-1778305800,buy_up,135.0,0.17,0.165,0.23272187799086605,-1.189727375395134,-1.193005261922905,0.052721877990866035,-6.765287296402481,settle,market_prior,-0.7670799320358461,-0.14969810413156837,-0.1509569717381618,0.04810056274998286,0.0,0.0,-0.0009950525542607826,-0.16909787768527995
train,2026-05-09T13:55:00+08:00,btc-updown-5m-1778306100,buy_down,60.0,0.18,0.175,0.22624111279862236,-1.2261585361793959,-1.229659008454616,0.03624111279862236,28.448033081372433,settle,market_prior,-0.7298511974964466,-0.1757172651609336,-0.16330208306556973,0.012804939783094457,0.0,0.0,-0.0009950525542607826,-0.16909787768527995
train,2026-05-09T14:00:01+08:00,btc-updown-5m-1778306400,buy_down,126.0,0.21,0.205,0.2688890316898753,-0.9981590293783323,-1.0002664787702058,0.04888903168987533,-6.92084952953177,settle,market_prior,-0.6273036130232583,-0.07736155038251037,-0.14014092377646228,0.01673998804343922,0.0,0.0,-0.0009950525542607826,-0.16909787768527995
train,2026-05-09T14:05:00+08:00,btc-updown-5m-1778306700,buy_up,5.0,0.52,0.515,0.55955883690582,0.23395136130079885,0.23937181402198887,0.02955883690581996,5.908493795028406,settle,btc,0.11599668535097349,0.23124978342872865,0.05829773013656157,-0.001499907375924076,0.0,0.0,-0.0009950525542607826,-0.16909787768527995
train,2026-05-09T14:10:02+08:00,btc-updown-5m-1778307000,buy_down,4.0,0.52,0.515,0.5768037056265792,0.303818561372969,0.30966588610744283,0.04680370562657921,5.961897488945009,settle,btc,0.11599668535097349,0.2162934525263004,0.11250940131748174,0.029111952417754047,0.0,0.0,-0.0009950525542607826,-0.16909787768527995
train,2026-05-09T14:15:00+08:00,btc-updown-5m-1778307300,buy_down,4.0,0.5,0.495,0.5518132511586474,0.20276973985507374,0.20799968026848212,0.04181325115864743,6.522645660000975,settle,btc,0.07397322828062054,0.19807536860789737,0.09356502733387304,0.007249045872223521,0.0,0.0,-0.0009950525542607826,-0.16909787768527995
train,2026-05-09T14:20:00+08:00,btc-updown-5m-1778307600,buy_up,4.0,0.61,0.605,0.6603130588288304,0.6566863586895345,0.6646896219317482,0.04031305882883041,4.186844568816015,settle,market_prior,0.30837964259372136,0.28910706239936085,0.1835881010284858,0.04570448290750737,0.0,0.0,-0.0009950525542607826,-0.16909787768527995
train,2026-05-09T14:25:01+08:00,btc-updown-5m-1778307900,buy_down,26.0,0.4,0.395,0.43057884917079103,-0.28175943779954116,-0.2794898556851133,0.02057884917079101,-5.943795157648832,settle,market_prior,-0.13942566138463808,0.06888907131945948,-0.06012700506142434,0.018997087566602473,0.0,0.0,-0.0009950525542607826,-0.16909787768527995
train,2026-05-09T14:30:00+08:00,btc-updown-5m-1778308200,buy_down,18.0,0.28,0.275,0.3240338500894348,-0.7347966470421556,-0.7352950147726066,0.034033850089434776,-6.942825607844543,settle,market_prior,-0.4246236908234957,-0.008709755313633084,-0.13332302806927745,0.0019527574037912236,0.0,0.0,-0.0009950525542607826,-0.16909787768527995
train,2026-05-09T14:35:02+08:00,btc-updown-5m-1778308500,buy_down,4.0,0.41,0.39,0.5596132080887629,0.2341706395057983,0.2395924319647872,0.13961320808876293,9.384668175286455,settle,btc,-0.15043823956375318,0.48216610080188854,0.09287308765206148,-0.02033737914485773,0.0,0.0,-0.0009950525542607826,-0.16909787768527995
train,2026-05-09T14:40:01+08:00,btc-updown-5m-1778308800,buy_down,183.0,0.16,0.155,0.2076696546613021,-1.3348651452575135,-1.3390297891186353,0.0376696546613021,34.90065056730398,settle,market_prior,-0.8061658909200953,-0.2105576421119969,-0.1495977829339103,0.0015491009480295588,0.0,0.0,-0.0009950525542607826,-0.16909787768527995
train,2026-05-09T14:50:01+08:00,btc-updown-5m-1778309400,buy_down,4.0,0.59,0.585,0.6467530379402419,0.5971575404515584,0.604797096740246,0.04675303794024189,4.797859498041461,settle,btc,0.264785563193208,0.27220173768209815,0.19515576542628404,0.03510740438950904,0.0,0.0,-0.0009950525542607826,-0.16909787768527995
train,2026-05-09T14:55:01+08:00,btc-updown-5m-1778309700,buy_up,4.0,0.53,0.525,0.58859579592211,0.3520216629021905,0.3581634971486392,0.04859579592210995,6.183807213419097,settle,btc,0.1370378815316424,0.2824602026731581,0.0906237824181501,0.011992726518780611,0.0,0.0,-0.0009950525542607826,-0.16909787768527995
train,2026-05-09T15:00:02+08:00,btc-updown-5m-1778310000,buy_down,8.0,0.45,0.445,0.4949345375452502,-0.024106324554150026,-0.020262543057661703,0.03493453754525017,8.623991312070913,settle,btc,-0.031529957552086714,0.1390481805052501,0.02956024594635808,0.008908136785869238,0.0,0.0,-0.0009950525542607826,-0.16909787768527995
train,2026-05-09T15:05:00+08:00,btc-updown-5m-1778310300,buy_down,4.0,0.5,0.495,0.5331612243861993,0.12806637876957516,0.1328398993735065,0.023161224386199282,7.12744135304954,settle,btc,0.07397322828062054,0.12295815262528662,0.07082816235137751,0.03039976575183129,0.0,0.0,-0.0009950525542607826,-0.16909787768527995
train,2026-05-09T15:10:02+08:00,btc-updown-5m-1778310600,buy_down,48.0,0.39,0.385,0.42228462238764414,-0.31546542034997227,-0.31340177379065687,0.022284622387644122,-6.879450981221213,settle,market_prior,-0.16150185936908718,0.07008145357535381,-0.05744478246731133,0.0034926981506132205,0.0,0.0,-0.0009950525542607826,-0.16909787768527995
train,2026-05-09T15:15:02+08:00,btc-updown-5m-1778310900,buy_down,185.0,0.21,0.205,0.24612136013401908,-1.1165757046291143,-1.1194066518070513,0.02612136013401909,-6.300394257564634,settle,market_prior,-0.6273036130232583,-0.13010261343167867,-0.16864203055687504,-0.02043451737776164,0.0,0.0,-0.0009950525542607826,-0.16909787768527995
train,2026-05-09T15:20:01+08:00,btc-updown-5m-1778311200,buy_up,4.0,0.51,0.505,0.564742700957659,0.2548845331752611,0.2604328826092611,0.04474270095765898,6.788117930342688,settle,btc,0.0949807529284627,0.2462061143311569,0.09117015713463225,-0.0073795609794500205,0.0,0.0,-0.0009950525542607826,-0.16909787768527995
train,2026-05-09T15:25:00+08:00,btc-updown-5m-1778311500,buy_up,22.0,0.61,0.605,0.6430862368797363,0.5812423209124794,0.5887846389863897,0.02308623687973633,-7.399604947182574,settle,market_prior,0.30837964259372136,0.24927104983214476,0.16204482982446242,0.031639728901691554,0.0,0.0,-0.0009950525542607826,-0.16909787768527995
train,2026-05-09T15:30:02+08:00,btc-updown-5m-1778311800,buy_up,4.0,0.5,0.495,0.5656347652413285,0.258492450929643,0.2640628438849804,0.055634765241328495,7.062135222204293,settle,btc,0.07397322828062054,0.2350684211060183,0.08595466699208813,0.033589064790456744,0.0,0.0,-0.0009950525542607826,-0.16909787768527995
train,2026-05-09T15:35:02+08:00,btc-updown-5m-1778312100,buy_down,31.0,0.56,0.555,0.595127553427474,0.37889764718010455,0.38520368731294696,0.025127553427473977,5.5876056548363975,settle,market_prior,0.20048393876117018,0.19077301312429673,0.12398610021317967,0.03374752532099873,0.0,0.0,-0.0009950525542607826,-0.16909787768527995
train,2026-05-09T15:40:02+08:00,btc-updown-5m-1778312400,buy_down,48.0,0.44,0.435,0.47431928940008383,-0.1061557918294145,-0.10281331310802633,0.024319289400083828,-7.499411426854549,settle,btc,-0.052844462835857135,0.11367945109324801,-0.0276028883167477,0.030705038469483043,0.0,0.0,-0.0009950525542607826,-0.16909787768527995
train,2026-05-09T15:45:01+08:00,btc-updown-5m-1778312700,buy_down,5.0,0.59,0.585,0.7323107923309738,0.9963001459531523,1.0063783688467962,0.13231079233097387,4.920517779879709,settle,btc,0.264785563193208,0.6245534376401443,0.2367073815767915,0.04034669378254911,0.0,0.0,-0.0009950525542607826,-0.16909787768527995
train,2026-05-09T15:55:02+08:00,btc-updown-5m-1778313300,buy_down,140.0,0.25,0.245,0.29808994489392726,-0.8551761418417204,-0.8564099997199103,0.03808994489392726,21.628627953239242,settle,market_prior,-0.5065812812578528,-0.06461630016200928,-0.15106321398116304,0.03717758379884542,0.0,0.0,-0.0009950525542607826,-0.16909787768527995
train,2026-05-09T16:00:02+08:00,btc-updown-5m-1778313600,buy_up,4.0,0.52,0.515,0.555106811355697,0.2160154517160804,0.22132632028581456,0.02510681135569693,6.799865261244743,settle,btc,0.11599668535097349,0.191343767720931,0.10175916478378715,-0.02299123590007054,0.0,0.0,-0.0009950525542607826,-0.16909787768527995
train,2026-05-09T16:05:01+08:00,btc-updown-5m-1778313900,buy_down,4.0,0.6,0.595,0.6997259131752781,0.8368887682504343,0.845993025453883,0.08972591317527813,4.934314992923034,settle,btc,0.28649664736570424,0.46366536956947035,0.24587549764976255,0.010944183905037829,0.0,0.0,-0.0009950525542607826,-0.16909787768527995
train,2026-05-09T16:10:01+08:00,btc-updown-5m-1778314200,buy_down,192.0,0.18,0.175,0.2330651618681082,-1.187817543907558,-1.1910837618181338,0.043065161868108194,-8.065074595484072,settle,market_prior,-0.7298511974964466,-0.1355805173172452,-0.16317252680857056,0.010879627954244837,0.0,0.0,-0.0009950525542607826,-0.16909787768527995
train,2026-05-09T16:15:02+08:00,btc-updown-5m-1778314500,buy_up,4.0,0.47,0.465,0.5051241010126186,0.01640582055527839,0.020497121645044317,0.025124101012618645,8.364195839159809,settle,btc,0.010832661965491977,0.10690539406477839,0.036861569057950086,0.031899125706598676,0.0,0.0,-0.0009950525542607826,-0.16909787768527995
train,2026-05-09T16:20:01+08:00,btc-updown-5m-1778314800,buy_down,4.0,0.54,0.535,0.571426544158109,0.28196002020078026,0.2876737944356208,0.02142654415810897,6.369656831360161,settle,btc,0.1581213192435915,0.21016772125241628,0.08228600463289848,0.0014779053114146535,0.0,0.0,-0.0009950525542607826,-0.16909787768527995
train,2026-05-09T16:25:01+08:00,btc-updown-5m-1778315100,buy_down,185.0,0.29,0.285,0.3226734586048702,-0.7409765194455952,-0.7415126447299766,0.022673458604870196,-6.365376472679167,settle,market_prior,-0.39857145011641004,-0.026472637833526227,-0.1670222534559123,0.02118275219979402,0.0,0.0,-0.0009950525542607826,-0.16909787768527995
train,2026-05-09T16:30:00+08:00,btc-updown-5m-1778315400,buy_up,5.0,0.39,0.385,0.5307047588333667,0.11826016743253413,0.12297377441216384,0.13070475883336663,-7.8396215397118,settle,btc,-0.16150185936908718,0.2842452673419288,0.13613718746861453,0.029472502230618716,0.0,0.0,-0.0009950525542607826,-0.16909787768527995
train,2026-05-09T16:40:00+08:00,btc-updown-5m-1778316000,buy_down,57.0,0.61,0.605,0.640446010116786,0.5698278994114662,0.5773004780785936,0.020446010116786047,4.712769210839864,settle,market_prior,0.30837964259372136,0.251720563908743,0.1383791969399009,0.04144142620864173,0.0,0.0,-0.0009950525542607826,-0.16909787768527995
train,2026-05-09T16:45:01+08:00,btc-updown-5m-1778316300,buy_up,39.0,0.42,0.415,0.4553237745680913,-0.18206149091603782,-0.17918277800400448,0.025323774568091324,-7.793609203595293,settle,market_prior,-0.09583158198412475,0.09138329468893658,-0.04010524312274164,0.03258496974143274,0.0,0.0,-0.0009950525542607826,-0.16909787768527995
train,2026-05-09T16:50:02+08:00,btc-updown-5m-1778316600,buy_up,4.0,0.48,0.475,0.5483175496745284,0.18873103267992702,0.19387519992381427,0.05831754967452841,8.00532803501273,settle,btc,0.03191609967744088,0.21565051178464859,0.08274244161122596,0.02851490984615237,0.0,0.0,-0.0009950525542607826,-0.16909787768527995
train,2026-05-09T16:55:01+08:00,btc-updown-5m-1778316900,buy_down,4.0,0.54,0.535,0.6000494740009594,0.3992409213186197,0.40567125402908544,0.05004947400095939,6.345399721870383,settle,btc,0.1581213192435915,0.2790623093453738,0.11259229215830499,0.01955793081089012,0.0,0.0,-0.0009950525542607826,-0.16909787768527995
train,2026-05-09T17:00:02+08:00,btc-updown-5m-1778317200,buy_up,264.0,0.29,0.285,0.3602381311819569,-0.5748098524860589,-0.574330738865884,0.06023813118195693,-7.942689996686032,settle,market_prior,-0.39857145011641004,0.03297671570921253,-0.1343898182393021,0.09526763039998135,0.0,0.0,-0.0009950525542607826,-0.16909787768527995
train,2026-05-09T17:05:02+08:00,btc-updown-5m-1778317500,buy_up,114.0,0.42,0.415,0.45510265290635304,-0.18294771695914738,-0.18007441867794016,0.025102652906353058,10.3122591790307,settle,btc,-0.09583158198412475,0.09752398494392611,-0.04018079404319238,0.025633604363784403,0.0,0.0,-0.0009950525542607826,-0.16909787768527995
train,2026-05-09T17:10:01+08:00,btc-updown-5m-1778317800,buy_down,8.0,0.52,0.515,0.6287263507025925,0.5195910740256674,0.5267567176106495,0.09872635070259252,6.961088071124436,settle,btc,0.11599668535097349,0.3541990393560832,0.19171481338788757,0.027773466170264022,0.0,0.0,-0.0009950525542607826,-0.16909787768527995
train,2026-05-09T17:15:01+08:00,btc-updown-5m-1778318100,buy_down,5.0,0.61,0.605,0.8055021717471109,1.4084485497202306,1.4210449015600186,0.18550217174711092,4.84110047488391,settle,btc,0.30837964259372136,0.8209967255124334,0.4052293254165813,0.043935786437035114,0.0,0.0,-0.0009950525542607826,-0.16909787768527995
train,2026-05-09T17:20:02+08:00,btc-updown-5m-1778318400,buy_up,44.0,0.55,0.545,0.5801923753459202,0.31763144220978307,0.32356316036843835,0.020192375345920117,6.255720992597355,settle,btc,0.17926418087756993,0.21061513832045498,0.06671244928100976,0.03113260397028915,0.0,0.0,-0.0009950525542607826,-0.16909787768527995
train,2026-05-09T17:25:01+08:00,btc-updown-5m-1778318700,buy_down,4.0,0.48,0.475,0.5976898292307502,0.38947789604028804,0.395848578983023,0.10768982923075023,8.374846478839709,settle,btc,0.03191609967744088,0.3878913161028807,0.16275122932726652,-0.02298781882775939,0.0,0.0,-0.0009950525542607826,-0.16909787768527995
train,2026-05-09T17:30:02+08:00,btc-updown-5m-1778319000,buy_down,17.0,0.46,0.455,0.49378175256312457,-0.02869004823762724,-0.024874272205148946,0.023781752563124543,9.178167750422531,settle,btc,-0.010310199668486515,0.09544948103314108,0.01995656895604584,0.036307031681213124,0.0,0.0,-0.0009950525542607826,-0.16909787768527995
train,2026-05-09T17:40:01+08:00,btc-updown-5m-1778319600,buy_up,88.0,0.24,0.235,0.3042779448845556,-0.8259533448739487,-0.8270086583970974,0.054277944884555625,-8.39347770100551,settle,market_prior,-0.5353767959212048,-0.02404632272239612,-0.1483256556493249,0.05188835965851794,0.0,0.0,-0.0009950525542607826,-0.16909787768527995
train,2026-05-09T17:45:02+08:00,btc-updown-5m-1778319900,buy_down,79.0,0.24,0.235,0.28674847922982366,-0.9096619167029748,-0.9112286697363494,0.03674847922982367,24.918136924860114,settle,market_prior,-0.5353767959212048,-0.1100860558184556,-0.1413862717463758,0.04728013702260218,0.0,0.0,-0.0009950525542607826,-0.16909787768527995
train,2026-05-09T17:55:00+08:00,btc-updown-5m-1778320500,buy_down,5.0,0.5,0.495,0.5760229981984019,0.300640467266073,0.3064683745997005,0.06602299819840186,-8.387444888907915,settle,btc,0.07397322828062054,0.24087593257340376,0.11360741088180461,0.04227682576978491,0.0,0.0,-0.0009950525542607826,-0.16909787768527995
train,2026-05-09T18:00:01+08:00,btc-updown-5m-1778320800,buy_down,4.0,0.41,0.405,0.4437176391655278,-0.22868147215245518,-0.22608759626307462,0.023717639165527833,-8.337625632322437,settle,market_prior,-0.11754266615662104,0.04525030656821891,-0.020449074559269687,0.0341528922347574,0.0,0.0,-0.0009950525542607826,-0.16909787768527995
train,2026-05-09T18:05:01+08:00,btc-updown-5m-1778321100,buy_down,4.0,0.58,0.575,0.6980630024854915,0.8290347112411491,0.8380909820200018,0.10806300248549151,5.6945709255112575,settle,btc,0.24322602031374418,0.4845965534134438,0.24321387197714284,0.028091195776359115,0.0,0.0,-0.0009950525542607826,-0.16909787768527995
train,2026-05-09T18:10:01+08:00,btc-updown-5m-1778321400,buy_down,75.0,0.21,0.205,0.2513117191320635,-1.0889663782347383,-1.0916286389799688,0.03131171913206352,-8.421463527526873,settle,market_prior,-0.6273036130232583,-0.20279619508753322,-0.1079730791925547,0.01919943930814875,0.0,0.0,-0.0009950525542607826,-0.16909787768527995
train,2026-05-09T18:15:01+08:00,btc-updown-5m-1778321700,buy_up,4.0,0.52,0.51,0.5864250368870246,0.34311861951378875,0.3492060582777845,0.05642503688702461,-8.182859122316982,settle,btc,0.10548661656521553,0.280335188571137,0.12471115764139652,0.002678586975580442,0.0,0.0,-0.0009950525542607826,-0.16909787768527995
train,2026-05-09T18:20:01+08:00,btc-updown-5m-1778322000,buy_up,71.0,0.62,0.615,0.6582256947296795,0.6474504465070545,0.6553972805174716,0.028225694729679514,4.742347864865867,settle,market_prior,0.33045584057817046,0.31433574439382594,0.17203386900699308,0.0007179227676057487,0.0,0.0,-0.0009950525542607826,-0.16909787768527995
train,2026-05-09T18:25:00+08:00,btc-updown-5m-1778322300,buy_down,149.0,0.2,0.195,0.23491460027153552,-1.177561858126464,-1.1807654162305432,0.024914600271535504,24.584901273543615,settle,market_prior,-0.6601323341729608,-0.184367004909504,-0.16688851436497087,0.003918925560512212,0.0,0.0,-0.0009950525542607826,-0.16909787768527995
train,2026-05-09T18:30:00+08:00,btc-updown-5m-1778322600,buy_down,110.0,0.11,0.105,0.14154936961751294,-1.7955015904929523,-1.8024806137276062,0.021549369617512935,-5.441211065636453,settle,market_prior,-1.0408918704162669,-0.48219017373204337,-0.1517844515935116,0.04945783548840987,0.0,0.0,-0.0009950525542607826,-0.16909787768527995
train,2026-05-09T18:35:02+08:00,btc-updown-5m-1778322900,buy_down,26.0,0.25,0.245,0.2993927414710275,-0.8489951495664246,-0.8501912430485328,0.03939274147102751,-8.512917237214976,settle,market_prior,-0.5065812812578528,-0.06567027867921886,-0.1380081887265706,0.03135752933675847,0.0,0.0,-0.0009950525542607826,-0.16909787768527995
train,2026-05-09T18:40:00+08:00,btc-updown-5m-1778323200,buy_down,242.0,0.34,0.335,0.37360586257684436,-0.5176069966161899,-0.5167783871206182,0.023605862576844334,13.846982577406187,settle,market_prior,-0.2756096560174177,0.07434763647243814,-0.1507243486070326,0.004472301775363131,0.0,0.0,-0.0009950525542607826,-0.16909787768527995
train,2026-05-09T18:45:01+08:00,btc-updown-5m-1778323500,buy_down,66.0,0.6,0.595,0.6300383742512252,0.5251816423425658,0.5323814429733486,0.02003837425122524,5.355244697970604,settle,market_prior,0.28649664736570424,0.2334766804738024,0.1402314184188206,0.03506982632377936,0.0,0.0,-0.0009950525542607826,-0.16909787768527995
train,2026-05-09T18:50:00+08:00,btc-updown-5m-1778323800,buy_down,132.0,0.24,0.235,0.2807049091646954,-0.9392203715286656,-0.9409677197069433,0.030704909164695433,-8.637906712351624,settle,market_prior,-0.5353767959212048,-0.08026202729012612,-0.1743986477561011,0.02091002967830723,0.0,0.0,-0.0009950525542607826,-0.16909787768527995
train,2026-05-09T18:55:01+08:00,btc-updown-5m-1778324100,buy_up,123.0,0.27,0.265,0.30318978243449674,-0.8310675746272482,-0.832154134880607,0.023189782434496715,-6.7583426147654535,settle,market_prior,-0.45127090848744356,-0.020503892362217304,-0.1678441823034608,-0.02135566123458584,0.0,0.0,-0.0009950525542607826,-0.16909787768527995
train,2026-05-09T19:00:01+08:00,btc-updown-5m-1778324400,buy_down,166.0,0.11,0.105,0.19676190664413196,-1.4020814531652828,-1.406656772717608,0.07676190664413196,-8.878285037003332,settle,market_prior,-1.0408918704162669,0.015555068610759927,-0.14973503095661772,-0.056916690163617494,0.0,0.0,-0.0009950525542607826,-0.16909787768527995
train,2026-05-09T19:05:02+08:00,btc-updown-5m-1778324700,buy_down,4.0,0.47,0.465,0.5156597414921088,0.05831212045594676,0.06265945909393841,0.03565974149210883,8.905990323643625,settle,btc,0.010832661965491977,0.19107453286643128,0.03875383404982296,-0.01225597818625873,0.0,0.0,-0.0009950525542607826,-0.16909787768527995
train,2026-05-09T19:10:01+08:00,btc-updown-5m-1778325000,buy_up,5.0,0.61,0.605,0.67984080820977,0.7445005317486791,0.753040318750395,0.05984080820977001,5.070012952970591,settle,btc,0.30837964259372136,0.38760367182039834,0.21497958685884877,0.0036305607152514892,0.0,0.0,-0.0009950525542607826,-0.16909787768527995
train,2026-05-09T19:20:02+08:00,btc-updown-5m-1778325600,buy_up,4.0,0.48,0.475,0.5758172268725232,0.2998030737800259,0.3056258648381632,0.08581722687252326,8.701242953793903,settle,btc,0.03191609967744088,0.30977052066624544,0.14049745017975773,-0.012288066503877398,0.0,0.0,-0.0009950525542607826,-0.16909787768527995
train,2026-05-09T19:30:02+08:00,btc-updown-5m-1778326200,buy_down,240.0,0.51,0.505,0.5451443209571376,0.1760039810058216,0.18107038898404942,0.025144320957137596,-8.438700259824756,settle,btc,0.0949807529284627,0.18340649295082176,0.00043255876056672206,0.06727710660551116,0.0,0.0,-0.0009950525542607826,-0.16909787768527995
train,2026-05-09T19:35:01+08:00,btc-updown-5m-1778326500,buy_up,101.0,0.21,0.205,0.2530285698392817,-1.0799175570847233,-1.0825245316799696,0.033028569839281686,-8.582127253251816,settle,market_prior,-0.6273036130232583,-0.186454357573332,-0.1419640799884387,0.04589742373984638,0.0,0.0,-0.0009950525542607826,-0.16909787768527995
train,2026-05-09T19:40:00+08:00,btc-updown-5m-1778326800,buy_down,97.0,0.48,0.475,0.5273463923318283,0.1048630799228105,0.10949483387682152,0.037346392331828356,-8.275088647543622,settle,btc,0.03191609967744088,0.2062287914081541,0.002557843058777657,0.03425327601797859,0.0,0.0,-0.0009950525542607826,-0.16909787768527995
train,2026-05-09T19:45:01+08:00,btc-updown-5m-1778327100,buy_up,4.0,0.42,0.41,0.4917821112683374,-0.036641708597819775,-0.032874515323250746,0.06178211126833739,-8.214493124745525,settle,btc,-0.10666692836217363,0.1730788663013044,0.051370940501283234,0.015668343201306962,0.0,0.0,-0.0009950525542607826,-0.16909787768527995
train,2026-05-09T19:50:00+08:00,btc-updown-5m-1778327400,buy_down,228.0,0.2,0.195,0.2351485555222105,-1.1762685031528395,-1.179464159164937,0.025148555522210493,-6.553068463961021,settle,market_prior,-0.6601323341729608,-0.24665179962051975,-0.1408824547049382,0.04149101558512012,0.0,0.0,-0.0009950525542607826,-0.16909787768527995
train,2026-05-09T19:55:00+08:00,btc-updown-5m-1778327700,buy_up,16.0,0.56,0.555,0.633733983333106,0.5409731081106878,0.5482693908500734,0.063733983333106,-8.016421763331225,settle,btc,0.20048393876117018,0.3074413253594993,0.19681170755832378,0.006329066671235335,0.0,0.0,-0.0009950525542607826,-0.16909787768527995
train,2026-05-09T20:00:01+08:00,btc-updown-5m-1778328000,buy_down,109.0,0.19,0.185,0.22022793511576919,-1.2606275042677728,-1.2643385737586894,0.02022793511576918,-5.123108075650696,settle,market_prior,-0.6942629458947523,-0.2771394844985646,-0.13851960581210032,0.01938746217718535,0.0,0.0,-0.0009950525542607826,-0.16909787768527995
train,2026-05-09T20:05:01+08:00,btc-updown-5m-1778328300,buy_down,29.0,0.26,0.255,0.3220728820619999,-0.7437091040274894,-0.7442619247552367,0.0520728820619999,21.743857174020246,settle,market_prior,-0.47856927676422595,0.05158135372160593,-0.1505844862660968,0.003956235520768135,0.0,0.0,-0.0009950525542607826,-0.16909787768527995
train,2026-05-09T20:10:01+08:00,btc-updown-5m-1778328600,buy_up,8.0,0.45,0.445,0.5038644490949863,0.011397403336899401,0.01545810418593482,0.043864449094986276,9.554191270053062,settle,btc,-0.031529957552086714,0.1192190698997701,0.10824159382932429,-0.014440372600567516,0.0,0.0,-0.0009950525542607826,-0.16909787768527995
train,2026-05-09T20:15:00+08:00,btc-updown-5m-1778328900,buy_down,9.0,0.53,0.525,0.5760581317296948,0.3007834550936104,0.30661223604893373,0.03605813172969475,-8.209393781853139,settle,btc,0.1370378815316424,0.20070068201110633,0.11541235320837671,0.017725468582025686,0.0,0.0,-0.0009950525542607826,-0.16909787768527995
train,2026-05-09T20:20:01+08:00,btc-updown-5m-1778329200,buy_up,4.0,0.37,0.365,0.49011340118993846,-0.04327819630037279,-0.03955155039085912,0.11011340118993847,13.363972704380869,settle,btc,-0.20632449435712288,0.23029512400934837,0.08351195744555623,0.019332146841386202,0.0,0.0,-0.0009950525542607826,-0.16909787768527995
train,2026-05-09T20:25:01+08:00,btc-updown-5m-1778329500,buy_down,25.0,0.34,0.335,0.3708423018336689,-0.5293618183079557,-0.5286050279835569,0.02084230183366887,-6.5901236461009045,settle,market_prior,-0.2756096560174177,0.038588378559456515,-0.155667652404168,0.033420041793714335,0.0,0.0,-0.0009950525542607826,-0.16909787768527995
train,2026-05-09T20:30:01+08:00,btc-updown-5m-1778329800,buy_down,4.0,0.64,0.635,0.6997655418609248,0.8370762395778103,0.8461816421865832,0.04976554186092475,4.398522473976285,settle,btc,0.3752784755662062,0.4614666494034644,0.16159284414383004,0.008831200703850439,0.0,0.0,-0.0009950525542607826,-0.16909787768527995
train,2026-05-09T20:35:01+08:00,btc-updown-5m-1778330100,buy_down,17.0,0.67,0.665,0.706913563861491,0.8711273843798361,0.8804408314031732,0.026913563861490915,3.8624466858899638,settle,market_prior,0.44456363722650116,0.340063426527488,0.23775309931622268,0.018840151549164894,0.0,0.0,-0.0009950525542607826,-0.16909787768527995
train,2026-05-09T20:40:00+08:00,btc-updown-5m-1778330400,buy_up,8.0,0.46,0.455,0.49083565231031073,-0.040405692718869346,-0.036661496494104245,0.02083565231031071,9.03083724049001,settle,btc,-0.010310199668486515,0.14819441394947389,-0.026095537944632114,0.017898561184316146,0.0,0.0,-0.0009950525542607826,-0.16909787768527995
train,2026-05-09T20:45:01+08:00,btc-updown-5m-1778330700,buy_up,4.0,0.49,0.485,0.5460770395705652,0.17974331651702524,0.18483257094789982,0.0460770395705652,8.383602640659095,settle,btc,0.052957295858109765,0.21016772125253205,0.08526929509833732,0.0014419345475868554,0.0,0.0,-0.0009950525542607826,-0.16909787768527995
train,2026-05-09T20:50:02+08:00,btc-updown-5m-1778331000,buy_up,12.0,0.47,0.465,0.519195009479106,0.07238447324002178,0.07681779061422117,0.03919500947910604,9.18272050938575,settle,btc,0.010832661965491977,0.09186950821066761,0.08880271169355694,0.050972521609846014,0.0,0.0,-0.0009950525542607826,-0.16909787768527995
train,2026-05-09T20:55:01+08:00,btc-updown-5m-1778331300,buy_up,103.0,0.21,0.205,0.24996354740786675,-1.0961008611999075,-1.098806711943076,0.029963547407866754,29.554655967776693,settle,market_prior,-0.6273036130232583,-0.1983794822457588,-0.14737685265030032,0.04705201695895062,0.0,0.0,-0.0009950525542607826,-0.16909787768527995
train,2026-05-09T21:00:02+08:00,btc-updown-5m-1778331600,buy_up,4.0,0.48,0.475,0.5176939056330314,0.0664083839019587,0.07080518878840034,0.02769390563303143,-8.868122470253796,settle,btc,0.03191609967744088,0.146271230292205,0.04150845657958319,0.01680552759227036,0.0,0.0,-0.0009950525542607826,-0.16909787768527995
train,2026-05-09T21:05:01+08:00,btc-updown-5m-1778331900,buy_up,8.0,0.51,0.505,0.5416196561516219,0.16188458728391877,0.1668647291169713,0.021619656151621876,8.092667439361497,settle,btc,0.0949807529284627,0.15662723881995255,0.04922271498796115,0.03114681078708315,0.0,0.0,-0.0009950525542607826,-0.16909787768527995
train,2026-05-09T21:10:01+08:00,btc-updown-5m-1778332200,buy_down,4.0,0.52,0.515,0.5513788055988207,0.2010239199230913,0.2062431937909901,0.021378805598820667,-8.846297094652037,settle,btc,0.11599668535097349,0.20187666462086887,0.06922913669725628,-0.015985636506466575,0.0,0.0,-0.0009950525542607826,-0.16909787768527995
train,2026-05-09T21:15:02+08:00,btc-updown-5m-1778332500,buy_up,114.0,0.18,0.175,0.21785739415695002,-1.2744011675348814,-1.2781963908399347,0.027857394156950023,-7.701717073501799,settle,market_prior,-0.7298511974964466,-0.26135394972333337,-0.16796992003904548,0.05486682996348461,0.0,0.0,-0.0009950525542607826,-0.16909787768527995
train,2026-05-09T21:20:00+08:00,btc-updown-5m-1778332800,buy_down,4.0,0.52,0.515,0.5716176230941357,0.28273556340637823,0.28845407602617223,0.04161762309413564,7.695260909434276,settle,btc,0.11599668535097349,0.22593148781279515,0.08642465688151366,0.024475663600636674,0.0,0.0,-0.0009950525542607826,-0.16909787768527995
train,2026-05-09T21:25:01+08:00,btc-updown-5m-1778333100,buy_up,4.0,0.47,0.465,0.5185554146535564,0.06983800079281166,0.07425575982462448,0.03855541465355639,-8.773642515194565,settle,btc,0.010832661965491977,0.22377161797751455,-0.01712932676402692,0.022455977853372798,0.0,0.0,-0.0009950525542607826,-0.16909787768527995
train,2026-05-09T21:30:02+08:00,btc-updown-5m-1778333400,buy_down,146.0,0.21,0.205,0.24171150021975474,-1.1403428936066504,-1.1433190526693984,0.021711500219754744,21.699836535387675,settle,market_prior,-0.6273036130232583,-0.26159309470630665,-0.13937318493306317,0.0580199292955183,0.0,0.0,-0.0009950525542607826,-0.16909787768527995
train,2026-05-09T21:35:01+08:00,btc-updown-5m-1778333700,buy_up,13.0,0.7,0.695,0.7507014653368009,1.0916958756652153,1.1023569438304432,0.040701465336800975,3.6126212407652623,settle,market_prior,0.5170075407690806,0.4968521344066539,0.2135057687671895,0.03442336196183215,0.0,0.0,-0.0009950525542607826,-0.16909787768527995
train,2026-05-09T21:40:01+08:00,btc-updown-5m-1778334000,buy_down,4.0,0.61,0.605,0.6979611713852506,0.8285545550066925,0.8376078921448914,0.07796117138525062,5.454710902492272,settle,btc,0.30837964259372136,0.43255654824458684,0.2691243743378063,-0.011413079929881208,0.0,0.0,-0.0009950525542607826,-0.16909787768527995
train,2026-05-09T21:45:02+08:00,btc-updown-5m-1778334300,buy_up,5.0,0.61,0.605,0.6795487113669996,0.7431669993953521,0.7516986388308301,0.05954871136699958,5.488691068770093,settle,btc,0.30837964259372136,0.3569236426994179,0.21901613698540984,0.028940507356343886,0.0,0.0,-0.0009950525542607826,-0.16909787768527995
train,2026-05-09T21:50:01+08:00,btc-updown-5m-1778334600,buy_down,4.0,0.44,0.435,0.5112634503466372,0.04082095297210586,0.04506142472734281,0.06126345034663722,-9.067173206369542,settle,btc,-0.052844462835857135,0.16116187106169055,0.10146656227126351,0.0011299127145496786,0.0,0.0,-0.0009950525542607826,-0.16909787768527995
train,2026-05-09T21:55:01+08:00,btc-updown-5m-1778334900,buy_up,4.0,0.51,0.5,0.541048514720902,0.159598269943683,0.16456444292031902,0.021048514720901974,8.258831751893197,settle,btc,0.08447699060454164,0.16150762082666065,0.06439851245070766,0.019308076301313794,0.0,0.0,-0.0009950525542607826,-0.16909787768527995
train,2026-05-09T22:00:01+08:00,btc-updown-5m-1778335200,buy_up,61.0,0.25,0.245,0.283070949684061,-0.9276029419098437,-0.9292793103499116,0.02307094968406099,-7.08424343301444,settle,market_prior,-0.5065812812578528,-0.08920643638748048,-0.15829317412493105,-0.003429119900038587,0.0,0.0,-0.0009950525542607826,-0.16909787768527995
train,2026-05-09T22:05:02+08:00,btc-updown-5m-1778335500,buy_up,4.0,0.47,0.465,0.5102943927326431,0.03696646900253672,0.04118339077537047,0.030294392732643123,-8.973706845523724,settle,btc,0.010832661965491977,0.15202493776858317,0.05673312972843617,-0.012531330220433849,0.0,0.0,-0.0009950525542607826,-0.16909787768527995
train,2026-05-09T22:10:01+08:00,btc-updown-5m-1778335800,buy_up,4.0,0.64,0.635,0.7162628707901334,0.9164089229242594,0.9259990294030074,0.06626287079013339,4.756181473268791,settle,btc,0.3752784755662062,0.43343295719445485,0.2644795692147649,0.013310851188374016,0.0,0.0,-0.0009950525542607826,-0.16909787768527995
train,2026-05-09T22:15:01+08:00,btc-updown-5m-1778336100,buy_down,4.0,0.54,0.535,0.5893658424596703,0.3551832741535329,0.36134442509449183,0.03936584245967024,7.287149471543968,settle,btc,0.1581213192435915,0.2166235584745203,0.10857773218871594,0.041953594486245915,0.0,0.0,-0.0009950525542607826,-0.16909787768527995
train,2026-05-09T22:20:00+08:00,btc-updown-5m-1778336400,buy_up,9.0,0.53,0.525,0.5754224264967694,0.2981967192986342,0.3040096959120705,0.03542242649676942,-8.983817857937415,settle,btc,0.1370378815316424,0.18442963518441063,0.1079104149441464,0.03891171787797556,0.0,0.0,-0.0009950525542607826,-0.16909787768527995
train,2026-05-09T22:25:01+08:00,btc-updown-5m-1778336700,buy_down,4.0,0.48,0.475,0.5728103708237949,0.2875786074231141,0.29332670989261883,0.08281037082379496,-8.90943794619693,settle,btc,0.03191609967744088,0.30394697201680276,0.10687961712436053,0.014928848844050735,0.0,0.0,-0.0009950525542607826,-0.16909787768527995
train,2026-05-09T22:30:00+08:00,btc-updown-5m-1778337000,buy_down,118.0,0.54,0.535,0.5714721228476173,0.28214500522290054,0.28785990967233016,0.021472122847617243,7.198765252105715,settle,market_prior,0.1581213192435915,0.15640592627068886,0.11769612134194214,0.020014568606218756,0.0,0.0,-0.0009950525542607826,-0.16909787768527995
train,2026-05-09T22:35:00+08:00,btc-updown-5m-1778337300,buy_down,54.0,0.57,0.565,0.6041877168348103,0.4164096431302416,0.4229448726569196,0.024187716834810365,-8.863321848996126,settle,market_prior,0.2217984440449403,0.2209534005062421,0.12050236941620292,0.023248359402396966,0.0,0.0,-0.0009950525542607826,-0.16909787768527995
train,2026-05-09T22:40:01+08:00,btc-updown-5m-1778337600,buy_up,178.0,0.48,0.475,0.5418147465685886,0.16266564728336574,0.16765056120767305,0.05181474656858865,9.16073978259283,settle,btc,0.03191609967744088,0.21950734688035708,0.05420475627054854,0.027130374694559978,0.0,0.0,-0.0009950525542607826,-0.16909787768527995
train,2026-05-09T22:45:00+08:00,btc-updown-5m-1778337900,buy_down,44.0,0.4,0.395,0.430631506945873,-0.2815459739283516,-0.27927508760032477,0.020631506945872964,-7.677772148464538,settle,market_prior,-0.13942566138463808,0.014625298240020889,0.008846313809186499,0.004501005646619824,0.0,0.0,-0.0009950525542607826,-0.16909787768527995
train,2026-05-09T22:50:01+08:00,btc-updown-5m-1778338200,buy_down,8.0,0.55,0.545,0.6123417743921806,0.4504234461309188,0.4571664919226158,0.05234177439218058,6.909361930319388,settle,btc,0.17926418087756993,0.2940981951993688,0.128380063527639,0.018773936765881707,0.0,0.0,-0.0009950525542607826,-0.16909787768527995
train,2026-05-09T22:55:01+08:00,btc-updown-5m-1778338500,buy_up,8.0,0.44,0.435,0.532751343285634,0.1264297000526473,0.13119322093799435,0.08275134328563401,10.882245040253041,settle,btc,-0.052844462835857135,0.24429477318569567,0.12988573170365386,-0.024813411761304374,0.0,0.0,-0.0009950525542607826,-0.16909787768527995
train,2026-05-09T23:00:01+08:00,btc-updown-5m-1778338800,buy_down,134.0,0.26,0.255,0.29708108449256304,-0.8599732640285496,-0.8612364311849665,0.02708108449256303,-8.374681072274665,settle,market_prior,-0.47856927676422595,-0.05893707029576008,-0.1631281265012678,0.010754139772245045,0.0,0.0,-0.0009950525542607826,-0.16909787768527995
train,2026-05-09T23:05:00+08:00,btc-updown-5m-1778339100,buy_down,8.0,0.52,0.515,0.5983385515079448,0.3921600969792651,0.3985471675332636,0.06833855150794478,7.891364780355078,settle,btc,0.11599668535097349,0.32101294503505445,0.1434394911598788,-0.018196094327100915,0.0,0.0,-0.0009950525542607826,-0.16909787768527995
train,2026-05-09T23:10:00+08:00,btc-updown-5m-1778339400,buy_down,8.0,0.43,0.425,0.5092759729062428,0.03291597502858355,0.03710814924439956,0.06927597290624284,-9.014664048050552,settle,btc,-0.07427203910466089,0.22666370027627414,0.047227634311825924,0.0033896097846851194,0.0,0.0,-0.0009950525542607826,-0.16909787768527995
train,2026-05-09T23:15:01+08:00,btc-updown-5m-1778339700,buy_up,5.0,0.55,0.545,0.6318076529204788,0.532733576125613,0.5399795172797719,0.07180765292047876,6.975710943364206,settle,btc,0.17926418087756993,0.3617994590182456,0.1575209561777747,0.004241910291563495,0.0,0.0,-0.0009950525542607826,-0.16909787768527995
train,2026-05-09T23:20:01+08:00,btc-updown-5m-1778340000,buy_up,4.0,0.48,0.475,0.5793701150497075,0.3142769678709496,0.3201881909873956,0.0893701150497075,9.338733025428834,settle,btc,0.03191609967744088,0.30873630629541415,0.14003272216203924,0.003684769975596,0.0,0.0,-0.0009950525542607826,-0.16909787768527995
train,2026-05-09T23:25:01+08:00,btc-updown-5m-1778340300,buy_up,4.0,0.48,0.475,0.5864781657769815,0.3433363538187898,0.3494251228877218,0.09647816577698155,9.437957063824015,settle,btc,0.03191609967744088,0.3414104164945562,0.15084790168644988,-0.010745133800116421,0.0,0.0,-0.0009950525542607826,-0.16909787768527995
train,2026-05-09T23:30:01+08:00,btc-updown-5m-1778340600,buy_up,4.0,0.48,0.475,0.6465967801764536,0.5964778115176101,0.6041132148238076,0.15659678017645362,9.538235357627144,settle,btc,0.03191609967744088,0.3951156420777766,0.20275269258788897,0.13678630741404446,0.0,0.0,-0.0009950525542607826,-0.16909787768527995
train,2026-05-09T23:35:01+08:00,btc-updown-5m-1778340900,buy_up,4.0,0.45,0.445,0.5548969869379335,0.21517103262495157,0.2204767419944156,0.09489698693793354,10.887054051729242,settle,btc,-0.031529957552086714,0.27546499485858217,0.11797493733404867,0.023353988223948203,0.0,0.0,-0.0009950525542607826,-0.16909787768527995
train,2026-05-09T23:40:00+08:00,btc-updown-5m-1778341200,buy_up,5.0,0.47,0.465,0.5311930187587255,0.1202088130586932,0.12493432580069433,0.05119301875872551,-9.376764851361697,settle,btc,0.010832661965491977,0.17303788684264765,0.1237605418337896,-0.01732934734369529,0.0,0.0,-0.0009950525542607826,-0.16909787768527995
train,2026-05-09T23:45:01+08:00,btc-updown-5m-1778341500,buy_down,144.0,0.2,0.195,0.24109491389065993,-1.1436894232422516,-1.1466860288069576,0.031094913890659916,-9.272144109733366,settle,market_prior,-0.6601323341729608,-0.22218044125746872,-0.16128564890507152,0.07000193133279001,0.0,0.0,-0.0009950525542607826,-0.16909787768527995
train,2026-05-09T23:50:01+08:00,btc-updown-5m-1778341800,buy_down,4.0,0.54,0.535,0.5919463201026748,0.3657912579402251,0.3720172211448962,0.041946320102674746,7.495772078345035,settle,btc,0.1581213192435915,0.2612420001850362,0.10475325242885443,0.011767616322283665,0.0,0.0,-0.0009950525542607826,-0.16909787768527995
train,2026-05-09T23:55:02+08:00,btc-updown-5m-1778342100,buy_up,114.0,0.26,0.255,0.2942371163799815,-0.8735472605538909,-0.8748933616080322,0.0242371163799815,20.851653152925273,settle,market_prior,-0.47856927676422595,-0.11195913430927928,-0.15512948178530694,0.04220356254446217,0.0,0.0,-0.0009950525542607826,-0.16909787768527995
train,2026-05-10T00:00:01+08:00,btc-updown-5m-1778342400,buy_down,8.0,0.26,0.255,0.36847060281469196,-0.5394785384526012,-0.5387835588876362,0.09847060281469196,26.05089440314817,settle,market_prior,-0.47856927676422595,0.17972824641966065,-0.11052839228622147,0.03998381441772645,0.0,0.0,-0.0009950525542607826,-0.16909787768527995
train,2026-05-10T00:05:00+08:00,btc-updown-5m-1778342700,buy_up,4.0,0.52,0.515,0.5871836317126425,0.34622829835904145,0.3523347365228696,0.05718363171264252,8.621706835516088,settle,btc,0.11599668535097349,0.2649134141010119,0.11041652841081931,0.024994600735777524,0.0,0.0,-0.0009950525542607826,-0.16909787768527995
train,2026-05-10T00:10:01+08:00,btc-updown-5m-1778343000,buy_up,5.0,0.51,0.505,0.5604517724819866,0.23755329160970695,0.24299575127036332,0.04045177248198662,9.058942831730246,settle,btc,0.0949807529284627,0.18819256602372325,0.10837561822735445,0.01609728466970727,0.0,0.0,-0.0009950525542607826,-0.16909787768527995
train,2026-05-10T00:15:00+08:00,btc-updown-5m-1778343300,buy_up,4.0,0.49,0.485,0.6317358070765501,0.5324266181144606,0.539670683828011,0.13173580707655008,9.91399610921499,settle,btc,0.052957295858109765,0.42309210732647373,0.19185177726282043,0.03461836790659737,0.0,0.0,-0.0009950525542607826,-0.16909787768527995
train,2026-05-10T00:20:02+08:00,btc-updown-5m-1778343600,buy_up,4.0,0.45,0.445,0.5989041864787155,0.3944999279322785,0.40090129429816906,0.13890418647871544,11.777827377747409,settle,btc,-0.031529957552086714,0.40799356737195464,0.17684073552438262,0.011288512827568683,0.0,0.0,-0.0009950525542607826,-0.16909787768527995
train,2026-05-10T00:25:00+08:00,btc-updown-5m-1778343900,buy_up,22.0,0.6,0.595,0.6441936373934342,0.5860410652203003,0.593612702483212,0.03419363739343418,-10.098178328931986,settle,market_prior,0.28649664736570424,0.26966730425241525,0.17425126045179173,0.02571878338992973,0.0,0.0,-0.0009950525542607826,-0.16909787768527995
train,2026-05-10T00:30:01+08:00,btc-updown-5m-1778344200,buy_up,139.0,0.26,0.255,0.2978425247432671,-0.8563517556244095,-0.8575927962238439,0.0278425247432671,-9.603595192514051,settle,market_prior,-0.47856927676422595,-0.1009173522049503,-0.1498682376192649,0.04309604120357251,0.0,0.0,-0.0009950525542607826,-0.16909787768527995
train,2026-05-10T00:35:01+08:00,btc-updown-5m-1778344500,buy_up,4.0,0.54,0.535,0.5782721372961069,0.3098004798979689,0.31568435273514944,0.0282721372961069,-9.915905884587444,settle,btc,0.1581213192435915,0.16460679773481063,0.1282877920675861,0.02887750109152141,0.0,0.0,-0.0009950525542607826,-0.16909787768527995
train,2026-05-10T00:40:01+08:00,btc-updown-5m-1778344800,buy_up,17.0,0.37,0.355,0.4034383267035358,-0.39275045131220565,-0.39115899795269604,0.0234383267035358,15.018738109242566,settle,market_prior,-0.2291194626958779,0.023704528352357798,-0.0400955784532285,0.022852991724083813,0.0,0.0,-0.0009950525542607826,-0.16909787768527995
train,2026-05-10T00:45:01+08:00,btc-updown-5m-1778345100,buy_down,241.0,0.35,0.345,0.3945799789412286,-0.4294677316278199,-0.4281006121382012,0.03457997894122861,17.89557944490497,settle,market_prior,-0.25220506532001336,0.1029033830517731,-0.14350185858725806,0.03342873946721919,0.0,0.0,-0.0009950525542607826,-0.16909787768527995
train,2026-05-10T00:50:00+08:00,btc-updown-5m-1778345400,buy_down,4.0,0.5,0.495,0.5338502944255898,0.1308182789456263,0.13560861300662036,0.023850294425589842,-10.164912819449084,settle,btc,0.07397322828062054,0.15877522251341347,0.07516179783086495,-0.006999039439731905,0.0,0.0,-0.0009950525542607826,-0.16909787768527995
train,2026-05-10T00:55:01+08:00,btc-updown-5m-1778345700,buy_down,8.0,0.36,0.355,0.4188619663219677,-0.32942523386554573,-0.32744687845421255,0.048861966321967716,17.26191543157719,settle,market_prior,-0.2291194626958779,0.15953004341638624,-0.07146019591366957,-0.01828268843284382,0.0,0.0,-0.0009950525542607826,-0.16909787768527995
train,2026-05-10T01:00:01+08:00,btc-updown-5m-1778346000,buy_up,73.0,0.63,0.625,0.6678145800314772,0.6901097808839339,0.6983172533045349,0.027814580031477194,5.7351833311444205,settle,btc,0.35274759476482526,0.3917080449419031,0.04920908372556826,0.0665379876911781,0.0,0.0,-0.0009950525542607826,-0.16909787768527995
train,2026-05-10T01:05:01+08:00,btc-updown-5m-1778346300,buy_up,13.0,0.65,0.645,0.7561098964332454,1.1206311468448877,1.13146900265082,0.09610989643324543,5.279898008241263,settle,btc,0.39807344390496124,0.5676196328882779,0.2944381724575126,0.0305928278336767,0.0,0.0,-0.0009950525542607826,-0.16909787768527995
train,2026-05-10T01:10:01+08:00,btc-updown-5m-1778346600,buy_up,9.0,0.44,0.435,0.5258956852630912,0.09907909016375631,0.103675505312853,0.07589568526309116,-10.377328952962424,settle,btc,-0.052844462835857135,0.23205884482096972,0.06263409819846955,0.027323540219714917,0.0,0.0,-0.0009950525542607826,-0.16909787768527995
train,2026-05-10T01:15:02+08:00,btc-updown-5m-1778346900,buy_down,25.0,0.46,0.455,0.49134992646679077,-0.038360438892531615,-0.03460374665221668,0.021349926466790743,11.437257517381825,settle,btc,-0.010310199668486515,0.10853096943991294,-0.02603186528479258,0.05954358686037529,0.0,0.0,-0.0009950525542607826,-0.16909787768527995
train,2026-05-10T01:20:01+08:00,btc-updown-5m-1778347200,buy_up,4.0,0.54,0.535,0.5793098399132282,0.3140311417087971,0.3199408628857257,0.029309839913228115,8.46443410711732,settle,btc,0.1581213192435915,0.20849706726870337,0.08155109465829274,0.035954590777750185,0.0,0.0,-0.0009950525542607826,-0.16909787768527995
train,2026-05-10T01:25:01+08:00,btc-updown-5m-1778347500,buy_up,8.0,0.51,0.505,0.6234418714196475,0.4971545422920449,0.5041831039922177,0.10344187141964746,9.639496724340669,settle,btc,0.0949807529284627,0.34807846487950017,0.1899312437391768,0.03425701098444608,0.0,0.0,-0.0009950525542607826,-0.16909787768527995
train,2026-05-10T01:30:02+08:00,btc-updown-5m-1778347800,buy_up,17.0,0.65,0.645,0.7109612563239994,0.890624625679046,0.9000571962201179,0.0509612563239994,5.407757662355115,settle,btc,0.39807344390496124,0.43608885144236254,0.26702473170812974,-0.040469471136866726,0.0,0.0,-0.0009950525542607826,-0.16909787768527995
train,2026-05-10T01:35:01+08:00,btc-updown-5m-1778348100,buy_up,4.0,0.47,0.46,0.5934782346809538,0.3720985703947875,0.37836306978186046,0.11347823468095387,11.49801630427455,settle,btc,0.0002697433423436137,0.3815067696669765,0.18379854957658923,-0.023383561951581165,0.0,0.0,-0.0009950525542607826,-0.16909787768527995
train,2026-05-10T01:40:02+08:00,btc-updown-5m-1778348400,buy_down,207.0,0.3,0.295,0.3564043224951527,-0.5913827324949447,-0.5910048752389578,0.0464043224951527,24.167061345999834,settle,market_prior,-0.3730634325834561,0.13167568821600847,-0.18420568802843085,0.004303630140474534,0.0,0.0,-0.0009950525542607826,-0.16909787768527995
train,2026-05-10T01:45:01+08:00,btc-updown-5m-1778348700,buy_up,5.0,0.46,0.455,0.5527779134245819,0.20664737658717613,0.21190100844087276,0.08277791342458192,-10.982764428894308,settle,btc,-0.010310199668486515,0.27485778305185565,0.10866292786169943,0.003529795581648341,0.0,0.0,-0.0009950525542607826,-0.16909787768527995
train,2026-05-10T01:50:01+08:00,btc-updown-5m-1778349000,buy_up,51.0,0.54,0.53,0.5745524384743135,0.2946583112996378,0.30044966907984777,0.02455243847431344,-10.836284296538883,settle,btc,0.14757325207762895,0.2249008094850765,0.08465563061330146,0.007621549363171618,0.0,0.0,-0.0009950525542607826,-0.16909787768527995
train,2026-05-10T01:55:00+08:00,btc-updown-5m-1778349300,buy_down,8.0,0.49,0.485,0.5972306020438454,0.38758003476796854,0.39393912222868316,0.09723060204384538,-10.745814390538094,settle,btc,0.052957295858109765,0.27915552943701943,0.19808833401541553,0.027471805696964578,0.0,0.0,-0.0009950525542607826,-0.16909787768527995
train,2026-05-10T02:00:01+08:00,btc-updown-5m-1778349600,buy_up,5.0,0.66,0.655,0.7723692069077789,1.2103516682077058,1.2217376951089083,0.10236920690777886,5.211719979410974,settle,btc,0.42115904652909675,0.6475808171069362,0.28614754114155033,0.02555719366966328,0.0,0.0,-0.0009950525542607826,-0.16909787768527995
train,2026-05-10T02:05:00+08:00,btc-updown-5m-1778349900,buy_up,123.0,0.32,0.315,0.3578403076179048,-0.585166035808212,-0.5847501960106621,0.0278403076179048,21.933197800852373,settle,market_prior,-0.3234998014092145,0.04827233267875975,-0.13018119803031794,-0.00966443880789856,0.0,0.0,-0.0009950525542607826,-0.16909787768527995
train,2026-05-10T02:10:01+08:00,btc-updown-5m-1778350200,buy_down,48.0,0.53,0.525,0.569108255091139,0.27255745756543015,0.2782137843737525,0.02910825509113902,-10.896679497692972,settle,btc,0.1370378815316424,0.21503576388377502,0.053719510042186586,0.03685723234736694,0.0,0.0,-0.0009950525542607826,-0.16909787768527995
train,2026-05-10T02:15:02+08:00,btc-updown-5m-1778350500,buy_down,66.0,0.44,0.435,0.47122544660392757,-0.11849263479596289,-0.11522553125762569,0.021225446603927563,12.538556329015968,settle,btc,-0.052844462835857135,0.141581385632496,-0.03866490782091987,0.0015282804678588891,0.0,0.0,-0.0009950525542607826,-0.16909787768527995
train,2026-05-10T02:20:02+08:00,btc-updown-5m-1778350800,buy_up,54.0,0.31,0.305,0.3446505877823557,-0.6427017426709958,-0.6426374323894255,0.02465058778235569,20.984949079788077,settle,market_prior,-0.3480535595599974,-0.00032351475403748025,-0.14948555873617866,0.025253820618758485,0.0,0.0,-0.0009950525542607826,-0.16909787768527995
train,2026-05-10T02:25:01+08:00,btc-updown-5m-1778351100,buy_up,19.0,0.78,0.775,0.9301479083520562,2.5692748594993398,2.5889635846332686,0.14014790835205615,2.940311606544225,settle,btc,0.7339883732600329,1.5624638547668424,0.42512757050450756,0.0177879912074975,0.0,0.0,-0.0009950525542607826,-0.16909787768527995
train,2026-05-10T02:30:01+08:00,btc-updown-5m-1778351400,buy_down,4.0,0.5,0.495,0.5436177096914208,0.16988641494945034,0.1749154460507433,0.03361770969142076,10.731549301565114,settle,btc,0.07397322828062054,0.18859466098192282,0.06001771970058755,0.017393736225860202,0.0,0.0,-0.0009950525542607826,-0.16909787768527995
train,2026-05-10T02:35:00+08:00,btc-updown-5m-1778351700,buy_down,12.0,0.68,0.675,0.7521643838797485,1.0994805766393596,1.1101892074802666,0.06216438387974844,5.041090531607652,settle,btc,0.468317628911679,0.523587163835189,0.24276045312895356,0.034908261003078866,0.0,0.0,-0.0009950525542607826,-0.16909787768527995
train,2026-05-10T02:40:01+08:00,btc-updown-5m-1778352000,buy_up,167.0,0.14,0.135,0.18723336054182507,-1.4631399036235475,-1.4680882758192904,0.03723336054182506,-11.901735975142353,settle,market_prior,-0.8910036412002267,-0.2278243910324254,-0.1663480303117301,-0.007870910839624663,0.0,0.0,-0.0009950525542607826,-0.16909787768527995
train,2026-05-10T02:45:02+08:00,btc-updown-5m-1778352300,buy_down,4.0,0.51,0.505,0.5526006693993848,0.20593479285969696,0.21118407099591144,0.03260066939938478,10.342841929770765,settle,btc,0.0949807529284627,0.17740296733170166,0.0714457675128577,0.032198235326215664,0.0,0.0,-0.0009950525542607826,-0.16909787768527995
train,2026-05-10T02:50:02+08:00,btc-updown-5m-1778352600,buy_down,198.0,0.12,0.105,0.1869319837728568,-1.4651095331283237,-1.470069939292957,0.056931983772856805,-12.017089467152408,settle,market_prior,-1.0408918704162669,-0.12261069604038295,-0.117304516443802,-0.014209519988331247,0.0,0.0,-0.0009950525542607826,-0.16909787768527995
train,2026-05-10T02:55:01+08:00,btc-updown-5m-1778352900,buy_down,4.0,0.53,0.525,0.5818105644938915,0.3242382948732968,0.3302103793339512,0.04181056449389143,9.523325385855673,settle,btc,0.1370378815316424,0.24347784510467635,0.11841734347240136,-0.004601844995882558,0.0,0.0,-0.0009950525542607826,-0.16909787768527995
train,2026-05-10T03:00:02+08:00,btc-updown-5m-1778353200,buy_down,33.0,0.25,0.245,0.28397310348968247,-0.9231888044519274,-0.9248382035595815,0.023973103489682464,26.179084957940546,settle,market_prior,-0.5065812812578528,-0.10113921723872092,-0.16378920889233267,0.018413833176519775,0.0,0.0,-0.0009950525542607826,-0.16909787768527995
train,2026-05-10T03:05:02+08:00,btc-updown-5m-1778353500,buy_up,21.0,0.44,0.435,0.471133378310768,-0.11885989178502376,-0.11559503209974137,0.02113337831076801,13.361143479090295,settle,btc,-0.052844462835857135,0.10127305096482092,-0.03969167495225703,0.04249612527781021,0.0,0.0,-0.0009950525542607826,-0.16909787768527995
train,2026-05-10T03:10:02+08:00,btc-updown-5m-1778353800,buy_down,45.0,0.59,0.585,0.6210370745654032,0.48698596918829096,0.49395240331975426,0.021037074565403276,-11.65745350498626,settle,market_prior,0.264785563193208,0.26131702137230994,0.09769315538700589,0.0332831594753079,0.0,0.0,-0.0009950525542607826,-0.16909787768527995
train,2026-05-10T03:15:01+08:00,btc-updown-5m-1778354100,buy_down,4.0,0.53,0.525,0.6126477524517215,0.45170478790295987,0.45845566238882773,0.07264775245172152,-11.560674645699581,settle,btc,0.1370378815316424,0.3115326157433621,0.1413201326577547,0.031907088209741356,0.0,0.0,-0.0009950525542607826,-0.16909787768527995
train,2026-05-10T03:20:01+08:00,btc-updown-5m-1778354400,buy_up,25.0,0.31,0.305,0.3615058741600656,-0.569346676946915,-0.5688341846205818,0.04150587416006558,-11.593271052108005,settle,market_prior,-0.3480535595599974,0.037423878518569036,-0.11149557570604461,0.02287151004009869,0.0,0.0,-0.0009950525542607826,-0.16909787768527995
train,2026-05-10T03:25:01+08:00,btc-updown-5m-1778354700,buy_down,4.0,0.51,0.505,0.6814748817935227,0.7519726175749258,0.7605580572479493,0.16147488179352265,10.46122223172569,settle,btc,0.0949807529284627,0.5678586698258419,0.24182265419894772,0.017403470861214264,0.0,0.0,-0.0009950525542607826,-0.16909787768527995
train,2026-05-10T03:30:01+08:00,btc-updown-5m-1778355000,buy_down,4.0,0.47,0.465,0.5529698873124963,0.20741924042248422,0.21267758818105492,0.07296988731249633,12.413241784326424,settle,btc,0.010832661965491977,0.2559118184273988,0.10240853965269736,0.008359150616436807,0.0,0.0,-0.0009950525542607826,-0.16909787768527995
train,2026-05-10T03:35:00+08:00,btc-updown-5m-1778355300,buy_down,25.0,0.54,0.535,0.5712463491098556,0.28122873126051984,0.2869380374934668,0.021246349109855574,9.45316105114089,settle,btc,0.1581213192435915,0.1671675204881501,0.13109053986560895,-0.005057718097289927,0.0,0.0,-0.0009950525542607826,-0.16909787768527995
train,2026-05-10T03:40:00+08:00,btc-updown-5m-1778355600,buy_down,57.0,0.14,0.135,0.1724708170868901,-1.5626599113109387,-1.568216327138023,0.02247081708689009,-8.005455958568886,settle,market_prior,-0.8910036412002267,-0.35175571151956947,-0.17255096556058755,0.02274333720898549,0.0,0.0,-0.0009950525542607826,-0.16909787768527995
train,2026-05-10T03:45:01+08:00,btc-updown-5m-1778355900,buy_down,46.0,0.58,0.575,0.6200134880336462,0.4826654387148782,0.48960547543039046,0.030013488033646236,-11.55410255905849,settle,market_prior,0.24322602031374418,0.2238221334891615,0.1555348539251677,0.030175361226345624,0.0,0.0,-0.0009950525542607826,-0.16909787768527995
train,2026-05-10T03:50:01+08:00,btc-updown-5m-1778356200,buy_up,4.0,0.66,0.655,0.7038035857123675,0.8562539497493534,0.8654765236164942,0.03380358571236742,5.621364643352101,settle,market_prior,0.42115904652909675,0.34983545171562375,0.24389958619255206,0.011452795551621599,0.0,0.0,-0.0009950525542607826,-0.16909787768527995
train,2026-05-10T03:55:01+08:00,btc-updown-5m-1778356500,buy_down,25.0,0.33,0.325,0.36298154111232317,-0.562997932604042,-0.562446650956301,0.022981541112323152,-9.982679932706608,settle,market_prior,-0.2993636477025956,0.02956227217183166,-0.12274699589494799,-0.00035663093878928706,0.0,0.0,-0.0009950525542607826,-0.16909787768527995
train,2026-05-10T04:00:02+08:00,btc-updown-5m-1778356800,buy_down,4.0,0.72,0.71,0.7513203035667667,1.094985189807646,1.1056663549017454,0.021320303566766736,4.199668550178997,settle,market_prior,0.5547063762958909,0.4716100348360937,0.24348453684178514,-0.0047228279265833775,0.0,0.0,-0.0009950525542607826,-0.16909787768527995
train,2026-05-10T04:05:00+08:00,btc-updown-5m-1778357100,buy_down,20.0,0.55,0.545,0.5831319272578706,0.3296385727742901,0.33564365165145904,0.023131927257870506,8.992890255449957,settle,market_prior,0.17926418087756993,0.16744671223870825,0.11970188346577193,0.033318726431780736,0.0,0.0,-0.0009950525542607826,-0.16909787768527995
train,2026-05-10T04:10:01+08:00,btc-updown-5m-1778357400,buy_up,146.0,0.2,0.195,0.2475010773747218,-1.1091987541055972,-1.1119846298663512,0.03750107737472178,-11.897593807960295,settle,market_prior,-0.6601323341729608,-0.13524215503018455,-0.17144455710735704,0.02771322244444617,0.0,0.0,-0.0009950525542607826,-0.16909787768527995
train,2026-05-10T04:15:02+08:00,btc-updown-5m-1778357700,buy_up,229.0,0.27,0.265,0.3238149826398522,-0.7357899846764068,-0.7362944214640887,0.04381498263985218,-11.627327479483172,settle,market_prior,-0.45127090848744356,0.053150360918966966,-0.14424026402639747,-0.023336242841991997,0.0,0.0,-0.0009950525542607826,-0.16909787768527995
train,2026-05-10T04:20:00+08:00,btc-updown-5m-1778358000,buy_up,145.0,0.42,0.415,0.4629397981201024,-0.15157813501842313,-0.14851317603541198,0.0329397981201024,-11.359978044920908,settle,liquidity_micro,-0.09583158198412475,0.03327186518626948,-0.039949344264378225,0.12102385628335116,0.0,0.0,-0.0009950525542607826,-0.16909787768527995
train,2026-05-10T04:25:00+08:00,btc-updown-5m-1778358300,buy_up,8.0,0.52,0.515,0.5611827391799208,0.24050304477250678,0.24596352672502533,0.031182739179920767,9.926212658491064,settle,btc,0.11599668535097349,0.23363643197689,0.07771490968609715,-0.016752052001913105,0.0,0.0,-0.0009950525542607826,-0.16909787768527995
train,2026-05-10T04:30:02+08:00,btc-updown-5m-1778358600,buy_down,9.0,0.3,0.295,0.37528319643476765,-0.5104895964250165,-0.5096175013032022,0.06528319643476767,25.487346166794897,settle,market_prior,-0.3730634325834561,0.03203121817083483,-0.004492240591018905,0.005127788818164444,0.0,0.0,-0.0009950525542607826,-0.16909787768527995
train,2026-05-10T04:35:00+08:00,btc-updown-5m-1778358900,buy_down,127.0,0.15,0.145,0.21313894299668235,-1.302142700116566,-1.3061074176027585,0.05313894299668235,-12.09208353791591,settle,market_prior,-0.8473687897337343,-0.1585270415494675,-0.14828315871438613,0.022129220120562742,0.0,0.0,-0.0009950525542607826,-0.16909787768527995
train,2026-05-10T04:45:00+08:00,btc-updown-5m-1778359500,buy_up,175.0,0.27,0.265,0.3029057786928654,-0.8324040612292533,-0.8334987870986083,0.02290577869286537,-9.123711273655562,settle,market_prior,-0.45127090848744356,-0.043500085262525356,-0.17952726105945932,0.011987123819715829,0.0,0.0,-0.0009950525542607826,-0.16909787768527995
train,2026-05-10T04:50:01+08:00,btc-updown-5m-1778359800,buy_up,4.0,0.54,0.535,0.5924834554713168,0.36800194744416426,0.37424141743711825,0.04248345547131672,-11.330173523656017,settle,btc,0.1581213192435915,0.2655379675719581,0.08322088797213968,0.031214702896015696,0.0,0.0,-0.0009950525542607826,-0.16909787768527995
train,2026-05-10T04:55:02+08:00,btc-updown-5m-1778360100,buy_up,96.0,0.68,0.66,0.7287714105106345,0.9784291129039401,0.9883981480263653,0.03877141051063449,5.019660700540596,settle,btc,0.4328196190122927,0.46589531217985747,0.24161689163810127,0.008190220313229454,0.0,0.0,-0.0009950525542607826,-0.16909787768527995
train,2026-05-10T05:00:02+08:00,btc-updown-5m-1778360400,buy_down,16.0,0.37,0.365,0.402492905187976,-0.3966562777433102,-0.3950886880564604,0.022492905187975983,-10.139670405185354,settle,market_prior,-0.20632449435712288,-0.055615046346439594,0.0515872535630963,-0.016211060363303293,0.0,0.0,-0.0009950525542607826,-0.16909787768527995
train,2026-05-10T05:05:00+08:00,btc-updown-5m-1778360700,buy_up,4.0,0.5,0.495,0.5892421942745535,0.3546754860411341,0.360833534517222,0.07924219427455349,10.740475165669494,settle,btc,0.07397322828062054,0.2811929513745166,0.12622290955752455,0.043379327068013215,0.0,0.0,-0.0009950525542607826,-0.16909787768527995
train,2026-05-10T05:10:01+08:00,btc-updown-5m-1778361000,buy_up,132.0,0.31,0.305,0.3767599035386482,-0.5042340233858738,-0.5033237081972083,0.05675990353864819,24.276160760892942,settle,market_prior,-0.3480535595599974,0.09025261498257589,-0.11564743179906309,0.039307283230151556,0.0,0.0,-0.0009950525542607826,-0.16909787768527995
train,2026-05-10T05:15:02+08:00,btc-updown-5m-1778361300,buy_up,4.0,0.47,0.465,0.5264251396445231,0.10118982517375967,0.10579913641290001,0.04642513964452311,-11.550469680677175,settle,btc,0.010832661965491977,0.1782780717993994,0.06828419197127755,0.013887829677131503,0.0,0.0,-0.0009950525542607826,-0.16909787768527995
train,2026-05-10T05:20:02+08:00,btc-updown-5m-1778361600,buy_down,5.0,0.56,0.555,0.6024336182011392,0.4091248425238472,0.41561556364746893,0.03243361820113911,8.595646402693223,settle,btc,0.20048393876117018,0.23839238740912602,0.11357670356759257,0.026764743025499204,0.0,0.0,-0.0009950525542607826,-0.16909787768527995
train,2026-05-10T05:25:02+08:00,btc-updown-5m-1778361900,buy_down,13.0,0.61,0.605,0.6428848762395989,0.5803704700030586,0.5879074612747984,0.0228848762395989,-11.465209395061642,settle,market_prior,0.30837964259372136,0.30562478469109133,0.09393962261584313,0.04251935034194359,0.0,0.0,-0.0009950525542607826,-0.16909787768527995
train,2026-05-10T05:30:01+08:00,btc-updown-5m-1778362200,buy_down,5.0,0.47,0.465,0.500413055334425,-0.0023246407025727354,0.0016522217135578558,0.020413055334425063,11.894906912463586,settle,btc,0.010832661965491977,0.1179461906740069,0.029984022045917005,0.009005414851552129,0.0,0.0,-0.0009950525542607826,-0.16909787768527995
train,2026-05-10T05:35:00+08:00,btc-updown-5m-1778362500,buy_up,155.0,0.34,0.335,0.3840720537210694,-0.4733985242526165,-0.4722998114813654,0.03407205372106937,-11.616483156823636,settle,market_prior,-0.2756096560174177,0.05568826337165821,-0.11292677463698653,0.029542573269670365,0.0,0.0,-0.0009950525542607826,-0.16909787768527995
train,2026-05-10T05:40:01+08:00,btc-updown-5m-1778362800,buy_up,4.0,0.53,0.525,0.5770883176128501,0.30497754384252956,0.3108319496848714,0.03708831761285004,-11.379143689630311,settle,btc,0.1370378815316424,0.25360472483080426,0.09133330923778166,-0.00690544151815808,0.0,0.0,-0.0009950525542607826,-0.16909787768527995
train,2026-05-10T05:45:00+08:00,btc-updown-5m-1778363100,buy_up,4.0,0.45,0.445,0.5276225046345415,0.10596414918568682,0.11060263041161544,0.06762250463454152,13.265552843511246,settle,btc,-0.031529957552086714,0.15515514875498682,0.12053570302491966,0.03189618519740785,0.0,0.0,-0.0009950525542607826,-0.16909787768527995
train,2026-05-10T05:50:01+08:00,btc-updown-5m-1778363400,buy_down,4.0,0.5,0.495,0.5610151857592437,0.23982680319876504,0.24528315347573698,0.05101518575924369,-11.411028555988372,settle,btc,0.07397322828062054,0.22577366178579283,0.10471610186226618,0.005456741509626197,0.0,0.0,-0.0009950525542607826,-0.16909787768527995
train,2026-05-10T05:55:00+08:00,btc-updown-5m-1778363700,buy_down,4.0,0.5,0.495,0.5436102975640503,0.16985672054875509,0.17488557022430615,0.033610297564050325,10.851709160218572,settle,btc,0.07397322828062054,0.19107453286643128,0.07782010008660022,-0.0029182104453562,0.0,0.0,-0.0009950525542607826,-0.16909787768527995
train,2026-05-10T06:00:01+08:00,btc-updown-5m-1778364000,buy_up,132.0,0.23,0.225,0.32309189937414856,-0.7390742150871628,-0.739598717743322,0.08309189937414856,-11.667850125986211,settle,market_prior,-0.5650343920509493,0.11395435731426784,-0.12753339008598868,0.009632139975048144,0.0,0.0,-0.0009950525542607826,-0.16909787768527995
train,2026-05-10T06:05:02+08:00,btc-updown-5m-1778364300,buy_up,9.0,0.33,0.325,0.4226525880136182,-0.31396645404414136,-0.31189364915639495,0.0826525880136182,-11.400314572592384,settle,market_prior,-0.2993636477025956,0.11406533970949384,0.04822636117867982,-0.006801576990178605,0.0,0.0,-0.0009950525542607826,-0.16909787768527995
train,2026-05-10T06:10:01+08:00,btc-updown-5m-1778364600,buy_up,12.0,0.38,0.375,0.517516697443807,0.06570298108917333,0.0700954761318176,0.127516697443807,17.579249775845902,settle,btc,-0.18379361355574203,0.2975986130701597,0.12821078472976263,-0.006219872915466204,0.0,0.0,-0.0009950525542607826,-0.16909787768527995
train,2026-05-10T06:15:01+08:00,btc-updown-5m-1778364900,buy_up,4.0,0.51,0.505,0.5573290503685693,0.22496356409492385,0.23032910350794789,0.03732905036856927,10.472282875146156,settle,btc,0.0949807529284627,0.19783670375308127,0.08098664767312551,0.021252389979795124,0.0,0.0,-0.0009950525542607826,-0.16909787768527995
train,2026-05-10T06:20:02+08:00,btc-updown-5m-1778365200,buy_up,125.0,0.16,0.155,0.2238903157494591,-1.2395552626845956,-1.2431375857797824,0.05389031574945911,-11.933493595068896,settle,market_prior,-0.8061658909200953,-0.1376212674319637,-0.11087066182166357,-0.014804512271332424,0.0,0.0,-0.0009950525542607826,-0.16909787768527995
train,2026-05-10T06:25:02+08:00,btc-updown-5m-1778365500,buy_up,5.0,0.47,0.465,0.5116512944775868,0.0423637186749113,0.04661361636250136,0.03165129447758686,-11.34861798908279,settle,btc,0.010832661965491977,0.14796763523637893,0.0432386472465001,0.010417704466081004,0.0,0.0,-0.0009950525542607826,-0.16909787768527995
train,2026-05-10T06:30:02+08:00,btc-updown-5m-1778365800,buy_down,5.0,0.5,0.495,0.6018064920808105,0.40652303925696176,0.4129978639800185,0.0918064920808105,-11.21867631310779,settle,btc,0.07397322828062054,0.38720827442495365,0.16620030898601698,-0.050765842195088555,0.0,0.0,-0.0009950525542607826,-0.16909787768527995
train,2026-05-10T06:35:01+08:00,btc-updown-5m-1778366100,buy_down,12.0,0.61,0.605,0.6567941022216045,0.6411317978312144,0.6490400263976077,0.036794102221604515,-11.064982971910538,settle,btc,0.30837964259372136,0.3270976892162024,0.1268904161033586,0.04885698015747278,0.0,0.0,-0.0009950525542607826,-0.16909787768527995
train,2026-05-10T06:40:01+08:00,btc-updown-5m-1778366400,buy_up,5.0,0.51,0.505,0.5674893721193318,0.26599886705602266,0.2716151224326551,0.0474893721193318,10.141991223437698,settle,btc,0.0949807529284627,0.23013601410621481,0.07117833077121812,0.039796699489667756,0.0,0.0,-0.0009950525542607826,-0.16909787768527995
train,2026-05-10T06:45:00+08:00,btc-updown-5m-1778366700,buy_up,138.0,0.21,0.205,0.2830149812695383,-0.9278770691200446,-0.9295551124123178,0.06301498126953829,-11.395251567476784,settle,market_prior,-0.6273036130232583,0.0014236280623817592,-0.12729324578215181,-0.004610908137475557,0.0,0.0,-0.0009950525542607826,-0.16909787768527995
train,2026-05-10T06:50:01+08:00,btc-updown-5m-1778367000,buy_up,18.0,0.44,0.435,0.4744139991602826,-0.10577826109338133,-0.10243347574878228,0.02441399916028259,-11.007954277631757,settle,btc,-0.052844462835857135,0.09021074036877433,-0.004393778395673041,0.03134217000891524,0.0,0.0,-0.0009950525542607826,-0.16909787768527995
train,2026-05-10T06:55:01+08:00,btc-updown-5m-1778367300,buy_up,13.0,0.45,0.445,0.48466133894992075,-0.06496802817208841,-0.0613739019884161,0.024661338949920737,12.783904234423012,settle,btc,-0.031529957552086714,0.15154843004505303,-3.758040635925744e-05,-0.0148559900191547,0.0,0.0,-0.0009950525542607826,-0.16909787768527995
train,2026-05-10T07:00:01+08:00,btc-updown-5m-1778367600,buy_up,12.0,0.53,0.525,0.6268001885631161,0.5113982601671448,0.5185138476035673,0.08680018856311612,-10.984509411992905,settle,btc,0.1370378815316424,0.3186806752463564,0.1803900129148787,0.045382620713808094,0.0,0.0,-0.0009950525542607826,-0.16909787768527995
train,2026-05-10T07:05:01+08:00,btc-updown-5m-1778367900,buy_down,5.0,0.21,0.205,0.35434346123192834,-0.6003242431737806,-0.6000010164262632,0.13434346123192833,39.636062057094826,settle,market_prior,-0.6273036130232583,0.15167360905097424,0.05477463038862448,-0.009375939350580334,0.0,0.0,-0.0009950525542607826,-0.16909787768527995
train,2026-05-10T07:10:01+08:00,btc-updown-5m-1778368200,buy_down,107.0,0.45,0.445,0.4819391640327664,-0.07580271773207808,-0.07227478893059655,0.021939164032766363,-11.282269896006573,settle,btc,-0.031529957552086714,0.09516204707023186,0.0011113942125122954,0.02954672877680522,0.0,0.0,-0.0009950525542607826,-0.16909787768527995
train,2026-05-10T07:15:00+08:00,btc-updown-5m-1778368500,buy_down,4.0,0.5,0.495,0.553149184395923,0.20814019234842093,0.21340294495218062,0.043149184395922975,10.73568969055061,settle,btc,0.07397322828062054,0.20935483007196726,0.0863554461409767,0.008549618094397212,0.0,0.0,-0.0009950525542607826,-0.16909787768527995
train,2026-05-10T07:20:01+08:00,btc-updown-5m-1778368800,buy_down,82.0,0.42,0.415,0.45049784791234987,-0.20141982841870315,-0.19865939035516889,0.020497847912349883,13.264322958042172,settle,market_prior,-0.09583158198412475,0.08355872723156406,-0.05092046244483644,0.031866419018234726,0.0,0.0,-0.0009950525542607826,-0.16909787768527995
train,2026-05-10T07:25:00+08:00,btc-updown-5m-1778369100,buy_down,4.0,0.52,0.515,0.5970870287664586,0.3869868301237861,0.39334229324488945,0.06708702876645857,10.118363839910135,settle,btc,0.11599668535097349,0.27476634195856764,0.1393375665205498,0.026979166533235854,0.0,0.0,-0.0009950525542607826,-0.16909787768527995
train,2026-05-10T07:30:01+08:00,btc-updown-5m-1778369400,buy_down,4.0,0.47,0.465,0.5583093769671201,0.22891388370711124,0.2343035586355735,0.07830937696712016,-11.53630893284023,settle,btc,0.010832661965491977,0.277801316261546,0.12377181299085786,-0.013398977271243851,0.0,0.0,-0.0009950525542607826,-0.16909787768527995
train,2026-05-10T07:35:02+08:00,btc-updown-5m-1778369700,buy_up,146.0,0.38,0.375,0.4167582700229757,-0.3380212021576825,-0.3360953660728315,0.026758270022975712,-11.47483254971128,settle,market_prior,-0.18379361355574203,0.12888402613916555,-0.12652324405286672,0.013504559551301403,0.0,0.0,-0.0009950525542607826,-0.16909787768527995
train,2026-05-10T07:40:02+08:00,btc-updown-5m-1778370000,buy_up,5.0,0.44,0.435,0.5024531967590695,0.0057864465430208685,0.00981286577749928,0.052453196759069516,13.832322185725682,settle,interactions,-0.052844462835857135,0.07302687082143411,0.13095591912279456,0.024741049674190056,0.0,0.0,-0.0009950525542607826,-0.16909787768527995
train,2026-05-10T07:45:01+08:00,btc-updown-5m-1778370300,buy_up,191.0,0.51,0.505,0.5416538467024087,0.16202146817401936,0.16700244631682923,0.02165384670240867,10.54511150158852,settle,btc,0.0949807529284627,0.17274915903880245,0.0376180441969229,0.026766442249372066,0.0,0.0,-0.0009950525542607826,-0.16909787768527995
train,2026-05-10T07:50:01+08:00,btc-updown-5m-1778370600,buy_down,94.0,0.35,0.345,0.38632253768875413,-0.46395329490382153,-0.46279687402255765,0.02632253768875415,20.680470099115315,settle,market_prior,-0.25220506532001336,0.06853882289057917,-0.10311526041478897,-0.007078861820057607,0.0,0.0,-0.0009950525542607826,-0.16909787768527995
train,2026-05-10T07:55:01+08:00,btc-updown-5m-1778370900,buy_down,116.0,0.27,0.265,0.32813732322998274,-0.7162368089214378,-0.7166217804451332,0.048137323229982716,30.71049809718624,settle,market_prior,-0.45127090848744356,0.03762020726408192,-0.13711748329419904,0.00462430583566373,0.0,0.0,-0.0009950525542607826,-0.16909787768527995
train,2026-05-10T08:00:02+08:00,btc-updown-5m-1778371200,buy_up,13.0,0.55,0.545,0.6050035364663063,0.41980153842875323,0.42635749163082437,0.04500353646630629,-12.038515254097009,settle,btc,0.17926418087756993,0.23118280477514508,0.14083255097365613,0.038614932041922866,0.0,0.0,-0.0009950525542607826,-0.16909787768527995
train,2026-05-10T08:05:01+08:00,btc-updown-5m-1778371500,buy_up,144.0,0.26,0.255,0.29067799015445733,-0.8906429549765794,-0.8920935066669158,0.020677990154457322,22.954568970723088,settle,market_prior,-0.47856927676422595,-0.1374479254602614,-0.15834357373205316,0.053810751219501914,0.0,0.0,-0.0009950525542607826,-0.16909787768527995
train,2026-05-10T08:10:00+08:00,btc-updown-5m-1778371800,buy_up,4.0,0.53,0.525,0.6245693071022109,0.5019306794640879,0.508988422229027,0.0845693071022109,10.356685019072003,settle,btc,0.1370378815316424,0.33148902245532363,0.16221965592612222,0.0412770497905404,0.0,0.0,-0.0009950525542607826,-0.16909787768527995
train,2026-05-10T08:15:00+08:00,btc-updown-5m-1778372100,buy_up,4.0,0.49,0.485,0.5341784063213527,0.13212882159412004,0.1369271627597108,0.034178406321352724,12.281907300789474,settle,btc,0.052957295858109765,0.15895503858122742,0.08017807918582624,0.010131338208497343,0.0,0.0,-0.0009950525542607826,-0.16909787768527995
train,2026-05-10T08:20:00+08:00,btc-updown-5m-1778372400,buy_up,4.0,0.49,0.485,0.5642440730850632,0.2528685931171534,0.25840462563577143,0.0642440730850632,-12.407232885491407,settle,btc,0.052957295858109765,0.25981001105613943,0.10804585984211451,0.002148356600330377,0.0,0.0,-0.0009950525542607826,-0.16909787768527995
train,2026-05-10T08:25:02+08:00,btc-updown-5m-1778372700,buy_down,5.0,0.54,0.535,0.6115434445908328,0.4470820309373773,0.45380466147514387,0.061543444590832726,10.02917991577222,settle,btc,0.1581213192435915,0.32112130019035456,0.13042235654286,0.0075099852001119845,0.0,0.0,-0.0009950525542607826,-0.16909787768527995
train,2026-05-10T08:30:02+08:00,btc-updown-5m-1778373000,buy_up,22.0,0.5,0.495,0.5306562891525113,0.11806673777141939,0.12277916294171964,0.020656289152511283,11.8926015441227,settle,interactions,0.07397322828062054,0.027045025229107966,0.1496503984741986,0.03749101602703305,0.0,0.0,-0.0009950525542607826,-0.16909787768527995
train,2026-05-10T08:35:01+08:00,btc-updown-5m-1778373300,buy_down,39.0,0.22,0.215,0.2523441577739924,-1.0835199226876862,-1.0861489068819423,0.02234415777399238,30.715925007383813,settle,market_prior,-0.5956429435082472,-0.16776154817424377,-0.17310383739574972,0.02308133663009524,0.0,0.0,-0.0009950525542607826,-0.16909787768527995
train,2026-05-10T08:40:01+08:00,btc-updown-5m-1778373600,buy_down,4.0,0.57,0.565,0.6050920255737064,0.4201695913099871,0.42672779322782534,0.025092025573706496,-12.781768278750318,settle,btc,0.2217984440449403,0.24586927498102412,0.12540259374043072,-0.002807791216867312,0.0,0.0,-0.0009950525542607826,-0.16909787768527995
train,2026-05-10T08:45:01+08:00,btc-updown-5m-1778373900,buy_down,5.0,0.69,0.685,0.7294780172708053,0.9819851101142733,0.9919758715358322,0.029478017270805353,5.405902296005196,settle,market_prior,0.49245378261829786,0.3924571654685889,0.2465957492550545,0.020571343011872613,0.0,0.0,-0.0009950525542607826,-0.16909787768527995
train,2026-05-10T08:50:02+08:00,btc-updown-5m-1778374200,buy_down,13.0,0.78,0.775,0.8195559847947179,1.5001853054039107,1.5133421470522266,0.02955598479471789,3.362055389477076,settle,market_prior,0.7339883732600329,0.6685315469023387,0.26527762600094684,0.0024806894801329095,0.0,0.0,-0.0009950525542607826,-0.16909787768527995
train,2026-05-10T08:55:01+08:00,btc-updown-5m-1778374500,buy_down,179.0,0.25,0.245,0.3140073294623939,-0.7806719604392319,-0.7814506154485436,0.0540073294623939,-13.022105051973442,settle,market_prior,-0.5065812812578528,0.004993136889379112,-0.12541044349690755,0.016419557665690164,0.0,0.0,-0.0009950525542607826,-0.16909787768527995
train,2026-05-10T09:00:01+08:00,btc-updown-5m-1778374800,buy_down,25.0,0.79,0.785,0.8526998071029223,1.741304901345652,1.7559349265086288,0.05269980710292222,3.136970584087856,settle,btc,0.7645969247173304,0.8285354004119072,0.345173570886734,-0.02690806443077882,0.0,0.0,-0.0009950525542607826,-0.16909787768527995
train,2026-05-10T09:05:00+08:00,btc-updown-5m-1778375100,buy_down,9.0,0.48,0.475,0.5287718442259581,0.11054817006557428,0.1152146585713125,0.03877184422595815,-12.68120358617516,settle,btc,0.03191609967744088,0.16642438400969659,0.07611121928999355,0.0061893973279840125,0.0,0.0,-0.0009950525542607826,-0.16909787768527995
train,2026-05-10T09:10:01+08:00,btc-updown-5m-1778375400,buy_up,44.0,0.22,0.215,0.2633160248374776,-1.0265233265788738,-1.0288040750959286,0.03331602483747762,-12.854481998813714,settle,market_prior,-0.5956429435082472,-0.1335417530331044,-0.1726366441302299,0.0453909443322485,0.0,0.0,-0.0009950525542607826,-0.16909787768527995
train,2026-05-10T09:15:01+08:00,btc-updown-5m-1778375700,buy_down,21.0,0.49,0.485,0.5207131253490567,0.07842969336190732,0.0828999455965492,0.02071312534905668,12.415353731773493,settle,btc,0.052957295858109765,0.12418070470540657,0.04584715331994882,0.02553746971798288,0.0,0.0,-0.0009950525542607826,-0.16909787768527995
train,2026-05-10T09:20:01+08:00,btc-updown-5m-1778376000,buy_up,4.0,0.47,0.465,0.5198088050577384,0.07482846441321726,0.07927671399353728,0.039808805057738435,-12.552715092210136,settle,btc,0.010832661965491977,0.19847771518735954,0.02561874164262979,0.009992275857276673,0.0,0.0,-0.0009950525542607826,-0.16909787768527995
train,2026-05-10T09:25:01+08:00,btc-updown-5m-1778376300,buy_down,4.0,0.23,0.225,0.27780732475099246,-0.9535293966239423,-0.955364169550088,0.037807324750992445,-12.694615349774251,settle,market_prior,-0.5650343920509493,-0.1679824347131435,-0.08103100047943808,0.030611360859129334,0.0,0.0,-0.0009950525542607826,-0.16909787768527995
train,2026-05-10T09:30:01+08:00,btc-updown-5m-1778376600,buy_up,8.0,0.56,0.555,0.6787637290294207,0.7395864359144732,0.7480961989567337,0.10876372902942068,9.244022433420433,settle,btc,0.20048393876117018,0.49773611204533175,0.22034810909607971,-0.008888793748567755,0.0,0.0,-0.0009950525542607826,-0.16909787768527995
train,2026-05-10T09:35:02+08:00,btc-updown-5m-1778376900,buy_down,9.0,0.32,0.315,0.3849176072194963,-0.46984733635761566,-0.46872692667100624,0.054917607219496296,25.399631145712434,settle,market_prior,-0.3234998014092145,0.08243538489567453,-0.09944259431392646,0.04075260470939147,0.0,0.0,-0.0009950525542607826,-0.16909787768527995
train,2026-05-10T09:40:02+08:00,btc-updown-5m-1778377200,buy_up,5.0,0.52,0.515,0.6308501686435415,0.5286448152435713,0.5358657750389846,0.10085016864354147,11.194282327190008,settle,btc,0.11599668535097349,0.3812855920387015,0.16935755748241682,0.0320979106110203,0.0,0.0,-0.0009950525542607826,-0.16909787768527995
train,2026-05-10T09:45:01+08:00,btc-updown-5m-1778377500,buy_up,5.0,0.4,0.395,0.44142966731014316,-0.23789939514014247,-0.235361838572847,0.031429667310143135,18.433231717421236,settle,market_prior,-0.13942566138463808,0.1083636214360493,-0.051793594795314264,0.015049169843301303,0.0,0.0,-0.0009950525542607826,-0.16909787768527995
train,2026-05-10T09:50:02+08:00,btc-updown-5m-1778377800,buy_up,5.0,0.52,0.515,0.5878116662807115,0.34880406011559195,0.3549262355725365,0.057811666280711445,11.462069473362455,settle,btc,0.11599668535097349,0.271914249842478,0.12584238122476318,0.005143673936918029,0.0,0.0,-0.0009950525542607826,-0.16909787768527995
train,2026-05-10T09:55:01+08:00,btc-updown-5m-1778378100,buy_down,4.0,0.6,0.595,0.6511586279270295,0.6163789882479994,0.6241359830215643,0.04115862792702952,8.317438519654537,settle,btc,0.28649664736570424,0.314261585767339,0.14826394839736054,0.037449736957136416,0.0,0.0,-0.0009950525542607826,-0.16909787768527995
train,2026-05-10T10:00:00+08:00,btc-updown-5m-1778378400,buy_down,4.0,0.56,0.555,0.6836311867496787,0.7618640341038608,0.7705099079846895,0.11363118674967866,9.88941154976342,settle,btc,0.20048393876117018,0.5212518667563756,0.18960811709402053,0.020613041731835296,0.0,0.0,-0.0009950525542607826,-0.16909787768527995
train,2026-05-10T10:05:01+08:00,btc-updown-5m-1778378700,buy_up,4.0,0.49,0.485,0.5224393856833225,0.0853056135308571,0.08981787600610783,0.022439385683322495,-13.242987511939958,settle,btc,0.052957295858109765,0.14849529209153867,0.04473150620428071,0.00921444961646867,0.0,0.0,-0.0009950525542607826,-0.16909787768527995
train,2026-05-10T10:10:00+08:00,btc-updown-5m-1778379000,buy_down,4.0,0.49,0.485,0.5524430580286515,0.20530118450082874,0.2105465914403228,0.052443058028651464,13.107854986307919,settle,btc,0.052957295858109765,0.2248058323484616,0.07977069335972362,0.017860293174074494,0.0,0.0,-0.0009950525542607826,-0.16909787768527995
train,2026-05-10T10:15:00+08:00,btc-updown-5m-1778379300,buy_up,13.0,0.54,0.535,0.5714641936469523,0.2821128235281391,0.2878275313550503,0.021464193646952297,10.813980363704031,settle,btc,0.1581213192435915,0.17337001900538312,0.08466984856020804,0.03604456695849714,0.0,0.0,-0.0009950525542607826,-0.16909787768527995
train,2026-05-10T10:20:02+08:00,btc-updown-5m-1778379600,buy_down,147.0,0.27,0.265,0.31037947580335534,-0.7974645631900259,-0.7983458170173394,0.030379475803355323,-13.569542767492322,settle,market_prior,-0.45127090848744356,-0.0364887855256816,-0.13518935069188961,-0.004422588245470219,0.0,0.0,-0.0009950525542607826,-0.16909787768527995
train,2026-05-10T10:25:00+08:00,btc-updown-5m-1778379900,buy_up,4.0,0.33,0.325,0.41263081496067433,-0.35492284583692574,-0.3531002747842746,0.07263081496067432,25.898441624813916,settle,market_prior,-0.2993636477025956,0.19058778297381268,-0.06552203633356239,-0.010532014535039725,0.0,0.0,-0.0009950525542607826,-0.16909787768527995
train,2026-05-10T10:30:01+08:00,btc-updown-5m-1778380200,buy_up,70.0,0.16,0.155,0.20497264455423847,-1.3512353325715363,-1.3554999943925785,0.034972644554238465,-14.033718055446041,settle,market_prior,-0.8061658909200953,-0.2224406342631658,-0.1579919311046145,0.005456053955880007,0.0,0.0,-0.0009950525542607826,-0.16909787768527995
train,2026-05-10T10:40:02+08:00,btc-updown-5m-1778380800,buy_up,19.0,0.31,0.305,0.34792961981419374,-0.6283045574306779,-0.6281522837636735,0.027929619814193736,28.665000879704618,settle,market_prior,-0.3480535595599974,-0.011434387814671342,-0.12157517958134301,0.022851499764874657,0.0,0.0,-0.0009950525542607826,-0.16909787768527995
train,2026-05-10T10:45:02+08:00,btc-updown-5m-1778381100,buy_up,14.0,0.27,0.265,0.3160319537559267,-0.7713461957583525,-0.7720678725584239,0.03603195375592667,35.61204815172715,settle,market_prior,-0.45127090848744356,-0.021046064826690417,-0.1327448796728449,0.003808587468167206,0.0,0.0,-0.0009950525542607826,-0.16909787768527995
train,2026-05-10T10:50:01+08:00,btc-updown-5m-1778381400,buy_down,9.0,0.37,0.365,0.4227501602909466,-0.3135690366270204,-0.31149380361316065,0.04275016029094659,22.974583496803437,settle,market_prior,-0.20632449435712288,0.15791940206382105,-0.0837017437156915,-0.01136927037848635,0.0,0.0,-0.0009950525542607826,-0.16909787768527995
train,2026-05-10T11:00:02+08:00,btc-updown-5m-1778382000,buy_up,60.0,0.24,0.235,0.2702457404648117,-0.9913105449857186,-0.9933761517630663,0.020245740464811708,29.01247985230559,settle,market_prior,-0.5353767959212048,-0.26532500138158727,-0.08115288717806786,0.060637069734682095,0.0,0.0,-0.0009950525542607826,-0.16909787768527995
train,2026-05-10T11:05:02+08:00,btc-updown-5m-1778382300,buy_down,4.0,0.53,0.525,0.6117361141613163,0.4478882207590348,0.45461577692530664,0.07173611416131633,12.351007960522226,settle,btc,0.1370378815316424,0.3483373305319628,0.14584199859846472,-0.013236059663494424,0.0,0.0,-0.0009950525542607826,-0.16909787768527995
train,2026-05-10T11:10:01+08:00,btc-updown-5m-1778382600,buy_down,28.0,0.37,0.365,0.40416034909486837,-0.38976955179387796,-0.38815988584566474,0.024160349094868368,-14.133771352613673,settle,market_prior,-0.20632449435712288,0.09108584483647206,-0.09323886525631335,-0.011199106777373048,0.0,0.0,-0.0009950525542607826,-0.16909787768527995
train,2026-05-10T11:15:01+08:00,btc-updown-5m-1778382900,buy_down,38.0,0.52,0.515,0.553056697553039,0.20776829667275648,0.21302877708218693,0.02305669755303897,12.846077543948098,settle,btc,0.11599668535097349,0.1518157921902772,0.07873933894939078,0.031309410421655824,0.0,0.0,-0.0009950525542607826,-0.16909787768527995
train,2026-05-10T11:25:01+08:00,btc-updown-5m-1778383500,buy_up,171.0,0.17,0.165,0.21943983518439594,-1.2651947521033229,-1.2689337263947282,0.03943983518439593,-15.184738920096649,settle,market_prior,-0.7670799320358461,-0.18225712736212607,-0.1606827347960367,0.014917972330226785,0.0,0.0,-0.0009950525542607826,-0.16909787768527995
train,2026-05-10T11:30:02+08:00,btc-updown-5m-1778383800,buy_down,4.0,0.4,0.395,0.5257334631180698,0.09843241830936299,0.10302488244688152,0.11573346311806977,-14.544027297329238,settle,btc,-0.13942566138463808,0.33228457197145467,0.09758004329771569,-0.02191360533562856,0.0,0.0,-0.0009950525542607826,-0.16909787768527995
train,2026-05-10T11:35:02+08:00,btc-updown-5m-1778384100,buy_up,4.0,0.54,0.535,0.6141865417630242,0.4581544318348072,0.46494471211462857,0.0641865417630242,11.703212209375295,settle,btc,0.1581213192435915,0.3225111990653671,0.14929471426852742,-0.0016798705031380316,0.0,0.0,-0.0009950525542607826,-0.16909787768527995
train,2026-05-10T11:40:01+08:00,btc-updown-5m-1778384400,buy_up,80.0,0.27,0.265,0.3005593037747764,-0.8434735675136328,-0.8446359254396437,0.02055930377477639,-10.339755506107366,settle,market_prior,-0.45127090848744356,-0.13332375786649833,-0.11575583442812183,0.026969863507971596,0.0,0.0,-0.0009950525542607826,-0.16909787768527995
train,2026-05-10T11:50:02+08:00,btc-updown-5m-1778385000,buy_down,102.0,0.36,0.355,0.4037233868366997,-0.3915733631228079,-0.38997471803377853,0.03372338683669974,24.60060613199531,settle,market_prior,-0.2291194626958779,0.12433920560327424,-0.10124661199149655,-0.015453563799166924,0.0,0.0,-0.0009950525542607826,-0.16909787768527995
train,2026-05-10T11:55:01+08:00,btc-updown-5m-1778385300,buy_up,5.0,0.27,0.265,0.3176450042260804,-0.7639392019580197,-0.7646156237836157,0.037645004226080366,-14.833254364032728,settle,market_prior,-0.45127090848744356,-0.09745588070478528,-0.08377374340416156,0.03865426087791165,0.0,0.0,-0.0009950525542607826,-0.16909787768527995
train,2026-05-10T12:00:01+08:00,btc-updown-5m-1778385600,buy_down,5.0,0.34,0.335,0.4080551762755299,-0.37371875862783727,-0.3720110261421571,0.05805517627552987,27.061340524634492,settle,market_prior,-0.2756096560174177,0.060718905413297,0.029000540228945132,-0.017735618013120878,0.0,0.0,-0.0009950525542607826,-0.16909787768527995
train,2026-05-10T12:05:01+08:00,btc-updown-5m-1778385900,buy_up,5.0,0.5,0.495,0.5523058788474645,0.20474974940949262,0.20999178721143155,0.04230587884746451,14.137260618384826,settle,btc,0.07397322828062054,0.24151237218616958,0.051572343101419074,0.007784736080824201,0.0,0.0,-0.0009950525542607826,-0.16909787768527995
train,2026-05-10T12:10:01+08:00,btc-updown-5m-1778386200,buy_down,9.0,0.59,0.585,0.6392162055211509,0.564523704001195,0.5719638752930263,0.03921620552115091,-14.814049573619851,settle,btc,0.264785563193208,0.282905237057984,0.19391458726625557,-0.006988753276711724,0.0,0.0,-0.0009950525542607826,-0.16909787768527995
train,2026-05-10T12:25:02+08:00,btc-updown-5m-1778387100,buy_up,9.0,0.52,0.515,0.5923512526195305,0.36745775562726646,0.37369390073735337,0.06235125261953046,13.032565150535822,settle,btc,0.11599668535097349,0.31097573108216303,0.10711791254454572,0.003460356889124971,0.0,0.0,-0.0009950525542607826,-0.16909787768527995
train,2026-05-10T12:30:01+08:00,btc-updown-5m-1778387400,buy_up,38.0,0.62,0.615,0.6675180184778271,0.6887813600828422,0.6969807161675764,0.037518018477827104,8.682667006725719,settle,market_prior,0.33045584057817046,0.32628457175453496,0.2058256073094063,-0.003691729319728593,0.0,0.0,-0.0009950525542607826,-0.16909787768527995
train,2026-05-10T12:35:01+08:00,btc-updown-5m-1778387700,buy_up,150.0,0.22,0.215,0.28167389581803365,-0.9344554106514097,-0.9361736460494301,0.051673895818033645,-15.301440599285149,settle,market_prior,-0.5956429435082472,-0.03238911040781956,-0.14496935461105648,0.008638928115254494,0.0,0.0,-0.0009950525542607826,-0.16909787768527995
train,2026-05-10T12:40:01+08:00,btc-updown-5m-1778388000,buy_up,123.0,0.29,0.285,0.33483038167527696,-0.6862164388532285,-0.6864179930394995,0.034830381675276974,-14.982565000589402,settle,market_prior,-0.39857145011641004,0.027749741154795456,-0.12901925658219632,-0.016282543069876747,0.0,0.0,-0.0009950525542607826,-0.16909787768527995
train,2026-05-10T12:45:02+08:00,btc-updown-5m-1778388300,buy_down,5.0,0.65,0.645,0.6931944632002597,0.8061798214137854,0.8150964542391504,0.033194463200259657,7.497429193628275,settle,market_prior,0.39807344390496124,0.3334028963405239,0.2114403533443164,0.033356058063524596,0.0,0.0,-0.0009950525542607826,-0.16909787768527995
train,2026-05-10T12:50:01+08:00,btc-updown-5m-1778388600,buy_up,9.0,0.51,0.505,0.6156401949868329,0.4642560281421636,0.4710835877275429,0.09564019498683286,13.560748055686409,settle,btc,0.0949807529284627,0.35384396385739925,0.1665073823278183,0.01901685926802404,0.0,0.0,-0.0009950525542607826,-0.16909787768527995
train,2026-05-10T12:55:01+08:00,btc-updown-5m-1778388900,buy_up,184.0,0.34,0.335,0.37902544246199155,-0.49465561460360996,-0.4936867776101961,0.02902544246199152,-14.97166412177437,settle,market_prior,-0.2756096560174177,0.08492291295845243,-0.12391145883034,-0.009964482474763916,0.0,0.0,-0.0009950525542607826,-0.16909787768527995
train,2026-05-10T13:00:01+08:00,btc-updown-5m-1778389200,buy_down,4.0,0.47,0.465,0.6201185975942236,0.4831088949851646,0.4900516411132582,0.14011859759422363,15.925481994091669,settle,btc,0.010832661965491977,0.38987196364268323,0.24674901400218271,0.005748185614347476,0.0,0.0,-0.0009950525542607826,-0.16909787768527995
train,2026-05-10T13:05:01+08:00,btc-updown-5m-1778389500,buy_down,9.0,0.31,0.305,0.3467356272957093,-0.6335395863091816,-0.6334192974263771,0.02673562729570928,-14.552421140147267,settle,market_prior,-0.3480535595599974,0.010939975875623354,-0.11516979176436981,-0.01116328062089702,0.0,0.0,-0.0009950525542607826,-0.16909787768527995
train,2026-05-10T13:10:01+08:00,btc-updown-5m-1778389800,buy_down,70.0,0.21,0.205,0.24554519955909984,-1.1196645081946794,-1.1225143272294438,0.025545199559099847,-12.201880820335301,settle,market_prior,-0.6273036130232583,-0.15945710669887483,-0.17263251149639794,0.009821653263392443,0.0,0.0,-0.0009950525542607826,-0.16909787768527995
train,2026-05-10T13:15:01+08:00,btc-updown-5m-1778390100,buy_up,9.0,0.43,0.425,0.4763231503728974,-0.09816955639409158,-0.09477828366928961,0.03632315037289741,18.604889700817516,settle,interactions,-0.07427203910466089,0.056847987838555915,0.09493688688042573,-0.005589461768871585,0.0,0.0,-0.0009950525542607826,-0.16909787768527995
train,2026-05-10T13:20:01+08:00,btc-updown-5m-1778390400,buy_down,146.0,0.2,0.195,0.2590898173532933,-1.0482908771294464,-1.050704620215028,0.04908981735329327,-15.195543663142704,settle,market_prior,-0.6601323341729608,-0.029501719962639325,-0.16911511245821415,-0.019448780296091366,0.0,0.0,-0.0009950525542607826,-0.16909787768527995
train,2026-05-10T13:25:01+08:00,btc-updown-5m-1778390700,buy_up,186.0,0.21,0.205,0.2963925905423588,-0.8632524464668656,-0.8645356486498461,0.0763925905423588,-12.7644,settle,market_prior,-0.6273036130232583,0.027682414202993243,-0.12264742581763699,0.02910910841057723,0.0,0.0,-0.0009950525542607826,-0.16909787768527995
train,2026-05-10T13:30:01+08:00,btc-updown-5m-1778391000,buy_down,10.0,0.2,0.195,0.2343460273647872,-1.1807087772863603,-1.1839315623197575,0.0243460273647872,-11.337613422922276,settle,market_prior,-0.6601323341729608,-0.2223882413341472,-0.10777562583411494,-0.02031964570559674,0.0,0.0,-0.0009950525542607826,-0.16909787768527995
train,2026-05-10T13:35:01+08:00,btc-updown-5m-1778391300,buy_down,111.0,0.16,0.155,0.21808617027752056,-1.2730672079839256,-1.2768542811126649,0.04808617027752055,-14.958906448426394,settle,market_prior,-0.8061658909200953,-0.18409877739102376,-0.14198133350156555,0.02927172406829966,0.0,0.0,-0.0009950525542607826,-0.16909787768527995
train,2026-05-10T13:40:01+08:00,btc-updown-5m-1778391600,buy_down,10.0,0.5,0.495,0.5370895571756975,0.14376183030317108,0.14863124639151604,0.027089557175697505,13.650794076295176,settle,btc,0.07397322828062054,0.20384755514698943,0.07320125765674501,-0.03716728054164311,0.0,0.0,-0.0009950525542607826,-0.16909787768527995
train,2026-05-10T13:45:01+08:00,btc-updown-5m-1778391900,buy_up,32.0,0.57,0.565,0.600120438762873,0.399534833040409,0.405966961481751,0.020120438762873068,10.364339743039752,settle,market_prior,0.2217984440449403,0.20532940222584348,0.11510227556126429,0.027397641447901622,0.0,0.0,-0.0009950525542607826,-0.16909787768527995
train,2026-05-10T13:55:02+08:00,btc-updown-5m-1778392500,buy_up,4.0,0.6,0.595,0.656889344478874,0.6415517783142285,0.6494625728617136,0.04688934447887406,9.210196481654112,settle,btc,0.28649664736570424,0.3209934180524002,0.16879772231239207,0.035356920823272686,0.0,0.0,-0.0009950525542607826,-0.16909787768527995
train,2026-05-10T14:05:01+08:00,btc-updown-5m-1778393100,buy_down,197.0,0.1,0.095,0.18749091525669917,-1.46145860324217,-1.4663967030915472,0.07749091525669917,-5.49072948020334,settle,market_prior,-1.0992880503716842,-0.05666172878112271,-0.10206508789874363,-0.03762019620105332,0.0,0.0,0.003274337695713971,-0.16909787768527995
train,2026-05-10T14:10:01+08:00,btc-updown-5m-1778393400,buy_down,9.0,0.67,0.665,0.720768777598754,0.9385527960296155,0.9482781963184005,0.040768777598753976,6.78530279102717,settle,btc,0.44456363722650116,0.4477535060456912,0.23046217901922922,-0.01413359602226537,0.0,0.0,-0.0009950525542607826,-0.16909787768527995
train,2026-05-10T14:15:02+08:00,btc-updown-5m-1778393700,buy_up,32.0,0.25,0.245,0.28136116037521913,-0.9359921851888958,-0.9377198099146709,0.02136116037521913,-10.570615765411448,settle,market_prior,-0.5065812812578528,-0.12635412876131177,-0.18179369993929773,0.04882985500910717,0.0,0.0,-0.0009950525542607826,-0.16909787768527995
train,2026-05-10T14:20:02+08:00,btc-updown-5m-1778394000,buy_up,5.0,0.41,0.405,0.4757690442566944,-0.10037758927827795,-0.09699980711044257,0.05576904425669444,-14.514456896017325,settle,btc,-0.11754266615662104,0.16871959146447146,0.00645617611210297,0.012082239541309422,0.0,0.0,-0.0009950525542607826,-0.16909787768527995
train,2026-05-10T14:25:02+08:00,btc-updown-5m-1778394300,buy_down,9.0,0.49,0.485,0.5541691732888034,0.21224262184884557,0.21753043932336566,0.05416917328880345,14.309928591846045,settle,btc,0.052957295858109765,0.22774936555793773,0.12998029990860732,-0.028351409236268547,0.0,0.0,-0.0009950525542607826,-0.16909787768527995
train,2026-05-10T14:30:02+08:00,btc-updown-5m-1778394600,buy_down,115.0,0.18,0.175,0.229672477630331,-1.2067794238855956,-1.2101614943832726,0.039672477630331,-14.2918,settle,market_prior,-0.7298511974964466,-0.20345275894284875,-0.13661969964160842,0.03323716243484859,0.0,0.0,-0.0009950525542607826,-0.16909787768527995
train,2026-05-10T14:35:01+08:00,btc-updown-5m-1778394900,buy_down,4.0,0.27,0.265,0.3238180370811284,-0.7357761195808685,-0.7362804716561069,0.043818037081128365,-14.543315428369345,settle,market_prior,-0.45127090848744356,0.0051481186231501575,-0.127792658945493,0.008232259468458614,0.0,0.0,-0.0009950525542607826,-0.16909787768527995
train,2026-05-10T14:40:01+08:00,btc-updown-5m-1778395200,buy_up,8.0,0.35,0.345,0.4032730067450188,-0.3934332241668552,-0.3918459423874687,0.043273006745018834,25.377788620148827,settle,market_prior,-0.25220506532001336,0.10135605329594358,-0.06215364317444817,-0.010337638728796473,0.0,0.0,-0.0009950525542607826,-0.16909787768527995
train,2026-05-10T14:45:01+08:00,btc-updown-5m-1778395500,buy_down,24.0,0.43,0.425,0.460462208731519,-0.16148646577044462,-0.15848204433712815,0.020462208731519,-12.97816769412599,settle,btc,-0.07427203910466089,0.08718765220751717,-0.01591651651349612,0.011607367879735932,0.0,0.0,-0.0009950525542607826,-0.16909787768527995
train,2026-05-10T14:50:01+08:00,btc-updown-5m-1778395800,buy_down,53.0,0.26,0.255,0.2944890714117494,-0.8723416333277382,-0.8736803682856173,0.024489071411749393,32.52631809156975,settle,market_prior,-0.47856927676422595,-0.03733211967319566,-0.17808081107562815,-0.008266495575147472,0.0,0.0,-0.0009950525542607826,-0.16909787768527995
train,2026-05-10T14:55:01+08:00,btc-updown-5m-1778396100,buy_up,66.0,0.23,0.225,0.2630746592245002,-1.027760411449052,-1.030048718261109,0.023074659224500173,-11.200711278449576,settle,market_prior,-0.5650343920509493,-0.1749709041846328,-0.15796477395343797,0.040302588979508835,0.0,0.0,-0.0009950525542607826,-0.16909787768527995
train,2026-05-10T15:00:01+08:00,btc-updown-5m-1778396400,buy_up,4.0,0.6,0.595,0.6758603868609238,0.7263831048485024,0.7348121986710382,0.06586038686092378,9.240224778872959,settle,btc,0.28649664736570424,0.3719450061731896,0.2405621736802201,-0.0025277921310707884,0.0,0.0,-0.0009950525542607826,-0.16909787768527995
train,2026-05-10T15:05:01+08:00,btc-updown-5m-1778396700,buy_up,4.0,0.46,0.455,0.557364760697193,0.2251074304978156,0.23047384890042247,0.08736476069719297,16.485457214601624,settle,btc,-0.010310199668486515,0.3073043171664016,0.11114598978706527,-0.012939746547624005,0.0,0.0,-0.0009950525542607826,-0.16909787768527995
train,2026-05-10T15:10:01+08:00,btc-updown-5m-1778397000,buy_up,135.0,0.31,0.305,0.3534609920479494,-0.6041601920932936,-0.6038604020834218,0.033460992047949396,-14.939857805388456,settle,market_prior,-0.3480535595599974,-0.010521962710852375,-0.11435409416726607,0.03886235458436289,0.0,0.0,-0.0009950525542607826,-0.16909787768527995
train,2026-05-10T15:15:01+08:00,btc-updown-5m-1778397300,buy_down,13.0,0.28,0.275,0.323502612242237,-0.7372082950227381,-0.7377213973500778,0.03350261224223695,-14.835145409163188,settle,market_prior,-0.4246236908234957,-0.06953560246103499,-0.08114415803728217,0.008188086538615587,0.0,0.0,-0.0009950525542607826,-0.16909787768527995
train,2026-05-10T15:20:01+08:00,btc-updown-5m-1778397600,buy_up,16.0,0.48,0.475,0.5103742583976624,0.03728412737659029,0.04150298996671067,0.02037425839766239,14.752911900131153,settle,btc,0.03191609967744088,0.17937995497997783,0.010128467392427976,-0.014047464433715663,0.0,0.0,-0.0009950525542607826,-0.16909787768527995
train,2026-05-10T15:25:02+08:00,btc-updown-5m-1778397900,buy_up,4.0,0.46,0.455,0.5279374497157256,0.10722015651437018,0.11186631164703245,0.05793744971572563,16.50231773475588,settle,btc,-0.010310199668486515,0.22440805759039614,0.06400544618191742,-0.0007902173499161176,0.0,0.0,-0.0009950525542607826,-0.16909787768527995
train,2026-05-10T15:30:01+08:00,btc-updown-5m-1778398200,buy_up,40.0,0.26,0.255,0.2914375289342681,-0.886984356570659,-0.8884125550929033,0.021437528934268098,-10.896212299662823,settle,market_prior,-0.47856927676422595,-0.13560014319341127,-0.153866395480564,0.051144389107082903,0.0,0.0,-0.0009950525542607826,-0.16909787768527995
train,2026-05-10T15:35:00+08:00,btc-updown-5m-1778398500,buy_up,45.0,0.39,0.385,0.42266982915312734,-0.31389622811828854,-0.3118229941667994,0.022669829153127326,20.552683503002235,settle,market_prior,-0.16150185936908718,0.04715962540674795,-0.06658689477716091,0.037125830860752364,0.0,0.0,-0.0009950525542607826,-0.16909787768527995
train,2026-05-10T15:40:02+08:00,btc-updown-5m-1778398800,buy_down,141.0,0.43,0.425,0.46202602584611663,-0.15523159850571827,-0.15218896131766482,0.022026025846116633,-14.416927761103963,settle,btc,-0.07427203910466089,0.1412237277722352,-0.05263793276002939,0.0005475758262775488,0.0,0.0,-0.0009950525542607826,-0.16909787768527995
train,2026-05-10T15:45:01+08:00,btc-updown-5m-1778399100,buy_up,4.0,0.32,0.315,0.3635727630956531,-0.5604574468450995,-0.5598906434322166,0.03357276309565311,-14.89144072720814,settle,market_prior,-0.3234998014092145,0.011267837691166044,-0.07727675160011752,-0.0008558012873928465,0.0,0.0,-0.0009950525542607826,-0.16909787768527995
train,2026-05-10T15:50:01+08:00,btc-updown-5m-1778399400,buy_up,74.0,0.2,0.195,0.23768856002178396,-1.1622837283044452,-1.16539394066074,0.027688560021783944,-12.984060539077198,settle,market_prior,-0.6601323341729608,-0.21689447964572145,-0.1361931284619641,0.021029144215742143,0.0,0.0,-0.0009950525542607826,-0.16909787768527995
train,2026-05-10T16:00:00+08:00,btc-updown-5m-1778400000,buy_down,8.0,0.59,0.585,0.6234728345138421,0.49728563485924293,0.5043149975038936,0.023472834513842085,9.600969447412147,settle,market_prior,0.264785563193208,0.1973520156746249,0.1663048874066718,0.03893609882427911,0.0,0.0,-0.0009950525542607826,-0.16909787768527995
train,2026-05-10T16:05:04+08:00,btc-updown-5m-1778400300,buy_down,124.0,0.19,0.185,0.255521275355173,-1.066851455528842,-1.0693785993441063,0.05552127535517299,-15.007831188849515,settle,market_prior,-0.6942629458947523,-0.09980723092354332,-0.13126784563812752,0.028579497167121954,0.0,0.0,-0.0009950525542607826,-0.16909787768527995
train,2026-05-10T16:10:02+08:00,btc-updown-5m-1778400600,buy_down,4.0,0.28,0.25,0.3609869671721318,-0.5715818302365048,-0.5710829941663796,0.07098696717213178,35.77223762656487,settle,market_prior,-0.492481894594059,0.10909874351016427,-0.02430195847248642,0.006196209559417203,0.0,0.0,-0.0009950525542607826,-0.16909787768527995
train,2026-05-10T16:15:01+08:00,btc-updown-5m-1778400900,buy_up,4.0,0.45,0.445,0.5589292786667159,0.2314127801211885,0.23681772271376444,0.09892927866671593,17.358100432541033,settle,btc,-0.031529957552086714,0.3179646806820237,0.10226764088711791,0.01280334634367427,0.0,0.0,-0.0009950525542607826,-0.16909787768527995
train,2026-05-10T16:20:02+08:00,btc-updown-5m-1778401200,buy_up,5.0,0.53,0.525,0.6016884410998873,0.4060334279691806,0.41250526128345144,0.061688441099887255,12.70525615307626,settle,btc,0.1370378815316424,0.3000154058620723,0.09969801493397862,0.03937505588102806,0.0,0.0,-0.0009950525542607826,-0.16909787768527995
train,2026-05-10T16:25:00+08:00,btc-updown-5m-1778401500,buy_up,8.0,0.58,0.575,0.657353619087738,0.6435998430402247,0.6515231507771895,0.06735361908773808,10.437834614573365,settle,btc,0.24322602031374418,0.3036755752360666,0.23581539245141547,0.03097578527853926,0.0,0.0,-0.0009950525542607826,-0.16909787768527995
train,2026-05-10T16:30:00+08:00,btc-updown-5m-1778401800,buy_up,4.0,0.46,0.455,0.5532510112728782,0.2085496620245075,0.21381491639082284,0.08325101127287822,-15.193358553737973,settle,btc,-0.010310199668486515,0.23220444284810898,0.14757578078331038,0.00917256830111547,0.0,0.0,-0.0009950525542607826,-0.16909787768527995
train,2026-05-10T16:35:02+08:00,btc-updown-5m-1778402100,buy_up,8.0,0.5,0.495,0.5310707325680688,0.11972074657973171,0.12444327735136226,0.021070732568068802,-15.012525260653696,settle,btc,0.07397322828062054,0.1382500449984159,0.06555039456813003,0.012040008972105975,0.0,0.0,-0.0009950525542607826,-0.16909787768527995
train,2026-05-10T16:40:00+08:00,btc-updown-5m-1778402400,buy_up,64.0,0.14,0.135,0.17684077842665888,-1.5325275616780691,-1.5378998759991611,0.026840778426658864,-12.178699553313024,settle,market_prior,-0.8910036412002267,-0.31219453219494403,-0.16504652691055774,0.005810068867199958,0.0,0.0,-0.0009950525542607826,-0.16909787768527995
train,2026-05-10T16:50:01+08:00,btc-updown-5m-1778403000,buy_down,4.0,0.49,0.485,0.5234295633823163,0.08925057361635254,0.09378693886160522,0.023429563382316283,14.741071196029647,settle,btc,0.052957295858109765,0.13888648461129752,0.052564484184123524,0.014935239202362475,0.0,0.0,-0.0009950525542607826,-0.16909787768527995
train,2026-05-10T16:55:02+08:00,btc-updown-5m-1778403300,buy_up,144.0,0.17,0.165,0.24259213754780368,-1.135573291467523,-1.138520309393005,0.06259213754780367,70.39295057021685,settle,market_prior,-0.7670799320358461,-0.04949073721901473,-0.15759933572426077,0.008689643751139134,0.0,0.0,-0.0009950525542607826,-0.16909787768527995
train,2026-05-10T17:00:01+08:00,btc-updown-5m-1778403600,buy_up,12.0,0.72,0.715,0.7540620217271221,1.1096246296572514,1.1203952382549618,0.024062021727122136,5.7365962461643205,settle,market_prior,0.5675254313254933,0.4500124880962044,0.25157705015554715,0.010602590319546853,0.0,0.0,-0.0009950525542607826,-0.16909787768527995
train,2026-05-10T17:05:01+08:00,btc-updown-5m-1778403900,buy_up,70.0,0.19,0.185,0.22187086798569422,-1.251143826494807,-1.2547969529649627,0.021870867985694216,-10.910533286466574,settle,market_prior,-0.6942629458947523,-0.310825123449886,-0.1428807729409312,0.06691794603030317,0.0,0.0,-0.0009950525542607826,-0.16909787768527995
train,2026-05-10T17:10:01+08:00,btc-updown-5m-1778404200,buy_up,8.0,0.28,0.275,0.32279435789255234,-0.7404267577808807,-0.7409595241519467,0.03279435789255231,-15.790345284345944,settle,market_prior,-0.4246236908234957,-0.0785545397988757,-0.09043201677044818,0.023276419851479685,0.0,0.0,-0.0009950525542607826,-0.16909787768527995
train,2026-05-10T17:15:01+08:00,btc-updown-5m-1778404500,buy_up,55.0,0.29,0.285,0.35481147367620536,-0.5982916202072653,-0.5979559746157543,0.054811473676205376,-15.60822120675004,settle,market_prior,-0.39857145011641004,0.09731415453007375,-0.1366532299279165,0.009711835546528215,0.0,0.0,-0.0009950525542607826,-0.16909787768527995
train,2026-05-10T17:20:00+08:00,btc-updown-5m-1778404800,buy_up,42.0,0.23,0.225,0.2937907827000702,-0.8756844858384512,-0.8770436448319276,0.053790782700070185,-15.581076474216564,settle,market_prior,-0.5650343920509493,-0.04541670018326814,-0.10717279967734242,0.012032336312649225,0.0,0.0,-0.0009950525542607826,-0.16909787768527995
train,2026-05-10T17:25:02+08:00,btc-updown-5m-1778405100,buy_up,110.0,0.37,0.365,0.4071754298812113,-0.37734000400319223,-0.375654396467451,0.027175429881211306,-15.175407005653629,settle,market_prior,-0.20632449435712288,0.07177028765351098,-0.1022367164880247,0.029543849427985068,0.0,0.0,-0.0009950525542607826,-0.16909787768527995
train,2026-05-10T17:30:00+08:00,btc-updown-5m-1778405400,buy_up,8.0,0.33,0.325,0.40769348939914035,-0.3752072528274546,-0.37350861468812147,0.06769348939914034,-15.06746072934547,settle,market_prior,-0.2993636477025956,0.06327689186468646,0.022509229471798155,0.008463203778197126,0.0,0.0,-0.0009950525542607826,-0.16909787768527995
train,2026-05-10T17:35:02+08:00,btc-updown-5m-1778405700,buy_up,82.0,0.17,0.165,0.21317330337534948,-1.3019390774143402,-1.3059025508141409,0.03317330337534947,-15.312692170680558,settle,market_prior,-0.7670799320358461,-0.2415089700769799,-0.13185022399877125,0.008592978936797873,0.0,0.0,-0.0009950525542607826,-0.16909787768527995
train,2026-05-10T17:40:01+08:00,btc-updown-5m-1778406000,buy_up,50.0,0.31,0.305,0.34399522116873066,-0.6455869904977838,-0.6455403083957795,0.02399522116873066,-12.851744962294468,settle,market_prior,-0.3480535595599974,-0.07595766529424963,-0.08500128334530246,0.033518447941306394,0.0,0.0,-0.0009950525542607826,-0.16909787768527995
train,2026-05-10T17:45:01+08:00,btc-updown-5m-1778406300,buy_up,240.0,0.71,0.705,0.7428330304141757,1.0503373574521384,1.0607457348852658,0.022833030414175733,5.596837633084476,settle,market_prior,0.5420174137925392,0.42448709429073594,0.15237498228502241,0.10155079732338161,0.0,0.0,-0.0009950525542607826,-0.16909787768527995
train,2026-05-10T17:50:02+08:00,btc-updown-5m-1778406600,buy_down,4.0,0.49,0.485,0.5265905378598221,0.10184925384354963,0.10646259403538308,0.026590537859822135,-14.538723997312733,settle,interactions,0.052957295858109765,0.07540163322766,0.10894013982298976,0.034643115174330844,0.0,0.0,-0.0009950525542607826,-0.16909787768527995
train,2026-05-10T17:55:01+08:00,btc-updown-5m-1778406900,buy_down,4.0,0.49,0.485,0.5527314991472498,0.20646076955671622,0.2117132612857377,0.052731499147249845,-14.390369670809543,settle,btc,0.052957295858109765,0.2091317764394448,0.07749338585064496,0.03697124164805743,0.0,0.0,-0.0009950525542607826,-0.16909787768527995
train,2026-05-10T18:00:01+08:00,btc-updown-5m-1778407200,buy_up,5.0,0.51,0.505,0.5584825225091042,0.2296117796090661,0.2350057185158819,0.03848252250910423,-14.23235776854183,settle,btc,0.0949807529284627,0.2255840402001587,0.08148795402438526,-0.0023480373043998507,0.0,0.0,-0.0009950525542607826,-0.16909787768527995
validation,2026-05-24T17:25:01+08:00,btc-updown-5m-1779614700,buy_down,4.0,0.62,0.615,0.7774073908706577,1.2390598625657976,1.2506212897222089,0.14740739087065768,0.5967741935483871,settle,btc,0.33045584057817046,0.8223940366334017,0.2627189347822207,-0.006416019188454636,0.0,0.0,-0.0009950525542607826,-0.16909787768527995
validation,2026-05-24T17:30:00+08:00,btc-updown-5m-1779615000,buy_down,5.0,0.64,0.635,0.6886344651421611,0.7849560647447046,0.7937430254531189,0.038634465142161074,0.5501386088709677,settle,market_prior,0.3752784755662062,0.36243589863101144,0.22106479324448658,-0.0037301724574590636,0.0,0.0,-0.0009950525542607826,-0.16909787768527995
validation,2026-05-24T17:35:01+08:00,btc-updown-5m-1779615300,buy_up,4.0,0.5,0.495,0.5681930602920264,0.26884899732312423,0.2744826663193662,0.05819306029202643,0.9912397454637095,settle,btc,0.07397322828062054,0.2528887302662401,0.10676607037785561,0.005313898637948712,0.0,0.0,-0.0009950525542607826,-0.16909787768527995
validation,2026-05-24T17:40:01+08:00,btc-updown-5m-1779615600,buy_down,5.0,0.48,0.475,0.537858687552169,0.14683694340589565,0.1517251477055884,0.04785868755216905,-1.0426603072596399,settle,btc,0.03191609967744088,0.23992127315402345,0.055277306645882276,-0.0101848058319102,0.0,0.0,-0.0009950525542607826,-0.16909787768527995
validation,2026-05-24T17:45:02+08:00,btc-updown-5m-1779615900,buy_down,186.0,0.38,0.37,0.42002138399338773,-0.32469287863420554,-0.32268560965537446,0.030021383993387725,1.6228486912310607,settle,market_prior,-0.19502763783527644,0.14116974073530505,-0.11015635958020713,0.00941430828551373,0.0,0.0,-0.0009950525542607826,-0.16909787768527995
validation,2026-05-24T17:50:02+08:00,btc-updown-5m-1779616200,buy_up,4.0,0.5,0.495,0.5335674717801678,0.12968872427526815,0.1344721570252643,0.023567471780167833,1.006639741132174,settle,btc,0.07397322828062054,0.13348863404379718,0.05088708678160014,0.041432705408791036,0.0,0.0,-0.0009950525542607826,-0.16909787768527995
validation,2026-05-24T17:55:02+08:00,btc-updown-5m-1779616500,buy_down,163.0,0.51,0.505,0.5432242445359144,0.1683102248875824,0.17332962584161982,0.023224244535914436,-1.0575880382343736,settle,btc,0.0949807529284627,0.18687179089197853,0.049142902832082114,0.007407708474599799,0.0,0.0,-0.0009950525542607826,-0.16909787768527995
validation,2026-05-24T18:00:01+08:00,btc-updown-5m-1779616800,buy_down,8.0,0.68,0.675,0.8164289768943251,1.4793089919711437,1.492338284298236,0.12642897689432508,0.46804252524666473,settle,btc,0.468317628911679,0.8269293211162123,0.37010277094071614,-0.015947798757923126,0.0,0.0,-0.0009950525542607826,-0.16909787768527995
validation,2026-05-24T18:05:02+08:00,btc-updown-5m-1779617100,buy_up,12.0,0.5,0.495,0.6512510958898692,0.6167836180547573,0.6245430850204247,0.14125109588986917,1.0107272645679897,settle,btc,0.07397322828062054,0.4665733302865787,0.2068289741130846,0.03950101561401438,0.0,0.0,-0.0009950525542607826,-0.16909787768527995
validation,2026-05-24T18:10:01+08:00,btc-updown-5m-1779617400,buy_down,4.0,0.52,0.515,0.6242021198236761,0.5003745446114162,0.5074227797616689,0.09420211982367611,0.9413210834528164,settle,btc,0.11599668535097349,0.3438200399547745,0.1710203520936994,0.0396303974515096,0.0,0.0,-0.0009950525542607826,-0.16909787768527995
validation,2026-05-24T18:20:02+08:00,btc-updown-5m-1779618000,buy_up,21.0,0.23,0.225,0.28380236473858045,-0.9240235594078805,-0.925678058670232,0.043802364738580436,-1.0965650453010758,settle,market_prior,-0.5650343920509493,-0.09014907139481157,-0.11047391447458363,0.011726748752004702,0.0,0.0,-0.0009950525542607826,-0.16909787768527995
validation,2026-05-24T18:25:01+08:00,btc-updown-5m-1779618300,buy_up,5.0,0.4,0.395,0.695056431982711,0.8148964136360456,0.8238663027714824,0.285056431982711,1.5338660473251002,settle,btc,-0.13942566138463808,0.8920696305799141,0.2455584020082798,-0.013213027327969334,0.0,0.0,-0.0009950525542607826,-0.16909787768527995
validation,2026-05-24T18:30:01+08:00,btc-updown-5m-1779618600,buy_down,18.0,0.74,0.735,0.910077523678066,2.296559363635476,2.314581861803778,0.16007752367806605,0.3565026503717696,settle,btc,0.6202248896965267,1.45614398769131,0.39076658096539446,-0.00048316447821450734,0.0,0.0,-0.0009950525542607826,-0.16909787768527995
validation,2026-05-24T18:35:01+08:00,btc-updown-5m-1779618900,buy_up,154.0,0.12,0.115,0.15106583022802242,-1.7197497437434173,-1.7262659411699874,0.02106583022802242,-0.6864631594553848,settle,market_prior,-0.987215310766914,-0.5961732554009649,-0.1235343551222566,0.1572661077862589,0.0,0.0,-0.0009950525542607826,-0.16909787768527995
validation,2026-05-24T18:40:02+08:00,btc-updown-5m-1779619200,buy_up,4.0,0.34,0.335,0.398856293434242,-0.4117084576314207,-0.41023283319187603,0.04885629343424198,2.0110775176654143,settle,market_prior,-0.2756096560174177,0.02957884898260519,0.005201743564032073,-0.0007864639210995003,0.0,0.0,-0.0009950525542607826,-0.16909787768527995
validation,2026-05-24T18:45:01+08:00,btc-updown-5m-1779619500,buy_down,26.0,0.61,0.605,0.7297880411904869,0.9835471486919559,0.9935474537985601,0.10978804119048692,0.6678400422471759,settle,btc,0.30837964259372136,0.5332813857959289,0.2826429061842338,0.029336144357612653,0.0,0.0,-0.0009950525542607826,-0.16909787768527995
validation,2026-05-24T18:50:00+08:00,btc-updown-5m-1779619800,buy_up,18.0,0.5,0.495,0.5524691335833443,0.20540600706436107,0.21065205444484442,0.04246913358334426,-1.1003121639209024,settle,btc,0.07397322828062054,0.16637088745056586,0.1235780210072,0.011576800565515414,0.0,0.0,-0.0009950525542607826,-0.16909787768527995
validation,2026-05-24T18:55:01+08:00,btc-updown-5m-1779620100,buy_up,9.0,0.67,0.665,0.7676190698997489,1.1836924964314794,1.1949156421192249,0.0876190698997489,0.5099626478660386,settle,btc,0.44456363722650116,0.6181136262877877,0.30602245020346847,-0.01491428704673733,0.0,0.0,-0.0009950525542607826,-0.16909787768527995
validation,2026-05-24T19:05:01+08:00,btc-updown-5m-1779620700,buy_up,9.0,0.61,0.605,0.652346131092582,0.6215791750638727,0.6293679417449027,0.032346131092582005,0.668322770115259,settle,market_prior,0.30837964259372136,0.28741625278771105,0.18350921772384574,0.01236699219813533,0.0,0.0,-0.0009950525542607826,-0.16909787768527995
validation,2026-05-24T19:20:01+08:00,btc-updown-5m-1779621600,buy_up,4.0,0.48,0.475,0.5165904701173657,0.062016280644988264,0.0663862508227552,0.026590470117365712,1.1469869699086648,settle,btc,0.03191609967744088,0.1527767424188545,0.10076101421761875,-0.053344645429385114,0.0,0.0,-0.0009950525542607826,-0.16909787768527995
validation,2026-05-24T19:25:02+08:00,btc-updown-5m-1779621900,buy_up,8.0,0.58,0.575,0.6278371764008617,0.5158068801869132,0.5229494032455119,0.03783717640086171,-1.1097971388458046,settle,btc,0.24322602031374418,0.26738854996916406,0.18555732428187635,-0.010272084138330645,0.0,0.0,-0.0009950525542607826,-0.16909787768527995
validation,2026-05-24T19:30:01+08:00,btc-updown-5m-1779622200,buy_up,5.0,0.5,0.495,0.5816942762264418,0.3237632672073898,0.3297324493617273,0.07169427622644177,1.0582912655307608,settle,btc,0.07397322828062054,0.2516158510404769,0.13110325267694314,0.03716386544888996,0.0,0.0,-0.0009950525542607826,-0.16909787768527995
validation,2026-05-24T19:35:01+08:00,btc-updown-5m-1779622500,buy_down,4.0,0.46,0.455,0.516344264205512,0.06103637457614393,0.06540035776035732,0.04634426420551203,1.2564133441980256,settle,btc,-0.010310199668486515,0.1637844602038509,0.07551978120111433,0.0021352630792059522,0.0,0.0,-0.0009950525542607826,-0.16909787768527995
validation,2026-05-24T19:40:01+08:00,btc-updown-5m-1779622800,buy_up,125.0,0.31,0.305,0.345550012814335,-0.638746258388054,-0.6386577810361327,0.025550012814335006,2.239850243532954,settle,market_prior,-0.3480535595599974,-0.012877542893160641,-0.11030777889710908,0.00258555320175394,0.0,0.0,-0.0009950525542607826,-0.16909787768527995
validation,2026-05-24T19:45:01+08:00,btc-updown-5m-1779623100,buy_up,9.0,0.55,0.545,0.6419895966450796,0.5764967296892501,0.5840100533268929,0.08198959664507956,-1.1458970421742607,settle,btc,0.17926418087756993,0.34120661269350094,0.19452100911325426,0.03159785724446574,0.0,0.0,-0.0009950525542607826,-0.16909787768527995
validation,2026-05-24T19:50:01+08:00,btc-updown-5m-1779623400,buy_up,65.0,0.72,0.715,0.7570736928429449,1.125832825788082,1.1367024626180233,0.027073692842944926,0.4177408592140631,settle,market_prior,0.5675254313254933,0.5408057379935435,0.17559192972359872,0.012002656984987049,0.0,0.0,-0.0009950525542607826,-0.16909787768527995
validation,2026-05-24T19:55:00+08:00,btc-updown-5m-1779623700,buy_up,13.0,0.44,0.435,0.4751740792918224,-0.1027487036095281,-0.0993854083876024,0.025174079291822422,1.3976912914537194,settle,btc,-0.052844462835857135,0.1020229793528776,0.009150476710943772,0.009015233402048411,0.0,0.0,-0.0009950525542607826,-0.16909787768527995
validation,2026-05-24T20:00:02+08:00,btc-updown-5m-1779624000,buy_down,8.0,0.45,0.445,0.5770355756824413,0.3047627551273435,0.31061584866160385,0.11703557568244134,1.3585559352930152,settle,btc,-0.031529957552086714,0.32386197103205216,0.15301839556280677,0.029505276324111984,0.0,0.0,-0.0009950525542607826,-0.16909787768527995
validation,2026-05-24T20:05:01+08:00,btc-updown-5m-1779624300,buy_down,22.0,0.46,0.455,0.49942612724527286,-0.006248381318924714,-0.0022954920268748865,0.029426127245272833,1.3200635171263797,settle,btc,-0.010310199668486515,0.16724772236019747,0.019937845326679183,-0.013030819097774112,0.0,0.0,-0.0009950525542607826,-0.16909787768527995
validation,2026-05-24T20:10:00+08:00,btc-updown-5m-1779624600,buy_down,4.0,0.36,0.355,0.4852607307935757,-0.06258286230638804,-0.058974163325264915,0.1152607307935757,2.028103246052987,settle,btc,-0.2291194626958779,0.32750420061864594,0.022141382106470382,-0.013016052096085686,0.0,0.0,-0.0009950525542607826,-0.16909787768527995
validation,2026-05-24T20:15:02+08:00,btc-updown-5m-1779624900,buy_down,4.0,0.5,0.495,0.7413451963267227,1.04261083025264,1.052972000438047,0.23134519632672268,1.1556132296009918,settle,btc,0.07397322828062054,0.7645185102019738,0.37131145993351417,0.002900562076072299,0.0,0.0,-0.0009950525542607826,-0.16909787768527995
validation,2026-05-24T20:20:00+08:00,btc-updown-5m-1779625200,buy_down,5.0,0.48,0.475,0.5897906458630237,0.35692817531405874,0.36309998718705166,0.09979064586302368,1.2651753869431368,settle,btc,0.03191609967744088,0.3134894477640314,0.15885230686897497,0.02276325124315222,0.0,0.0,-0.0009950525542607826,-0.16909787768527995
validation,2026-05-24T20:25:01+08:00,btc-updown-5m-1779625500,buy_up,213.0,0.16,0.155,0.23369713661863403,-1.1843067179157871,-1.1875514855126557,0.06369713661863403,6.242663744743579,settle,market_prior,-0.8061658909200953,0.00028757392028949886,-0.1632695591784989,-0.04506591149794199,0.0,0.0,-0.0009950525542607826,-0.16909787768527995
validation,2026-05-24T20:35:00+08:00,btc-updown-5m-1779626100,buy_up,13.0,0.5,0.495,0.5462851015605642,0.18057762784438447,0.18567197971949106,0.0362851015605642,1.2405150627416115,settle,btc,0.07397322828062054,0.20433747179572345,0.0409338361922678,0.03142602181531344,0.0,0.0,-0.0009950525542607826,-0.16909787768527995
validation,2026-05-24T20:40:02+08:00,btc-updown-5m-1779626400,buy_down,116.0,0.32,0.315,0.35593769266868786,-0.5934052769872975,-0.5930397769982187,0.025937692668687846,-1.2570070985789767,settle,market_prior,-0.3234998014092145,0.02032735837139306,-0.10572656776373372,-0.014413335946201537,0.0,0.0,-0.0009950525542607826,-0.16909787768527995
validation,2026-05-24T20:45:01+08:00,btc-updown-5m-1779626700,buy_down,4.0,0.45,0.445,0.5052390463635947,0.016862858948526013,0.020956952434421625,0.04523904636359472,1.518800131580088,settle,btc,-0.031529957552086714,0.20084245024992176,0.07536884453438683,-0.05772554804415513,0.0,0.0,-0.0009950525542607826,-0.16909787768527995
validation,2026-05-24T20:50:02+08:00,btc-updown-5m-1779627000,buy_down,4.0,0.46,0.455,0.5423994170476629,0.16500673047481623,0.1700059478618953,0.07239941704766291,1.4757674611853189,settle,btc,-0.010310199668486515,0.22496494225171096,0.08716357918042117,0.03328133895071137,0.0,0.0,-0.0009950525542607826,-0.16909787768527995
validation,2026-05-24T20:55:02+08:00,btc-updown-5m-1779627300,buy_up,232.0,0.6,0.595,0.6622904879012179,0.6654612928598472,0.673518168867591,0.05229048790121794,0.8421480939588563,settle,btc,0.28649664736570424,0.2952131012493666,0.11345354440487852,0.14039093007943862,0.0,0.0,-0.0009950525542607826,-0.16909787768527995
validation,2026-05-24T21:00:01+08:00,btc-updown-5m-1779627600,buy_down,4.0,0.37,0.365,0.4047945031559953,-0.38715283352018637,-0.38552718004425585,0.024794503155995302,2.1499765714875845,settle,market_prior,-0.20632449435712288,0.04916058892651187,-0.06172391037972018,0.001827912529685581,0.0,0.0,-0.0009950525542607826,-0.16909787768527995
validation,2026-05-24T21:10:01+08:00,btc-updown-5m-1779628200,buy_down,4.0,0.45,0.445,0.5210846040841806,0.07990916963372115,0.08438846111731105,0.061084604084180545,1.5906404386786301,settle,btc,-0.031529957552086714,0.23224419296637897,0.07343840962542174,-0.02415054516645209,0.0,0.0,-0.0009950525542607826,-0.16909787768527995
validation,2026-05-24T21:15:02+08:00,btc-updown-5m-1779628500,buy_up,4.0,0.62,0.615,0.6689934157129096,0.6953961797476519,0.7036359508108726,0.0389934157129096,0.8005368358317556,settle,btc,0.33045584057817046,0.3346538788552978,0.18354787434559686,0.016831516208127548,0.0,0.0,-0.0009950525542607826,-0.16909787768527995
validation,2026-05-24T21:20:00+08:00,btc-updown-5m-1779628800,buy_down,129.0,0.2,0.195,0.24350919464561493,-1.1306189288564676,-1.133535676802043,0.03350919464561492,5.330309612993651,settle,market_prior,-0.6601323341729608,-0.15216264542076724,-0.18104087444348202,0.03280985542028319,0.0,0.0,-0.0009950525542607826,-0.16909787768527995
validation,2026-05-24T21:25:01+08:00,btc-updown-5m-1779629100,buy_down,138.0,0.26,0.255,0.3012116278401964,-0.8403913120914336,-0.8415348381682196,0.031211627840196383,3.9384863633651777,settle,market_prior,-0.47856927676422595,-0.07968231236367103,-0.13217262502879049,0.020125832304794596,0.0,0.0,-0.0009950525542607826,-0.16909787768527995
validation,2026-05-24T21:30:00+08:00,btc-updown-5m-1779629400,buy_up,13.0,0.64,0.635,0.7332641252254306,1.0011392471462301,1.011247035799868,0.0832641252254306,-1.4646667662732935,settle,btc,0.3752784755662062,0.5538243202938897,0.24244018804663311,-0.00031080652095834244,0.0,0.0,-0.0009950525542607826,-0.16909787768527995
validation,2026-05-24T21:35:01+08:00,btc-updown-5m-1779629700,buy_down,4.0,0.46,0.455,0.5914619002621458,0.36379830517725886,0.37001209191346657,0.12146190026214583,1.6447130104016379,settle,btc,-0.010310199668486515,0.3555941727927947,0.14339077745476353,0.045216484837727826,0.0,0.0,-0.0009950525542607826,-0.16909787768527995
validation,2026-05-24T21:40:00+08:00,btc-updown-5m-1779630000,buy_up,9.0,0.66,0.655,0.7626386611304069,1.1561458835544798,1.167200725974228,0.09263866113040688,0.7219669469244169,settle,btc,0.42115904652909675,0.6130372733652342,0.274585753771655,0.017456740128034335,0.0,0.0,-0.0009950525542607826,-0.16909787768527995
validation,2026-05-24T21:45:01+08:00,btc-updown-5m-1779630300,buy_down,249.0,0.7,0.695,0.7444176278716482,1.0585985999763787,1.0690574516409752,0.03441762787164827,0.6011921905174895,settle,market_prior,0.5170075407690806,0.32038717588915944,0.22369769167395265,0.16759912188372672,0.0,0.0,-0.0009950525542607826,-0.16909787768527995
validation,2026-05-24T21:55:01+08:00,btc-updown-5m-1779630900,buy_down,4.0,0.32,0.315,0.5452713446152747,0.17651315262939463,0.18158267152541846,0.2152713446152747,-1.5027019066364797,settle,btc,-0.3234998014092145,0.539008853640645,0.11127132469316557,0.019825705944339286,0.0,0.0,-0.0009950525542607826,-0.16909787768527995
validation,2026-05-24T22:00:01+08:00,btc-updown-5m-1779631200,buy_up,35.0,0.27,0.265,0.317531596299718,-0.7644593022419247,-0.7651389017568381,0.03753159629971798,-1.4955510019404767,settle,market_prior,-0.45127090848744356,-0.03005703360393205,-0.1612641447583707,0.04822571484736228,0.0,0.0,-0.0009950525542607826,-0.16909787768527995
validation,2026-05-24T22:05:01+08:00,btc-updown-5m-1779631500,buy_up,4.0,0.49,0.485,0.6294413904204853,0.522636868786856,0.5298211214550761,0.1294413904204853,1.4563091389157996,settle,btc,0.052957295858109765,0.43149134835159564,0.20956144630883347,-0.0012802914921420249,0.0,0.0,-0.0009950525542607826,-0.16909787768527995
validation,2026-05-24T22:10:01+08:00,btc-updown-5m-1779631800,buy_down,4.0,0.47,0.465,0.7304367327136747,0.9868192018527816,0.9968394984277557,0.2504367327136747,1.5951232866252205,settle,btc,0.010832661965491977,0.8116827103640163,0.3351775247328436,-0.0007807649700294053,0.0,0.0,-0.0009950525542607826,-0.16909787768527995
validation,2026-05-24T22:15:01+08:00,btc-updown-5m-1779632100,buy_down,5.0,0.5,0.495,0.9686140086473947,3.404711489844107,3.4295045345442694,0.45861400864739466,1.4285433347850356,settle,btc,0.07397322828062054,2.3280840143030836,1.137562269031668,0.03518490846827578,0.0,0.0,-0.0009950525542607826,-0.16909787768527995
validation,2026-05-24T22:25:01+08:00,btc-updown-5m-1779632700,buy_down,8.0,0.54,0.535,0.8414814239103174,1.655188279620988,1.6692921526602953,0.2914814239103174,1.22665226145062,settle,btc,0.1581213192435915,1.1245260018211782,0.5071857041391241,0.035448184656634796,0.0,0.0,-0.0009950525542607826,-0.16909787768527995
validation,2026-05-24T22:30:01+08:00,btc-updown-5m-1779633000,buy_up,4.0,0.53,0.525,0.7657699031635145,1.1734174176759442,1.184577785070721,0.22576990316351442,1.2882163183460662,settle,btc,0.1370378815316424,0.8584610219098301,0.3511647856320814,-0.0031533411580688736,0.0,0.0,-0.0009950525542607826,-0.16909787768527995
validation,2026-05-24T22:35:01+08:00,btc-updown-5m-1779633300,buy_down,4.0,0.61,0.605,0.7692290145568638,1.19268483295915,1.2039629196892403,0.14922901455686377,-1.521674537236067,settle,btc,0.30837964259372136,0.6732280657667404,0.36836480486794665,0.012805249970282248,0.0,0.0,-0.0009950525542607826,-0.16909787768527995
validation,2026-05-24T22:40:00+08:00,btc-updown-5m-1779633600,buy_down,8.0,0.56,0.555,0.7376747719281235,1.0236725149829662,1.0339179765560482,0.1676747719281234,1.1378987523063044,settle,btc,0.20048393876117018,0.6558642678059072,0.34337533616693483,-0.005958097511505336,0.0,0.0,-0.0009950525542607826,-0.16909787768527995
validation,2026-05-24T22:45:00+08:00,btc-updown-5m-1779633900,buy_up,227.0,0.36,0.355,0.39424804167006255,-0.43084901417166155,-0.42949033399061387,0.024248041670062566,-1.4537212658691425,settle,market_prior,-0.2291194626958779,0.038239210419090536,-0.1468125467487222,0.0769367150933888,0.0,0.0,-0.0009950525542607826,-0.16909787768527995
validation,2026-05-24T22:55:01+08:00,btc-updown-5m-1779634500,buy_down,4.0,0.5,0.495,0.5319834255007025,0.12336383372552491,0.12810862289512887,0.021983425500702543,1.4491813004501075,settle,btc,0.07397322828062054,0.14001214007553256,0.05393842226813147,0.02553297334078108,0.0,0.0,-0.0009950525542607826,-0.16909787768527995
validation,2026-05-24T23:00:01+08:00,btc-updown-5m-1779634800,buy_down,132.0,0.15,0.145,0.18299126395004528,-1.4910922197043601,-1.496211373918404,0.022991263950045283,-1.0770718266846406,settle,market_prior,-0.8473687897337343,-0.2967747982696477,-0.18072290508768288,0.0038672036262456582,0.0,0.0,-0.0009950525542607826,-0.16909787768527995
validation,2026-05-24T23:05:01+08:00,btc-updown-5m-1779635100,buy_down,4.0,0.49,0.485,0.7291296505208258,0.9802312264697507,0.99021127207843,0.2291296505208258,1.5127321671105884,settle,btc,0.052957295858109765,0.7643100168649546,0.3460064443168119,-0.012949600330584884,0.0,0.0,-0.0009950525542607826,-0.16909787768527995
validation,2026-05-24T23:15:02+08:00,btc-updown-5m-1779635700,buy_down,12.0,0.42,0.415,0.6160120635782921,0.4658183058157326,0.47265541054697624,0.1860120635782921,2.032463718810727,settle,btc,-0.09583158198412475,0.5733646412759041,0.16694026363469683,-0.008562086871202843,0.0,0.0,-0.0009950525542607826,-0.16909787768527995
validation,2026-05-24T23:25:01+08:00,btc-updown-5m-1779636300,buy_down,76.0,0.53,0.525,0.5635793617117915,0.2501819976391847,0.25570161569694877,0.02357936171179143,1.317448230205078,settle,btc,0.1370378815316424,0.1581190691942101,0.10275790233053296,0.02236007482234002,0.0,0.0,-0.0009950525542607826,-0.16909787768527995
validation,2026-05-24T23:30:02+08:00,btc-updown-5m-1779636600,buy_up,20.0,0.66,0.655,0.6934963685288495,0.8075911441298376,0.8165163998020974,0.023496368528849516,-1.554302509852817,settle,market_prior,0.42115904652909675,0.32546823033113037,0.20090541339454265,0.03015138411460874,0.0,0.0,-0.0009950525542607826,-0.16909787768527995
validation,2026-05-24T23:35:01+08:00,btc-updown-5m-1779636900,buy_down,57.0,0.31,0.305,0.3548819070424113,-0.5979858259012517,-0.5976483119790945,0.03488190704241129,-1.5644500024063097,settle,market_prior,-0.3480535595599974,0.029325647861745754,-0.1317471129032393,0.022582128939780014,0.0,0.0,-0.0009950525542607826,-0.16909787768527995
validation,2026-05-24T23:40:01+08:00,btc-updown-5m-1779637200,buy_down,5.0,0.5,0.495,0.5464716228877274,0.18132561800462732,0.18642453992211847,0.036471622887727435,-1.5299147686031904,settle,btc,0.07397322828062054,0.19558900948023245,0.09892041494292987,-0.017064104459614794,0.0,0.0,-0.0009950525542607826,-0.16909787768527995
validation,2026-05-24T23:45:01+08:00,btc-updown-5m-1779637500,buy_down,4.0,0.5,0.495,0.5679878675928247,0.2680177959425686,0.2736463864956155,0.05798786759282471,-1.5143096379634378,settle,btc,0.07397322828062054,0.25567315357258263,0.12053656207121563,-0.012072217742309528,0.0,0.0,-0.0009950525542607826,-0.16909787768527995
validation,2026-05-24T23:50:02+08:00,btc-updown-5m-1779637800,buy_down,4.0,0.48,0.475,0.6489206084834866,0.6066007436624692,0.6142979956819478,0.15892060848348666,1.5613163329752195,settle,btc,0.03191609967744088,0.5228808943609511,0.23623861768662807,-0.014341937823010088,0.0,0.0,-0.0009950525542607826,-0.16909787768527995
validation,2026-05-24T23:55:01+08:00,btc-updown-5m-1779638100,buy_down,4.0,0.44,0.435,0.49813036658348314,-0.011399982751351121,-0.007478568521602691,0.04813036658348314,1.8563591988389194,settle,btc,-0.052844462835857135,0.17406165936394583,0.030107641446513393,0.007368109513587532,0.0,0.0,-0.0009950525542607826,-0.16909787768527995
validation,2026-05-25T00:00:01+08:00,btc-updown-5m-1779638400,buy_down,115.0,0.28,0.275,0.31342507634531375,-0.7833599393525877,-0.7841550172752152,0.023425076345313718,-1.2667051233047069,settle,market_prior,-0.4246236908234957,-0.1213814550382981,-0.11640558925805491,0.04914372600680172,0.0,0.0,-0.0009950525542607826,-0.16909787768527995
validation,2026-05-25T00:05:01+08:00,btc-updown-5m-1779638700,buy_up,12.0,0.59,0.585,0.624396166558878,0.5011968366018277,0.5082500957610159,0.024396166558878003,1.010836542255239,settle,btc,0.264785563193208,0.26874318311287204,0.13614696428914033,0.0016140562461480874,0.0,0.0,-0.0009950525542607826,-0.16909787768527995
validation,2026-05-25T00:10:00+08:00,btc-updown-5m-1779639000,buy_down,162.0,0.37,0.365,0.4028268618495608,-0.3952762598377685,-0.3937002385689876,0.022826861849560794,-1.3964806724225518,settle,market_prior,-0.20632449435712288,0.09715461334644365,-0.10103079670435276,-0.0149826518831958,0.0,0.0,-0.0009950525542607826,-0.16909787768527995
validation,2026-05-25T00:15:01+08:00,btc-updown-5m-1779639300,buy_up,4.0,0.44,0.435,0.6450603305435413,0.5898014062536645,0.5973960183079788,0.19506033054354127,1.8589093231560059,settle,btc,-0.052844462835857135,0.5596198748537164,0.21030425322364835,0.042814671251697765,0.0,0.0,-0.0009950525542607826,-0.16909787768527995
validation,2026-05-25T00:20:02+08:00,btc-updown-5m-1779639600,buy_down,4.0,0.64,0.635,0.6999383939397805,0.8378941157666359,0.8470045154048443,0.04993839393978051,0.8234387392417619,settle,btc,0.3752784755662062,0.44255207962786297,0.15391765561514087,0.036238835196966565,0.0,0.0,-0.0009950525542607826,-0.16909787768527995
validation,2026-05-25T00:25:01+08:00,btc-updown-5m-1779639900,buy_down,8.0,0.6,0.595,0.712147614393348,0.8963697429051367,0.9058374147491708,0.10214761439334798,0.9840681104467086,settle,btc,0.28649664736570424,0.48238851283445694,0.27299512563655925,0.02458238730795708,0.0,0.0,-0.0009950525542607826,-0.16909787768527995
validation,2026-05-25T00:30:01+08:00,btc-updown-5m-1779640200,buy_up,137.0,0.26,0.255,0.3039971548765408,-0.827272035334504,-0.8283354057434477,0.033997154876540765,-1.5823989902629898,settle,market_prior,-0.47856927676422595,-0.014347572850423086,-0.17197113546948006,0.0077088799891658595,0.0,0.0,-0.0009950525542607826,-0.16909787768527995
validation,2026-05-25T00:40:01+08:00,btc-updown-5m-1779640800,buy_down,52.0,0.35,0.345,0.385450689970303,-0.46760997641876945,-0.4664758969938486,0.025450689970303038,-1.5182828562978261,settle,market_prior,-0.25220506532001336,0.016017602568035066,-0.08192724990724068,0.020597666479990194,0.0,0.0,-0.0009950525542607826,-0.16909787768527995
validation,2026-05-25T00:45:00+08:00,btc-updown-5m-1779641100,buy_up,4.0,0.54,0.535,0.6227800714323841,0.49435361017823765,0.5013650588478431,0.07278007143238409,1.2439873348230344,settle,btc,0.1581213192435915,0.36195856892137923,0.14905782518538993,-0.004691172932582305,0.0,0.0,-0.0009950525542607826,-0.16909787768527995
validation,2026-05-25T00:50:01+08:00,btc-updown-5m-1779641400,buy_down,128.0,0.28,0.275,0.313675468218823,-0.7822036701333445,-0.7829916835254196,0.023675468218822944,-1.2815849079770032,settle,market_prior,-0.4246236908234957,-0.0645266048349975,-0.15665293488984916,0.03369249065453872,0.0,0.0,-0.0009950525542607826,-0.16909787768527995
validation,2026-05-25T00:55:01+08:00,btc-updown-5m-1779641700,buy_up,20.0,0.43,0.425,0.4623110617472152,-0.15409185367624814,-0.1510422529177427,0.022311061747215206,1.901922303480918,settle,market_prior,-0.07427203910466089,0.06336352107262357,-0.004190858000501072,0.031100452595831034,0.0,0.0,-0.0009950525542607826,-0.16909787768527995
validation,2026-05-25T01:00:01+08:00,btc-updown-5m-1779642000,buy_up,4.0,0.47,0.465,0.592583258851284,0.3684128085422702,0.37465478879903824,0.11258325885128408,1.6722182670793062,settle,btc,0.010832661965491977,0.3345031523235251,0.1740538849870906,0.019116039505703217,0.0,0.0,-0.0009950525542607826,-0.16909787768527995
validation,2026-05-25T01:10:00+08:00,btc-updown-5m-1779642600,buy_down,4.0,0.57,0.565,0.6381547936160858,0.5599521234182607,0.5673643634375448,0.058154793616085894,1.1260054339296768,settle,btc,0.2217984440449403,0.33896654630658385,0.1629902431955485,0.0062898201107288955,0.0,0.0,-0.0009950525542607826,-0.16909787768527995
validation,2026-05-25T01:15:02+08:00,btc-updown-5m-1779642900,buy_down,129.0,0.28,0.275,0.32255299647684166,-0.741524400508656,-0.7420638732163232,0.03255299647684163,3.9035046540418223,settle,market_prior,-0.4246236908234957,-0.04606764840525876,-0.15664950664725596,0.05590937560689521,0.0,0.0,-0.0009950525542607826,-0.16909787768527995
validation,2026-05-25T01:20:01+08:00,btc-updown-5m-1779643200,buy_down,181.0,0.21,0.205,0.24643174740560292,-1.114913733435242,-1.1177345263635625,0.026431747405602925,-1.3831577805462312,settle,market_prior,-0.6273036130232583,-0.13889240089145075,-0.17095385377008848,-0.0076709355109038525,0.0,0.0,-0.0009950525542607826,-0.16909787768527995
validation,2026-05-25T01:25:00+08:00,btc-updown-5m-1779643500,buy_down,8.0,0.49,0.485,0.5202389593431732,0.07654138015246338,0.08100009524148338,0.02023895934317322,1.5839412851087693,settle,btc,0.052957295858109765,0.1392047044177962,0.0649252560699281,-0.010452945953829978,0.0,0.0,-0.0009950525542607826,-0.16909787768527995
validation,2026-05-25T01:30:01+08:00,btc-updown-5m-1779643800,buy_up,14.0,0.35,0.345,0.38616693551997316,-0.4646056926971207,-0.463453257811563,0.026166935519973185,2.8899715066277385,settle,market_prior,-0.25220506532001336,0.07812997908742404,-0.14168552951843313,0.02124785329344249,0.0,0.0,-0.0009950525542607826,-0.16909787768527995
validation,2026-05-25T01:35:01+08:00,btc-updown-5m-1779644100,buy_up,16.0,0.5,0.495,0.5395282698403625,0.15351471513589768,0.158443719036257,0.029528269840362505,1.5771658250982552,settle,btc,0.07397322828062054,0.16727026067114076,0.054178376492002245,0.02818577993167489,0.0,0.0,-0.0009950525542607826,-0.16909787768527995
validation,2026-05-25T01:40:02+08:00,btc-updown-5m-1779644400,buy_up,148.0,0.27,0.265,0.3051291178845115,-0.8219601070372894,-0.8229910228248326,0.025129117884511505,-1.4503583113920282,settle,market_prior,-0.45127090848744356,-0.09391828046798689,-0.15472960094136734,0.04805161309904913,0.0,0.0,-0.0009950525542607826,-0.16909787768527995
validation,2026-05-25T01:50:02+08:00,btc-updown-5m-1779645000,buy_down,8.0,0.52,0.515,0.5759515999052848,0.30034989731894013,0.3061760293391415,0.04595159990528475,1.4557535580932317,settle,btc,0.11599668535097349,0.28532330772918735,0.08001978521589193,-0.010896950737571886,0.0,0.0,-0.0009950525542607826,-0.16909787768527995
validation,2026-05-25T01:55:00+08:00,btc-updown-5m-1779645300,buy_down,4.0,0.48,0.475,0.559561370743317,0.23396158010321327,0.23938209525886117,0.06956137074331704,1.7267521493132736,settle,btc,0.03191609967744088,0.2536047248306885,0.10329622661127719,0.015237459223347467,0.0,0.0,-0.0009950525542607826,-0.16909787768527995
validation,2026-05-25T02:00:00+08:00,btc-updown-5m-1779645600,buy_up,4.0,0.55,0.545,0.5912638317534056,0.36298364179549925,0.36919245113176014,0.03126383175340553,-1.6723086697819847,settle,market_prior,0.17926418087756993,0.17700519257363617,0.15822133297885138,0.0185858656049824,0.0,0.0,-0.0009950525542607826,-0.16909787768527995
validation,2026-05-25T02:05:01+08:00,btc-updown-5m-1779645900,buy_down,99.0,0.54,0.535,0.5741310138726373,0.292944973083783,0.29872586277406116,0.02413101387263728,-1.6558289084197153,settle,btc,0.1581213192435915,0.18668623987221247,0.09428848956430401,0.023941854643215753,0.0,0.0,-0.0009950525542607826,-0.16909787768527995
validation,2026-05-25T02:10:02+08:00,btc-updown-5m-1779646200,buy_down,53.0,0.39,0.385,0.4214797232943412,-0.31874553213774504,-0.31670192628309785,0.021479723294341176,-1.4528966450053384,settle,market_prior,-0.16150185936908718,0.047673435528172804,-0.06981447472679476,0.03499029666950484,0.0,0.0,-0.0009950525542607826,-0.16909787768527995
validation,2026-05-25T02:20:00+08:00,btc-updown-5m-1779646800,buy_up,167.0,0.38,0.375,0.41164212785244,-0.35897882866053255,-0.357181038700468,0.02164212785243997,-1.4282057037203892,settle,market_prior,-0.18379361355574203,0.025989530114068765,-0.07829323257081815,0.047211417591499535,0.0,0.0,-0.0009950525542607826,-0.16909787768527995
validation,2026-05-25T02:25:01+08:00,btc-updown-5m-1779647100,buy_down,8.0,0.6,0.595,0.693895846157062,0.8094597829736712,0.8183964555858476,0.08389584615706204,1.027229850201864,settle,btc,0.28649664736570424,0.4442882081046503,0.24107989221497786,0.0076879655278795,0.0,0.0,-0.0009950525542607826,-0.16909787768527995
validation,2026-05-25T02:30:01+08:00,btc-updown-5m-1779647400,buy_down,4.0,0.49,0.485,0.6802253159108941,0.7462569364283494,0.7548074546458715,0.18022531591089408,1.6230876675481571,settle,btc,0.052957295858109765,0.6170409281075763,0.27316945110171503,-0.026817808399510687,0.0,0.0,-0.0009950525542607826,-0.16909787768527995
validation,2026-05-25T02:35:00+08:00,btc-updown-5m-1779647700,buy_up,4.0,0.52,0.515,0.6039733501134219,0.4155187813763942,0.42204856794915346,0.07397335011342189,1.4523513302118412,settle,btc,0.11599668535097349,0.33666009430994326,0.13109096584336657,0.0018639661116516598,0.0,0.0,-0.0009950525542607826,-0.16909787768527995
validation,2026-05-25T02:40:01+08:00,btc-updown-5m-1779648000,buy_down,4.0,0.47,0.465,0.5339765725930427,0.13132264456647866,0.13611606018173253,0.05397657259304268,1.793867570576368,settle,btc,0.010832661965491977,0.2324431077028093,0.0686626713317533,-0.010522866194035203,0.0,0.0,-0.0009950525542607826,-0.16909787768527995
validation,2026-05-25T02:45:02+08:00,btc-updown-5m-1779648300,buy_down,60.0,0.28,0.275,0.31313442985253453,-0.7847027277098921,-0.7855060097507454,0.023134429852534506,3.339105166374303,settle,market_prior,-0.4246236908234957,-0.08459411499265185,-0.14331614466164683,0.037924153007443014,0.0,0.0,-0.0009950525542607826,-0.16909787768527995
validation,2026-05-25T02:50:00+08:00,btc-updown-5m-1779648600,buy_down,66.0,0.37,0.365,0.40406480288214974,-0.390163919668322,-0.38855666321424,0.024064802882149745,-1.6405304731318182,settle,market_prior,-0.20632449435712288,0.04352386991636427,-0.07286950276456897,0.01559913777654632,0.0,0.0,-0.0009950525542607826,-0.16909787768527995
validation,2026-05-25T02:55:02+08:00,btc-updown-5m-1779648900,buy_down,97.0,0.33,0.325,0.3688319477547524,-0.5379354472594281,-0.5372310397734411,0.028831947754752403,-1.7064957791406488,settle,market_prior,-0.2993636477025956,0.04508366051847165,-0.12666123533932871,0.01309870550356538,0.0,0.0,-0.0009950525542607826,-0.16909787768527995
validation,2026-05-25T03:00:02+08:00,btc-updown-5m-1779649200,buy_up,8.0,0.56,0.555,0.6056239783228032,0.42238274796810943,0.4289544717479572,0.03562397832280318,1.2587019654987102,settle,btc,0.20048393876117018,0.34799505761268684,0.07166487628748566,-0.027668194453692528,0.0,0.0,-0.0009950525542607826,-0.16909787768527995
validation,2026-05-25T03:05:02+08:00,btc-updown-5m-1779649500,buy_up,29.0,0.55,0.545,0.5855934726911631,0.3397117505719548,0.3457783741751499,0.025593472691163084,1.3214614309412505,settle,btc,0.17926418087756993,0.27681245867071175,0.04041773867085882,0.013310302592355116,0.0,0.0,-0.0009950525542607826,-0.16909787768527995
validation,2026-05-25T03:10:02+08:00,btc-updown-5m-1779649800,buy_down,12.0,0.39,0.385,0.42031496486765096,-0.32349515337775825,-0.32148056658182483,0.02031496486765095,2.132740075967487,settle,market_prior,-0.16150185936908718,0.08235667016832061,-0.07968517256606668,0.00542813862861575,0.0,0.0,-0.0009950525542607826,-0.16909787768527995
validation,2026-05-25T03:15:02+08:00,btc-updown-5m-1779650100,buy_up,4.0,0.52,0.515,0.6346338611140017,0.5448284270734317,0.5521482648968307,0.10463386111400165,1.5242179572316459,settle,btc,0.11599668535097349,0.4048484501729326,0.16007057802940086,0.034005643759665555,0.0,0.0,-0.0009950525542607826,-0.16909787768527995
validation,2026-05-25T03:20:01+08:00,btc-updown-5m-1779650400,buy_up,76.0,0.35,0.345,0.390985711718265,-0.44444631680038493,-0.443170712911823,0.030985711718265037,-1.750228439984195,settle,market_prior,-0.25220506532001336,0.01667510844176848,-0.11236463234131876,0.07354120265871938,0.0,0.0,-0.0009950525542607826,-0.16909787768527995
validation,2026-05-25T03:25:01+08:00,btc-updown-5m-1779650700,buy_down,4.0,0.55,0.545,0.5941874143594575,0.3750209860321548,0.38130334068529664,0.0341874143594575,1.3472869591345,settle,btc,0.17926418087756993,0.27498570455715043,0.08752198923871342,0.0033420415982617214,0.0,0.0,-0.0009950525542607826,-0.16909787768527995
validation,2026-05-25T03:30:01+08:00,btc-updown-5m-1779651000,buy_up,4.0,0.57,0.565,0.6231979176058974,0.49612183180230285,0.5031440838864406,0.043197917605897425,1.2508495767964518,settle,btc,0.2217984440449403,0.2634066945841862,0.14594044384379856,0.035069179568918585,0.0,0.0,-0.0009950525542607826,-0.16909787768527995
validation,2026-05-25T03:40:02+08:00,btc-updown-5m-1779651600,buy_up,4.0,0.64,0.635,0.7113905967070299,0.8927021494460737,0.9021474131643755,0.06139059670702985,0.935205503901722,settle,btc,0.3752784755662062,0.4321865244059161,0.2627874814963941,-0.007457401782901844,0.0,0.0,-0.0009950525542607826,-0.16909787768527995
validation,2026-05-25T03:45:00+08:00,btc-updown-5m-1779651900,buy_up,36.0,0.5,0.495,0.5316532684972558,0.12204588819804459,0.12678262503321788,0.021653268497255802,1.685053276930123,settle,btc,0.07397322828062054,0.1186988199698582,0.05548442506399542,0.043982345123111194,0.0,0.0,-0.0009950525542607826,-0.16909787768527995
validation,2026-05-25T03:50:01+08:00,btc-updown-5m-1779652200,buy_up,160.0,0.31,0.305,0.344776147902902,-0.6421492622009682,-0.6420815763948271,0.02477614790290201,3.4189665281139607,settle,market_prior,-0.3480535595599974,-0.017910349279209294,-0.11214680216506392,0.0060543790428430125,0.0,0.0,-0.0009950525542607826,-0.16909787768527995
validation,2026-05-25T03:55:01+08:00,btc-updown-5m-1779652500,buy_up,94.0,0.46,0.455,0.4971135997222053,-0.015442445110988044,-0.011545729366999739,0.02711359972220529,2.0399035395748983,settle,btc,-0.010310199668486515,0.12099356354977849,0.007813786867155025,0.03615333438010573,0.0,0.0,-0.0009950525542607826,-0.16909787768527995
validation,2026-05-25T04:05:01+08:00,btc-updown-5m-1779653100,buy_up,134.0,0.17,0.165,0.2097259476370962,-1.3224890907282418,-1.3265781198329691,0.02972594763709619,-1.6978058392922346,settle,market_prior,-0.7670799320358461,-0.23259025377643783,-0.17805100039154065,0.025325025715123198,0.0,0.0,-0.0009950525542607826,-0.16909787768527995
validation,2026-05-25T04:10:01+08:00,btc-updown-5m-1779653400,buy_up,4.0,0.39,0.385,0.5221053409256576,0.08397490818249205,0.08847904036383436,0.12210534092565763,2.7290819913380298,settle,btc,-0.16150185936908718,0.3044126145919518,0.1304070167103681,-0.019249933511199947,0.0,0.0,-0.0009950525542607826,-0.16909787768527995
validation,2026-05-25T04:15:00+08:00,btc-updown-5m-1779653700,buy_down,4.0,0.36,0.355,0.3966501996188973,-0.42086204385849557,-0.4194423456586954,0.026650199618897315,-1.851227284124297,settle,market_prior,-0.2291194626958779,-0.015199570512440285,-0.009796314829763914,0.0033462344191272963,0.0,0.0,-0.0009950525542607826,-0.16909787768527995
validation,2026-05-25T04:20:02+08:00,btc-updown-5m-1779654000,buy_up,56.0,0.19,0.185,0.22039350464483126,-1.259669476992154,-1.2633746931637517,0.020393504644831258,-1.1811283435250437,settle,market_prior,-0.6942629458947523,-0.3119214092351518,-0.17290726875975698,0.08951507713704782,0.0,0.0,-0.0009950525542607826,-0.16909787768527995
validation,2026-05-25T04:25:01+08:00,btc-updown-5m-1779654300,buy_down,4.0,0.45,0.445,0.5454988582893013,0.17742519541890683,0.18250028667995113,0.08549885828930133,-1.81022323707342,settle,btc,-0.031529957552086714,0.2927205665920387,0.10946312494408394,-0.023135608325588378,0.0,0.0,-0.0009950525542607826,-0.16909787768527995
validation,2026-05-25T04:30:02+08:00,btc-updown-5m-1779654600,buy_up,4.0,0.37,0.365,0.5146389416876994,0.0542499866232079,0.05857250658740672,0.1346389416876994,-1.8001404425449496,settle,btc,-0.20632449435712288,0.32344206424794186,0.10596498025480161,0.0012603667171280175,0.0,0.0,-0.0009950525542607826,-0.16909787768527995
validation,2026-05-25T04:35:02+08:00,btc-updown-5m-1779654900,buy_up,4.0,0.44,0.435,0.47691214493738804,-0.09582275260429117,-0.09241714146521898,0.026912144937388034,2.1684586515130286,settle,btc,-0.052844462835857135,0.14162956090611248,0.0007952859815671729,-0.015310206416572922,0.0,0.0,-0.0009950525542607826,-0.16909787768527995
validation,2026-05-25T04:40:01+08:00,btc-updown-5m-1779655200,buy_up,4.0,0.49,0.485,0.526416846453882,0.10115676153532209,0.1057658707634774,0.02641684645388199,1.7922974568628092,settle,btc,0.052957295858109765,0.1507401724010003,0.04578835076920612,0.021763872746546634,0.0,0.0,-0.0009950525542607826,-0.16909787768527995
validation,2026-05-25T04:45:00+08:00,btc-updown-5m-1779655500,buy_up,4.0,0.51,0.505,0.5586936640500614,0.2304629031695929,0.2358620422393959,0.03869366405006137,1.6699995127474643,settle,btc,0.0949807529284627,0.2209076397196052,0.07932354381077603,0.005343896950289741,0.0,0.0,-0.0009950525542607826,-0.16909787768527995
validation,2026-05-25T04:50:00+08:00,btc-updown-5m-1779655800,buy_down,4.0,0.57,0.565,0.6193532537713164,0.47988100027395897,0.48680402473133133,0.039353253771316495,1.3197390886264833,settle,btc,0.2217984440449403,0.3143965940012714,0.12072274826375906,-0.006943855796471014,0.0,0.0,-0.0009950525542607826,-0.16909787768527995
validation,2026-05-25T04:55:01+08:00,btc-updown-5m-1779656100,buy_down,5.0,0.47,0.465,0.5453698870227693,0.17690817403230122,0.18198010641536008,0.06536988702276937,-1.8426606314634082,settle,btc,0.010832661965491977,0.2248058323484616,0.0770141493577837,0.03434846060010466,0.0,0.0,-0.0009950525542607826,-0.16909787768527995
validation,2026-05-25T05:00:01+08:00,btc-updown-5m-1779656400,buy_down,9.0,0.55,0.545,0.5805571306706604,0.31912007018912925,0.3250608835114939,0.020557130670660347,-1.8183151758477096,settle,market_prior,0.17926418087756993,0.1756562837984161,0.12780828410505038,0.006484251647633612,0.0,0.0,-0.0009950525542607826,-0.16909787768527995
validation,2026-05-25T05:05:02+08:00,btc-updown-5m-1779656700,buy_up,120.0,0.31,0.305,0.34319569100889924,-0.6491104610335025,-0.6490853065003684,0.02319569100889924,-1.5335070263541999,settle,market_prior,-0.3480535595599974,-0.09885621954548413,-0.08586305977112317,0.05375530808264305,0.0,0.0,-0.0009950525542607826,-0.16909787768527995
validation,2026-05-25T05:10:01+08:00,btc-updown-5m-1779657000,buy_up,180.0,0.13,0.125,0.2336161123569976,-1.1847564648549422,-1.1880039802988862,0.09361611235699761,11.592317341348382,settle,market_prior,-0.9374578283266224,0.024458101855241186,-0.10696057683863487,0.005296768694614484,0.0,0.0,-0.0009950525542607826,-0.16909787768527995
validation,2026-05-25T05:15:01+08:00,btc-updown-5m-1779657300,buy_up,165.0,0.16,0.155,0.21044656132651632,-1.3181731032290451,-1.3222357626743158,0.04044656132651631,9.691547981933395,settle,market_prior,-0.8061658909200953,-0.23663625208883723,-0.1308955565212692,0.025617526540697058,0.0,0.0,-0.0009950525542607826,-0.16909787768527995
validation,2026-05-25T05:20:00+08:00,btc-updown-5m-1779657600,buy_up,157.0,0.2,0.195,0.2334144468034313,-1.1858763347663048,-1.1891306923496674,0.02341444680343128,-1.5098103425821237,settle,market_prior,-0.6601323341729608,-0.29487871476690264,-0.10297083104274851,0.04219847545584778,0.0,0.0,-0.0009950525542607826,-0.16909787768527995
validation,2026-05-25T05:25:02+08:00,btc-updown-5m-1779657900,buy_up,8.0,0.18,0.175,0.23290174787033546,-1.1887264396989643,-1.191998210747149,0.04290174787033547,-2.058404678099279,settle,market_prior,-0.7298511974964466,-0.19308696298238448,-0.11332220734242461,0.017626858361832004,0.0,0.0,-0.0009950525542607826,-0.16909787768527995
validation,2026-05-25T05:30:02+08:00,btc-updown-5m-1779658200,buy_up,8.0,0.58,0.575,0.6213182313821093,0.4881735190560249,0.49514720883538005,0.031318231382109325,-1.9627505006351549,settle,btc,0.24322602031374418,0.30754755302971515,0.10018820078223689,0.007304675169869382,0.0,0.0,-0.0009950525542607826,-0.16909787768527995
validation,2026-05-25T05:35:00+08:00,btc-updown-5m-1779658500,buy_down,8.0,0.76,0.755,0.9288709103507687,2.5499030156494142,2.5694733834142673,0.15887091035076872,0.5779827483393571,settle,btc,0.675535262466936,1.5885045760222294,0.462381549477628,-0.0064254420778389314,0.0,0.0,-0.0009950525542607826,-0.16909787768527995
validation,2026-05-25T05:40:01+08:00,btc-updown-5m-1779658800,buy_up,8.0,0.57,0.565,0.8541591099025972,1.7529003833915704,1.7676012541982944,0.2741591099025973,-1.9492435122370202,settle,btc,0.2217984440449403,1.1198684418450664,0.5720222892621112,0.009304138478993319,0.0,0.0,-0.0009950525542607826,-0.16909787768527995
validation,2026-05-25T05:45:01+08:00,btc-updown-5m-1779659100,buy_up,12.0,0.63,0.625,0.6616151002747616,0.6624614156774863,0.6704999631475025,0.021615100274761552,1.0835105316296816,settle,market_prior,0.35274759476482526,0.2868103993401706,0.17533255453278612,0.017663797279245035,0.0,0.0,-0.0009950525542607826,-0.16909787768527995
validation,2026-05-25T05:50:01+08:00,btc-updown-5m-1779659400,buy_up,4.0,0.58,0.575,0.6541405186703774,0.6294527471496437,0.6372896194877562,0.06414051867037741,1.3480365510758248,settle,btc,0.24322602031374418,0.4237162341668602,0.13923633427368853,-0.006632911365108276,0.0,0.0,-0.0009950525542607826,-0.16909787768527995
validation,2026-05-25T05:55:01+08:00,btc-updown-5m-1779659700,buy_up,4.0,0.57,0.565,0.6262875923618961,0.5092208562300743,0.516323140245129,0.046287592361896175,-1.954151162603191,settle,btc,0.2217984440449403,0.30675177191165814,0.13376481436230755,0.01699875615070918,0.0,0.0,-0.0009950525542607826,-0.16909787768527995
validation,2026-05-25T06:00:01+08:00,btc-updown-5m-1779660000,buy_up,4.0,0.76,0.72,0.9867034056858568,4.276740621849609,4.306861557617924,0.21670340568585678,0.5752776310489239,settle,btc,0.5804804693297947,3.1309168669708702,0.7450777514984857,-0.009641535709999531,0.0,0.0,-0.0009950525542607826,-0.16909787768527995
validation,2026-05-25T06:05:02+08:00,btc-updown-5m-1779660300,buy_up,4.0,0.59,0.585,0.7753520223176149,1.227292980875283,1.2387825151767908,0.17535202231761493,1.2926577395684447,settle,btc,0.264785563193208,0.7498050377594943,0.3948845842157823,-0.01208927405366071,0.0,0.0,-0.0009950525542607826,-0.16909787768527995
validation,2026-05-25T06:10:00+08:00,btc-updown-5m-1779660600,buy_up,4.0,0.45,0.44,0.6228465064770721,0.49463469514264546,0.5016478611746833,0.16284650647707205,2.3035160919109683,settle,btc,-0.0421742337522866,0.5130784276817629,0.21402599508115916,-0.020202563628449362,0.0,0.0,-0.0009950525542607826,-0.16909787768527995
validation,2026-05-25T06:15:00+08:00,btc-updown-5m-1779660900,buy_down,8.0,0.55,0.545,0.856941893672556,1.7752816137887903,1.790119228602281,0.29694189367255597,1.5541055233425995,settle,btc,0.17926418087756993,1.213758669683946,0.5306300653672791,0.021721628099535973,0.0,0.0,-0.0009950525542607826,-0.16909787768527995
validation,2026-05-25T06:20:01+08:00,btc-updown-5m-1779661200,buy_up,4.0,0.59,0.585,0.6462292936725179,0.5948797639235185,0.6025054035381253,0.04622929367251794,1.3275748877367295,settle,btc,0.264785563193208,0.2859105629156529,0.16970021465697635,0.04457635339722194,0.0,0.0,-0.0009950525542607826,-0.16909787768527995
validation,2026-05-25T06:25:02+08:00,btc-updown-5m-1779661500,buy_down,4.0,0.49,0.485,0.5573238215353,0.22494249886519274,0.2303079095746618,0.05732382153530003,2.0116823553969825,settle,btc,0.052957295858109765,0.2653496079093062,0.08931816659397457,-0.012589641256657052,0.0,0.0,-0.0009950525542607826,-0.16909787768527995
validation,2026-05-25T06:30:02+08:00,btc-updown-5m-1779661800,buy_up,4.0,0.6,0.595,0.7129443320490065,0.9002358866965727,0.9097271797617548,0.10294433204900656,-2.0247582907070627,settle,btc,0.28649664736570424,0.5774298076095349,0.22247256427001952,-0.016070202309145173,0.0,0.0,-0.0009950525542607826,-0.16909787768527995
validation,2026-05-25T06:35:01+08:00,btc-updown-5m-1779662100,buy_down,4.0,0.5,0.495,0.6077336846660576,0.43117036834051364,0.4377957823955759,0.0977336846660576,1.931891589957223,settle,btc,0.07397322828062054,0.3442535922040733,0.14050542704195532,0.04253105105340523,0.0,0.0,-0.0009950525542607826,-0.16909787768527995
validation,2026-05-25T06:40:01+08:00,btc-updown-5m-1779662400,buy_down,4.0,0.6,0.595,0.7364441981576298,1.0173614470787729,1.027568349524547,0.12644419815762986,-2.023814145916106,settle,btc,0.28649664736570424,0.638122656356992,0.2646085499522607,-0.0017734763566434437,0.0,0.0,-0.0009950525542607826,-0.16909787768527995
validation,2026-05-25T06:45:01+08:00,btc-updown-5m-1779662700,buy_up,4.0,0.56,0.555,0.9243072350280737,2.4831991181676374,2.5023619409473974,0.3543072350280736,1.512984734021128,settle,btc,0.20048393876117018,1.7082273506563097,0.7600589435305657,-0.015478184540867369,0.0,0.0,-0.0009950525542607826,-0.16909787768527995
validation,2026-05-25T06:50:01+08:00,btc-updown-5m-1779663000,buy_up,8.0,0.64,0.635,0.6782502270695087,0.7372466779070214,0.74574214558307,0.028250227069508645,-2.016552454634011,settle,market_prior,0.3752784755662062,0.2858468295057468,0.24051548910472081,0.005698813969888539,0.0,0.0,-0.0009950525542607826,-0.16909787768527995
validation,2026-05-25T06:55:02+08:00,btc-updown-5m-1779663300,buy_up,16.0,0.5,0.495,0.5358130396747159,0.13865964787559043,0.1434978908400267,0.02581303967471594,-2.0046703070936287,settle,btc,0.07397322828062054,0.19110793831577672,0.05950290231109681,-0.015831490792362887,0.0,0.0,-0.0009950525542607826,-0.16909787768527995
validation,2026-05-25T07:00:01+08:00,btc-updown-5m-1779663600,buy_up,12.0,0.76,0.755,0.8661239268989123,1.8518082819521213,1.8671134565486724,0.09612392689891226,0.5887141564642582,settle,btc,0.675535262466936,0.9811400177838163,0.3239827333075436,0.041243198633365986,0.0,0.0,-0.0009950525542607826,-0.16909787768527995
validation,2026-05-25T07:05:02+08:00,btc-updown-5m-1779663900,buy_up,76.0,0.25,0.245,0.2865526312065532,-0.9106138767620949,-0.9121864460455352,0.02655263120655322,5.111879205005989,settle,market_prior,-0.5065812812578528,-0.11894849871957974,-0.16782408201071666,0.052832915465595105,0.0,0.0,-0.0009950525542607826,-0.16909787768527995
validation,2026-05-25T07:10:00+08:00,btc-updown-5m-1779664200,buy_down,184.0,0.42,0.415,0.45328579408157693,-0.1902321638874476,-0.18740337184840739,0.023285794081576945,-2.049996616635752,settle,btc,-0.09583158198412475,0.14488562758816337,-0.07797824578892694,0.008784966536981522,0.0,0.0,-0.0009950525542607826,-0.16909787768527995
validation,2026-05-25T07:15:02+08:00,btc-updown-5m-1779664500,buy_down,8.0,0.29,0.265,0.3831397833555627,-0.4773173226386287,-0.47624255279560374,0.08313978335556273,4.783709025459803,settle,market_prior,-0.45127090848744356,0.21025626333820463,-0.051345798006867546,-0.01486394924298152,0.0,0.0,-0.0009950525542607826,-0.16909787768527995
validation,2026-05-25T07:20:00+08:00,btc-updown-5m-1779664800,buy_down,4.0,0.49,0.485,0.5543435524366549,0.21294416332552019,0.21823626705199028,0.0543435524366549,2.071081021226766,settle,btc,0.052957295858109765,0.24612655937959013,0.06512339937873342,0.01882983894862766,0.0,0.0,-0.0009950525542607826,-0.16909787768527995
validation,2026-05-25T07:25:01+08:00,btc-updown-5m-1779665100,buy_down,4.0,0.53,0.525,0.6871872421630707,0.7782559869567812,0.7870020117798082,0.14718724216307066,1.7795665982389983,settle,btc,0.1370378815316424,0.5544074089080956,0.2755753535658638,-0.01867172680927986,0.0,0.0,-0.0009950525542607826,-0.16909787768527995
validation,2026-05-25T07:30:00+08:00,btc-updown-5m-1779665400,buy_up,4.0,0.52,0.515,0.8046033292211465,1.4027561232922099,1.4153176957573086,0.2746033292211465,1.869303773439495,settle,btc,0.11599668535097349,0.9902547476047635,0.42814352116081905,0.03845409941519423,0.0,0.0,-0.0009950525542607826,-0.16909787768527995
validation,2026-05-25T07:35:01+08:00,btc-updown-5m-1779665700,buy_up,12.0,0.51,0.505,0.5494558741905158,0.1933003633288755,0.19847244809874723,0.02945587419051577,1.9641025079823844,settle,btc,0.0949807529284627,0.12114102031103358,0.11052312789708581,0.036748392431834205,0.0,0.0,-0.0009950525542607826,-0.16909787768527995
validation,2026-05-25T07:40:00+08:00,btc-updown-5m-1779666000,buy_up,5.0,0.5,0.495,0.5357765876664087,0.138513978719623,0.1433513316800829,0.025776587666408675,2.0643699410148852,settle,btc,0.07397322828062054,0.19301173392008297,0.050450606567867824,-0.008828659809407535,0.0,0.0,-0.0009950525542607826,-0.16909787768527995
validation,2026-05-25T07:45:01+08:00,btc-updown-5m-1779666300,buy_down,4.0,0.63,0.625,0.7601678747229801,1.142627845684832,1.1536000961009634,0.12016787472298009,1.215510650983575,settle,btc,0.35274759476482526,0.690420614127017,0.2578499801983992,0.01170258683413109,0.0,0.0,-0.0009950525542607826,-0.16909787768527995
validation,2026-05-25T07:50:01+08:00,btc-updown-5m-1779666600,buy_down,8.0,0.7,0.695,0.7417288010006797,1.0446001627652632,1.054973487300263,0.03172880100067977,0.8862809089457383,settle,market_prior,0.5170075407690806,0.4927673391602558,0.1911024357976463,0.013815777277821198,0.0,0.0,-0.0009950525542607826,-0.16909787768527995
validation,2026-05-25T08:05:00+08:00,btc-updown-5m-1779667500,buy_up,4.0,0.44,0.435,0.5332909234589018,0.1285843117236505,0.1333609967750282,0.08329092345890184,2.685201943525687,settle,btc,-0.052844462835857135,0.27723254545841153,0.039676056994111,0.03461310234652587,0.0,0.0,-0.0009950525542607826,-0.16909787768527995
validation,2026-05-25T08:10:02+08:00,btc-updown-5m-1779667800,buy_down,4.0,0.43,0.425,0.5371535118674655,0.1440175048568101,0.14888848305600744,0.09715351186746553,-2.2255952852850114,settle,btc,-0.07427203910466089,0.3455559474706385,0.04919544371500909,-0.00636891698463585,0.0,0.0,-0.0009950525542607826,-0.16909787768527995
validation,2026-05-25T08:15:02+08:00,btc-updown-5m-1779668100,buy_up,171.0,0.18,0.175,0.2149269440595847,-1.2915784307247913,-1.2954786030318513,0.02492694405958471,-1.7269168483207429,settle,market_prior,-0.7298511974964466,-0.31191413139085183,-0.1433795188832221,0.06365934728526994,0.0,0.0,-0.0009950525542607826,-0.16909787768527995
validation,2026-05-25T08:20:00+08:00,btc-updown-5m-1779668400,buy_down,4.0,0.38,0.375,0.4534512284858688,-0.18956867374575392,-0.18673582793939106,0.06345122848586877,-2.191685517470269,settle,btc,-0.18379361355574203,0.20480311023095132,-0.030137560172348088,-0.010347680009074439,0.0,0.0,-0.0009950525542607826,-0.16909787768527995
validation,2026-05-25T08:35:02+08:00,btc-updown-5m-1779669300,buy_down,83.0,0.39,0.385,0.42370401567750743,-0.3096852173820249,-0.30758625515419025,0.023704015677507413,-2.105932504770196,settle,market_prior,-0.16150185936908718,0.06412952616310268,-0.08490492730606365,0.042684973369563894,0.0,0.0,-0.0009950525542607826,-0.16909787768527995
test,2026-05-31T17:40:01+08:00,btc-updown-5m-1780220400,buy_up,4.0,0.5,0.495,0.638971790392781,0.5634704723801608,0.5709042086767144,0.12897179039278095,0.98,settle,btc,0.07397322828062054,0.4197154637890823,0.2596863769594191,-0.019811666409420423,0.0,0.0,-0.0009950525542607826,-0.16909787768527995
test,2026-05-31T17:45:01+08:00,btc-updown-5m-1780220700,buy_up,4.0,0.4,0.395,0.49266365351543046,-0.03313610380071766,-0.029347492112701823,0.08266365351543044,1.4894549999999998,settle,btc,-0.13942566138463808,0.19576827501130287,0.05651569280689267,0.024098520005265613,0.0,0.0,-0.0009950525542607826,-0.16909787768527995
test,2026-05-31T17:50:01+08:00,btc-updown-5m-1780221000,buy_down,4.0,0.62,0.615,0.734124651011791,1.005516718376538,1.0156512523406398,0.10412465101179104,0.6115112637096776,settle,btc,0.33045584057817046,0.5251335962433858,0.2875698980344082,0.032450313760114306,0.0,0.0,-0.0009950525542607826,-0.16909787768527995
test,2026-05-31T17:55:01+08:00,btc-updown-5m-1780221300,buy_down,4.0,0.47,0.465,0.5914251441128917,0.36364711650149634,0.3698599795107715,0.11142514411289174,1.1404702650452987,settle,btc,0.010832661965491977,0.36092435455054794,0.1603139473968857,0.001669082828111456,0.0,0.0,-0.0009950525542607826,-0.16909787768527995
test,2026-05-31T18:00:02+08:00,btc-updown-5m-1780221600,buy_down,138.0,0.41,0.405,0.44125016241761633,-0.23862301434044333,-0.2360898789147503,0.021250162417616354,-0.9613305400227384,settle,market_prior,-0.11754266615662104,0.08494433931547571,-0.052547947162859314,0.016616189903102083,0.0,0.0,-0.0009950525542607826,-0.16909787768527995
test,2026-05-31T18:05:01+08:00,btc-updown-5m-1780221900,buy_down,144.0,0.28,0.275,0.310394338749589,-0.7973955470522797,-0.7982763792073687,0.020394338749588965,-0.7573378700983049,settle,market_prior,-0.4246236908234957,-0.03826206479061727,-0.14891966576485516,-0.015497195433770674,0.0,0.0,-0.0009950525542607826,-0.16909787768527995
test,2026-05-31T18:10:00+08:00,btc-updown-5m-1780222200,buy_down,95.0,0.37,0.365,0.4041760585704333,-0.38970471366037374,-0.3880946515665506,0.02417605857043332,1.6478228377455344,settle,market_prior,-0.20632449435712288,0.05233069726125179,-0.07905601380114248,0.013438027476180567,0.0,0.0,-0.0009950525542607826,-0.16909787768527995
test,2026-05-31T18:15:01+08:00,btc-updown-5m-1780222500,buy_down,25.0,0.58,0.575,0.6136685406497278,0.45598223367298807,0.4627592423374931,0.023668540649727794,0.7362369360709584,settle,market_prior,0.24322602031374418,0.21768101195379125,0.15383416850890846,0.01133396313608492,0.0,0.0,-0.0009950525542607826,-0.16909787768527995
test,2026-05-31T18:20:00+08:00,btc-updown-5m-1780222800,buy_down,4.0,0.48,0.475,0.5351832757856716,0.1361432052778383,0.14096607337514225,0.04518327578567161,1.1144225463572857,settle,btc,0.03191609967744088,0.2397621632508899,0.09707602083522007,-0.06251814824617183,0.0,0.0,-0.0009950525542607826,-0.16909787768527995
test,2026-05-31T18:30:01+08:00,btc-updown-5m-1780223400,buy_down,33.0,0.25,0.245,0.29682070633640073,-0.861212884976191,-0.8624836259224418,0.03682070633640073,-1.1024130045636003,settle,market_prior,-0.5065812812578528,-0.09493720072007739,-0.14850693955928954,0.058905466800569586,0.0,0.0,-0.0009950525542607826,-0.16909787768527995
test,2026-05-31T18:35:01+08:00,btc-updown-5m-1780223700,buy_down,4.0,0.65,0.645,0.6826374182791783,0.7573009465926689,0.7659189410916034,0.02263741827917832,0.5487016111945076,settle,market_prior,0.39807344390496124,0.30318330782765657,0.2303964746751409,-0.004259349575549132,0.0,0.0,-0.0009950525542607826,-0.16909787768527995
test,2026-05-31T18:40:01+08:00,btc-updown-5m-1780224000,buy_down,12.0,0.62,0.615,0.668156069193654,0.6916401894537033,0.6998570123075069,0.038156069193654,-1.07148305804236,settle,market_prior,0.33045584057817046,0.3278947588547846,0.19273310544447958,0.010649414815809492,0.0,0.0,-0.0009950525542607826,-0.16909787768527995
test,2026-05-31T18:45:01+08:00,btc-updown-5m-1780224300,buy_down,8.0,0.63,0.625,0.7076904572994531,0.8748572368256675,0.8841934723623723,0.06769045729945312,0.5964346056422644,settle,btc,0.35274759476482526,0.44419131148874014,0.21112225577857244,0.036889005033070535,0.0,0.0,-0.0009950525542607826,-0.16909787768527995
test,2026-05-31T18:50:00+08:00,btc-updown-5m-1780224600,buy_up,37.0,0.48,0.475,0.5124695425478513,0.04561872972770464,0.04988851476042849,0.02246954254785128,1.1153327125510342,settle,btc,0.03191609967744088,0.1507401724010003,0.009221993505130054,0.023833394383674152,0.0,0.0,-0.0009950525542607826,-0.16909787768527995
test,2026-05-31T18:55:02+08:00,btc-updown-5m-1780224900,buy_down,128.0,0.31,0.305,0.3458406661445213,-0.6374690657074414,-0.6373727850113134,0.025840666144521303,-1.0252940716367296,settle,market_prior,-0.3480535595599974,0.019953355897198412,-0.140210517785399,0.0009345859802973408,0.0,0.0,-0.0009950525542607826,-0.16909787768527995
test,2026-05-31T19:00:01+08:00,btc-updown-5m-1780225200,buy_up,4.0,0.51,0.505,0.5794720939702545,0.3146929007606587,0.3206066651283619,0.05947209397025444,0.98882380455485,settle,btc,0.0949807529284627,0.2632308739752478,0.0991424063524979,0.027431797743991033,0.0,0.0,-0.0009950525542607826,-0.16909787768527995
test,2026-05-31T19:05:01+08:00,btc-updown-5m-1780225500,buy_down,4.0,0.31,0.305,0.34653815252953696,-0.6344062225863979,-0.6342912286455985,0.02653815252953696,2.236789093468663,settle,market_prior,-0.3480535595599974,0.03202217632203222,-0.13470319765645544,-0.013578711452436484,0.0,0.0,-0.0009950525542607826,-0.16909787768527995
test,2026-05-31T19:10:00+08:00,btc-updown-5m-1780225800,buy_up,129.0,0.27,0.265,0.317400224983174,-0.7650619086543377,-0.7657451899514353,0.037400224983173976,-1.1229881406279028,settle,market_prior,-0.45127090848744356,-0.01295182406923166,-0.110688953467227,-0.020057292390894644,0.0,0.0,-0.0009950525542607826,-0.16909787768527995
test,2026-05-31T19:15:01+08:00,btc-updown-5m-1780226100,buy_down,4.0,0.43,0.425,0.4820825321049003,-0.07523198916901086,-0.0717005733514402,0.04208253210490032,-1.0965736687486816,settle,btc,-0.07427203910466089,0.212815157648014,-0.03396432594040221,-0.00971785153242106,0.0,0.0,-0.0009950525542607826,-0.16909787768527995
test,2026-05-31T19:20:01+08:00,btc-updown-5m-1780226400,buy_down,129.0,0.28,0.275,0.3199428565423724,-0.7534222568070429,-0.7540344225933879,0.029942856542372394,-1.0985674390554974,settle,market_prior,-0.4246236908234957,-0.03751099372270751,-0.14482741837244867,0.023632776351149673,0.0,0.0,-0.0009950525542607826,-0.16909787768527995
test,2026-05-31T19:25:02+08:00,btc-updown-5m-1780226700,buy_up,8.0,0.54,0.535,0.5731563518430219,0.2889840727029155,0.29474076223176954,0.0231563518430219,0.8747501073628685,settle,btc,0.1581213192435915,0.17368635477516187,0.09791968787566079,0.029349641048041993,0.0,0.0,-0.0009950525542607826,-0.16909787768527995
test,2026-05-31T19:30:02+08:00,btc-updown-5m-1780227000,buy_down,4.0,0.53,0.525,0.6572124803989448,0.642977094522211,0.650896597413506,0.11721248039894473,0.9186526599210806,settle,btc,0.1370378815316424,0.42877931066524144,0.22672674845386542,0.02052608411100264,0.0,0.0,-0.0009950525542607826,-0.16909787768527995
test,2026-05-31T19:35:02+08:00,btc-updown-5m-1780227300,buy_down,78.0,0.41,0.405,0.4430541620777006,-0.2313535219814365,-0.22877597168244618,0.02305416207770062,-1.0683787279050296,settle,btc,-0.11754266615662104,0.13528245867604666,-0.0813325110345994,0.0023321267732779546,0.0,0.0,-0.0009950525542607826,-0.16909787768527995
test,2026-05-31T19:40:02+08:00,btc-updown-5m-1780227600,buy_down,4.0,0.5,0.495,0.5484574512048745,0.18929249886313526,0.19444009653216865,0.038457451204874545,-1.0780893766138164,settle,btc,0.07397322828062054,0.1662360463001937,0.11602956221903363,0.0031465923028281334,0.0,0.0,-0.0009950525542607826,-0.16909787768527995
test,2026-05-31T19:45:00+08:00,btc-updown-5m-1780227900,buy_down,4.0,0.45,0.445,0.5363749424965649,0.14090531281999524,0.1457572762643561,0.07637494249656492,1.2554033705557122,settle,btc,-0.031529957552086714,0.3150454268666339,0.04341932110617668,-0.015936547361187804,0.0,0.0,-0.0009950525542607826,-0.16909787768527995
test,2026-05-31T19:50:01+08:00,btc-updown-5m-1780228200,buy_down,37.0,0.3,0.295,0.331487896955915,-0.7011702835049747,-0.701463202133591,0.021487896955915027,-0.8395737997195744,settle,market_prior,-0.3730634325834561,-0.020683246540002104,-0.12586348563023256,-0.011467188511743198,0.0,0.0,-0.0009950525542607826,-0.16909787768527995
test,2026-05-31T19:55:01+08:00,btc-updown-5m-1780228500,buy_up,16.0,0.28,0.275,0.32711685626134873,-0.7208411113314889,-0.7212542140503305,0.0371168562613487,-1.0878394772847213,settle,market_prior,-0.4246236908234957,-0.00372757785210036,-0.11602280913702318,-0.006374103279328835,0.0,0.0,-0.0009950525542607826,-0.16909787768527995
test,2026-05-31T20:00:01+08:00,btc-updown-5m-1780228800,buy_up,4.0,0.55,0.54,0.602869102949385,0.41093239014712807,0.41743415495780556,0.04286910294938496,-1.0583484559694916,settle,btc,0.16868423786673975,0.2830327145185023,0.11776995660869066,0.011538411392736153,0.0,0.0,-0.0009950525542607826,-0.16909787768527995
test,2026-05-31T20:05:01+08:00,btc-updown-5m-1780229100,buy_down,126.0,0.17,0.165,0.21314184136713846,-1.3021255231876503,-1.306090135726883,0.03314184136713844,-1.087479062999511,settle,market_prior,-0.7670799320358461,-0.17091819171215028,-0.16224713600374543,-0.03178733319636795,0.0,0.0,-0.0009950525542607826,-0.16909787768527995
test,2026-05-31T20:10:00+08:00,btc-updown-5m-1780229400,buy_down,91.0,0.22,0.215,0.2820155429393131,-0.932777749752779,-0.9344857350408098,0.05201554293931308,-1.0642634239911415,settle,market_prior,-0.5956429435082472,-0.04160080500546787,-0.14995931425948056,0.024518243259957388,0.0,0.0,-0.0009950525542607826,-0.16909787768527995
test,2026-05-31T20:15:01+08:00,btc-updown-5m-1780229700,buy_up,4.0,0.54,0.535,0.6696788617530647,0.6984743810562043,0.7067329591989776,0.11967886175306465,0.8394570558075051,settle,btc,0.1581213192435915,0.4774723586569012,0.20572713381513885,0.02724649958011351,0.0,0.0,-0.0009950525542607826,-0.16909787768527995
test,2026-05-31T20:20:01+08:00,btc-updown-5m-1780230000,buy_down,4.0,0.55,0.545,0.6361860444939464,0.5514878920509866,0.5588484176251388,0.0761860444939464,0.8125944300216649,settle,btc,0.17926418087756993,0.3333712479361729,0.18646108961055383,0.02248430386623069,0.0,0.0,-0.0009950525542607826,-0.16909787768527995
test,2026-05-31T20:25:01+08:00,btc-updown-5m-1780230300,buy_up,195.0,0.34,0.335,0.37017861142205005,-0.5321901561137811,-0.5314506462622246,0.020178611422050026,1.4961191305034511,settle,market_prior,-0.2756096560174177,0.05144170258293025,-0.1376464494023102,-0.00028282303744256497,0.0,0.0,-0.0009950525542607826,-0.16909787768527995
test,2026-05-31T20:30:01+08:00,btc-updown-5m-1780230600,buy_down,4.0,0.54,0.535,0.575902382885724,0.30014960611191754,0.30597451440037216,0.025902382885724003,0.8656918109436103,settle,btc,0.1581213192435915,0.16396017514827713,0.10605478360237879,0.04210625835721087,0.0,0.0,-0.0009950525542607826,-0.16909787768527995
test,2026-05-31T20:35:01+08:00,btc-updown-5m-1780230900,buy_up,12.0,0.59,0.585,0.621405955283159,0.48854411761729455,0.49552007166591777,0.021405955283159035,0.710160739824928,settle,market_prior,0.264785563193208,0.2143011231726319,0.13063680295074803,0.04891355854024736,0.0,0.0,-0.0009950525542607826,-0.16909787768527995
test,2026-05-31T20:40:02+08:00,btc-updown-5m-1780231200,buy_up,4.0,0.52,0.515,0.5759718117695684,0.30043215232189213,0.3062587869006428,0.045971811769568334,0.9531859391554007,settle,btc,0.11599668535097349,0.258059802120744,0.10724283993127076,-0.01077424484155535,0.0,0.0,-0.0009950525542607826,-0.16909787768527995
test,2026-05-31T20:45:00+08:00,btc-updown-5m-1780231500,buy_down,4.0,0.52,0.515,0.5578168680707082,0.22692904515606893,0.23230659319197716,0.027816868070708163,0.961801273605459,settle,btc,0.11599668535097349,0.2206388465827988,0.08571001230036698,-0.025323568838529632,0.0,0.0,-0.0009950525542607826,-0.16909787768527995
test,2026-05-31T20:50:00+08:00,btc-updown-5m-1780231800,buy_down,20.0,0.29,0.285,0.3355521536561748,-0.6829971097906097,-0.6831789946402397,0.03555215365617482,2.5917827570253054,settle,market_prior,-0.39857145011641004,-0.030210076586830586,-0.1443828157494482,0.06026016290161982,0.0,0.0,-0.0009950525542607826,-0.16909787768527995
test,2026-05-31T20:55:01+08:00,btc-updown-5m-1780232100,buy_up,5.0,0.65,0.645,0.6872114592070431,0.7783679630680067,0.7871146720385018,0.02721145920704305,0.5752048852844293,settle,market_prior,0.39807344390496124,0.28417833192402814,0.20277692668945166,0.06343219078910646,0.0,0.0,-0.0009950525542607826,-0.16909787768527995
test,2026-05-31T21:00:01+08:00,btc-updown-5m-1780232400,buy_up,58.0,0.3,0.295,0.3313176507733731,-0.701933963328737,-0.702231547859859,0.021317650773373116,-0.8696500576352427,settle,market_prior,-0.3730634325834561,0.004914283891911408,-0.15176161362979868,-0.011930270767852925,0.0,0.0,-0.0009950525542607826,-0.16909787768527995
test,2026-05-31T21:05:01+08:00,btc-updown-5m-1780232700,buy_up,80.0,0.54,0.535,0.5727008896001562,0.2871339264307447,0.29287931200490674,0.022700889600156156,0.9139266221786428,settle,btc,0.1581213192435915,0.17967412699420054,0.07764656651637339,0.04178484391612003,0.0,0.0,-0.0009950525542607826,-0.16909787768527995
test,2026-05-31T21:10:02+08:00,btc-updown-5m-1780233000,buy_up,4.0,0.58,0.575,0.6294935285001273,0.5228590513795418,0.5300446615306804,0.039493528500127335,0.7817224090738358,settle,btc,0.24322602031374418,0.27755076526479444,0.1355219862377587,0.03665320980278529,0.0,0.0,-0.0009950525542607826,-0.16909787768527995
test,2026-05-31T21:15:00+08:00,btc-updown-5m-1780233300,buy_up,4.0,0.51,0.505,0.5794186610527342,0.3144749649432209,0.3203873977747947,0.0594186610527342,1.048158528872373,settle,btc,0.0949807529284627,0.26312791283135906,0.10231441897011598,0.024144810452823934,0.0,0.0,-0.0009950525542607826,-0.16909787768527995
test,2026-05-31T21:20:00+08:00,btc-updown-5m-1780233600,buy_up,4.0,0.65,0.645,0.7020778399233415,0.8480396499277164,0.8572120363721616,0.04207783992334147,0.5880169346974011,settle,market_prior,0.39807344390496124,0.34899048617115064,0.22874279599461936,0.04232585409652608,0.0,0.0,-0.0009950525542607826,-0.16909787768527995
test,2026-05-31T21:30:02+08:00,btc-updown-5m-1780234200,buy_down,153.0,0.24,0.235,0.2729532840289985,-0.9777075783775903,-0.9796900742568821,0.022953284028998495,2.6663141394202103,settle,market_prior,-0.5353767959212048,-0.12064050610782107,-0.14107097898930254,-0.010526367119721132,0.0,0.0,-0.0009950525542607826,-0.16909787768527995
test,2026-05-31T21:35:01+08:00,btc-updown-5m-1780234500,buy_down,37.0,0.21,0.205,0.25765043218999817,-1.0557571355180786,-1.058216495670707,0.037650432189998174,4.296289522410958,settle,market_prior,-0.6273036130232583,-0.09916012372756863,-0.1700220280683504,0.01082155954063952,0.0,0.0,-0.0009950525542607826,-0.16909787768527995
test,2026-05-31T21:40:00+08:00,btc-updown-5m-1780234800,buy_up,162.0,0.18,0.175,0.2286568637343678,-1.2124938754652788,-1.2159108599060953,0.03865686373436781,5.398453026814077,settle,market_prior,-0.7298511974964466,-0.15667809543835612,-0.16111483668366722,0.005243184392731852,0.0,0.0,-0.0009950525542607826,-0.16909787768527995
test,2026-05-31T21:45:01+08:00,btc-updown-5m-1780235100,buy_up,152.0,0.34,0.335,0.37812547271062047,-0.4984578749318397,-0.4975122688467729,0.028125472710620443,-1.290512545462254,settle,market_prior,-0.2756096560174177,0.06768326074308627,-0.13687353514764042,0.016434985729673075,0.0,0.0,-0.0009950525542607826,-0.16909787768527995
test,2026-05-31T21:50:01+08:00,btc-updown-5m-1780235400,buy_up,64.0,0.6,0.595,0.6331624785027358,0.5385267042056202,0.545808039997666,0.02316247850273579,0.8064781614463756,settle,market_prior,0.28649664736570424,0.24367294813946522,0.1391901601637347,0.039259878776256786,0.0,0.0,-0.0009950525542607826,-0.16909787768527995
test,2026-05-31T21:55:00+08:00,btc-updown-5m-1780235700,buy_down,4.0,0.47,0.465,0.5087271213049992,0.030733192896651388,0.0349120308316052,0.02872712130499922,-1.2753706361963113,settle,btc,0.010832661965491977,0.14238690248208846,0.05246965709063039,-0.004863098402018689,0.0,0.0,-0.0009950525542607826,-0.16909787768527995
test,2026-05-31T22:00:01+08:00,btc-updown-5m-1780236000,buy_down,4.0,0.46,0.455,0.6062018884628235,0.424788288100352,0.4313747091595844,0.1362018884628235,1.4241407725453699,settle,btc,-0.010310199668486515,0.39314410995199894,0.1824719599036565,0.02957534815272388,0.0,0.0,-0.0009950525542607826,-0.16909787768527995
test,2026-05-31T22:05:00+08:00,btc-updown-5m-1780236300,buy_down,4.0,0.47,0.465,0.506320163519875,0.021161642604308483,0.025282000638259836,0.02632016351987499,-1.2768899907803013,settle,btc,0.010832661965491977,0.09966589346826463,0.04538802564927792,0.035367991760814683,0.0,0.0,-0.0009950525542607826,-0.16909787768527995
test,2026-05-31T22:10:00+08:00,btc-updown-5m-1780236600,buy_up,4.0,0.47,0.465,0.5069083049496742,0.023500331513895172,0.027634978382124246,0.02690830494967423,-1.2638494121510557,settle,btc,0.010832661965491977,0.11797952841130589,0.028344088033315454,0.03643698334332258,0.0,0.0,-0.0009950525542607826,-0.16909787768527995
test,2026-05-31T22:15:00+08:00,btc-updown-5m-1780236900,buy_down,12.0,0.3,0.295,0.3409563642708652,-0.6589999742511025,-0.6590352422969932,0.030956364270865185,2.8172256604690493,settle,market_prior,-0.3730634325834561,-0.05276357262873662,-0.052406784237188184,-0.010673254562180719,0.0,0.0,-0.0009950525542607826,-0.16909787768527995
test,2026-05-31T22:20:02+08:00,btc-updown-5m-1780237200,buy_up,9.0,0.48,0.47,0.6100182384841896,0.4407052134923457,0.44738888318871184,0.12001823848418959,1.3313687897069901,settle,btc,0.02138072913145437,0.4382316278479892,0.11722928770342453,0.03395649904901834,0.0,0.0,-0.0009950525542607826,-0.16909787768527995
test,2026-05-31T22:25:00+08:00,btc-updown-5m-1780237500,buy_down,4.0,0.48,0.475,0.5160703695574291,0.05994630368621419,0.0643036267959588,0.026070369557429147,-1.2927493053290924,settle,btc,0.03191609967744088,0.11897109527297584,0.05144291239622572,0.027709126579112498,0.0,0.0,-0.0009950525542607826,-0.16909787768527995
test,2026-05-31T22:30:01+08:00,btc-updown-5m-1780237800,buy_up,4.0,0.55,0.545,0.6252346252935795,0.5047518376795073,0.5118268170516951,0.0652346252935795,1.0027513387132272,settle,btc,0.17926418087756993,0.30219181755845814,0.16522072819692302,0.02816804128609694,0.0,0.0,-0.0009950525542607826,-0.16909787768527995
test,2026-05-31T22:35:01+08:00,btc-updown-5m-1780238100,buy_up,8.0,0.6,0.595,0.7355272245188145,1.0126709916980312,1.022849236574452,0.12552722451881448,-1.2845244648916443,settle,btc,0.28649664736570424,0.6231413991399063,0.2392259262056782,0.03389994922628306,0.0,0.0,-0.0009950525542607826,-0.16909787768527995
test,2026-05-31T22:40:01+08:00,btc-updown-5m-1780238400,buy_down,5.0,0.54,0.535,0.5873199008694243,0.3467870806750586,0.3528969328662412,0.03731990086942428,1.042184535108125,settle,btc,0.1581213192435915,0.2220836223294583,0.13434919263214318,0.0023258767094063784,0.0,0.0,-0.0009950525542607826,-0.16909787768527995
test,2026-05-31T22:45:00+08:00,btc-updown-5m-1780238700,buy_up,9.0,0.56,0.555,0.6719048739992187,0.7084933973672928,0.7168131893222616,0.10190487399921867,0.9683010957442095,settle,btc,0.20048393876117018,0.464365521309699,0.2039684979257688,0.009768369610195532,0.0,0.0,-0.0009950525542607826,-0.16909787768527995
test,2026-05-31T22:55:00+08:00,btc-updown-5m-1780239300,buy_down,5.0,0.6,0.595,0.6684588063814118,0.6929975912015413,0.701222707457919,0.05845880638141177,0.8259720939848777,settle,btc,0.28649664736570424,0.35379694115318205,0.2434890607144632,-0.020692127792267423,0.0,0.0,-0.0009950525542607826,-0.16909787768527995
test,2026-05-31T23:00:01+08:00,btc-updown-5m-1780239600,buy_down,166.0,0.21,0.205,0.24728332150021343,-1.1103611921673977,-1.1131541701488683,0.027283321500213432,-1.1568561011774763,settle,market_prior,-0.6273036130232583,-0.16383865948145826,-0.14630057541048969,-0.0028254140126510747,0.0,0.0,-0.0009950525542607826,-0.16909787768527995
test,2026-05-31T23:05:02+08:00,btc-updown-5m-1780239900,buy_up,4.0,0.65,0.64,0.69061311132934,0.7941441120848175,0.8029872095821996,0.030613111329339977,0.6629568243762431,settle,btc,0.386641329244204,0.45966393563840047,0.13800350530219493,-0.020071727860440956,0.0,0.0,-0.0009950525542607826,-0.16909787768527995
test,2026-05-31T23:10:01+08:00,btc-updown-5m-1780240200,buy_down,4.0,0.38,0.375,0.4655296248901583,-0.14122875901553172,-0.13810056780100102,0.07552962489015831,-1.3075745799419545,settle,market_prior,-0.18379361355574203,0.14314625918822527,0.06618495590865095,0.003326569682874861,0.0,0.0,-0.0009950525542607826,-0.16909787768527995
test,2026-05-31T23:15:01+08:00,btc-updown-5m-1780240500,buy_down,5.0,0.5,0.495,0.5730187096239716,0.2884248992993679,0.2941781724114155,0.06301870962397162,-1.286190706426904,settle,btc,0.07397322828062054,0.20454404100409734,0.15337304681217195,0.026627513442018788,0.0,0.0,-0.0009950525542607826,-0.16909787768527995
test,2026-05-31T23:20:00+08:00,btc-updown-5m-1780240800,buy_up,9.0,0.36,0.355,0.4410989504251949,-0.23923262737868972,-0.23670321654400206,0.07109895042519494,2.1841914040562367,settle,market_prior,-0.2291194626958779,0.0892441948075744,0.04314924132070998,0.0275863294284446,0.0,0.0,-0.0009950525542607826,-0.16909787768527995
test,2026-05-31T23:25:01+08:00,btc-updown-5m-1780241100,buy_down,4.0,0.36,0.355,0.43288099168595506,-0.2724328937609195,-0.2701063286755606,0.06288099168595508,-1.305227712447733,settle,market_prior,-0.2291194626958779,0.10825782824210839,0.013771815239879446,0.004749855692511401,0.0,0.0,-0.0009950525542607826,-0.16909787768527995
test,2026-05-31T23:30:01+08:00,btc-updown-5m-1780241400,buy_down,4.0,0.39,0.385,0.544932477246476,0.1751548623655963,0.1802160824304242,0.14493247724647595,1.9336907856346244,settle,btc,-0.16150185936908718,0.36181399736008885,0.14095993351588962,0.003975721098245764,0.0,0.0,-0.0009950525542607826,-0.16909787768527995
test,2026-05-31T23:35:01+08:00,btc-updown-5m-1780241700,buy_up,90.0,0.16,0.155,0.19079347902760174,-1.440055251925679,-1.444862582377427,0.020793479027601737,-0.8391658141776313,settle,market_prior,-0.8061658909200953,-0.3528018955879674,-0.12896598826781625,0.01797145308974022,0.0,0.0,-0.0009950525542607826,-0.16909787768527995
test,2026-05-31T23:40:02+08:00,btc-updown-5m-1780242000,buy_down,4.0,0.5,0.495,0.5929271086104739,0.36982857772913014,0.3760792079996745,0.08292710861047393,1.2424873751695342,settle,btc,0.07397322828062054,0.32759082982658305,0.14174710783406266,-0.003389657972595351,0.0,0.0,-0.0009950525542607826,-0.16909787768527995
test,2026-05-31T23:45:02+08:00,btc-updown-5m-1780242300,buy_up,4.0,0.55,0.545,0.5902576923719935,0.3588472273340255,0.3650307641594785,0.0302576923719935,-1.3035467547492945,settle,btc,0.17926418087756993,0.24342169102481437,0.10656719793644917,-0.00031291226526724517,0.0,0.0,-0.0009950525542607826,-0.16909787768527995
test,2026-05-31T23:55:01+08:00,btc-updown-5m-1780242900,buy_down,5.0,0.49,0.485,0.5321289461987861,0.12394476960767149,0.128693108157662,0.03212894619878615,-1.2930955781441615,settle,btc,0.052957295858109765,0.13705672072421948,0.07615449989945204,0.027869183365430945,0.0,0.0,-0.0009950525542607826,-0.16909787768527995
test,2026-06-01T00:00:02+08:00,btc-updown-5m-1780243200,buy_up,4.0,0.42,0.415,0.4977074185898422,-0.013081530279596576,-0.009170389906222426,0.06770741858984221,1.7022679646569217,settle,btc,-0.09583158198412475,0.2274756241998745,0.03411854962869824,-0.008751191884503795,0.0,0.0,-0.0009950525542607826,-0.16909787768527995
test,2026-06-01T00:05:01+08:00,btc-updown-5m-1780243500,buy_up,4.0,0.53,0.525,0.5775895913072286,0.3070193123825997,0.3128861929462193,0.037589591307228616,1.1034144898214087,settle,btc,0.1370378815316424,0.23604685280882365,0.09546071598698128,0.008566792294693181,0.0,0.0,-0.0009950525542607826,-0.16909787768527995
test,2026-06-01T00:10:02+08:00,btc-updown-5m-1780243800,buy_up,148.0,0.23,0.22,0.2662275891259074,-1.0116574508767928,-1.0138473724209103,0.02622758912590737,-1.1394646754841848,settle,market_prior,-0.5802137900491718,-0.06585751086144652,-0.177561089912375,-0.01793212981425874,0.0,0.0,-0.0009950525542607826,-0.16909787768527995
test,2026-06-01T00:15:01+08:00,btc-updown-5m-1780244100,buy_up,5.0,0.51,0.505,0.5494345927995231,0.19321491911684227,0.19838648184285396,0.029434592799523103,-1.2958857687582053,settle,interactions,0.0949807529284627,0.05645021308049043,0.18305167459312674,0.028825208754303108,0.0,0.0,-0.0009950525542607826,-0.16909787768527995
test,2026-06-01T00:20:02+08:00,btc-updown-5m-1780244400,buy_down,39.0,0.35,0.345,0.38226384686736836,-0.4810026144107403,-0.4799503608259406,0.022263846867368382,1.9697971783899701,settle,market_prior,-0.25220506532001336,0.06261305016507096,-0.09750991063887454,-0.023807758377382554,0.0,0.0,-0.0009950525542607826,-0.16909787768527995
test,2026-06-01T00:25:02+08:00,btc-updown-5m-1780244700,buy_down,174.0,0.31,0.305,0.34184782147367954,-0.6550593157993584,-0.6550705073572086,0.021847821473679536,-1.0440411013330186,settle,market_prior,-0.3480535595599974,-0.04558958026494132,-0.1075099625244129,0.016186716789533886,0.0,0.0,-0.0009950525542607826,-0.16909787768527995
test,2026-06-01T00:30:00+08:00,btc-updown-5m-1780245000,buy_down,13.0,0.55,0.545,0.6536984893490607,0.627511394895888,0.6353364060324038,0.09369848934906068,1.013810873338212,settle,btc,0.17926418087756993,0.43253119597025624,0.21338134967546918,-0.02757240138786674,0.0,0.0,-0.0009950525542607826,-0.16909787768527995
test,2026-06-01T00:35:01+08:00,btc-updown-5m-1780245300,buy_up,4.0,0.55,0.545,0.6147831554854623,0.4606576304579345,0.4674632046873459,0.054783155485462205,1.0219213603249178,settle,btc,0.17926418087756993,0.317590117758327,0.09715218806782347,0.03674407399375488,0.0,0.0,-0.0009950525542607826,-0.16909787768527995
test,2026-06-01T00:40:01+08:00,btc-updown-5m-1780245600,buy_down,21.0,0.6,0.595,0.6507974007936478,0.6147987741779484,0.6225461142185225,0.040797400793647805,0.8369535941061079,settle,btc,0.28649664736570424,0.332800088458503,0.16507709053248712,0.0005178780607947373,0.0,0.0,-0.0009950525542607826,-0.16909787768527995
test,2026-06-01T00:45:01+08:00,btc-updown-5m-1780245900,buy_down,5.0,0.64,0.635,0.6867715708871431,0.7763347184212994,0.7850690047494826,0.03677157088714312,0.7087447773166566,settle,market_prior,0.3752784755662062,0.3208334562297142,0.22004910538704134,0.030266611477878562,0.0,0.0,-0.0009950525542607826,-0.16909787768527995
test,2026-06-01T00:50:00+08:00,btc-updown-5m-1780246200,buy_up,9.0,0.64,0.635,0.7652840891261794,1.170727298869052,1.1818712302762713,0.11528408912617939,0.7126207253176072,settle,btc,0.3752784755662062,0.6637066188491223,0.2834957127729728,0.018339421920291542,0.0,0.0,-0.0009950525542607826,-0.16909787768527995
test,2026-06-01T00:55:01+08:00,btc-updown-5m-1780246500,buy_down,5.0,0.45,0.44,0.4935942419563818,-0.029435654744518595,-0.025624434190868496,0.03359424195638178,1.572244925972161,settle,btc,-0.0421742337522866,0.18852877441502064,0.02522406585541287,-0.030921331023124762,0.0,0.0,-0.0009950525542607826,-0.16909787768527995
test,2026-06-01T01:00:01+08:00,btc-updown-5m-1780246800,buy_up,26.0,0.59,0.585,0.6286238450891571,0.5191546366309822,0.5263176136870472,0.02862384508915717,-1.34839988566426,settle,market_prior,0.264785563193208,0.22416939273558004,0.17439104769850666,0.025901563243228374,0.0,0.0,-0.0009950525542607826,-0.16909787768527995
test,2026-06-01T01:05:01+08:00,btc-updown-5m-1780247100,buy_up,4.0,0.54,0.535,0.608019847458531,0.43236361354264696,0.4389963180427428,0.058019847458530956,1.093702129483233,settle,btc,0.1581213192435915,0.3295001486652278,0.13477957424968315,-0.019944498376314828,0.0,0.0,-0.0009950525542607826,-0.16909787768527995
test,2026-06-01T01:10:00+08:00,btc-updown-5m-1780247400,buy_down,9.0,0.49,0.485,0.5321347978807537,0.12396813067163238,0.12871661195218023,0.03213479788075369,-1.3503873231374615,settle,btc,0.052957295858109765,0.1661057761585253,0.047776474712190875,0.027221514182347153,0.0,0.0,-0.0009950525542607826,-0.16909787768527995
test,2026-06-01T01:15:01+08:00,btc-updown-5m-1780247700,buy_up,96.0,0.69,0.685,0.7206558027438025,0.9379949392943466,0.947716931210856,0.020655802743802527,0.569511175410147,settle,market_prior,0.49245378261829786,0.3707595034718758,0.15586106555615797,0.08901351788755577,0.0,0.0,-0.0009950525542607826,-0.16909787768527995
test,2026-06-01T01:20:00+08:00,btc-updown-5m-1780248000,buy_up,26.0,0.63,0.625,0.6900222464927415,0.7913969930888965,0.800223306341092,0.05002224649274146,0.7517547515413938,settle,btc,0.35274759476482526,0.375719650750046,0.24002572291241392,-0.007003045098847788,0.0,0.0,-0.0009950525542607826,-0.16909787768527995
test,2026-06-01T01:25:01+08:00,btc-updown-5m-1780248300,buy_up,9.0,0.51,0.505,0.6150002206731147,0.4615687247147055,0.46837986551382743,0.09500022067311466,1.2452596354944498,settle,btc,0.0949807529284627,0.3704536070793128,0.17426092787569822,-0.008033632929227546,0.0,0.0,-0.0009950525542607826,-0.16909787768527995
test,2026-06-01T01:30:00+08:00,btc-updown-5m-1780248600,buy_up,5.0,0.51,0.505,0.5878174452945525,0.34882776704924046,0.35495008734992406,0.06781744529455248,1.2569797261814564,settle,btc,0.0949807529284627,0.27349346273280445,0.13511465587813468,0.015331825749379338,0.0,0.0,-0.0009950525542607826,-0.16909787768527995
test,2026-06-01T01:35:01+08:00,btc-updown-5m-1780248900,buy_up,5.0,0.6,0.595,0.6612867259896293,0.6610039291948108,0.6690335717682725,0.05128672598962936,0.8762719916142481,settle,market_prior,0.28649664736570424,0.277942480815589,0.22603109568840457,0.04062663556465363,0.0,0.0,-0.0009950525542607826,-0.16909787768527995
test,2026-06-01T01:40:01+08:00,btc-updown-5m-1780249200,buy_down,4.0,0.56,0.555,0.6207837463184426,0.4859162557113491,0.49287615414730623,0.05078374631844252,-1.3811033597501434,settle,btc,0.20048393876117018,0.33634187450356035,0.13241868065989632,-0.013235307973737022,0.0,0.0,-0.0009950525542607826,-0.16909787768527995
test,2026-06-01T01:45:02+08:00,btc-updown-5m-1780249500,buy_up,4.0,0.38,0.375,0.43805460630801224,-0.2515154719511712,-0.24906110638216028,0.048054606308012233,-1.378406191138997,settle,market_prior,-0.18379361355574203,0.05013350678984998,0.030578825185849843,0.021658739868411766,0.0,0.0,-0.0009950525542607826,-0.16909787768527995
test,2026-06-01T01:50:00+08:00,btc-updown-5m-1780249800,buy_up,22.0,0.32,0.315,0.36113137966571374,-0.5709596440205574,-0.5704570065402947,0.031131379665713728,2.783176609667808,settle,market_prior,-0.3234998014092145,0.02051188453081594,-0.08808532634741519,-0.009793470555202986,0.0,0.0,-0.0009950525542607826,-0.16909787768527995
test,2026-06-01T01:55:01+08:00,btc-updown-5m-1780250100,buy_down,134.0,0.4,0.395,0.43186600477050807,-0.2765433829774505,-0.27424193200580493,0.021866004770508048,-1.2673517236827614,settle,market_prior,-0.13942566138463808,0.13813017879109118,-0.10353260771673715,-0.0016223624276257692,0.0,0.0,-0.0009950525542607826,-0.16909787768527995
test,2026-06-01T02:00:02+08:00,btc-updown-5m-1780250400,buy_down,4.0,0.4,0.395,0.5731730663891472,0.28905197890833784,0.29480908332799316,0.1631730663891472,1.983044028655153,settle,btc,-0.13942566138463808,0.5197715805648172,0.08135192202543133,-0.0025529320577319012,0.0,0.0,-0.0009950525542607826,-0.16909787768527995
test,2026-06-01T02:05:00+08:00,btc-updown-5m-1780250700,buy_up,211.0,0.48,0.475,0.5235498488233409,0.08972985136958163,0.09426914488817617,0.033549848823340896,-1.3926893005058336,settle,btc,0.03191609967744088,0.17962018252183518,-0.061847271011375486,0.11013377042122181,0.0,0.0,-0.0009950525542607826,-0.16909787768527995
test,2026-06-01T02:10:00+08:00,btc-updown-5m-1780251000,buy_up,4.0,0.61,0.605,0.710641627117658,0.8890791694717949,0.8985022976421699,0.09064162711765801,0.8411955200224898,settle,btc,0.30837964259372136,0.4905239417291821,0.2286093759306644,0.03165913945776781,0.0,0.0,-0.0009950525542607826,-0.16909787768527995
test,2026-06-01T02:15:01+08:00,btc-updown-5m-1780251300,buy_down,5.0,0.39,0.385,0.4652875073479399,-0.14219597738089046,-0.13907369564105573,0.06528750734793988,-1.3935919303368536,settle,market_prior,-0.16150185936908718,0.1599240501010464,0.05759348100613319,-0.02811871887944211,0.0,0.0,-0.0009950525542607826,-0.16909787768527995
test,2026-06-01T02:20:02+08:00,btc-updown-5m-1780251600,buy_down,142.0,0.68,0.675,0.7235342001129514,0.9522515946922662,0.9620606913902197,0.03353420011295139,0.6130779793533376,settle,btc,0.468317628911679,0.519149864810359,0.09777652061162487,0.0371005105981441,0.0,0.0,-0.0009950525542607826,-0.16909787768527995
test,2026-06-01T02:25:01+08:00,btc-updown-5m-1780251900,buy_up,5.0,0.49,0.485,0.6196082194807826,0.4809560584626572,0.48788565127045624,0.11960821948078261,-1.378517339355711,settle,btc,0.052957295858109765,0.3468257864514992,0.209014980566886,0.04225092582570291,0.0,0.0,-0.0009950525542607826,-0.16909787768527995
test,2026-06-01T02:30:04+08:00,btc-updown-5m-1780252200,buy_up,4.0,0.75,0.745,0.8186463499018284,1.494083628650293,1.5072031905015433,0.05864634990182838,0.4278917821360127,settle,btc,0.6475232579733092,0.7552865078476142,0.24921103124812088,0.012155761820789443,0.0,0.0,-0.0009950525542607826,-0.16909787768527995
test,2026-06-01T02:40:02+08:00,btc-updown-5m-1780252800,buy_down,87.0,0.34,0.335,0.3780433818068862,-0.4988048749148347,-0.49786138891732257,0.028043381806886154,2.5645190560225286,settle,market_prior,-0.2756096560174177,0.026773415314321963,-0.10991340124167041,0.030037697269472224,0.0,0.0,-0.0009950525542607826,-0.16909787768527995
test,2026-06-01T02:45:01+08:00,btc-updown-5m-1780253100,buy_up,18.0,0.28,0.275,0.31120871476363304,-0.793616760619622,-0.7944745052862958,0.021208714763633014,-1.0426958449315835,settle,market_prior,-0.4246236908234957,-0.06425616965988193,-0.1528638703562365,0.018219900459532853,0.0,0.0,-0.0009950525542607826,-0.16909787768527995
test,2026-06-01T02:50:02+08:00,btc-updown-5m-1780253400,buy_down,4.0,0.46,0.455,0.5111288079889988,0.04028538554685643,0.04452258511221272,0.041128807988998824,1.5631070731019001,settle,btc,-0.010310199668486515,0.17963050597672936,0.056216218176537776,-0.015158208698383456,0.0,0.0,-0.0009950525542607826,-0.16909787768527995
test,2026-06-01T02:55:00+08:00,btc-updown-5m-1780253700,buy_up,235.0,0.44,0.435,0.5218333602034252,0.08289150021499257,0.08738901303074106,0.07183336020342519,-1.4034784498346538,settle,btc,-0.052844462835857135,0.2529384098201861,-0.06127182213284262,0.11416230560304695,0.0,0.0,-0.0009950525542607826,-0.16909787768527995
test,2026-06-01T03:00:00+08:00,btc-updown-5m-1780254000,buy_up,18.0,0.66,0.655,0.7024404126527686,0.8497631605446598,0.8589460772299936,0.03244041265276854,-1.3788348804208905,settle,market_prior,0.42115904652909675,0.34801718592569275,0.2103941868039674,0.040285671525443704,0.0,0.0,-0.0009950525542607826,-0.16909787768527995
test,2026-06-01T03:05:00+08:00,btc-updown-5m-1780254300,buy_down,18.0,0.28,0.275,0.32567890463378063,-0.7273416398152075,-0.7277944592205399,0.0356789046337806,3.4091839415728513,settle,market_prior,-0.4246236908234957,-0.03136114830702491,-0.13125467217849615,0.02999080173334994,0.0,0.0,-0.0009950525542607826,-0.16909787768527995
test,2026-06-01T03:10:00+08:00,btc-updown-5m-1780254600,buy_down,5.0,0.45,0.445,0.4971898141038469,-0.015139429046797995,-0.011240861946561773,0.03718981410384687,1.6542704951418015,settle,interactions,-0.031529957552086714,0.0917899532591008,0.1023166892773291,-0.007623183791600438,0.0,0.0,-0.0009950525542607826,-0.16909787768527995
test,2026-06-01T03:15:01+08:00,btc-updown-5m-1780254900,buy_up,4.0,0.43,0.425,0.46752320142072856,-0.13326718423368009,-0.13009034968647643,0.027523201420728567,1.8168763081526387,settle,btc,-0.07427203910466089,0.11489793332130421,-0.02392105112931367,0.02012090291853102,0.0,0.0,-0.0009950525542607826,-0.16909787768527995
test,2026-06-01T03:20:02+08:00,btc-updown-5m-1780255200,buy_down,172.0,0.48,0.475,0.5147493871376725,0.0546894652003075,0.0590146702743262,0.024749387137672503,1.5015996023584735,settle,btc,0.03191609967744088,0.1556210069703263,-0.002383512376490824,0.0396288011685719,0.0,0.0,-0.0009950525542607826,-0.16909787768527995
test,2026-06-01T03:30:00+08:00,btc-updown-5m-1780255800,buy_down,5.0,0.43,0.425,0.5058625949212431,0.019342212678116404,0.023451454426960866,0.06586259492124309,1.8600936688476675,settle,btc,-0.07427203910466089,0.23395465178338867,0.0323647225542612,-0.002612192315331822,0.0,0.0,-0.0009950525542607826,-0.16909787768527995
test,2026-06-01T03:35:00+08:00,btc-updown-5m-1780256100,buy_up,5.0,0.64,0.635,0.6763358631743982,0.7285411493127069,0.7369834282748251,0.026335863174398184,0.7912664083496522,settle,market_prior,0.3752784755662062,0.3417923909929919,0.17440009505787868,0.007163117935170933,0.0,0.0,-0.0009950525542607826,-0.16909787768527995
test,2026-06-01T03:50:01+08:00,btc-updown-5m-1780257000,buy_down,63.0,0.44,0.435,0.4771628504306389,-0.09482391375018812,-0.09141219994273711,0.02716285043063888,-1.4878634428431854,settle,btc,-0.052844462835857135,0.13263114075743465,-0.023976341805620555,0.019458680373395633,0.0,0.0,-0.0009950525542607826,-0.16909787768527995
test,2026-06-01T03:55:02+08:00,btc-updown-5m-1780257300,buy_down,10.0,0.41,0.405,0.44489028142778975,-0.2239608101667042,-0.22133809215278152,0.02489028142778977,2.036961664107102,settle,btc,-0.11754266615662104,0.1252149190764521,-0.05099411102660591,-0.010546021820388583,0.0,0.0,-0.0009950525542607826,-0.16909787768527995
test,2026-06-01T04:00:01+08:00,btc-updown-5m-1780257600,buy_up,24.0,0.81,0.805,0.8838148432266105,2.0127738536450033,2.029062489688227,0.06381484322661048,0.324509065109476,settle,btc,0.8290863153820442,1.0251649234688032,0.3406773067555871,-0.012061761721890312,0.0,0.0,-0.0009950525542607826,-0.16909787768527995
test,2026-06-01T04:10:01+08:00,btc-updown-5m-1780258200,buy_down,119.0,0.21,0.2,0.30819314342389686,-0.8076367288457417,-0.8085801321914047,0.08819314342389688,-1.533228068579154,settle,market_prior,-0.64356406391389,0.14123672470939005,-0.1530352916858347,0.017818832284133654,0.0,0.0,-0.0009950525542607826,-0.16909787768527995
test,2026-06-01T04:15:01+08:00,btc-updown-5m-1780258500,buy_down,5.0,0.53,0.525,0.5989694965946996,0.39477016274443155,0.4011731801808989,0.05896949659469953,-1.4755281992401716,settle,btc,0.1370378815316424,0.2960915390170037,0.08879599875396713,0.04293767368135904,0.0,0.0,-0.0009950525542607826,-0.16909787768527995
test,2026-06-01T04:20:02+08:00,btc-updown-5m-1780258800,buy_up,9.0,0.47,0.465,0.5974938743492749,0.38866798131125535,0.3950337158671849,0.11749387434927495,-1.4639472214116203,settle,btc,0.010832661965491977,0.3375971964247898,0.17126228952494982,0.03906876363556449,0.0,0.0,-0.0009950525542607826,-0.16909787768527995
test,2026-06-01T04:30:01+08:00,btc-updown-5m-1780259400,buy_up,5.0,0.51,0.505,0.5623747690975179,0.2453156836416751,0.2508055696756678,0.042374769097517924,-1.4466286300994957,settle,btc,0.0949807529284627,0.23167379430444535,0.08594621523908329,0.0028078514092244886,0.0,0.0,-0.0009950525542607826,-0.16909787768527995
test,2026-06-01T04:35:01+08:00,btc-updown-5m-1780259700,buy_up,5.0,0.65,0.645,0.6970363510092854,0.8241980152303319,0.8332247349442835,0.03703635100928538,0.7345791865125344,settle,market_prior,0.39807344390496124,0.3744474131241462,0.23076534089373174,-0.008995252452966543,0.0,0.0,-0.0009950525542607826,-0.16909787768527995
test,2026-06-01T04:40:01+08:00,btc-updown-5m-1780260000,buy_up,98.0,0.6,0.595,0.6339086456212376,0.5417210948304444,0.549021947591194,0.02390864562123763,0.9175974303051133,settle,market_prior,0.28649664736570424,0.2549348522990013,0.1811158826363031,-0.010733357231023482,0.0,0.0,-0.0009950525542607826,-0.16909787768527995
test,2026-06-01T04:45:01+08:00,btc-updown-5m-1780260300,buy_up,205.0,0.24,0.225,0.30012362430640904,-0.8455342940232066,-0.8467092424991903,0.05012362430640905,-1.4800670089777188,settle,market_prior,-0.5650343920509493,0.03656478836207077,-0.14372598189366848,-0.003245778201118849,0.0,0.0,-0.0009950525542607826,-0.16909787768527995
test,2026-06-01T04:50:02+08:00,btc-updown-5m-1780260600,buy_up,9.0,0.47,0.465,0.5684308675437241,0.2698124334517997,0.27545198881416905,0.0884308675437241,1.5556448987978575,settle,btc,0.010832661965491977,0.3268746249424457,0.0751493467572981,0.027048730026104726,0.0,0.0,-0.0009950525542607826,-0.16909787768527995
test,2026-06-01T04:55:01+08:00,btc-updown-5m-1780260900,buy_up,5.0,0.58,0.575,0.613740598576165,0.4562843383651283,0.46306319281761427,0.02374059857616507,-1.446130799025722,settle,market_prior,0.24322602031374418,0.18149087266177083,0.16890589446863002,0.03275448116052409,0.0,0.0,-0.0009950525542607826,-0.16909787768527995
test,2026-06-01T05:00:01+08:00,btc-updown-5m-1780261200,buy_down,4.0,0.43,0.425,0.5049142756018635,0.015571531623220902,0.019657735405584784,0.06491427560186354,-1.4398834227713575,settle,btc,-0.07427203910466089,0.26846195846122933,-0.012622257837419432,0.004096800343612626,0.0,0.0,-0.0009950525542607826,-0.16909787768527995
test,2026-06-01T05:05:01+08:00,btc-updown-5m-1780261500,buy_down,5.0,0.63,0.625,0.6725829165731871,0.7115520774869837,0.7198905572516734,0.03258291657318713,0.7958628373136232,settle,market_prior,0.35274759476482526,0.32106929115920113,0.21211377080368277,-0.004285649001184669,0.0,0.0,-0.0009950525542607826,-0.16909787768527995
test,2026-06-01T05:10:02+08:00,btc-updown-5m-1780261800,buy_up,195.0,0.33,0.325,0.36302933488857897,-0.5627924963310137,-0.5622399595163935,0.023029334888578952,-1.2401164604966806,settle,market_prior,-0.2993636477025956,0.019038824930717596,-0.10061938871208014,-0.011755354607514727,0.0,0.0,-0.0009950525542607826,-0.16909787768527995
test,2026-06-01T05:20:02+08:00,btc-updown-5m-1780262400,buy_up,10.0,0.55,0.545,0.5857877647251154,0.3405075737852083,0.3465790596793913,0.025787764725115354,1.1106539432536078,settle,btc,0.17926418087756993,0.23944546888745957,0.09213073939730383,-0.00023988513758435391,0.0,0.0,-0.0009950525542607826,-0.16909787768527995
test,2026-06-01T05:25:02+08:00,btc-updown-5m-1780262700,buy_down,5.0,0.41,0.405,0.6173103753424052,0.471277198444863,0.47814765571470114,0.1973103753424052,1.9796729310481382,settle,btc,-0.11754266615662104,0.47589314576669045,0.2771652743162682,0.005854374758066142,0.0,0.0,-0.0009950525542607826,-0.16909787768527995
test,2026-06-01T05:30:02+08:00,btc-updown-5m-1780263000,buy_down,5.0,0.47,0.465,0.5349074366232904,0.1350411347591979,0.1398572694671491,0.05490743662329046,-1.4494168828698148,settle,btc,0.010832661965491977,0.22281695855825,0.07613925653083813,-0.004654812055841474,0.0,0.0,-0.0009950525542607826,-0.16909787768527995
test,2026-06-01T05:35:02+08:00,btc-updown-5m-1780263300,buy_up,15.0,0.53,0.525,0.5668926527626102,0.2635828543828311,0.26918434849533873,0.02689265276261022,1.2191966100592664,settle,btc,0.1370378815316424,0.26568017773247915,0.07402742778141222,-0.043069702423161924,0.0,0.0,-0.0009950525542607826,-0.16909787768527995
test,2026-06-01T05:45:02+08:00,btc-updown-5m-1780263900,buy_up,5.0,0.47,0.465,0.710785500919431,0.8897746959826005,0.8992020736549114,0.23078550091943106,1.5676545051970199,settle,btc,0.010832661965491977,0.725179600248254,0.29966703294853764,0.024188331059857526,0.0,0.0,-0.0009950525542607826,-0.16909787768527995
test,2026-06-01T06:00:01+08:00,btc-updown-5m-1780264800,buy_up,5.0,0.36,0.355,0.4492744177089586,-0.20633319155412363,-0.20360277297342888,0.07927441770895861,-1.4723893468042777,settle,market_prior,-0.2291194626958779,0.16956687903487971,0.0212691958561154,0.002043126490299938,0.0,0.0,-0.0009950525542607826,-0.16909787768527995
test,2026-06-01T06:05:01+08:00,btc-updown-5m-1780265100,buy_up,73.0,0.61,0.605,0.6497289030081218,0.610128977406808,0.6178477860972312,0.029728903008121817,0.8832639930049551,settle,btc,0.30837964259372136,0.34368307432635736,0.09177076481761119,0.03638842590865903,0.0,0.0,-0.0009950525542607826,-0.16909787768527995
test,2026-06-01T06:10:02+08:00,btc-updown-5m-1780265400,buy_down,191.0,0.21,0.205,0.24948757784208098,-1.0986257995180564,-1.1013470770351927,0.029487577842080982,-1.3947270301784833,settle,market_prior,-0.6273036130232583,-0.1240339669404098,-0.12292555107567067,-0.05426973823917696,0.0,0.0,-0.0009950525542607826,-0.16909787768527995
test,2026-06-01T06:15:00+08:00,btc-updown-5m-1780265700,buy_up,44.0,0.56,0.555,0.6098125056894429,0.43984574540702154,0.4465241639573341,0.03981250568944284,-1.4379843112279374,settle,btc,0.20048393876117018,0.28540788625198527,0.14702555251455762,-0.022978701881150736,0.0,0.0,-0.0009950525542607826,-0.16909787768527995
test,2026-06-01T06:25:02+08:00,btc-updown-5m-1780266300,buy_up,5.0,0.48,0.475,0.8173372148514115,1.4853438446666596,1.4984100085116794,0.32733721485141154,1.485775215255699,settle,btc,0.03191609967744088,1.1466812638595565,0.5022015671118971,-0.025362155742694365,0.0,0.0,-0.0009950525542607826,-0.16909787768527995
test,2026-06-01T06:30:01+08:00,btc-updown-5m-1780266600,buy_down,161.0,0.28,0.275,0.33062622469063285,-0.7050375580646936,-0.7053541048231838,0.040626224690632824,-1.4637070833820482,settle,market_prior,-0.4246236908234957,0.027864557959214012,-0.16289720783453543,0.024711712873664346,0.0,0.0,-0.0009950525542607826,-0.16909787768527995
test,2026-06-01T06:35:02+08:00,btc-updown-5m-1780266900,buy_up,15.0,0.49,0.485,0.522717483511583,0.08641350885506123,0.0909325403078445,0.022717483511582988,-1.427140157653644,settle,interactions,0.052957295858109765,0.08225377364177681,0.09437632377130088,0.02691904582341453,0.0,0.0,-0.0009950525542607826,-0.16909787768527995
test,2026-06-01T06:40:01+08:00,btc-updown-5m-1780267200,buy_up,10.0,0.41,0.405,0.456615099574787,-0.17688743143599117,-0.17397710624831464,0.03661509957478704,1.958314762673025,settle,btc,-0.11754266615662104,0.17972088501963104,-0.05378068576326845,-0.015192034296191963,0.0,0.0,-0.0009950525542607826,-0.16909787768527995
test,2026-06-01T06:45:01+08:00,btc-updown-5m-1780267500,buy_down,132.0,0.16,0.155,0.19175235171385363,-1.4338941149466207,-1.4386638023134353,0.021752351713853625,-0.9656836253735531,settle,market_prior,-0.8061658909200953,-0.30801848827667416,-0.13682224478907776,-0.012794560721232917,0.0,0.0,-0.0009950525542607826,-0.16909787768527995
test,2026-06-01T06:50:02+08:00,btc-updown-5m-1780267800,buy_up,53.0,0.29,0.285,0.3221574479670624,-0.7433241730611914,-0.743874641952077,0.022157447967062434,2.6256860611199957,settle,market_prior,-0.39857145011641004,-0.060371903717905406,-0.14772577688164978,0.03343788789431467,0.0,0.0,-0.0009950525542607826,-0.16909787768527995
test,2026-06-01T06:55:02+08:00,btc-updown-5m-1780268100,buy_up,19.0,0.41,0.405,0.4472085187804636,-0.21463558421598605,-0.21195589128433664,0.027208518780463604,-1.4551556889303814,settle,market_prior,-0.11754266615662104,0.09927587668265628,-0.03300901546161044,0.006733150959129902,0.0,0.0,-0.0009950525542607826,-0.16909787768527995
test,2026-06-01T07:00:02+08:00,btc-updown-5m-1780268400,buy_up,5.0,0.61,0.605,0.7044472779653008,0.8593249183854736,0.8685662551422547,0.08444727796530084,0.8758424194216258,settle,btc,0.30837964259372136,0.4954292893131771,0.19711936058365093,0.0284895561344651,0.0,0.0,-0.0009950525542607826,-0.16909787768527995
test,2026-06-01T07:05:02+08:00,btc-updown-5m-1780268700,buy_up,191.0,0.12,0.115,0.1510509839404277,-1.7198648104793541,-1.7263817109363762,0.02105098394042771,-0.9165604337606209,settle,market_prior,-0.987215310766914,-0.3788529363664814,-0.1713354641466917,-0.012368168959726075,0.0,0.0,-0.0009950525542607826,-0.16909787768527995
test,2026-06-01T07:10:00+08:00,btc-updown-5m-1780269000,buy_down,10.0,0.41,0.405,0.5412192166899453,0.16028155583143622,0.16525190352270588,0.12121921668994536,1.9883395730922213,settle,btc,-0.11754266615662104,0.3530985084229302,0.06966780676339038,0.025150837041277428,0.0,0.0,-0.0009950525542607826,-0.16909787768527995
test,2026-06-01T07:15:02+08:00,btc-updown-5m-1780269300,buy_up,5.0,0.61,0.605,0.6416068802700204,0.5748420822387913,0.5823452963731518,0.021606880270020452,0.8879751438859901,settle,market_prior,0.30837964259372136,0.2570513979076845,0.16179921373594933,0.017704758240977,0.0,0.0,-0.0009950525542607826,-0.16909787768527995
test,2026-06-01T07:20:01+08:00,btc-updown-5m-1780269600,buy_down,15.0,0.62,0.615,0.7937094392138556,1.3352824600671147,1.3474317844610904,0.1637094392138556,0.8559613031722056,settle,btc,0.33045584057817046,0.7521270637344554,0.39414119091608696,0.02865129507794238,0.0,0.0,-0.0009950525542607826,-0.16909787768527995
test,2026-06-01T07:25:00+08:00,btc-updown-5m-1780269900,buy_down,5.0,0.45,0.445,0.4849308790470475,-0.06389542329309313,-0.060294743748134226,0.0249308790470475,-1.474936995812085,settle,btc,-0.031529957552086714,0.10590659805522032,0.03949090486955275,-0.007670038426238743,0.0,0.0,-0.0009950525542607826,-0.16909787768527995
test,2026-06-01T07:30:02+08:00,btc-updown-5m-1780270200,buy_down,5.0,0.47,0.45,0.6255068821820046,0.5059068703871261,0.5129889067350737,0.14550688218200458,1.5800518396209318,settle,btc,-0.020909360831808766,0.5163796619108877,0.18693934797301548,-0.00640984842542758,0.0,0.0,-0.0009950525542607826,-0.16909787768527995
test,2026-06-01T07:35:02+08:00,btc-updown-5m-1780270500,buy_down,5.0,0.53,0.525,0.6155395813104115,0.4638334321474614,0.4706584097715931,0.07553958131041151,1.253217313956526,settle,btc,0.1370378815316424,0.38479671396894,0.11819476336409832,-0.006102996477678525,0.0,0.0,-0.0009950525542607826,-0.16909787768527995
test,2026-06-01T07:40:01+08:00,btc-updown-5m-1780270800,buy_down,10.0,0.45,0.445,0.5345829704010491,0.13374489186739968,0.13855310683887434,0.07458297040104907,-1.4888221689803531,settle,btc,-0.031529957552086714,0.25893490658844165,0.08862503891522386,-0.0121921658446384,0.0,0.0,-0.0009950525542607826,-0.16909787768527995
test,2026-06-01T07:45:01+08:00,btc-updown-5m-1780271100,buy_up,5.0,0.53,0.525,0.627803125822771,0.5156620393517786,0.5228036774672445,0.08780312582277096,1.2511724416299042,settle,btc,0.1370378815316424,0.4096880736818821,0.14608049247305183,-0.007051478095256961,0.0,0.0,-0.0009950525542607826,-0.16909787768527995
test,2026-06-01T07:50:02+08:00,btc-updown-5m-1780271400,buy_up,5.0,0.59,0.585,0.6703247852758676,0.7013780581378591,0.7096543770585725,0.07032478527586762,0.9858169304279247,settle,btc,0.264785563193208,0.36947771915177674,0.1974837394042564,0.03972396662815893,0.0,0.0,-0.0009950525542607826,-0.16909787768527995
test,2026-06-01T07:55:02+08:00,btc-updown-5m-1780271700,buy_up,222.0,0.29,0.285,0.33308962007971704,-0.693995011391198,-0.6942440908098574,0.03308962007971706,3.533643790275267,settle,market_prior,-0.39857145011641004,0.11207103563533041,-0.225255129916999,-0.012146536753578723,0.0,0.0,-0.0009950525542607826,-0.16909787768527995
test,2026-06-01T08:00:02+08:00,btc-updown-5m-1780272000,buy_down,5.0,0.5,0.485,0.5800634674581413,0.3171054329755993,0.32303393734265323,0.07006346745814131,-1.529260071179985,settle,btc,0.052957295858109765,0.23417641157476882,0.2003497445615081,-0.0002850887792466541,0.0,0.0,-0.0009950525542607826,-0.16909787768527995
test,2026-06-01T08:05:00+08:00,btc-updown-5m-1780272300,buy_down,20.0,0.59,0.585,0.7019933081157604,0.84763799670254,0.8568079291410898,0.10199330811576048,1.0060894772043532,settle,btc,0.264785563193208,0.4921494924879478,0.2535805049664419,0.00721536629448296,0.0,0.0,-0.0009950525542607826,-0.16909787768527995
test,2026-06-01T08:10:01+08:00,btc-updown-5m-1780272600,buy_up,5.0,0.33,0.325,0.4188732579866484,-0.3293791275149532,-0.32740049040475866,0.07887325798664836,2.988085747296928,settle,market_prior,-0.2993636477025956,0.18858512076683495,-0.04168030505397496,-0.006827365285676885,0.0,0.0,-0.0009950525542607826,-0.16909787768527995
test,2026-06-01T08:15:01+08:00,btc-updown-5m-1780272900,buy_up,15.0,0.68,0.675,0.7442438156674522,1.057690799456949,1.0681441046757887,0.054243815667452185,-1.5463343742261604,settle,btc,0.468317628911679,0.5382270372967302,0.2443048893190346,-0.02306582583095356,0.0,0.0,-0.0009950525542607826,-0.16909787768527995
test,2026-06-01T08:20:01+08:00,btc-updown-5m-1780273200,buy_up,5.0,0.42,0.415,0.560108129021811,0.23616691446930327,0.24160090369461254,0.13010812902181096,2.0471962400145913,settle,btc,-0.09583158198412475,0.4163713115285237,0.09622102574059034,-0.01050091057614525,0.0,0.0,-0.0009950525542607826,-0.16909787768527995
test,2026-06-01T08:25:00+08:00,btc-updown-5m-1780273500,buy_up,15.0,0.54,0.535,0.5858599282355542,0.34080318448719815,0.34687647649262326,0.03585992823555418,1.2741102914827647,settle,btc,0.1581213192435915,0.23876589341431426,0.11615828422987713,-0.002149382161044038,0.0,0.0,-0.0009950525542607826,-0.16909787768527995
test,2026-06-01T08:30:00+08:00,btc-updown-5m-1780273800,buy_down,10.0,0.17,0.165,0.2906430393496593,-0.8908114440119846,-0.8922630251303456,0.11064303934965929,7.4363072424070555,settle,market_prior,-0.7670799320358461,0.08708447681367112,-0.10791038642974488,0.06718732787947587,0.0,0.0,-0.0009950525542607826,-0.16909787768527995
test,2026-06-01T08:40:02+08:00,btc-updown-5m-1780274400,buy_up,5.0,0.45,0.445,0.5543752340261013,0.21307162670565627,0.21836450920313252,0.09437523402610133,1.9392438301418595,settle,btc,-0.031529957552086714,0.32882568646210864,0.08233972274519587,0.00352910528997923,0.0,0.0,-0.0009950525542607826,-0.16909787768527995
test,2026-06-01T08:50:02+08:00,btc-updown-5m-1780275000,buy_up,34.0,0.19,0.185,0.22056972351193851,-1.258650396900316,-1.2623493867343756,0.02056972351193851,-1.092927927256598,settle,market_prior,-0.6942629458947523,-0.2503338887544817,-0.20047868472088273,0.05651805270934153,0.0,0.0,-0.0009950525542607826,-0.16909787768527995
test,2026-06-01T08:55:01+08:00,btc-updown-5m-1780275300,buy_down,15.0,0.53,0.525,0.5701830262366123,0.27691498203393416,0.28259793228273905,0.030183026236612294,1.4099431220899086,settle,btc,0.1370378815316424,0.2308355508493437,0.10029520582395592,-0.021160725931467058,0.0,0.0,-0.0009950525542607826,-0.16909787768527995
test,2026-06-01T09:00:01+08:00,btc-updown-5m-1780275600,buy_down,5.0,0.52,0.485,0.6289526743770159,0.5205548654853527,0.5277263976074502,0.09895267437701584,1.4810415081210477,settle,btc,0.052957295858109765,0.4559713354298015,0.1892719862271991,-0.007552821790216982,0.0,0.0,-0.0009950525542607826,-0.16909787768527995
test,2026-06-01T09:10:02+08:00,btc-updown-5m-1780276200,buy_down,191.0,0.21,0.205,0.2530927767422391,-1.0795799384761497,-1.0821848503018132,0.03309277674223913,6.141235398811235,settle,market_prior,-0.6273036130232583,-0.13260730141190502,-0.146916275951874,-0.002659817849571897,0.0,0.0,-0.0009950525542607826,-0.16909787768527995
test,2026-06-01T09:15:02+08:00,btc-updown-5m-1780276500,buy_up,5.0,0.63,0.625,0.6681135425446697,0.6914495600027214,0.6996652181558148,0.028113542544669697,0.9798982196784519,settle,btc,0.35274759476482526,0.3528557312337808,0.15753572925499887,-0.0015965650113428792,0.0,0.0,-0.0009950525542607826,-0.16909787768527995
test,2026-06-01T09:20:02+08:00,btc-updown-5m-1780276800,buy_up,20.0,0.6,0.595,0.6380162751047521,0.5593559431266455,0.5667645406258186,0.028016275104752138,-1.7533645477446436,settle,btc,0.28649664736570424,0.3652673765651332,0.10393338476337796,-0.026248535328029288,0.0,0.0,-0.0009950525542607826,-0.16909787768527995
test,2026-06-01T09:25:02+08:00,btc-updown-5m-1780277100,buy_up,4.0,0.53,0.525,0.6222298834488642,0.49202652790297063,0.4990237586520798,0.08222988344886419,-1.7392964140086409,settle,btc,0.1370378815316424,0.34514046374783364,0.16846301121757556,0.011478101645459907,0.0,0.0,-0.0009950525542607826,-0.16909787768527995
test,2026-06-01T09:30:02+08:00,btc-updown-5m-1780277400,buy_down,10.0,0.47,0.465,0.5222714468342159,0.08463660007327632,0.08914477503505497,0.042271446834215916,-1.7256451986551926,settle,btc,0.010832661965491977,0.1146723549289236,0.11378410949554406,0.015440403922857442,0.0,0.0,-0.0009950525542607826,-0.16909787768527995
test,2026-06-01T09:35:01+08:00,btc-updown-5m-1780277700,buy_up,10.0,0.59,0.585,0.6200895062788994,0.48298615423758184,0.48992815044883353,0.02008950627889939,-1.7007842085050755,settle,market_prior,0.264785563193208,0.23489631958602497,0.14924371884108975,0.004153482856799865,0.0,0.0,-0.0009950525542607826,-0.16909787768527995
test,2026-06-01T09:40:01+08:00,btc-updown-5m-1780278000,buy_down,30.0,0.34,0.335,0.3836510156880157,-0.4751679122645964,-0.47408001003423106,0.03365101568801566,3.164792576218267,settle,market_prior,-0.2756096560174177,0.023829161912387167,-0.0934346447075033,0.040140156787478266,0.0,0.0,-0.0009950525542607826,-0.16909787768527995
test,2026-06-01T09:45:02+08:00,btc-updown-5m-1780278300,buy_down,10.0,0.55,0.545,0.6455446696329842,0.5919046167162417,0.5995120788874004,0.08554466963298414,-1.7177520321381614,settle,btc,0.17926418087756993,0.3858346010982335,0.20160323113922424,-0.0047044661592449835,0.0,0.0,-0.0009950525542607826,-0.16909787768527995
test,2026-06-01T09:50:01+08:00,btc-updown-5m-1780278600,buy_down,10.0,0.52,0.515,0.6619729184321916,0.6640503754950485,0.6720986311324973,0.1319729184321916,1.5093330252717276,settle,btc,0.11599668535097349,0.44877883128401297,0.24092133076377964,0.02844645833582325,0.0,0.0,-0.0009950525542607826,-0.16909787768527995
test,2026-06-01T10:05:01+08:00,btc-updown-5m-1780279500,buy_up,5.0,0.6,0.595,0.7777286798568276,1.2409062164236424,1.252478924363994,0.1677286798568276,1.0952459041149982,settle,btc,0.28649664736570424,0.7985412216115333,0.2854353915028104,0.04052588618313489,0.0,0.0,-0.0009950525542607826,-0.16909787768527995
test,2026-06-01T10:10:01+08:00,btc-updown-5m-1780279800,buy_down,10.0,0.44,0.435,0.4738595753280635,-0.10798840284732436,-0.10465712094438567,0.023859575328063494,-1.734490388535963,settle,btc,-0.052844462835857135,0.11898808646189374,0.004694668041953765,-0.008733764275773985,0.0,0.0,-0.0009950525542607826,-0.16909787768527995
test,2026-06-01T10:15:02+08:00,btc-updown-5m-1780280100,buy_down,5.0,0.46,0.455,0.5648595691925903,0.2553571049827373,0.26090834171834193,0.09485956919259027,1.9340405750238086,settle,btc,-0.010310199668486515,0.3474302409186566,0.10719147227989226,-0.018861478307784348,0.0,0.0,-0.0009950525542607826,-0.16909787768527995
test,2026-06-01T10:20:00+08:00,btc-updown-5m-1780280400,buy_up,10.0,0.5,0.495,0.6454019153218856,0.5912845810971281,0.5988882549977856,0.1354019153218856,1.6639828263535972,settle,btc,0.07397322828062054,0.45877694502886585,0.2031781310132495,0.025449207013932943,0.0,0.0,-0.0009950525542607826,-0.16909787768527995
test,2026-06-01T10:25:01+08:00,btc-updown-5m-1780280700,buy_up,10.0,0.5,0.495,0.5778390138965953,0.3080354930739963,0.31390858226050544,0.06783901389659532,1.6802898580518624,settle,btc,0.07397322828062054,0.31217736208652275,0.09791902200252928,-0.005941189056135565,0.0,0.0,-0.0009950525542607826,-0.16909787768527995
test,2026-06-01T10:30:00+08:00,btc-updown-5m-1780281000,buy_down,5.0,0.32,0.315,0.4844802146467691,-0.06568881212921723,-0.06209908976448434,0.1544802146467691,3.6250860590010077,settle,market_prior,-0.3234998014092145,0.2932710971890134,0.09678760466307954,0.03784521766744507,0.0,0.0,-0.0009950525542607826,-0.16909787768527995
test,2026-06-01T10:35:01+08:00,btc-updown-5m-1780281300,buy_up,74.0,0.37,0.36,0.40447791659078974,-0.38845900432911584,-0.3868413312468797,0.024477916590789746,2.877110408178703,settle,market_prior,-0.2176873480351206,0.06556091513185652,-0.10176115097369269,0.035521509787381673,0.0,0.0,-0.0009950525542607826,-0.16909787768527995
test,2026-06-01T10:40:02+08:00,btc-updown-5m-1780281600,buy_up,5.0,0.42,0.415,0.552262270033008,0.2045744566998555,0.2098154235049347,0.122262270033008,2.437980047867603,settle,btc,-0.09583158198412475,0.33650826225099395,0.08799150970489211,0.045999196967635006,0.0,0.0,-0.0009950525542607826,-0.16909787768527995
test,2026-06-01T10:45:01+08:00,btc-updown-5m-1780281900,buy_up,10.0,0.59,0.585,0.6916223768913944,0.7988432195643109,0.8077150274933167,0.09162237689139442,1.234431289178993,settle,btc,0.264785563193208,0.38643356470130347,0.2816136554170343,0.036103366492306076,0.0,0.0,-0.0009950525542607826,-0.16909787768527995
test,2026-06-01T10:50:01+08:00,btc-updown-5m-1780282200,buy_up,104.0,0.31,0.305,0.3412174820617971,-0.6578451977981888,-0.6578734104339753,0.021217482061797084,-1.4546764935388257,settle,market_prior,-0.3480535595599974,-0.03771921182965492,-0.11993407344109656,0.01795457727210083,0.0,0.0,-0.0009950525542607826,-0.16909787768527995
test,2026-06-01T10:55:01+08:00,btc-updown-5m-1780282500,buy_up,10.0,0.26,0.255,0.29936279339027155,-0.8491370619102081,-0.8503340224430616,0.029362793390271542,-1.8733950502110037,settle,market_prior,-0.47856927676422595,-0.10642082885503071,-0.1297883467196852,0.03573432066827453,0.0,0.0,-0.0009950525542607826,-0.16909787768527995
test,2026-06-01T11:00:01+08:00,btc-updown-5m-1780282800,buy_up,5.0,0.66,0.655,0.7477683664280533,1.0761791486562078,1.0867454133014567,0.0777683664280533,0.8999248744966528,settle,btc,0.42115904652909675,0.5304345335623536,0.2588779475589357,0.035800551245362376,0.0,0.0,-0.0009950525542607826,-0.16909787768527995
test,2026-06-01T11:05:02+08:00,btc-updown-5m-1780283100,buy_down,5.0,0.53,0.525,0.6261313378109793,0.5085573585800612,0.5156555887819192,0.08613133781097927,-1.842978224110693,settle,btc,0.1370378815316424,0.34851378209964606,0.1579068766910346,0.035191748497278984,0.0,0.0,-0.0009950525542607826,-0.16909787768527995
test,2026-06-01T11:10:00+08:00,btc-updown-5m-1780283400,buy_down,5.0,0.55,0.545,0.6173217827108893,0.4713251930367645,0.4781959435421703,0.05732178271088929,1.4323353723977323,settle,btc,0.17926418087756993,0.28579481577440347,0.13334825513054743,0.043010871493784415,0.0,0.0,-0.0009950525542607826,-0.16909787768527995
test,2026-06-01T11:15:01+08:00,btc-updown-5m-1780283700,buy_up,99.0,0.31,0.305,0.3424522564156677,-0.6523902404323704,-0.6523851245730873,0.022452256415667678,3.2204265067003632,settle,market_prior,-0.3480535595599974,-0.018472184096202993,-0.15868198504431696,0.04291041850768771,0.0,0.0,-0.0009950525542607826,-0.16909787768527995
test,2026-06-01T11:20:01+08:00,btc-updown-5m-1780284000,buy_down,9.0,0.49,0.485,0.5224144347935048,0.08520621607037379,0.0897178712507275,0.022414434793504807,-1.8744355451919867,settle,btc,0.052957295858109765,0.12587865898211145,0.03750478611947236,0.03895840535022094,0.0,0.0,-0.0009950525542607826,-0.16909787768527995
test,2026-06-01T11:25:02+08:00,btc-updown-5m-1780284300,buy_down,118.0,0.64,0.635,0.6779823086810143,0.7360266943236914,0.7445147081895422,0.027982308681014263,0.9943294806135615,settle,btc,0.3752784755662062,0.4188226289414819,0.19860492373242297,-0.08658640367687892,0.0,0.0,-0.0009950525542607826,-0.16909787768527995
test,2026-06-01T11:35:01+08:00,btc-updown-5m-1780284900,buy_up,232.0,0.25,0.245,0.31768656586029587,-0.7637486209308116,-0.7644238783515555,0.057686565860295864,-1.9012716045880573,settle,market_prior,-0.5065812812578528,-0.010245191709953227,-0.19410277738389808,0.11727355966043325,0.0,0.0,-0.0009950525542607826,-0.16909787768527995
test,2026-06-01T11:40:02+08:00,btc-updown-5m-1780285200,buy_down,5.0,0.54,0.535,0.7094784344086159,0.8834634734089769,0.8928522910089863,0.15947843440861587,1.5076108813304014,settle,btc,0.1581213192435915,0.6016411696553704,0.2907853918687988,0.00300852288075691,0.0,0.0,-0.0009950525542607826,-0.16909787768527995
test,2026-06-01T12:00:00+08:00,btc-updown-5m-1780286400,buy_up,6.0,0.53,0.525,0.6798866870241949,0.7447100443183102,0.7532511113921101,0.13988668702419482,1.5832758802801914,settle,btc,0.1370378815316424,0.5494938692566704,0.18643169824302908,0.041839525526509144,0.0,0.0,-0.0009950525542607826,-0.16909787768527995
test,2026-06-01T12:05:01+08:00,btc-updown-5m-1780286700,buy_down,5.0,0.5,0.495,0.6846107611539932,0.7663694888460979,0.7750428899862786,0.1746107611539932,1.8032410867083364,settle,btc,0.07397322828062054,0.5854364260260708,0.26737835397083864,0.009674410808108781,0.0,0.0,-0.0009950525542607826,-0.16909787768527995
test,2026-06-01T12:10:02+08:00,btc-updown-5m-1780287000,buy_down,5.0,0.52,0.515,0.6935334383201864,0.8077644884513134,0.8166908032162438,0.1635334383201864,1.6794133422258568,settle,btc,0.11599668535097349,0.5592548489105086,0.2942943394682846,0.008311544961087566,0.0,0.0,-0.0009950525542607826,-0.16909787768527995
test,2026-06-01T12:15:01+08:00,btc-updown-5m-1780287300,buy_down,40.0,0.37,0.365,0.40077546326912855,-0.40375924425363763,-0.40223505200666554,0.020775463269128554,2.5900666917634556,settle,market_prior,-0.20632449435712288,0.015282545811539018,-0.06012750484141941,0.017503139372906356,0.0,0.0,-0.0009950525542607826,-0.16909787768527995
test,2026-06-01T12:20:02+08:00,btc-updown-5m-1780287600,buy_down,5.0,0.7,0.695,0.8049562032027564,1.4049885257593626,1.417563737673797,0.09495620320275645,0.7874614993738199,settle,btc,0.5170075407690806,0.6860494471569258,0.3694305641936022,0.002593903879294351,0.0,0.0,-0.0009950525542607826,-0.16909787768527995
test,2026-06-01T12:25:01+08:00,btc-updown-5m-1780287900,buy_down,241.0,0.24,0.235,0.2960247941266433,-0.8650060058359165,-0.8662999218505305,0.046024794126643294,5.964511723166572,settle,market_prior,-0.5353767959212048,-0.058493718562732555,-0.09280571801901451,-0.008236843093423889,0.0,0.0,-0.0009950525542607826,-0.16909787768527995
test,2026-06-01T12:30:01+08:00,btc-updown-5m-1780288200,buy_up,15.0,0.7,0.695,0.7837577571646659,1.2759141176006863,1.2877007155100197,0.07375775716466594,0.8154339598672015,settle,btc,0.5170075407690806,0.6174062839335119,0.29551812055106635,0.016075102586567948,0.0,0.0,-0.0009950525542607826,-0.16909787768527995
test,2026-06-01T12:35:02+08:00,btc-updown-5m-1780288500,buy_up,5.0,0.66,0.655,0.711383408486547,0.8926673514515716,0.9021124025623845,0.04138340848654699,0.9882216041218203,settle,market_prior,0.42115904652909675,0.3950161577797882,0.20640776100807928,0.040177316374148,0.0,0.0,-0.0009950525542607826,-0.16909787768527995
test,2026-06-01T12:40:01+08:00,btc-updown-5m-1780288800,buy_up,20.0,0.69,0.68,0.739529812708793,1.0332223765962445,1.0435261855576465,0.039529812708793084,0.8636197496890694,settle,market_prior,0.48033578745129524,0.4680996443110178,0.2463138487254265,0.008566026348045656,0.0,0.0,-0.0009950525542607826,-0.16909787768527995
test,2026-06-01T12:45:02+08:00,btc-updown-5m-1780289100,buy_down,5.0,0.49,0.485,0.5373067332821335,0.14463006490794997,0.14950478570370215,0.037306733282133527,2.0356751242670916,settle,btc,0.052957295858109765,0.1859830159634942,0.07417301996670725,0.001609663359179509,0.0,0.0,-0.0009950525542607826,-0.16909787768527995
test,2026-06-01T12:50:02+08:00,btc-updown-5m-1780289400,buy_up,10.0,0.65,0.645,0.7904343703294638,1.3155171090064788,1.3275456717956984,0.1304343703294638,1.0541665335820045,settle,btc,0.39807344390496124,0.752846103864333,0.3710481397743905,-0.036357648297665336,0.0,0.0,-0.0009950525542607826,-0.16909787768527995
test,2026-06-01T12:55:02+08:00,btc-updown-5m-1780289700,buy_up,5.0,0.46,0.455,0.5871237891023718,0.3459829263771709,0.3520878653764154,0.11712378910237183,2.3341430876759293,settle,btc,-0.010310199668486515,0.41258763032261125,0.10117804263064581,0.012620383331941017,0.0,0.0,-0.0009950525542607826,-0.16909787768527995
test,2026-06-01T13:05:02+08:00,btc-updown-5m-1780290300,buy_down,5.0,0.44,0.435,0.5158670774951166,0.059137248283294724,0.06348962825651253,0.06586707749511662,2.56150183654625,settle,btc,-0.052844462835857135,0.20844483195624108,0.06708780193639134,0.006542007466060166,0.0,0.0,-0.0009950525542607826,-0.16909787768527995
test,2026-06-01T13:10:02+08:00,btc-updown-5m-1780290600,buy_down,208.0,0.18,0.175,0.2261349596223992,-1.2267613491195495,-1.2302655044387893,0.03613495962239922,-2.1900840702470434,settle,market_prior,-0.7298511974964466,-0.17072532565825532,-0.1359663815198239,-0.02012551420548315,0.0,0.0,-0.0009950525542607826,-0.16909787768527995
test,2026-06-01T13:15:01+08:00,btc-updown-5m-1780290900,buy_down,5.0,0.63,0.625,0.7124814401624192,0.8979888843838606,0.907466448798115,0.07248144016241921,1.1730946553714239,settle,btc,0.35274759476482526,0.45625699141472564,0.2498329842863627,0.00924424415748771,0.0,0.0,-0.0009950525542607826,-0.16909787768527995
test,2026-06-01T13:20:01+08:00,btc-updown-5m-1780291200,buy_up,5.0,0.49,0.485,0.681071770179336,0.7501274313863963,0.7587015974096618,0.18107177017933596,-2.1067822382180674,settle,btc,0.052957295858109765,0.5513992959310666,0.28335711110652917,0.0325066587302315,0.0,0.0,-0.0009950525542607826,-0.16909787768527995
test,2026-06-01T13:25:01+08:00,btc-updown-5m-1780291500,buy_down,6.0,0.6,0.595,0.7082035058136652,0.8773235641934377,0.8866748684051117,0.09820350581366523,1.3283262011964916,settle,btc,0.28649664736570424,0.4846722055592309,0.25786791890488253,0.018379722603160915,0.0,0.0,-0.0009950525542607826,-0.16909787768527995
test,2026-06-01T13:30:01+08:00,btc-updown-5m-1780291800,buy_up,5.0,0.55,0.545,0.6777758498624274,0.7350869343941681,0.74356920654985,0.11777584986242741,1.6454896264667918,settle,btc,0.17926418087756993,0.5440154287723595,0.20715510182835772,-0.025254846844578228,0.0,0.0,-0.0009950525542607826,-0.16909787768527995
test,2026-06-01T13:35:01+08:00,btc-updown-5m-1780292100,buy_down,5.0,0.47,0.465,0.5772048957409611,0.30545232748721424,0.31130963414496116,0.09720489574096115,2.2938825601298776,settle,btc,0.010832661965491977,0.3119185043597064,0.12704552165946198,0.02574856974209463,0.0,0.0,-0.0009950525542607826,-0.16909787768527995
test,2026-06-01T13:45:01+08:00,btc-updown-5m-1780292700,buy_down,4.0,0.48,0.475,0.5235595830411073,0.08976863786908464,0.09430816836398731,0.033559583041107295,2.227271739633798,settle,btc,0.03191609967744088,0.1734794603432837,0.047188002670878644,0.007278005417022159,0.0,0.0,-0.0009950525542607826,-0.16909787768527995
test,2026-06-01T13:50:01+08:00,btc-updown-5m-1780293000,buy_down,8.0,0.39,0.385,0.4479941710391066,-0.21147737352572604,-0.20877838467618764,0.04799417103910659,3.259274572839684,settle,market_prior,-0.16150185936908718,0.04824240920710192,0.02385891034323453,0.0480160965325655,0.0,0.0,-0.0009950525542607826,-0.16909787768527995
test,2026-06-01T13:55:00+08:00,btc-updown-5m-1780293300,buy_up,145.0,0.21,0.205,0.24305740637002363,-1.1330581101092916,-1.1359897608735154,0.023057406370023632,-1.6443400748628256,settle,market_prior,-0.6273036130232583,-0.15053426222885447,-0.17742704616620641,-0.0077002584514316835,0.0,0.0,-0.0009950525542607826,-0.16909787768527995
test,2026-06-01T14:00:01+08:00,btc-updown-5m-1780293600,buy_down,53.0,0.28,0.275,0.3311968818921535,-0.7024758209595948,-0.702776716112261,0.04119688189215349,5.41293303678982,settle,market_prior,-0.4246236908234957,-0.03747178904988363,-0.09703466947788983,0.026747258631215014,0.0,0.0,-0.0009950525542607826,-0.16909787768527995
test,2026-06-01T14:05:01+08:00,btc-updown-5m-1780293900,buy_down,4.0,0.61,0.605,0.6444673423642622,0.5872281507697156,0.5948070408436443,0.024467342364262186,1.3635192067598612,settle,market_prior,0.30837964259372136,0.25044596488228016,0.17602302107558626,0.022472452457668563,0.0,0.0,-0.0009950525542607826,-0.16909787768527995
test,2026-06-01T14:10:01+08:00,btc-updown-5m-1780294200,buy_up,4.0,0.53,0.525,0.5823483488788587,0.32643558235114967,0.3324210917168878,0.04234834887885864,1.9115537288492215,settle,btc,0.1370378815316424,0.21514422836614147,0.10640100570687715,0.037945396986029334,0.0,0.0,-0.0009950525542607826,-0.16909787768527995
test,2026-06-01T14:15:01+08:00,btc-updown-5m-1780294500,buy_down,82.0,0.22,0.215,0.2709115672005749,-0.9879574640654932,-0.9900025843140887,0.04091156720057491,7.7754525696734325,settle,market_prior,-0.5956429435082472,-0.19735915808543553,-0.11988805417552438,0.09502562194325452,0.0,0.0,-0.0009950525542607826,-0.16909787768527995
test,2026-06-01T14:20:00+08:00,btc-updown-5m-1780294800,buy_down,16.0,0.73,0.725,0.7762186805125859,1.2322451715345921,1.2437649625458966,0.03621868051258593,0.8189331845397734,settle,market_prior,0.5935776720325792,0.5109206008268634,0.2756807307149187,0.022159098199771434,0.0,0.0,-0.0009950525542607826,-0.16909787768527995
test,2026-06-01T14:25:01+08:00,btc-updown-5m-1780295100,buy_down,4.0,0.65,0.645,0.7654235178242328,1.1714989678715142,1.1826476139932252,0.10542351782423277,1.2070009073248806,settle,btc,0.39807344390496124,0.6440732618280128,0.30733546793187844,-0.00789027555379765,0.0,0.0,-0.0009950525542607826,-0.16909787768527995
test,2026-06-01T14:30:00+08:00,btc-updown-5m-1780295400,buy_down,21.0,0.6,0.595,0.6330979426317908,0.5382505505314525,0.5455301990900792,0.023097942631790776,-2.358231272726015,settle,market_prior,0.28649664736570424,0.22862884135556244,0.1903454605095812,0.0028725315401452955,0.0,0.0,-0.0009950525542607826,-0.16909787768527995
test,2026-06-01T14:35:00+08:00,btc-updown-5m-1780295700,buy_down,4.0,0.59,0.585,0.6861274925168078,0.7733604689051917,0.7820765832746068,0.08612749251680786,1.556603004025541,settle,btc,0.264785563193208,0.432044556488646,0.22743048298526677,0.019192796477611823,0.0,0.0,-0.0009950525542607826,-0.16909787768527995
test,2026-06-01T14:45:01+08:00,btc-updown-5m-1780296300,buy_up,4.0,0.56,0.555,0.6097000329348345,0.4393759489234068,0.44605149712868497,0.03970003293483449,1.7749443718223372,settle,btc,0.20048393876117018,0.2665104888627702,0.12210325155509742,0.020371199983909825,0.0,0.0,-0.0009950525542607826,-0.16909787768527995
test,2026-06-01T14:50:01+08:00,btc-updown-5m-1780296600,buy_up,13.0,0.61,0.605,0.6416328930110724,0.5749545217725242,0.5824584228857543,0.021632893011072414,-2.3674902310026456,settle,market_prior,0.30837964259372136,0.2778508127697754,0.13481864946953578,0.023998347179032292,0.0,0.0,-0.0009950525542607826,-0.16909787768527995
test,2026-06-01T14:55:02+08:00,btc-updown-5m-1780296900,buy_up,75.0,0.56,0.555,0.592169323022127,0.36670896159313204,0.37294053174935565,0.022169323022126937,1.770394466117917,settle,btc,0.20048393876117018,0.20487593659176823,0.08646090348271067,0.04498111299702378,0.0,0.0,-0.0009950525542607826,-0.16909787768527995
test,2026-06-01T15:00:01+08:00,btc-updown-5m-1780297200,buy_down,9.0,0.51,0.505,0.6840568890733312,0.763821085655726,0.7724789166571375,0.16405688907333116,2.1866672442798154,settle,btc,0.0949807529284627,0.5247128306116686,0.2743528335678815,0.039867598787254016,0.0,0.0,-0.0009950525542607826,-0.16909787768527995
test,2026-06-01T15:05:00+08:00,btc-updown-5m-1780297500,buy_up,4.0,0.51,0.505,0.6704204718447478,0.7018084520108635,0.7100874005360105,0.15042047184474783,2.2072476418730376,settle,btc,0.0949807529284627,0.5230848680472382,0.24444433819983663,0.009391423074866814,0.0,0.0,-0.0009950525542607826,-0.16909787768527995
test,2026-06-01T15:10:01+08:00,btc-updown-5m-1780297800,buy_down,4.0,0.5,0.495,0.5984107817799623,0.39245882749632766,0.398847723222898,0.08841078177996232,2.3199276339906563,settle,btc,0.07397322828062054,0.32675479176138117,0.14671231306035548,0.015111424633511205,0.0,0.0,-0.0009950525542607826,-0.16909787768527995
test,2026-06-01T15:15:00+08:00,btc-updown-5m-1780298100,buy_down,4.0,0.5,0.495,0.5732135225892341,0.2892163431689966,0.2949744518152817,0.06321352258923409,2.3426629248037645,settle,btc,0.07397322828062054,0.2572197559181653,0.12049482707797543,0.0076214621317759615,0.0,0.0,-0.0009950525542607826,-0.16909787768527995
test,2026-06-01T15:20:01+08:00,btc-updown-5m-1780298400,buy_down,4.0,0.43,0.425,0.6869540987910172,0.777178207141033,0.7859176469851379,0.2469540987910172,3.1436824205539424,settle,btc,-0.07427203910466089,0.7392560358740576,0.27735093388515514,0.004936206726022201,0.0,0.0,-0.0009950525542607826,-0.16909787768527995
test,2026-06-01T15:25:00+08:00,btc-updown-5m-1780298700,buy_up,4.0,0.58,0.575,0.6979876007561295,0.8286791665289029,0.8377332650139329,0.10798760075612958,-2.4874967882144254,settle,btc,0.24322602031374418,0.4703228382289728,0.24609174370183765,0.03913149452388909,0.0,0.0,-0.0009950525542607826,-0.16909787768527995
test,2026-06-01T15:30:02+08:00,btc-updown-5m-1780299000,buy_down,4.0,0.65,0.645,0.7451496245821099,1.0624261893734284,1.0729084267009719,0.08514962458210985,1.266087217936705,settle,btc,0.39807344390496124,0.5984184553362484,0.22460018597938639,0.011427034392372791,0.0,0.0,-0.0009950525542607826,-0.16909787768527995
test,2026-06-01T15:35:00+08:00,btc-updown-5m-1780299300,buy_down,138.0,0.16,0.155,0.1947747387096265,-1.414626395075953,-1.419278361246497,0.024774738709626494,-1.9061741757081483,settle,market_prior,-0.8061658909200953,-0.2893064966533383,-0.16916607214440757,0.02010499488142864,0.0,0.0,-0.0009950525542607826,-0.16909787768527995
test,2026-06-01T15:40:02+08:00,btc-updown-5m-1780299600,buy_down,51.0,0.21,0.205,0.25952676368145783,-1.0460297294665635,-1.0484296574764846,0.039526763681457834,8.966508527757702,settle,market_prior,-0.6273036130232583,-0.1532367846567826,-0.15345424574812608,0.058057844201144126,0.0,0.0,-0.0009950525542607826,-0.16909787768527995
test,2026-06-01T15:50:00+08:00,btc-updown-5m-1780300200,buy_up,12.0,0.78,0.775,0.8700521992806975,1.8859068632936433,1.9014203721307585,0.08005219928069753,0.6740798274861631,settle,btc,0.7339883732600329,1.0068549345823654,0.3359758535594726,-0.020819367868686933,0.0,0.0,-0.0009950525542607826,-0.16909787768527995
test,2026-06-01T15:55:01+08:00,btc-updown-5m-1780300500,buy_up,203.0,0.13,0.125,0.1835165560712254,-1.487603906631505,-1.4927017480804339,0.043516556071225405,-2.7035786311637344,settle,market_prior,-0.9374578283266224,-0.1996322919436691,-0.15547732718370755,-0.024943528937965104,0.0,0.0,-0.0009950525542607826,-0.16909787768527995
test,2026-06-01T16:00:02+08:00,btc-updown-5m-1780300800,buy_down,4.0,0.41,0.405,0.4663324236365356,-0.1380221763650812,-0.1348743936914632,0.04633242363653562,-2.5440015509828506,settle,market_prior,-0.11754266615662104,0.07451933447150776,0.0738772387056365,0.0012168468539363343,0.0,0.0,-0.0009950525542607826,-0.16909787768527995
test,2026-06-01T16:05:01+08:00,btc-updown-5m-1780301100,buy_up,59.0,0.58,0.575,0.6207011533226411,0.48556755552782194,0.4925253234884026,0.030701153322641124,-2.5003692091109033,settle,btc,0.24322602031374418,0.33943457156506146,0.08652775643185436,-0.01352786254329735,0.0,0.0,-0.0009950525542607826,-0.16909787768527995
test,2026-06-01T16:10:02+08:00,btc-updown-5m-1780301400,buy_up,5.0,0.58,0.575,0.6721370931122221,0.7095405831064415,0.7178667731177842,0.08213709311222218,1.7198696809168137,settle,btc,0.24322602031374418,0.3935020206964229,0.22193682044083352,0.020968651894981837,0.0,0.0,-0.0009950525542607826,-0.16909787768527995
test,2026-06-01T16:15:01+08:00,btc-updown-5m-1780301700,buy_down,4.0,0.44,0.435,0.5895410429154861,0.3559028522754799,0.36206839966801146,0.13954104291548614,-2.505871099116296,settle,btc,-0.052844462835857135,0.42867701240345324,0.12485395027244536,0.0253092826749792,0.0,0.0,-0.0009950525542607826,-0.16909787768527995
test,2026-06-01T16:20:01+08:00,btc-updown-5m-1780302000,buy_down,59.0,0.39,0.385,0.4230676065583494,-0.31227622966779556,-0.31019309791019195,0.023067606558349392,-2.3514863729348323,settle,market_prior,-0.16150185936908718,0.03858545071059407,-0.061839592138992004,0.04257270136923034,0.0,0.0,-0.0009950525542607826,-0.16909787768527995
test,2026-06-01T16:25:01+08:00,btc-updown-5m-1780302300,buy_up,109.0,0.52,0.515,0.5541447940929921,0.21214454664182292,0.21743176490010088,0.02414479409299209,-2.447796336508882,settle,btc,0.11599668535097349,0.17060334238847963,0.05817953701551733,0.03745791212639327,0.0,0.0,-0.0009950525542607826,-0.16909787768527995
test,2026-06-01T16:30:01+08:00,btc-updown-5m-1780302600,buy_down,4.0,0.38,0.375,0.609249190926372,0.43749327911660185,0.4441573246561091,0.21924919092637196,-2.439689682306045,settle,btc,-0.18379361355574203,0.6480750989690613,0.1562708487484316,-0.012966124805608364,0.0,0.0,-0.0009950525542607826,-0.16909787768527995
test,2026-06-01T16:35:02+08:00,btc-updown-5m-1780302900,buy_up,21.0,0.6,0.595,0.6382390908978925,0.560314985223792,0.5677294422426025,0.028239090897892567,1.529278815858839,settle,btc,0.28649664736570424,0.2874626445331833,0.11684997559858112,0.03959864796586407,0.0,0.0,-0.0009950525542607826,-0.16909787768527995
test,2026-06-01T16:40:00+08:00,btc-updown-5m-1780303200,buy_down,8.0,0.56,0.555,0.7623448558227081,1.1545333807470235,1.1655783711572576,0.192344855822708,1.818308310740731,settle,btc,0.20048393876117018,0.7699976780869573,0.351817613267846,0.0023270808705907428,0.0,0.0,-0.0009950525542607826,-0.16909787768527995
test,2026-06-01T16:45:02+08:00,btc-updown-5m-1780303500,buy_up,9.0,0.6,0.595,0.684506630622484,0.7658901932111769,0.7745606659687628,0.07450663062248399,1.5510381321817361,settle,btc,0.28649664736570424,0.5113946480483422,0.1425746363770488,-0.004482808340377637,0.0,0.0,-0.0009950525542607826,-0.16909787768527995
test,2026-06-01T16:50:01+08:00,btc-updown-5m-1780303800,buy_down,8.0,0.51,0.505,0.5442029710148105,0.17223132923215984,0.17727468720328304,0.02420297101481051,-2.4488154981033996,settle,btc,0.0949807529284627,0.14304003683871705,0.08608547154178291,0.018217998162737965,0.0,0.0,-0.0009950525542607826,-0.16909787768527995
test,2026-06-01T16:55:00+08:00,btc-updown-5m-1780304100,buy_up,8.0,0.58,0.575,0.7128757777482561,0.8999029691990007,0.9093922282172724,0.1228757777482561,1.6804590384995506,settle,btc,0.24322602031374418,0.5366354663012718,0.2852626146264217,0.0048717981971038524,0.0,0.0,-0.0009950525542607826,-0.16909787768527995
test,2026-06-01T17:00:02+08:00,btc-updown-5m-1780304400,buy_up,12.0,0.54,0.535,0.5820284481867114,0.3251284312542575,0.33110595423697436,0.03202844818671136,1.9950327731455029,settle,btc,0.1581213192435915,0.2534511287672364,0.04903978640821909,0.034609127074751195,0.0,0.0,-0.0009950525542607826,-0.16909787768527995
test,2026-06-01T17:05:01+08:00,btc-updown-5m-1780304700,buy_up,4.0,0.51,0.505,0.5829888269648322,0.32905350191874966,0.3350550061518258,0.06298882696483223,2.2719902640057024,settle,btc,0.0949807529284627,0.2628330992172981,0.1363559963205403,0.004976583691989287,0.0,0.0,-0.0009950525542607826,-0.16909787768527995
test,2026-06-01T17:10:01+08:00,btc-updown-5m-1780305000,buy_up,174.0,0.24,0.235,0.27976859857563985,-0.9438341859266148,-0.9456097234160276,0.029768598575639856,-2.48552044551386,settle,market_prior,-0.5353767959212048,-0.08273907311962983,-0.15458658507097053,-0.0010388015752688764,0.0,0.0,-0.0009950525542607826,-0.16909787768527995
test,2026-06-01T17:15:01+08:00,btc-updown-5m-1780305300,buy_down,9.0,0.42,0.415,0.5027878321437391,0.007116896168750445,0.011151444134732642,0.07278783214373914,-2.4692794573502863,settle,btc,-0.09583158198412475,0.24537088001392915,0.03263947002822102,-0.004968941649734222,0.0,0.0,-0.0009950525542607826,-0.16909787768527995
test,2026-06-01T17:20:01+08:00,btc-updown-5m-1780305600,buy_down,258.0,0.26,0.255,0.29067045829922705,-0.8906792631446345,-0.8921300366692619,0.02067045829922704,-1.7311337492904109,settle,market_prior,-0.47856927676422595,-0.09908921405237694,-0.1348268932261534,-0.008100948862337472,0.0,0.0,-0.0009950525542607826,-0.16909787768527995
test,2026-06-01T17:25:00+08:00,btc-updown-5m-1780305900,buy_up,8.0,0.53,0.525,0.6653781251403308,0.6792134274403092,0.6873543257270229,0.12537812514033075,2.056851135749627,settle,btc,0.1370378815316424,0.43642200362702177,0.20937167557367234,0.06647479694751346,0.0,0.0,-0.0009950525542607826,-0.16909787768527995
test,2026-06-01T17:30:01+08:00,btc-updown-5m-1780306200,buy_down,4.0,0.5,0.495,0.5633336578737417,0.24918915900228655,0.2547027110515751,0.053333657873741676,2.342610358322425,settle,btc,0.07397322828062054,0.2219537402322735,0.1047795553560191,0.01857556537291418,0.0,0.0,-0.0009950525542607826,-0.16909787768527995
test,2026-06-01T17:35:01+08:00,btc-updown-5m-1780306500,buy_down,4.0,0.41,0.405,0.5622500869037113,0.24481216311818826,0.2502989727612655,0.14225008690371127,3.4147073297752897,settle,btc,-0.11754266615662104,0.4008973841933515,0.09444806489519418,0.037102310425804384,0.0,0.0,-0.0009950525542607826,-0.16909787768527995
test,2026-06-01T17:45:00+08:00,btc-updown-5m-1780307100,buy_up,64.0,0.54,0.535,0.5875622686321661,0.34778106424785094,0.3538969894427957,0.03756226863216606,2.0399932582192024,settle,btc,0.1581213192435915,0.33018365886750856,0.05424036688462518,-0.024671350508333596,0.0,0.0,-0.0009950525542607826,-0.16909787768527995
test,2026-06-01T17:50:01+08:00,btc-updown-5m-1780307400,buy_down,13.0,0.51,0.505,0.6278968369231045,0.5160606709722779,0.5232047446323518,0.10789683692310449,2.323192322301398,settle,btc,0.0949807529284627,0.40672481631545554,0.1978476223626958,-0.013399590394795371,0.0,0.0,-0.0009950525542607826,-0.16909787768527995
test,2026-06-01T17:55:01+08:00,btc-updown-5m-1780307700,buy_down,141.0,0.35,0.345,0.3816241970039935,-0.48369581994000915,-0.48266002120190826,0.021624197003993546,-2.131491290188054,settle,market_prior,-0.25220506532001336,-0.0060360571190138275,-0.09885406680065253,0.0434922995392112,0.0,0.0,-0.0009950525542607826,-0.16909787768527995
test,2026-06-01T18:00:01+08:00,btc-updown-5m-1780308000,buy_down,12.0,0.37,0.365,0.4747352148818504,-0.10449788991140176,-0.10114528180270685,0.0947352148818504,4.139436455986888,settle,btc,-0.20632449435712288,0.24110139093368288,-0.004479176092149363,0.03529731984372831,0.0,0.0,-0.0009950525542607826,-0.16909787768527995
test,2026-06-01T18:05:00+08:00,btc-updown-5m-1780308300,buy_up,4.0,0.59,0.585,0.6769959788773864,0.7315399598507378,0.7400005608336399,0.07699597887738642,1.7028496388652465,settle,btc,0.264785563193208,0.47567317029395517,0.18866537696741592,-0.02749122036430056,0.0,0.0,-0.0009950525542607826,-0.16909787768527995
test,2026-06-01T18:10:01+08:00,btc-updown-5m-1780308600,buy_up,148.0,0.27,0.265,0.3229129596650329,-0.7398875482359518,-0.74041702016465,0.0429129596650329,-2.622388443852479,settle,market_prior,-0.45127090848744356,-0.018585291610798405,-0.146691245297268,0.046752827399098966,0.0,0.0,-0.0009950525542607826,-0.16909787768527995
test,2026-06-01T18:15:01+08:00,btc-updown-5m-1780308900,buy_up,17.0,0.46,0.455,0.49511627863750135,-0.02338370325519227,-0.019535506714041938,0.02511627863750133,-2.556910173391069,settle,btc,-0.010310199668486515,0.14721115212285965,-0.032715482676930224,0.04252375720690559,0.0,0.0,-0.0009950525542607826,-0.16909787768527995
test,2026-06-01T18:20:00+08:00,btc-updown-5m-1780309200,buy_up,149.0,0.32,0.315,0.3584575427325447,-0.582497288722798,-0.5820651435138373,0.0284575427325447,-2.5543430627781567,settle,market_prior,-0.3234998014092145,0.050195025123302386,-0.1620167461801042,0.022917163982758948,0.0,0.0,-0.0009950525542607826,-0.16909787768527995
test,2026-06-01T18:25:02+08:00,btc-updown-5m-1780309500,buy_down,5.0,0.47,0.465,0.5634537019562618,0.24967421670654932,0.255190732343309,0.0834537019562618,-2.503552643657539,settle,btc,0.010832661965491977,0.26846415911732235,0.15475121788301816,-0.014280892019742485,0.0,0.0,-0.0009950525542607826,-0.16909787768527995
test,2026-06-01T18:30:01+08:00,btc-updown-5m-1780309800,buy_up,4.0,0.58,0.575,0.6169525691686352,0.4697720645790315,0.4766333258381106,0.026952569168635206,-2.468193559624272,settle,btc,0.24322602031374418,0.25860000267943034,0.0950776713948509,0.04296130043054673,0.0,0.0,-0.0009950525542607826,-0.16909787768527995
test,2026-06-01T18:35:01+08:00,btc-updown-5m-1780310100,buy_up,184.0,0.26,0.255,0.290841038222342,-0.8898570992014151,-0.891302849499445,0.020841038222341964,4.747794370426545,settle,market_prior,-0.47856927676422595,-0.07944107975604811,-0.19840105394745927,0.036647241505859074,0.0,0.0,-0.0009950525542607826,-0.16909787768527995
test,2026-06-01T18:40:01+08:00,btc-updown-5m-1780310400,buy_up,8.0,0.68,0.675,0.773823042659954,1.2185891743176,1.2300255304264125,0.08382304265995401,1.1165268990613195,settle,btc,0.468317628911679,0.6324738288330922,0.27645401789083396,0.011436628921535456,0.0,0.0,-0.0009950525542607826,-0.16909787768527995
test,2026-06-01T18:45:00+08:00,btc-updown-5m-1780310700,buy_up,4.0,0.58,0.575,0.6530962154734218,0.6248681372432568,0.6326769987027476,0.06309621547342183,1.7391924646663122,settle,btc,0.24322602031374418,0.3361966507011722,0.1816862873209361,0.0338521091469451,0.0,0.0,-0.0009950525542607826,-0.16909787768527995
test,2026-06-01T18:50:02+08:00,btc-updown-5m-1780311000,buy_up,5.0,0.52,0.515,0.554434631366427,0.21331060264416563,0.21860494522791832,0.02443463136642699,2.239471340278839,settle,btc,0.11599668535097349,0.1782075769346475,0.08450075408852491,0.004698516509560456,0.0,0.0,-0.0009950525542607826,-0.16909787768527995
test,2026-06-01T18:55:00+08:00,btc-updown-5m-1780311300,buy_down,4.0,0.5,0.495,0.5502037970398622,0.1963037172449633,0.20149415179458058,0.04020379703986222,2.4501055319136618,settle,btc,0.07397322828062054,0.2038828800753986,0.06511798501400771,0.023422554114477207,0.0,0.0,-0.0009950525542607826,-0.16909787768527995
test,2026-06-01T19:00:02+08:00,btc-updown-5m-1780311600,buy_down,9.0,0.45,0.445,0.6148093016488635,0.46076736437516835,0.46757360905277473,0.15480930164886347,3.029530489134386,settle,btc,-0.031529957552086714,0.451199289959162,0.21438675254953551,-0.0031957903419016034,0.0,0.0,-0.0009950525542607826,-0.16909787768527995
test,2026-06-01T19:05:01+08:00,btc-updown-5m-1780311900,buy_up,64.0,0.36,0.355,0.39057985430199593,-0.446140734827731,-0.4448754834312387,0.020579854301995944,3.5943053821512674,settle,market_prior,-0.2291194626958779,0.0003201844649175266,-0.10229661139677085,0.055048085039540964,0.0,0.0,-0.0009950525542607826,-0.16909787768527995
test,2026-06-01T19:10:02+08:00,btc-updown-5m-1780312200,buy_down,5.0,0.41,0.405,0.6780668313143635,0.7364115159708301,0.7449018810056286,0.25806683131436353,3.6651007751262044,settle,btc,-0.11754266615662104,0.7557266168797542,0.23144315860326006,0.03687733688397778,0.0,0.0,-0.0009950525542607826,-0.16909787768527995
test,2026-06-01T19:15:01+08:00,btc-updown-5m-1780312500,buy_down,145.0,0.31,0.305,0.3479699748505398,-0.6281277686266242,-0.6279744148219782,0.02796997485053982,-2.712256110874261,settle,market_prior,-0.3480535595599974,-0.01108605989884823,-0.12472149896792116,0.025826280039683416,0.0,0.0,-0.0009950525542607826,-0.16909787768527995
test,2026-06-01T19:20:01+08:00,btc-updown-5m-1780312800,buy_down,4.0,0.39,0.385,0.5079581981390162,0.02767532595599938,0.03183548104956321,0.1079581981390162,4.000577763539534,settle,btc,-0.16150185936908718,0.2693324546311932,0.08492701775366225,0.005010643179771886,0.0,0.0,-0.0009950525542607826,-0.16909787768527995
test,2026-06-01T19:25:01+08:00,btc-updown-5m-1780313100,buy_down,8.0,0.43,0.425,0.5078489554314202,0.027240900150968538,0.03139840100595083,0.06784895543142018,3.4386361428004935,settle,btc,-0.07427203910466089,0.21627154604123577,0.020280902567781374,0.035053420886153035,0.0,0.0,-0.0009950525542607826,-0.16909787768527995
test,2026-06-01T19:30:06+08:00,btc-updown-5m-1780313400,buy_down,5.0,0.49,0.485,0.6259822193857567,0.5079242669634979,0.5150186291258084,0.1259822193857567,2.729354780983773,settle,btc,0.052957295858109765,0.40517773384159994,0.17946643600381296,0.04041573149951614,0.0,0.0,-0.0009950525542607826,-0.16909787768527995
test,2026-06-01T19:35:01+08:00,btc-updown-5m-1780313700,buy_up,9.0,0.63,0.625,0.6985823648040347,0.8314850512387645,0.8405562930135484,0.05858236480403468,1.5440349903851058,settle,btc,0.35274759476482526,0.3978844754441532,0.21743856024073266,0.03350735102859435,0.0,0.0,-0.0009950525542607826,-0.16909787768527995
test,2026-06-01T19:40:02+08:00,btc-updown-5m-1780314000,buy_up,5.0,0.61,0.605,0.6589942899431398,0.6508480549653252,0.6588156475571858,0.03899428994313981,1.692869838638621,settle,btc,0.30837964259372136,0.3684222549903209,0.11977760319895119,0.024361484421872588,0.0,0.0,-0.0009950525542607826,-0.16909787768527995
test,2026-06-01T19:45:01+08:00,btc-updown-5m-1780314300,buy_up,13.0,0.66,0.655,0.724395261663538,0.9565341907996076,0.9663694531435371,0.054395261663537926,1.367215140732086,settle,btc,0.42115904652909675,0.4626673692905482,0.20225912467389018,0.04054158054561321,0.0,0.0,-0.0009950525542607826,-0.16909787768527995
test,2026-06-01T19:50:01+08:00,btc-updown-5m-1780314600,buy_down,5.0,0.58,0.575,0.6303854323128923,0.5266618316709729,0.5338706759073103,0.040385432312892384,1.942624133581573,settle,btc,0.24322602031374418,0.29333864413539457,0.1790682364746022,-0.01887813901322722,0.0,0.0,-0.0009950525542607826,-0.16909787768527995
test,2026-06-01T20:00:01+08:00,btc-updown-5m-1780315200,buy_down,9.0,0.27,0.265,0.39445313174333385,-0.429995529958319,-0.42863163519125563,0.11445313174333384,7.380076464552822,settle,market_prior,-0.45127090848744356,0.2244672618063925,-0.012374538995347746,-0.020724414042379548,0.0,0.0,-0.0009950525542607826,-0.16909787768527995
test,2026-06-01T20:05:00+08:00,btc-updown-5m-1780315500,buy_down,4.0,0.51,0.495,0.5567528365225489,0.2226424971070008,0.22799385535150685,0.03675283652254891,2.674192413037964,settle,btc,0.07397322828062054,0.27268711524601247,0.053866565795624294,-0.007791481975715742,0.0,0.0,-0.0009950525542607826,-0.16909787768527995
test,2026-06-01T20:10:02+08:00,btc-updown-5m-1780315800,buy_down,4.0,0.41,0.405,0.7272503755232784,0.9707941783435484,0.9807165658275436,0.30725037552327844,4.0572716842201615,settle,btc,-0.11754266615662104,0.9168381855707763,0.346001646248417,-0.004410057079483147,0.0,0.0,-0.0009950525542607826,-0.16909787768527995
test,2026-06-01T20:15:00+08:00,btc-updown-5m-1780316100,buy_up,4.0,0.6,0.595,0.6508923330600509,0.6152139887368031,0.6229638656398034,0.04089233306005092,1.890618651886522,settle,btc,0.28649664736570424,0.3588629007827168,0.11663379286782581,0.023313577960096903,0.0,0.0,-0.0009950525542607826,-0.16909787768527995
test,2026-06-01T20:20:00+08:00,btc-updown-5m-1780316400,buy_up,4.0,0.52,0.515,0.8630903859288664,1.826050661723321,1.8411984633724359,0.3330903859288664,2.6460550484265637,settle,btc,0.11599668535097349,1.289571040438756,0.5901166701023497,0.00045919607078283227,0.0,0.0,-0.0009950525542607826,-0.16909787768527995
test,2026-06-01T20:25:01+08:00,btc-updown-5m-1780316700,buy_up,30.0,0.57,0.565,0.6003724721294218,0.4005788096327568,0.40701731652334733,0.020372472129421844,2.176639549242089,settle,btc,0.2217984440449403,0.23280145504823127,0.0961784945383731,0.01989334624075286,0.0,0.0,-0.0009950525542607826,-0.16909787768527995
test,2026-06-01T20:30:02+08:00,btc-updown-5m-1780317000,buy_down,9.0,0.51,0.505,0.5650023664654741,0.25593456377695667,0.26148932864876573,0.04500236646547407,2.800731493949148,settle,btc,0.0949807529284627,0.2496287342952598,0.07763471134271432,0.003783295450060538,0.0,0.0,-0.0009950525542607826,-0.16909787768527995
test,2026-06-01T20:35:00+08:00,btc-updown-5m-1780317300,buy_up,4.0,0.49,0.485,0.7365361445258686,1.0178323435609107,1.0280421230724492,0.23653614452586857,3.065086252306594,settle,btc,0.052957295858109765,0.8049964125841671,0.3283862983657494,0.0015852669924249208,0.0,0.0,-0.0009950525542607826,-0.16909787768527995
test,2026-06-01T20:40:00+08:00,btc-updown-5m-1780317600,buy_down,4.0,0.49,0.485,0.6423552275104679,0.5780782400832752,0.5856012263741405,0.14235522751046792,3.096362642636253,settle,btc,0.052957295858109765,0.4741759223123807,0.20634934359882942,0.014688608553496305,0.0,0.0,-0.0009950525542607826,-0.16909787768527995
test,2026-06-01T20:45:02+08:00,btc-updown-5m-1780317900,buy_down,5.0,0.46,0.455,0.7232798781667857,0.9509882709887963,0.9607896490787025,0.2532798781667857,3.531872779546178,settle,btc,-0.010310199668486515,0.7764253399544008,0.3120630007516769,0.042903060190745634,0.0,0.0,-0.0009950525542607826,-0.16909787768527995
test,2026-06-01T20:50:00+08:00,btc-updown-5m-1780318200,buy_up,12.0,0.51,0.505,0.5927123931077006,0.3689444628924048,0.37518969143109304,0.07271239310770063,-3.161516131142712,settle,btc,0.0949807529284627,0.3116518835865395,0.12106963480487822,0.011335121812065085,0.0,0.0,-0.0009950525542607826,-0.16909787768527995
test,2026-06-01T20:55:00+08:00,btc-updown-5m-1780318500,buy_up,4.0,0.6,0.595,0.712690340736759,0.8990026766692713,0.9084864351138214,0.10269034073675899,1.9949166787510515,settle,btc,0.28649664736570424,0.5043966262702633,0.25394774250127783,0.024254590771566522,0.0,0.0,-0.0009950525542607826,-0.16909787768527995
test,2026-06-01T21:00:02+08:00,btc-updown-5m-1780318800,buy_down,9.0,0.55,0.545,0.6676754410348212,0.6894864461239126,0.6976901101170443,0.1076754410348212,2.4712413995851477,settle,btc,0.17926418087756993,0.39693025262588655,0.2947006241983774,-0.011315681338380412,0.0,0.0,-0.0009950525542607826,-0.16909787768527995
test,2026-06-01T21:05:01+08:00,btc-updown-5m-1780319100,buy_down,9.0,0.53,0.525,0.5628795342856241,0.24735446928345828,0.25285681181392805,0.022879534285624066,2.702512292829343,settle,btc,0.1370378815316424,0.16707410071784345,0.08753575862920561,0.02579965864430759,0.0,0.0,-0.0009950525542607826,-0.16909787768527995
test,2026-06-01T21:10:02+08:00,btc-updown-5m-1780319400,buy_down,4.0,0.6,0.595,0.8598939016298078,1.7994239118225264,1.8144090303481495,0.24989390162980785,2.0415130361636273,settle,btc,0.28649664736570424,1.183294756465604,0.5229108538918411,-0.023185415661082356,0.0,0.0,-0.0009950525542607826,-0.16909787768527995
test,2026-06-01T21:15:01+08:00,btc-updown-5m-1780319700,buy_up,4.0,0.6,0.585,0.8005647301198631,1.3774208891550475,1.3898276693514997,0.19056473011986308,2.054782870898691,settle,btc,0.264785563193208,0.9250000055030864,0.3579770438669273,-0.0002487931686334813,0.0,0.0,-0.0009950525542607826,-0.16909787768527995
test,2026-06-01T21:20:00+08:00,btc-updown-5m-1780320000,buy_down,8.0,0.49,0.485,0.5291422024018698,0.11202556182660216,0.11670107684542214,0.029142202401869828,3.2466859647716366,settle,btc,0.052957295858109765,0.1686505005080508,0.06412975641244281,-0.003619060712460497,0.0,0.0,-0.0009950525542607826,-0.16909787768527995
test,2026-06-01T21:25:01+08:00,btc-updown-5m-1780320300,buy_down,4.0,0.57,0.565,0.6534066627370724,0.6262303578710168,0.6340475421752947,0.07340666273707243,-3.2706089139857437,settle,btc,0.2217984440449403,0.4559732712202601,0.11826010519844433,0.0002914676469128412,0.0,0.0,-0.0009950525542607826,-0.16909787768527995
test,2026-06-01T21:30:01+08:00,btc-updown-5m-1780320600,buy_down,8.0,0.51,0.475,0.6928666570359632,0.804648295828498,0.8135555713959607,0.17286665703596316,-3.2438956241406127,settle,btc,0.03191609967744088,0.5354129010270423,0.40214582357454,0.00526640178901547,0.0,0.0,-0.0009950525542607826,-0.16909787768527995
test,2026-06-01T21:35:01+08:00,btc-updown-5m-1780320900,buy_down,12.0,0.49,0.485,0.5208059703629521,0.07879945556281696,0.08327196695676356,0.02080597036295207,3.213340877288424,settle,btc,0.052957295858109765,0.13807289847715065,0.06875128970627514,-0.010889098239177875,0.0,0.0,-0.0009950525542607826,-0.16909787768527995
test,2026-06-01T21:40:02+08:00,btc-updown-5m-1780321200,buy_down,13.0,0.54,0.535,0.6899526199951427,0.7910734674467517,0.7998978040340446,0.13995261999514264,2.6510062237629497,settle,btc,0.1581213192435915,0.5487068362405702,0.23791032836248552,0.016427913839645297,0.0,0.0,-0.0009950525542607826,-0.16909787768527995
test,2026-06-01T21:45:02+08:00,btc-updown-5m-1780321500,buy_up,5.0,0.65,0.645,0.8259342849468618,1.5436598507429893,1.5570823115470223,0.1659342849468618,1.6778830160862732,settle,btc,0.39807344390496124,0.9639862552360233,0.34750299988313843,0.004190081958407056,0.0,0.0,-0.0009950525542607826,-0.16909787768527995
test,2026-06-01T21:50:01+08:00,btc-updown-5m-1780321800,buy_up,8.0,0.6,0.595,0.6935854209958248,0.8080075875364731,0.8169353875791274,0.08358542099582479,-3.278237966929267,settle,btc,0.28649664736570424,0.5238197801236464,0.1881554130922895,-0.020371322805626313,0.0,0.0,-0.0009950525542607826,-0.16909787768527995
test,2026-06-01T21:55:01+08:00,btc-updown-5m-1780322100,buy_down,4.0,0.51,0.505,0.8264415596280632,1.5471709191218355,1.560614831720503,0.3064415596280632,-3.2542966083279703,settle,btc,0.0949807529284627,1.0807154283926583,0.5168713692490311,0.024696298791223915,0.0,0.0,-0.0009950525542607826,-0.16909787768527995
test,2026-06-01T22:00:02+08:00,btc-updown-5m-1780322400,buy_up,4.0,0.52,0.515,0.8495530972065449,1.7166210141784757,1.731100226648231,0.3195530972065449,2.855404571395935,settle,btc,0.11599668535097349,1.2462922895235886,0.5168070064978649,0.007617963045589323,0.0,0.0,-0.0009950525542607826,-0.16909787768527995
test,2026-06-01T22:05:01+08:00,btc-updown-5m-1780322700,buy_down,4.0,0.51,0.505,0.9085136260190408,2.2777124948700496,2.2956198431424677,0.3885136260190408,3.000211822000395,settle,btc,0.0949807529284627,1.5558250155129258,0.7685385576717245,0.028461098996477325,0.0,0.0,-0.0009950525542607826,-0.16909787768527995
test,2026-06-01T22:10:01+08:00,btc-updown-5m-1780323000,buy_down,4.0,0.53,0.525,0.8507701280987578,1.7261168609564312,1.74065409079668,0.3107701280987578,2.7927443441205555,settle,btc,0.1370378815316424,1.185246327321398,0.55241871598081,0.021506866362121495,0.0,0.0,-0.0009950525542607826,-0.16909787768527995
test,2026-06-01T22:15:01+08:00,btc-updown-5m-1780323300,buy_up,4.0,0.41,0.405,0.5211235201354457,0.08006416467068887,0.08454440313717507,0.10112352013544575,-3.3248169304033763,settle,btc,-0.11754266615662104,0.3444447787752095,0.03277977803671249,-0.00952479574507136,0.0,0.0,-0.0009950525542607826,-0.16909787768527995
test,2026-06-01T22:20:01+08:00,btc-updown-5m-1780323600,buy_down,42.0,0.48,0.475,0.5291125668388431,0.11190733823555261,0.1165821309362852,0.03911256683884313,-3.279331587674941,settle,btc,0.03191609967744088,0.1632717121327139,0.04159172200941111,0.04522073465552747,0.0,0.0,-0.0009950525542607826,-0.16909787768527995
test,2026-06-01T22:25:00+08:00,btc-updown-5m-1780323900,buy_down,4.0,0.56,0.555,0.7085509213745159,0.8789951085454898,0.8883566254965052,0.13855092137451586,2.441488659041095,settle,btc,0.20048393876117018,0.5703804237209895,0.28041879613059195,-0.002195119827721185,0.0,0.0,-0.0009950525542607826,-0.16909787768527995
test,2026-06-01T22:30:00+08:00,btc-updown-5m-1780324200,buy_down,8.0,0.44,0.435,0.4720703407291341,-0.11512274506791241,-0.11183505230299576,0.022070340729134115,3.9460932028006788,settle,btc,-0.052844462835857135,0.09671679170462444,0.02039198856624703,-0.009294132263386027,0.0,0.0,-0.0009950525542607826,-0.16909787768527995
test,2026-06-01T22:35:02+08:00,btc-updown-5m-1780324500,buy_up,5.0,0.56,0.55,0.6404821363394987,0.5699838331621331,0.5774573645474748,0.07048213633949864,2.4905361626230946,settle,btc,0.1898633420408921,0.37056982336522737,0.16280890768127224,0.016834690314282138,0.0,0.0,-0.0009950525542607826,-0.16909787768527995
test,2026-06-01T22:40:01+08:00,btc-updown-5m-1780324800,buy_up,5.0,0.59,0.585,0.6646425775750893,0.6759316756020545,0.6840525231637806,0.0646425775750893,2.21586055430542,settle,btc,0.264785563193208,0.4246158177070989,0.17103278093507235,-0.01440955599378395,0.0,0.0,-0.0009950525542607826,-0.16909787768527995
test,2026-06-01T22:45:00+08:00,btc-updown-5m-1780325100,buy_up,4.0,0.53,0.525,0.5744527091814923,0.2942528135374494,0.3000416938225551,0.03445270918149224,2.8559515936717585,settle,btc,0.1370378815316424,0.24233415249912826,0.09596549513302659,-0.01099178538680708,0.0,0.0,-0.0009950525542607826,-0.16909787768527995
test,2026-06-01T22:50:01+08:00,btc-updown-5m-1780325400,buy_down,111.0,0.41,0.4,0.44016462665007966,-0.24300034689880734,-0.24049395593632553,0.020164626650079683,4.01184628186643,settle,market_prior,-0.12846136733484298,0.08075111337329623,-0.04364451533875882,0.018447352641038955,0.0,0.0,-0.0009950525542607826,-0.16909787768527995
test,2026-06-01T22:55:00+08:00,btc-updown-5m-1780325700,buy_down,12.0,0.51,0.505,0.5455217518562879,0.1775169739497766,0.1825926259558659,0.025521751856287918,-3.4250981744851847,settle,btc,0.0949807529284627,0.1482683409739442,0.079961391262024,0.024399419024886453,0.0,0.0,-0.0009950525542607826,-0.16909787768527995
test,2026-06-01T23:00:01+08:00,btc-updown-5m-1780326000,buy_up,4.0,0.56,0.555,0.6359990069972021,0.5506847875548119,0.5580404063510653,0.06599900699720208,2.553109581546881,settle,btc,0.20048393876117018,0.3933222638091679,0.1282362993313232,-0.0012647841073086445,0.0,0.0,-0.0009950525542607826,-0.16909787768527995
test,2026-06-01T23:05:01+08:00,btc-updown-5m-1780326300,buy_up,16.0,0.36,0.355,0.39610953552524847,-0.42310802917583845,-0.4217020534133656,0.02610953552524848,-3.4435807664131466,settle,market_prior,-0.2291194626958779,0.035339038892966704,-0.07929330178739871,0.020058626654012264,0.0,0.0,-0.0009950525542607826,-0.16909787768527995
test,2026-06-01T23:10:02+08:00,btc-updown-5m-1780326600,buy_down,4.0,0.43,0.425,0.6916191918043936,0.7988283765262563,0.8077000937678217,0.25161919180439357,4.318609573607055,settle,btc,-0.07427203910466089,0.7847632139604828,0.2642380597833557,-0.0058079278733804245,0.0,0.0,-0.0009950525542607826,-0.16909787768527995
test,2026-06-01T23:20:01+08:00,btc-updown-5m-1780327200,buy_up,4.0,0.48,0.475,0.5773835942637163,0.3061801746872711,0.31204192831869565,0.08738359426371635,-3.4292459145423506,settle,btc,0.03191609967744088,0.3536158830299293,0.07780942974917451,0.012931692470267164,0.0,0.0,-0.0009950525542607826,-0.16909787768527995
test,2026-06-01T23:25:01+08:00,btc-updown-5m-1780327500,buy_down,4.0,0.41,0.405,0.4753440273998549,-0.10207138092326426,-0.09870394742045097,0.055344027399854896,4.703614463511505,settle,btc,-0.11754266615662104,0.1486649930226685,0.044763641864640144,-0.007864419414411137,0.0,0.0,-0.0009950525542607826,-0.16909787768527995
test,2026-06-01T23:30:01+08:00,btc-updown-5m-1780327800,buy_up,4.0,0.56,0.555,0.9407800887882669,2.744691112600322,2.7654515894152483,0.37078008878826685,2.589218116961439,settle,btc,0.20048393876117018,1.8892598219142598,0.7789538920240433,0.046086390140389386,0.0,0.0,-0.0009950525542607826,-0.16909787768527995
test,2026-06-01T23:35:02+08:00,btc-updown-5m-1780328100,buy_up,4.0,0.38,0.375,0.5862687707731634,0.3424782531125158,0.3485617793897557,0.1962687707731634,-3.487315517298181,settle,btc,-0.18379361355574203,0.5780877166237031,0.1338378953578067,-0.015560815073711294,0.0,0.0,-0.0009950525542607826,-0.16909787768527995
test,2026-06-01T23:40:02+08:00,btc-updown-5m-1780328400,buy_down,4.0,0.49,0.485,0.5625327439569876,0.24595370003417938,0.25144748419693197,0.06253274395698762,3.431657158701847,settle,btc,0.052957295858109765,0.2584926968083531,0.1027720384651967,0.0018245991420605802,0.0,0.0,-0.0009950525542607826,-0.16909787768527995
test,2026-06-01T23:50:01+08:00,btc-updown-5m-1780329000,buy_down,4.0,0.47,0.465,0.5250087724511628,0.09554382084448847,0.10011863633694715,0.045008772451162866,3.7587597985100243,settle,btc,0.010832661965491977,0.15609210413547786,0.07951788874178115,0.019194096241278175,0.0,0.0,-0.0009950525542607826,-0.16909787768527995
test,2026-06-01T23:55:00+08:00,btc-updown-5m-1780329300,buy_up,4.0,0.51,0.505,0.5637509513676912,0.2508754308865704,0.25639928565692754,0.043750951367691145,3.2328735859764035,settle,btc,0.0949807529284627,0.25119604976514676,0.08620153853190009,-0.011409980099398458,0.0,0.0,-0.0009950525542607826,-0.16909787768527995
test,2026-06-02T00:00:00+08:00,btc-updown-5m-1780329600,buy_up,29.0,0.65,0.645,0.6998442660244976,0.8374487017046531,0.8465563799686375,0.03984426602449754,1.8136420817327623,settle,btc,0.39807344390496124,0.4125776996632876,0.1631830320265507,0.03370745634939436,0.0,0.0,-0.0009950525542607826,-0.16909787768527995
test,2026-06-02T00:10:02+08:00,btc-updown-5m-1780330200,buy_down,4.0,0.37,0.365,0.6750990470941185,0.7229310384363191,0.7313390409522355,0.2950990470941185,5.84038884297771,settle,btc,-0.20632449435712288,0.8453507745873681,0.26906836101644316,-0.015070672570828482,0.0,0.0,-0.0009950525542607826,-0.16909787768527995
test,2026-06-02T00:15:01+08:00,btc-updown-5m-1780330500,buy_down,36.0,0.5,0.495,0.5323829703954669,0.1249589166705153,0.12971345141840745,0.02238297039546689,-3.6146731748109335,settle,btc,0.07397322828062054,0.14901121857673072,0.04999563034524787,0.022071769707456914,0.0,0.0,-0.0009950525542607826,-0.16909787768527995
test,2026-06-02T00:20:01+08:00,btc-updown-5m-1780330800,buy_up,8.0,0.49,0.485,0.5214690975688063,0.0814405771547006,0.08592922517484791,0.021469097568806335,3.5792352025088654,settle,btc,0.052957295858109765,0.18044311361621956,0.034308991821852534,-0.016175893901940522,0.0,0.0,-0.0009950525542607826,-0.16909787768527995
test,2026-06-02T00:30:01+08:00,btc-updown-5m-1780331400,buy_down,24.0,0.55,0.545,0.5898533319183512,0.3571857079333682,0.36335909326955385,0.029853331918351163,-3.6078690841289363,settle,btc,0.17926418087756993,0.21397425115616683,0.09531782962550402,0.0387223765136681,0.0,0.0,-0.0009950525542607826,-0.16909787768527995
test,2026-06-02T00:35:00+08:00,btc-updown-5m-1780331700,buy_down,4.0,0.57,0.565,0.8101026625924225,1.4379010870265008,1.4506773868802818,0.2301026625924225,-3.568896864197619,settle,btc,0.2217984440449403,0.981418131333629,0.3720515129060513,0.03272592898142098,0.0,0.0,-0.0009950525542607826,-0.16909787768527995
test,2026-06-02T00:40:01+08:00,btc-updown-5m-1780332000,buy_up,4.0,0.45,0.445,0.7218864664018801,0.9440792873793159,0.9538384532188373,0.2618864664018801,4.166010229200614,settle,btc,-0.031529957552086714,0.8073390783778127,0.3102881344988024,0.028074962294328303,0.0,0.0,-0.0009950525542607826,-0.16909787768527995
test,2026-06-02T00:45:01+08:00,btc-updown-5m-1780332300,buy_up,4.0,0.54,0.535,0.6434219718928239,0.5826964727118312,0.5902476753081721,0.09342197189282388,2.9277794110770974,settle,btc,0.1581213192435915,0.3562991324639483,0.2137519400965685,0.024617011147263647,0.0,0.0,-0.0009950525542607826,-0.16909787768527995
test,2026-06-02T00:50:00+08:00,btc-updown-5m-1780332600,buy_down,41.0,0.57,0.565,0.6068965699799984,0.4276815251138497,0.4342856231646831,0.02689656997999846,-3.6047641941998374,settle,btc,0.2217984440449403,0.27104352801715026,0.11024886263511348,-0.005316379343813643,0.0,0.0,-0.0009950525542607826,-0.16909787768527995
test,2026-06-02T00:55:02+08:00,btc-updown-5m-1780332900,buy_up,12.0,0.53,0.525,0.5690024717269153,0.272128715582315,0.2777824228788589,0.029002471726915287,3.0434341602116852,settle,interactions,0.1370378815316424,0.11495778944411164,0.16632672778444127,0.023899247061660404,0.0,0.0,-0.0009950525542607826,-0.16909787768527995
test,2026-06-02T01:00:01+08:00,btc-updown-5m-1780333200,buy_down,4.0,0.55,0.545,0.6503984036994677,0.613054212861079,0.6207908940459832,0.09039840369946762,-3.6013088741009236,settle,btc,0.17926418087756993,0.42672818567250104,0.16830541254773962,0.008849364002809107,0.0,0.0,-0.0009950525542607826,-0.16909787768527995
test,2026-06-02T01:10:01+08:00,btc-updown-5m-1780333800,buy_up,4.0,0.49,0.485,0.5808019053312401,0.32011923819630705,0.32606615619809776,0.08080190533124011,3.572435406451426,settle,btc,0.052957295858109765,0.28683268476674434,0.15307871595290212,-0.002656528141908423,0.0,0.0,-0.0009950525542607826,-0.16909787768527995
test,2026-06-02T01:15:01+08:00,btc-updown-5m-1780334100,buy_down,25.0,0.22,0.215,0.2513834067699895,-1.0885877229795407,-1.091247670231015,0.02138340676998949,8.483790343393407,settle,market_prior,-0.5956429435082472,-0.17912282335828061,-0.17996442307870172,0.03623539720522954,0.0,0.0,-0.0009950525542607826,-0.16909787768527995
test,2026-06-02T01:20:01+08:00,btc-updown-5m-1780334400,buy_down,225.0,0.18,0.175,0.21687624492580307,-1.280133597888526,-1.2839638449827613,0.026876244925803074,-3.1323494210723593,settle,market_prior,-0.7298511974964466,-0.16158097625063578,-0.17091853683765987,-0.04768995706424287,0.0,0.0,-0.0009950525542607826,-0.16909787768527995
test,2026-06-02T01:25:00+08:00,btc-updown-5m-1780334700,buy_up,9.0,0.41,0.405,0.463570229271436,-0.14905811357710153,-0.1459777578610731,0.04357022927143601,5.078855531058222,settle,btc,-0.11754266615662104,0.15511341413035876,-0.003988812472920783,-0.012547118838377702,0.0,0.0,-0.0009950525542607826,-0.16909787768527995
test,2026-06-02T01:30:00+08:00,btc-updown-5m-1780335000,buy_down,4.0,0.58,0.575,0.6232193762915346,0.4962126605562598,0.503235467582531,0.033219376291534604,2.573820253340498,settle,market_prior,0.24322602031374418,0.21449733536101848,0.20671106858316046,0.0018711665378774902,0.0,0.0,-0.0009950525542607826,-0.16909787768527995
test,2026-06-02T01:35:01+08:00,btc-updown-5m-1780335300,buy_up,4.0,0.56,0.555,0.7077626647647762,0.8752041988110193,0.8845425542031221,0.13776266476477617,2.815541882795119,settle,btc,0.20048393876117018,0.603024621278216,0.259310095428432,-0.017521526417257915,0.0,0.0,-0.0009950525542607826,-0.16909787768527995
test,2026-06-02T01:40:01+08:00,btc-updown-5m-1780335600,buy_down,32.0,0.41,0.405,0.44282220277633977,-0.23228789421918894,-0.22971605271284917,0.02282220277633979,-3.660282262453738,settle,market_prior,-0.11754266615662104,0.014068377102449996,0.01815442804896128,0.02312489702556157,0.0,0.0,-0.0009950525542607826,-0.16909787768527995
test,2026-06-02T01:45:01+08:00,btc-updown-5m-1780335900,buy_up,116.0,0.56,0.555,0.5972737867032455,0.3877584751723997,0.3941186528616423,0.027273786703245435,2.8090554834513117,settle,btc,0.20048393876117018,0.24138949765771067,0.12036904234817175,-0.00439107335511215,0.0,0.0,-0.0009950525542607826,-0.16909787768527995
test,2026-06-02T01:50:01+08:00,btc-updown-5m-1780336200,buy_down,65.0,0.29,0.285,0.3239919491723778,-0.7349867887788162,-0.7354863182301584,0.023991949172377798,7.517079559336283,settle,market_prior,-0.39857145011641004,-0.04278518922460359,-0.1477610683399815,0.024223849141719756,0.0,0.0,-0.0009950525542607826,-0.16909787768527995
test,2026-06-02T01:55:02+08:00,btc-updown-5m-1780336500,buy_up,218.0,0.17,0.165,0.20433722455925032,-1.3551153884873042,-1.3594037565292727,0.02433722455925031,-2.9196127721704017,settle,market_prior,-0.7670799320358461,-0.16304292461583847,-0.20649922398755627,-0.04840037760852257,0.0,0.0,-0.0009950525542607826,-0.16909787768527995
test,2026-06-02T02:00:01+08:00,btc-updown-5m-1780336800,buy_up,4.0,0.47,0.465,0.5415760144439505,0.16170987123762307,0.16668894559709205,0.06157601444395056,-3.811782166839518,settle,btc,0.010832661965491977,0.28091462750522134,0.05265420240945629,-0.012598690403005833,0.0,0.0,-0.0009950525542607826,-0.16909787768527995
test,2026-06-02T02:05:02+08:00,btc-updown-5m-1780337100,buy_up,170.0,0.19,0.185,0.2238153932067429,-1.239983870856177,-1.2435688126455855,0.023815393206742898,-2.858351824089673,settle,market_prior,-0.6942629458947523,-0.14312308187139913,-0.1872451579710903,-0.045259754879394695,0.0,0.0,-0.0009950525542607826,-0.16909787768527995
test,2026-06-02T02:15:02+08:00,btc-updown-5m-1780337700,buy_down,5.0,0.47,0.465,0.5767976408440862,0.30379386693535615,0.30964104079267607,0.09679764084408628,4.055633453609127,settle,btc,0.010832661965491977,0.3298979234231775,0.13495455281503155,-0.0017983410288042046,0.0,0.0,-0.0009950525542607826,-0.16909787768527995
test,2026-06-02T02:20:02+08:00,btc-updown-5m-1780338000,buy_up,4.0,0.47,0.465,0.5848104645478998,0.3365056395810686,0.3425526746069044,0.10481046454789979,4.100504291819271,settle,btc,0.010832661965491977,0.3864573808916533,0.09160770510171003,0.017700821861753962,0.0,0.0,-0.0009950525542607826,-0.16909787768527995
test,2026-06-02T02:25:01+08:00,btc-updown-5m-1780338300,buy_up,4.0,0.53,0.525,0.5634847891093187,0.24979983431629815,0.25531711744684493,0.023484789109318623,3.25231289607169,settle,btc,0.1370378815316424,0.20304708207428396,0.08082294413619706,-0.001015143186284544,0.0,0.0,-0.0009950525542607826,-0.16909787768527995
test,2026-06-02T02:30:02+08:00,btc-updown-5m-1780338600,buy_down,4.0,0.37,0.365,0.47578922448738353,-0.10029716983386942,-0.09691889632231188,0.09578922448738354,-3.8819086968929017,settle,market_prior,-0.20632449435712288,0.18633018003517182,0.04545077401933296,0.044339300708289404,0.0,0.0,-0.0009950525542607826,-0.16909787768527995
test,2026-06-02T02:35:01+08:00,btc-updown-5m-1780338900,buy_up,201.0,0.13,0.125,0.17209837177800366,-1.5652558223382613,-1.570828098565725,0.032098371778003655,-3.7159383677882993,settle,market_prior,-0.9374578283266224,-0.23015375121058604,-0.18573621182787292,-0.041815100733639546,0.0,0.0,-0.0009950525542607826,-0.16909787768527995
test,2026-06-02T02:40:01+08:00,btc-updown-5m-1780339200,buy_up,116.0,0.6,0.595,0.6352708806698528,0.5475600251844718,0.5548965524241338,0.025270880669852842,-3.7655043131263026,settle,market_prior,0.28649664736570424,0.2532685324011268,0.15616700746987033,0.021720768187311237,0.0,0.0,-0.0009950525542607826,-0.16909787768527995
test,2026-06-02T02:45:01+08:00,btc-updown-5m-1780339500,buy_down,5.0,0.54,0.535,0.7304893734837381,0.9870849439222834,0.9971068641182428,0.18048937348373806,3.0550997425761075,settle,btc,0.1581213192435915,0.6733555916770799,0.302811982312464,0.02288898092868858,0.0,0.0,-0.0009950525542607826,-0.16909787768527995
test,2026-06-02T02:50:02+08:00,btc-updown-5m-1780339800,buy_up,5.0,0.51,0.505,0.5566413240526922,0.22219338109545003,0.22754199534769864,0.036641324052692166,3.4792194715454965,settle,btc,0.0949807529284627,0.22068696877029553,0.05087080941955147,0.025747780216681074,0.0,0.0,-0.0009950525542607826,-0.16909787768527995
test,2026-06-02T03:00:00+08:00,btc-updown-5m-1780340400,buy_down,13.0,0.5,0.495,0.5344300650999085,0.13313407563072444,0.13793855865993682,0.024430065099908534,3.6568336255678946,settle,btc,0.07397322828062054,0.1361082953368809,0.06804889424218,0.02509658801058377,0.0,0.0,-0.0009950525542607826,-0.16909787768527995
test,2026-06-02T03:05:02+08:00,btc-updown-5m-1780340700,buy_up,237.0,0.23,0.225,0.2699063493820453,-0.9930217081636102,-0.9950977697419239,0.029906349382045262,-3.8177772376895165,settle,market_prior,-0.5650343920509493,-0.10411983102013256,-0.18009457754249805,0.026320022689510354,0.0,0.0,-0.0009950525542607826,-0.16909787768527995
test,2026-06-02T03:10:02+08:00,btc-updown-5m-1780341000,buy_down,4.0,0.45,0.445,0.5146749638257958,0.0543933233448088,0.05871671906236347,0.05467496382579579,4.4758241365335945,settle,btc,-0.031529957552086714,0.2145405193298737,0.06552139706275509,-0.024045705256192512,0.0,0.0,-0.0009950525542607826,-0.16909787768527995
test,2026-06-02T03:15:02+08:00,btc-updown-5m-1780341300,buy_down,5.0,0.39,0.385,0.49813817187670506,-0.011368950741952898,-0.007447346913990793,0.09813817187670505,5.807094905348715,settle,btc,-0.16150185936908718,0.26293543472285286,0.025979075452231326,0.03131132869159086,0.0,0.0,-0.0009950525542607826,-0.16909787768527995
test,2026-06-02T03:20:01+08:00,btc-updown-5m-1780341600,buy_up,10.0,0.72,0.715,0.7562604243269153,1.1214426371706778,1.1322854509899378,0.02626042432691534,1.4372559890738072,settle,market_prior,0.5675254313254933,0.46896477612475257,0.2606870073723226,-0.0056416474123499915,0.0,0.0,-0.0009950525542607826,-0.16909787768527995
test,2026-06-02T03:30:02+08:00,btc-updown-5m-1780342200,buy_down,4.0,0.49,0.485,0.5255682123425267,0.09777369558110184,0.10236213507906247,0.025568212342526715,-3.9255665279805005,settle,btc,0.052957295858109765,0.16609508180956656,0.06921180088319566,-0.020397552730229425,0.0,0.0,-0.0009950525542607826,-0.16909787768527995
test,2026-06-02T03:35:02+08:00,btc-updown-5m-1780342500,buy_down,16.0,0.59,0.585,0.6218709980028645,0.4905092991552049,0.4974972599966965,0.021870998002864524,2.5815590048414143,settle,market_prior,0.264785563193208,0.2401246184008413,0.15469761702626156,0.0009944307744348957,0.0,0.0,-0.0009950525542607826,-0.16909787768527995
test,2026-06-02T03:40:02+08:00,btc-updown-5m-1780342800,buy_down,4.0,0.5,0.495,0.7058691252397884,0.8661221584804654,0.8754050247612739,0.1958691252397884,3.75694281974571,settle,btc,0.07397322828062054,0.659412630710706,0.2801635332604841,0.02266569646819547,0.0,0.0,-0.0009950525542607826,-0.16909787768527995
test,2026-06-02T03:50:02+08:00,btc-updown-5m-1780343400,buy_up,6.0,0.5,0.495,0.6408730954069696,0.5716717931040326,0.5791556375240744,0.13087309540696956,3.793760859379218,settle,btc,0.07397322828062054,0.492153304228535,0.18410224921060295,-0.008464058376185024,0.0,0.0,-0.0009950525542607826,-0.16909787768527995
test,2026-06-02T03:55:02+08:00,btc-updown-5m-1780343700,buy_up,6.0,0.46,0.455,0.5044551779022696,0.013746132228136792,0.017821183253355383,0.03445517790226955,4.50398857447782,settle,btc,-0.010310199668486515,0.1701042578519158,0.0015961576324961366,0.02244884665175214,0.0,0.0,-0.0009950525542607826,-0.16909787768527995
test,2026-06-02T04:05:02+08:00,btc-updown-5m-1780344300,buy_up,5.0,0.6,0.595,0.6324102096271005,0.5353089569852092,0.5425706331052945,0.022410209627100504,2.5702053290715927,settle,market_prior,0.28649664736570424,0.26187737223820023,0.16893295636123945,-0.01190508874039389,0.0,0.0,-0.0009950525542607826,-0.16909787768527995
test,2026-06-02T04:10:02+08:00,btc-updown-5m-1780344600,buy_down,147.0,0.18,0.175,0.21277832654531545,-1.3042811911961811,-1.3082589743554163,0.022778326545315454,-2.9174089372988408,settle,market_prior,-0.7298511974964466,-0.15795608132804004,-0.1789361939241329,-0.06744478820802118,0.0,0.0,-0.0009950525542607826,-0.16909787768527995
test,2026-06-02T04:20:01+08:00,btc-updown-5m-1780345200,buy_up,51.0,0.45,0.445,0.49233610998143845,-0.03443861481520709,-0.030657961160410065,0.03233610998143844,-4.038483119946439,settle,btc,-0.031529957552086714,0.1919540891233084,-0.07643621563775502,0.05166639949086696,0.0,0.0,-0.0009950525542607826,-0.16909787768527995
test,2026-06-02T04:30:02+08:00,btc-updown-5m-1780345800,buy_up,10.0,0.63,0.625,0.6614833635855563,0.6618766205950276,0.6699115951058592,0.021483363585556255,2.234460101396452,settle,market_prior,0.35274759476482526,0.26813360525576935,0.17690446508833835,0.034183885725635445,0.0,0.0,-0.0009950525542607826,-0.16909787768527995
test,2026-06-02T04:35:02+08:00,btc-updown-5m-1780346100,buy_up,5.0,0.53,0.525,0.6346741475540217,0.5450011190470333,0.552322011977412,0.09467414755402172,3.4132432039444667,settle,btc,0.1370378815316424,0.4036928388310911,0.15462833502412887,0.019734993899711808,0.0,0.0,-0.0009950525542607826,-0.16909787768527995
test,2026-06-02T04:40:02+08:00,btc-updown-5m-1780346400,buy_down,5.0,0.66,0.655,0.7169284722382744,0.9196664526492343,0.9292764618616054,0.04692847223827435,1.9833911052486,settle,btc,0.42115904652909675,0.4646139751019653,0.2041403204453221,-0.0001539591876091061,0.0,0.0,-0.0009950525542607826,-0.16909787768527995
test,2026-06-02T04:50:01+08:00,btc-updown-5m-1780347000,buy_down,5.0,0.5,0.495,0.5433254685574256,0.16871569952958215,0.17373757783746496,0.03332546855742558,3.9068837991186927,settle,btc,0.07397322828062054,0.19759803889838085,0.06840826801243219,-0.001170905422310685,0.0,0.0,-0.0009950525542607826,-0.16909787768527995
test,2026-06-02T04:55:01+08:00,btc-updown-5m-1780347300,buy_down,107.0,0.51,0.505,0.5420475185161956,0.16359763547197317,0.16858824362295646,0.02204751851619558,3.7888799619208218,settle,btc,0.0949807529284627,0.12178487603842733,0.1023377238906781,0.014587212853945802,0.0,0.0,-0.0009950525542607826,-0.16909787768527995
test,2026-06-02T05:10:02+08:00,btc-updown-5m-1780348200,buy_up,5.0,0.59,0.585,0.6236361722660594,0.4979772503158526,0.5050108385668262,0.023636172266059415,2.7549652604475128,settle,btc,0.264785563193208,0.2696698493696067,0.10445874568986271,0.029156022302715887,0.0,0.0,-0.0009950525542607826,-0.16909787768527995
test,2026-06-02T05:30:01+08:00,btc-updown-5m-1780349400,buy_up,235.0,0.32,0.315,0.35790564719509727,-0.5848834299863264,-0.5844658635342658,0.027905647195097256,-4.2189710183822,settle,market_prior,-0.3234998014092145,0.0624379077125114,-0.14329348564740446,-0.010435120402678041,0.0,0.0,-0.0009950525542607826,-0.16909787768527995
test,2026-06-02T05:40:00+08:00,btc-updown-5m-1780350000,buy_up,6.0,0.33,0.325,0.4060464888197807,-0.3819905883337229,-0.38033339476467953,0.06604648881978072,-4.1716286622346965,settle,market_prior,-0.2993636477025956,0.1470173728920255,-0.07496298856396613,0.015411605280354075,0.0,0.0,-0.0009950525542607826,-0.16909787768527995
test,2026-06-02T05:45:01+08:00,btc-updown-5m-1780350300,buy_up,127.0,0.65,0.645,0.6875240275694954,0.7798136582986929,0.7885692001239909,0.027524027569495353,2.096082955516695,settle,market_prior,0.39807344390496124,0.3525646207468386,0.16091926249704686,0.03834926138938701,0.0,0.0,-0.0009950525542607826,-0.16909787768527995
test,2026-06-02T05:55:02+08:00,btc-updown-5m-1780350900,buy_down,5.0,0.63,0.625,0.7844850485962725,1.2801845371180645,1.2919972262772987,0.14448504859627254,2.3018161397220314,settle,btc,0.35274759476482526,0.7279701253266639,0.3292738519103419,0.0402858953557742,0.0,0.0,-0.0009950525542607826,-0.16909787768527995
test,2026-06-02T06:00:02+08:00,btc-updown-5m-1780351200,buy_down,10.0,0.49,0.485,0.7102431868507137,0.8871540660038165,0.8965654322488202,0.21024318685071375,4.133873883582424,settle,btc,0.052957295858109765,0.6616040308019846,0.3350926244956962,0.00759304508756674,0.0,0.0,-0.0009950525542607826,-0.16909787768527995
test,2026-06-02T06:05:01+08:00,btc-updown-5m-1780351500,buy_down,16.0,0.7,0.695,0.7482497610431798,1.078717572782975,1.0892993465972824,0.03824976104317979,-4.150999932528693,settle,market_prior,0.5170075407690806,0.46016281125860187,0.2831112685902654,-0.011471117595432085,0.0,0.0,-0.0009950525542607826,-0.16909787768527995
test,2026-06-02T06:10:01+08:00,btc-updown-5m-1780351800,buy_up,5.0,0.64,0.635,0.6974288665105434,0.8260461119925444,0.8350841231391686,0.04742886651054335,2.2154043764022795,settle,btc,0.3752784755662062,0.4183474449924287,0.1978421690182371,0.0046709526552131736,0.0,0.0,-0.0009950525542607826,-0.16909787768527995
test,2026-06-02T06:15:01+08:00,btc-updown-5m-1780352100,buy_up,5.0,0.56,0.555,0.6117610409759641,0.447992533029306,0.4547207265187964,0.04176104097596401,3.127619734553024,settle,btc,0.20048393876117018,0.27941695356367696,0.13214144855857676,0.0060431223854227785,0.0,0.0,-0.0009950525542607826,-0.16909787768527995
test,2026-06-02T06:25:00+08:00,btc-updown-5m-1780352700,buy_up,5.0,0.76,0.755,0.9230181432266263,2.465027325899207,2.4840791233402872,0.15301814322662632,1.2421378143448667,settle,btc,0.675535262466936,1.464278516781301,0.47649609584742764,0.018810381043083708,0.0,0.0,-0.0009950525542607826,-0.16909787768527995
test,2026-06-02T06:30:01+08:00,btc-updown-5m-1780353000,buy_up,5.0,0.51,0.505,0.5658935741946932,0.25953951401432496,0.2651163042766466,0.045893574194693205,-4.197599838491457,settle,btc,0.0949807529284627,0.19631649150070934,0.13803118532196207,0.00030401450273158685,0.0,0.0,-0.0009950525542607826,-0.16909787768527995
test,2026-06-02T06:35:02+08:00,btc-updown-5m-1780353300,buy_down,5.0,0.52,0.515,0.5516559846560528,0.20213772769529326,0.2073638066643789,0.02165598465605279,3.6830833849154185,settle,btc,0.11599668535097349,0.15337737194591317,0.07145818751188639,0.031398413126060974,0.0,0.0,-0.0009950525542607826,-0.16909787768527995
test,2026-06-02T06:40:02+08:00,btc-updown-5m-1780353600,buy_up,5.0,0.44,0.435,0.4748028223955989,-0.10422841589457733,-0.10087416136358454,0.024802822395598896,5.1396645001731915,settle,btc,-0.052844462835857135,0.08073849266935597,0.00014655113032570222,0.03782393338113886,0.0,0.0,-0.0009950525542607826,-0.16909787768527995
test,2026-06-02T06:45:02+08:00,btc-updown-5m-1780353900,buy_up,5.0,0.59,0.585,0.8316066584154405,1.583391787452809,1.5970570009619376,0.23160665841544048,2.8224598272137524,settle,btc,0.264785563193208,1.0115835118488494,0.45999131793889,0.01712432471140222,0.0,0.0,-0.0009950525542607826,-0.16909787768527995
test,2026-06-02T06:50:02+08:00,btc-updown-5m-1780354200,buy_up,5.0,0.44,0.435,0.5194998742393818,0.07359834448073985,0.0780390783201741,0.06949987423938182,-4.286610862580887,settle,btc,-0.052844462835857135,0.15620342940734408,0.09841333120942962,0.041918976939364014,0.0,0.0,-0.0009950525542607826,-0.16909787768527995
test,2026-06-02T06:55:01+08:00,btc-updown-5m-1780354500,buy_up,5.0,0.61,0.605,0.7125597502692818,0.8983688709967339,0.907848757039024,0.09255975026928177,2.584303211834284,settle,btc,0.30837964259372136,0.48036063227074827,0.2612309834060189,0.01849054296578628,0.0,0.0,-0.0009950525542607826,-0.16909787768527995
test,2026-06-02T07:05:00+08:00,btc-updown-5m-1780355100,buy_down,5.0,0.54,0.535,0.6827844506745904,0.7579755922218937,0.7665977086455326,0.13278445067459033,3.4786081390874632,settle,btc,0.1581213192435915,0.5507624197170966,0.19526692572710377,0.023917857773642522,0.0,0.0,-0.0009950525542607826,-0.16909787768527995
test,2026-06-02T07:15:02+08:00,btc-updown-5m-1780355700,buy_up,5.0,0.62,0.615,0.7608701966669308,1.146460591622143,1.157456259206459,0.13087019666693078,2.5118917159184795,settle,btc,0.33045584057817046,0.6661474594334014,0.3472714007393894,-0.02732117888927745,0.0,0.0,-0.0009950525542607826,-0.16909787768527995
test,2026-06-02T07:25:01+08:00,btc-updown-5m-1780356300,buy_down,5.0,0.4,0.395,0.5003396044609296,-0.0026166601937253724,0.0013584180526091246,0.0903396044609296,6.245496279046147,settle,btc,-0.13942566138463808,0.2573044463752298,0.04963417996704376,-3.669491182014619e-05,0.0,0.0,-0.0009950525542607826,-0.16909787768527995
test,2026-06-02T07:30:02+08:00,btc-updown-5m-1780356600,buy_down,5.0,0.45,0.445,0.5383700520487413,0.14888186286370803,0.15378256113603828,0.07837005204874133,-4.392171722206488,settle,btc,-0.031529957552086714,0.2525906714081797,0.08966588455133817,0.00824819469581768,0.0,0.0,-0.0009950525542607826,-0.16909787768527995
test,2026-06-02T07:35:01+08:00,btc-updown-5m-1780356900,buy_up,5.0,0.54,0.535,0.7238712389692084,0.9539269149325654,0.9637462474396415,0.1738712389692083,3.5439733425195095,settle,btc,0.1581213192435915,0.7274101791380938,0.2403799983295549,-0.0018916515391337897,0.0,0.0,-0.0009950525542607826,-0.16909787768527995
test,2026-06-02T07:40:02+08:00,btc-updown-5m-1780357200,buy_up,5.0,0.53,0.525,0.6116099949768232,0.44736048208977,0.45408481389800254,0.0716099949768232,-4.369117324532544,settle,btc,0.1370378815316424,0.34780742954414323,0.14117709758102814,-0.008568996327503057,0.0,0.0,-0.0009950525542607826,-0.16909787768527995
test,2026-06-02T07:45:01+08:00,btc-updown-5m-1780357500,buy_up,6.0,0.63,0.625,0.6669693334797102,0.6863251415017767,0.6945094906738297,0.026969333479710207,2.4254380406875895,settle,market_prior,0.35274759476482526,0.31695867511379694,0.14323615785790694,0.04347564400478829,0.0,0.0,-0.0009950525542607826,-0.16909787768527995
test,2026-06-02T07:50:02+08:00,btc-updown-5m-1780357800,buy_down,5.0,0.51,0.505,0.6772735663650904,0.7328019563574907,0.7412702678395832,0.15727356636509038,4.0176667779860304,settle,btc,0.0949807529284627,0.5030890530748358,0.29872804602666503,0.006097034567067863,0.0,0.0,-0.0009950525542607826,-0.16909787768527995
test,2026-06-02T08:00:02+08:00,btc-updown-5m-1780358400,buy_down,6.0,0.58,0.575,0.6887430713228676,0.7854595553733217,0.7942495922900009,0.09874307132286765,3.0459802137067378,settle,btc,0.24322602031374418,0.4466128483645441,0.2807230910393598,-0.015009474104785682,0.0,0.0,-0.0009950525542607826,-0.16909787768527995
test,2026-06-02T08:05:01+08:00,btc-updown-5m-1780358700,buy_down,5.0,0.43,0.425,0.5014680180645861,0.001869600894441114,0.005872089131455706,0.06146801806458608,5.651321293151554,settle,btc,-0.07427203910466089,0.21479494019357553,0.03727190180682389,-0.005832271761756685,0.0,0.0,-0.0009950525542607826,-0.16909787768527995
test,2026-06-02T08:10:01+08:00,btc-updown-5m-1780359000,buy_up,180.0,0.25,0.245,0.2878590089636655,-0.9042712873032709,-0.9058051048701843,0.027859008963665506,-4.24548773511007,settle,market_prior,-0.5065812812578528,-0.08375835346800754,-0.17643447319927022,0.032595750861400444,0.0,0.0,-0.0009950525542607826,-0.16909787768527995
test,2026-06-02T08:15:02+08:00,btc-updown-5m-1780359300,buy_down,10.0,0.36,0.33,0.4207684700145546,-0.3216454349126823,-0.31961954677585674,0.0507684700145546,7.618565074938125,settle,market_prior,-0.28744098787517425,0.1732261485065078,-0.018947271898167597,-0.018390393406307458,0.0,0.0,-0.0009950525542607826,-0.16909787768527995
test,2026-06-02T08:30:01+08:00,btc-updown-5m-1780360200,buy_up,6.0,0.72,0.715,0.767587083377018,1.183514277191752,1.1947363340022332,0.037587083377018,1.6611192779463306,settle,market_prior,0.5675254313254933,0.5612513445952385,0.22934957903216444,-0.00451914752160356,0.0,0.0,-0.0009950525542607826,-0.16909787768527995
test,2026-06-02T08:40:02+08:00,btc-updown-5m-1780360800,buy_up,5.0,0.6,0.595,0.6332283564576867,0.538808621832377,0.5460916800742245,0.023228356457686734,2.8900706904136246,settle,market_prior,0.28649664736570424,0.2140895729577579,0.1722284792621647,0.036086852486290975,0.0,0.0,-0.0009950525542607826,-0.16909787768527995
test,2026-06-02T08:45:00+08:00,btc-updown-5m-1780361100,buy_down,5.0,0.5,0.495,0.5594561157219057,0.23353710395437494,0.23895502566147964,0.049456115721905676,-4.564666573691291,settle,btc,0.07397322828062054,0.20172653824933767,0.1351065132792942,-0.007176245615336721,0.0,0.0,-0.0009950525542607826,-0.16909787768527995
test,2026-06-02T08:50:02+08:00,btc-updown-5m-1780361400,buy_up,9.0,0.51,0.505,0.5464019632689004,0.1810462620197416,0.18614347713845497,0.026401963268900437,4.168956839344534,settle,btc,0.0949807529284627,0.178824335956782,0.07651264994189531,0.0008214534321423666,0.0,0.0,-0.0009950525542607826,-0.16909787768527995
test,2026-06-02T09:00:02+08:00,btc-updown-5m-1780362000,buy_down,4.0,0.43,0.425,0.49300355501774795,-0.03178447650131723,-0.027987606691236844,0.05300355501774796,5.822966227233321,settle,btc,-0.07427203910466089,0.19701449215974182,-0.005018379937582996,0.020584380620725578,0.0,0.0,-0.0009950525542607826,-0.16909787768527995
test,2026-06-02T09:10:00+08:00,btc-updown-5m-1780362600,buy_up,41.0,0.69,0.685,0.7340818044039868,1.0052985454371972,1.0154317464164109,0.0340818044039869,1.9693199445518907,settle,market_prior,0.49245378261829786,0.44832948941631867,0.25523218531570835,-0.020623981673586894,0.0,0.0,-0.0009950525542607826,-0.16909787768527995
test,2026-06-02T09:15:00+08:00,btc-updown-5m-1780362900,buy_down,5.0,0.49,0.485,0.6569540814193215,0.6418372742685381,0.6497498131285572,0.15695408141932154,4.641968440729456,settle,btc,0.052957295858109765,0.5407692576658525,0.21639528586081294,0.001808365123303771,0.0,0.0,-0.0009950525542607826,-0.16909787768527995
test,2026-06-02T09:20:01+08:00,btc-updown-5m-1780363200,buy_up,164.0,0.54,0.535,0.5739954351452733,0.2923938592305656,0.2981713817459773,0.023995435145273254,-4.680651511068867,settle,btc,0.1581213192435915,0.2059097143616016,0.0679338154450914,0.030521940419821873,0.0,0.0,-0.0009950525542607826,-0.16909787768527995
test,2026-06-02T09:25:02+08:00,btc-updown-5m-1780363500,buy_down,4.0,0.5,0.495,0.5413913730857081,0.16097070272184724,0.16594526093708603,0.03139137308570806,4.457767396387243,settle,btc,0.07397322828062054,0.15757694808353817,0.0828691824488824,0.01664427414834686,0.0,0.0,-0.0009950525542607826,-0.16909787768527995
test,2026-06-02T09:30:02+08:00,btc-updown-5m-1780363800,buy_down,4.0,0.41,0.405,0.6458139507041054,0.5930745122838909,0.6006891222393572,0.22581395070410543,6.497867197077318,settle,btc,-0.11754266615662104,0.6620814440674623,0.20878588860117106,0.009842776011419467,0.0,0.0,-0.0009950525542607826,-0.16909787768527995
test,2026-06-02T09:35:01+08:00,btc-updown-5m-1780364100,buy_down,9.0,0.47,0.465,0.604332596412973,0.41701182555615857,0.42355073427456386,0.12433259641297302,5.153862266629748,settle,btc,0.010832661965491977,0.36384620310080273,0.19857065690654965,0.013855233822854921,0.0,0.0,-0.0009950525542607826,-0.16909787768527995
test,2026-06-02T09:40:01+08:00,btc-updown-5m-1780364400,buy_up,4.0,0.6,0.595,0.8481808250337534,1.7059894198918517,1.720403675843343,0.23818082503375337,3.06139418637807,settle,btc,0.28649664736570424,1.135405721162796,0.41835128181749476,0.03582869978539758,0.0,0.0,-0.0009950525542607826,-0.16909787768527995
test,2026-06-02T09:45:01+08:00,btc-updown-5m-1780364700,buy_down,4.0,0.51,0.505,0.7725194026544122,1.211200960922174,1.2225921768003287,0.2525194026544122,4.461601083930537,settle,btc,0.0949807529284627,0.8767953114730289,0.3945548473424225,0.014962979417800653,0.0,0.0,-0.0009950525542607826,-0.16909787768527995
test,2026-06-02T09:50:01+08:00,btc-updown-5m-1780365000,buy_down,195.0,0.18,0.175,0.2326494910490109,-1.1901303446414686,-1.193410693215712,0.0426494910490109,21.53280223131976,settle,market_prior,-0.7298511974964466,-0.14929866716285792,-0.14815371423728407,0.007266164494660544,0.0,0.0,-0.0009950525542607826,-0.16909787768527995
test,2026-06-02T09:55:02+08:00,btc-updown-5m-1780365300,buy_down,4.0,0.42,0.415,0.5263977334591733,0.10108056127188665,0.10568920493451434,0.09639773345917331,6.786250607981807,settle,btc,-0.09583158198412475,0.26192894998906335,0.10231445540364033,0.002761668102848474,0.0,0.0,-0.0009950525542607826,-0.16909787768527995
test,2026-06-02T10:00:02+08:00,btc-updown-5m-1780365600,buy_up,4.0,0.71,0.705,0.8074851812880606,1.4210780573610484,1.4337515724955991,0.08748518128806061,-5.139641602048074,settle,btc,0.5420174137925392,0.7422564114882947,0.3052929333871892,0.001604228932565936,0.0,0.0,-0.0009950525542607826,-0.16909787768527995
test,2026-06-02T10:05:02+08:00,btc-updown-5m-1780365900,buy_down,4.0,0.45,0.445,0.9629834409381658,3.234915231768824,3.258670861623998,0.5029834409381657,6.020233529865643,settle,btc,-0.031529957552086714,2.41649283636078,1.0296842332485971,-0.009638950048925815,0.0,0.0,-0.0009950525542607826,-0.16909787768527995
test,2026-06-02T10:10:02+08:00,btc-updown-5m-1780366200,buy_down,9.0,0.5,0.495,0.5736339818769975,0.2909248088826054,0.2966933558489898,0.06363398187699755,-5.178604882390427,settle,btc,0.07397322828062054,0.2590057986889236,0.0936956884569031,0.0343430236956989,0.0,0.0,-0.0009950525542607826,-0.16909787768527995
test,2026-06-02T10:15:02+08:00,btc-updown-5m-1780366500,buy_down,4.0,0.55,0.545,0.7615599307157535,1.1502321622023768,1.1612508731879618,0.2015599307157534,4.02022204909023,settle,btc,0.17926418087756993,0.7330466672864377,0.3964729215464131,0.011541322731496561,0.0,0.0,-0.0009950525542607826,-0.16909787768527995
test,2026-06-02T10:40:01+08:00,btc-updown-5m-1780368000,buy_down,4.0,0.5,0.495,0.8387867569222297,1.635246497511135,1.649228530993842,0.3287867569222297,4.964170186216617,settle,btc,0.07397322828062054,1.179894680132946,0.5315610889243196,0.019910430412789462,0.0,0.0,-0.0009950525542607826,-0.16909787768527995
test,2026-06-02T10:45:01+08:00,btc-updown-5m-1780368300,buy_up,5.0,0.51,0.505,0.7295500370302047,0.9823478772283621,0.9923408550709053,0.2095500370302047,4.814231984673748,settle,btc,0.0949807529284627,0.7147354342569081,0.35255577140184974,-0.009831151119317642,0.0,0.0,-0.0009950525542607826,-0.16909787768527995
test,2026-06-02T10:50:01+08:00,btc-updown-5m-1780368600,buy_up,4.0,0.51,0.505,0.7561000954546001,1.120578321898149,1.131415854956192,0.2361000954546001,4.85954240335303,settle,btc,0.0949807529284627,0.8336369309210356,0.38199544878504144,-0.01994188049684998,0.0,0.0,-0.0009950525542607826,-0.16909787768527995
test,2026-06-02T10:55:02+08:00,btc-updown-5m-1780368900,buy_up,8.0,0.5,0.495,0.7044099812395676,0.8591468749438805,0.8683871238974824,0.19440998123956754,5.107622043044202,settle,btc,0.07397322828062054,0.6211641172066826,0.3111125238756245,0.022989935820493506,0.0,0.0,-0.0009950525542607826,-0.16909787768527995
test,2026-06-02T11:00:01+08:00,btc-updown-5m-1780369200,buy_up,22.0,0.48,0.475,0.5112123429325238,0.04061766205260975,0.04485689174856855,0.021212342932523838,5.591868913528227,settle,btc,0.03191609967744088,0.16949086690690174,0.023151389478017717,-0.013847763770209848,0.0,0.0,-0.0009950525542607826,-0.16909787768527995
test,2026-06-02T11:05:01+08:00,btc-updown-5m-1780369500,buy_up,8.0,0.6,0.595,0.7749919569203694,1.2252395144372876,1.236716502546137,0.1649919569203694,3.4572551891552017,settle,btc,0.28649664736570424,0.7710624839435407,0.2964518149199265,0.04132149844765668,0.0,0.0,-0.0009950525542607826,-0.16909787768527995
test,2026-06-02T11:10:00+08:00,btc-updown-5m-1780369800,buy_down,4.0,0.49,0.485,0.7397091924103713,1.0341481637295988,1.0444576290307008,0.23970919241037125,5.462680294952449,settle,btc,0.052957295858109765,0.8305752382474103,0.2931861889868825,0.027522370876736823,0.0,0.0,-0.0009950525542607826,-0.16909787768527995
test,2026-06-02T11:15:02+08:00,btc-updown-5m-1780370100,buy_up,4.0,0.63,0.625,0.667077504402473,0.6868092139919296,0.6949965207320293,0.027077504402473036,-5.493895610923606,settle,market_prior,0.35274759476482526,0.3176963347873086,0.17519169910934962,0.011266515569986972,0.0,0.0,-0.0009950525542607826,-0.16909787768527995
test,2026-06-02T11:20:01+08:00,btc-updown-5m-1780370400,buy_down,4.0,0.5,0.495,0.6041875260266403,0.41640885009879725,0.42294407478024126,0.09418752602664028,-5.460176826611562,settle,btc,0.07397322828062054,0.3440029221414489,0.1619538300312324,0.006571799885036179,0.0,0.0,-0.0009950525542607826,-0.16909787768527995
test,2026-06-02T11:25:00+08:00,btc-updown-5m-1780370700,buy_up,5.0,0.59,0.585,0.6536639563013489,0.6273597780364454,0.635183862829928,0.05366395630134891,3.5922120458492017,settle,btc,0.264785563193208,0.3272509395904292,0.17380238876756474,0.03161381672478427,0.0,0.0,-0.0009950525542607826,-0.16909787768527995
test,2026-06-02T11:30:01+08:00,btc-updown-5m-1780371000,buy_down,5.0,0.47,0.465,0.5439976560793626,0.17140865685290413,0.17644698849100637,0.0639976560793626,5.901927961286711,settle,btc,0.010832661965491977,0.24722784239990991,0.07517571572339998,0.008265367003643035,0.0,0.0,-0.0009950525542607826,-0.16909787768527995
test,2026-06-02T11:35:01+08:00,btc-updown-5m-1780371300,buy_up,9.0,0.52,0.515,0.5746551577894523,0.29507599223555314,0.30086990194716784,0.04465515778945229,4.874852805420189,settle,btc,0.11599668535097349,0.244892702888944,0.10698397652194062,-0.0027044422867642383,0.0,0.0,-0.0009950525542607826,-0.16909787768527995
test,2026-06-02T11:40:00+08:00,btc-updown-5m-1780371600,buy_up,141.0,0.23,0.225,0.263078036512101,-1.02774309661305,-1.030031297635568,0.023078036512100976,13.474374352671136,settle,market_prior,-0.5650343920509493,-0.09668474010892417,-0.17369501345680258,-0.022236020756833196,0.0,0.0,-0.0009950525542607826,-0.16909787768527995
test,2026-06-02T11:45:01+08:00,btc-updown-5m-1780371900,buy_down,5.0,0.42,0.415,0.4546023815017765,-0.18495300027471726,-0.1820919537987239,0.024602381501776523,7.568713024736935,settle,btc,-0.09583158198412475,0.12002372297939853,-0.03361323712557097,-0.005438973904879313,0.0,0.0,-0.0009950525542607826,-0.16909787768527995
test,2026-06-02T11:50:00+08:00,btc-updown-5m-1780372200,buy_up,115.0,0.52,0.515,0.5566140284371682,0.22208345162069232,0.22743139422993588,0.02661402843716821,5.109111110918827,settle,btc,0.11599668535097349,0.17389132620139797,0.08242864395083344,0.01985972635702823,0.0,0.0,-0.0009950525542607826,-0.16909787768527995
test,2026-06-02T11:55:01+08:00,btc-updown-5m-1780372500,buy_down,13.0,0.69,0.685,0.8010613342672888,1.3805152653363337,1.3929409514369728,0.10106133426728882,2.4798802959288713,settle,btc,0.49245378261829786,0.7165751264206064,0.35173539811710364,-0.010156111580133655,0.0,0.0,-0.0009950525542607826,-0.16909787768527995
test,2026-06-02T12:00:01+08:00,btc-updown-5m-1780372800,buy_up,13.0,0.64,0.635,0.7799832051460596,1.253916307395066,1.2655685039040199,0.12998320514605954,3.132786280091393,settle,btc,0.3752784755662062,0.7245733261614515,0.33386509566838696,-0.009707659761437875,0.0,0.0,-0.0009950525542607826,-0.16909787768527995
test,2026-06-02T12:05:00+08:00,btc-updown-5m-1780373100,buy_up,31.0,0.52,0.515,0.5655374171794159,0.25809864748977634,0.26366663439954385,0.03553741717941584,-5.870617718442694,settle,btc,0.11599668535097349,0.1851911589333635,0.08344119714708308,0.043562536297897046,0.0,0.0,-0.0009950525542607826,-0.16909787768527995
test,2026-06-02T12:10:00+08:00,btc-updown-5m-1780373400,buy_down,5.0,0.61,0.605,0.7829844606003505,1.2713849628555085,1.283143888704096,0.16298446060035054,3.5515330562305376,settle,btc,0.30837964259372136,0.8012677657165814,0.3142189359052901,0.017611548879456488,0.0,0.0,-0.0009950525542607826,-0.16909787768527995
test,2026-06-02T12:15:01+08:00,btc-updown-5m-1780373700,buy_up,4.0,0.57,0.565,0.6685599014668582,0.6934510166764623,0.701678903254896,0.08855990146685823,4.227012999833831,settle,btc,0.2217984440449403,0.42535022681622536,0.20797470194086978,0.008420574113967455,0.0,0.0,-0.0009950525542607826,-0.16909787768527995
test,2026-06-02T12:20:02+08:00,btc-updown-5m-1780374000,buy_down,4.0,0.44,0.435,0.5327689644485903,0.12650005871861222,0.13126400947871253,0.08276896444859035,7.223663287216028,settle,btc,-0.052844462835857135,0.2517857667970316,0.08967539365132939,0.007976291345649205,0.0,0.0,-0.0009950525542607826,-0.16909787768527995
test,2026-06-02T12:25:02+08:00,btc-updown-5m-1780374300,buy_up,4.0,0.45,0.445,0.6829167868664696,0.7585829487433479,0.76720877597121,0.2229167868664696,7.0214007151739795,settle,btc,-0.031529957552086714,0.6661073372149795,0.2599362328679688,0.034162266452027065,0.0,0.0,-0.0009950525542607826,-0.16909787768527995
test,2026-06-02T12:35:00+08:00,btc-updown-5m-1780374900,buy_down,5.0,0.49,0.485,0.5319401361345673,0.12319102163881142,0.12793475496757303,0.03194013613456726,6.04222578550686,settle,btc,0.052957295858109765,0.1663526725842519,0.03366055804070197,0.04031342539528856,0.0,0.0,-0.0009950525542607826,-0.16909787768527995
test,2026-06-02T12:40:01+08:00,btc-updown-5m-1780375200,buy_down,57.0,0.45,0.445,0.4847962584753643,-0.06443112650630285,-0.06083371998085683,0.02479625847536427,7.178164233182149,settle,btc,-0.031529957552086714,0.14274306150234145,-0.022168552369047828,0.01661725215203099,0.0,0.0,-0.0009950525542607826,-0.16909787768527995
test,2026-06-02T12:50:02+08:00,btc-updown-5m-1780375800,buy_down,4.0,0.55,0.545,0.6274905991439744,0.5143328973779004,0.5214664147513052,0.06749059914397439,4.842868135986889,settle,btc,0.17926418087756993,0.36142466449262284,0.14204631437671617,0.0016906678705323182,0.0,0.0,-0.0009950525542607826,-0.16909787768527995
test,2026-06-02T12:55:01+08:00,btc-updown-5m-1780376100,buy_down,9.0,0.79,0.785,0.8568291963875182,1.7743682121379534,1.7892002462841032,0.05682919638751816,1.5448136332515139,settle,btc,0.7645969247173304,0.9138603821574436,0.26481455541488225,0.001189280087837807,0.0,0.0,-0.0009950525542607826,-0.16909787768527995
test,2026-06-02T13:05:00+08:00,btc-updown-5m-1780376700,buy_up,5.0,0.51,0.505,0.6181893151030861,0.4749767882924914,0.48186984917840336,0.09818931510308605,5.7576112825185835,settle,btc,0.0949807529284627,0.4133376393400189,0.1327740708918497,0.003977255371700821,0.0,0.0,-0.0009950525542607826,-0.16909787768527995
test,2026-06-02T13:10:01+08:00,btc-updown-5m-1780377000,buy_up,4.0,0.46,0.455,0.6117260264267912,0.4478460068953256,0.45457330514490735,0.14172602642679116,7.114717811447014,settle,btc,-0.010310199668486515,0.4616792694970439,0.14410343997686767,0.0224664273294413,0.0,0.0,-0.0009950525542607826,-0.16909787768527995
test,2026-06-02T13:15:02+08:00,btc-updown-5m-1780377300,buy_down,4.0,0.6,0.59,0.7613880716436994,1.1492917109025034,1.160304675953811,0.15138807164369938,4.060020431100174,settle,btc,0.2756209095712567,0.7301037916387672,0.33610324046130713,-0.02244330052928667,0.0,0.0,-0.0009950525542607826,-0.16909787768527995
test,2026-06-02T13:25:00+08:00,btc-updown-5m-1780377900,buy_down,9.0,0.79,0.785,0.8809451703320487,1.985290528324413,2.0014112477715913,0.08094517033204864,1.5915912615004182,settle,btc,0.7645969247173304,1.0176490504059672,0.3618234998931223,0.011313983547534164,0.0,0.0,-0.0009950525542607826,-0.16909787768527995
test,2026-06-02T13:30:00+08:00,btc-updown-5m-1780378200,buy_up,9.0,0.52,0.515,0.5774643457807915,0.30650910633534223,0.3123728696610826,0.04746434578079151,5.696672415201113,settle,btc,0.11599668535097349,0.2530341909911463,0.06589593820749534,0.04167522202526786,0.0,0.0,-0.0009950525542607826,-0.16909787768527995
test,2026-06-02T13:35:01+08:00,btc-updown-5m-1780378500,buy_down,5.0,0.42,0.415,0.46141708902711526,-0.1576668273952786,-0.15463906887787202,0.03141708902711527,8.630978162441409,settle,market_prior,-0.09583158198412475,0.0749512437147325,-0.010920000908813683,0.04422644202246811,0.0,0.0,-0.0009950525542607826,-0.16909787768527995
test,2026-06-02T13:40:02+08:00,btc-updown-5m-1780378800,buy_down,5.0,0.87,0.86,0.9620594328089302,3.2094552397975984,3.233055315143364,0.08205943280893026,0.8891004001818047,settle,btc,1.037813928728135,1.820693764699413,0.5587920832299971,-0.03775160662040571,0.0,0.0,-0.0009950525542607826,-0.16909787768527995
test,2026-06-02T13:45:02+08:00,btc-updown-5m-1780379100,buy_down,4.0,0.5,0.495,0.6462222390912902,0.5948490938083965,0.6024745460358777,0.13622223909129016,6.3257715272135036,settle,btc,0.07397322828062054,0.45631074152902207,0.2269565107970838,0.0077015434412109314,0.0,0.0,-0.0009950525542607826,-0.16909787768527995
test,2026-06-02T13:50:00+08:00,btc-updown-5m-1780379400,buy_down,5.0,0.48,0.475,0.7739822779295473,1.219493681722486,1.230935564156907,0.28398227792954733,6.92550953437904,settle,btc,0.03191609967744088,0.9402801788182864,0.408226984246282,0.009163349220017021,0.0,0.0,-0.0009950525542607826,-0.16909787768527995
test,2026-06-02T13:55:01+08:00,btc-updown-5m-1780379700,buy_down,4.0,0.6,0.595,0.6607861445461773,0.6587834279229503,0.6667995037605555,0.050786144546177366,4.281798115358288,settle,btc,0.28649664736570424,0.33314106753684314,0.23132385874669453,-0.02208521548675076,0.0,0.0,-0.0009950525542607826,-0.16909787768527995
test,2026-06-02T14:00:01+08:00,btc-updown-5m-1780380000,buy_up,5.0,0.53,0.525,0.7206175092301762,0.9378058817187153,0.9475267185383,0.18061750923017617,5.754512944643638,settle,btc,0.1370378815316424,0.6666169530097849,0.2982121918882296,0.006031785528599117,0.0,0.0,-0.0009950525542607826,-0.16909787768527995
test,2026-06-02T14:05:00+08:00,btc-updown-5m-1780380300,buy_up,4.0,0.55,0.545,0.6955289011879072,0.8171129642578608,0.8260963959916199,0.13552890118790717,5.350195861228676,settle,btc,0.17926418087756993,0.5742413061604877,0.23828426090520702,-0.0045838534458630155,0.0,0.0,-0.0009950525542607826,-0.16909787768527995
test,2026-06-02T14:10:01+08:00,btc-updown-5m-1780380600,buy_down,5.0,0.61,0.605,0.7039372499231749,0.8568913251147722,0.8661177931941495,0.08393724992317488,4.199465210420149,settle,btc,0.30837964259372136,0.4439981758185443,0.23928665397608154,0.03531978296596597,0.0,0.0,-0.0009950525542607826,-0.16909787768527995
test,2026-06-02T14:20:00+08:00,btc-updown-5m-1780381200,buy_up,66.0,0.56,0.555,0.5944755671994559,0.37620887956321686,0.38249849196395197,0.02447556719945588,-6.904370748631841,settle,btc,0.20048393876117018,0.21145557542122695,0.10929112770065796,0.025071167919702556,0.0,0.0,-0.0009950525542607826,-0.16909787768527995
test,2026-06-02T14:25:01+08:00,btc-updown-5m-1780381500,buy_up,4.0,0.42,0.415,0.6401709311088356,0.5686407848159638,0.5761061104946095,0.2101709311088356,9.112125490396737,settle,btc,-0.09583158198412475,0.6143620214548485,0.18218457106299926,0.038018704521781424,0.0,0.0,-0.0009950525542607826,-0.16909787768527995
test,2026-06-02T14:30:02+08:00,btc-updown-5m-1780381800,buy_up,8.0,0.65,0.645,0.7453869506064461,1.0636687121784645,1.0741585410255021,0.08538695060644609,-6.910016199818752,settle,btc,0.39807344390496124,0.5692248230202664,0.26039964947896677,0.006063726013810867,0.0,0.0,-0.0009950525542607826,-0.16909787768527995
test,2026-06-02T14:35:00+08:00,btc-updown-5m-1780382100,buy_down,5.0,0.5,0.495,0.6328096677828241,0.5370172507179299,0.5442893641073521,0.12280966778282411,6.60149444621836,settle,btc,0.07397322828062054,0.4415930754815256,0.1826647556356351,0.008879121559689476,0.0,0.0,-0.0009950525542607826,-0.16909787768527995
test,2026-06-02T14:40:02+08:00,btc-updown-5m-1780382400,buy_down,61.0,0.59,0.585,0.6201274904095637,0.48314641587173324,0.49008939124354023,0.02012749040956375,4.611683909921342,settle,market_prior,0.264785563193208,0.22719794106873617,0.17785882674572176,-0.016602984896391976,0.0,0.0,-0.0009950525542607826,-0.16909787768527995
test,2026-06-02T14:50:00+08:00,btc-updown-5m-1780383000,buy_up,4.0,0.49,0.485,0.6654645714022176,0.6795993550949877,0.6877426113080927,0.1654645714022176,-6.988112863503257,settle,btc,0.052957295858109765,0.5542982912926504,0.23105338026170313,0.011383317922065104,0.0,0.0,-0.0009950525542607826,-0.16909787768527995
test,2026-06-02T15:00:02+08:00,btc-updown-5m-1780383600,buy_down,4.0,0.41,0.405,0.8929347764484569,2.1042279261386185,2.121075324863158,0.4729347764484569,9.58905438294374,settle,btc,-0.11754266615662104,1.7204911407701324,0.6843633160912737,-0.01299093432662596,0.0,0.0,-0.0009950525542607826,-0.16909787768527995
test,2026-06-02T15:10:02+08:00,btc-updown-5m-1780384200,buy_up,4.0,0.59,0.585,0.697899942991126,0.8282658937491537,0.837317467235567,0.09789994299112605,4.6605830653746425,settle,btc,0.264785563193208,0.5028029395560389,0.2235075313400615,0.00726278989938622,0.0,0.0,-0.0009950525542607826,-0.16909787768527995
test,2026-06-02T15:15:01+08:00,btc-updown-5m-1780384500,buy_up,5.0,0.58,0.575,0.8623882212471328,1.820157224568957,1.8352690187155436,0.2723882212471328,4.892406895436812,settle,btc,0.24322602031374418,1.2416113339962733,0.5019472928030531,0.0034655076954268433,0.0,0.0,-0.0009950525542607826,-0.16909787768527995
test,2026-06-02T15:20:01+08:00,btc-updown-5m-1780384800,buy_down,4.0,0.6,0.595,0.7018811709124667,0.8471052774916877,0.856271955142271,0.09188117091246674,4.530428448673213,settle,btc,0.28649664736570424,0.5107952850885691,0.18305275342865085,0.036853521848304316,0.0,0.0,-0.0009950525542607826,-0.16909787768527995
test,2026-06-02T15:25:02+08:00,btc-updown-5m-1780385100,buy_down,8.0,0.8,0.795,0.8990078288550793,2.169005567674367,2.186248742417261,0.08900782885507931,1.6661086238115799,settle,btc,0.7962575942323418,1.187599865869405,0.3344958704510369,0.020745167361124178,0.0,0.0,-0.0009950525542607826,-0.16909787768527995
test,2026-06-02T15:30:01+08:00,btc-updown-5m-1780385400,buy_up,4.0,0.54,0.535,0.7835707167969214,1.274817559472178,1.2865974576715544,0.23357071679692132,5.859879409800465,settle,btc,0.1581213192435915,0.91781465437801,0.35443641573818335,0.01453810035193345,0.0,0.0,-0.0009950525542607826,-0.16909787768527995
test,2026-06-02T15:35:00+08:00,btc-updown-5m-1780385700,buy_up,4.0,0.47,0.465,0.6555945267885447,0.6358468949238576,0.6437228339875695,0.1755945267885447,7.844757712013731,settle,btc,0.010832661965491977,0.5892820038999493,0.1931339794869268,0.012691179811030195,0.0,0.0,-0.0009950525542607826,-0.16909787768527995
test,2026-06-02T15:40:02+08:00,btc-updown-5m-1780386000,buy_down,170.0,0.21,0.205,0.24101200445710522,-1.1441398602183315,-1.1471392178460746,0.021012004457105223,-4.993860550469055,settle,market_prior,-0.6273036130232583,-0.150257352957743,-0.18779208655292676,-0.008693877444862545,0.0,0.0,-0.0009950525542607826,-0.16909787768527995
test,2026-06-02T15:45:01+08:00,btc-updown-5m-1780386300,buy_down,4.0,0.64,0.635,0.8690711345875887,1.8773098332771971,1.8927708163009465,0.21907113458758865,3.893182922056099,settle,btc,0.3752784755662062,1.1772199666631304,0.5062440354561978,-0.011339714168796425,0.0,0.0,-0.0009950525542607826,-0.16909787768527995
test,2026-06-02T15:50:01+08:00,btc-updown-5m-1780386600,buy_up,193.0,0.37,0.365,0.40084501697393343,-0.4034713906211964,-0.4019454396568364,0.020845016973933435,9.92149217660697,settle,market_prior,-0.20632449435712288,0.04234861110154658,-0.1301831862242727,0.060780609098193265,0.0,0.0,-0.0009950525542607826,-0.16909787768527995
test,2026-06-02T15:55:00+08:00,btc-updown-5m-1780386900,buy_up,271.0,0.22,0.215,0.26886671274464063,-0.9982718746360344,-1.0003800134856549,0.03886671274464063,-7.586978436117944,settle,market_prior,-0.5956429435082472,0.0033446947725181914,-0.15458473434455566,-0.081295961316209,0.0,0.0,-0.0009950525542607826,-0.16909787768527995
test,2026-06-02T16:00:01+08:00,btc-updown-5m-1780387200,buy_up,5.0,0.52,0.515,0.5786752682019752,0.3114436876057275,0.317337600052077,0.048675268201975215,-7.319340793793682,settle,btc,0.11599668535097349,0.3280048786893396,0.0406063867906789,-0.003071332985723771,0.0,0.0,-0.0009950525542607826,-0.16909787768527995
test,2026-06-02T16:05:02+08:00,btc-updown-5m-1780387500,buy_up,4.0,0.46,0.455,0.5448265892877007,0.17473046336402298,0.17978909045165914,0.07482658928770065,-7.2625693686867745,settle,btc,-0.010310199668486515,0.320371195170421,0.053699389421351384,-0.018936991319722065,0.0,0.0,-0.0009950525542607826,-0.16909787768527995
test,2026-06-02T16:10:00+08:00,btc-updown-5m-1780387800,buy_down,5.0,0.53,0.525,0.5749705709813571,0.2963587005536601,0.30216044730871777,0.03497057098135704,-7.168164713464745,settle,btc,0.1370378815316424,0.21472122592215798,0.09610686878548544,0.018585654553915032,0.0,0.0,-0.0009950525542607826,-0.16909787768527995
test,2026-06-02T16:15:02+08:00,btc-updown-5m-1780388100,buy_down,27.0,0.56,0.555,0.5942793370896179,0.3753999031194859,0.3816845728661161,0.024279337089617832,5.347156943564649,settle,btc,0.20048393876117018,0.21700944709086456,0.09339026368099072,0.034609183826001144,0.0,0.0,-0.0009950525542607826,-0.16909787768527995
test,2026-06-02T16:20:01+08:00,btc-updown-5m-1780388400,buy_down,4.0,0.37,0.365,0.5305484304524165,0.11763631053824898,0.1223461059002929,0.1505484304524165,11.758569523678126,settle,btc,-0.20632449435712288,0.42261342002371216,0.0666477735238877,0.004792541587312724,0.0,0.0,-0.0009950525542607826,-0.16909787768527995
test,2026-06-02T16:25:02+08:00,btc-updown-5m-1780388700,buy_up,4.0,0.5,0.495,0.7771009127213891,1.237300393890432,1.2488510711107503,0.26710091272138914,6.992100609212188,settle,btc,0.07397322828062054,0.8947265173212682,0.4250709998110114,0.013622578717072337,0.0,0.0,-0.0009950525542607826,-0.16909787768527995
test,2026-06-02T16:30:01+08:00,btc-updown-5m-1780389000,buy_up,5.0,0.51,0.505,0.5490064241039035,0.19149598717721347,0.19665704763696848,0.029006424103903534,6.78091063162782,settle,btc,0.0949807529284627,0.21911987008390282,0.03524516509950312,0.012243129304885582,0.0,0.0,-0.0009950525542607826,-0.16909787768527995
test,2026-06-02T16:40:02+08:00,btc-updown-5m-1780389600,buy_down,4.0,0.41,0.405,0.5274652495643024,0.10533704567957718,0.10997169545189217,0.10746524956430244,10.287964532692895,settle,btc,-0.11754266615662104,0.28843999511783114,0.0636607215843798,0.04087192537352801,0.0,0.0,-0.0009950525542607826,-0.16909787768527995
test,2026-06-02T16:50:01+08:00,btc-updown-5m-1780390200,buy_up,232.0,0.22,0.215,0.27109959433755626,-0.9870115041245099,-0.9890508447823377,0.04109959433755626,-7.7106520385544846,settle,market_prior,-0.5956429435082472,-0.0489702311756348,-0.17851615865723303,0.00621075945614608,0.0,0.0,-0.0009950525542607826,-0.16909787768527995
test,2026-06-02T16:55:02+08:00,btc-updown-5m-1780390500,buy_down,4.0,0.49,0.485,0.5589175817759123,0.2313656217530684,0.2367702762192056,0.05891758177591234,-7.447244670777778,settle,btc,0.052957295858109765,0.23061334381584705,0.13129433248998318,-0.013406420171330815,0.0,0.0,-0.0009950525542607826,-0.16909787768527995
test,2026-06-02T17:00:01+08:00,btc-updown-5m-1780390800,buy_down,8.0,0.31,0.305,0.5225600113314872,0.08578615913033881,0.09030135762517116,0.2025600113314872,15.84581478982265,settle,btc,-0.3480535595599974,0.5196614662165875,0.05936607825263426,0.024905104460655306,0.0,0.0,-0.0009950525542607826,-0.16909787768527995
test,2026-06-02T17:10:02+08:00,btc-updown-5m-1780391400,buy_down,5.0,0.56,0.555,0.7786471372997894,1.246194862125188,1.2577998824358052,0.20864713729978934,5.668540635317228,settle,btc,0.20048393876117018,0.8145356537286306,0.42100665214819616,-0.01973845227326829,0.0,0.0,-0.0009950525542607826,-0.16909787768527995
test,2026-06-02T17:15:01+08:00,btc-updown-5m-1780391700,buy_up,5.0,0.5,0.495,0.5581205548800117,0.22815286565187543,0.2335378909406062,0.048120554880011664,7.290191467207725,settle,btc,0.07397322828062054,0.23367654355419326,0.06961941674576475,0.020976607310837628,0.0,0.0,-0.0009950525542607826,-0.16909787768527995
test,2026-06-02T17:20:01+08:00,btc-updown-5m-1780392000,buy_down,5.0,0.46,0.455,0.7656366536474511,1.172679184483292,1.183835041448441,0.2956366536474511,8.65498387777456,settle,btc,-0.010310199668486515,0.959212630673164,0.3940374615367968,-0.0001677778186417234,0.0,0.0,-0.0009950525542607826,-0.16909787768527995
test,2026-06-02T17:30:00+08:00,btc-updown-5m-1780392600,buy_up,5.0,0.54,0.535,0.6123848210624026,0.4506036898570954,0.45734783689518843,0.062384821062402514,6.332018865296387,settle,btc,0.1581213192435915,0.3068660155125941,0.1331345976998188,0.0225746876406317,0.0,0.0,-0.0009950525542607826,-0.16909787768527995
test,2026-06-02T17:35:00+08:00,btc-updown-5m-1780392900,buy_down,5.0,0.49,0.485,0.5537372333040841,0.21050512281748593,0.21578232458522476,0.053737233304084094,7.81810492551901,settle,btc,0.052957295858109765,0.23545924163948495,0.10713980137886897,-0.014958285819437044,0.0,0.0,-0.0009950525542607826,-0.16909787768527995
test,2026-06-02T17:40:02+08:00,btc-updown-5m-1780393200,buy_up,4.0,0.46,0.425,0.580269738879766,0.31794714590319717,0.32388079293650424,0.11026973887976595,8.917738379173532,settle,btc,-0.07427203910466089,0.4157778277859624,0.17398357000306042,-0.02744928254162397,0.0,0.0,-0.0009950525542607826,-0.16909787768527995
test,2026-06-02T17:50:00+08:00,btc-updown-5m-1780393800,buy_down,10.0,0.55,0.545,0.5987654513172185,0.3939259292327987,0.40032378860284257,0.03876545131721843,6.263281008044443,settle,btc,0.17926418087756993,0.23329048253346524,0.1331774825095339,0.018286713551770334,0.0,0.0,-0.0009950525542607826,-0.16909787768527995
test,2026-06-02T17:55:01+08:00,btc-updown-5m-1780394100,buy_up,5.0,0.6,0.595,0.6344547808802519,0.5440608789409416,0.5513760272273865,0.024454780880251888,5.129627145588401,settle,market_prior,0.28649664736570424,0.28555506677770676,0.09370808211701169,0.048394012920059674,0.0,0.0,-0.0009950525542607826,-0.16909787768527995
test,2026-06-02T18:00:00+08:00,btc-updown-5m-1780394400,buy_down,5.0,0.47,0.465,0.5303629765148172,0.11689625381613929,0.12160152760722309,0.050362976514817255,-8.112030987157668,settle,btc,0.010832661965491977,0.21497635391870445,0.06996720549125166,-0.008787037319768076,0.0,0.0,-0.0009950525542607826,-0.16909787768527995
test,2026-06-02T18:05:01+08:00,btc-updown-5m-1780394700,buy_up,5.0,0.53,0.525,0.6009305169728656,0.40289113618262373,0.4093437708397297,0.06093051697286556,6.823544555832719,settle,btc,0.1370378815316424,0.28258137336285943,0.13406493745213036,0.019299874075532283,0.0,0.0,-0.0009950525542607826,-0.16909787768527995
test,2026-06-02T18:15:01+08:00,btc-updown-5m-1780395300,buy_up,5.0,0.44,0.435,0.5041515746883811,0.012539004632674471,0.01660668039473047,0.05415157468838112,9.912681846598295,settle,btc,-0.052844462835857135,0.21133958269323488,0.05116389674183636,-0.02702708172699891,0.0,0.0,-0.0009950525542607826,-0.16909787768527995
test,2026-06-02T18:25:01+08:00,btc-updown-5m-1780395900,buy_up,5.0,0.52,0.515,0.5642946083013294,0.25307288174568865,0.2586101624193503,0.03429460830132936,7.257226882692249,settle,btc,0.11599668535097349,0.22990923539321834,0.06992281330041596,0.007337077940621644,0.0,0.0,-0.0009950525542607826,-0.16909787768527995
test,2026-06-02T18:30:01+08:00,btc-updown-5m-1780396200,buy_up,10.0,0.62,0.615,0.6536304016221633,0.6272124634986401,0.6350356482352537,0.02363040162216335,-8.232519476903342,settle,market_prior,0.33045584057817046,0.28122788226681467,0.14093630178421737,0.04468536910897846,0.0,0.0,-0.0009950525542607826,-0.16909787768527995
test,2026-06-02T18:35:02+08:00,btc-updown-5m-1780396500,buy_down,5.0,0.42,0.415,0.4533965841821288,-0.18978782526584836,-0.18695631842326965,0.023396584182128817,10.883633430446263,settle,market_prior,-0.09583158198412475,0.06923399125836144,-0.011013706788015805,0.01791640248747149,0.0,0.0,-0.0009950525542607826,-0.16909787768527995
test,2026-06-02T18:40:01+08:00,btc-updown-5m-1780396800,buy_down,10.0,0.6,0.595,0.6301916358314102,0.5258352263322761,0.5330390202061436,0.020191635831410266,5.28343120766953,settle,market_prior,0.28649664736570424,0.2517819305970564,0.14410540875900135,0.013544169850054787,0.0,0.0,-0.0009950525542607826,-0.16909787768527995
test,2026-06-02T18:45:02+08:00,btc-updown-5m-1780397100,buy_up,49.0,0.66,0.655,0.7018384846988138,0.8469025225781225,0.8560679614442966,0.03183848469881379,4.090595008091832,settle,market_prior,0.42115904652909675,0.395635713611471,0.21393847748357567,-0.013737784806480085,0.0,0.0,-0.0009950525542607826,-0.16909787768527995
test,2026-06-02T18:50:02+08:00,btc-updown-5m-1780397400,buy_up,10.0,0.65,0.645,0.7742499012711234,1.2210148850776406,1.2324660617035872,0.11424990127112335,4.300788659276858,settle,btc,0.39807344390496124,0.6647497276733774,0.29567054109042307,0.03261410264841959,0.0,0.0,-0.0009950525542607826,-0.16909787768527995
test,2026-06-02T19:15:02+08:00,btc-updown-5m-1780398900,buy_down,5.0,0.48,0.475,0.5874331854771014,0.3472516548152681,0.35336434544420614,0.09743318547710146,8.781672843660935,settle,btc,0.03191609967744088,0.3746891069450559,0.07171726521046733,0.03902211322184474,0.0,0.0,-0.0009950525542607826,-0.16909787768527995
test,2026-06-02T19:25:01+08:00,btc-updown-5m-1780399500,buy_down,10.0,0.5,0.495,0.6217213765447168,0.48987692433839847,0.49686102151981887,0.11172137654471682,8.18586216966808,settle,btc,0.07397322828062054,0.3850571470387243,0.17153631180836,0.029403167450234604,0.0,0.0,-0.0009950525542607826,-0.16909787768527995
test,2026-06-02T19:30:01+08:00,btc-updown-5m-1780399800,buy_down,10.0,0.6,0.595,0.7457204977243341,1.0654162912484666,1.0759167973889296,0.13572049772433414,5.482606481943916,settle,btc,0.28649664736570424,0.5930028590979058,0.3122728070369091,0.04373690798748815,0.0,0.0,-0.0009950525542607826,-0.16909787768527995
test,2026-06-02T19:35:02+08:00,btc-updown-5m-1780400100,buy_down,10.0,0.46,0.455,0.4907135078673337,-0.04089146890089142,-0.037150240653326075,0.020713507867333676,-8.318163001963619,settle,btc,-0.010310199668486515,0.0694937041356871,0.03793150425699385,0.032086452614454884,0.0,0.0,-0.0009950525542607826,-0.16909787768527995
test,2026-06-02T19:40:02+08:00,btc-updown-5m-1780400400,buy_up,162.0,0.32,0.315,0.3502983035542275,-0.617943816982574,-0.6177282416499865,0.020298303554227466,-6.469430814079754,settle,market_prior,-0.3234998014092145,0.019425619089009437,-0.14642819590601577,0.002651491483187772,0.0,0.0,-0.0009950525542607826,-0.16909787768527995
test,2026-06-02T19:45:01+08:00,btc-updown-5m-1780400700,buy_up,4.0,0.54,0.535,0.6170964441316813,0.47037721935908317,0.477242177970268,0.06709644413168127,6.951441108041371,settle,btc,0.1581213192435915,0.3381016354538628,0.15444587780746757,-0.010198682906297973,0.0,0.0,-0.0009950525542607826,-0.16909787768527995
test,2026-06-02T19:50:01+08:00,btc-updown-5m-1780401000,buy_down,5.0,0.49,0.485,0.5255685053021931,0.09777486335728185,0.10236330999007784,0.02556850530219313,-8.582901776255165,settle,btc,0.052957295858109765,0.16265607347804228,0.06344906927028714,-0.011194645009616611,0.0,0.0,-0.0009950525542607826,-0.16909787768527995
test,2026-06-02T19:55:01+08:00,btc-updown-5m-1780401300,buy_down,20.0,0.58,0.57,0.6145773700398699,0.459794058012464,0.4665943560191553,0.024577370039869935,5.885206959339102,settle,market_prior,0.23249693195104854,0.22709234435756198,0.1404042329621189,0.029893478981275357,0.0,0.0,-0.0009950525542607826,-0.16909787768527995
test,2026-06-02T20:00:01+08:00,btc-updown-5m-1780401600,buy_down,5.0,0.5,0.47,0.5571404273533731,0.22420369706224655,0.22956459386801378,0.0471404273533731,-8.551952128412118,settle,btc,0.02138072913145437,0.262007873982001,0.0943509044174186,0.01655711977091332,0.0,0.0,-0.0009950525542607826,-0.16909787768527995
test,2026-06-02T20:05:01+08:00,btc-updown-5m-1780401900,buy_down,10.0,0.64,0.635,0.6892732656254217,0.7879188831774415,0.796723946003417,0.03927326562542167,-8.428415197390477,settle,market_prior,0.3752784755662062,0.3215219250328846,0.24374785418699227,0.017463558630899243,0.0,0.0,-0.0009950525542607826,-0.16909787768527995
test,2026-06-02T20:10:01+08:00,btc-updown-5m-1780402200,buy_down,4.0,0.5,0.495,0.7437591939042123,1.05516181346241,1.0655996671769392,0.2337591939042123,8.050173856916816,settle,btc,0.07397322828062054,0.7899717264832093,0.3703499911200919,-0.0090402021819714,0.0,0.0,-0.0009950525542607826,-0.16909787768527995
test,2026-06-02T20:15:01+08:00,btc-updown-5m-1780402500,buy_down,5.0,0.47,0.465,0.6019739739575095,0.40721774730811544,0.4136968165325138,0.12197397395750954,9.17740792785843,settle,btc,0.010832661965491977,0.42210254893835736,0.1600769519009355,-0.0157014852571286,0.0,0.0,-0.0009950525542607826,-0.16909787768527995
test,2026-06-02T20:20:02+08:00,btc-updown-5m-1780402800,buy_up,5.0,0.55,0.545,0.7816787325992286,1.2637637843708962,1.2754761466274125,0.22167873259922855,6.7093911497205,settle,btc,0.17926418087756993,0.8879072051816049,0.3679163479366293,-0.0012310193853673768,0.0,0.0,-0.0009950525542607826,-0.16909787768527995
test,2026-06-02T20:25:02+08:00,btc-updown-5m-1780403100,buy_down,5.0,0.53,0.525,0.602530171205421,0.4095255426839157,0.4160187119904312,0.06253017120542094,7.337288887505664,settle,btc,0.1370378815316424,0.34605885573602596,0.10147900540616164,-0.0049572697503735014,0.0,0.0,-0.0009950525542607826,-0.16909787768527995
test,2026-06-02T20:30:00+08:00,btc-updown-5m-1780403400,buy_down,5.0,0.5,0.485,0.6475942362589641,0.6008191441826736,0.6084810720012769,0.13759423625896405,8.35666162277243,settle,btc,0.052957295858109765,0.49643549786202534,0.18906563844345145,0.03245364225862785,0.0,0.0,-0.0009950525542607826,-0.16909787768527995
test,2026-06-02T20:45:01+08:00,btc-updown-5m-1780404300,buy_down,10.0,0.61,0.595,0.6455671779020926,0.5920023888611486,0.5996104483969119,0.025567177902092626,5.36408769577907,settle,market_prior,0.28649664736570424,0.2856506376290937,0.16674789240902088,0.023200141696870572,0.0,0.0,-0.0009950525542607826,-0.16909787768527995
test,2026-06-02T20:50:01+08:00,btc-updown-5m-1780404600,buy_down,4.0,0.56,0.555,0.6640593202083515,0.6733319233194656,0.6814368870116541,0.09405932020835141,6.653031587865379,settle,btc,0.20048393876117018,0.3781873584103085,0.22951039811013374,0.03524315827739396,0.0,0.0,-0.0009950525542607826,-0.16909787768527995
test,2026-06-02T20:55:02+08:00,btc-updown-5m-1780404900,buy_down,10.0,0.39,0.385,0.44148754939927104,-0.23766607432644732,-0.2351270922243461,0.041487549399271025,13.432220840903161,settle,market_prior,-0.16150185936908718,0.09279342288389594,0.013164993936271513,-0.012029701537986897,0.0,0.0,-0.0009950525542607826,-0.16909787768527995
test,2026-06-02T21:00:01+08:00,btc-updown-5m-1780405200,buy_up,127.0,0.77,0.765,0.8135981095438428,1.4606462098728386,1.4735614770299004,0.0335981095438428,2.5329330728560246,settle,market_prior,0.704330777130288,0.6650056036815917,0.25875613344500953,0.0026466258554905192,0.0,0.0,-0.0009950525542607826,-0.16909787768527995
test,2026-06-02T21:05:01+08:00,btc-updown-5m-1780405500,buy_down,5.0,0.49,0.485,0.7017292423689309,0.8463837093065293,0.855545978346726,0.20172924236893086,9.072035801759847,settle,btc,0.052957295858109765,0.6438966073303005,0.311615518865084,0.008007217492575817,0.0,0.0,-0.0009950525542607826,-0.16909787768527995
test,2026-06-02T21:10:00+08:00,btc-updown-5m-1780405800,buy_up,5.0,0.51,0.505,0.5636667194940451,0.2505350228229231,0.25605679778078866,0.04366671949404511,-9.15741966812935,settle,btc,0.0949807529284627,0.2001322530660153,0.08268374155417763,0.042831205513808285,0.0,0.0,-0.0009950525542607826,-0.16909787768527995
test,2026-06-02T21:15:01+08:00,btc-updown-5m-1780406100,buy_up,5.0,0.56,0.555,0.7030209588302451,0.8525253439494328,0.8617251369199167,0.133020958830245,6.826051314707517,settle,btc,0.20048393876117018,0.5817921014089427,0.22554533447995287,0.01479689953890789,0.0,0.0,-0.0009950525542607826,-0.16909787768527995
test,2026-06-02T21:20:00+08:00,btc-updown-5m-1780406400,buy_up,5.0,0.6,0.595,0.7523039830343662,1.1002250394046282,1.1109382187363737,0.1423039830343662,5.82270114413522,settle,btc,0.28649664736570424,0.69157947603345,0.2977423729131009,-0.0055005266680863245,0.0,0.0,-0.0009950525542607826,-0.16909787768527995
test,2026-06-02T21:25:02+08:00,btc-updown-5m-1780406700,buy_up,5.0,0.29,0.285,0.3821224386861116,-0.4815978564036343,-0.480549239606163,0.08212243868611165,-9.327133212051084,settle,market_prior,-0.39857145011641004,0.1062577337878217,-0.05846178119672144,0.03927057136121626,0.0,0.0,-0.0009950525542607826,-0.16909787768527995
test,2026-06-02T21:30:00+08:00,btc-updown-5m-1780407000,buy_up,20.0,0.47,0.465,0.5303293025479785,0.11676188094139366,0.12146633374609883,0.05032930254797852,-9.112807597816719,settle,btc,0.010832661965491977,0.21060805394574425,0.08196724368475873,-0.016553148415060562,0.0,0.0,-0.0009950525542607826,-0.16909787768527995
test,2026-06-02T21:35:02+08:00,btc-updown-5m-1780407300,buy_down,20.0,0.71,0.705,0.7418734248955409,1.0453506664907664,1.055728576425438,0.0218734248955409,3.482974960273517,settle,market_prior,0.5420174137925392,0.4528756516786499,0.20467065533330087,0.01587987592581711,0.0,0.0,-0.0009950525542607826,-0.16909787768527995
test,2026-06-02T21:50:00+08:00,btc-updown-5m-1780408200,buy_down,10.0,0.48,0.475,0.7271918643257818,0.9705010104547868,0.980421606752549,0.23719186432578176,9.42082530772553,settle,btc,0.03191609967744088,0.7753111438184044,0.3077241604625932,0.025642536735889038,0.0,0.0,-0.0009950525542607826,-0.16909787768527995
test,2026-06-02T21:55:01+08:00,btc-updown-5m-1780408500,buy_up,5.0,0.52,0.515,0.6451239641694994,0.5900776573082657,0.5976739571909705,0.11512396416949934,8.099245504093126,settle,btc,0.11599668535097349,0.44505772650220177,0.21081090891185894,-0.01169473321722769,0.0,0.0,-0.0009950525542607826,-0.16909787768527995
test,2026-06-02T22:00:02+08:00,btc-updown-5m-1780408800,buy_down,5.0,0.49,0.455,0.8446189995173431,1.6787575931368177,1.6930054690888197,0.3446189995173431,9.226387572726148,settle,btc,-0.010310199668486515,1.3377683814204,0.5340992929215598,-0.012706951297114811,0.0,0.0,-0.0009950525542607826,-0.16909787768527995
test,2026-06-02T22:05:01+08:00,btc-updown-5m-1780409100,buy_up,6.0,0.52,0.515,0.7115920499963936,0.8936775893686099,0.9031288127933711,0.18159204999639356,-9.309779921941173,settle,btc,0.11599668535097349,0.6588218814739915,0.26604418170937755,0.022907771073808102,0.0,0.0,-0.0009950525542607826,-0.16909787768527995
test,2026-06-02T22:10:01+08:00,btc-updown-5m-1780409400,buy_up,5.0,0.53,0.525,0.5785650647531522,0.3109944433717338,0.31688561104241714,0.03856506475315214,7.846928137695393,settle,btc,0.1370378815316424,0.22954098682257817,0.0821876746864554,0.03232083057059856,0.0,0.0,-0.0009950525542607826,-0.16909787768527995
test,2026-06-02T22:20:00+08:00,btc-updown-5m-1780410000,buy_down,16.0,0.42,0.41,0.6061656657407616,0.4246374754373603,0.43122297506700896,0.1761656657407616,12.37645774314087,settle,btc,-0.10666692836217363,0.3641740755192676,0.30952324225756617,0.027700016262240924,0.0,0.0,-0.0009950525542607826,-0.16909787768527995
test,2026-06-02T22:25:01+08:00,btc-updown-5m-1780410300,buy_down,5.0,0.49,0.485,0.7232658746073738,0.9509187302712717,0.9607196834838954,0.2232658746073738,9.431897710803916,settle,btc,0.052957295858109765,0.6766946843529944,0.38562463328891006,0.005735047010798134,0.0,0.0,-0.0009950525542607826,-0.16909787768527995
test,2026-06-02T22:30:01+08:00,btc-updown-5m-1780410600,buy_up,5.0,0.54,0.53,0.8070079715450895,1.4180297706842877,1.4306846615105875,0.2570079715450895,7.781315611413229,settle,btc,0.14757325207762895,1.018959168718999,0.4245998312073129,-0.0030095510801124163,0.0,0.0,-0.0009950525542607826,-0.16909787768527995
test,2026-06-02T22:35:02+08:00,btc-updown-5m-1780410900,buy_up,5.0,0.52,0.515,0.9116328450099949,2.315598155407239,2.333736976075451,0.38163284500999484,8.510065746559047,settle,btc,0.11599668535097349,1.6414508495768394,0.7290161632003341,-0.0007726124813672804,0.0,0.0,-0.0009950525542607826,-0.16909787768527995
test,2026-06-02T22:50:01+08:00,btc-updown-5m-1780411800,buy_up,77.0,0.6,0.595,0.6462881487111052,0.5951356496893073,0.6027628527052226,0.0362881487111052,-9.658834089730192,settle,btc,0.28649664736570424,0.32287565949519154,0.079650123792993,0.07620614927495926,0.0,0.0,-0.0009950525542607826,-0.16909787768527995
test,2026-06-02T22:55:01+08:00,btc-updown-5m-1780412100,buy_up,4.0,0.58,0.575,0.6574454645522825,0.6440051602249124,0.6519309443536958,0.06744546455228252,-9.566040485798615,settle,btc,0.24322602031374418,0.3559935049173748,0.1876210447643335,0.027257520469000648,0.0,0.0,-0.0009950525542607826,-0.16909787768527995
test,2026-06-02T23:00:02+08:00,btc-updown-5m-1780412400,buy_down,4.0,0.46,0.455,0.6642624728077209,0.6742371815168312,0.6823476761217921,0.19426247280772085,10.72471568436036,settle,btc,-0.010310199668486515,0.6005068535407716,0.257926222317398,-0.003792764433311109,0.0,0.0,-0.0009950525542607826,-0.16909787768527995
test,2026-06-02T23:05:00+08:00,btc-updown-5m-1780412700,buy_up,4.0,0.6,0.595,0.687076750164341,0.7777451478382412,0.7864880515554736,0.07707675016434103,6.120069122936546,settle,btc,0.28649664736570424,0.42249191372950107,0.25003639798955823,-0.01118688100698166,0.0,0.0,-0.0009950525542607826,-0.16909787768527995
test,2026-06-02T23:10:02+08:00,btc-updown-5m-1780413000,buy_down,4.0,0.52,0.515,0.631513458630476,0.5314768029372275,0.5387150655054318,0.10151345863047602,8.565471298670849,settle,btc,0.11599668535097349,0.38820911527011726,0.2069920905911664,-0.009628158035488757,0.0,0.0,-0.0009950525542607826,-0.16909787768527995
test,2026-06-02T23:15:02+08:00,btc-updown-5m-1780413300,buy_down,5.0,0.5,0.495,0.839716624193678,1.6420972453672034,1.6561211352936607,0.329716624193678,9.371099435328391,settle,btc,0.07397322828062054,1.2027850764025425,0.5522159762596343,-0.016784105336053397,0.0,0.0,-0.0009950525542607826,-0.16909787768527995
test,2026-06-02T23:20:01+08:00,btc-updown-5m-1780413600,buy_down,4.0,0.44,0.435,0.5990780110482691,0.395219197065377,0.4016249579949916,0.14907801104826907,12.070071696166591,settle,btc,-0.052844462835857135,0.48866124449055837,0.13785055870471108,-0.008355213054494524,0.0,0.0,-0.0009950525542607826,-0.16909787768527995
test,2026-06-02T23:25:02+08:00,btc-updown-5m-1780413900,buy_down,4.0,0.54,0.535,0.765827592087719,1.1737371181011635,1.1848994387896752,0.21582759208771896,8.147298394912449,settle,btc,0.1581213192435915,0.8135857649963183,0.3703778572608836,0.0017451068399105892,0.0,0.0,-0.0009950525542607826,-0.16909787768527995
test,2026-06-02T23:30:01+08:00,btc-updown-5m-1780414200,buy_down,16.0,0.63,0.615,0.6967568677040972,0.8228829376178345,0.8319016225196355,0.056756867704097165,5.633274890196608,settle,btc,0.33045584057817046,0.47603718281053686,0.16500361110890105,0.021479233359766897,0.0,0.0,-0.0009950525542607826,-0.16909787768527995
test,2026-06-02T23:35:01+08:00,btc-updown-5m-1780414500,buy_down,8.0,0.4,0.395,0.5120820727331584,0.04407733315586611,0.04833770062130217,0.1020820727331584,14.623981614950392,settle,btc,-0.13942566138463808,0.25341792866527174,0.10418448876677217,-0.004006492651999012,0.0,0.0,-0.0009950525542607826,-0.16909787768527995
test,2026-06-02T23:40:01+08:00,btc-updown-5m-1780414800,buy_up,8.0,0.54,0.53,0.6662903009887827,0.6832882182509612,0.6914540125425993,0.1162903009887827,8.38400301907961,settle,btc,0.14757325207762895,0.5445564972123994,0.1404958988203956,0.020755500380077965,0.0,0.0,-0.0009950525542607826,-0.16909787768527995
test,2026-06-02T23:45:00+08:00,btc-updown-5m-1780415100,buy_up,4.0,0.52,0.515,0.8727099865744232,1.9094777228607405,1.9251352440565568,0.3427099865744232,9.169197147981874,settle,btc,0.11599668535097349,1.339257255010645,0.6044840413091187,0.019832671429544375,0.0,0.0,-0.0009950525542607826,-0.16909787768527995
