system,split,first_quote_ts,first_quote_cst,market_id,candidate_id,slug,session_et,side,entry_minute,entry_second,trade_number_in_market,entry_price,market_p,q_model,edge,price_bucket,entry_size,stake_fraction,target_cost,event_cap_used_fraction,shares,exit_policy,max_trades_per_market,min_entry_gap_seconds,exit_reason,exit_ts,exit_price,pnl_usd,event_ret,bankroll_after,daily_halted_before,skipped_exit_liquidity_quotes,fold,fold_split
q_edge_ne0.02_be0.06_d50_cap0.01_mt1_gap4s__settle,test,2026-05-16T15:55:01+00:00,2026-05-16T23:55:01+08:00,25911485679_attempt1::btc-updown-5m-1778946900,25911485679_attempt1::btc-updown-5m-1778946900::250::buy_down,btc-updown-5m-1778946900,other,buy_down,4.166666666666667,250.0,1,0.3,0.295,0.33104380217812984,0.02104380217812985,0.25-0.75,108.37,0.007515643635046376,0.7515643635046376,0.007515643635046376,2.505214545015459,settle,1,4,settle,,,-0.7766165089547923,-0.007766165089547923,99.22338349104521,False,0,fold_1,test
q_edge_ne0.02_be0.06_d50_cap0.01_mt1_gap4s__settle,test,2026-05-16T16:05:01+00:00,2026-05-17T00:05:01+08:00,25911485679_attempt1::btc-updown-5m-1778947500,25911485679_attempt1::btc-updown-5m-1778947500::8::buy_down,btc-updown-5m-1778947500,other,buy_down,0.13333333333333333,8.0,1,0.73,0.725,0.8260950812270674,0.08609508122706745,0.25-0.75,362.14,0.01,0.9922338349104521,0.01,1.359224431384181,settle,1,4,settle,,,0.3533983521598871,0.0035616438356164386,99.5767818432051,False,0,fold_1,test
q_edge_ne0.02_be0.06_d50_cap0.01_mt1_gap4s__settle,test,2026-05-16T16:10:01+00:00,2026-05-17T00:10:01+08:00,25911485679_attempt1::btc-updown-5m-1778947800,25911485679_attempt1::btc-updown-5m-1778947800::13::buy_down,btc-updown-5m-1778947800,other,buy_down,0.21666666666666667,13.0,1,0.64,0.635,0.7533723830484121,0.10337238304841213,0.25-0.75,236.01,0.01,0.995767818432051,0.01,1.5558872163000796,settle,1,4,settle,,,0.5445605257050279,0.0054687500000000005,100.12134236891012,False,0,fold_1,test
q_edge_ne0.02_be0.06_d50_cap0.01_mt1_gap4s__settle,test,2026-05-16T16:15:01+00:00,2026-05-17T00:15:01+08:00,25911485679_attempt1::btc-updown-5m-1778948100,25911485679_attempt1::btc-updown-5m-1778948100::180::buy_down,btc-updown-5m-1778948100,other,buy_down,3.0,180.0,1,0.13,0.125,0.16853667438566552,0.02853667438566552,0.10-0.25,286.36,0.008200193788984345,0.8210144098383119,0.008200193788984345,6.315495460294707,settle,1,4,settle,,,-0.884169364441259,-0.008830977926598526,99.23717300446886,False,0,fold_1,test
q_edge_ne0.02_be0.06_d50_cap0.01_mt1_gap4s__settle,test,2026-05-16T16:20:01+00:00,2026-05-17T00:20:01+08:00,25911485679_attempt1::btc-updown-5m-1778948400,25911485679_attempt1::btc-updown-5m-1778948400::4::buy_down,btc-updown-5m-1778948400,other,buy_down,0.06666666666666667,4.0,1,0.54,0.535,0.588881341626733,0.038881341626732964,0.25-0.75,196.0,0.01,0.9923717300446886,0.01,1.8377254260086824,settle,1,4,settle,,,0.8269764417039069,0.008333333333333331,100.06414944617276,False,0,fold_1,test
q_edge_ne0.02_be0.06_d50_cap0.01_mt1_gap4s__settle,test,2026-05-16T16:25:02+00:00,2026-05-17T00:25:02+08:00,25911485679_attempt1::btc-updown-5m-1778948700,25911485679_attempt1::btc-updown-5m-1778948700::4::buy_up,btc-updown-5m-1778948700,other,buy_up,0.06666666666666667,4.0,1,0.5,0.495,0.5411408435242755,0.031140843524275492,0.25-0.75,65.9,0.01,1.0006414944617277,0.01,2.0012829889234554,settle,1,4,settle,,,-1.0206543243509623,-0.0102,99.0434951218218,False,0,fold_1,test
q_edge_ne0.02_be0.06_d50_cap0.01_mt1_gap4s__settle,test,2026-05-16T16:30:02+00:00,2026-05-17T00:30:02+08:00,25911485679_attempt1::btc-updown-5m-1778949000,25911485679_attempt1::btc-updown-5m-1778949000::278::buy_down,btc-updown-5m-1778949000,other,buy_down,4.633333333333334,278.0,1,0.44,0.435,0.4756127162223679,0.02561271622236789,0.25-0.75,298.83,0.01,0.9904349512182181,0.01,2.2509885254959503,settle,1,4,settle,,,-1.0129448364731777,-0.010227272727272729,98.03055028534862,False,0,fold_1,test
q_edge_ne0.02_be0.06_d50_cap0.01_mt1_gap4s__settle,test,2026-05-16T16:35:00+00:00,2026-05-17T00:35:00+08:00,25911485679_attempt1::btc-updown-5m-1778949300,25911485679_attempt1::btc-updown-5m-1778949300::5::buy_down,btc-updown-5m-1778949300,other,buy_down,0.08333333333333333,5.0,1,0.6,0.595,0.7330214439238805,0.1230214439238805,0.25-0.75,140.51,0.01,0.9803055028534863,0.01,1.6338425047558105,settle,1,4,settle,,,0.6371985768547661,0.006500000000000001,98.6677488622034,False,0,fold_1,test
q_edge_ne0.02_be0.06_d50_cap0.01_mt1_gap4s__settle,test,2026-05-16T16:40:01+00:00,2026-05-17T00:40:01+08:00,25911485679_attempt1::btc-updown-5m-1778949600,25911485679_attempt1::btc-updown-5m-1778949600::4::buy_down,btc-updown-5m-1778949600,other,buy_down,0.06666666666666667,4.0,1,0.37,0.365,0.6036811519527839,0.22368115195278393,0.25-0.75,1498.53,0.01,0.986677488622034,0.01,2.6666959151946865,settle,1,4,settle,,,1.6533514674207057,0.01675675675675676,100.3211003296241,False,0,fold_1,test
q_edge_ne0.02_be0.06_d50_cap0.01_mt1_gap4s__settle,test,2026-05-16T16:45:02+00:00,2026-05-17T00:45:02+08:00,25911485679_attempt1::btc-updown-5m-1778949900,25911485679_attempt1::btc-updown-5m-1778949900::26::buy_down,btc-updown-5m-1778949900,other,buy_down,0.43333333333333335,26.0,1,0.35,0.345,0.38267412110799925,0.022674121107999275,0.25-0.75,63.77,0.008720815810768952,0.8748818379083242,0.008720815810768952,2.4996623940237837,settle,1,4,settle,,,-0.8998784618485621,-0.008969981976790923,99.42122186777554,False,0,fold_1,test
q_edge_ne0.02_be0.06_d50_cap0.01_mt1_gap4s__settle,test,2026-05-16T16:50:01+00:00,2026-05-17T00:50:01+08:00,25911485679_attempt1::btc-updown-5m-1778950200,25911485679_attempt1::btc-updown-5m-1778950200::4::buy_up,btc-updown-5m-1778950200,other,buy_up,0.06666666666666667,4.0,1,0.33,0.325,0.3882481043242587,0.048248104324258696,0.25-0.75,160.0,0.01,0.9942122186777554,0.01,3.0127642990235013,settle,1,4,settle,,,-1.0243398616679904,-0.010303030303030303,98.39688200610755,False,0,fold_1,test
q_edge_ne0.02_be0.06_d50_cap0.01_mt1_gap4s__settle,test,2026-05-16T16:55:00+00:00,2026-05-17T00:55:00+08:00,25911485679_attempt1::btc-updown-5m-1778950500,25911485679_attempt1::btc-updown-5m-1778950500::268::buy_down,btc-updown-5m-1778950500,other,buy_down,4.466666666666667,268.0,1,0.53,0.525,0.5836641938240109,0.043664193824010884,0.25-0.75,593.01,0.01,0.9839688200610754,0.01,1.856544943511463,settle,1,4,settle,,,-1.00253426949619,-0.010188679245283019,97.39434773661135,False,0,fold_1,test
q_edge_ne0.02_be0.06_d50_cap0.01_mt1_gap4s__settle,test,2026-05-17T00:00:02+00:00,2026-05-17T08:00:02+08:00,25957739510_attempt1::btc-updown-5m-1778976000,25957739510_attempt1::btc-updown-5m-1778976000::13::buy_up,btc-updown-5m-1778976000,asia,buy_up,0.21666666666666667,13.0,1,0.73,0.725,0.809603270002307,0.06960327000230705,0.25-0.75,255.26,0.01,0.9739434773661135,0.01,1.334169147076868,settle,1,4,settle,,,0.3468839782399857,0.0035616438356164386,97.74123171485134,False,0,fold_1,test
q_edge_ne0.02_be0.06_d50_cap0.01_mt1_gap4s__settle,test,2026-05-17T00:05:01+00:00,2026-05-17T08:05:01+08:00,25957739510_attempt1::btc-updown-5m-1778976300,25957739510_attempt1::btc-updown-5m-1778976300::37::buy_down,btc-updown-5m-1778976300,asia,buy_down,0.6166666666666667,37.0,1,0.52,0.51,0.5728541775383378,0.042854177538337763,0.25-0.75,63.65,0.01,0.9774123171485134,0.01,1.8796390714394489,settle,1,4,settle,,,0.8834303635765409,0.009038461538461539,98.62466207842787,False,0,fold_1,test
q_edge_ne0.02_be0.06_d50_cap0.01_mt1_gap4s__settle,test,2026-05-17T00:10:01+00:00,2026-05-17T08:10:01+08:00,25957739510_attempt1::btc-updown-5m-1778976600,25957739510_attempt1::btc-updown-5m-1778976600::4::buy_down,btc-updown-5m-1778976600,asia,buy_down,0.06666666666666667,4.0,1,0.49,0.485,0.5479289676433511,0.04792896764335109,0.25-0.75,223.02,0.01,0.9862466207842787,0.01,2.0127482056822017,settle,1,4,settle,,,1.0063741028411008,0.010204081632653062,99.63103618126898,False,0,fold_1,test
q_edge_ne0.02_be0.06_d50_cap0.01_mt1_gap4s__settle,test,2026-05-17T00:15:01+00:00,2026-05-17T08:15:01+08:00,25957739510_attempt1::btc-updown-5m-1778976900,25957739510_attempt1::btc-updown-5m-1778976900::8::buy_up,btc-updown-5m-1778976900,asia,buy_up,0.13333333333333333,8.0,1,0.64,0.635,0.6716036220955278,0.021603622095527804,0.25-0.75,62.7,0.01,0.9963103618126898,0.01,1.5567349403323278,settle,1,4,settle,,,0.5448572291163147,0.00546875,100.1758934103853,False,0,fold_1,test
q_edge_ne0.02_be0.06_d50_cap0.01_mt1_gap4s__settle,test,2026-05-17T00:20:02+00:00,2026-05-17T08:20:02+08:00,25957739510_attempt1::btc-updown-5m-1778977200,25957739510_attempt1::btc-updown-5m-1778977200::8::buy_down,btc-updown-5m-1778977200,asia,buy_down,0.13333333333333333,8.0,1,0.47,0.465,0.6313409955250046,0.15134099552500457,0.25-0.75,52.08,0.01,1.001758934103853,0.01,2.1314019874550065,settle,1,4,settle,,,1.1083290334766034,0.011063829787234043,101.2842224438619,False,0,fold_1,test
q_edge_ne0.02_be0.06_d50_cap0.01_mt1_gap4s__settle,test,2026-05-17T00:25:01+00:00,2026-05-17T08:25:01+08:00,25957739510_attempt1::btc-updown-5m-1778977500,25957739510_attempt1::btc-updown-5m-1778977500::4::buy_down,btc-updown-5m-1778977500,asia,buy_down,0.06666666666666667,4.0,1,0.48,0.475,0.5955027611370757,0.1055027611370757,0.25-0.75,60.0,0.01,1.012842224438619,0.01,2.1100879675804562,settle,1,4,settle,,,-1.0339431041144236,-0.010208333333333333,100.25027933974748,False,0,fold_1,test
q_edge_ne0.02_be0.06_d50_cap0.01_mt1_gap4s__settle,test,2026-05-17T00:30:00+00:00,2026-05-17T08:30:00+08:00,25957739510_attempt1::btc-updown-5m-1778977800,25957739510_attempt1::btc-updown-5m-1778977800::4::buy_down,btc-updown-5m-1778977800,asia,buy_down,0.06666666666666667,4.0,1,0.48,0.475,0.5171642644874157,0.02716426448741572,0.25-0.75,322.29,0.01,1.0025027933974748,0.01,2.0885474862447393,settle,1,4,settle,,,1.065159217984817,0.010625,101.31543855773229,False,0,fold_1,test
q_edge_ne0.02_be0.06_d50_cap0.01_mt1_gap4s__settle,test,2026-05-17T00:35:02+00:00,2026-05-17T08:35:02+08:00,25957739510_attempt1::btc-updown-5m-1778978100,25957739510_attempt1::btc-updown-5m-1778978100::4::buy_up,btc-updown-5m-1778978100,asia,buy_up,0.06666666666666667,4.0,1,0.48,0.475,0.5617117347555312,0.07171173475553118,0.25-0.75,964.55,0.01,1.0131543855773228,0.009999999999999998,2.110738303286089,settle,1,4,settle,,,1.0764765346759055,0.010624999999999999,102.3919150924082,False,0,fold_1,test
q_edge_ne0.02_be0.06_d50_cap0.01_mt1_gap4s__settle,test,2026-05-17T00:40:00+00:00,2026-05-17T08:40:00+08:00,25957739510_attempt1::btc-updown-5m-1778978400,25957739510_attempt1::btc-updown-5m-1778978400::155::buy_up,btc-updown-5m-1778978400,asia,buy_up,2.5833333333333335,155.0,1,0.13,0.125,0.1614141419432976,0.021414141943297584,0.10-0.25,68.5,0.006153489064165973,0.6300675297801447,0.006153489064165973,4.8466733060011125,settle,1,4,settle,,,-0.6785342628401558,-0.006626834376794125,101.71338082956804,False,0,fold_1,test
q_edge_ne0.02_be0.06_d50_cap0.01_mt1_gap4s__settle,test,2026-05-17T00:50:01+00:00,2026-05-17T08:50:01+08:00,25957739510_attempt1::btc-updown-5m-1778979000,25957739510_attempt1::btc-updown-5m-1778979000::33::buy_up,btc-updown-5m-1778979000,asia,buy_up,0.55,33.0,1,0.67,0.665,0.7000075261556336,0.02000752615563351,0.25-0.75,132.77,0.01,1.0171338082956805,0.01,1.5181101616353438,settle,1,4,settle,,,0.48579525172330995,0.004776119402985074,102.19917608129134,False,0,fold_1,test
q_edge_ne0.02_be0.06_d50_cap0.01_mt1_gap4s__settle,test,2026-05-17T00:55:02+00:00,2026-05-17T08:55:02+08:00,25957739510_attempt1::btc-updown-5m-1778979300,25957739510_attempt1::btc-updown-5m-1778979300::4::buy_down,btc-updown-5m-1778979300,asia,buy_down,0.06666666666666667,4.0,1,0.6,0.595,0.6496316896787304,0.03963168967873044,0.25-0.75,100.39,0.01,1.0219917608129134,0.01,1.7033196013548557,settle,1,4,settle,,,0.6642946445283937,0.0065,102.86347072581974,False,0,fold_1,test
q_edge_ne0.02_be0.06_d50_cap0.01_mt1_gap4s__settle,test,2026-05-17T01:00:02+00:00,2026-05-17T09:00:02+08:00,25957739510_attempt1::btc-updown-5m-1778979600,25957739510_attempt1::btc-updown-5m-1778979600::17::buy_down,btc-updown-5m-1778979600,asia,buy_down,0.2833333333333333,17.0,1,0.33,0.325,0.5242421382709858,0.18424213827098573,0.25-0.75,60.02,0.01,1.0286347072581974,0.01,3.117074870479386,settle,1,4,settle,,,-1.0598054559629912,-0.010303030303030303,101.80366526985675,False,0,fold_1,test
q_edge_ne0.02_be0.06_d50_cap0.01_mt1_gap4s__settle,test,2026-05-17T01:10:02+00:00,2026-05-17T09:10:02+08:00,25957739510_attempt1::btc-updown-5m-1778980200,25957739510_attempt1::btc-updown-5m-1778980200::9::buy_up,btc-updown-5m-1778980200,asia,buy_up,0.15,9.0,1,0.56,0.555,0.7163101275479342,0.14631012754793415,0.25-0.75,100.0,0.01,1.0180366526985676,0.01,1.817922594104585,settle,1,4,settle,,,0.7817067154649714,0.007678571428571428,102.58537198532173,False,0,fold_1,test
q_edge_ne0.02_be0.06_d50_cap0.01_mt1_gap4s__settle,test,2026-05-17T01:15:01+00:00,2026-05-17T09:15:01+08:00,25957739510_attempt1::btc-updown-5m-1778980500,25957739510_attempt1::btc-updown-5m-1778980500::163::buy_down,btc-updown-5m-1778980500,asia,buy_down,2.716666666666667,163.0,1,0.27,0.265,0.30809588782593444,0.028095887825934425,0.25-0.75,115.11,0.009621879392443296,0.987064076671697,0.009621879392443296,3.655792876561841,settle,1,4,settle,,,2.6321708711245253,0.025658345046515457,105.21754285644626,False,0,fold_1,test
q_edge_ne0.02_be0.06_d50_cap0.01_mt1_gap4s__settle,test,2026-05-17T01:25:00+00:00,2026-05-17T09:25:00+08:00,25957739510_attempt1::btc-updown-5m-1778981100,25957739510_attempt1::btc-updown-5m-1778981100::4::buy_down,btc-updown-5m-1778981100,asia,buy_down,0.06666666666666667,4.0,1,0.35,0.32,0.44122015633477135,0.08122015633477138,0.25-0.75,67.0,0.01,1.0521754285644627,0.01,3.0062155101841794,settle,1,4,settle,,,1.923977926517875,0.01828571428571429,107.14152078296414,False,0,fold_1,test
q_edge_ne0.02_be0.06_d50_cap0.01_mt1_gap4s__settle,test,2026-05-17T01:30:02+00:00,2026-05-17T09:30:02+08:00,25957739510_attempt1::btc-updown-5m-1778981400,25957739510_attempt1::btc-updown-5m-1778981400::4::buy_down,btc-updown-5m-1778981400,asia,buy_down,0.06666666666666667,4.0,1,0.5,0.495,0.5771165848946715,0.06711658489467155,0.25-0.75,99.35,0.01,1.0714152078296413,0.009999999999999998,2.1428304156592826,settle,1,4,settle,,,-1.092843511986234,-0.010199999999999999,106.0486772709779,False,0,fold_1,test
q_edge_ne0.02_be0.06_d50_cap0.01_mt1_gap4s__settle,test,2026-05-17T01:35:02+00:00,2026-05-17T09:35:02+08:00,25957739510_attempt1::btc-updown-5m-1778981700,25957739510_attempt1::btc-updown-5m-1778981700::4::buy_down,btc-updown-5m-1778981700,asia,buy_down,0.06666666666666667,4.0,1,0.5,0.495,0.6340800221754023,0.12408002217540227,0.25-0.75,373.89,0.01,1.060486772709779,0.01,2.120973545419558,settle,1,4,settle,,,1.0392770372555835,0.0098,107.08795430823349,False,0,fold_1,test
q_edge_ne0.02_be0.06_d50_cap0.01_mt1_gap4s__settle,test,2026-05-17T01:40:01+00:00,2026-05-17T09:40:01+08:00,25957739510_attempt1::btc-updown-5m-1778982000,25957739510_attempt1::btc-updown-5m-1778982000::4::buy_down,btc-updown-5m-1778982000,asia,buy_down,0.06666666666666667,4.0,1,0.49,0.48,0.8459308390211391,0.3459308390211391,0.25-0.75,63.02,0.01,1.070879543082335,0.01,2.1854684552700716,settle,1,4,settle,,,1.0927342276350358,0.010204081632653062,108.18068853586853,False,0,fold_1,test
q_edge_ne0.02_be0.06_d50_cap0.01_mt1_gap4s__settle,test,2026-05-17T01:50:01+00:00,2026-05-17T09:50:01+08:00,25957739510_attempt1::btc-updown-5m-1778982600,25957739510_attempt1::btc-updown-5m-1778982600::4::buy_up,btc-updown-5m-1778982600,asia,buy_up,0.06666666666666667,4.0,1,0.54,0.535,0.5706537083779202,0.02065370837792014,0.25-0.75,170.67,0.01,1.0818068853586853,0.01,2.0033460839975654,settle,1,4,settle,,,0.9015057377989043,0.008333333333333333,109.08219427366743,False,0,fold_1,test
q_edge_ne0.02_be0.06_d50_cap0.01_mt1_gap4s__settle,test,2026-05-17T01:55:02+00:00,2026-05-17T09:55:02+08:00,25957739510_attempt1::btc-updown-5m-1778982900,25957739510_attempt1::btc-updown-5m-1778982900::155::buy_up,btc-updown-5m-1778982900,asia,buy_up,2.5833333333333335,155.0,1,0.19,0.185,0.22108469819106963,0.021084698191069624,0.10-0.25,144.66,0.006507622898478279,0.7098657852715743,0.006507622898478278,3.736135711955654,settle,1,4,settle,,,-0.7472271423911309,-0.006850129366819241,108.3349671312763,False,0,fold_1,test
q_edge_ne0.02_be0.06_d50_cap0.01_mt1_gap4s__settle,test,2026-05-17T02:00:01+00:00,2026-05-17T10:00:01+08:00,25957739510_attempt1::btc-updown-5m-1778983200,25957739510_attempt1::btc-updown-5m-1778983200::16::buy_up,btc-updown-5m-1778983200,asia,buy_up,0.26666666666666666,16.0,1,0.64,0.635,0.7388184707841049,0.08881847078410489,0.25-0.75,399.89,0.01,1.083349671312763,0.01,1.6927338614261922,settle,1,4,settle,,,0.5924568514991673,0.00546875,108.92742398277547,False,0,fold_1,test
q_edge_ne0.02_be0.06_d50_cap0.01_mt1_gap4s__settle,test,2026-05-17T02:10:02+00:00,2026-05-17T10:10:02+08:00,25957739510_attempt1::btc-updown-5m-1778983800,25957739510_attempt1::btc-updown-5m-1778983800::9::buy_up,btc-updown-5m-1778983800,asia,buy_up,0.15,9.0,1,0.51,0.505,0.556643393501891,0.03664339350189095,0.25-0.75,52.76,0.01,1.0892742398277546,0.01,2.1358318427995187,settle,1,4,settle,,,1.025199284543769,0.009411764705882352,109.95262326731924,False,0,fold_1,test
q_edge_ne0.02_be0.06_d50_cap0.01_mt1_gap4s__settle,test,2026-05-17T02:15:02+00:00,2026-05-17T10:15:02+08:00,25957739510_attempt1::btc-updown-5m-1778984100,25957739510_attempt1::btc-updown-5m-1778984100::8::buy_down,btc-updown-5m-1778984100,asia,buy_down,0.13333333333333333,8.0,1,0.44,0.435,0.4890299007965082,0.039029900796508206,0.25-0.75,182.22,0.01,1.0995262326731925,0.01,2.4989232560754373,settle,1,4,settle,,,-1.1245154652339469,-0.010227272727272727,108.8281078020853,False,0,fold_1,test
q_edge_ne0.02_be0.06_d50_cap0.01_mt1_gap4s__settle,test,2026-05-17T02:20:02+00:00,2026-05-17T10:20:02+08:00,25957739510_attempt1::btc-updown-5m-1778984400,25957739510_attempt1::btc-updown-5m-1778984400::9::buy_down,btc-updown-5m-1778984400,asia,buy_down,0.15,9.0,1,0.37,0.365,0.4031856903523214,0.023185690352321382,0.25-0.75,328.66,0.009200670774730708,1.001291590923889,0.009200670774730708,2.706193488983484,settle,1,4,settle,,,1.6778399631697603,0.015417340217116321,110.50594776525506,False,0,fold_1,test
q_edge_ne0.02_be0.06_d50_cap0.01_mt1_gap4s__settle,test,2026-05-17T02:25:02+00:00,2026-05-17T10:25:02+08:00,25957739510_attempt1::btc-updown-5m-1778984700,25957739510_attempt1::btc-updown-5m-1778984700::218::buy_down,btc-updown-5m-1778984700,asia,buy_down,3.6333333333333333,218.0,1,0.12,0.115,0.15740439765604372,0.027404397656043723,0.10-0.25,98.59,0.00778534024319424,0.8603264022491608,0.00778534024319424,7.169386685409673,settle,1,4,settle,,,-0.9320202691032575,-0.00843411859679376,109.5739274961518,False,0,fold_1,test
q_edge_ne0.02_be0.06_d50_cap0.01_mt1_gap4s__settle,test,2026-05-17T02:30:01+00:00,2026-05-17T10:30:01+08:00,25957739510_attempt1::btc-updown-5m-1778985000,25957739510_attempt1::btc-updown-5m-1778985000::4::buy_up,btc-updown-5m-1778985000,asia,buy_up,0.06666666666666667,4.0,1,0.51,0.505,0.5853083409536257,0.06530834095362571,0.25-0.75,99.94,0.01,1.095739274961518,0.01,2.148508382277486,settle,1,4,settle,,,-1.117224358784293,-0.01019607843137255,108.4567031373675,False,0,fold_1,test
q_edge_ne0.02_be0.06_d50_cap0.01_mt1_gap4s__settle,test,2026-05-17T02:35:01+00:00,2026-05-17T10:35:01+08:00,25957739510_attempt1::btc-updown-5m-1778985300,25957739510_attempt1::btc-updown-5m-1778985300::4::buy_up,btc-updown-5m-1778985300,asia,buy_up,0.06666666666666667,4.0,1,0.42,0.415,0.5208975855404318,0.09089758554043177,0.25-0.75,121.19,0.01,1.084567031373675,0.01,2.5823024556516074,settle,1,4,settle,,,1.4719123997214163,0.013571428571428575,109.92861553708892,False,0,fold_1,test
q_edge_ne0.02_be0.06_d50_cap0.01_mt1_gap4s__settle,test,2026-05-17T02:40:00+00:00,2026-05-17T10:40:00+08:00,25957739510_attempt1::btc-updown-5m-1778985600,25957739510_attempt1::btc-updown-5m-1778985600::33::buy_down,btc-updown-5m-1778985600,asia,buy_down,0.55,33.0,1,0.55,0.545,0.5854518928086123,0.02545189280861227,0.25-0.75,59.02,0.01,1.0992861553708893,0.01,1.998702100674344,settle,1,4,settle,,,-1.1192731763776327,-0.010181818181818183,108.80934236071128,False,0,fold_1,test
q_edge_ne0.02_be0.06_d50_cap0.01_mt1_gap4s__settle,test,2026-05-17T02:45:01+00:00,2026-05-17T10:45:01+08:00,25957739510_attempt1::btc-updown-5m-1778985900,25957739510_attempt1::btc-updown-5m-1778985900::12::buy_up,btc-updown-5m-1778985900,asia,buy_up,0.2,12.0,1,0.56,0.555,0.5959060654524664,0.025906065452466327,0.25-0.75,74.41,0.01,1.088093423607113,0.01,1.9430239707269872,settle,1,4,settle,,,-1.1075236633143828,-0.01017857142857143,107.7018186973969,False,0,fold_1,test
q_edge_ne0.02_be0.06_d50_cap0.01_mt1_gap4s__settle,test,2026-05-17T02:50:00+00:00,2026-05-17T10:50:00+08:00,25957739510_attempt1::btc-updown-5m-1778986200,25957739510_attempt1::btc-updown-5m-1778986200::4::buy_down,btc-updown-5m-1778986200,asia,buy_down,0.06666666666666667,4.0,1,0.5,0.495,0.5702426566407193,0.06024265664071927,0.25-0.75,527.78,0.01,1.077018186973969,0.01,2.154036373947938,settle,1,4,settle,,,-1.0985585507134483,-0.010199999999999999,106.60326014668345,False,0,fold_1,test
q_edge_ne0.02_be0.06_d50_cap0.01_mt1_gap4s__settle,test,2026-05-17T02:55:01+00:00,2026-05-17T10:55:01+08:00,25957739510_attempt1::btc-updown-5m-1778986500,25957739510_attempt1::btc-updown-5m-1778986500::16::buy_up,btc-updown-5m-1778986500,asia,buy_up,0.26666666666666666,16.0,1,0.28,0.275,0.3188019363020486,0.028801936302048588,0.25-0.75,202.67,0.01,1.0660326014668347,0.010000000000000002,3.8072592909529805,settle,1,4,settle,,,-1.1041051943763645,-0.010357142857142858,105.4991549523071,False,0,fold_1,test
q_edge_ne0.02_be0.06_d50_cap0.01_mt1_gap4s__settle,test,2026-05-17T03:00:00+00:00,2026-05-17T11:00:00+08:00,25957739510_attempt1::btc-updown-5m-1778986800,25957739510_attempt1::btc-updown-5m-1778986800::4::buy_up,btc-updown-5m-1778986800,asia,buy_up,0.06666666666666667,4.0,1,0.32,0.315,0.44641068036769443,0.11641068036769443,0.25-0.75,108.07,0.01,1.054991549523071,0.010000000000000002,3.296848592259597,settle,1,4,settle,,,2.20888855681393,0.0209375,107.70804350912103,False,0,fold_1,test
q_edge_ne0.02_be0.06_d50_cap0.01_mt1_gap4s__settle,test,2026-05-17T03:10:00+00:00,2026-05-17T11:10:00+08:00,25957739510_attempt1::btc-updown-5m-1778987400,25957739510_attempt1::btc-updown-5m-1778987400::4::buy_down,btc-updown-5m-1778987400,asia,buy_down,0.06666666666666667,4.0,1,0.46,0.455,0.4992408690954015,0.029240869095401474,0.25-0.75,166.03,0.01,1.0770804350912102,0.01,2.341479206720022,settle,1,4,settle,,,-1.1004952271584105,-0.010217391304347826,106.60754828196262,False,0,fold_1,test
q_edge_ne0.02_be0.06_d50_cap0.01_mt1_gap4s__settle,test,2026-05-17T03:15:02+00:00,2026-05-17T11:15:02+08:00,25957739510_attempt1::btc-updown-5m-1778987700,25957739510_attempt1::btc-updown-5m-1778987700::5::buy_up,btc-updown-5m-1778987700,asia,buy_up,0.08333333333333333,5.0,1,0.53,0.525,0.6033251522256938,0.0633251522256938,0.25-0.75,56.54,0.01,1.0660754828196262,0.01,2.01146317513137,settle,1,4,settle,,,0.92527306056043,0.008679245283018866,107.53282134252305,False,0,fold_1,test
q_edge_ne0.02_be0.06_d50_cap0.01_mt1_gap4s__settle,test,2026-05-17T03:20:01+00:00,2026-05-17T11:20:01+08:00,25957739510_attempt1::btc-updown-5m-1778988000,25957739510_attempt1::btc-updown-5m-1778988000::5::buy_up,btc-updown-5m-1778988000,asia,buy_up,0.08333333333333333,5.0,1,0.36,0.355,0.39575525110688375,0.025755251106883766,0.25-0.75,54.98,0.01,1.0753282134252304,0.01,2.987022815070085,settle,1,4,settle,,,1.8818243734941535,0.0175,109.4146457160172,False,0,fold_1,test
q_edge_ne0.02_be0.06_d50_cap0.01_mt1_gap4s__settle,test,2026-05-17T03:25:02+00:00,2026-05-17T11:25:02+08:00,25957739510_attempt1::btc-updown-5m-1778988300,25957739510_attempt1::btc-updown-5m-1778988300::5::buy_down,btc-updown-5m-1778988300,asia,buy_down,0.08333333333333333,5.0,1,0.67,0.66,0.7000750831430506,0.020075083143050516,0.25-0.75,632.13,0.01,1.094146457160172,0.01,1.6330544136718985,settle,1,4,settle,,,-1.110477001296891,-0.010149253731343283,108.30416871472032,False,0,fold_1,test
q_edge_ne0.02_be0.06_d50_cap0.01_mt1_gap4s__settle,test,2026-05-17T03:30:01+00:00,2026-05-17T11:30:01+08:00,25957739510_attempt1::btc-updown-5m-1778988600,25957739510_attempt1::btc-updown-5m-1778988600::227::buy_down,btc-updown-5m-1778988600,asia,buy_down,3.783333333333333,227.0,1,0.11,0.105,0.1514109213283579,0.0314109213283579,0.10-0.25,96.69,0.0088232925079657,0.9555993604020451,0.0088232925079657,8.687266912745864,settle,1,4,settle,,,-1.0424720295295036,-0.009625410008689855,107.26169668519081,False,0,fold_1,test
q_edge_ne0.02_be0.06_d50_cap0.01_mt1_gap4s__settle,test,2026-05-17T03:35:02+00:00,2026-05-17T11:35:02+08:00,25957739510_attempt1::btc-updown-5m-1778988900,25957739510_attempt1::btc-updown-5m-1778988900::239::buy_up,btc-updown-5m-1778988900,asia,buy_up,3.9833333333333334,239.0,1,0.4,0.395,0.4334608233363199,0.023460823336319887,0.25-0.75,137.89,0.009775343056799954,1.0485198819521626,0.009775343056799954,2.6212997048804065,settle,1,4,settle,,,1.5465668258794398,0.014418631008779931,108.80826351107025,False,0,fold_1,test
q_edge_ne0.02_be0.06_d50_cap0.01_mt1_gap4s__settle,test,2026-05-17T03:40:00+00:00,2026-05-17T11:40:00+08:00,25957739510_attempt1::btc-updown-5m-1778989200,25957739510_attempt1::btc-updown-5m-1778989200::221::buy_up,btc-updown-5m-1778989200,asia,buy_up,3.683333333333333,221.0,1,0.12,0.115,0.15148202617668688,0.02148202617668688,0.10-0.25,86.95,0.006102848345649683,0.6640403309615498,0.006102848345649683,5.533669424679582,settle,1,4,settle,,,-0.7193770252083457,-0.00661141904112049,108.0888864858619,False,0,fold_1,test
q_edge_ne0.02_be0.06_d50_cap0.01_mt1_gap4s__settle,test,2026-05-17T03:45:01+00:00,2026-05-17T11:45:01+08:00,25957739510_attempt1::btc-updown-5m-1778989500,25957739510_attempt1::btc-updown-5m-1778989500::279::buy_down,btc-updown-5m-1778989500,asia,buy_down,4.65,279.0,1,0.11,0.105,0.14993812210142143,0.02993812210142143,0.10-0.25,58.74,0.00840958485994984,0.9089826633203412,0.00840958485994984,8.263478757457646,settle,1,4,settle,,,-0.9916174508949175,-0.009174092574490733,107.09726903496698,False,0,fold_1,test
q_edge_ne0.02_be0.06_d50_cap0.01_mt1_gap4s__settle,test,2026-05-17T03:50:01+00:00,2026-05-17T11:50:01+08:00,25957739510_attempt1::btc-updown-5m-1778989800,25957739510_attempt1::btc-updown-5m-1778989800::222::buy_up,btc-updown-5m-1778989800,asia,buy_up,3.7,222.0,1,0.12,0.115,0.15411846815690733,0.02411846815690733,0.10-0.25,285.01,0.006851837544575946,0.7338130888953377,0.006851837544575946,6.1151090741278145,settle,1,4,settle,,,-0.7949641796366159,-0.0074228240066239425,106.30230485533036,False,0,fold_1,test
q_edge_ne0.02_be0.06_d50_cap0.01_mt1_gap4s__settle,test,2026-05-17T03:55:01+00:00,2026-05-17T11:55:01+08:00,25957739510_attempt1::btc-updown-5m-1778990100,25957739510_attempt1::btc-updown-5m-1778990100::267::buy_down,btc-updown-5m-1778990100,asia,buy_down,4.45,267.0,1,0.16,0.155,0.19625126398673098,0.02625126398673098,0.10-0.25,171.44,0.007812876186527077,0.8305267461771523,0.007812876186527077,5.190792163607202,settle,1,4,settle,,,-0.8824346678132243,-0.00830118094818502,105.41987018751713,False,0,fold_1,test
q_edge_ne0.02_be0.06_d50_cap0.01_mt1_gap4s__settle,test,2026-05-17T04:05:00+00:00,2026-05-17T12:05:00+08:00,25957739510_attempt1::btc-updown-5m-1778990700,25957739510_attempt1::btc-updown-5m-1778990700::8::buy_up,btc-updown-5m-1778990700,asia,buy_up,0.13333333333333333,8.0,1,0.38,0.375,0.4490151313198208,0.059015131319820786,0.25-0.75,89.31,0.01,1.0541987018751713,0.01,2.774207110197819,settle,1,4,settle,,,1.6922663372206694,0.016052631578947364,107.1121365247378,False,0,fold_1,test
q_edge_ne0.02_be0.06_d50_cap0.01_mt1_gap4s__settle,test,2026-05-17T04:10:02+00:00,2026-05-17T12:10:02+08:00,25957739510_attempt1::btc-updown-5m-1778991000,25957739510_attempt1::btc-updown-5m-1778991000::5::buy_down,btc-updown-5m-1778991000,asia,buy_down,0.08333333333333333,5.0,1,0.56,0.555,0.5976913402050034,0.027691340205003308,0.25-0.75,150.11,0.01,1.071121365247378,0.01,1.912716723656032,settle,1,4,settle,,,-1.0902485324839384,-0.01017857142857143,106.02188799225387,False,0,fold_1,test
q_edge_ne0.02_be0.06_d50_cap0.01_mt1_gap4s__settle,test,2026-05-17T04:15:00+00:00,2026-05-17T12:15:00+08:00,25957739510_attempt1::btc-updown-5m-1778991300,25957739510_attempt1::btc-updown-5m-1778991300::36::buy_up,btc-updown-5m-1778991300,asia,buy_up,0.6,36.0,1,0.56,0.555,0.5926575956148495,0.022657595614849486,0.25-0.75,163.86,0.01,1.0602188799225387,0.01,1.893247999861676,settle,1,4,settle,,,0.8140966399405206,0.007678571428571427,106.83598463219438,False,0,fold_1,test
q_edge_ne0.02_be0.06_d50_cap0.01_mt1_gap4s__settle,test,2026-05-17T04:20:01+00:00,2026-05-17T12:20:01+08:00,25957739510_attempt1::btc-updown-5m-1778991600,25957739510_attempt1::btc-updown-5m-1778991600::233::buy_down,btc-updown-5m-1778991600,asia,buy_down,3.8833333333333333,233.0,1,0.13,0.125,0.16248607026731382,0.022486070267313814,0.10-0.25,55.4,0.006461514444630406,0.6903222579072361,0.006461514444630406,5.310171214671047,settle,1,4,settle,,,-0.7434239700539466,-0.006958554017294284,106.09256066214043,False,0,fold_1,test
q_edge_ne0.02_be0.06_d50_cap0.01_mt1_gap4s__settle,test,2026-05-17T04:30:00+00:00,2026-05-17T12:30:00+08:00,25957739510_attempt1::btc-updown-5m-1778992200,25957739510_attempt1::btc-updown-5m-1778992200::4::buy_down,btc-updown-5m-1778992200,asia,buy_down,0.06666666666666667,4.0,1,0.57,0.565,0.6207336817196106,0.04073368171961068,0.25-0.75,92.31,0.01,1.0609256066214043,0.01,1.8612729940726394,settle,1,4,settle,,,0.7817346575105086,0.007368421052631581,106.87429531965094,False,0,fold_1,test
q_edge_ne0.02_be0.06_d50_cap0.01_mt1_gap4s__settle,test,2026-05-17T04:35:02+00:00,2026-05-17T12:35:02+08:00,25957739510_attempt1::btc-updown-5m-1778992500,25957739510_attempt1::btc-updown-5m-1778992500::16::buy_up,btc-updown-5m-1778992500,asia,buy_up,0.26666666666666666,16.0,1,0.6,0.595,0.6734229805063806,0.06342298050638064,0.25-0.75,84.5,0.01,1.0687429531965094,0.01,1.7812382553275157,settle,1,4,settle,,,0.6946829195777311,0.0065,107.56897823922867,False,0,fold_1,test
q_edge_ne0.02_be0.06_d50_cap0.01_mt1_gap4s__settle,test,2026-05-17T04:40:02+00:00,2026-05-17T12:40:02+08:00,25957739510_attempt1::btc-updown-5m-1778992800,25957739510_attempt1::btc-updown-5m-1778992800::5::buy_up,btc-updown-5m-1778992800,asia,buy_up,0.08333333333333333,5.0,1,0.47,0.465,0.54199537754669,0.06199537754669005,0.25-0.75,230.76,0.01,1.0756897823922866,0.009999999999999998,2.2887016646644396,settle,1,4,settle,,,1.1901248656255086,0.01106382978723404,108.75910310485418,False,0,fold_1,test
q_edge_ne0.02_be0.06_d50_cap0.01_mt1_gap4s__settle,test,2026-05-17T04:45:01+00:00,2026-05-17T12:45:01+08:00,25957739510_attempt1::btc-updown-5m-1778993100,25957739510_attempt1::btc-updown-5m-1778993100::48::buy_up,btc-updown-5m-1778993100,asia,buy_up,0.8,48.0,1,0.51,0.505,0.5411186165979011,0.021118616597901048,0.25-0.75,242.28,0.01,1.0875910310485417,0.01,2.1325314334285133,settle,1,4,settle,,,-1.108916345382827,-0.01019607843137255,107.65018675947135,False,0,fold_1,test
q_edge_ne0.02_be0.06_d50_cap0.01_mt1_gap4s__settle,test,2026-05-17T04:50:01+00:00,2026-05-17T12:50:01+08:00,25957739510_attempt1::btc-updown-5m-1778993400,25957739510_attempt1::btc-updown-5m-1778993400::12::buy_down,btc-updown-5m-1778993400,asia,buy_down,0.2,12.0,1,0.26,0.255,0.2932245004977205,0.023224500497720464,0.25-0.75,76.41,0.00784611503301367,0.8446357486402174,0.00784611503301367,3.2485990332316055,settle,1,4,settle,,,2.371477294259072,0.022029476823461458,110.02166405373042,False,0,fold_1,test
q_edge_ne0.02_be0.06_d50_cap0.01_mt1_gap4s__settle,test,2026-05-17T04:55:01+00:00,2026-05-17T12:55:01+08:00,25957739510_attempt1::btc-updown-5m-1778993700,25957739510_attempt1::btc-updown-5m-1778993700::165::buy_down,btc-updown-5m-1778993700,asia,buy_down,2.75,165.0,1,0.67,0.665,0.7010347268615168,0.021034726861516757,0.25-0.75,51.16,0.01,1.1002166405373042,0.01,1.6421143888616478,settle,1,4,settle,,,0.5254766044357272,0.004776119402985073,110.54714065816614,False,0,fold_1,test
q_edge_ne0.02_be0.06_d50_cap0.01_mt1_gap4s__settle,test,2026-05-17T05:05:01+00:00,2026-05-17T13:05:01+08:00,25957739510_attempt1::btc-updown-5m-1778994300,25957739510_attempt1::btc-updown-5m-1778994300::4::buy_up,btc-updown-5m-1778994300,asia,buy_up,0.06666666666666667,4.0,1,0.48,0.475,0.5842707783912457,0.09427077839124577,0.25-0.75,163.54,0.01,1.1054714065816615,0.01,2.3030654303784615,settle,1,4,settle,,,1.1745633694930153,0.010625,111.72170402765916,False,0,fold_1,test
q_edge_ne0.02_be0.06_d50_cap0.01_mt1_gap4s__settle,test,2026-05-17T05:10:00+00:00,2026-05-17T13:10:00+08:00,25957739510_attempt1::btc-updown-5m-1778994600,25957739510_attempt1::btc-updown-5m-1778994600::226::buy_up,btc-updown-5m-1778994600,asia,buy_up,3.7666666666666666,226.0,1,0.23,0.225,0.26387829490906134,0.023878294909061328,0.10-0.25,91.49,0.007752693152292638,0.866144089777698,0.0077526931522926374,3.7658438685986866,settle,1,4,settle,,,-0.9038025284636848,-0.008089766767609708,110.81790149919547,False,0,fold_1,test
q_edge_ne0.02_be0.06_d50_cap0.01_mt1_gap4s__settle,test,2026-05-17T05:15:01+00:00,2026-05-17T13:15:01+08:00,25957739510_attempt1::btc-updown-5m-1778994900,25957739510_attempt1::btc-updown-5m-1778994900::4::buy_down,btc-updown-5m-1778994900,asia,buy_down,0.06666666666666667,4.0,1,0.55,0.545,0.593793627149537,0.03379362714953694,0.25-0.75,54.64,0.01,1.1081790149919548,0.01,2.0148709363490087,settle,1,4,settle,,,0.8865432119935637,0.007999999999999998,111.70444471118904,False,0,fold_1,test
q_edge_ne0.02_be0.06_d50_cap0.01_mt1_gap4s__settle,test,2026-05-17T05:20:01+00:00,2026-05-17T13:20:01+08:00,25957739510_attempt1::btc-updown-5m-1778995200,25957739510_attempt1::btc-updown-5m-1778995200::257::buy_down,btc-updown-5m-1778995200,asia,buy_down,4.283333333333333,257.0,1,0.11,0.105,0.16395335568663794,0.043953355686637934,0.10-0.25,56.47,0.01,1.1170444471118903,0.009999999999999998,10.154949519199002,settle,1,4,settle,,,-1.2185939423038803,-0.010909090909090908,110.48585076888516,False,0,fold_1,test
q_edge_ne0.02_be0.06_d50_cap0.01_mt1_gap4s__settle,test,2026-05-17T05:40:00+00:00,2026-05-17T13:40:00+08:00,25957739510_attempt1::btc-updown-5m-1778996400,25957739510_attempt1::btc-updown-5m-1778996400::4::buy_down,btc-updown-5m-1778996400,asia,buy_down,0.06666666666666667,4.0,1,0.63,0.625,0.684255176311106,0.04425517631110599,0.25-0.75,65.87,0.01,1.1048585076888515,0.01,1.753743662998177,settle,1,4,settle,,,0.6313477186793437,0.005714285714285713,111.11719848756451,False,0,fold_1,test
q_edge_ne0.02_be0.06_d50_cap0.01_mt1_gap4s__settle,test,2026-05-17T05:45:00+00:00,2026-05-17T13:45:00+08:00,25957739510_attempt1::btc-updown-5m-1778996700,25957739510_attempt1::btc-updown-5m-1778996700::222::buy_down,btc-updown-5m-1778996700,asia,buy_down,3.7,222.0,1,0.11,0.105,0.1425341470384169,0.022534147038416906,0.10-0.25,828.92,0.006329816583824974,0.7033514857347571,0.006329816583824974,6.39410441577052,settle,1,4,settle,,,-0.7672925298924623,-0.0069052544550817895,110.34990595767205,False,0,fold_1,test
q_edge_ne0.02_be0.06_d50_cap0.01_mt1_gap4s__settle,test,2026-05-17T05:50:01+00:00,2026-05-17T13:50:01+08:00,25957739510_attempt1::btc-updown-5m-1778997000,25957739510_attempt1::btc-updown-5m-1778997000::4::buy_down,btc-updown-5m-1778997000,asia,buy_down,0.06666666666666667,4.0,1,0.5,0.495,0.6538526600164595,0.14385266001645947,0.25-0.75,137.74,0.01,1.1034990595767205,0.01,2.206998119153441,settle,1,4,settle,,,1.081429078385186,0.0098,111.43133503605723,False,0,fold_1,test
q_edge_ne0.02_be0.06_d50_cap0.01_mt1_gap4s__settle,test,2026-05-17T05:55:02+00:00,2026-05-17T13:55:02+08:00,25957739510_attempt1::btc-updown-5m-1778997300,25957739510_attempt1::btc-updown-5m-1778997300::192::buy_down,btc-updown-5m-1778997300,asia,buy_down,3.2,192.0,1,0.17,0.165,0.20415984572134624,0.024159845721346225,0.10-0.25,109.53,0.007277061964260911,0.8108927298177063,0.007277061964260911,4.769957234221802,settle,1,4,settle,,,-0.8585923021599244,-0.007705124432746848,110.57274273389731,False,0,fold_1,test
q_edge_ne0.02_be0.06_d50_cap0.01_mt1_gap4s__settle,test,2026-05-17T06:00:01+00:00,2026-05-17T14:00:01+08:00,25957739510_attempt1::btc-updown-5m-1778997600,25957739510_attempt1::btc-updown-5m-1778997600::20::buy_up,btc-updown-5m-1778997600,london,buy_up,0.3333333333333333,20.0,1,0.7,0.695,0.743675028087557,0.033675028087557075,0.25-0.75,157.18,0.01,1.1057274273389732,0.01,1.5796106104842476,settle,1,4,settle,,,0.45808707704043183,0.0041428571428571434,111.03082981093775,False,0,fold_1,test
q_edge_ne0.02_be0.06_d50_cap0.01_mt1_gap4s__settle,test,2026-05-17T06:05:00+00:00,2026-05-17T14:05:00+08:00,25957739510_attempt1::btc-updown-5m-1778997900,25957739510_attempt1::btc-updown-5m-1778997900::4::buy_up,btc-updown-5m-1778997900,london,buy_up,0.06666666666666667,4.0,1,0.35,0.345,0.38910453783687826,0.02910453783687828,0.25-0.75,64.0,0.01,1.1103082981093775,0.01,3.1723094231696503,settle,1,4,settle,,,2.030278030828576,0.018285714285714287,113.06110784176633,False,0,fold_1,test
q_edge_ne0.02_be0.06_d50_cap0.01_mt1_gap4s__settle,test,2026-05-17T06:10:02+00:00,2026-05-17T14:10:02+08:00,25957739510_attempt1::btc-updown-5m-1778998200,25957739510_attempt1::btc-updown-5m-1778998200::276::buy_down,btc-updown-5m-1778998200,london,buy_down,4.6,276.0,1,0.15,0.145,0.18104219164963398,0.02104219164963398,0.10-0.25,74.61,0.006188879896951171,0.699721617448936,0.006188879896951171,4.664810782992907,settle,1,4,settle,,,-0.7463697252788651,-0.006601471890081249,112.31473811648746,False,0,fold_1,test
q_edge_ne0.02_be0.06_d50_cap0.01_mt1_gap4s__settle,test,2026-05-17T06:15:01+00:00,2026-05-17T14:15:01+08:00,25957739510_attempt1::btc-updown-5m-1778998500,25957739510_attempt1::btc-updown-5m-1778998500::214::buy_up,btc-updown-5m-1778998500,london,buy_up,3.566666666666667,214.0,1,0.23,0.225,0.26055390376758786,0.020553903767587846,0.10-0.25,436.52,0.006673345379086963,0.749515038613024,0.006673345379086964,3.2587610374479303,settle,1,4,settle,,,-0.7821026489875034,-0.006963490830351614,111.53263546749996,False,0,fold_1,test
q_edge_ne0.02_be0.06_d50_cap0.01_mt1_gap4s__settle,test,2026-05-17T06:20:02+00:00,2026-05-17T14:20:02+08:00,25957739510_attempt1::btc-updown-5m-1778998800,25957739510_attempt1::btc-updown-5m-1778998800::4::buy_down,btc-updown-5m-1778998800,london,buy_down,0.06666666666666667,4.0,1,0.5,0.495,0.5721119814837133,0.06211198148371334,0.25-0.75,414.35,0.01,1.1153263546749996,0.01,2.2306527093499993,settle,1,4,settle,,,1.0930198275814995,0.0098,112.62565529508146,False,0,fold_1,test
q_edge_ne0.02_be0.06_d50_cap0.01_mt1_gap4s__settle,test,2026-05-17T06:25:02+00:00,2026-05-17T14:25:02+08:00,25957739510_attempt1::btc-updown-5m-1778999100,25957739510_attempt1::btc-updown-5m-1778999100::4::buy_down,btc-updown-5m-1778999100,london,buy_down,0.06666666666666667,4.0,1,0.54,0.535,0.574119172651628,0.024119172651628003,0.25-0.75,146.2,0.01,1.1262565529508146,0.01,2.085660283242249,settle,1,4,settle,,,-1.147113155783237,-0.010185185185185184,111.47854213929823,False,0,fold_1,test
q_edge_ne0.02_be0.06_d50_cap0.01_mt1_gap4s__settle,test,2026-05-17T06:35:01+00:00,2026-05-17T14:35:01+08:00,25957739510_attempt1::btc-updown-5m-1778999700,25957739510_attempt1::btc-updown-5m-1778999700::237::buy_down,btc-updown-5m-1778999700,london,buy_down,3.95,237.0,1,0.15,0.145,0.1888040172244018,0.028804017224401797,0.10-0.25,52.02,0.008471769771882881,0.9444205435092787,0.008471769771882881,6.2961369567285255,settle,1,4,settle,,,-1.007381913076564,-0.00903655442334174,110.47116022622167,False,0,fold_1,test
q_edge_ne0.02_be0.06_d50_cap0.01_mt1_gap4s__settle,test,2026-05-17T06:50:01+00:00,2026-05-17T14:50:01+08:00,25957739510_attempt1::btc-updown-5m-1779000600,25957739510_attempt1::btc-updown-5m-1779000600::4::buy_up,btc-updown-5m-1779000600,london,buy_up,0.06666666666666667,4.0,1,0.62,0.615,0.6546168884457104,0.024616888445710423,0.25-0.75,165.08,0.01,1.1047116022622168,0.01,1.7817929068745433,settle,1,4,settle,,,0.659263375543581,0.005967741935483872,111.13042360176524,False,0,fold_1,test
q_edge_ne0.02_be0.06_d50_cap0.01_mt1_gap4s__settle,test,2026-05-17T06:55:01+00:00,2026-05-17T14:55:01+08:00,25957739510_attempt1::btc-updown-5m-1779000900,25957739510_attempt1::btc-updown-5m-1779000900::8::buy_down,btc-updown-5m-1779000900,london,buy_down,0.13333333333333333,8.0,1,0.64,0.635,0.6837815825608816,0.0337815825608816,0.25-0.75,188.97,0.01,1.1113042360176524,0.01,1.7364128687775817,settle,1,4,settle,,,-1.128668364705428,-0.010156249999999999,110.00175523705981,False,0,fold_1,test
q_edge_ne0.02_be0.06_d50_cap0.01_mt1_gap4s__settle,test,2026-05-17T07:05:01+00:00,2026-05-17T15:05:01+08:00,25957739510_attempt1::btc-updown-5m-1779001500,25957739510_attempt1::btc-updown-5m-1779001500::284::buy_down,btc-updown-5m-1779001500,london,buy_down,4.733333333333333,284.0,1,0.17,0.16,0.2140549275826105,0.03405492758261048,0.10-0.25,53.38,0.01,1.1000175523705982,0.01,6.47069148453293,settle,1,4,settle,,,5.305967017317002,0.04823529411764705,115.30772225437681,False,0,fold_1,test
q_edge_ne0.02_be0.06_d50_cap0.01_mt1_gap4s__settle,test,2026-05-17T07:10:02+00:00,2026-05-17T15:10:02+08:00,25957739510_attempt1::btc-updown-5m-1779001800,25957739510_attempt1::btc-updown-5m-1779001800::40::buy_down,btc-updown-5m-1779001800,london,buy_down,0.6666666666666666,40.0,1,0.54,0.535,0.5734524622493186,0.023452462249318524,0.25-0.75,64.72,0.01,1.1530772225437682,0.01,2.135328189895867,settle,1,4,settle,,,0.96089768545314,0.008333333333333333,116.26861993982995,False,0,fold_1,test
q_edge_ne0.02_be0.06_d50_cap0.01_mt1_gap4s__settle,test,2026-05-17T07:15:01+00:00,2026-05-17T15:15:01+08:00,25957739510_attempt1::btc-updown-5m-1779002100,25957739510_attempt1::btc-updown-5m-1779002100::4::buy_down,btc-updown-5m-1779002100,london,buy_down,0.06666666666666667,4.0,1,0.5,0.495,0.541172425638608,0.03117242563860801,0.25-0.75,617.5,0.01,1.1626861993982995,0.01,2.325372398796599,settle,1,4,settle,,,1.1394324754103335,0.009800000000000001,117.40805241524028,False,0,fold_1,test
q_edge_ne0.02_be0.06_d50_cap0.01_mt1_gap4s__settle,test,2026-05-17T07:25:02+00:00,2026-05-17T15:25:02+08:00,25957739510_attempt1::btc-updown-5m-1779002700,25957739510_attempt1::btc-updown-5m-1779002700::4::buy_up,btc-updown-5m-1779002700,london,buy_up,0.06666666666666667,4.0,1,0.51,0.505,0.6017370451931796,0.0817370451931796,0.25-0.75,956.11,0.01,1.1740805241524028,0.01,2.302118674808633,settle,1,4,settle,,,1.1050169639081437,0.009411764705882352,118.51306937914842,False,0,fold_1,test
q_edge_ne0.02_be0.06_d50_cap0.01_mt1_gap4s__settle,test,2026-05-17T07:30:02+00:00,2026-05-17T15:30:02+08:00,25957739510_attempt1::btc-updown-5m-1779003000,25957739510_attempt1::btc-updown-5m-1779003000::12::buy_up,btc-updown-5m-1779003000,london,buy_up,0.2,12.0,1,0.56,0.555,0.684430396440511,0.11443039644051091,0.25-0.75,113.06,0.01,1.1851306937914843,0.01,2.116304810341936,settle,1,4,settle,,,0.9100110684470324,0.007678571428571428,119.42308044759545,False,0,fold_1,test
q_edge_ne0.02_be0.06_d50_cap0.01_mt1_gap4s__settle,test,2026-05-17T07:35:02+00:00,2026-05-17T15:35:02+08:00,25957739510_attempt1::btc-updown-5m-1779003300,25957739510_attempt1::btc-updown-5m-1779003300::144::buy_up,btc-updown-5m-1779003300,london,buy_up,2.4,144.0,1,0.21,0.205,0.24815193435032232,0.028151934350322323,0.10-0.25,84.63,0.008908839984279215,1.0639211141373317,0.008908839984279215,5.06629101970158,settle,1,4,settle,,,-1.1145840243343474,-0.009333070459721081,118.3084964232611,False,0,fold_1,test
q_edge_ne0.02_be0.06_d50_cap0.01_mt1_gap4s__settle,test,2026-05-17T07:40:01+00:00,2026-05-17T15:40:01+08:00,25957739510_attempt1::btc-updown-5m-1779003600,25957739510_attempt1::btc-updown-5m-1779003600::118::buy_down,btc-updown-5m-1779003600,london,buy_down,1.9666666666666666,118.0,1,0.17,0.165,0.20688072866742982,0.026880728667429805,0.10-0.25,92.42,0.008096605020310182,0.9578971660859251,0.008096605020310182,5.634689212270147,settle,1,4,settle,,,-1.0142440582086265,-0.00857287590385784,117.29425236505247,False,0,fold_1,test
q_edge_ne0.02_be0.06_d50_cap0.01_mt1_gap4s__settle,test,2026-05-17T07:45:02+00:00,2026-05-17T15:45:02+08:00,25957739510_attempt1::btc-updown-5m-1779003900,25957739510_attempt1::btc-updown-5m-1779003900::241::buy_down,btc-updown-5m-1779003900,london,buy_down,4.016666666666667,241.0,1,0.11,0.105,0.14111344093233222,0.021113440932332216,0.10-0.25,736.84,0.005930741834924779,0.6956419294976415,0.005930741834924779,6.32401754088765,settle,1,4,settle,,,-0.758882104906518,-0.006469900183554305,116.53537026014595,False,0,fold_1,test
q_edge_ne0.02_be0.06_d50_cap0.01_mt1_gap4s__settle,test,2026-05-17T07:50:02+00:00,2026-05-17T15:50:02+08:00,25957739510_attempt1::btc-updown-5m-1779004200,25957739510_attempt1::btc-updown-5m-1779004200::78::buy_down,btc-updown-5m-1779004200,london,buy_down,1.3,78.0,1,0.4,0.395,0.4363860342660583,0.026386034266058296,0.25-0.75,51.93,0.01,1.1653537026014595,0.01,2.9133842565036487,settle,1,4,settle,,,-1.194487545166496,-0.01025,115.34088271497946,False,0,fold_1,test
q_edge_ne0.02_be0.06_d50_cap0.01_mt1_gap4s__settle,test,2026-05-17T07:55:01+00:00,2026-05-17T15:55:01+08:00,25957739510_attempt1::btc-updown-5m-1779004500,25957739510_attempt1::btc-updown-5m-1779004500::8::buy_down,btc-updown-5m-1779004500,london,buy_down,0.13333333333333333,8.0,1,0.53,0.525,0.5638383845437859,0.023838384543785847,0.25-0.75,461.74,0.01,1.1534088271497946,0.01,2.176243070093952,settle,1,4,settle,,,1.0010718122432178,0.008679245283018867,116.34195452722267,False,0,fold_1,test
q_edge_ne0.02_be0.06_d50_cap0.01_mt1_gap4s__settle,test,2026-05-17T08:00:01+00:00,2026-05-17T16:00:01+08:00,25957739510_attempt1::btc-updown-5m-1779004800,25957739510_attempt1::btc-updown-5m-1779004800::4::buy_down,btc-updown-5m-1779004800,london,buy_down,0.06666666666666667,4.0,1,0.41,0.405,0.47543112139178145,0.055431121391781475,0.25-0.75,57.8,0.01,1.1634195452722267,0.01,2.837608647005431,settle,1,4,settle,,,1.64581301526315,0.014146341463414635,117.98776754248581,False,0,fold_1,test
q_edge_ne0.02_be0.06_d50_cap0.01_mt1_gap4s__settle,test,2026-05-17T08:05:02+00:00,2026-05-17T16:05:02+08:00,25957739510_attempt1::btc-updown-5m-1779005100,25957739510_attempt1::btc-updown-5m-1779005100::4::buy_up,btc-updown-5m-1779005100,london,buy_up,0.06666666666666667,4.0,1,0.52,0.515,0.5562553482957819,0.026255348295781918,0.25-0.75,125.86,0.01,1.179877675424858,0.01,2.2689955296631887,settle,1,4,settle,,,1.0664278989416986,0.009038461538461539,119.05419544142751,False,0,fold_1,test
q_edge_ne0.02_be0.06_d50_cap0.01_mt1_gap4s__settle,test,2026-05-17T08:20:02+00:00,2026-05-17T16:20:02+08:00,25957739510_attempt1::btc-updown-5m-1779006000,25957739510_attempt1::btc-updown-5m-1779006000::4::buy_down,btc-updown-5m-1779006000,london,buy_down,0.06666666666666667,4.0,1,0.45,0.445,0.5103227314791258,0.050322731479125755,0.25-0.75,67.74,0.01,1.190541954414275,0.009999999999999998,2.6456487875872776,settle,1,4,settle,,,-1.2169984422901479,-0.010222222222222223,117.83719699913736,False,0,fold_1,test
q_edge_ne0.02_be0.06_d50_cap0.01_mt1_gap4s__settle,test,2026-05-17T08:25:01+00:00,2026-05-17T16:25:01+08:00,25957739510_attempt1::btc-updown-5m-1779006300,25957739510_attempt1::btc-updown-5m-1779006300::8::buy_down,btc-updown-5m-1779006300,london,buy_down,0.13333333333333333,8.0,1,0.5,0.495,0.5647921009767859,0.05479210097678589,0.25-0.75,642.87,0.01,1.1783719699913737,0.01,2.3567439399827474,settle,1,4,settle,,,1.1548045305915462,0.0098,118.99200152972891,False,0,fold_1,test
q_edge_ne0.02_be0.06_d50_cap0.01_mt1_gap4s__settle,test,2026-05-17T08:30:02+00:00,2026-05-17T16:30:02+08:00,25957739510_attempt1::btc-updown-5m-1779006600,25957739510_attempt1::btc-updown-5m-1779006600::197::buy_down,btc-updown-5m-1779006600,london,buy_down,3.283333333333333,197.0,1,0.11,0.105,0.15264884601458265,0.03264884601458264,0.10-0.25,165.27,0.00917102416139962,1.0912785210424443,0.00917102416139962,9.920713827658584,settle,1,4,settle,,,8.730228168339554,0.07336819329119695,127.72222969806846,False,0,fold_1,test
q_edge_ne0.02_be0.06_d50_cap0.01_mt1_gap4s__settle,test,2026-05-17T08:40:01+00:00,2026-05-17T16:40:01+08:00,25957739510_attempt1::btc-updown-5m-1779007200,25957739510_attempt1::btc-updown-5m-1779007200::4::buy_down,btc-updown-5m-1779007200,london,buy_down,0.06666666666666667,4.0,1,0.51,0.505,0.6097457538241323,0.08974575382413232,0.25-0.75,89.88,0.01,1.2772222969806846,0.01,2.5043574450601658,settle,1,4,settle,,,-1.3022658714312862,-0.01019607843137255,126.41996382663717,False,0,fold_1,test
q_edge_ne0.02_be0.06_d50_cap0.01_mt1_gap4s__settle,test,2026-05-17T08:45:01+00:00,2026-05-17T16:45:01+08:00,25957739510_attempt1::btc-updown-5m-1779007500,25957739510_attempt1::btc-updown-5m-1779007500::4::buy_down,btc-updown-5m-1779007500,london,buy_down,0.06666666666666667,4.0,1,0.45,0.44,0.5084933492406501,0.04849334924065014,0.25-0.75,390.5,0.01,1.2641996382663718,0.01,2.8093325294808262,settle,1,4,settle,,,1.5170395659196463,0.012000000000000002,127.93700339255682,False,0,fold_1,test
q_edge_ne0.02_be0.06_d50_cap0.01_mt1_gap4s__settle,test,2026-05-17T08:50:00+00:00,2026-05-17T16:50:00+08:00,25957739510_attempt1::btc-updown-5m-1779007800,25957739510_attempt1::btc-updown-5m-1779007800::5::buy_down,btc-updown-5m-1779007800,london,buy_down,0.08333333333333333,5.0,1,0.4,0.395,0.44838494574846616,0.03838494574846613,0.25-0.75,871.63,0.01,1.2793700339255683,0.01,3.1984250848139206,settle,1,4,settle,,,1.887070800040213,0.01475,129.82407419259704,False,0,fold_1,test
q_edge_ne0.02_be0.06_d50_cap0.01_mt1_gap4s__settle,test,2026-05-17T09:00:01+00:00,2026-05-17T17:00:01+08:00,25957739510_attempt1::btc-updown-5m-1779008400,25957739510_attempt1::btc-updown-5m-1779008400::4::buy_up,btc-updown-5m-1779008400,london,buy_up,0.06666666666666667,4.0,1,0.39,0.385,0.4558179609882162,0.05581796098821618,0.25-0.75,1090.34,0.01,1.2982407419259705,0.01,3.328822415194796,settle,1,4,settle,,,-1.3315289660779186,-0.010256410256410258,128.49254522651913,False,0,fold_1,test
q_edge_ne0.02_be0.06_d50_cap0.01_mt1_gap4s__settle,test,2026-05-17T09:05:00+00:00,2026-05-17T17:05:00+08:00,25957739510_attempt1::btc-updown-5m-1779008700,25957739510_attempt1::btc-updown-5m-1779008700::4::buy_up,btc-updown-5m-1779008700,london,buy_up,0.06666666666666667,4.0,1,0.34,0.33,0.4984903369414076,0.14849033694140756,0.25-0.75,475.14,0.01,1.2849254522651914,0.01,3.7791925066623273,settle,1,4,settle,,,2.4564751293305123,0.019117647058823527,130.94902035584963,False,0,fold_1,test
q_edge_ne0.02_be0.06_d50_cap0.01_mt1_gap4s__settle,test,2026-05-17T09:10:01+00:00,2026-05-17T17:10:01+08:00,25957739510_attempt1::btc-updown-5m-1779009000,25957739510_attempt1::btc-updown-5m-1779009000::8::buy_down,btc-updown-5m-1779009000,london,buy_down,0.13333333333333333,8.0,1,0.35,0.345,0.38926149237287266,0.029261492372872684,0.25-0.75,62.0,0.01,1.3094902035584963,0.01,3.741400581595704,settle,1,4,settle,,,-1.3469042093744534,-0.010285714285714287,129.60211614647517,False,0,fold_1,test
q_edge_ne0.02_be0.06_d50_cap0.01_mt1_gap4s__settle,test,2026-05-17T09:15:02+00:00,2026-05-17T17:15:02+08:00,25957739510_attempt1::btc-updown-5m-1779009300,25957739510_attempt1::btc-updown-5m-1779009300::224::buy_down,btc-updown-5m-1779009300,london,buy_down,3.7333333333333334,224.0,1,0.3,0.295,0.3308573845546339,0.020857384554633936,0.25-0.75,463.96,0.007449065912369263,0.9654147055576302,0.007449065912369263,3.2180490185254342,settle,1,4,settle,,,-0.9975951957428846,-0.007697368109448238,128.60452095073228,False,0,fold_1,test
q_edge_ne0.02_be0.06_d50_cap0.01_mt1_gap4s__settle,test,2026-05-17T09:20:00+00:00,2026-05-17T17:20:00+08:00,25957739510_attempt1::btc-updown-5m-1779009600,25957739510_attempt1::btc-updown-5m-1779009600::12::buy_down,btc-updown-5m-1779009600,london,buy_down,0.2,12.0,1,0.35,0.345,0.43570186271727074,0.07570186271727077,0.25-0.75,380.18,0.01,1.286045209507323,0.01,3.6744148843066373,settle,1,4,settle,,,2.3516255259562477,0.018285714285714287,130.95614647668853,False,0,fold_1,test
q_edge_ne0.02_be0.06_d50_cap0.01_mt1_gap4s__settle,test,2026-05-17T09:25:02+00:00,2026-05-17T17:25:02+08:00,25957739510_attempt1::btc-updown-5m-1779009900,25957739510_attempt1::btc-updown-5m-1779009900::4::buy_down,btc-updown-5m-1779009900,london,buy_down,0.06666666666666667,4.0,1,0.37,0.36,0.4562343769622326,0.07623437696223263,0.25-0.75,1221.03,0.01,1.3095614647668854,0.01,3.5393553101807713,settle,1,4,settle,,,-1.344955017868693,-0.010270270270270271,129.61119145881983,False,0,fold_1,test
q_edge_ne0.02_be0.06_d50_cap0.01_mt1_gap4s__settle,test,2026-05-17T09:30:00+00:00,2026-05-17T17:30:00+08:00,25957739510_attempt1::btc-updown-5m-1779010200,25957739510_attempt1::btc-updown-5m-1779010200::4::buy_up,btc-updown-5m-1779010200,london,buy_up,0.06666666666666667,4.0,1,0.32,0.315,0.3586670088561219,0.028667008856121896,0.25-0.75,61.98,0.01,1.2961119145881983,0.01,4.05034973308812,settle,1,4,settle,,,-1.3366154119190796,-0.0103125,128.27457604690076,False,0,fold_1,test
q_edge_ne0.02_be0.06_d50_cap0.01_mt1_gap4s__settle,test,2026-05-17T09:35:00+00:00,2026-05-17T17:35:00+08:00,25957739510_attempt1::btc-updown-5m-1779010500,25957739510_attempt1::btc-updown-5m-1779010500::4::buy_down,btc-updown-5m-1779010500,london,buy_down,0.06666666666666667,4.0,1,0.34,0.335,0.424503941286457,0.074503941286457,0.25-0.75,1208.2,0.01,1.2827457604690076,0.01,3.7727816484382575,settle,1,4,settle,,,-1.3204735769533902,-0.010294117647058823,126.95410246994737,False,0,fold_1,test
q_edge_ne0.02_be0.06_d50_cap0.01_mt1_gap4s__settle,test,2026-05-17T09:40:00+00:00,2026-05-17T17:40:00+08:00,25957739510_attempt1::btc-updown-5m-1779010800,25957739510_attempt1::btc-updown-5m-1779010800::4::buy_up,btc-updown-5m-1779010800,london,buy_up,0.06666666666666667,4.0,1,0.29,0.285,0.33646599294940527,0.036465992949405286,0.25-0.75,552.51,0.01,1.2695410246994738,0.01,4.377727671377496,settle,1,4,settle,,,-1.3133183014132488,-0.010344827586206898,125.64078416853413,False,0,fold_1,test
q_edge_ne0.02_be0.06_d50_cap0.01_mt1_gap4s__settle,test,2026-05-17T09:45:02+00:00,2026-05-17T17:45:02+08:00,25957739510_attempt1::btc-updown-5m-1779011100,25957739510_attempt1::btc-updown-5m-1779011100::169::buy_up,btc-updown-5m-1779011100,london,buy_up,2.816666666666667,169.0,1,0.51,0.505,0.5482095421732168,0.028209542173216813,0.25-0.75,252.42,0.01,1.2564078416853413,0.01,2.463544787618316,settle,1,4,settle,,,1.1825014980567916,0.009411764705882352,126.82328566659092,False,0,fold_1,test
q_edge_ne0.02_be0.06_d50_cap0.01_mt1_gap4s__settle,test,2026-05-17T09:50:00+00:00,2026-05-17T17:50:00+08:00,25957739510_attempt1::btc-updown-5m-1779011400,25957739510_attempt1::btc-updown-5m-1779011400::68::buy_down,btc-updown-5m-1779011400,london,buy_down,1.1333333333333333,68.0,1,0.17,0.165,0.20456782592528977,0.024567825925289756,0.10-0.25,216.87,0.007399947567858361,0.9384856643162955,0.007399947567858361,5.520503907742914,settle,1,4,settle,,,-0.9936907033937247,-0.007835238601261793,125.8295949631972,False,0,fold_1,test
q_edge_ne0.02_be0.06_d50_cap0.01_mt1_gap4s__settle,test,2026-05-17T09:55:01+00:00,2026-05-17T17:55:01+08:00,25957739510_attempt1::btc-updown-5m-1779011700,25957739510_attempt1::btc-updown-5m-1779011700::5::buy_up,btc-updown-5m-1779011700,london,buy_up,0.08333333333333333,5.0,1,0.46,0.455,0.5545651849912081,0.08456518499120809,0.25-0.75,1648.11,0.01,1.2582959496319719,0.01,2.7354259774608085,settle,1,4,settle,,,1.4497757680542285,0.011521739130434782,127.27937073125142,False,0,fold_1,test
q_edge_ne0.02_be0.06_d50_cap0.01_mt1_gap4s__settle,test,2026-05-17T10:00:00+00:00,2026-05-17T18:00:00+08:00,25957739510_attempt1::btc-updown-5m-1779012000,25957739510_attempt1::btc-updown-5m-1779012000::4::buy_up,btc-updown-5m-1779012000,london,buy_up,0.06666666666666667,4.0,1,0.33,0.325,0.4257193401104585,0.08571934011045847,0.25-0.75,111.79,0.01,1.2727937073125142,0.01,3.8569506282197397,settle,1,4,settle,,,2.545587414625028,0.019999999999999997,129.82495814587645,False,0,fold_1,test
q_edge_ne0.02_be0.06_d50_cap0.01_mt1_gap4s__settle,test,2026-05-17T10:05:02+00:00,2026-05-17T18:05:02+08:00,25957739510_attempt1::btc-updown-5m-1779012300,25957739510_attempt1::btc-updown-5m-1779012300::4::buy_down,btc-updown-5m-1779012300,london,buy_down,0.06666666666666667,4.0,1,0.49,0.485,0.5311598782065852,0.031159878206585175,0.25-0.75,375.64,0.01,1.2982495814587645,0.01,2.6494889417525807,settle,1,4,settle,,,-1.3247444708762903,-0.010204081632653062,128.50021367500017,False,0,fold_1,test
q_edge_ne0.02_be0.06_d50_cap0.01_mt1_gap4s__settle,test,2026-05-17T10:10:00+00:00,2026-05-17T18:10:00+08:00,25957739510_attempt1::btc-updown-5m-1779012600,25957739510_attempt1::btc-updown-5m-1779012600::8::buy_up,btc-updown-5m-1779012600,london,buy_up,0.13333333333333333,8.0,1,0.52,0.515,0.6762660190341587,0.1462660190341587,0.25-0.75,181.69,0.01,1.2850021367500017,0.01,2.4711579552884646,settle,1,4,settle,,,1.1614442389855784,0.009038461538461539,129.66165791398575,False,0,fold_1,test
q_edge_ne0.02_be0.06_d50_cap0.01_mt1_gap4s__settle,test,2026-05-17T10:15:00+00:00,2026-05-17T18:15:00+08:00,25957739510_attempt1::btc-updown-5m-1779012900,25957739510_attempt1::btc-updown-5m-1779012900::145::buy_up,btc-updown-5m-1779012900,london,buy_up,2.4166666666666665,145.0,1,0.11,0.095,0.15129404835666302,0.031294048356663016,0.10-0.25,630.65,0.008790463021534555,1.139786009203755,0.008790463021534555,10.36169099276141,settle,1,4,settle,,,-1.2434029191313691,-0.009589596023492242,128.41825499485438,False,0,fold_1,test
q_edge_ne0.02_be0.06_d50_cap0.01_mt1_gap4s__settle,test,2026-05-17T10:20:01+00:00,2026-05-17T18:20:01+08:00,25957739510_attempt1::btc-updown-5m-1779013200,25957739510_attempt1::btc-updown-5m-1779013200::39::buy_down,btc-updown-5m-1779013200,london,buy_down,0.65,39.0,1,0.36,0.355,0.39061860063760667,0.020618600637606684,0.25-0.75,123.91,0.00805414087406511,1.0342987165301727,0.00805414087406511,2.8730519903615908,settle,1,4,settle,,,-1.0630292364337885,-0.008277867009455807,127.35522575842059,False,0,fold_1,test
q_edge_ne0.02_be0.06_d50_cap0.01_mt1_gap4s__settle,test,2026-05-17T10:30:00+00:00,2026-05-17T18:30:00+08:00,25957739510_attempt1::btc-updown-5m-1779013800,25957739510_attempt1::btc-updown-5m-1779013800::111::buy_up,btc-updown-5m-1779013800,london,buy_up,1.85,111.0,1,0.12,0.115,0.15138427135756521,0.021384271357565217,0.10-0.25,362.9,0.006075077090217391,0.7736928143244446,0.006075077090217391,6.447440119370372,settle,1,4,settle,,,-0.8381672155181483,-0.006581333514402173,126.51705854290243,False,0,fold_1,test
q_edge_ne0.02_be0.06_d50_cap0.01_mt1_gap4s__settle,test,2026-05-17T10:35:00+00:00,2026-05-17T18:35:00+08:00,25957739510_attempt1::btc-updown-5m-1779014100,25957739510_attempt1::btc-updown-5m-1779014100::4::buy_up,btc-updown-5m-1779014100,london,buy_up,0.06666666666666667,4.0,1,0.37,0.365,0.5549991068343868,0.1749991068343868,0.25-0.75,236.01,0.01,1.2651705854290243,0.01,3.4193799606189845,settle,1,4,settle,,,-1.2993643850352141,-0.01027027027027027,125.21769415786721,False,0,fold_1,test
q_edge_ne0.02_be0.06_d50_cap0.01_mt1_gap4s__settle,test,2026-05-17T10:40:01+00:00,2026-05-17T18:40:01+08:00,25957739510_attempt1::btc-updown-5m-1779014400,25957739510_attempt1::btc-updown-5m-1779014400::4::buy_down,btc-updown-5m-1779014400,london,buy_down,0.06666666666666667,4.0,1,0.3,0.28,0.42627295002528115,0.11627295002528117,0.25-0.75,62.92,0.01,1.252176941578672,0.01,4.1739231385955735,settle,1,4,settle,,,-1.2939161729646278,-0.010333333333333333,123.92377798490259,False,0,fold_1,test
q_edge_ne0.02_be0.06_d50_cap0.01_mt1_gap4s__settle,test,2026-05-17T10:50:02+00:00,2026-05-17T18:50:02+08:00,25957739510_attempt1::btc-updown-5m-1779015000,25957739510_attempt1::btc-updown-5m-1779015000::56::buy_up,btc-updown-5m-1779015000,london,buy_up,0.9333333333333333,56.0,1,0.2,0.195,0.2323760305577603,0.02237603055776028,0.10-0.25,446.76,0.006992509549300087,0.8665382009447753,0.006992509549300087,4.332691004723876,settle,1,4,settle,,,-0.9098651109920141,-0.007342135026765092,123.01391287391057,False,0,fold_1,test
q_edge_ne0.02_be0.06_d50_cap0.01_mt1_gap4s__settle,test,2026-05-17T10:55:02+00:00,2026-05-17T18:55:02+08:00,25957739510_attempt1::btc-updown-5m-1779015300,25957739510_attempt1::btc-updown-5m-1779015300::86::buy_up,btc-updown-5m-1779015300,london,buy_up,1.4333333333333333,86.0,1,0.61,0.605,0.6469880941318564,0.02698809413185644,0.25-0.75,71.32,0.01,1.2301391287391057,0.01,2.016621522523124,settle,1,4,settle,,,0.7663161785587872,0.006229508196721312,123.78022905246935,False,0,fold_1,test
q_edge_ne0.02_be0.06_d50_cap0.01_mt1_gap4s__settle,test,2026-05-17T11:05:02+00:00,2026-05-17T19:05:02+08:00,25957739510_attempt1::btc-updown-5m-1779015900,25957739510_attempt1::btc-updown-5m-1779015900::30::buy_down,btc-updown-5m-1779015900,london,buy_down,0.5,30.0,1,0.42,0.415,0.45427145558067633,0.024271455580676345,0.25-0.75,61.23,0.01,1.2378022905246935,0.01,2.94714831077308,settle,1,4,settle,,,-1.2672737736324244,-0.010238095238095239,122.51295527883693,False,0,fold_1,test
q_edge_ne0.02_be0.06_d50_cap0.01_mt1_gap4s__settle,test,2026-05-17T11:10:01+00:00,2026-05-17T19:10:01+08:00,25957739510_attempt1::btc-updown-5m-1779016200,25957739510_attempt1::btc-updown-5m-1779016200::8::buy_down,btc-updown-5m-1779016200,london,buy_down,0.13333333333333333,8.0,1,0.48,0.475,0.5110149410496246,0.021014941049624654,0.25-0.75,57.63,0.01,1.2251295527883692,0.01,2.552353234975769,settle,1,4,settle,,,1.3017001498376424,0.010625,123.81465542867457,False,0,fold_1,test
q_edge_ne0.02_be0.06_d50_cap0.01_mt1_gap4s__settle,test,2026-05-17T11:15:01+00:00,2026-05-17T19:15:01+08:00,25957739510_attempt1::btc-updown-5m-1779016500,25957739510_attempt1::btc-updown-5m-1779016500::8::buy_down,btc-updown-5m-1779016500,london,buy_down,0.13333333333333333,8.0,1,0.34,0.335,0.41987546356414457,0.06987546356414455,0.25-0.75,277.13,0.01,1.2381465542867458,0.01,3.6416075126080756,settle,1,4,settle,,,2.367044883195249,0.019117647058823527,126.18170031186982,False,0,fold_1,test
q_edge_ne0.02_be0.06_d50_cap0.01_mt1_gap4s__settle,test,2026-05-17T11:20:02+00:00,2026-05-17T19:20:02+08:00,25957739510_attempt1::btc-updown-5m-1779016800,25957739510_attempt1::btc-updown-5m-1779016800::30::buy_down,btc-updown-5m-1779016800,london,buy_down,0.5,30.0,1,0.53,0.525,0.5613926682788318,0.0213926682788318,0.25-0.75,316.4,0.01,1.2618170031186982,0.01,2.380786798337166,settle,1,4,settle,,,-1.28562487110207,-0.010188679245283019,124.89607544076775,False,0,fold_1,test
q_edge_ne0.02_be0.06_d50_cap0.01_mt1_gap4s__settle,test,2026-05-17T11:30:02+00:00,2026-05-17T19:30:02+08:00,25957739510_attempt1::btc-updown-5m-1779017400,25957739510_attempt1::btc-updown-5m-1779017400::5::buy_down,btc-updown-5m-1779017400,london,buy_down,0.08333333333333333,5.0,1,0.44,0.435,0.5409090352863378,0.09090903528633783,0.25-0.75,286.17,0.01,1.2489607544076775,0.01,2.838547169108358,settle,1,4,settle,,,-1.2773462260987611,-0.010227272727272729,123.61872921466899,False,0,fold_1,test
q_edge_ne0.02_be0.06_d50_cap0.01_mt1_gap4s__settle,test,2026-05-17T11:35:01+00:00,2026-05-17T19:35:01+08:00,25957739510_attempt1::btc-updown-5m-1779017700,25957739510_attempt1::btc-updown-5m-1779017700::4::buy_down,btc-updown-5m-1779017700,london,buy_down,0.06666666666666667,4.0,1,0.55,0.545,0.6681899458435074,0.1081899458435074,0.25-0.75,57.62,0.01,1.2361872921466899,0.01,2.247613258448527,settle,1,4,settle,,,0.9889498337173517,0.007999999999999998,124.60767904838634,False,0,fold_1,test
q_edge_ne0.02_be0.06_d50_cap0.01_mt1_gap4s__settle,test,2026-05-17T11:45:01+00:00,2026-05-17T19:45:01+08:00,25957739510_attempt1::btc-updown-5m-1779018300,25957739510_attempt1::btc-updown-5m-1779018300::8::buy_up,btc-updown-5m-1779018300,london,buy_up,0.13333333333333333,8.0,1,0.5,0.495,0.5718018774149727,0.06180187741497268,0.25-0.75,271.37,0.01,1.2460767904838634,0.01,2.492153580967727,settle,1,4,settle,,,-1.2709983262935407,-0.0102,123.33668072209281,False,0,fold_1,test
q_edge_ne0.02_be0.06_d50_cap0.01_mt1_gap4s__settle,test,2026-05-17T11:50:01+00:00,2026-05-17T19:50:01+08:00,25957739510_attempt1::btc-updown-5m-1779018600,25957739510_attempt1::btc-updown-5m-1779018600::287::buy_up,btc-updown-5m-1779018600,london,buy_up,4.783333333333333,287.0,1,0.2,0.195,0.2348050358740055,0.02480503587400549,0.10-0.25,72.0,0.007751573710626715,0.9560533718413353,0.007751573710626715,4.780266859206677,settle,1,4,settle,,,-1.0038560404334023,-0.008139152396158051,122.3328246816594,False,0,fold_1,test
q_edge_ne0.02_be0.06_d50_cap0.01_mt1_gap4s__settle,test,2026-05-17T11:55:01+00:00,2026-05-17T19:55:01+08:00,25957739510_attempt1::btc-updown-5m-1779018900,25957739510_attempt1::btc-updown-5m-1779018900::175::buy_up,btc-updown-5m-1779018900,london,buy_up,2.9166666666666665,175.0,1,0.6,0.595,0.6339084746701076,0.0239084746701076,0.25-0.75,80.87,0.01,1.223328246816594,0.01,2.03888041136099,settle,1,4,settle,,,0.7951633604307861,0.0065,123.1279880420902,False,0,fold_1,test
q_edge_ne0.02_be0.06_d50_cap0.01_mt1_gap4s__settle,test,2026-05-17T12:00:01+00:00,2026-05-17T20:00:01+08:00,25957739510_attempt1::btc-updown-5m-1779019200,25957739510_attempt1::btc-updown-5m-1779019200::4::buy_up,btc-updown-5m-1779019200,london,buy_up,0.06666666666666667,4.0,1,0.38,0.37,0.4246544351133391,0.034654435113339106,0.25-0.75,345.89,0.01,1.231279880420902,0.01,3.2402102116339524,settle,1,4,settle,,,-1.2636819825372414,-0.010263157894736842,121.86430605955296,False,0,fold_1,test
q_edge_ne0.02_be0.06_d50_cap0.01_mt1_gap4s__settle,test,2026-05-17T12:05:02+00:00,2026-05-17T20:05:02+08:00,25957739510_attempt1::btc-updown-5m-1779019500,25957739510_attempt1::btc-updown-5m-1779019500::64::buy_down,btc-updown-5m-1779019500,london,buy_down,1.0666666666666667,64.0,1,0.16,0.155,0.19101382868143532,0.021013828681435316,0.10-0.25,68.36,0.006254115678998607,0.7621534672373351,0.0062541156789986075,4.763459170233345,settle,1,4,settle,,,-0.8097880589396687,-0.006644997908936021,121.05451800061329,False,0,fold_1,test
q_edge_ne0.02_be0.06_d50_cap0.01_mt1_gap4s__settle,test,2026-05-17T12:10:01+00:00,2026-05-17T20:10:01+08:00,25957739510_attempt1::btc-updown-5m-1779019800,25957739510_attempt1::btc-updown-5m-1779019800::4::buy_up,btc-updown-5m-1779019800,london,buy_up,0.06666666666666667,4.0,1,0.32,0.315,0.5169115141555549,0.1869115141555549,0.25-0.75,157.13,0.01,1.2105451800061329,0.01,3.782953687519165,settle,1,4,settle,,,-1.2483747168813246,-0.0103125,119.80614328373196,False,0,fold_1,test
q_edge_ne0.02_be0.06_d50_cap0.01_mt1_gap4s__settle,test,2026-05-17T12:15:02+00:00,2026-05-17T20:15:02+08:00,25957739510_attempt1::btc-updown-5m-1779020100,25957739510_attempt1::btc-updown-5m-1779020100::5::buy_up,btc-updown-5m-1779020100,london,buy_up,0.08333333333333333,5.0,1,0.37,0.36,0.5094023473519392,0.12940234735193923,0.25-0.75,1707.3,0.01,1.1980614328373196,0.01,3.2380038725332962,settle,1,4,settle,,,-1.2304414715626526,-0.010270270270270271,118.5757018121693,False,0,fold_1,test
q_edge_ne0.02_be0.06_d50_cap0.01_mt1_gap4s__settle,test,2026-05-17T12:20:02+00:00,2026-05-17T20:20:02+08:00,25957739510_attempt1::btc-updown-5m-1779020400,25957739510_attempt1::btc-updown-5m-1779020400::17::buy_down,btc-updown-5m-1779020400,london,buy_down,0.2833333333333333,17.0,1,0.15,0.145,0.20785288985765338,0.04785288985765338,0.10-0.25,142.33,0.01,1.185757018121693,0.01,7.9050467874779535,settle,1,4,settle,,,-1.2648074859964726,-0.010666666666666668,117.31089432617283,False,0,fold_1,test
q_edge_ne0.02_be0.06_d50_cap0.01_mt1_gap4s__settle,test,2026-05-21T15:55:01+00:00,2026-05-21T23:55:01+08:00,26156603287_attempt1::btc-updown-5m-1779378900,26156603287_attempt1::btc-updown-5m-1779378900::5::buy_up,btc-updown-5m-1779378900,us_open,buy_up,0.08333333333333333,5.0,1,0.5,0.495,0.7778498730392271,0.26784987303922714,0.25-0.75,52.23,0.01,1.0,0.01,2.0,settle,1,4,settle,,,0.98,0.0098,100.98,False,0,fold_2,test
q_edge_ne0.02_be0.06_d50_cap0.01_mt1_gap4s__settle,test,2026-05-21T16:00:01+00:00,2026-05-22T00:00:01+08:00,26156603287_attempt1::btc-updown-5m-1779379200,26156603287_attempt1::btc-updown-5m-1779379200::8::buy_up,btc-updown-5m-1779379200,us_afternoon,buy_up,0.13333333333333333,8.0,1,0.6,0.595,0.6749537690838071,0.06495376908380714,0.25-0.75,507.49,0.01,1.0098,0.01,1.683,settle,1,4,settle,,,0.65637,0.0065,101.63637,False,0,fold_2,test
q_edge_ne0.02_be0.06_d50_cap0.01_mt1_gap4s__settle,test,2026-05-21T16:05:02+00:00,2026-05-22T00:05:02+08:00,26156603287_attempt1::btc-updown-5m-1779379500,26156603287_attempt1::btc-updown-5m-1779379500::5::buy_up,btc-updown-5m-1779379500,us_afternoon,buy_up,0.08333333333333333,5.0,1,0.52,0.515,0.6222144366702452,0.09221443667024522,0.25-0.75,701.01,0.01,1.0163637,0.01,1.954545576923077,settle,1,4,settle,,,0.9186364211538461,0.009038461538461539,102.55500642115385,False,0,fold_2,test
q_edge_ne0.02_be0.06_d50_cap0.01_mt1_gap4s__settle,test,2026-05-21T16:10:02+00:00,2026-05-22T00:10:02+08:00,26156603287_attempt1::btc-updown-5m-1779379800,26156603287_attempt1::btc-updown-5m-1779379800::4::buy_down,btc-updown-5m-1779379800,us_afternoon,buy_down,0.06666666666666667,4.0,1,0.51,0.505,0.585839465500225,0.06583946550022503,0.25-0.75,257.33,0.01,1.0255500642115385,0.01,2.010882478846154,settle,1,4,settle,,,0.9652235898461539,0.009411764705882352,103.520230011,False,0,fold_2,test
q_edge_ne0.02_be0.06_d50_cap0.01_mt1_gap4s__settle,test,2026-05-21T16:15:01+00:00,2026-05-22T00:15:01+08:00,26156603287_attempt1::btc-updown-5m-1779380100,26156603287_attempt1::btc-updown-5m-1779380100::4::buy_down,btc-updown-5m-1779380100,us_afternoon,buy_down,0.06666666666666667,4.0,1,0.48,0.475,0.5381978308336028,0.04819783083360286,0.25-0.75,940.77,0.01,1.03520230011,0.01,2.1566714585624998,settle,1,4,settle,,,1.099902443866875,0.010625,104.62013245486688,False,0,fold_2,test
q_edge_ne0.02_be0.06_d50_cap0.01_mt1_gap4s__settle,test,2026-05-21T16:25:01+00:00,2026-05-22T00:25:01+08:00,26156603287_attempt1::btc-updown-5m-1779380700,26156603287_attempt1::btc-updown-5m-1779380700::22::buy_down,btc-updown-5m-1779380700,us_afternoon,buy_down,0.36666666666666664,22.0,1,0.61,0.605,0.6444411063683169,0.024441106368316874,0.25-0.75,71.85,0.01,1.0462013245486688,0.01,1.7150841386043751,settle,1,4,settle,,,-1.0633521659347125,-0.010163934426229508,103.55678028893216,False,0,fold_2,test
q_edge_ne0.02_be0.06_d50_cap0.01_mt1_gap4s__settle,test,2026-05-21T16:30:02+00:00,2026-05-22T00:30:02+08:00,26156603287_attempt1::btc-updown-5m-1779381000,26156603287_attempt1::btc-updown-5m-1779381000::4::buy_up,btc-updown-5m-1779381000,us_afternoon,buy_up,0.06666666666666667,4.0,1,0.51,0.505,0.5856640028095486,0.06566400280954855,0.25-0.75,501.25,0.01,1.0355678028893216,0.01,2.030525103704552,settle,1,4,settle,,,0.9746520497781849,0.009411764705882352,104.53143233871035,False,0,fold_2,test
q_edge_ne0.02_be0.06_d50_cap0.01_mt1_gap4s__settle,test,2026-05-21T16:35:00+00:00,2026-05-22T00:35:00+08:00,26156603287_attempt1::btc-updown-5m-1779381300,26156603287_attempt1::btc-updown-5m-1779381300::4::buy_down,btc-updown-5m-1779381300,us_afternoon,buy_down,0.06666666666666667,4.0,1,0.52,0.515,0.8974817396951188,0.36748173969511877,0.25-0.75,166.09,0.01,1.0453143233871034,0.01,2.0102198526675066,settle,1,4,settle,,,0.944803330753728,0.009038461538461537,105.47623566946407,False,0,fold_2,test
q_edge_ne0.02_be0.06_d50_cap0.01_mt1_gap4s__settle,test,2026-05-21T16:40:01+00:00,2026-05-22T00:40:01+08:00,26156603287_attempt1::btc-updown-5m-1779381600,26156603287_attempt1::btc-updown-5m-1779381600::9::buy_down,btc-updown-5m-1779381600,us_afternoon,buy_down,0.15,9.0,1,0.49,0.485,0.6205516254751127,0.12055162547511268,0.25-0.75,556.23,0.01,1.0547623566946407,0.01,2.152576238152328,settle,1,4,settle,,,1.076288119076164,0.01020408163265306,106.55252378854024,False,0,fold_2,test
q_edge_ne0.02_be0.06_d50_cap0.01_mt1_gap4s__settle,test,2026-05-21T16:45:01+00:00,2026-05-22T00:45:01+08:00,26156603287_attempt1::btc-updown-5m-1779381900,26156603287_attempt1::btc-updown-5m-1779381900::38::buy_down,btc-updown-5m-1779381900,us_afternoon,buy_down,0.6333333333333333,38.0,1,0.31,0.305,0.3460633181925735,0.02606331819257352,0.25-0.75,110.02,0.009443231229193305,1.0062001201893058,0.009443231229193307,3.245806839320341,settle,1,4,settle,,,2.2071486507378317,0.020714184631778862,108.75967243927808,False,0,fold_2,test
q_edge_ne0.02_be0.06_d50_cap0.01_mt1_gap4s__settle,test,2026-05-21T16:50:02+00:00,2026-05-22T00:50:02+08:00,26156603287_attempt1::btc-updown-5m-1779382200,26156603287_attempt1::btc-updown-5m-1779382200::9::buy_up,btc-updown-5m-1779382200,us_afternoon,buy_up,0.15,9.0,1,0.43,0.425,0.46778364938804473,0.027783649388044736,0.25-0.75,176.66,0.01,1.0875967243927809,0.01,2.529294707890188,settle,1,4,settle,,,1.4164050364185055,0.01302325581395349,110.17607747569659,False,0,fold_2,test
q_edge_ne0.02_be0.06_d50_cap0.01_mt1_gap4s__settle,test,2026-05-21T16:55:02+00:00,2026-05-22T00:55:02+08:00,26156603287_attempt1::btc-updown-5m-1779382500,26156603287_attempt1::btc-updown-5m-1779382500::5::buy_up,btc-updown-5m-1779382500,us_afternoon,buy_up,0.08333333333333333,5.0,1,0.44,0.435,0.5498420624857985,0.09984206248579848,0.25-0.75,205.5,0.01,1.101760774756966,0.01,2.504001760811286,settle,1,4,settle,,,1.3772009684462074,0.0125,111.55327844414279,False,0,fold_2,test
q_edge_ne0.02_be0.06_d50_cap0.01_mt1_gap4s__settle,test,2026-05-21T17:00:01+00:00,2026-05-22T01:00:01+08:00,26156603287_attempt1::btc-updown-5m-1779382800,26156603287_attempt1::btc-updown-5m-1779382800::8::buy_up,btc-updown-5m-1779382800,us_afternoon,buy_up,0.13333333333333333,8.0,1,0.76,0.755,0.876895977366915,0.10689597736691504,0.75-0.90,96.33,0.01,1.115532784441428,0.01,1.4678062953176685,settle,1,4,settle,,,0.33759544792306373,0.0030263157894736843,111.89087389206585,False,0,fold_2,test
q_edge_ne0.02_be0.06_d50_cap0.01_mt1_gap4s__settle,test,2026-05-21T17:05:01+00:00,2026-05-22T01:05:01+08:00,26156603287_attempt1::btc-updown-5m-1779383100,26156603287_attempt1::btc-updown-5m-1779383100::26::buy_down,btc-updown-5m-1779383100,us_afternoon,buy_down,0.43333333333333335,26.0,1,0.52,0.515,0.5818401605284657,0.051840160528465636,0.25-0.75,219.29,0.01,1.1189087389206587,0.010000000000000002,2.1517475748474206,settle,1,4,settle,,,1.0113213601782876,0.009038461538461539,112.90219525224414,False,0,fold_2,test
q_edge_ne0.02_be0.06_d50_cap0.01_mt1_gap4s__settle,test,2026-05-21T17:10:00+00:00,2026-05-22T01:10:00+08:00,26156603287_attempt1::btc-updown-5m-1779383400,26156603287_attempt1::btc-updown-5m-1779383400::4::buy_up,btc-updown-5m-1779383400,us_afternoon,buy_up,0.06666666666666667,4.0,1,0.52,0.515,0.9808315355951509,0.4508315355951509,0.25-0.75,322.81,0.01,1.1290219525224414,0.01,2.1711960625431566,settle,1,4,settle,,,1.0204621493952835,0.009038461538461537,113.92265740163943,False,0,fold_2,test
q_edge_ne0.02_be0.06_d50_cap0.01_mt1_gap4s__settle,test,2026-05-21T17:15:01+00:00,2026-05-22T01:15:01+08:00,26156603287_attempt1::btc-updown-5m-1779383700,26156603287_attempt1::btc-updown-5m-1779383700::5::buy_up,btc-updown-5m-1779383700,us_afternoon,buy_up,0.08333333333333333,5.0,1,0.47,0.465,0.979888416856871,0.499888416856871,0.25-0.75,165.03,0.01,1.1392265740163943,0.01,2.423886327694456,settle,1,4,settle,,,1.2604208904011172,0.011063829787234043,115.18307829204055,False,0,fold_2,test
q_edge_ne0.02_be0.06_d50_cap0.01_mt1_gap4s__settle,test,2026-05-21T17:20:02+00:00,2026-05-22T01:20:02+08:00,26156603287_attempt1::btc-updown-5m-1779384000,26156603287_attempt1::btc-updown-5m-1779384000::5::buy_up,btc-updown-5m-1779384000,us_afternoon,buy_up,0.08333333333333333,5.0,1,0.5,0.49,0.8726692703929231,0.36266927039292307,0.25-0.75,286.41,0.01,1.1518307829204055,0.01,2.303661565840811,settle,1,4,settle,,,1.1287941672619974,0.009800000000000001,116.31187245930255,False,0,fold_2,test
q_edge_ne0.02_be0.06_d50_cap0.01_mt1_gap4s__settle,test,2026-05-21T17:25:00+00:00,2026-05-22T01:25:00+08:00,26156603287_attempt1::btc-updown-5m-1779384300,26156603287_attempt1::btc-updown-5m-1779384300::4::buy_up,btc-updown-5m-1779384300,us_afternoon,buy_up,0.06666666666666667,4.0,1,0.48,0.475,0.5651249368607636,0.07512493686076362,0.25-0.75,275.64,0.01,1.1631187245930255,0.01,2.423164009568803,settle,1,4,settle,,,1.2358136448800896,0.010625,117.54768610418265,False,0,fold_2,test
q_edge_ne0.02_be0.06_d50_cap0.01_mt1_gap4s__settle,test,2026-05-21T17:30:01+00:00,2026-05-22T01:30:01+08:00,26156603287_attempt1::btc-updown-5m-1779384600,26156603287_attempt1::btc-updown-5m-1779384600::5::buy_up,btc-updown-5m-1779384600,us_afternoon,buy_up,0.08333333333333333,5.0,1,0.48,0.465,0.6232156236443274,0.13321562364432737,0.25-0.75,1203.81,0.01,1.1754768610418265,0.01,2.448910127170472,settle,1,4,settle,,,-1.1999659623135313,-0.010208333333333335,116.34772014186912,False,0,fold_2,test
q_edge_ne0.02_be0.06_d50_cap0.01_mt1_gap4s__settle,test,2026-05-21T17:35:01+00:00,2026-05-22T01:35:01+08:00,26156603287_attempt1::btc-updown-5m-1779384900,26156603287_attempt1::btc-updown-5m-1779384900::4::buy_up,btc-updown-5m-1779384900,us_afternoon,buy_up,0.06666666666666667,4.0,1,0.54,0.535,0.6178840758955484,0.06788407589554836,0.25-0.75,418.78,0.01,1.1634772014186912,0.01,2.154587410034613,settle,1,4,settle,,,0.9695643345155759,0.008333333333333333,117.3172844763847,False,0,fold_2,test
q_edge_ne0.02_be0.06_d50_cap0.01_mt1_gap4s__settle,test,2026-05-21T17:40:01+00:00,2026-05-22T01:40:01+08:00,26156603287_attempt1::btc-updown-5m-1779385200,26156603287_attempt1::btc-updown-5m-1779385200::4::buy_up,btc-updown-5m-1779385200,us_afternoon,buy_up,0.06666666666666667,4.0,1,0.48,0.475,0.5791859912033843,0.08918599120338434,0.25-0.75,58.31,0.01,1.173172844763847,0.01,2.4441100932580144,settle,1,4,settle,,,-1.197613945696427,-0.010208333333333331,116.11967053068827,False,0,fold_2,test
q_edge_ne0.02_be0.06_d50_cap0.01_mt1_gap4s__settle,test,2026-05-21T17:45:01+00:00,2026-05-22T01:45:01+08:00,26156603287_attempt1::btc-updown-5m-1779385500,26156603287_attempt1::btc-updown-5m-1779385500::4::buy_down,btc-updown-5m-1779385500,us_afternoon,buy_down,0.06666666666666667,4.0,1,0.47,0.465,0.6757259016234858,0.1957259016234858,0.25-0.75,246.55,0.01,1.1611967053068828,0.01,2.470631287886985,settle,1,4,settle,,,1.284728269701232,0.011063829787234044,117.4043988003895,False,0,fold_2,test
q_edge_ne0.02_be0.06_d50_cap0.01_mt1_gap4s__settle,test,2026-05-21T17:50:00+00:00,2026-05-22T01:50:00+08:00,26156603287_attempt1::btc-updown-5m-1779385800,26156603287_attempt1::btc-updown-5m-1779385800::4::buy_up,btc-updown-5m-1779385800,us_afternoon,buy_up,0.06666666666666667,4.0,1,0.52,0.515,0.7840017039391699,0.2540017039391699,0.25-0.75,128.32,0.01,1.174043988003895,0.01,2.2577769000074905,settle,1,4,settle,,,1.0611551430035204,0.009038461538461539,118.46555394339302,False,0,fold_2,test
q_edge_ne0.02_be0.06_d50_cap0.01_mt1_gap4s__settle,test,2026-05-21T17:55:00+00:00,2026-05-22T01:55:00+08:00,26156603287_attempt1::btc-updown-5m-1779386100,26156603287_attempt1::btc-updown-5m-1779386100::102::buy_down,btc-updown-5m-1779386100,us_afternoon,buy_down,1.7,102.0,1,0.47,0.465,0.5238106605935312,0.04381066059353123,0.25-0.75,97.85,0.01,1.1846555394339302,0.01,2.520543700923256,settle,1,4,settle,,,1.3106827244800932,0.011063829787234044,119.7762366678731,False,0,fold_2,test
q_edge_ne0.02_be0.06_d50_cap0.01_mt1_gap4s__settle,test,2026-05-21T18:00:00+00:00,2026-05-22T02:00:00+08:00,26156603287_attempt1::btc-updown-5m-1779386400,26156603287_attempt1::btc-updown-5m-1779386400::8::buy_down,btc-updown-5m-1779386400,us_afternoon,buy_down,0.13333333333333333,8.0,1,0.41,0.405,0.5939702581204144,0.1739702581204144,0.25-0.75,62.7,0.01,1.1977623666787311,0.01,2.921371626045686,settle,1,4,settle,,,1.694395543106498,0.014146341463414638,121.4706322109796,False,0,fold_2,test
q_edge_ne0.02_be0.06_d50_cap0.01_mt1_gap4s__settle,test,2026-05-21T18:05:01+00:00,2026-05-22T02:05:01+08:00,26156603287_attempt1::btc-updown-5m-1779386700,26156603287_attempt1::btc-updown-5m-1779386700::4::buy_up,btc-updown-5m-1779386700,us_afternoon,buy_up,0.06666666666666667,4.0,1,0.43,0.415,0.4792935166707787,0.03929351667077869,0.25-0.75,393.78,0.01,1.214706322109796,0.01,2.8248984235111534,settle,1,4,settle,,,1.5819431171662461,0.013023255813953489,123.05257532814585,False,0,fold_2,test
q_edge_ne0.02_be0.06_d50_cap0.01_mt1_gap4s__settle,test,2026-05-21T18:10:00+00:00,2026-05-22T02:10:00+08:00,26156603287_attempt1::btc-updown-5m-1779387000,26156603287_attempt1::btc-updown-5m-1779387000::4::buy_down,btc-updown-5m-1779387000,us_afternoon,buy_down,0.06666666666666667,4.0,1,0.49,0.485,0.5941859075597536,0.09418590755975366,0.25-0.75,364.55,0.01,1.2305257532814584,0.01,2.5112770475131803,settle,1,4,settle,,,1.2556385237565901,0.01020408163265306,124.30821385190244,False,0,fold_2,test
q_edge_ne0.02_be0.06_d50_cap0.01_mt1_gap4s__settle,test,2026-05-21T18:15:01+00:00,2026-05-22T02:15:01+08:00,26156603287_attempt1::btc-updown-5m-1779387300,26156603287_attempt1::btc-updown-5m-1779387300::4::buy_down,btc-updown-5m-1779387300,us_afternoon,buy_down,0.06666666666666667,4.0,1,0.47,0.46,0.673922769306637,0.193922769306637,0.25-0.75,100.0,0.01,1.2430821385190245,0.01,2.644855613870265,settle,1,4,settle,,,-1.2695306946577272,-0.01021276595744681,123.0386831572447,False,0,fold_2,test
q_edge_ne0.02_be0.06_d50_cap0.01_mt1_gap4s__settle,test,2026-05-21T18:20:01+00:00,2026-05-22T02:20:01+08:00,26156603287_attempt1::btc-updown-5m-1779387600,26156603287_attempt1::btc-updown-5m-1779387600::9::buy_down,btc-updown-5m-1779387600,us_afternoon,buy_down,0.15,9.0,1,0.5,0.495,0.5347181626997676,0.024718162699767572,0.25-0.75,168.98,0.01,1.230386831572447,0.01,2.460773663144894,settle,1,4,settle,,,-1.254994568203896,-0.0102,121.7836885890408,False,0,fold_2,test
q_edge_ne0.02_be0.06_d50_cap0.01_mt1_gap4s__settle,test,2026-05-21T18:25:02+00:00,2026-05-22T02:25:02+08:00,26156603287_attempt1::btc-updown-5m-1779387900,26156603287_attempt1::btc-updown-5m-1779387900::9::buy_down,btc-updown-5m-1779387900,us_afternoon,buy_down,0.15,9.0,1,0.53,0.525,0.7528077229753395,0.21280772297533945,0.25-0.75,59.65,0.01,1.217836885890408,0.01,2.2978054450762415,settle,1,4,settle,,,1.056990504735071,0.008679245283018866,122.84067909377588,False,0,fold_2,test
q_edge_ne0.02_be0.06_d50_cap0.01_mt1_gap4s__settle,test,2026-05-21T18:30:02+00:00,2026-05-22T02:30:02+08:00,26156603287_attempt1::btc-updown-5m-1779388200,26156603287_attempt1::btc-updown-5m-1779388200::5::buy_up,btc-updown-5m-1779388200,us_afternoon,buy_up,0.08333333333333333,5.0,1,0.51,0.505,0.5966800057391419,0.07668000573914192,0.25-0.75,113.54,0.01,1.2284067909377587,0.01,2.408640766544625,settle,1,4,settle,,,1.15614756794142,0.009411764705882352,123.9968266617173,False,0,fold_2,test
q_edge_ne0.02_be0.06_d50_cap0.01_mt1_gap4s__settle,test,2026-05-21T18:35:01+00:00,2026-05-22T02:35:01+08:00,26156603287_attempt1::btc-updown-5m-1779388500,26156603287_attempt1::btc-updown-5m-1779388500::4::buy_down,btc-updown-5m-1779388500,us_afternoon,buy_down,0.06666666666666667,4.0,1,0.54,0.525,0.7295155564579416,0.1795155564579416,0.25-0.75,167.0,0.01,1.239968266617173,0.01,2.2962375307725424,settle,1,4,settle,,,1.033306888847644,0.008333333333333333,125.03013355056494,False,0,fold_2,test
q_edge_ne0.02_be0.06_d50_cap0.01_mt1_gap4s__settle,test,2026-05-21T18:40:02+00:00,2026-05-22T02:40:02+08:00,26156603287_attempt1::btc-updown-5m-1779388800,26156603287_attempt1::btc-updown-5m-1779388800::5::buy_up,btc-updown-5m-1779388800,us_afternoon,buy_up,0.08333333333333333,5.0,1,0.54,0.535,0.7126821028405727,0.1626821028405726,0.25-0.75,348.74,0.01,1.2503013355056494,0.01,2.31537284352898,settle,1,4,settle,,,1.041917779588041,0.008333333333333331,126.07205133015299,False,0,fold_2,test
q_edge_ne0.02_be0.06_d50_cap0.01_mt1_gap4s__settle,test,2026-05-21T18:45:01+00:00,2026-05-22T02:45:01+08:00,26156603287_attempt1::btc-updown-5m-1779389100,26156603287_attempt1::btc-updown-5m-1779389100::4::buy_down,btc-updown-5m-1779389100,us_afternoon,buy_down,0.06666666666666667,4.0,1,0.5,0.495,0.7187340140975507,0.20873401409755066,0.25-0.75,96.12,0.01,1.26072051330153,0.01,2.52144102660306,settle,1,4,settle,,,1.2355061030354995,0.009800000000000001,127.30755743318849,False,0,fold_2,test
q_edge_ne0.02_be0.06_d50_cap0.01_mt1_gap4s__settle,test,2026-05-21T18:50:01+00:00,2026-05-22T02:50:01+08:00,26221008452_attempt1::btc-updown-5m-1779389400,26221008452_attempt1::btc-updown-5m-1779389400::13::buy_up,btc-updown-5m-1779389400,us_afternoon,buy_up,0.21666666666666667,13.0,1,0.47,0.465,0.578120159732719,0.09812015973271905,0.25-0.75,183.62,0.01,1.273075574331885,0.01,2.7086714347486915,settle,1,4,settle,,,-1.300162288679372,-0.01021276595744681,126.00739514450912,False,0,fold_2,test
q_edge_ne0.02_be0.06_d50_cap0.01_mt1_gap4s__settle,test,2026-05-21T18:55:02+00:00,2026-05-22T02:55:02+08:00,26221008452_attempt1::btc-updown-5m-1779389700,26221008452_attempt1::btc-updown-5m-1779389700::13::buy_up,btc-updown-5m-1779389700,us_afternoon,buy_up,0.21666666666666667,13.0,1,0.5,0.495,0.6157958922346812,0.10579589223468124,0.25-0.75,52.51,0.01,1.2600739514450912,0.01,2.5201479028901823,settle,1,4,settle,,,1.2348724724161892,0.0098,127.2422676169253,False,0,fold_2,test
q_edge_ne0.02_be0.06_d50_cap0.01_mt1_gap4s__settle,test,2026-05-21T19:00:00+00:00,2026-05-22T03:00:00+08:00,26221008452_attempt1::btc-updown-5m-1779390000,26221008452_attempt1::btc-updown-5m-1779390000::5::buy_up,btc-updown-5m-1779390000,us_afternoon,buy_up,0.08333333333333333,5.0,1,0.44,0.43,0.5735886319328556,0.12358863193285559,0.25-0.75,461.87,0.01,1.272422676169253,0.01,2.891869718566484,settle,1,4,settle,,,-1.3013413733549177,-0.010227272727272725,125.94092624357039,False,0,fold_2,test
q_edge_ne0.02_be0.06_d50_cap0.01_mt1_gap4s__settle,test,2026-05-21T19:05:02+00:00,2026-05-22T03:05:02+08:00,26221008452_attempt1::btc-updown-5m-1779390300,26221008452_attempt1::btc-updown-5m-1779390300::4::buy_up,btc-updown-5m-1779390300,us_afternoon,buy_up,0.06666666666666667,4.0,1,0.58,0.575,0.646649549898743,0.05664954989874305,0.25-0.75,55.93,0.01,1.2594092624357038,0.01,2.1713952800615584,settle,1,4,settle,,,0.890272064825239,0.00706896551724138,126.83119830839563,False,0,fold_2,test
q_edge_ne0.02_be0.06_d50_cap0.01_mt1_gap4s__settle,test,2026-05-21T19:10:00+00:00,2026-05-22T03:10:00+08:00,26221008452_attempt1::btc-updown-5m-1779390600,26221008452_attempt1::btc-updown-5m-1779390600::5::buy_up,btc-updown-5m-1779390600,us_afternoon,buy_up,0.08333333333333333,5.0,1,0.5,0.495,0.5516082046565121,0.041608204656512056,0.25-0.75,92.77,0.01,1.2683119830839562,0.01,2.5366239661679124,settle,1,4,settle,,,1.242945743422277,0.0098,128.0741440518179,False,0,fold_2,test
q_edge_ne0.02_be0.06_d50_cap0.01_mt1_gap4s__settle,test,2026-05-21T19:15:01+00:00,2026-05-22T03:15:01+08:00,26221008452_attempt1::btc-updown-5m-1779390900,26221008452_attempt1::btc-updown-5m-1779390900::9::buy_down,btc-updown-5m-1779390900,us_afternoon,buy_down,0.15,9.0,1,0.47,0.465,0.5344879395055055,0.054487939505505574,0.25-0.75,85.1,0.01,1.2807414405181792,0.01,2.7249817883365517,settle,1,4,settle,,,-1.3079912584015447,-0.01021276595744681,126.76615279341637,False,0,fold_2,test
q_edge_ne0.02_be0.06_d50_cap0.01_mt1_gap4s__settle,test,2026-05-21T19:20:02+00:00,2026-05-22T03:20:02+08:00,26221008452_attempt1::btc-updown-5m-1779391200,26221008452_attempt1::btc-updown-5m-1779391200::9::buy_down,btc-updown-5m-1779391200,us_afternoon,buy_down,0.15,9.0,1,0.53,0.525,0.6275002334593511,0.08750023345935111,0.25-0.75,64.74,0.01,1.2676615279341636,0.01,2.391814203649365,settle,1,4,settle,,,1.1002345336787078,0.008679245283018866,127.86638732709507,False,0,fold_2,test
q_edge_ne0.02_be0.06_d50_cap0.01_mt1_gap4s__settle,test,2026-05-21T19:25:01+00:00,2026-05-22T03:25:01+08:00,26221008452_attempt1::btc-updown-5m-1779391500,26221008452_attempt1::btc-updown-5m-1779391500::48::buy_up,btc-updown-5m-1779391500,us_afternoon,buy_up,0.8,48.0,1,0.57,0.565,0.6000473184363428,0.020047318436342894,0.25-0.75,94.97,0.01,1.2786638732709508,0.01,2.2432699531069313,settle,1,4,settle,,,-1.30109657280202,-0.010175438596491228,126.56529075429304,False,0,fold_2,test
q_edge_ne0.02_be0.06_d50_cap0.01_mt1_gap4s__settle,test,2026-05-21T19:30:01+00:00,2026-05-22T03:30:01+08:00,26221008452_attempt1::btc-updown-5m-1779391800,26221008452_attempt1::btc-updown-5m-1779391800::13::buy_up,btc-updown-5m-1779391800,us_afternoon,buy_up,0.21666666666666667,13.0,1,0.49,0.485,0.5338304494843761,0.033830449484376086,0.25-0.75,425.99,0.01,1.2656529075429306,0.01,2.582965117434552,settle,1,4,settle,,,1.291482558717276,0.010204081632653062,127.85677331301032,False,0,fold_2,test
q_edge_ne0.02_be0.06_d50_cap0.01_mt1_gap4s__settle,test,2026-05-21T19:35:01+00:00,2026-05-22T03:35:01+08:00,26221008452_attempt1::btc-updown-5m-1779392100,26221008452_attempt1::btc-updown-5m-1779392100::4::buy_up,btc-updown-5m-1779392100,us_afternoon,buy_up,0.06666666666666667,4.0,1,0.7,0.675,0.8137395469349256,0.10373954693492561,0.25-0.75,78.33,0.01,1.2785677331301033,0.01,1.826525333043005,settle,1,4,settle,,,0.5296923465824714,0.0041428571428571434,128.3864656595928,False,0,fold_2,test
q_edge_ne0.02_be0.06_d50_cap0.01_mt1_gap4s__settle,test,2026-05-21T19:40:01+00:00,2026-05-22T03:40:01+08:00,26221008452_attempt1::btc-updown-5m-1779392400,26221008452_attempt1::btc-updown-5m-1779392400::40::buy_down,btc-updown-5m-1779392400,us_afternoon,buy_down,0.6666666666666666,40.0,1,0.53,0.525,0.5662373279962051,0.026237327996205047,0.25-0.75,53.65,0.01,1.283864656595928,0.01,2.4223861445206185,settle,1,4,settle,,,1.1142976264794844,0.008679245283018866,129.5007632860723,False,0,fold_2,test
q_edge_ne0.02_be0.06_d50_cap0.01_mt1_gap4s__settle,test,2026-05-21T19:45:01+00:00,2026-05-22T03:45:01+08:00,26221008452_attempt1::btc-updown-5m-1779392700,26221008452_attempt1::btc-updown-5m-1779392700::144::buy_down,btc-updown-5m-1779392700,us_afternoon,buy_down,2.4,144.0,1,0.64,0.635,0.6757827043982227,0.02578270439822273,0.25-0.75,87.7,0.01,1.295007632860723,0.01,2.0234494263448797,settle,1,4,settle,,,-1.3152421271241719,-0.01015625,128.18552115894812,False,0,fold_2,test
q_edge_ne0.02_be0.06_d50_cap0.01_mt1_gap4s__settle,test,2026-05-21T19:50:01+00:00,2026-05-22T03:50:01+08:00,26221008452_attempt1::btc-updown-5m-1779393000,26221008452_attempt1::btc-updown-5m-1779393000::9::buy_up,btc-updown-5m-1779393000,us_afternoon,buy_up,0.15,9.0,1,0.71,0.705,0.778585228655529,0.05858522865552907,0.25-0.75,395.72,0.01,1.2818552115894812,0.01,1.8054298754781426,settle,1,4,settle,,,0.50552036513388,0.0039436619718309866,128.691041524082,False,0,fold_2,test
q_edge_ne0.02_be0.06_d50_cap0.01_mt1_gap4s__settle,test,2026-05-21T19:55:01+00:00,2026-05-22T03:55:01+08:00,26221008452_attempt1::btc-updown-5m-1779393300,26221008452_attempt1::btc-updown-5m-1779393300::5::buy_up,btc-updown-5m-1779393300,us_afternoon,buy_up,0.08333333333333333,5.0,1,0.39,0.385,0.4964137786386986,0.09641377863869861,0.25-0.75,429.4,0.01,1.2869104152408202,0.01,3.2997702954892825,settle,1,4,settle,,,-1.319908118195713,-0.010256410256410258,127.3711334058863,False,0,fold_2,test
q_edge_ne0.02_be0.06_d50_cap0.01_mt1_gap4s__settle,test,2026-05-21T20:05:01+00:00,2026-05-22T04:05:01+08:00,26221008452_attempt1::btc-updown-5m-1779393900,26221008452_attempt1::btc-updown-5m-1779393900::5::buy_up,btc-updown-5m-1779393900,other,buy_up,0.08333333333333333,5.0,1,0.51,0.505,0.6463905249287581,0.12639052492875813,0.25-0.75,108.0,0.01,1.273711334058863,0.01,2.4974732040369862,settle,1,4,settle,,,1.1987871379377533,0.009411764705882352,128.56992054382405,False,0,fold_2,test
q_edge_ne0.02_be0.06_d50_cap0.01_mt1_gap4s__settle,test,2026-05-21T20:10:01+00:00,2026-05-22T04:10:01+08:00,26221008452_attempt1::btc-updown-5m-1779394200,26221008452_attempt1::btc-updown-5m-1779394200::5::buy_down,btc-updown-5m-1779394200,other,buy_down,0.08333333333333333,5.0,1,0.54,0.535,0.5751134189970452,0.02511341899704512,0.25-0.75,70.0,0.01,1.2856992054382406,0.01,2.3809244545152604,settle,1,4,settle,,,1.071416004531867,0.008333333333333333,129.64133654835592,False,0,fold_2,test
q_edge_ne0.02_be0.06_d50_cap0.01_mt1_gap4s__settle,test,2026-05-21T20:15:02+00:00,2026-05-22T04:15:02+08:00,26221008452_attempt1::btc-updown-5m-1779394500,26221008452_attempt1::btc-updown-5m-1779394500::4::buy_up,btc-updown-5m-1779394500,other,buy_up,0.06666666666666667,4.0,1,0.48,0.475,0.5511370711549334,0.061137071154933394,0.25-0.75,327.4,0.01,1.2964133654835592,0.01,2.7008611780907485,settle,1,4,settle,,,1.3774392008262817,0.010625,131.0187757491822,False,0,fold_2,test
q_edge_ne0.02_be0.06_d50_cap0.01_mt1_gap4s__settle,test,2026-05-21T20:20:01+00:00,2026-05-22T04:20:01+08:00,26221008452_attempt1::btc-updown-5m-1779394800,26221008452_attempt1::btc-updown-5m-1779394800::108::buy_up,btc-updown-5m-1779394800,other,buy_up,1.8,108.0,1,0.43,0.425,0.4641505266022751,0.02415052660227513,0.25-0.75,68.36,0.01,1.310187757491822,0.01,3.0469482732367954,settle,1,4,settle,,,-1.34065724022419,-0.010232558139534885,129.678118508958,False,0,fold_2,test
q_edge_ne0.02_be0.06_d50_cap0.01_mt1_gap4s__settle,test,2026-05-21T20:25:00+00:00,2026-05-22T04:25:00+08:00,26221008452_attempt1::btc-updown-5m-1779395100,26221008452_attempt1::btc-updown-5m-1779395100::14::buy_up,btc-updown-5m-1779395100,other,buy_up,0.23333333333333334,14.0,1,0.71,0.705,0.7448207879609101,0.024820787960910147,0.25-0.75,54.08,0.01,1.29678118508958,0.01,1.8264523733656057,settle,1,4,settle,,,-1.3150457088232361,-0.010140845070422537,128.36307280013474,False,0,fold_2,test
q_edge_ne0.02_be0.06_d50_cap0.01_mt1_gap4s__settle,test,2026-05-21T20:35:00+00:00,2026-05-22T04:35:00+08:00,26221008452_attempt1::btc-updown-5m-1779395700,26221008452_attempt1::btc-updown-5m-1779395700::9::buy_up,btc-updown-5m-1779395700,other,buy_up,0.15,9.0,1,0.71,0.705,0.7798202382809397,0.05982023828093975,0.25-0.75,119.81,0.01,1.2836307280013475,0.01,1.8079306028187994,settle,1,4,settle,,,-1.3017100340295356,-0.010140845070422537,127.0613627661052,False,0,fold_2,test
q_edge_ne0.02_be0.06_d50_cap0.01_mt1_gap4s__settle,test,2026-05-21T20:40:02+00:00,2026-05-22T04:40:02+08:00,26221008452_attempt1::btc-updown-5m-1779396000,26221008452_attempt1::btc-updown-5m-1779396000::117::buy_up,btc-updown-5m-1779396000,other,buy_up,1.95,117.0,1,0.45,0.445,0.4837977597102845,0.02379775971028448,0.25-0.75,56.87,0.01,1.270613627661052,0.01,2.8235858392467823,settle,1,4,settle,,,1.5247363531932625,0.012,128.58609911929847,False,0,fold_2,test
q_edge_ne0.02_be0.06_d50_cap0.01_mt1_gap4s__settle,test,2026-05-21T20:45:02+00:00,2026-05-22T04:45:02+08:00,26221008452_attempt1::btc-updown-5m-1779396300,26221008452_attempt1::btc-updown-5m-1779396300::4::buy_up,btc-updown-5m-1779396300,other,buy_up,0.06666666666666667,4.0,1,0.59,0.585,0.6362997159782582,0.036299715978258214,0.25-0.75,57.57,0.01,1.2858609911929848,0.01,2.179425408801669,settle,1,4,settle,,,0.8717701635206677,0.006779661016949154,129.45786928281913,False,0,fold_2,test
q_edge_ne0.02_be0.06_d50_cap0.01_mt1_gap4s__settle,test,2026-05-21T20:50:00+00:00,2026-05-22T04:50:00+08:00,26221008452_attempt1::btc-updown-5m-1779396600,26221008452_attempt1::btc-updown-5m-1779396600::5::buy_down,btc-updown-5m-1779396600,other,buy_down,0.08333333333333333,5.0,1,0.54,0.53,0.6507791378537171,0.10077913785371707,0.25-0.75,476.01,0.01,1.2945786928281913,0.01,2.3973679496818354,settle,1,4,settle,,,1.0788155773568258,0.008333333333333331,130.53668486017597,False,0,fold_2,test
q_edge_ne0.02_be0.06_d50_cap0.01_mt1_gap4s__settle,test,2026-05-21T20:55:01+00:00,2026-05-22T04:55:01+08:00,26221008452_attempt1::btc-updown-5m-1779396900,26221008452_attempt1::btc-updown-5m-1779396900::4::buy_up,btc-updown-5m-1779396900,other,buy_up,0.06666666666666667,4.0,1,0.65,0.64,0.6953653669105537,0.035365366910553704,0.25-0.75,92.23,0.01,1.3053668486017598,0.01,2.0082566901565535,settle,1,4,settle,,,0.6828072746532281,0.005230769230769231,131.21949213482918,False,0,fold_2,test
q_edge_ne0.02_be0.06_d50_cap0.01_mt1_gap4s__settle,test,2026-05-21T21:00:01+00:00,2026-05-22T05:00:01+08:00,26221008452_attempt1::btc-updown-5m-1779397200,26221008452_attempt1::btc-updown-5m-1779397200::9::buy_up,btc-updown-5m-1779397200,other,buy_up,0.15,9.0,1,0.68,0.675,0.8097368119333037,0.11973681193330367,0.25-0.75,69.23,0.01,1.3121949213482917,0.01,1.9296984137474877,settle,1,4,settle,,,0.5982065082617211,0.004558823529411763,131.8176986430909,False,0,fold_2,test
q_edge_ne0.02_be0.06_d50_cap0.01_mt1_gap4s__settle,test,2026-05-21T21:05:01+00:00,2026-05-22T05:05:01+08:00,26221008452_attempt1::btc-updown-5m-1779397500,26221008452_attempt1::btc-updown-5m-1779397500::65::buy_up,btc-updown-5m-1779397500,other,buy_up,1.0833333333333333,65.0,1,0.65,0.645,0.6859351847126595,0.02593518471265944,0.25-0.75,151.96,0.01,1.318176986430909,0.01,2.0279645945090907,settle,1,4,settle,,,0.6895079621330907,0.00523076923076923,132.50720660522398,False,0,fold_2,test
q_edge_ne0.02_be0.06_d50_cap0.01_mt1_gap4s__settle,test,2026-05-21T21:10:00+00:00,2026-05-22T05:10:00+08:00,26221008452_attempt1::btc-updown-5m-1779397800,26221008452_attempt1::btc-updown-5m-1779397800::9::buy_down,btc-updown-5m-1779397800,other,buy_down,0.15,9.0,1,0.52,0.515,0.5515613809109294,0.021561380910929413,0.25-0.75,704.8,0.01,1.32507206605224,0.01,2.5482155116389227,settle,1,4,settle,,,1.1976612904702937,0.009038461538461539,133.7048678956943,False,0,fold_2,test
q_edge_ne0.02_be0.06_d50_cap0.01_mt1_gap4s__settle,test,2026-05-21T21:15:01+00:00,2026-05-22T05:15:01+08:00,26221008452_attempt1::btc-updown-5m-1779398100,26221008452_attempt1::btc-updown-5m-1779398100::74::buy_down,btc-updown-5m-1779398100,other,buy_down,1.2333333333333334,74.0,1,0.54,0.535,0.5797368784956618,0.029736878495661763,0.25-0.75,91.37,0.01,1.337048678956943,0.01,2.4760160721424866,settle,1,4,settle,,,1.1142072324641188,0.008333333333333331,134.8190751281584,False,0,fold_2,test
q_edge_ne0.02_be0.06_d50_cap0.01_mt1_gap4s__settle,test,2026-05-21T21:20:01+00:00,2026-05-22T05:20:01+08:00,26221008452_attempt1::btc-updown-5m-1779398400,26221008452_attempt1::btc-updown-5m-1779398400::4::buy_up,btc-updown-5m-1779398400,other,buy_up,0.06666666666666667,4.0,1,0.49,0.485,0.522781009282746,0.022781009282745963,0.25-0.75,53.48,0.01,1.348190751281584,0.01,2.751409696493029,settle,1,4,settle,,,1.3757048482465144,0.010204081632653062,136.19477997640493,False,0,fold_2,test
q_edge_ne0.02_be0.06_d50_cap0.01_mt1_gap4s__settle,test,2026-05-21T21:25:00+00:00,2026-05-22T05:25:00+08:00,26221008452_attempt1::btc-updown-5m-1779398700,26221008452_attempt1::btc-updown-5m-1779398700::5::buy_down,btc-updown-5m-1779398700,other,buy_down,0.08333333333333333,5.0,1,0.65,0.645,0.7185198612024822,0.05851986120248221,0.25-0.75,103.13,0.01,1.3619477997640492,0.01,2.0953043073293065,settle,1,4,settle,,,-1.3829008428373424,-0.010153846153846154,134.8118791335676,False,0,fold_2,test
q_edge_ne0.02_be0.06_d50_cap0.01_mt1_gap4s__settle,test,2026-05-21T21:30:02+00:00,2026-05-22T05:30:02+08:00,26221008452_attempt1::btc-updown-5m-1779399000,26221008452_attempt1::btc-updown-5m-1779399000::4::buy_down,btc-updown-5m-1779399000,other,buy_down,0.06666666666666667,4.0,1,0.51,0.505,0.5785167741455947,0.05851677414559465,0.25-0.75,342.78,0.01,1.348118791335676,0.01,2.643370179089561,settle,1,4,settle,,,1.2688176859629892,0.009411764705882352,136.0806968195306,False,0,fold_2,test
q_edge_ne0.02_be0.06_d50_cap0.01_mt1_gap4s__settle,test,2026-05-21T21:40:00+00:00,2026-05-22T05:40:00+08:00,26221008452_attempt1::btc-updown-5m-1779399600,26221008452_attempt1::btc-updown-5m-1779399600::5::buy_down,btc-updown-5m-1779399600,other,buy_down,0.08333333333333333,5.0,1,0.63,0.625,0.7293212657334324,0.08932126573343237,0.25-0.75,245.88,0.01,1.360806968195306,0.01,2.16001106062747,settle,1,4,settle,,,0.7776039818258892,0.005714285714285714,136.85830080135648,False,0,fold_2,test
q_edge_ne0.02_be0.06_d50_cap0.01_mt1_gap4s__settle,test,2026-05-21T21:45:02+00:00,2026-05-22T05:45:02+08:00,26221008452_attempt1::btc-updown-5m-1779399900,26221008452_attempt1::btc-updown-5m-1779399900::5::buy_down,btc-updown-5m-1779399900,other,buy_down,0.08333333333333333,5.0,1,0.55,0.545,0.5921876063280821,0.03218760632808205,0.25-0.75,90.29,0.01,1.3685830080135648,0.01,2.4883327418428447,settle,1,4,settle,,,1.0948664064108515,0.007999999999999998,137.95316720776734,False,0,fold_2,test
q_edge_ne0.02_be0.06_d50_cap0.01_mt1_gap4s__settle,test,2026-05-21T21:50:01+00:00,2026-05-22T05:50:01+08:00,26221008452_attempt1::btc-updown-5m-1779400200,26221008452_attempt1::btc-updown-5m-1779400200::4::buy_up,btc-updown-5m-1779400200,other,buy_up,0.06666666666666667,4.0,1,0.52,0.515,0.6008520867775359,0.07085208677753586,0.25-0.75,328.85,0.01,1.3795316720776734,0.01,2.6529455232262946,settle,1,4,settle,,,1.2468843959163585,0.009038461538461537,139.2000516036837,False,0,fold_2,test
q_edge_ne0.02_be0.06_d50_cap0.01_mt1_gap4s__settle,test,2026-05-21T22:00:01+00:00,2026-05-22T06:00:01+08:00,26221008452_attempt1::btc-updown-5m-1779400800,26221008452_attempt1::btc-updown-5m-1779400800::26::buy_down,btc-updown-5m-1779400800,other,buy_down,0.43333333333333335,26.0,1,0.57,0.565,0.6933779206366278,0.1133779206366279,0.25-0.75,104.69,0.01,1.3920005160368372,0.01,2.4421061684856795,settle,1,4,settle,,,-1.416421577721694,-0.01017543859649123,137.783630025962,False,0,fold_2,test
q_edge_ne0.02_be0.06_d50_cap0.01_mt1_gap4s__settle,test,2026-05-21T22:05:01+00:00,2026-05-22T06:05:01+08:00,26221008452_attempt1::btc-updown-5m-1779401100,26221008452_attempt1::btc-updown-5m-1779401100::4::buy_up,btc-updown-5m-1779401100,other,buy_up,0.06666666666666667,4.0,1,0.57,0.565,0.6378318285431953,0.05783182854319536,0.25-0.75,55.19,0.01,1.37783630025962,0.01,2.4172566671221403,settle,1,4,settle,,,-1.4020088669308413,-0.010175438596491226,136.38162115903117,False,0,fold_2,test
q_edge_ne0.02_be0.06_d50_cap0.01_mt1_gap4s__settle,test,2026-05-21T22:10:02+00:00,2026-05-22T06:10:02+08:00,26221008452_attempt1::btc-updown-5m-1779401400,26221008452_attempt1::btc-updown-5m-1779401400::9::buy_down,btc-updown-5m-1779401400,other,buy_down,0.15,9.0,1,0.6,0.595,0.7244622838161746,0.11446228381617464,0.25-0.75,113.52,0.01,1.3638162115903116,0.01,2.273027019317186,settle,1,4,settle,,,0.8864805375337026,0.0065,137.26810169656488,False,0,fold_2,test
q_edge_ne0.02_be0.06_d50_cap0.01_mt1_gap4s__settle,test,2026-05-21T22:15:01+00:00,2026-05-22T06:15:01+08:00,26221008452_attempt1::btc-updown-5m-1779401700,26221008452_attempt1::btc-updown-5m-1779401700::4::buy_down,btc-updown-5m-1779401700,other,buy_down,0.06666666666666667,4.0,1,0.51,0.505,0.6780651807494118,0.15806518074941178,0.25-0.75,93.44,0.01,1.372681016965649,0.01,2.691531405814998,settle,1,4,settle,,,1.291935074791199,0.009411764705882354,138.5600367713561,False,0,fold_2,test
q_edge_ne0.02_be0.06_d50_cap0.01_mt1_gap4s__settle,test,2026-05-21T22:20:00+00:00,2026-05-22T06:20:00+08:00,26221008452_attempt1::btc-updown-5m-1779402000,26221008452_attempt1::btc-updown-5m-1779402000::52::buy_down,btc-updown-5m-1779402000,other,buy_down,0.8666666666666667,52.0,1,0.63,0.625,0.6609206021513838,0.02092060215138381,0.25-0.75,87.97,0.01,1.3856003677135609,0.01,2.199365663037398,settle,1,4,settle,,,-1.4075940243439349,-0.010158730158730159,137.15244274701217,False,0,fold_2,test
q_edge_ne0.02_be0.06_d50_cap0.01_mt1_gap4s__settle,test,2026-05-21T22:25:01+00:00,2026-05-22T06:25:01+08:00,26221008452_attempt1::btc-updown-5m-1779402300,26221008452_attempt1::btc-updown-5m-1779402300::4::buy_up,btc-updown-5m-1779402300,other,buy_up,0.06666666666666667,4.0,1,0.51,0.505,0.5692867280617705,0.049286728061770486,0.25-0.75,140.0,0.01,1.3715244274701217,0.01,2.6892635832747485,settle,1,4,settle,,,1.2908465199718793,0.009411764705882352,138.44328926698407,False,0,fold_2,test
q_edge_ne0.02_be0.06_d50_cap0.01_mt1_gap4s__settle,test,2026-05-21T22:30:01+00:00,2026-05-22T06:30:01+08:00,26221008452_attempt1::btc-updown-5m-1779402600,26221008452_attempt1::btc-updown-5m-1779402600::164::buy_up,btc-updown-5m-1779402600,other,buy_up,2.7333333333333334,164.0,1,0.67,0.665,0.7089744309739747,0.02897443097397468,0.25-0.75,58.88,0.01,1.3844328926698406,0.01,2.0663177502534933,settle,1,4,settle,,,-1.4050960701723756,-0.010149253731343283,137.0381931968117,False,0,fold_2,test
q_edge_ne0.02_be0.06_d50_cap0.01_mt1_gap4s__settle,test,2026-05-21T22:35:02+00:00,2026-05-22T06:35:02+08:00,26221008452_attempt1::btc-updown-5m-1779402900,26221008452_attempt1::btc-updown-5m-1779402900::78::buy_up,btc-updown-5m-1779402900,other,buy_up,1.3,78.0,1,0.71,0.705,0.7416692276003195,0.021669227600319536,0.25-0.75,56.88,0.01,1.370381931968117,0.01,1.930115397138193,settle,1,4,settle,,,-1.3896830859394989,-0.010140845070422535,135.6485101108722,False,0,fold_2,test
q_edge_ne0.02_be0.06_d50_cap0.01_mt1_gap4s__settle,test,2026-05-21T22:40:02+00:00,2026-05-22T06:40:02+08:00,26221008452_attempt1::btc-updown-5m-1779403200,26221008452_attempt1::btc-updown-5m-1779403200::4::buy_up,btc-updown-5m-1779403200,other,buy_up,0.06666666666666667,4.0,1,0.51,0.505,0.7185890024180769,0.19858900241807687,0.25-0.75,576.85,0.01,1.356485101108722,0.01,2.6597747080563177,settle,1,4,settle,,,1.2766918598670325,0.009411764705882354,136.92520197073924,False,0,fold_2,test
q_edge_ne0.02_be0.06_d50_cap0.01_mt1_gap4s__settle,test,2026-05-21T22:45:01+00:00,2026-05-22T06:45:01+08:00,26221008452_attempt1::btc-updown-5m-1779403500,26221008452_attempt1::btc-updown-5m-1779403500::142::buy_down,btc-updown-5m-1779403500,other,buy_down,2.3666666666666667,142.0,1,0.25,0.245,0.28740174876386043,0.02740174876386043,0.10-0.25,50.07,0.009133916254620143,1.250663327947681,0.009133916254620143,5.002653311790724,settle,1,4,settle,,,3.701963450725136,0.02703639211367562,140.62716542146438,False,0,fold_2,test
q_edge_ne0.02_be0.06_d50_cap0.01_mt1_gap4s__settle,test,2026-05-21T22:50:01+00:00,2026-05-22T06:50:01+08:00,26221008452_attempt1::btc-updown-5m-1779403800,26221008452_attempt1::btc-updown-5m-1779403800::30::buy_down,btc-updown-5m-1779403800,other,buy_down,0.5,30.0,1,0.74,0.735,0.8030232816467574,0.05302328164675741,0.25-0.75,73.51,0.01,1.4062716542146438,0.01,1.9003671002900593,settle,1,4,settle,,,0.4750917750725148,0.0033783783783783786,141.1022571965369,False,0,fold_2,test
q_edge_ne0.02_be0.06_d50_cap0.01_mt1_gap4s__settle,test,2026-05-21T23:00:01+00:00,2026-05-22T07:00:01+08:00,26221008452_attempt1::btc-updown-5m-1779404400,26221008452_attempt1::btc-updown-5m-1779404400::13::buy_down,btc-updown-5m-1779404400,asia,buy_down,0.21666666666666667,13.0,1,0.73,0.725,0.7774575383041208,0.037457538304120803,0.25-0.75,710.8,0.01,1.411022571965369,0.01,1.9329076328292727,settle,1,4,settle,,,-1.4303516482936618,-0.010136986301369864,139.67190554824325,False,0,fold_2,test
q_edge_ne0.02_be0.06_d50_cap0.01_mt1_gap4s__settle,test,2026-05-21T23:05:01+00:00,2026-05-22T07:05:01+08:00,26221008452_attempt1::btc-updown-5m-1779404700,26221008452_attempt1::btc-updown-5m-1779404700::4::buy_up,btc-updown-5m-1779404700,asia,buy_up,0.06666666666666667,4.0,1,0.49,0.485,0.620811481685871,0.12081148168587098,0.25-0.75,275.68,0.01,1.3967190554824325,0.01,2.8504470520049643,settle,1,4,settle,,,1.4252235260024821,0.010204081632653062,141.09712907424571,False,0,fold_2,test
q_edge_ne0.02_be0.06_d50_cap0.01_mt1_gap4s__settle,test,2026-05-21T23:10:01+00:00,2026-05-22T07:10:01+08:00,26221008452_attempt1::btc-updown-5m-1779405000,26221008452_attempt1::btc-updown-5m-1779405000::21::buy_down,btc-updown-5m-1779405000,asia,buy_down,0.35,21.0,1,0.59,0.585,0.6235074976764645,0.023507497676464546,0.25-0.75,169.24,0.01,1.4109712907424572,0.01,2.3914767639702665,settle,1,4,settle,,,0.9565907055881067,0.006779661016949153,142.0537197798338,False,0,fold_2,test
q_edge_ne0.02_be0.06_d50_cap0.01_mt1_gap4s__settle,test,2026-05-21T23:25:02+00:00,2026-05-22T07:25:02+08:00,26221008452_attempt1::btc-updown-5m-1779405900,26221008452_attempt1::btc-updown-5m-1779405900::4::buy_up,btc-updown-5m-1779405900,asia,buy_up,0.06666666666666667,4.0,1,0.54,0.535,0.6687315972842056,0.11873159728420558,0.25-0.75,162.84,0.01,1.420537197798338,0.01,2.6306244403672925,settle,1,4,settle,,,1.1837809981652816,0.008333333333333331,143.2375007779991,False,0,fold_2,test
q_edge_ne0.02_be0.06_d50_cap0.01_mt1_gap4s__settle,test,2026-05-21T23:30:01+00:00,2026-05-22T07:30:01+08:00,26221008452_attempt1::btc-updown-5m-1779406200,26221008452_attempt1::btc-updown-5m-1779406200::8::buy_down,btc-updown-5m-1779406200,asia,buy_down,0.13333333333333333,8.0,1,0.47,0.465,0.5003669827366495,0.020366982736649504,0.25-0.75,476.38,0.009607067328608256,1.3760923139558146,0.009607067328608256,2.927855987140031,settle,1,4,settle,,,-1.4053708738272148,-0.009811473016450984,141.83212990417186,False,0,fold_2,test
q_edge_ne0.02_be0.06_d50_cap0.01_mt1_gap4s__settle,test,2026-05-21T23:35:02+00:00,2026-05-22T07:35:02+08:00,26221008452_attempt1::btc-updown-5m-1779406500,26221008452_attempt1::btc-updown-5m-1779406500::4::buy_up,btc-updown-5m-1779406500,asia,buy_up,0.06666666666666667,4.0,1,0.6,0.595,0.6826708020091012,0.07267080200910127,0.25-0.75,122.05,0.01,1.4183212990417187,0.01,2.3638688317361978,settle,1,4,settle,,,0.9219088443771172,0.006500000000000001,142.754038748549,False,0,fold_2,test
q_edge_ne0.02_be0.06_d50_cap0.01_mt1_gap4s__settle,test,2026-05-21T23:40:02+00:00,2026-05-22T07:40:02+08:00,26221008452_attempt1::btc-updown-5m-1779406800,26221008452_attempt1::btc-updown-5m-1779406800::4::buy_up,btc-updown-5m-1779406800,asia,buy_up,0.06666666666666667,4.0,1,0.63,0.625,0.6945556976900629,0.05455569769006286,0.25-0.75,94.86,0.01,1.42754038748549,0.01,2.2659371229928413,settle,1,4,settle,,,-1.4501997587154185,-0.01015873015873016,141.30383898983357,False,0,fold_2,test
q_edge_ne0.02_be0.06_d50_cap0.01_mt1_gap4s__settle,test,2026-05-21T23:45:01+00:00,2026-05-22T07:45:01+08:00,26221008452_attempt1::btc-updown-5m-1779407100,26221008452_attempt1::btc-updown-5m-1779407100::13::buy_up,btc-updown-5m-1779407100,asia,buy_up,0.21666666666666667,13.0,1,0.56,0.555,0.5915843095069235,0.02158430950692348,0.25-0.75,402.98,0.01,1.4130383898983356,0.01,2.5232828391041706,settle,1,4,settle,,,1.0850116208147933,0.007678571428571428,142.38885061064835,False,0,fold_2,test
q_edge_ne0.02_be0.06_d50_cap0.01_mt1_gap4s__settle,test,2026-05-21T23:50:00+00:00,2026-05-22T07:50:00+08:00,26221008452_attempt1::btc-updown-5m-1779407400,26221008452_attempt1::btc-updown-5m-1779407400::18::buy_up,btc-updown-5m-1779407400,asia,buy_up,0.3,18.0,1,0.55,0.545,0.5907512054753358,0.030751205475335726,0.25-0.75,55.16,0.01,1.4238885061064834,0.01,2.5888881929208787,settle,1,4,settle,,,-1.4497773880356921,-0.01018181818181818,140.93907322261265,False,0,fold_2,test
q_edge_ne0.02_be0.06_d50_cap0.01_mt1_gap4s__settle,test,2026-05-21T23:55:01+00:00,2026-05-22T07:55:01+08:00,26221008452_attempt1::btc-updown-5m-1779407700,26221008452_attempt1::btc-updown-5m-1779407700::4::buy_down,btc-updown-5m-1779407700,asia,buy_down,0.06666666666666667,4.0,1,0.53,0.525,0.757043230902852,0.21704323090285194,0.25-0.75,140.9,0.01,1.4093907322261265,0.01,2.659227796653069,settle,1,4,settle,,,1.2232447864604117,0.008679245283018867,142.16231800907306,False,0,fold_2,test
q_edge_ne0.02_be0.06_d50_cap0.01_mt1_gap4s__settle,test,2026-05-22T00:00:01+00:00,2026-05-22T08:00:01+08:00,26221008452_attempt1::btc-updown-5m-1779408000,26221008452_attempt1::btc-updown-5m-1779408000::5::buy_down,btc-updown-5m-1779408000,asia,buy_down,0.08333333333333333,5.0,1,0.45,0.44,0.582027210343706,0.12202721034370596,0.25-0.75,189.63,0.01,1.4216231800907306,0.01,3.1591626224238456,settle,1,4,settle,,,1.7059478161088768,0.012,143.86826582518194,False,0,fold_2,test
q_edge_ne0.02_be0.06_d50_cap0.01_mt1_gap4s__settle,test,2026-05-22T00:05:02+00:00,2026-05-22T08:05:02+08:00,26221008452_attempt1::btc-updown-5m-1779408300,26221008452_attempt1::btc-updown-5m-1779408300::9::buy_up,btc-updown-5m-1779408300,asia,buy_up,0.15,9.0,1,0.49,0.485,0.5425868381937075,0.04258683819370746,0.25-0.75,50.52,0.01,1.4386826582518193,0.01,2.936087057656774,settle,1,4,settle,,,-1.468043528828387,-0.01020408163265306,142.40022229635355,False,0,fold_2,test
q_edge_ne0.02_be0.06_d50_cap0.01_mt1_gap4s__settle,test,2026-05-22T00:10:01+00:00,2026-05-22T08:10:01+08:00,26221008452_attempt1::btc-updown-5m-1779408600,26221008452_attempt1::btc-updown-5m-1779408600::22::buy_down,btc-updown-5m-1779408600,asia,buy_down,0.36666666666666664,22.0,1,0.72,0.715,0.8458148617940917,0.11581486179409174,0.25-0.75,55.0,0.01,1.4240022229635354,0.01,1.9777808652271325,settle,1,4,settle,,,0.5340008336113258,0.00375,142.93422312996486,False,0,fold_2,test
q_edge_ne0.02_be0.06_d50_cap0.01_mt1_gap4s__settle,test,2026-05-22T00:15:01+00:00,2026-05-22T08:15:01+08:00,26221008452_attempt1::btc-updown-5m-1779408900,26221008452_attempt1::btc-updown-5m-1779408900::5::buy_up,btc-updown-5m-1779408900,asia,buy_up,0.08333333333333333,5.0,1,0.57,0.565,0.6475267822555839,0.06752678225558396,0.25-0.75,70.0,0.01,1.4293422312996487,0.01,2.5076179496485067,settle,1,4,settle,,,1.053199538852373,0.0073684210526315805,143.98742266881723,False,0,fold_2,test
q_edge_ne0.02_be0.06_d50_cap0.01_mt1_gap4s__settle,test,2026-05-22T00:20:02+00:00,2026-05-22T08:20:02+08:00,26221008452_attempt1::btc-updown-5m-1779409200,26221008452_attempt1::btc-updown-5m-1779409200::4::buy_up,btc-updown-5m-1779409200,asia,buy_up,0.06666666666666667,4.0,1,0.51,0.505,0.7283869269512779,0.20838692695127792,0.25-0.75,319.85,0.01,1.4398742266881723,0.01,2.823282797427789,settle,1,4,settle,,,1.3551757427653386,0.009411764705882352,145.34259841158257,False,0,fold_2,test
q_edge_ne0.02_be0.06_d50_cap0.01_mt1_gap4s__settle,test,2026-05-22T00:25:01+00:00,2026-05-22T08:25:01+08:00,26221008452_attempt1::btc-updown-5m-1779409500,26221008452_attempt1::btc-updown-5m-1779409500::4::buy_down,btc-updown-5m-1779409500,asia,buy_down,0.06666666666666667,4.0,1,0.5,0.495,0.5446086178024628,0.034608617802462834,0.25-0.75,98.42,0.01,1.4534259841158257,0.01,2.9068519682316514,settle,1,4,settle,,,1.424357464433509,0.0098,146.76695587601608,False,0,fold_2,test
q_edge_ne0.02_be0.06_d50_cap0.01_mt1_gap4s__settle,test,2026-05-22T00:30:01+00:00,2026-05-22T08:30:01+08:00,26221008452_attempt1::btc-updown-5m-1779409800,26221008452_attempt1::btc-updown-5m-1779409800::9::buy_up,btc-updown-5m-1779409800,asia,buy_up,0.15,9.0,1,0.61,0.605,0.7127328098605001,0.09273280986050016,0.25-0.75,403.92,0.01,1.467669558760161,0.01,2.4060156700986246,settle,1,4,settle,,,0.9142859546374773,0.006229508196721312,147.68124183065356,False,0,fold_2,test
q_edge_ne0.02_be0.06_d50_cap0.01_mt1_gap4s__settle,test,2026-05-22T00:40:01+00:00,2026-05-22T08:40:01+08:00,26221008452_attempt1::btc-updown-5m-1779410400,26221008452_attempt1::btc-updown-5m-1779410400::9::buy_up,btc-updown-5m-1779410400,asia,buy_up,0.15,9.0,1,0.6,0.595,0.6361032493508464,0.02610324935084641,0.25-0.75,79.16,0.01,1.4768124183065356,0.01,2.461354030510893,settle,1,4,settle,,,0.9599280718992483,0.0065000000000000014,148.6411699025528,False,0,fold_2,test
q_edge_ne0.02_be0.06_d50_cap0.01_mt1_gap4s__settle,test,2026-05-22T00:45:00+00:00,2026-05-22T08:45:00+08:00,26221008452_attempt1::btc-updown-5m-1779410700,26221008452_attempt1::btc-updown-5m-1779410700::5::buy_up,btc-updown-5m-1779410700,asia,buy_up,0.08333333333333333,5.0,1,0.53,0.525,0.5985611334476293,0.05856113344762926,0.25-0.75,380.33,0.01,1.486411699025528,0.01,2.804550375519864,settle,1,4,settle,,,-1.5144572027807266,-0.010188679245283019,147.12671269977207,False,0,fold_2,test
q_edge_ne0.02_be0.06_d50_cap0.01_mt1_gap4s__settle,test,2026-05-22T00:50:01+00:00,2026-05-22T08:50:01+08:00,26221008452_attempt1::btc-updown-5m-1779411000,26221008452_attempt1::btc-updown-5m-1779411000::122::buy_up,btc-updown-5m-1779411000,asia,buy_up,2.033333333333333,122.0,1,0.59,0.585,0.6340369785800439,0.03403697858004396,0.25-0.75,67.4,0.01,1.4712671269977207,0.01,2.4936730966063063,settle,1,4,settle,,,-1.4962038579637837,-0.010169491525423728,145.63050884180828,False,0,fold_2,test
q_edge_ne0.02_be0.06_d50_cap0.01_mt1_gap4s__settle,test,2026-05-22T01:00:00+00:00,2026-05-22T09:00:00+08:00,26221008452_attempt1::btc-updown-5m-1779411600,26221008452_attempt1::btc-updown-5m-1779411600::13::buy_down,btc-updown-5m-1779411600,asia,buy_down,0.21666666666666667,13.0,1,0.63,0.61,0.6619123116455168,0.021912311645516776,0.25-0.75,51.0,0.01,1.4563050884180828,0.01,2.3115953784414014,settle,1,4,settle,,,0.8321743362389045,0.005714285714285714,146.46268317804717,False,0,fold_2,test
q_edge_ne0.02_be0.06_d50_cap0.01_mt1_gap4s__settle,test,2026-05-22T01:05:02+00:00,2026-05-22T09:05:02+08:00,26221008452_attempt1::btc-updown-5m-1779411900,26221008452_attempt1::btc-updown-5m-1779411900::4::buy_up,btc-updown-5m-1779411900,asia,buy_up,0.06666666666666667,4.0,1,0.55,0.545,0.623504568201891,0.063504568201891,0.25-0.75,828.24,0.01,1.4646268317804718,0.01,2.662957875964494,settle,1,4,settle,,,1.1717014654243771,0.007999999999999998,147.63438464347155,False,0,fold_2,test
q_edge_ne0.02_be0.06_d50_cap0.01_mt1_gap4s__settle,test,2026-05-22T01:20:01+00:00,2026-05-22T09:20:01+08:00,26221008452_attempt1::btc-updown-5m-1779412800,26221008452_attempt1::btc-updown-5m-1779412800::13::buy_down,btc-updown-5m-1779412800,asia,buy_down,0.21666666666666667,13.0,1,0.62,0.615,0.7319627844410352,0.10196278444103525,0.25-0.75,221.09,0.01,1.4763438464347156,0.01,2.3811997523140573,settle,1,4,settle,,,0.8810439083562012,0.005967741935483871,148.51542855182774,False,0,fold_2,test
q_edge_ne0.02_be0.06_d50_cap0.01_mt1_gap4s__settle,test,2026-05-22T01:25:00+00:00,2026-05-22T09:25:00+08:00,26221008452_attempt1::btc-updown-5m-1779413100,26221008452_attempt1::btc-updown-5m-1779413100::4::buy_up,btc-updown-5m-1779413100,asia,buy_up,0.06666666666666667,4.0,1,0.56,0.555,0.6165756843209662,0.046575684320966156,0.25-0.75,161.76,0.01,1.4851542855182773,0.01,2.6520612241397807,settle,1,4,settle,,,1.1403863263801055,0.007678571428571426,149.65581487820785,False,0,fold_2,test
q_edge_ne0.02_be0.06_d50_cap0.01_mt1_gap4s__settle,test,2026-05-22T01:30:00+00:00,2026-05-22T09:30:00+08:00,26221008452_attempt1::btc-updown-5m-1779413400,26221008452_attempt1::btc-updown-5m-1779413400::4::buy_up,btc-updown-5m-1779413400,asia,buy_up,0.06666666666666667,4.0,1,0.42,0.415,0.5483678244695586,0.11836782446955858,0.25-0.75,59.57,0.01,1.4965581487820785,0.01,3.5632336875763775,settle,1,4,settle,,,-1.5321904856578423,-0.010238095238095239,148.12362439255,False,0,fold_2,test
q_edge_ne0.02_be0.06_d50_cap0.01_mt1_gap4s__settle,test,2026-05-22T01:35:02+00:00,2026-05-22T09:35:02+08:00,26221008452_attempt1::btc-updown-5m-1779413700,26221008452_attempt1::btc-updown-5m-1779413700::60::buy_down,btc-updown-5m-1779413700,asia,buy_down,1.0,60.0,1,0.71,0.705,0.7494073015891032,0.029407301589103214,0.25-0.75,76.01,0.01,1.4812362439255,0.01,2.086248230880986,settle,1,4,settle,,,-1.50209872623431,-0.010140845070422537,146.62152566631568,False,0,fold_2,test
q_edge_ne0.02_be0.06_d50_cap0.01_mt1_gap4s__settle,test,2026-05-22T01:40:01+00:00,2026-05-22T09:40:01+08:00,26221008452_attempt1::btc-updown-5m-1779414000,26221008452_attempt1::btc-updown-5m-1779414000::8::buy_up,btc-updown-5m-1779414000,asia,buy_up,0.13333333333333333,8.0,1,0.52,0.515,0.5829212648045979,0.05292126480459792,0.25-0.75,154.37,0.01,1.4662152566631568,0.01,2.8196447243522247,settle,1,4,settle,,,1.3252330204455456,0.009038461538461539,147.94675868676123,False,0,fold_2,test
q_edge_ne0.02_be0.06_d50_cap0.01_mt1_gap4s__settle,test,2026-05-22T01:45:01+00:00,2026-05-22T09:45:01+08:00,26221008452_attempt1::btc-updown-5m-1779414300,26221008452_attempt1::btc-updown-5m-1779414300::4::buy_up,btc-updown-5m-1779414300,asia,buy_up,0.06666666666666667,4.0,1,0.56,0.54,0.6244791838013061,0.054479183801306015,0.25-0.75,508.33,0.01,1.4794675868676124,0.01,2.641906405120736,settle,1,4,settle,,,1.1360197542019164,0.007678571428571427,149.08277844096315,False,0,fold_2,test
q_edge_ne0.02_be0.06_d50_cap0.01_mt1_gap4s__settle,test,2026-05-22T01:50:01+00:00,2026-05-22T09:50:01+08:00,26221008452_attempt1::btc-updown-5m-1779414600,26221008452_attempt1::btc-updown-5m-1779414600::4::buy_up,btc-updown-5m-1779414600,asia,buy_up,0.06666666666666667,4.0,1,0.46,0.455,0.5288900977432129,0.05889009774321292,0.25-0.75,102.19,0.01,1.4908277844096316,0.01,3.2409299661078945,settle,1,4,settle,,,-1.5232370840707106,-0.010217391304347827,147.55954135689245,False,0,fold_2,test
q_edge_ne0.02_be0.06_d50_cap0.01_mt1_gap4s__settle,test,2026-05-22T01:55:01+00:00,2026-05-22T09:55:01+08:00,26221008452_attempt1::btc-updown-5m-1779414900,26221008452_attempt1::btc-updown-5m-1779414900::122::buy_down,btc-updown-5m-1779414900,asia,buy_down,2.033333333333333,122.0,1,0.56,0.555,0.5971526524690425,0.027152652469042422,0.25-0.75,53.0,0.01,1.4755954135689247,0.01,2.634991809944508,settle,1,4,settle,,,-1.5019453316683697,-0.01017857142857143,146.0575960252241,False,0,fold_2,test
q_edge_ne0.02_be0.06_d50_cap0.01_mt1_gap4s__settle,test,2026-05-22T02:00:01+00:00,2026-05-22T10:00:01+08:00,26221008452_attempt1::btc-updown-5m-1779415200,26221008452_attempt1::btc-updown-5m-1779415200::5::buy_up,btc-updown-5m-1779415200,asia,buy_up,0.08333333333333333,5.0,1,0.69,0.685,0.7476360322561961,0.04763603225619618,0.25-0.75,58.19,0.01,1.4605759602522408,0.01,2.1167767539887548,settle,1,4,settle,,,0.6350330261966265,0.004347826086956522,146.6926290514207,False,0,fold_2,test
q_edge_ne0.02_be0.06_d50_cap0.01_mt1_gap4s__settle,test,2026-05-22T02:05:01+00:00,2026-05-22T10:05:01+08:00,26221008452_attempt1::btc-updown-5m-1779415500,26221008452_attempt1::btc-updown-5m-1779415500::27::buy_down,btc-updown-5m-1779415500,asia,buy_down,0.45,27.0,1,0.66,0.655,0.7017755046323543,0.03177550463235424,0.25-0.75,156.24,0.01,1.466926290514207,0.01,2.2226155916881924,settle,1,4,settle,,,0.7334631452571034,0.004999999999999999,147.4260921966778,False,0,fold_2,test
q_edge_ne0.02_be0.06_d50_cap0.01_mt1_gap4s__settle,test,2026-05-22T02:10:01+00:00,2026-05-22T10:10:01+08:00,26221008452_attempt1::btc-updown-5m-1779415800,26221008452_attempt1::btc-updown-5m-1779415800::22::buy_down,btc-updown-5m-1779415800,asia,buy_down,0.36666666666666664,22.0,1,0.63,0.625,0.6689018522012463,0.02890185220124631,0.25-0.75,50.0,0.01,1.4742609219667782,0.01,2.3400967015345686,settle,1,4,settle,,,0.8424348125524447,0.005714285714285714,148.26852700923027,False,0,fold_2,test
q_edge_ne0.02_be0.06_d50_cap0.01_mt1_gap4s__settle,test,2026-05-22T02:15:02+00:00,2026-05-22T10:15:02+08:00,26221008452_attempt1::btc-updown-5m-1779416100,26221008452_attempt1::btc-updown-5m-1779416100::13::buy_up,btc-updown-5m-1779416100,asia,buy_up,0.21666666666666667,13.0,1,0.71,0.705,0.7938789855168205,0.0738789855168205,0.25-0.75,54.01,0.01,1.4826852700923028,0.01,2.0882891128060606,settle,1,4,settle,,,0.584720951585697,0.003943661971830987,148.85324796081596,False,0,fold_2,test
q_edge_ne0.02_be0.06_d50_cap0.01_mt1_gap4s__settle,test,2026-05-22T02:20:02+00:00,2026-05-22T10:20:02+08:00,26221008452_attempt1::btc-updown-5m-1779416400,26221008452_attempt1::btc-updown-5m-1779416400::17::buy_up,btc-updown-5m-1779416400,asia,buy_up,0.2833333333333333,17.0,1,0.61,0.605,0.6790732092779642,0.05907320927796423,0.25-0.75,50.0,0.01,1.4885324796081596,0.01,2.4402171796855074,settle,1,4,settle,,,-1.5129346514050146,-0.010163934426229508,147.34031330941096,False,0,fold_2,test
q_edge_ne0.02_be0.06_d50_cap0.01_mt1_gap4s__settle,test,2026-05-22T02:25:01+00:00,2026-05-22T10:25:01+08:00,26221008452_attempt1::btc-updown-5m-1779416700,26221008452_attempt1::btc-updown-5m-1779416700::8::buy_down,btc-updown-5m-1779416700,asia,buy_down,0.13333333333333333,8.0,1,0.52,0.515,0.550289737448976,0.020289737448976004,0.25-0.75,407.04,0.01,1.4734031330941095,0.01,2.833467563642518,settle,1,4,settle,,,-1.5017378087305346,-0.010192307692307691,145.83857550068043,False,0,fold_2,test
q_edge_ne0.02_be0.06_d50_cap0.01_mt1_gap4s__settle,test,2026-05-22T02:30:01+00:00,2026-05-22T10:30:01+08:00,26221008452_attempt1::btc-updown-5m-1779417000,26221008452_attempt1::btc-updown-5m-1779417000::13::buy_up,btc-updown-5m-1779417000,asia,buy_up,0.21666666666666667,13.0,1,0.58,0.575,0.6737903608573717,0.0837903608573717,0.25-0.75,80.0,0.01,1.4583857550068045,0.01,2.514458198287594,settle,1,4,settle,,,-1.4835303369896804,-0.01017241379310345,144.35504516369076,False,0,fold_2,test
q_edge_ne0.02_be0.06_d50_cap0.01_mt1_gap4s__settle,test,2026-05-22T02:35:01+00:00,2026-05-22T10:35:01+08:00,26221008452_attempt1::btc-updown-5m-1779417300,26221008452_attempt1::btc-updown-5m-1779417300::4::buy_up,btc-updown-5m-1779417300,asia,buy_up,0.06666666666666667,4.0,1,0.51,0.505,0.6003064808512596,0.08030648085125959,0.25-0.75,292.27,0.01,1.4435504516369075,0.01,2.830491081640995,settle,1,4,settle,,,1.3586357191876777,0.009411764705882352,145.71368088287844,False,0,fold_2,test
q_edge_ne0.02_be0.06_d50_cap0.01_mt1_gap4s__settle,test,2026-05-22T02:40:01+00:00,2026-05-22T10:40:01+08:00,26221008452_attempt1::btc-updown-5m-1779417600,26221008452_attempt1::btc-updown-5m-1779417600::52::buy_up,btc-updown-5m-1779417600,asia,buy_up,0.8666666666666667,52.0,1,0.56,0.555,0.599310651533929,0.029310651533928984,0.25-0.75,88.86,0.01,1.4571368088287844,0.01,2.602030015765686,settle,1,4,settle,,,-1.4831571089864413,-0.01017857142857143,144.230523773892,False,0,fold_2,test
q_edge_ne0.02_be0.06_d50_cap0.01_mt1_gap4s__settle,test,2026-05-22T02:55:01+00:00,2026-05-22T10:55:01+08:00,26221008452_attempt1::btc-updown-5m-1779418500,26221008452_attempt1::btc-updown-5m-1779418500::5::buy_up,btc-updown-5m-1779418500,asia,buy_up,0.08333333333333333,5.0,1,0.55,0.545,0.6232617967976405,0.06326179679764045,0.25-0.75,142.31,0.01,1.44230523773892,0.01,2.622373159525309,settle,1,4,settle,,,1.1538441901911358,0.007999999999999998,145.38436796408314,False,0,fold_2,test
q_edge_ne0.02_be0.06_d50_cap0.01_mt1_gap4s__settle,test,2026-05-22T03:00:01+00:00,2026-05-22T11:00:01+08:00,26221008452_attempt1::btc-updown-5m-1779418800,26221008452_attempt1::btc-updown-5m-1779418800::4::buy_up,btc-updown-5m-1779418800,asia,buy_up,0.06666666666666667,4.0,1,0.52,0.505,0.588699002837803,0.058699002837802945,0.25-0.75,122.98,0.01,1.4538436796408314,0.01,2.7958532300785217,settle,1,4,settle,,,1.3140510181369052,0.009038461538461537,146.69841898222003,False,0,fold_2,test
q_edge_ne0.02_be0.06_d50_cap0.01_mt1_gap4s__settle,test,2026-05-22T03:10:02+00:00,2026-05-22T11:10:02+08:00,26221008452_attempt1::btc-updown-5m-1779419400,26221008452_attempt1::btc-updown-5m-1779419400::9::buy_up,btc-updown-5m-1779419400,asia,buy_up,0.15,9.0,1,0.54,0.535,0.5738766522476499,0.023876652247649906,0.25-0.75,211.5,0.01,1.4669841898222005,0.01,2.71663738855963,settle,1,4,settle,,,-1.4941505637077968,-0.010185185185185186,145.20426841851224,False,0,fold_2,test
q_edge_ne0.02_be0.06_d50_cap0.01_mt1_gap4s__settle,test,2026-05-22T03:15:02+00:00,2026-05-22T11:15:02+08:00,26221008452_attempt1::btc-updown-5m-1779419700,26221008452_attempt1::btc-updown-5m-1779419700::4::buy_down,btc-updown-5m-1779419700,asia,buy_down,0.06666666666666667,4.0,1,0.39,0.385,0.4469380571371697,0.046938057137169704,0.25-0.75,442.45,0.01,1.4520426841851224,0.01,3.723186369705442,settle,1,4,settle,,,2.233911821823265,0.015384615384615382,147.4381802403355,False,0,fold_2,test
q_edge_ne0.02_be0.06_d50_cap0.01_mt1_gap4s__settle,test,2026-05-22T03:20:01+00:00,2026-05-22T11:20:01+08:00,26221008452_attempt1::btc-updown-5m-1779420000,26221008452_attempt1::btc-updown-5m-1779420000::5::buy_up,btc-updown-5m-1779420000,asia,buy_up,0.08333333333333333,5.0,1,0.53,0.525,0.5809999759063668,0.04099997590636673,0.25-0.75,80.37,0.01,1.474381802403355,0.01,2.781852457364821,settle,1,4,settle,,,1.2796521303878174,0.008679245283018867,148.71783237072333,False,0,fold_2,test
q_edge_ne0.02_be0.06_d50_cap0.01_mt1_gap4s__settle,test,2026-05-22T03:25:02+00:00,2026-05-22T11:25:02+08:00,26221008452_attempt1::btc-updown-5m-1779420300,26221008452_attempt1::btc-updown-5m-1779420300::13::buy_up,btc-updown-5m-1779420300,asia,buy_up,0.21666666666666667,13.0,1,0.39,0.385,0.5156212294488163,0.11562122944881627,0.25-0.75,80.32,0.01,1.4871783237072334,0.01,3.81327775309547,settle,1,4,settle,,,2.287966651857282,0.015384615384615384,151.00579902258062,False,0,fold_2,test
q_edge_ne0.02_be0.06_d50_cap0.01_mt1_gap4s__settle,test,2026-05-22T03:30:01+00:00,2026-05-22T11:30:01+08:00,26221008452_attempt1::btc-updown-5m-1779420600,26221008452_attempt1::btc-updown-5m-1779420600::13::buy_down,btc-updown-5m-1779420600,asia,buy_down,0.21666666666666667,13.0,1,0.63,0.625,0.7445169110853653,0.10451691108536533,0.25-0.75,679.72,0.01,1.5100579902258062,0.01,2.396917444802867,settle,1,4,settle,,,-1.534027164673835,-0.01015873015873016,149.4717718579068,False,0,fold_2,test
q_edge_ne0.02_be0.06_d50_cap0.01_mt1_gap4s__settle,test,2026-05-22T03:35:01+00:00,2026-05-22T11:35:01+08:00,26221008452_attempt1::btc-updown-5m-1779420900,26221008452_attempt1::btc-updown-5m-1779420900::4::buy_down,btc-updown-5m-1779420900,asia,buy_down,0.06666666666666667,4.0,1,0.55,0.545,0.6292438814398711,0.06924388143987105,0.25-0.75,138.63,0.01,1.4947177185790679,0.01,2.717668579234669,settle,1,4,settle,,,1.1957741748632542,0.008,150.66754603277005,False,0,fold_2,test
q_edge_ne0.02_be0.06_d50_cap0.01_mt1_gap4s__settle,test,2026-05-22T03:40:02+00:00,2026-05-22T11:40:02+08:00,26221008452_attempt1::btc-updown-5m-1779421200,26221008452_attempt1::btc-updown-5m-1779421200::14::buy_up,btc-updown-5m-1779421200,asia,buy_up,0.23333333333333334,14.0,1,0.56,0.555,0.5977690148529534,0.027769014852953362,0.25-0.75,101.4,0.01,1.5066754603277006,0.01,2.690491893442322,settle,1,4,settle,,,-1.5335803792621236,-0.010178571428571427,149.13396565350791,False,0,fold_2,test
q_edge_ne0.02_be0.06_d50_cap0.01_mt1_gap4s__settle,test,2026-05-22T03:45:00+00:00,2026-05-22T11:45:00+08:00,26221008452_attempt1::btc-updown-5m-1779421500,26221008452_attempt1::btc-updown-5m-1779421500::13::buy_down,btc-updown-5m-1779421500,asia,buy_down,0.21666666666666667,13.0,1,0.57,0.565,0.6099455473707779,0.029945547370777932,0.25-0.75,55.02,0.01,1.4913396565350792,0.01,2.6163853623422444,settle,1,4,settle,,,-1.5175035101585017,-0.010175438596491228,147.61646214334942,False,0,fold_2,test
q_edge_ne0.02_be0.06_d50_cap0.01_mt1_gap4s__settle,test,2026-05-22T03:55:02+00:00,2026-05-22T11:55:02+08:00,26221008452_attempt1::btc-updown-5m-1779422100,26221008452_attempt1::btc-updown-5m-1779422100::4::buy_down,btc-updown-5m-1779422100,asia,buy_down,0.06666666666666667,4.0,1,0.52,0.51,0.5912779043997903,0.06127790439979031,0.25-0.75,71.71,0.01,1.4761646214334943,0.01,2.838778118141335,settle,1,4,settle,,,-1.5045524026149075,-0.010192307692307691,146.11190974073452,False,0,fold_2,test
q_edge_ne0.02_be0.06_d50_cap0.01_mt1_gap4s__settle,test,2026-05-22T04:05:01+00:00,2026-05-22T12:05:01+08:00,26221008452_attempt1::btc-updown-5m-1779422700,26221008452_attempt1::btc-updown-5m-1779422700::5::buy_up,btc-updown-5m-1779422700,asia,buy_up,0.08333333333333333,5.0,1,0.47,0.465,0.5383448370304147,0.058344837030414716,0.25-0.75,247.05,0.01,1.4611190974073451,0.01,3.1087640370369045,settle,1,4,settle,,,1.6165572992591903,0.011063829787234043,147.72846703999372,False,0,fold_2,test
q_edge_ne0.02_be0.06_d50_cap0.01_mt1_gap4s__settle,test,2026-05-22T04:25:01+00:00,2026-05-22T12:25:01+08:00,26221008452_attempt1::btc-updown-5m-1779423900,26221008452_attempt1::btc-updown-5m-1779423900::4::buy_down,btc-updown-5m-1779423900,asia,buy_down,0.06666666666666667,4.0,1,0.53,0.525,0.5858173085751117,0.04581730857511169,0.25-0.75,217.16,0.01,1.4772846703999372,0.01,2.787329566792334,settle,1,4,settle,,,1.2821716007244737,0.008679245283018867,149.01063864071818,False,0,fold_2,test
q_edge_ne0.02_be0.06_d50_cap0.01_mt1_gap4s__settle,test,2026-05-22T04:30:02+00:00,2026-05-22T12:30:02+08:00,26221008452_attempt1::btc-updown-5m-1779424200,26221008452_attempt1::btc-updown-5m-1779424200::12::buy_down,btc-updown-5m-1779424200,asia,buy_down,0.2,12.0,1,0.63,0.625,0.6945777382827686,0.05457773828276858,0.25-0.75,449.58,0.01,1.490106386407182,0.01,2.3652482323923523,settle,1,4,settle,,,0.8514893636612468,0.005714285714285715,149.86212800437943,False,0,fold_2,test
q_edge_ne0.02_be0.06_d50_cap0.01_mt1_gap4s__settle,test,2026-05-22T04:35:02+00:00,2026-05-22T12:35:02+08:00,26221008452_attempt1::btc-updown-5m-1779424500,26221008452_attempt1::btc-updown-5m-1779424500::4::buy_down,btc-updown-5m-1779424500,asia,buy_down,0.06666666666666667,4.0,1,0.45,0.445,0.6351550021365097,0.17515500213650964,0.25-0.75,145.62,0.01,1.4986212800437944,0.01,3.330269511208432,settle,1,4,settle,,,1.7983455360525533,0.012000000000000002,151.66047354043198,False,0,fold_2,test
q_edge_ne0.02_be0.06_d50_cap0.01_mt1_gap4s__settle,test,2026-05-22T04:40:00+00:00,2026-05-22T12:40:00+08:00,26221008452_attempt1::btc-updown-5m-1779424800,26221008452_attempt1::btc-updown-5m-1779424800::4::buy_down,btc-updown-5m-1779424800,asia,buy_down,0.06666666666666667,4.0,1,0.46,0.455,0.4902768846864101,0.020276884686410097,0.25-0.75,52.32,0.009387446614078749,1.4237045988267079,0.009387446614078749,3.0950099974493646,settle,1,4,settle,,,1.6403552986481633,0.010815971098829862,153.30082883908014,False,0,fold_2,test
q_edge_ne0.02_be0.06_d50_cap0.01_mt1_gap4s__settle,test,2026-05-22T04:45:00+00:00,2026-05-22T12:45:00+08:00,26221008452_attempt1::btc-updown-5m-1779425100,26221008452_attempt1::btc-updown-5m-1779425100::5::buy_down,btc-updown-5m-1779425100,asia,buy_down,0.08333333333333333,5.0,1,0.48,0.47,0.6336168297909234,0.14361682979092338,0.25-0.75,482.68,0.01,1.5330082883908014,0.01,3.1937672674808364,settle,1,4,settle,,,1.6288213064152266,0.010625,154.92965014549537,False,0,fold_2,test
q_edge_ne0.02_be0.06_d50_cap0.01_mt1_gap4s__settle,test,2026-05-22T04:50:01+00:00,2026-05-22T12:50:01+08:00,26221008452_attempt1::btc-updown-5m-1779425400,26221008452_attempt1::btc-updown-5m-1779425400::44::buy_up,btc-updown-5m-1779425400,asia,buy_up,0.7333333333333333,44.0,1,0.73,0.725,0.765739520177585,0.02573952017758497,0.25-0.75,50.48,0.01,1.5492965014549538,0.01,2.1223239745958273,settle,1,4,settle,,,-1.5705197412009122,-0.010136986301369864,153.35913040429446,False,0,fold_2,test
q_edge_ne0.02_be0.06_d50_cap0.01_mt1_gap4s__settle,test,2026-05-22T04:55:01+00:00,2026-05-22T12:55:01+08:00,26221008452_attempt1::btc-updown-5m-1779425700,26221008452_attempt1::btc-updown-5m-1779425700::169::buy_down,btc-updown-5m-1779425700,asia,buy_down,2.816666666666667,169.0,1,0.16,0.155,0.19464169721323452,0.02464169721323451,0.10-0.25,53.37,0.007333838456319795,1.124711088186777,0.007333838456319795,7.029444301167356,settle,1,4,settle,,,-1.1950055311984507,-0.007792203359839782,152.164124873096,False,0,fold_2,test
q_edge_ne0.02_be0.06_d50_cap0.01_mt1_gap4s__settle,test,2026-05-22T05:00:01+00:00,2026-05-22T13:00:01+08:00,26221008452_attempt1::btc-updown-5m-1779426000,26221008452_attempt1::btc-updown-5m-1779426000::8::buy_down,btc-updown-5m-1779426000,asia,buy_down,0.13333333333333333,8.0,1,0.53,0.525,0.5815138127480137,0.0415138127480137,0.25-0.75,1004.66,0.01,1.52164124873096,0.01,2.871021224020679,settle,1,4,settle,,,1.3206697630495123,0.008679245283018867,153.48479463614552,False,0,fold_2,test
q_edge_ne0.02_be0.06_d50_cap0.01_mt1_gap4s__settle,test,2026-05-22T05:05:02+00:00,2026-05-22T13:05:02+08:00,26221008452_attempt1::btc-updown-5m-1779426300,26221008452_attempt1::btc-updown-5m-1779426300::8::buy_up,btc-updown-5m-1779426300,asia,buy_up,0.13333333333333333,8.0,1,0.61,0.605,0.6997053677781063,0.07970536777810634,0.25-0.75,93.87,0.01,1.5348479463614553,0.01,2.5161441743630415,settle,1,4,settle,,,0.9561347862579558,0.006229508196721312,154.44092942240349,False,0,fold_2,test
q_edge_ne0.02_be0.06_d50_cap0.01_mt1_gap4s__settle,test,2026-05-22T05:10:01+00:00,2026-05-22T13:10:01+08:00,26221008452_attempt1::btc-updown-5m-1779426600,26221008452_attempt1::btc-updown-5m-1779426600::4::buy_down,btc-updown-5m-1779426600,asia,buy_down,0.06666666666666667,4.0,1,0.49,0.485,0.5422095577440772,0.042209557744077204,0.25-0.75,379.06,0.01,1.5444092942240348,0.01,3.1518557024980303,settle,1,4,settle,,,1.5759278512490151,0.01020408163265306,156.0168572736525,False,0,fold_2,test
q_edge_ne0.02_be0.06_d50_cap0.01_mt1_gap4s__settle,test,2026-05-22T05:15:01+00:00,2026-05-22T13:15:01+08:00,26221008452_attempt1::btc-updown-5m-1779426900,26221008452_attempt1::btc-updown-5m-1779426900::60::buy_up,btc-updown-5m-1779426900,asia,buy_up,1.0,60.0,1,0.64,0.635,0.678257194502378,0.028257194502377965,0.25-0.75,59.02,0.01,1.560168572736525,0.01,2.4377633949008204,settle,1,4,settle,,,0.8532171882152871,0.00546875,156.8700744618678,False,0,fold_2,test
q_edge_ne0.02_be0.06_d50_cap0.01_mt1_gap4s__settle,test,2026-05-22T05:20:02+00:00,2026-05-22T13:20:02+08:00,26221008452_attempt1::btc-updown-5m-1779427200,26221008452_attempt1::btc-updown-5m-1779427200::4::buy_down,btc-updown-5m-1779427200,asia,buy_down,0.06666666666666667,4.0,1,0.5,0.495,0.5795607017211631,0.06956070172116315,0.25-0.75,898.0,0.01,1.568700744618678,0.01,3.137401489237356,settle,1,4,settle,,,1.5373267297263045,0.0098,158.40740119159412,False,0,fold_2,test
q_edge_ne0.02_be0.06_d50_cap0.01_mt1_gap4s__settle,test,2026-05-22T05:25:02+00:00,2026-05-22T13:25:02+08:00,26221008452_attempt1::btc-updown-5m-1779427500,26221008452_attempt1::btc-updown-5m-1779427500::4::buy_up,btc-updown-5m-1779427500,asia,buy_up,0.06666666666666667,4.0,1,0.55,0.545,0.609258404540053,0.04925840454005293,0.25-0.75,496.26,0.01,1.5840740119159413,0.01,2.8801345671198932,settle,1,4,settle,,,1.2672592095327528,0.008,159.67466040112686,False,0,fold_2,test
q_edge_ne0.02_be0.06_d50_cap0.01_mt1_gap4s__settle,test,2026-05-22T05:30:01+00:00,2026-05-22T13:30:01+08:00,26221008452_attempt1::btc-updown-5m-1779427800,26221008452_attempt1::btc-updown-5m-1779427800::96::buy_down,btc-updown-5m-1779427800,asia,buy_down,1.6,96.0,1,0.42,0.415,0.45121939352139334,0.021219393521393355,0.25-0.75,91.24,0.009146290310945411,1.4604307993303256,0.009146290310945411,3.477216188881728,settle,1,4,settle,,,1.982013227662585,0.01241282256485449,161.65667362878943,False,0,fold_2,test
q_edge_ne0.02_be0.06_d50_cap0.01_mt1_gap4s__settle,test,2026-05-22T05:35:00+00:00,2026-05-22T13:35:00+08:00,26221008452_attempt1::btc-updown-5m-1779428100,26221008452_attempt1::btc-updown-5m-1779428100::8::buy_up,btc-updown-5m-1779428100,asia,buy_up,0.13333333333333333,8.0,1,0.53,0.525,0.5813373888309166,0.04133738883091654,0.25-0.75,415.17,0.01,1.6165667362878944,0.01,3.050125917524329,settle,1,4,settle,,,1.4030579220611912,0.008679245283018867,163.05973155085061,False,0,fold_2,test
q_edge_ne0.02_be0.06_d50_cap0.01_mt1_gap4s__settle,test,2026-05-22T05:40:01+00:00,2026-05-22T13:40:01+08:00,26221008452_attempt1::btc-updown-5m-1779428400,26221008452_attempt1::btc-updown-5m-1779428400::8::buy_down,btc-updown-5m-1779428400,asia,buy_down,0.13333333333333333,8.0,1,0.46,0.455,0.49593616392253775,0.025936163922537732,0.25-0.75,110.17,0.01,1.6305973155085063,0.01,3.5447767728445787,settle,1,4,settle,,,1.8787316896076267,0.011521739130434782,164.93846324045825,False,0,fold_2,test
q_edge_ne0.02_be0.06_d50_cap0.01_mt1_gap4s__settle,test,2026-05-22T05:45:01+00:00,2026-05-22T13:45:01+08:00,26221008452_attempt1::btc-updown-5m-1779428700,26221008452_attempt1::btc-updown-5m-1779428700::4::buy_up,btc-updown-5m-1779428700,asia,buy_up,0.06666666666666667,4.0,1,0.53,0.525,0.589713701694646,0.04971370169464596,0.25-0.75,324.83,0.01,1.6493846324045824,0.01,3.112046476235061,settle,1,4,settle,,,1.431541379068128,0.008679245283018866,166.37000461952638,False,0,fold_2,test
q_edge_ne0.02_be0.06_d50_cap0.01_mt1_gap4s__settle,test,2026-05-22T05:50:01+00:00,2026-05-22T13:50:01+08:00,26221008452_attempt1::btc-updown-5m-1779429000,26221008452_attempt1::btc-updown-5m-1779429000::4::buy_up,btc-updown-5m-1779429000,asia,buy_up,0.06666666666666667,4.0,1,0.52,0.515,0.6204811202542511,0.09048112025425105,0.25-0.75,136.57,0.01,1.6637000461952638,0.01,3.1994231657601224,settle,1,4,settle,,,-1.695694277852865,-0.010192307692307691,164.67431034167353,False,0,fold_2,test
q_edge_ne0.02_be0.06_d50_cap0.01_mt1_gap4s__settle,test,2026-05-22T05:55:01+00:00,2026-05-22T13:55:01+08:00,26221008452_attempt1::btc-updown-5m-1779429300,26221008452_attempt1::btc-updown-5m-1779429300::4::buy_down,btc-updown-5m-1779429300,asia,buy_down,0.06666666666666667,4.0,1,0.48,0.475,0.6740745899512262,0.18407458995122616,0.25-0.75,50.08,0.01,1.6467431034167355,0.01,3.430714798784866,settle,1,4,settle,,,1.7496645473802817,0.010625000000000002,166.42397488905382,False,0,fold_2,test
q_edge_ne0.02_be0.06_d50_cap0.01_mt1_gap4s__settle,test,2026-05-22T06:00:01+00:00,2026-05-22T14:00:01+08:00,26221008452_attempt1::btc-updown-5m-1779429600,26221008452_attempt1::btc-updown-5m-1779429600::5::buy_down,btc-updown-5m-1779429600,london,buy_down,0.08333333333333333,5.0,1,0.48,0.47,0.5983208912131655,0.10832089121316547,0.25-0.75,171.67,0.01,1.6642397488905383,0.01,3.467166143521955,settle,1,4,settle,,,-1.6989114103257579,-0.010208333333333333,164.72506347872806,False,0,fold_2,test
q_edge_ne0.02_be0.06_d50_cap0.01_mt1_gap4s__settle,test,2026-05-22T06:05:01+00:00,2026-05-22T14:05:01+08:00,26221008452_attempt1::btc-updown-5m-1779429900,26221008452_attempt1::btc-updown-5m-1779429900::8::buy_down,btc-updown-5m-1779429900,london,buy_down,0.13333333333333333,8.0,1,0.55,0.545,0.6448569925225215,0.08485699252252145,0.25-0.75,421.34,0.01,1.6472506347872806,0.01,2.995001154158692,settle,1,4,settle,,,1.3178005078298243,0.007999999999999998,166.04286398655788,False,0,fold_2,test
q_edge_ne0.02_be0.06_d50_cap0.01_mt1_gap4s__settle,test,2026-05-22T06:10:00+00:00,2026-05-22T14:10:00+08:00,26221008452_attempt1::btc-updown-5m-1779430200,26221008452_attempt1::btc-updown-5m-1779430200::8::buy_down,btc-updown-5m-1779430200,london,buy_down,0.13333333333333333,8.0,1,0.54,0.535,0.6110885058769434,0.06108850587694337,0.25-0.75,68.53,0.01,1.6604286398655788,0.01,3.0748678516029235,settle,1,4,settle,,,-1.6911773183816081,-0.010185185185185186,164.35168666817626,False,0,fold_2,test
q_edge_ne0.02_be0.06_d50_cap0.01_mt1_gap4s__settle,test,2026-05-22T06:15:00+00:00,2026-05-22T14:15:00+08:00,26221008452_attempt1::btc-updown-5m-1779430500,26221008452_attempt1::btc-updown-5m-1779430500::16::buy_down,btc-updown-5m-1779430500,london,buy_down,0.26666666666666666,16.0,1,0.63,0.625,0.679534647679794,0.039534647679793984,0.25-0.75,52.28,0.01,1.6435168666817626,0.01,2.608756931240893,settle,1,4,settle,,,0.9391524952467214,0.005714285714285714,165.290839163423,False,0,fold_2,test
q_edge_ne0.02_be0.06_d50_cap0.01_mt1_gap4s__settle,test,2026-05-22T06:20:01+00:00,2026-05-22T14:20:01+08:00,26221008452_attempt1::btc-updown-5m-1779430800,26221008452_attempt1::btc-updown-5m-1779430800::104::buy_up,btc-updown-5m-1779430800,london,buy_up,1.7333333333333334,104.0,1,0.68,0.675,0.7120322865309282,0.022032286530928154,0.25-0.75,75.65,0.01,1.65290839163423,0.01,2.4307476347562202,settle,1,4,settle,,,-1.6772158679817921,-0.010147058823529412,163.6136232954412,False,0,fold_2,test
q_edge_ne0.02_be0.06_d50_cap0.01_mt1_gap4s__settle,test,2026-05-22T06:25:00+00:00,2026-05-22T14:25:00+08:00,26221008452_attempt1::btc-updown-5m-1779431100,26221008452_attempt1::btc-updown-5m-1779431100::8::buy_up,btc-updown-5m-1779431100,london,buy_up,0.13333333333333333,8.0,1,0.59,0.58,0.6246022647188775,0.024602264718877505,0.25-0.75,93.06,0.01,1.6361362329544118,0.01,2.773112259244766,settle,1,4,settle,,,1.1092449036979064,0.006779661016949153,164.7228681991391,False,0,fold_2,test
q_edge_ne0.02_be0.06_d50_cap0.01_mt1_gap4s__settle,test,2026-05-22T06:30:02+00:00,2026-05-22T14:30:02+08:00,26221008452_attempt1::btc-updown-5m-1779431400,26221008452_attempt1::btc-updown-5m-1779431400::21::buy_down,btc-updown-5m-1779431400,london,buy_down,0.35,21.0,1,0.6,0.595,0.708905168859407,0.09890516885940705,0.25-0.75,116.08,0.01,1.647228681991391,0.01,2.7453811366523184,settle,1,4,settle,,,1.0706986432944041,0.0065,165.7935668424335,False,0,fold_2,test
q_edge_ne0.02_be0.06_d50_cap0.01_mt1_gap4s__settle,test,2026-05-22T06:35:01+00:00,2026-05-22T14:35:01+08:00,26221008452_attempt1::btc-updown-5m-1779431700,26221008452_attempt1::btc-updown-5m-1779431700::4::buy_down,btc-updown-5m-1779431700,london,buy_down,0.06666666666666667,4.0,1,0.5,0.48,0.5537293812540994,0.04372938125409943,0.25-0.75,127.63,0.01,1.6579356684243352,0.01,3.3158713368486703,settle,1,4,settle,,,1.6247769550558484,0.0098,167.41834379748934,False,0,fold_2,test
q_edge_ne0.02_be0.06_d50_cap0.01_mt1_gap4s__settle,test,2026-05-22T06:40:00+00:00,2026-05-22T14:40:00+08:00,26221008452_attempt1::btc-updown-5m-1779432000,26221008452_attempt1::btc-updown-5m-1779432000::120::buy_down,btc-updown-5m-1779432000,london,buy_down,2.0,120.0,1,0.37,0.365,0.40181823204491,0.02181823204491002,0.25-0.75,53.34,0.008658028589250008,1.4495128069635494,0.008658028589250008,3.9176021809825663,settle,1,4,settle,,,-1.4886888287733753,-0.008892029361932442,165.92965496871597,False,0,fold_2,test
q_edge_ne0.02_be0.06_d50_cap0.01_mt1_gap4s__settle,test,2026-05-22T06:45:02+00:00,2026-05-22T14:45:02+08:00,26221008452_attempt1::btc-updown-5m-1779432300,26221008452_attempt1::btc-updown-5m-1779432300::20::buy_up,btc-updown-5m-1779432300,london,buy_up,0.3333333333333333,20.0,1,0.27,0.265,0.30200115933720034,0.022001159337200323,0.25-0.75,52.07,0.0075346436086302475,1.250220814292258,0.0075346436086302475,4.630447460341696,settle,1,4,settle,,,3.3339221714460208,0.020092382956347323,169.263577140162,False,0,fold_2,test
q_edge_ne0.02_be0.06_d50_cap0.01_mt1_gap4s__settle,test,2026-05-22T06:50:00+00:00,2026-05-22T14:50:00+08:00,26221008452_attempt1::btc-updown-5m-1779432600,26221008452_attempt1::btc-updown-5m-1779432600::16::buy_up,btc-updown-5m-1779432600,london,buy_up,0.26666666666666666,16.0,1,0.51,0.505,0.544542227748913,0.02454222774891302,0.25-0.75,80.04,0.01,1.69263577140162,0.01,3.3188936694149413,settle,1,4,settle,,,-1.7258247080957696,-0.01019607843137255,167.53775243206624,False,0,fold_2,test
q_edge_ne0.02_be0.06_d50_cap0.01_mt1_gap4s__settle,test,2026-05-22T06:55:00+00:00,2026-05-22T14:55:00+08:00,26221008452_attempt1::btc-updown-5m-1779432900,26221008452_attempt1::btc-updown-5m-1779432900::4::buy_down,btc-updown-5m-1779432900,london,buy_down,0.06666666666666667,4.0,1,0.49,0.485,0.6959291016663521,0.19592910166635213,0.25-0.75,386.9,0.01,1.6753775243206626,0.01,3.419137804736046,settle,1,4,settle,,,1.709568902368023,0.010204081632653062,169.24732133443428,False,0,fold_2,test
q_edge_ne0.02_be0.06_d50_cap0.01_mt1_gap4s__settle,test,2026-05-22T07:00:01+00:00,2026-05-22T15:00:01+08:00,26221008452_attempt1::btc-updown-5m-1779433200,26221008452_attempt1::btc-updown-5m-1779433200::4::buy_down,btc-updown-5m-1779433200,london,buy_down,0.06666666666666667,4.0,1,0.48,0.465,0.7280445105848865,0.23804451058488652,0.25-0.75,166.66,0.01,1.6924732133443428,0.01,3.5259858611340475,settle,1,4,settle,,,1.7982527891783642,0.010625,171.04557412361265,False,0,fold_2,test
q_edge_ne0.02_be0.06_d50_cap0.01_mt1_gap4s__settle,test,2026-05-22T07:05:01+00:00,2026-05-22T15:05:01+08:00,26221008452_attempt1::btc-updown-5m-1779433500,26221008452_attempt1::btc-updown-5m-1779433500::266::buy_down,btc-updown-5m-1779433500,london,buy_down,4.433333333333334,266.0,1,0.75,0.745,0.8139653863024203,0.05396538630242032,0.75-0.90,80.0,0.01,1.7104557412361265,0.01,2.280607654981502,settle,1,4,settle,,,0.5473458371955605,0.0032,171.59291996080822,False,0,fold_2,test
q_edge_ne0.02_be0.06_d50_cap0.01_mt1_gap4s__settle,test,2026-05-22T07:10:02+00:00,2026-05-22T15:10:02+08:00,26221008452_attempt1::btc-updown-5m-1779433800,26221008452_attempt1::btc-updown-5m-1779433800::4::buy_up,btc-updown-5m-1779433800,london,buy_up,0.06666666666666667,4.0,1,0.56,0.555,0.689380417373319,0.11938041737331896,0.25-0.75,76.33,0.01,1.715929199608082,0.01,3.064159285014432,settle,1,4,settle,,,1.3175884925562056,0.007678571428571426,172.91050845336443,False,0,fold_2,test
q_edge_ne0.02_be0.06_d50_cap0.01_mt1_gap4s__settle,test,2026-05-22T07:15:02+00:00,2026-05-22T15:15:02+08:00,26221008452_attempt1::btc-updown-5m-1779434100,26221008452_attempt1::btc-updown-5m-1779434100::8::buy_up,btc-updown-5m-1779434100,london,buy_up,0.13333333333333333,8.0,1,0.54,0.535,0.6742177915853279,0.12421779158532788,0.25-0.75,199.61,0.01,1.7291050845336444,0.01,3.202046452840082,settle,1,4,settle,,,1.4409209037780368,0.008333333333333333,174.35142935714248,False,0,fold_2,test
q_edge_ne0.02_be0.06_d50_cap0.01_mt1_gap4s__settle,test,2026-05-22T07:20:00+00:00,2026-05-22T15:20:00+08:00,26221008452_attempt1::btc-updown-5m-1779434400,26221008452_attempt1::btc-updown-5m-1779434400::4::buy_down,btc-updown-5m-1779434400,london,buy_down,0.06666666666666667,4.0,1,0.48,0.475,0.5348169167618113,0.04481691676181133,0.25-0.75,436.32,0.01,1.7435142935714247,0.01,3.632321444940468,settle,1,4,settle,,,1.8524839369196389,0.010625,176.20391329406212,False,0,fold_2,test
q_edge_ne0.02_be0.06_d50_cap0.01_mt1_gap4s__settle,test,2026-05-22T07:25:01+00:00,2026-05-22T15:25:01+08:00,26221008452_attempt1::btc-updown-5m-1779434700,26221008452_attempt1::btc-updown-5m-1779434700::8::buy_up,btc-updown-5m-1779434700,london,buy_up,0.13333333333333333,8.0,1,0.5,0.495,0.54718367875091,0.037183678750910006,0.25-0.75,337.34,0.01,1.7620391329406213,0.01,3.5240782658812426,settle,1,4,settle,,,1.726798350281809,0.009800000000000001,177.93071164434392,False,0,fold_2,test
q_edge_ne0.02_be0.06_d50_cap0.01_mt1_gap4s__settle,test,2026-05-22T07:30:02+00:00,2026-05-22T15:30:02+08:00,26221008452_attempt1::btc-updown-5m-1779435000,26221008452_attempt1::btc-updown-5m-1779435000::8::buy_down,btc-updown-5m-1779435000,london,buy_down,0.13333333333333333,8.0,1,0.39,0.385,0.4298742249011419,0.029874224901141895,0.25-0.75,101.53,0.01,1.779307116443439,0.01,4.562325939598562,settle,1,4,settle,,,2.737395563759137,0.015384615384615384,180.66810720810307,False,0,fold_2,test
q_edge_ne0.02_be0.06_d50_cap0.01_mt1_gap4s__settle,test,2026-05-22T07:35:01+00:00,2026-05-22T15:35:01+08:00,26221008452_attempt1::btc-updown-5m-1779435300,26221008452_attempt1::btc-updown-5m-1779435300::20::buy_down,btc-updown-5m-1779435300,london,buy_down,0.3333333333333333,20.0,1,0.54,0.535,0.6030384806760972,0.053038480676097184,0.25-0.75,94.05,0.01,1.8066810720810307,0.01,3.3457056890389456,settle,1,4,settle,,,1.5055675600675253,0.008333333333333331,182.1736747681706,False,0,fold_2,test
q_edge_ne0.02_be0.06_d50_cap0.01_mt1_gap4s__settle,test,2026-05-22T07:40:01+00:00,2026-05-22T15:40:01+08:00,26221008452_attempt1::btc-updown-5m-1779435600,26221008452_attempt1::btc-updown-5m-1779435600::4::buy_up,btc-updown-5m-1779435600,london,buy_up,0.06666666666666667,4.0,1,0.52,0.515,0.624869689653249,0.09486968965324895,0.25-0.75,277.28,0.01,1.8217367476817061,0.01,3.503339899387896,settle,1,4,settle,,,1.646569752712311,0.009038461538461539,183.8202445208829,False,0,fold_2,test
q_edge_ne0.02_be0.06_d50_cap0.01_mt1_gap4s__settle,test,2026-05-22T07:45:01+00:00,2026-05-22T15:45:01+08:00,26221008452_attempt1::btc-updown-5m-1779435900,26221008452_attempt1::btc-updown-5m-1779435900::8::buy_down,btc-updown-5m-1779435900,london,buy_down,0.13333333333333333,8.0,1,0.62,0.615,0.7157298896726835,0.08572988967268348,0.25-0.75,175.23,0.01,1.838202445208829,0.01,2.9648426535626276,settle,1,4,settle,,,1.0969917818181723,0.005967741935483871,184.91723630270107,False,0,fold_2,test
q_edge_ne0.02_be0.06_d50_cap0.01_mt1_gap4s__settle,test,2026-05-22T07:50:01+00:00,2026-05-22T15:50:01+08:00,26221008452_attempt1::btc-updown-5m-1779436200,26221008452_attempt1::btc-updown-5m-1779436200::103::buy_down,btc-updown-5m-1779436200,london,buy_down,1.7166666666666666,103.0,1,0.57,0.565,0.6016017517247885,0.021601751724788516,0.25-0.75,78.07,0.01,1.8491723630270107,0.01,3.2441620403982645,settle,1,4,settle,,,1.3625480569672712,0.00736842105263158,186.27978435966835,False,0,fold_2,test
q_edge_ne0.02_be0.06_d50_cap0.01_mt1_gap4s__settle,test,2026-05-22T07:55:02+00:00,2026-05-22T15:55:02+08:00,26221008452_attempt1::btc-updown-5m-1779436500,26221008452_attempt1::btc-updown-5m-1779436500::125::buy_down,btc-updown-5m-1779436500,london,buy_down,2.0833333333333335,125.0,1,0.51,0.505,0.5454184186312175,0.025418418631217528,0.25-0.75,55.8,0.01,1.8627978435966837,0.01,3.6525447913660463,settle,1,4,settle,,,1.753221499855702,0.009411764705882352,188.03300585952405,False,0,fold_2,test
q_edge_ne0.02_be0.06_d50_cap0.01_mt1_gap4s__settle,test,2026-05-22T08:00:00+00:00,2026-05-22T16:00:00+08:00,26221008452_attempt1::btc-updown-5m-1779436800,26221008452_attempt1::btc-updown-5m-1779436800::4::buy_up,btc-updown-5m-1779436800,london,buy_up,0.06666666666666667,4.0,1,0.54,0.535,0.6562965772610144,0.1062965772610144,0.25-0.75,313.08,0.01,1.8803300585952405,0.01,3.482092701102297,settle,1,4,settle,,,1.5669417154960334,0.008333333333333331,189.59994757502008,False,0,fold_2,test
q_edge_ne0.02_be0.06_d50_cap0.01_mt1_gap4s__settle,test,2026-05-22T08:05:01+00:00,2026-05-22T16:05:01+08:00,26221008452_attempt1::btc-updown-5m-1779437100,26221008452_attempt1::btc-updown-5m-1779437100::12::buy_down,btc-updown-5m-1779437100,london,buy_down,0.2,12.0,1,0.6,0.595,0.7589529779386592,0.14895297793865925,0.25-0.75,65.66,0.01,1.8959994757502008,0.01,3.1599991262503346,settle,1,4,settle,,,1.2323996592376305,0.0065,190.83234723425772,False,0,fold_2,test
q_edge_ne0.02_be0.06_d50_cap0.01_mt1_gap4s__settle,test,2026-05-22T08:10:00+00:00,2026-05-22T16:10:00+08:00,26221008452_attempt1::btc-updown-5m-1779437400,26221008452_attempt1::btc-updown-5m-1779437400::12::buy_up,btc-updown-5m-1779437400,london,buy_up,0.2,12.0,1,0.43,0.425,0.4906934992530083,0.05069349925300832,0.25-0.75,133.85,0.01,1.9083234723425773,0.01,4.437961563587389,settle,1,4,settle,,,2.485258475608938,0.013023255813953489,193.31760570986665,False,0,fold_2,test
q_edge_ne0.02_be0.06_d50_cap0.01_mt1_gap4s__settle,test,2026-05-22T08:15:01+00:00,2026-05-22T16:15:01+08:00,26221008452_attempt1::btc-updown-5m-1779437700,26221008452_attempt1::btc-updown-5m-1779437700::4::buy_up,btc-updown-5m-1779437700,london,buy_up,0.06666666666666667,4.0,1,0.58,0.555,0.7540058773462236,0.16400587734622363,0.25-0.75,365.29,0.01,1.9331760570986667,0.01,3.3330621674114944,settle,1,4,settle,,,1.3665554886387128,0.007068965517241381,194.68416119850536,False,0,fold_2,test
q_edge_ne0.02_be0.06_d50_cap0.01_mt1_gap4s__settle,test,2026-05-22T08:20:00+00:00,2026-05-22T16:20:00+08:00,26221008452_attempt1::btc-updown-5m-1779438000,26221008452_attempt1::btc-updown-5m-1779438000::4::buy_down,btc-updown-5m-1779438000,london,buy_down,0.06666666666666667,4.0,1,0.5,0.495,0.6297378483692173,0.11973784836921732,0.25-0.75,90.54,0.01,1.9468416119850538,0.01,3.8936832239701076,settle,1,4,settle,,,1.9079047797453528,0.009800000000000001,196.59206597825073,False,0,fold_2,test
q_edge_ne0.02_be0.06_d50_cap0.01_mt1_gap4s__settle,test,2026-05-22T08:25:00+00:00,2026-05-22T16:25:00+08:00,26221008452_attempt1::btc-updown-5m-1779438300,26221008452_attempt1::btc-updown-5m-1779438300::112::buy_down,btc-updown-5m-1779438300,london,buy_down,1.8666666666666667,112.0,1,0.44,0.435,0.4783842815865155,0.02838428158651552,0.25-0.75,57.12,0.01,1.9659206597825074,0.01,4.468001499505698,settle,1,4,settle,,,2.457400824728134,0.012499999999999999,199.04946680297886,False,0,fold_2,test
q_edge_ne0.02_be0.06_d50_cap0.01_mt1_gap4s__settle,test,2026-05-22T08:30:00+00:00,2026-05-22T16:30:00+08:00,26221008452_attempt1::btc-updown-5m-1779438600,26221008452_attempt1::btc-updown-5m-1779438600::4::buy_up,btc-updown-5m-1779438600,london,buy_up,0.06666666666666667,4.0,1,0.44,0.435,0.4983500436261476,0.048350043626147594,0.25-0.75,377.34,0.01,1.9904946680297886,0.01,4.523851518249519,settle,1,4,settle,,,-2.0357331832122836,-0.010227272727272727,197.01373361976658,False,0,fold_2,test
q_edge_ne0.02_be0.06_d50_cap0.01_mt1_gap4s__settle,test,2026-05-22T08:35:00+00:00,2026-05-22T16:35:00+08:00,26221008452_attempt1::btc-updown-5m-1779438900,26221008452_attempt1::btc-updown-5m-1779438900::24::buy_down,btc-updown-5m-1779438900,london,buy_down,0.4,24.0,1,0.75,0.74,0.7943757522376517,0.034375752237651665,0.75-0.90,98.03,0.01,1.970137336197666,0.01,2.626849781596888,settle,1,4,settle,,,0.6304439475832532,0.0032000000000000006,197.64417756734983,False,0,fold_2,test
q_edge_ne0.02_be0.06_d50_cap0.01_mt1_gap4s__settle,test,2026-05-22T08:45:01+00:00,2026-05-22T16:45:01+08:00,26221008452_attempt1::btc-updown-5m-1779439500,26221008452_attempt1::btc-updown-5m-1779439500::52::buy_up,btc-updown-5m-1779439500,london,buy_up,0.8666666666666667,52.0,1,0.69,0.685,0.7216669077494549,0.021666907749454907,0.25-0.75,63.3,0.01,1.9764417756734984,0.01,2.864408370541302,settle,1,4,settle,,,0.8593225111623908,0.004347826086956523,198.50350007851222,False,0,fold_2,test
q_edge_ne0.02_be0.06_d50_cap0.01_mt1_gap4s__settle,test,2026-05-22T08:50:00+00:00,2026-05-22T16:50:00+08:00,26221008452_attempt1::btc-updown-5m-1779439800,26221008452_attempt1::btc-updown-5m-1779439800::8::buy_down,btc-updown-5m-1779439800,london,buy_down,0.13333333333333333,8.0,1,0.55,0.545,0.5958752721754864,0.03587527217548637,0.25-0.75,353.54,0.01,1.9850350007851223,0.01,3.6091545468820403,settle,1,4,settle,,,-2.0211265462539427,-0.010181818181818183,196.48237353225826,False,0,fold_2,test
q_edge_ne0.02_be0.06_d50_cap0.01_mt1_gap4s__settle,test,2026-05-22T08:55:02+00:00,2026-05-22T16:55:02+08:00,26221008452_attempt1::btc-updown-5m-1779440100,26221008452_attempt1::btc-updown-5m-1779440100::182::buy_down,btc-updown-5m-1779440100,london,buy_down,3.033333333333333,182.0,1,0.56,0.555,0.5923666826103845,0.022366682610384443,0.25-0.75,85.53,0.01,1.9648237353225826,0.01,3.50861381307604,settle,1,4,settle,,,1.5087039396226969,0.007678571428571426,197.99107747188097,False,0,fold_2,test
q_edge_ne0.02_be0.06_d50_cap0.01_mt1_gap4s__settle,test,2026-05-22T09:00:00+00:00,2026-05-22T17:00:00+08:00,26221008452_attempt1::btc-updown-5m-1779440400,26221008452_attempt1::btc-updown-5m-1779440400::8::buy_down,btc-updown-5m-1779440400,london,buy_down,0.13333333333333333,8.0,1,0.63,0.625,0.7032179494510363,0.06321794945103633,0.25-0.75,421.63,0.01,1.9799107747188098,0.01,3.142715515426682,settle,1,4,settle,,,-2.0113379298730765,-0.010158730158730159,195.9797395420079,False,0,fold_2,test
q_edge_ne0.02_be0.06_d50_cap0.01_mt1_gap4s__settle,test,2026-05-22T09:05:02+00:00,2026-05-22T17:05:02+08:00,26221008452_attempt1::btc-updown-5m-1779440700,26221008452_attempt1::btc-updown-5m-1779440700::4::buy_down,btc-updown-5m-1779440700,london,buy_down,0.06666666666666667,4.0,1,0.5,0.495,0.6815349241080224,0.1715349241080224,0.25-0.75,79.2,0.01,1.9597973954200791,0.01,3.9195947908401583,settle,1,4,settle,,,1.9206014475116775,0.0098,197.90034098951958,False,0,fold_2,test
q_edge_ne0.02_be0.06_d50_cap0.01_mt1_gap4s__settle,test,2026-05-22T09:10:01+00:00,2026-05-22T17:10:01+08:00,26221008452_attempt1::btc-updown-5m-1779441000,26221008452_attempt1::btc-updown-5m-1779441000::91::buy_up,btc-updown-5m-1779441000,london,buy_up,1.5166666666666666,91.0,1,0.6,0.595,0.6306940466258208,0.020694046625820868,0.25-0.75,119.81,0.01,1.9790034098951959,0.01,3.298339016491993,settle,1,4,settle,,,-2.0119868000601158,-0.010166666666666668,195.88835418945945,False,0,fold_2,test
q_edge_ne0.02_be0.06_d50_cap0.01_mt1_gap4s__settle,test,2026-05-22T09:15:02+00:00,2026-05-22T17:15:02+08:00,26221008452_attempt1::btc-updown-5m-1779441300,26221008452_attempt1::btc-updown-5m-1779441300::8::buy_up,btc-updown-5m-1779441300,london,buy_up,0.13333333333333333,8.0,1,0.49,0.485,0.5769064584751055,0.07690645847510548,0.25-0.75,119.76,0.01,1.9588835418945945,0.01,3.997721514070601,settle,1,4,settle,,,1.9988607570353005,0.010204081632653062,197.88721494649474,False,0,fold_2,test
q_edge_ne0.02_be0.06_d50_cap0.01_mt1_gap4s__settle,test,2026-05-22T09:20:00+00:00,2026-05-22T17:20:00+08:00,26221008452_attempt1::btc-updown-5m-1779441600,26221008452_attempt1::btc-updown-5m-1779441600::4::buy_up,btc-updown-5m-1779441600,london,buy_up,0.06666666666666667,4.0,1,0.52,0.515,0.6172636021968327,0.08726360219683273,0.25-0.75,344.82,0.01,1.9788721494649475,0.01,3.8055233643556683,settle,1,4,settle,,,1.788595981247164,0.009038461538461539,199.6758109277419,False,0,fold_2,test
q_edge_ne0.02_be0.06_d50_cap0.01_mt1_gap4s__settle,test,2026-05-22T09:30:02+00:00,2026-05-22T17:30:02+08:00,26221008452_attempt1::btc-updown-5m-1779442200,26221008452_attempt1::btc-updown-5m-1779442200::4::buy_down,btc-updown-5m-1779442200,london,buy_down,0.06666666666666667,4.0,1,0.5,0.495,0.5968431812355176,0.08684318123551761,0.25-0.75,688.41,0.01,1.9967581092774191,0.01,3.9935162185548383,settle,1,4,settle,,,1.9568229470918708,0.0098,201.63263387483377,False,0,fold_2,test
q_edge_ne0.02_be0.06_d50_cap0.01_mt1_gap4s__settle,test,2026-05-22T09:35:00+00:00,2026-05-22T17:35:00+08:00,26221008452_attempt1::btc-updown-5m-1779442500,26221008452_attempt1::btc-updown-5m-1779442500::104::buy_up,btc-updown-5m-1779442500,london,buy_up,1.7333333333333334,104.0,1,0.6,0.595,0.6489736154825312,0.038973615482531206,0.25-0.75,53.64,0.01,2.0163263387483377,0.01,3.3605438979138964,settle,1,4,settle,,,1.3106121201864196,0.006500000000000001,202.9432459950202,False,0,fold_2,test
q_edge_ne0.02_be0.06_d50_cap0.01_mt1_gap4s__settle,test,2026-05-22T09:40:01+00:00,2026-05-22T17:40:01+08:00,26221008452_attempt1::btc-updown-5m-1779442800,26221008452_attempt1::btc-updown-5m-1779442800::4::buy_up,btc-updown-5m-1779442800,london,buy_up,0.06666666666666667,4.0,1,0.54,0.535,0.6385051596533681,0.08850515965336804,0.25-0.75,310.6,0.01,2.029432459950202,0.01,3.75820825916704,settle,1,4,settle,,,1.6911937166251678,0.008333333333333331,204.63443971164537,False,0,fold_2,test
q_edge_ne0.02_be0.06_d50_cap0.01_mt1_gap4s__settle,test,2026-05-22T09:45:01+00:00,2026-05-22T17:45:01+08:00,26221008452_attempt1::btc-updown-5m-1779443100,26221008452_attempt1::btc-updown-5m-1779443100::4::buy_down,btc-updown-5m-1779443100,london,buy_down,0.06666666666666667,4.0,1,0.53,0.52,0.6115994731241792,0.07159947312417915,0.25-0.75,50.0,0.01,2.046344397116454,0.01,3.8610271643706677,settle,1,4,settle,,,-2.084954668760161,-0.01018867924528302,202.5494850428852,False,0,fold_2,test
q_edge_ne0.02_be0.06_d50_cap0.01_mt1_gap4s__settle,test,2026-05-22T09:50:02+00:00,2026-05-22T17:50:02+08:00,26221008452_attempt1::btc-updown-5m-1779443400,26221008452_attempt1::btc-updown-5m-1779443400::4::buy_up,btc-updown-5m-1779443400,london,buy_up,0.06666666666666667,4.0,1,0.52,0.515,0.6810520267445771,0.15105202674457707,0.25-0.75,167.93,0.01,2.025494850428852,0.009999999999999998,3.895182404670869,settle,1,4,settle,,,1.8307357301953082,0.009038461538461537,204.3802207730805,False,0,fold_2,test
q_edge_ne0.02_be0.06_d50_cap0.01_mt1_gap4s__settle,test,2026-05-22T09:55:00+00:00,2026-05-22T17:55:00+08:00,26221008452_attempt1::btc-updown-5m-1779443700,26221008452_attempt1::btc-updown-5m-1779443700::8::buy_down,btc-updown-5m-1779443700,london,buy_down,0.13333333333333333,8.0,1,0.52,0.515,0.5531319378249637,0.023131937824963707,0.25-0.75,100.35,0.01,2.0438022077308053,0.010000000000000002,3.9303888610207793,settle,1,4,settle,,,1.8472827646797663,0.009038461538461539,206.22750353776027,False,0,fold_2,test
q_edge_ne0.02_be0.06_d50_cap0.01_mt1_gap4s__settle,test,2026-05-22T10:00:01+00:00,2026-05-22T18:00:01+08:00,26221008452_attempt1::btc-updown-5m-1779444000,26221008452_attempt1::btc-updown-5m-1779444000::66::buy_up,btc-updown-5m-1779444000,london,buy_up,1.1,66.0,1,0.42,0.415,0.45351235560354386,0.023512355603543873,0.25-0.75,52.37,0.01,2.0622750353776027,0.01,4.910178655660959,settle,1,4,settle,,,-2.111376821934212,-0.010238095238095237,204.11612671582606,False,0,fold_2,test
q_edge_ne0.02_be0.06_d50_cap0.01_mt1_gap4s__settle,test,2026-05-22T10:05:01+00:00,2026-05-22T18:05:01+08:00,26221008452_attempt1::btc-updown-5m-1779444300,26221008452_attempt1::btc-updown-5m-1779444300::4::buy_up,btc-updown-5m-1779444300,london,buy_up,0.06666666666666667,4.0,1,0.52,0.515,0.6303118309960302,0.10031183099603015,0.25-0.75,395.51,0.01,2.0411612671582606,0.01,3.925310129150501,settle,1,4,settle,,,1.8448957607007355,0.009038461538461539,205.96102247652678,False,0,fold_2,test
q_edge_ne0.02_be0.06_d50_cap0.01_mt1_gap4s__settle,test,2026-05-22T10:10:01+00:00,2026-05-22T18:10:01+08:00,26221008452_attempt1::btc-updown-5m-1779444600,26221008452_attempt1::btc-updown-5m-1779444600::106::buy_up,btc-updown-5m-1779444600,london,buy_up,1.7666666666666666,106.0,1,0.55,0.545,0.5933784876318068,0.03337848763180674,0.25-0.75,195.0,0.01,2.059610224765268,0.01,3.7447458632095776,settle,1,4,settle,,,-2.0970576833973635,-0.010181818181818183,203.8639647931294,False,0,fold_2,test
q_edge_ne0.02_be0.06_d50_cap0.01_mt1_gap4s__settle,test,2026-05-22T10:15:01+00:00,2026-05-22T18:15:01+08:00,26221008452_attempt1::btc-updown-5m-1779444900,26221008452_attempt1::btc-updown-5m-1779444900::4::buy_down,btc-updown-5m-1779444900,london,buy_down,0.06666666666666667,4.0,1,0.63,0.625,0.6864212642003308,0.04642126420033078,0.25-0.75,205.47,0.01,2.0386396479312943,0.01,3.2359359490972923,settle,1,4,settle,,,1.1649369416750253,0.005714285714285714,205.02890173480444,False,0,fold_2,test
q_edge_ne0.02_be0.06_d50_cap0.01_mt1_gap4s__settle,test,2026-05-22T10:20:01+00:00,2026-05-22T18:20:01+08:00,26221008452_attempt1::btc-updown-5m-1779445200,26221008452_attempt1::btc-updown-5m-1779445200::13::buy_up,btc-updown-5m-1779445200,london,buy_up,0.21666666666666667,13.0,1,0.5,0.495,0.5339957777575838,0.023995777757583776,0.25-0.75,99.95,0.01,2.0502890173480446,0.010000000000000002,4.100578034696089,settle,1,4,settle,,,2.0092832370010836,0.0098,207.03818497180552,False,0,fold_2,test
q_edge_ne0.02_be0.06_d50_cap0.01_mt1_gap4s__settle,test,2026-05-22T10:30:01+00:00,2026-05-22T18:30:01+08:00,26221008452_attempt1::btc-updown-5m-1779445800,26221008452_attempt1::btc-updown-5m-1779445800::30::buy_down,btc-updown-5m-1779445800,london,buy_down,0.5,30.0,1,0.27,0.265,0.309358681023299,0.02935868102329898,0.25-0.75,72.0,0.01,2.0703818497180553,0.01,7.668080924881686,settle,1,4,settle,,,-2.147062658966872,-0.010370370370370372,204.89112231283866,False,0,fold_2,test
q_edge_ne0.02_be0.06_d50_cap0.01_mt1_gap4s__settle,test,2026-05-22T10:35:00+00:00,2026-05-22T18:35:00+08:00,26221008452_attempt1::btc-updown-5m-1779446100,26221008452_attempt1::btc-updown-5m-1779446100::8::buy_down,btc-updown-5m-1779446100,london,buy_down,0.13333333333333333,8.0,1,0.6,0.595,0.6710701526796983,0.06107015267969829,0.25-0.75,241.65,0.01,2.048911223128387,0.01,3.4148520385473113,settle,1,4,settle,,,1.3317922950334515,0.0065000000000000014,206.2229146078721,False,0,fold_2,test
q_edge_ne0.02_be0.06_d50_cap0.01_mt1_gap4s__settle,test,2026-05-22T10:40:01+00:00,2026-05-22T18:40:01+08:00,26221008452_attempt1::btc-updown-5m-1779446400,26221008452_attempt1::btc-updown-5m-1779446400::69::buy_down,btc-updown-5m-1779446400,london,buy_down,1.15,69.0,1,0.63,0.625,0.664766543698452,0.024766543698452,0.25-0.75,142.36,0.01,2.062229146078721,0.01,3.2733795969503507,settle,1,4,settle,,,1.1784166549021262,0.005714285714285714,207.40133126277422,False,0,fold_2,test
q_edge_ne0.02_be0.06_d50_cap0.01_mt1_gap4s__settle,test,2026-05-22T10:50:00+00:00,2026-05-22T18:50:00+08:00,26221008452_attempt1::btc-updown-5m-1779447000,26221008452_attempt1::btc-updown-5m-1779447000::8::buy_down,btc-updown-5m-1779447000,london,buy_down,0.13333333333333333,8.0,1,0.47,0.465,0.555100834254542,0.07510083425454207,0.25-0.75,105.33,0.01,2.0740133126277422,0.01,4.4127942821866855,settle,1,4,settle,,,2.2946530267370764,0.011063829787234043,209.6959842895113,False,0,fold_2,test
q_edge_ne0.02_be0.06_d50_cap0.01_mt1_gap4s__settle,test,2026-05-22T10:55:00+00:00,2026-05-22T18:55:00+08:00,26221008452_attempt1::btc-updown-5m-1779447300,26221008452_attempt1::btc-updown-5m-1779447300::279::buy_down,btc-updown-5m-1779447300,london,buy_down,4.65,279.0,1,0.13,0.125,0.16346566671953294,0.023465666719532936,0.10-0.25,58.5,0.006743007678026706,1.413981632115542,0.006743007678026706,10.87678178550417,settle,1,4,settle,,,-1.5227494499705838,-0.007261700576336452,208.17323483954073,False,0,fold_2,test
q_edge_ne0.02_be0.06_d50_cap0.01_mt1_gap4s__settle,test,2026-05-22T11:00:02+00:00,2026-05-22T19:00:02+08:00,26221008452_attempt1::btc-updown-5m-1779447600,26221008452_attempt1::btc-updown-5m-1779447600::38::buy_down,btc-updown-5m-1779447600,london,buy_down,0.6333333333333333,38.0,1,0.42,0.415,0.459786481157964,0.029786481157964013,0.25-0.75,61.62,0.01,2.0817323483954073,0.01,4.956505591417637,settle,1,4,settle,,,2.825208187108053,0.013571428571428573,210.99844302664877,False,0,fold_2,test
q_edge_ne0.02_be0.06_d50_cap0.01_mt1_gap4s__settle,test,2026-05-22T11:05:01+00:00,2026-05-22T19:05:01+08:00,26221008452_attempt1::btc-updown-5m-1779447900,26221008452_attempt1::btc-updown-5m-1779447900::9::buy_down,btc-updown-5m-1779447900,london,buy_down,0.15,9.0,1,0.51,0.5,0.5726029125449025,0.052602912544902465,0.25-0.75,238.83,0.01,2.1099844302664876,0.01,4.137224373071544,settle,1,4,settle,,,1.9858676990743411,0.009411764705882352,212.9843107257231,False,0,fold_2,test
q_edge_ne0.02_be0.06_d50_cap0.01_mt1_gap4s__settle,test,2026-05-22T11:15:01+00:00,2026-05-22T19:15:01+08:00,26221008452_attempt1::btc-updown-5m-1779448500,26221008452_attempt1::btc-updown-5m-1779448500::4::buy_down,btc-updown-5m-1779448500,london,buy_down,0.06666666666666667,4.0,1,0.5,0.49,0.6138081733176156,0.10380817331761562,0.25-0.75,154.06,0.01,2.1298431072572312,0.01,4.2596862145144625,settle,1,4,settle,,,2.0872462451120866,0.009800000000000001,215.0715569708352,False,0,fold_2,test
q_edge_ne0.02_be0.06_d50_cap0.01_mt1_gap4s__settle,test,2026-05-22T11:20:02+00:00,2026-05-22T19:20:02+08:00,26221008452_attempt1::btc-updown-5m-1779448800,26221008452_attempt1::btc-updown-5m-1779448800::5::buy_up,btc-updown-5m-1779448800,london,buy_up,0.08333333333333333,5.0,1,0.56,0.555,0.6293713194819489,0.059371319481948855,0.25-0.75,138.28,0.01,2.150715569708352,0.01,3.8405635173363426,settle,1,4,settle,,,1.6514423124546271,0.007678571428571428,216.72299928328982,False,0,fold_2,test
q_edge_ne0.02_be0.06_d50_cap0.01_mt1_gap4s__settle,test,2026-05-22T11:25:01+00:00,2026-05-22T19:25:01+08:00,26221008452_attempt1::btc-updown-5m-1779449100,26221008452_attempt1::btc-updown-5m-1779449100::4::buy_up,btc-updown-5m-1779449100,london,buy_up,0.06666666666666667,4.0,1,0.49,0.48,0.6026773230697905,0.10267732306979051,0.25-0.75,304.04,0.01,2.1672299928328984,0.01,4.422918352720201,settle,1,4,settle,,,2.2114591763601004,0.010204081632653062,218.93445845964993,False,0,fold_2,test
q_edge_ne0.02_be0.06_d50_cap0.01_mt1_gap4s__settle,test,2026-05-22T11:30:02+00:00,2026-05-22T19:30:02+08:00,26221008452_attempt1::btc-updown-5m-1779449400,26221008452_attempt1::btc-updown-5m-1779449400::4::buy_up,btc-updown-5m-1779449400,london,buy_up,0.06666666666666667,4.0,1,0.51,0.505,0.5835727079043572,0.06357270790435722,0.25-0.75,64.77,0.01,2.1893445845964994,0.01,4.292832518816666,settle,1,4,settle,,,-2.2322729097846663,-0.010196078431372551,216.70218554986528,False,0,fold_2,test
q_edge_ne0.02_be0.06_d50_cap0.01_mt1_gap4s__settle,test,2026-05-22T11:35:01+00:00,2026-05-22T19:35:01+08:00,26221008452_attempt1::btc-updown-5m-1779449700,26221008452_attempt1::btc-updown-5m-1779449700::12::buy_up,btc-updown-5m-1779449700,london,buy_up,0.2,12.0,1,0.63,0.625,0.7229328102892936,0.08293281028929357,0.25-0.75,52.45,0.01,2.167021855498653,0.01,3.439717230950243,settle,1,4,settle,,,1.2382982031420873,0.005714285714285714,217.94048375300736,False,0,fold_2,test
q_edge_ne0.02_be0.06_d50_cap0.01_mt1_gap4s__settle,test,2026-05-22T11:40:00+00:00,2026-05-22T19:40:00+08:00,26221008452_attempt1::btc-updown-5m-1779450000,26221008452_attempt1::btc-updown-5m-1779450000::4::buy_down,btc-updown-5m-1779450000,london,buy_down,0.06666666666666667,4.0,1,0.6,0.59,0.6413561318451799,0.03135613184517994,0.25-0.75,221.41,0.01,2.1794048375300736,0.01,3.632341395883456,settle,1,4,settle,,,1.416613144394548,0.006500000000000001,219.3570968974019,False,0,fold_2,test
q_edge_ne0.02_be0.06_d50_cap0.01_mt1_gap4s__settle,test,2026-05-22T11:45:02+00:00,2026-05-22T19:45:02+08:00,26221008452_attempt1::btc-updown-5m-1779450300,26221008452_attempt1::btc-updown-5m-1779450300::97::buy_down,btc-updown-5m-1779450300,london,buy_down,1.6166666666666667,97.0,1,0.54,0.535,0.5743963189602502,0.024396318960250192,0.25-0.75,196.13,0.01,2.193570968974019,0.01,4.062168461062998,settle,1,4,settle,,,-2.2341926535846492,-0.010185185185185186,217.12290424381726,False,0,fold_2,test
q_edge_ne0.02_be0.06_d50_cap0.01_mt1_gap4s__settle,test,2026-05-22T11:50:01+00:00,2026-05-22T19:50:01+08:00,26221008452_attempt1::btc-updown-5m-1779450600,26221008452_attempt1::btc-updown-5m-1779450600::25::buy_up,btc-updown-5m-1779450600,london,buy_up,0.4166666666666667,25.0,1,0.55,0.545,0.589406599270874,0.029406599270873975,0.25-0.75,83.42,0.01,2.171229042438173,0.01,3.9476891680694046,settle,1,4,settle,,,-2.2107059341188666,-0.010181818181818183,214.9121983096984,False,0,fold_2,test
q_edge_ne0.02_be0.06_d50_cap0.01_mt1_gap4s__settle,test,2026-05-22T11:55:01+00:00,2026-05-22T19:55:01+08:00,26221008452_attempt1::btc-updown-5m-1779450900,26221008452_attempt1::btc-updown-5m-1779450900::13::buy_down,btc-updown-5m-1779450900,london,buy_down,0.21666666666666667,13.0,1,0.73,0.725,0.7602826111559106,0.020282611155910575,0.25-0.75,87.0,0.01,2.149121983096984,0.01,2.944002716571211,settle,1,4,settle,,,-2.1785620102626964,-0.010136986301369864,212.7336362994357,False,0,fold_2,test
q_edge_ne0.02_be0.06_d50_cap0.01_mt1_gap4s__settle,test,2026-05-22T12:00:02+00:00,2026-05-22T20:00:02+08:00,26221008452_attempt1::btc-updown-5m-1779451200,26221008452_attempt1::btc-updown-5m-1779451200::13::buy_down,btc-updown-5m-1779451200,london,buy_down,0.21666666666666667,13.0,1,0.72,0.715,0.7511590907238223,0.02115909072382228,0.25-0.75,56.42,0.01,2.127336362994357,0.01,2.9546338374921626,settle,1,4,settle,,,0.797751136122884,0.0037500000000000007,213.53138743555857,False,0,fold_2,test
q_edge_ne0.02_be0.06_d50_cap0.01_mt1_gap4s__settle,test,2026-05-22T12:05:01+00:00,2026-05-22T20:05:01+08:00,26221008452_attempt1::btc-updown-5m-1779451500,26221008452_attempt1::btc-updown-5m-1779451500::13::buy_up,btc-updown-5m-1779451500,london,buy_up,0.21666666666666667,13.0,1,0.41,0.4,0.4473123722678085,0.027312372267808534,0.25-0.75,76.45,0.01,2.1353138743555857,0.01,5.208082620379478,settle,1,4,settle,,,3.0206879198200975,0.014146341463414638,216.55207535537866,False,0,fold_2,test
q_edge_ne0.02_be0.06_d50_cap0.01_mt1_gap4s__settle,test,2026-05-22T12:10:01+00:00,2026-05-22T20:10:01+08:00,26221008452_attempt1::btc-updown-5m-1779451800,26221008452_attempt1::btc-updown-5m-1779451800::94::buy_down,btc-updown-5m-1779451800,london,buy_down,1.5666666666666667,94.0,1,0.46,0.455,0.4901659779402394,0.020165977940239395,0.25-0.75,63.07,0.00933610089825898,2.021752025245197,0.00933610089825898,4.395113098359123,settle,1,4,settle,,,-2.0657031562287878,-0.009539059613438521,214.48637219914988,False,0,fold_2,test
q_edge_ne0.02_be0.06_d50_cap0.01_mt1_gap4s__settle,test,2026-05-22T12:15:01+00:00,2026-05-22T20:15:01+08:00,26221008452_attempt1::btc-updown-5m-1779452100,26221008452_attempt1::btc-updown-5m-1779452100::4::buy_down,btc-updown-5m-1779452100,london,buy_down,0.06666666666666667,4.0,1,0.53,0.525,0.5851068294848746,0.04510682948487455,0.25-0.75,94.03,0.01,2.144863721991499,0.01,4.046912683002828,settle,1,4,settle,,,-2.1853328488215276,-0.01018867924528302,212.30103935032835,False,0,fold_2,test
q_edge_ne0.02_be0.06_d50_cap0.01_mt1_gap4s__settle,test,2026-05-22T12:20:00+00:00,2026-05-22T20:20:00+08:00,26221008452_attempt1::btc-updown-5m-1779452400,26221008452_attempt1::btc-updown-5m-1779452400::4::buy_down,btc-updown-5m-1779452400,london,buy_down,0.06666666666666667,4.0,1,0.57,0.565,0.6363915452108982,0.05639154521089829,0.25-0.75,482.27,0.01,2.1230103935032836,0.01,3.7245796377250593,settle,1,4,settle,,,1.5643234478445252,0.007368421052631581,213.86536279817287,False,0,fold_2,test
q_edge_ne0.02_be0.06_d50_cap0.01_mt1_gap4s__settle,test,2026-05-22T12:25:01+00:00,2026-05-22T20:25:01+08:00,26221008452_attempt1::btc-updown-5m-1779452700,26221008452_attempt1::btc-updown-5m-1779452700::4::buy_down,btc-updown-5m-1779452700,london,buy_down,0.06666666666666667,4.0,1,0.45,0.445,0.5744237862167222,0.11442378621672218,0.25-0.75,535.7,0.01,2.1386536279817285,0.009999999999999998,4.752563617737175,settle,1,4,settle,,,2.5663843535780746,0.012,216.43174715175095,False,0,fold_2,test
q_edge_ne0.02_be0.06_d50_cap0.01_mt1_gap4s__settle,test,2026-05-22T12:30:00+00:00,2026-05-22T20:30:00+08:00,26221008452_attempt1::btc-updown-5m-1779453000,26221008452_attempt1::btc-updown-5m-1779453000::142::buy_down,btc-updown-5m-1779453000,london,buy_down,2.3666666666666667,142.0,1,0.53,0.525,0.5757459014550814,0.03574590145508139,0.25-0.75,78.02,0.01,2.1643174715175095,0.01,4.083617870787753,settle,1,4,settle,,,-2.205153650225387,-0.010188679245283019,214.22659350152557,False,0,fold_2,test
q_edge_ne0.02_be0.06_d50_cap0.01_mt1_gap4s__settle,test,2026-05-22T12:35:00+00:00,2026-05-22T20:35:00+08:00,26221008452_attempt1::btc-updown-5m-1779453300,26221008452_attempt1::btc-updown-5m-1779453300::4::buy_down,btc-updown-5m-1779453300,london,buy_down,0.06666666666666667,4.0,1,0.49,0.485,0.5356309209764675,0.03563092097646748,0.25-0.75,229.89,0.01,2.142265935015256,0.010000000000000002,4.371971295949502,settle,1,4,settle,,,-2.185985647974751,-0.010204081632653062,212.04060785355082,False,0,fold_2,test
q_edge_ne0.02_be0.06_d50_cap0.01_mt1_gap4s__settle,test,2026-05-22T12:40:01+00:00,2026-05-22T20:40:01+08:00,26221008452_attempt1::btc-updown-5m-1779453600,26221008452_attempt1::btc-updown-5m-1779453600::123::buy_down,btc-updown-5m-1779453600,london,buy_down,2.05,123.0,1,0.56,0.555,0.5959402763645397,0.025940276364539668,0.25-0.75,132.6,0.01,2.1204060785355083,0.01,3.7864394259562646,settle,1,4,settle,,,1.6281689531611936,0.007678571428571428,213.66877680671203,False,0,fold_2,test
q_edge_ne0.02_be0.06_d50_cap0.01_mt1_gap4s__settle,test,2026-05-22T12:45:00+00:00,2026-05-22T20:45:00+08:00,26221008452_attempt1::btc-updown-5m-1779453900,26221008452_attempt1::btc-updown-5m-1779453900::98::buy_up,btc-updown-5m-1779453900,london,buy_up,1.6333333333333333,98.0,1,0.67,0.665,0.7054373128157585,0.025437312815758457,0.25-0.75,226.31,0.01,2.1366877680671204,0.01,3.189086220995702,settle,1,4,settle,,,1.0205075907186245,0.004776119402985074,214.68928439743067,False,0,fold_2,test
q_edge_ne0.02_be0.06_d50_cap0.01_mt1_gap4s__settle,test,2026-05-22T12:50:02+00:00,2026-05-22T20:50:02+08:00,26221008452_attempt1::btc-updown-5m-1779454200,26221008452_attempt1::btc-updown-5m-1779454200::5::buy_up,btc-updown-5m-1779454200,london,buy_up,0.08333333333333333,5.0,1,0.53,0.525,0.5965128070645521,0.05651280706455209,0.25-0.75,187.1,0.01,2.1468928439743067,0.01,4.0507412150458615,settle,1,4,settle,,,1.863340958921096,0.008679245283018867,216.55262535635177,False,0,fold_2,test
q_edge_ne0.02_be0.06_d50_cap0.01_mt1_gap4s__settle,test,2026-05-22T12:55:01+00:00,2026-05-22T20:55:01+08:00,26221008452_attempt1::btc-updown-5m-1779454500,26221008452_attempt1::btc-updown-5m-1779454500::5::buy_down,btc-updown-5m-1779454500,london,buy_down,0.08333333333333333,5.0,1,0.54,0.535,0.6689925372661093,0.11899253726610927,0.25-0.75,216.22,0.01,2.1655262535635176,0.01,4.010233802895403,settle,1,4,settle,,,-2.205628591592472,-0.010185185185185186,214.3469967647593,False,0,fold_2,test
q_edge_ne0.02_be0.06_d50_cap0.01_mt1_gap4s__settle,test,2026-05-22T13:00:02+00:00,2026-05-22T21:00:02+08:00,26221008452_attempt1::btc-updown-5m-1779454800,26221008452_attempt1::btc-updown-5m-1779454800::4::buy_down,btc-updown-5m-1779454800,london,buy_down,0.06666666666666667,4.0,1,0.43,0.425,0.601177947174284,0.16117794717428396,0.25-0.75,314.89,0.01,2.1434699676475932,0.010000000000000002,4.9848138782502165,settle,1,4,settle,,,2.7914957718201214,0.01302325581395349,217.1384925365794,False,0,fold_2,test
q_edge_ne0.02_be0.06_d50_cap0.01_mt1_gap4s__settle,test,2026-05-22T13:05:01+00:00,2026-05-22T21:05:01+08:00,26221008452_attempt1::btc-updown-5m-1779455100,26221008452_attempt1::btc-updown-5m-1779455100::9::buy_down,btc-updown-5m-1779455100,london,buy_down,0.15,9.0,1,0.49,0.485,0.5424967628700732,0.04249676287007321,0.25-0.75,67.84,0.01,2.171384925365794,0.01,4.431397806868968,settle,1,4,settle,,,-2.215698903434484,-0.010204081632653062,214.92279363314492,False,0,fold_2,test
q_edge_ne0.02_be0.06_d50_cap0.01_mt1_gap4s__settle,test,2026-05-22T13:10:02+00:00,2026-05-22T21:10:02+08:00,26221008452_attempt1::btc-updown-5m-1779455400,26221008452_attempt1::btc-updown-5m-1779455400::39::buy_up,btc-updown-5m-1779455400,london,buy_up,0.65,39.0,1,0.38,0.375,0.42378164216788844,0.03378164216788843,0.25-0.75,61.35,0.01,2.149227936331449,0.009999999999999998,5.655862990345918,settle,1,4,settle,,,-2.205786566234908,-0.01026315789473684,212.71700706691,False,0,fold_2,test
q_edge_ne0.02_be0.06_d50_cap0.01_mt1_gap4s__settle,test,2026-05-22T13:15:01+00:00,2026-05-22T21:15:01+08:00,26221008452_attempt1::btc-updown-5m-1779455700,26221008452_attempt1::btc-updown-5m-1779455700::4::buy_up,btc-updown-5m-1779455700,london,buy_up,0.06666666666666667,4.0,1,0.46,0.455,0.5315893509716977,0.06158935097169766,0.25-0.75,647.41,0.01,2.1271700706691004,0.01,4.624282762324131,settle,1,4,settle,,,-2.1734128982923417,-0.010217391304347827,210.54359416861766,False,0,fold_2,test
q_edge_ne0.02_be0.06_d50_cap0.01_mt1_gap4s__settle,test,2026-05-22T13:20:00+00:00,2026-05-22T21:20:00+08:00,26221008452_attempt1::btc-updown-5m-1779456000,26221008452_attempt1::btc-updown-5m-1779456000::4::buy_down,btc-updown-5m-1779456000,london,buy_down,0.06666666666666667,4.0,1,0.5,0.495,0.6082784447113098,0.09827844471130977,0.25-0.75,159.17,0.01,2.1054359416861765,0.01,4.210871883372353,settle,1,4,settle,,,2.063327222852453,0.0098,212.6069213914701,False,0,fold_2,test
q_edge_ne0.02_be0.06_d50_cap0.01_mt1_gap4s__settle,test,2026-05-22T13:30:01+00:00,2026-05-22T21:30:01+08:00,26221008452_attempt1::btc-updown-5m-1779456600,26221008452_attempt1::btc-updown-5m-1779456600::21::buy_down,btc-updown-5m-1779456600,us_open,buy_down,0.35,21.0,1,0.79,0.785,0.836598281235856,0.03659828123585596,0.75-0.90,103.39,0.01,2.1260692139147013,0.01,2.691226853056584,settle,1,4,settle,,,0.5382453706113167,0.002531645569620253,213.14516676208143,False,0,fold_2,test
q_edge_ne0.02_be0.06_d50_cap0.01_mt1_gap4s__settle,test,2026-05-22T13:35:00+00:00,2026-05-22T21:35:00+08:00,26221008452_attempt1::btc-updown-5m-1779456900,26221008452_attempt1::btc-updown-5m-1779456900::12::buy_down,btc-updown-5m-1779456900,us_open,buy_down,0.2,12.0,1,0.31,0.305,0.34903222267082595,0.029032222670825954,0.25-0.75,72.57,0.01,2.1314516676208144,0.01,6.8756505407123045,settle,1,4,settle,,,-2.2002081730279377,-0.010322580645161292,210.9449585890535,False,0,fold_2,test
q_edge_ne0.02_be0.06_d50_cap0.01_mt1_gap4s__settle,test,2026-05-22T13:40:02+00:00,2026-05-22T21:40:02+08:00,26221008452_attempt1::btc-updown-5m-1779457200,26221008452_attempt1::btc-updown-5m-1779457200::59::buy_down,btc-updown-5m-1779457200,us_open,buy_down,0.9833333333333333,59.0,1,0.28,0.275,0.3146606359754435,0.024660635975443497,0.25-0.75,66.42,0.00856272082480677,1.8062627897984902,0.00856272082480677,6.450938534994608,settle,1,4,settle,,,4.580166359846171,0.021712613520045734,215.52512494889967,False,0,fold_2,test
q_edge_ne0.02_be0.06_d50_cap0.01_mt1_gap4s__settle,test,2026-05-22T13:45:01+00:00,2026-05-22T21:45:01+08:00,26221008452_attempt1::btc-updown-5m-1779457500,26221008452_attempt1::btc-updown-5m-1779457500::4::buy_up,btc-updown-5m-1779457500,us_open,buy_up,0.06666666666666667,4.0,1,0.68,0.675,0.8229627747847242,0.13296277478472418,0.25-0.75,129.64,0.01,2.155251249488997,0.01,3.169487131601466,settle,1,4,settle,,,0.9825410107964543,0.0045588235294117645,216.50766595969614,False,0,fold_2,test
q_edge_ne0.02_be0.06_d50_cap0.01_mt1_gap4s__settle,test,2026-05-22T13:50:02+00:00,2026-05-22T21:50:02+08:00,26221008452_attempt1::btc-updown-5m-1779457800,26221008452_attempt1::btc-updown-5m-1779457800::17::buy_down,btc-updown-5m-1779457800,us_open,buy_down,0.2833333333333333,17.0,1,0.44,0.435,0.494614553337802,0.04461455333780202,0.25-0.75,59.88,0.01,2.1650766595969615,0.01,4.920628771811276,settle,1,4,settle,,,-2.2142829473150742,-0.010227272727272727,214.29338301238107,False,0,fold_2,test
q_edge_ne0.02_be0.06_d50_cap0.01_mt1_gap4s__settle,test,2026-05-22T13:55:01+00:00,2026-05-22T21:55:01+08:00,26221008452_attempt1::btc-updown-5m-1779458100,26221008452_attempt1::btc-updown-5m-1779458100::39::buy_down,btc-updown-5m-1779458100,us_open,buy_down,0.65,39.0,1,0.52,0.515,0.5526675996817777,0.02266759968177768,0.25-0.75,307.14,0.01,2.142933830123811,0.01,4.1210265963919435,settle,1,4,settle,,,-2.18414409608773,-0.010192307692307691,212.10923891629335,False,0,fold_2,test
q_edge_ne0.02_be0.06_d50_cap0.01_mt1_gap4s__settle,test,2026-05-22T14:00:00+00:00,2026-05-22T22:00:00+08:00,26221008452_attempt1::btc-updown-5m-1779458400,26221008452_attempt1::btc-updown-5m-1779458400::8::buy_down,btc-updown-5m-1779458400,us_open,buy_down,0.13333333333333333,8.0,1,0.73,0.725,0.9135156926282435,0.1735156926282435,0.25-0.75,251.93,0.01,2.1210923891629334,0.01,2.9056060125519636,settle,1,4,settle,,,0.7554575632635105,0.003561643835616438,212.86469647955687,False,0,fold_2,test
q_edge_ne0.02_be0.06_d50_cap0.01_mt1_gap4s__settle,test,2026-05-22T14:05:02+00:00,2026-05-22T22:05:02+08:00,26221008452_attempt1::btc-updown-5m-1779458700,26221008452_attempt1::btc-updown-5m-1779458700::4::buy_down,btc-updown-5m-1779458700,us_open,buy_down,0.06666666666666667,4.0,1,0.51,0.505,0.7079760200989833,0.1879760200989833,0.25-0.75,59.09,0.01,2.1286469647955686,0.01,4.173817578030526,settle,1,4,settle,,,2.0034324374546526,0.009411764705882352,214.86812891701152,False,0,fold_2,test
q_edge_ne0.02_be0.06_d50_cap0.01_mt1_gap4s__settle,test,2026-05-22T14:10:02+00:00,2026-05-22T22:10:02+08:00,26221008452_attempt1::btc-updown-5m-1779459000,26221008452_attempt1::btc-updown-5m-1779459000::110::buy_up,btc-updown-5m-1779459000,us_open,buy_up,1.8333333333333333,110.0,1,0.49,0.485,0.5297938475509669,0.02979384755096693,0.25-0.75,181.07,0.01,2.1486812891701152,0.01,4.385063855449215,settle,1,4,settle,,,-2.1925319277246076,-0.010204081632653062,212.6755969892869,False,0,fold_2,test
q_edge_ne0.02_be0.06_d50_cap0.01_mt1_gap4s__settle,test,2026-05-22T14:15:01+00:00,2026-05-22T22:15:01+08:00,26221008452_attempt1::btc-updown-5m-1779459300,26221008452_attempt1::btc-updown-5m-1779459300::8::buy_down,btc-updown-5m-1779459300,us_open,buy_down,0.13333333333333333,8.0,1,0.52,0.515,0.6408817641932318,0.11088176419323183,0.25-0.75,123.72,0.01,2.126755969892869,0.009999999999999998,4.089915326717056,settle,1,4,settle,,,1.922260203557016,0.009038461538461537,214.59785719284392,False,0,fold_2,test
q_edge_ne0.02_be0.06_d50_cap0.01_mt1_gap4s__settle,test,2026-05-22T14:20:01+00:00,2026-05-22T22:20:01+08:00,26221008452_attempt1::btc-updown-5m-1779459600,26221008452_attempt1::btc-updown-5m-1779459600::4::buy_down,btc-updown-5m-1779459600,us_open,buy_down,0.06666666666666667,4.0,1,0.56,0.555,0.748946137242204,0.17894613724220398,0.25-0.75,109.82,0.01,2.145978571928439,0.01,3.8321045927293556,settle,1,4,settle,,,1.6478049748736225,0.007678571428571427,216.24566216771754,False,0,fold_2,test
q_edge_ne0.02_be0.06_d50_cap0.01_mt1_gap4s__settle,test,2026-05-22T14:25:02+00:00,2026-05-22T22:25:02+08:00,26221008452_attempt1::btc-updown-5m-1779459900,26221008452_attempt1::btc-updown-5m-1779459900::5::buy_up,btc-updown-5m-1779459900,us_open,buy_up,0.08333333333333333,5.0,1,0.51,0.505,0.6148809419791625,0.09488094197916254,0.25-0.75,397.87,0.01,2.1624566216771757,0.010000000000000002,4.240111022896423,settle,1,4,settle,,,2.035253290990283,0.009411764705882354,218.28091545870782,False,0,fold_2,test
q_edge_ne0.02_be0.06_d50_cap0.01_mt1_gap4s__settle,test,2026-05-22T14:30:00+00:00,2026-05-22T22:30:00+08:00,26221008452_attempt1::btc-updown-5m-1779460200,26221008452_attempt1::btc-updown-5m-1779460200::17::buy_down,btc-updown-5m-1779460200,us_open,buy_down,0.2833333333333333,17.0,1,0.7,0.695,0.7535009098761355,0.043500909876135536,0.25-0.75,90.14,0.01,2.1828091545870785,0.01,3.118298792267255,settle,1,4,settle,,,0.9043066497575041,0.004142857142857144,219.18522210846533,False,0,fold_2,test
q_edge_ne0.02_be0.06_d50_cap0.01_mt1_gap4s__settle,test,2026-05-22T14:35:02+00:00,2026-05-22T22:35:02+08:00,26221008452_attempt1::btc-updown-5m-1779460500,26221008452_attempt1::btc-updown-5m-1779460500::35::buy_down,btc-updown-5m-1779460500,us_open,buy_down,0.5833333333333334,35.0,1,0.47,0.465,0.5130209473332997,0.03302094733329975,0.25-0.75,57.78,0.01,2.191852221084653,0.01,4.663515364009901,settle,1,4,settle,,,2.4250279892851485,0.011063829787234044,221.61025009775048,False,0,fold_2,test
q_edge_ne0.02_be0.06_d50_cap0.01_mt1_gap4s__settle,test,2026-05-22T14:40:01+00:00,2026-05-22T22:40:01+08:00,26221008452_attempt1::btc-updown-5m-1779460800,26221008452_attempt1::btc-updown-5m-1779460800::4::buy_down,btc-updown-5m-1779460800,us_open,buy_down,0.06666666666666667,4.0,1,0.5,0.495,0.6210687775081342,0.11106877750813417,0.25-0.75,489.56,0.01,2.216102500977505,0.010000000000000002,4.43220500195501,settle,1,4,settle,,,-2.260424550997055,-0.0102,219.34982554675344,False,0,fold_2,test
q_edge_ne0.02_be0.06_d50_cap0.01_mt1_gap4s__settle,test,2026-05-22T14:45:01+00:00,2026-05-22T22:45:01+08:00,26221008452_attempt1::btc-updown-5m-1779461100,26221008452_attempt1::btc-updown-5m-1779461100::21::buy_up,btc-updown-5m-1779461100,us_open,buy_up,0.35,21.0,1,0.55,0.545,0.5924748279759126,0.03247482797591251,0.25-0.75,64.0,0.01,2.1934982554675346,0.010000000000000002,3.988178646304608,settle,1,4,settle,,,-2.2333800419305807,-0.010181818181818183,217.11644550482285,False,0,fold_2,test
q_edge_ne0.02_be0.06_d50_cap0.01_mt1_gap4s__settle,test,2026-05-22T14:50:01+00:00,2026-05-22T22:50:01+08:00,26221008452_attempt1::btc-updown-5m-1779461400,26221008452_attempt1::btc-updown-5m-1779461400::4::buy_down,btc-updown-5m-1779461400,us_open,buy_down,0.06666666666666667,4.0,1,0.6,0.59,0.737695502103843,0.12769550210384306,0.25-0.75,91.2,0.01,2.1711644550482285,0.01,3.618607425080381,settle,1,4,settle,,,1.4112568957813487,0.006500000000000001,218.5277024006042,False,0,fold_2,test
q_edge_ne0.02_be0.06_d50_cap0.01_mt1_gap4s__settle,test,2026-05-22T14:55:01+00:00,2026-05-22T22:55:01+08:00,26221008452_attempt1::btc-updown-5m-1779461700,26221008452_attempt1::btc-updown-5m-1779461700::8::buy_up,btc-updown-5m-1779461700,us_open,buy_up,0.13333333333333333,8.0,1,0.5,0.495,0.6357364718484128,0.12573647184841275,0.25-0.75,369.04,0.01,2.185277024006042,0.01,4.370554048012084,settle,1,4,settle,,,-2.228982564486163,-0.0102,216.29871983611804,False,0,fold_2,test
q_edge_ne0.02_be0.06_d50_cap0.01_mt1_gap4s__settle,test,2026-05-22T15:00:01+00:00,2026-05-22T23:00:01+08:00,26221008452_attempt1::btc-updown-5m-1779462000,26221008452_attempt1::btc-updown-5m-1779462000::38::buy_up,btc-updown-5m-1779462000,us_open,buy_up,0.6333333333333333,38.0,1,0.33,0.325,0.3646346221187237,0.0246346221187237,0.25-0.75,113.32,0.009192023178628246,1.9882228462412144,0.009192023178628246,6.024917715882467,settle,1,4,settle,,,3.976445692482428,0.01838404635725649,220.27516552860047,False,0,fold_2,test
q_edge_ne0.02_be0.06_d50_cap0.01_mt1_gap4s__settle,test,2026-05-22T15:05:01+00:00,2026-05-22T23:05:01+08:00,26221008452_attempt1::btc-updown-5m-1779462300,26221008452_attempt1::btc-updown-5m-1779462300::4::buy_up,btc-updown-5m-1779462300,us_open,buy_up,0.06666666666666667,4.0,1,0.51,0.505,0.691243508126812,0.171243508126812,0.25-0.75,107.27,0.01,2.2027516552860047,0.01,4.319120892717656,settle,1,4,settle,,,2.0731780285044747,0.009411764705882352,222.34834355710495,False,0,fold_2,test
q_edge_ne0.02_be0.06_d50_cap0.01_mt1_gap4s__settle,test,2026-05-22T15:10:00+00:00,2026-05-22T23:10:00+08:00,26221008452_attempt1::btc-updown-5m-1779462600,26221008452_attempt1::btc-updown-5m-1779462600::4::buy_down,btc-updown-5m-1779462600,us_open,buy_down,0.06666666666666667,4.0,1,0.49,0.485,0.6154305987682043,0.11543059876820429,0.25-0.75,110.46,0.01,2.2234834355710498,0.01,4.537721297083775,settle,1,4,settle,,,2.2688606485418874,0.010204081632653062,224.61720420564683,False,0,fold_2,test
q_edge_ne0.02_be0.06_d50_cap0.01_mt1_gap4s__settle,test,2026-05-22T15:15:01+00:00,2026-05-22T23:15:01+08:00,26221008452_attempt1::btc-updown-5m-1779462900,26221008452_attempt1::btc-updown-5m-1779462900::4::buy_up,btc-updown-5m-1779462900,us_open,buy_up,0.06666666666666667,4.0,1,0.61,0.605,0.7423897943556899,0.12238979435568988,0.25-0.75,215.77,0.01,2.246172042056468,0.01,3.682249249272899,settle,1,4,settle,,,1.3992547147237016,0.006229508196721312,226.01645892037052,False,0,fold_2,test
q_edge_ne0.02_be0.06_d50_cap0.01_mt1_gap4s__settle,test,2026-05-22T15:20:01+00:00,2026-05-22T23:20:01+08:00,26221008452_attempt1::btc-updown-5m-1779463200,26221008452_attempt1::btc-updown-5m-1779463200::4::buy_down,btc-updown-5m-1779463200,us_open,buy_down,0.06666666666666667,4.0,1,0.48,0.475,0.5645151546636993,0.0745151546636993,0.25-0.75,10046.67,0.01,2.2601645892037054,0.01,4.70867622750772,settle,1,4,settle,,,2.401424876028937,0.010625,228.41788379639945,False,0,fold_2,test
q_edge_ne0.02_be0.06_d50_cap0.01_mt1_gap4s__settle,test,2026-05-22T15:25:01+00:00,2026-05-22T23:25:01+08:00,26221008452_attempt1::btc-updown-5m-1779463500,26221008452_attempt1::btc-updown-5m-1779463500::4::buy_up,btc-updown-5m-1779463500,us_open,buy_up,0.06666666666666667,4.0,1,0.42,0.415,0.6527966245387734,0.2227966245387734,0.25-0.75,110.5,0.01,2.2841788379639945,0.01,5.4385210427714155,settle,1,4,settle,,,3.099956994379707,0.013571428571428573,231.51784079077916,False,0,fold_2,test
q_edge_ne0.02_be0.06_d50_cap0.01_mt1_gap4s__settle,test,2026-05-22T15:30:01+00:00,2026-05-22T23:30:01+08:00,26221008452_attempt1::btc-updown-5m-1779463800,26221008452_attempt1::btc-updown-5m-1779463800::4::buy_up,btc-updown-5m-1779463800,us_open,buy_up,0.06666666666666667,4.0,1,0.42,0.415,0.5351509252842256,0.10515092528422561,0.25-0.75,107.27,0.01,2.3151784079077915,0.01,5.512329542637599,settle,1,4,settle,,,3.1420278393034318,0.013571428571428573,234.6598686300826,False,0,fold_2,test
q_edge_ne0.02_be0.06_d50_cap0.01_mt1_gap4s__settle,test,2026-05-22T15:35:00+00:00,2026-05-22T23:35:00+08:00,26221008452_attempt1::btc-updown-5m-1779464100,26221008452_attempt1::btc-updown-5m-1779464100::92::buy_up,btc-updown-5m-1779464100,us_open,buy_up,1.5333333333333334,92.0,1,0.53,0.525,0.5736308427893312,0.03363084278933116,0.25-0.75,63.88,0.01,2.346598686300826,0.01,4.427544691133634,settle,1,4,settle,,,-2.3908741332121624,-0.010188679245283019,232.26899449687045,False,0,fold_2,test
q_edge_ne0.02_be0.06_d50_cap0.01_mt1_gap4s__settle,test,2026-05-22T15:40:01+00:00,2026-05-22T23:40:01+08:00,26221008452_attempt1::btc-updown-5m-1779464400,26221008452_attempt1::btc-updown-5m-1779464400::4::buy_down,btc-updown-5m-1779464400,us_open,buy_down,0.06666666666666667,4.0,1,0.54,0.535,0.754635727887275,0.2046357278872749,0.25-0.75,76.64,0.01,2.3226899449687046,0.01,4.301277675867971,settle,1,4,settle,,,-2.3657027217273843,-0.010185185185185186,229.90329177514306,False,0,fold_2,test
q_edge_ne0.02_be0.06_d50_cap0.01_mt1_gap4s__settle,test,2026-05-22T15:45:01+00:00,2026-05-22T23:45:01+08:00,26221008452_attempt1::btc-updown-5m-1779464700,26221008452_attempt1::btc-updown-5m-1779464700::93::buy_up,btc-updown-5m-1779464700,us_open,buy_up,1.55,93.0,1,0.63,0.625,0.6605865123251327,0.02058651232513265,0.25-0.75,179.47,0.01,2.299032917751431,0.01,3.649258599605446,settle,1,4,settle,,,-2.3355255037474856,-0.01015873015873016,227.56776627139558,False,0,fold_2,test
q_edge_ne0.02_be0.06_d50_cap0.01_mt1_gap4s__settle,test,2026-05-22T15:50:00+00:00,2026-05-22T23:50:00+08:00,26221008452_attempt1::btc-updown-5m-1779465000,26221008452_attempt1::btc-updown-5m-1779465000::4::buy_up,btc-updown-5m-1779465000,us_open,buy_up,0.06666666666666667,4.0,1,0.51,0.505,0.7045010053640768,0.18450100536407676,0.25-0.75,265.14,0.01,2.275677662713956,0.010000000000000002,4.4621130641450115,settle,1,4,settle,,,2.1418142707896055,0.009411764705882354,229.7095805421852,False,0,fold_2,test
q_edge_ne0.02_be0.06_d50_cap0.01_mt1_gap4s__settle,test,2026-05-22T15:55:01+00:00,2026-05-22T23:55:01+08:00,26221008452_attempt1::btc-updown-5m-1779465300,26221008452_attempt1::btc-updown-5m-1779465300::4::buy_up,btc-updown-5m-1779465300,us_open,buy_up,0.06666666666666667,4.0,1,0.51,0.505,0.6112879020298014,0.09128790202980143,0.25-0.75,84.2,0.01,2.297095805421852,0.01,4.504109422395788,settle,1,4,settle,,,2.1619725227499784,0.009411764705882354,231.87155306493517,False,0,fold_2,test
q_edge_ne0.02_be0.06_d50_cap0.01_mt1_gap4s__settle,test,2026-05-22T16:00:01+00:00,2026-05-23T00:00:01+08:00,26221008452_attempt1::btc-updown-5m-1779465600,26221008452_attempt1::btc-updown-5m-1779465600::4::buy_up,btc-updown-5m-1779465600,us_afternoon,buy_up,0.06666666666666667,4.0,1,0.56,0.555,0.7340962752933481,0.16409627529334803,0.25-0.75,281.06,0.01,2.3187155306493517,0.01,4.140563447588128,settle,1,4,settle,,,1.7804422824628947,0.007678571428571427,233.65199534739807,False,0,fold_2,test
q_edge_ne0.02_be0.06_d50_cap0.01_mt1_gap4s__settle,test,2026-05-22T16:05:02+00:00,2026-05-23T00:05:02+08:00,26221008452_attempt1::btc-updown-5m-1779465900,26221008452_attempt1::btc-updown-5m-1779465900::5::buy_down,btc-updown-5m-1779465900,us_afternoon,buy_down,0.08333333333333333,5.0,1,0.5,0.495,0.7232145833535426,0.2132145833535426,0.25-0.75,481.88,0.01,2.3365199534739807,0.01,4.673039906947961,settle,1,4,settle,,,2.289789554404501,0.0098,235.94178490180258,False,0,fold_2,test
q_edge_ne0.02_be0.06_d50_cap0.01_mt1_gap4s__settle,test,2026-05-22T16:10:02+00:00,2026-05-23T00:10:02+08:00,26221008452_attempt1::btc-updown-5m-1779466200,26221008452_attempt1::btc-updown-5m-1779466200::4::buy_up,btc-updown-5m-1779466200,us_afternoon,buy_up,0.06666666666666667,4.0,1,0.53,0.525,0.5743992403494764,0.0343992403494764,0.25-0.75,92.95,0.01,2.3594178490180258,0.01,4.451731790600048,settle,1,4,settle,,,2.047796623676022,0.008679245283018866,237.9895815254786,False,0,fold_2,test
q_edge_ne0.02_be0.06_d50_cap0.01_mt1_gap4s__settle,test,2026-05-22T16:15:01+00:00,2026-05-23T00:15:01+08:00,26221008452_attempt1::btc-updown-5m-1779466500,26221008452_attempt1::btc-updown-5m-1779466500::8::buy_down,btc-updown-5m-1779466500,us_afternoon,buy_down,0.13333333333333333,8.0,1,0.54,0.535,0.6008544146610476,0.05085441466104757,0.25-0.75,58.27,0.01,2.379895815254786,0.01,4.407214472694048,settle,1,4,settle,,,1.9832465127123216,0.008333333333333333,239.97282803819093,False,0,fold_2,test
q_edge_ne0.02_be0.06_d50_cap0.01_mt1_gap4s__settle,test,2026-05-22T16:20:00+00:00,2026-05-23T00:20:00+08:00,26221008452_attempt1::btc-updown-5m-1779466800,26221008452_attempt1::btc-updown-5m-1779466800::4::buy_up,btc-updown-5m-1779466800,us_afternoon,buy_up,0.06666666666666667,4.0,1,0.5,0.495,0.7667590542899697,0.2567590542899697,0.25-0.75,301.32,0.01,2.3997282803819093,0.01,4.799456560763819,settle,1,4,settle,,,2.351733714774271,0.0098,242.3245617529652,False,0,fold_2,test
q_edge_ne0.02_be0.06_d50_cap0.01_mt1_gap4s__settle,test,2026-05-22T16:25:02+00:00,2026-05-23T00:25:02+08:00,26221008452_attempt1::btc-updown-5m-1779467100,26221008452_attempt1::btc-updown-5m-1779467100::5::buy_up,btc-updown-5m-1779467100,us_afternoon,buy_up,0.08333333333333333,5.0,1,0.44,0.435,0.5399917653927602,0.08999176539276017,0.25-0.75,443.58,0.01,2.423245617529652,0.01,5.507376403476481,settle,1,4,settle,,,3.029057021912065,0.0125,245.35361877487725,False,0,fold_2,test
q_edge_ne0.02_be0.06_d50_cap0.01_mt1_gap4s__settle,test,2026-05-22T16:30:02+00:00,2026-05-23T00:30:02+08:00,26221008452_attempt1::btc-updown-5m-1779467400,26221008452_attempt1::btc-updown-5m-1779467400::4::buy_up,btc-updown-5m-1779467400,us_afternoon,buy_up,0.06666666666666667,4.0,1,0.49,0.485,0.5997928324788183,0.09979283247881833,0.25-0.75,76.66,0.01,2.4535361877487727,0.01,5.007216709691373,settle,1,4,settle,,,-2.5036083548456864,-0.010204081632653062,242.85001042003157,False,0,fold_2,test
q_edge_ne0.02_be0.06_d50_cap0.01_mt1_gap4s__settle,test,2026-05-22T16:35:01+00:00,2026-05-23T00:35:01+08:00,26221008452_attempt1::btc-updown-5m-1779467700,26221008452_attempt1::btc-updown-5m-1779467700::4::buy_down,btc-updown-5m-1779467700,us_afternoon,buy_down,0.06666666666666667,4.0,1,0.48,0.475,0.5130608358393877,0.02306083583938768,0.25-0.75,246.7,0.01,2.4285001042003156,0.01,5.059375217083991,settle,1,4,settle,,,2.5802813607128354,0.010625,245.4302917807444,False,0,fold_2,test
q_edge_ne0.02_be0.06_d50_cap0.01_mt1_gap4s__settle,test,2026-05-22T16:40:01+00:00,2026-05-23T00:40:01+08:00,26221008452_attempt1::btc-updown-5m-1779468000,26221008452_attempt1::btc-updown-5m-1779468000::12::buy_up,btc-updown-5m-1779468000,us_afternoon,buy_up,0.2,12.0,1,0.51,0.505,0.6206431804502811,0.1006431804502811,0.25-0.75,65.4,0.01,2.454302917807444,0.01,4.812358662367537,settle,1,4,settle,,,-2.5024265044311194,-0.01019607843137255,242.92786527631327,False,0,fold_2,test
q_edge_ne0.02_be0.06_d50_cap0.01_mt1_gap4s__settle,test,2026-05-22T16:45:01+00:00,2026-05-23T00:45:01+08:00,26221008452_attempt1::btc-updown-5m-1779468300,26221008452_attempt1::btc-updown-5m-1779468300::4::buy_up,btc-updown-5m-1779468300,us_afternoon,buy_up,0.06666666666666667,4.0,1,0.62,0.615,0.716977837636163,0.08697783763616297,0.25-0.75,247.8,0.01,2.429278652763133,0.01,3.9181913754244078,settle,1,4,settle,,,1.4497308089070309,0.005967741935483871,244.3775960852203,False,0,fold_2,test
q_edge_ne0.02_be0.06_d50_cap0.01_mt1_gap4s__settle,test,2026-05-22T16:50:01+00:00,2026-05-23T00:50:01+08:00,26221008452_attempt1::btc-updown-5m-1779468600,26221008452_attempt1::btc-updown-5m-1779468600::4::buy_up,btc-updown-5m-1779468600,us_afternoon,buy_up,0.06666666666666667,4.0,1,0.62,0.615,0.6646040968440923,0.034604096844092276,0.25-0.75,587.69,0.01,2.443775960852203,0.010000000000000002,3.9415741304067793,settle,1,4,settle,,,1.4583824282505082,0.005967741935483871,245.8359785134708,False,0,fold_2,test
q_edge_ne0.02_be0.06_d50_cap0.01_mt1_gap4s__settle,test,2026-05-22T16:55:01+00:00,2026-05-23T00:55:01+08:00,26221008452_attempt1::btc-updown-5m-1779468900,26221008452_attempt1::btc-updown-5m-1779468900::4::buy_down,btc-updown-5m-1779468900,us_afternoon,buy_down,0.06666666666666667,4.0,1,0.49,0.485,0.5710536686705117,0.07105366867051167,0.25-0.75,225.66,0.01,2.458359785134708,0.01,5.017060785989201,settle,1,4,settle,,,2.5085303929946003,0.010204081632653062,248.3445089064654,False,0,fold_2,test
q_edge_ne0.02_be0.06_d50_cap0.01_mt1_gap4s__settle,test,2026-05-22T17:00:00+00:00,2026-05-23T01:00:00+08:00,26221008452_attempt1::btc-updown-5m-1779469200,26221008452_attempt1::btc-updown-5m-1779469200::101::buy_up,btc-updown-5m-1779469200,us_afternoon,buy_up,1.6833333333333333,101.0,1,0.58,0.575,0.6117698738550371,0.021769873855037154,0.25-0.75,89.7,0.01,2.483445089064654,0.01,4.28180187769768,settle,1,4,settle,,,1.7555387698560487,0.007068965517241381,250.10004767632145,False,0,fold_2,test
q_edge_ne0.02_be0.06_d50_cap0.01_mt1_gap4s__settle,test,2026-05-22T17:05:02+00:00,2026-05-23T01:05:02+08:00,26221008452_attempt1::btc-updown-5m-1779469500,26221008452_attempt1::btc-updown-5m-1779469500::5::buy_down,btc-updown-5m-1779469500,us_afternoon,buy_down,0.08333333333333333,5.0,1,0.46,0.455,0.7309628675994165,0.2609628675994165,0.25-0.75,612.11,0.01,2.5010004767632146,0.01,5.436957558180901,settle,1,4,settle,,,2.8815875058358777,0.011521739130434782,252.98163518215733,False,0,fold_2,test
q_edge_ne0.02_be0.06_d50_cap0.01_mt1_gap4s__settle,test,2026-05-22T17:10:02+00:00,2026-05-23T01:10:02+08:00,26221008452_attempt1::btc-updown-5m-1779469800,26221008452_attempt1::btc-updown-5m-1779469800::4::buy_up,btc-updown-5m-1779469800,us_afternoon,buy_up,0.06666666666666667,4.0,1,0.56,0.555,0.6615957789679942,0.0915957789679941,0.25-0.75,122.29,0.01,2.5298163518215735,0.01,4.5175291996813804,settle,1,4,settle,,,1.9425375558629934,0.007678571428571427,254.92417273802033,False,0,fold_2,test
q_edge_ne0.02_be0.06_d50_cap0.01_mt1_gap4s__settle,test,2026-05-22T17:15:01+00:00,2026-05-23T01:15:01+08:00,26221008452_attempt1::btc-updown-5m-1779470100,26221008452_attempt1::btc-updown-5m-1779470100::4::buy_up,btc-updown-5m-1779470100,us_afternoon,buy_up,0.06666666666666667,4.0,1,0.59,0.585,0.6297770236556013,0.029777023655601316,0.25-0.75,55.51,0.01,2.5492417273802035,0.01,4.320748690474922,settle,1,4,settle,,,-2.592449214284953,-0.010169491525423732,252.33172352373538,False,0,fold_2,test
q_edge_ne0.02_be0.06_d50_cap0.01_mt1_gap4s__settle,test,2026-05-22T17:20:01+00:00,2026-05-23T01:20:01+08:00,26221008452_attempt1::btc-updown-5m-1779470400,26221008452_attempt1::btc-updown-5m-1779470400::8::buy_up,btc-updown-5m-1779470400,us_afternoon,buy_up,0.13333333333333333,8.0,1,0.55,0.545,0.77718752087778,0.21718752087777993,0.25-0.75,78.02,0.01,2.5233172352373536,0.01,4.587849518613369,settle,1,4,settle,,,2.0186537881898823,0.007999999999999997,254.35037731192526,False,0,fold_2,test
q_edge_ne0.02_be0.06_d50_cap0.01_mt1_gap4s__settle,test,2026-05-22T17:25:02+00:00,2026-05-23T01:25:02+08:00,26221008452_attempt1::btc-updown-5m-1779470700,26221008452_attempt1::btc-updown-5m-1779470700::94::buy_down,btc-updown-5m-1779470700,us_afternoon,buy_down,1.5666666666666667,94.0,1,0.25,0.245,0.28111476286790577,0.021114762867905763,0.10-0.25,97.87,0.007038254289301921,1.79018263410122,0.007038254289301921,7.16073053640488,settle,1,4,settle,,,-1.8617899394652688,-0.007319784460873998,252.48858737246,False,0,fold_2,test
q_edge_ne0.02_be0.06_d50_cap0.01_mt1_gap4s__settle,test,2026-05-22T17:30:02+00:00,2026-05-23T01:30:02+08:00,26221008452_attempt1::btc-updown-5m-1779471000,26221008452_attempt1::btc-updown-5m-1779471000::4::buy_down,btc-updown-5m-1779471000,us_afternoon,buy_down,0.06666666666666667,4.0,1,0.45,0.445,0.8338215674302897,0.37382156743028966,0.25-0.75,89.12,0.01,2.5248858737246,0.01,5.610857497165778,settle,1,4,settle,,,3.02986304846952,0.012,255.5184504209295,False,0,fold_2,test
q_edge_ne0.02_be0.06_d50_cap0.01_mt1_gap4s__settle,test,2026-05-22T17:35:01+00:00,2026-05-23T01:35:01+08:00,26221008452_attempt1::btc-updown-5m-1779471300,26221008452_attempt1::btc-updown-5m-1779471300::4::buy_down,btc-updown-5m-1779471300,us_afternoon,buy_down,0.06666666666666667,4.0,1,0.6,0.595,0.6784103238033704,0.06841032380337043,0.25-0.75,318.73,0.01,2.555184504209295,0.01,4.258640840348825,settle,1,4,settle,,,-2.5977709126127833,-0.010166666666666668,252.9206795083167,False,0,fold_2,test
q_edge_ne0.02_be0.06_d50_cap0.01_mt1_gap4s__settle,test,2026-05-22T17:45:02+00:00,2026-05-23T01:45:02+08:00,26221008452_attempt1::btc-updown-5m-1779471900,26221008452_attempt1::btc-updown-5m-1779471900::4::buy_down,btc-updown-5m-1779471900,us_afternoon,buy_down,0.06666666666666667,4.0,1,0.44,0.435,0.6418966910439792,0.19189669104397916,0.25-0.75,444.76,0.01,2.529206795083167,0.01,5.748197261552653,settle,1,4,settle,,,3.161508493853959,0.0125,256.08218800217065,False,0,fold_2,test
q_edge_ne0.02_be0.06_d50_cap0.01_mt1_gap4s__settle,test,2026-05-22T17:55:00+00:00,2026-05-23T01:55:00+08:00,26221008452_attempt1::btc-updown-5m-1779472500,26221008452_attempt1::btc-updown-5m-1779472500::4::buy_down,btc-updown-5m-1779472500,us_afternoon,buy_down,0.06666666666666667,4.0,1,0.56,0.555,0.6672473645665252,0.09724736456652518,0.25-0.75,390.77,0.01,2.5608218800217064,0.01,4.572896214324476,settle,1,4,settle,,,1.9663453721595243,0.007678571428571427,258.0485333743302,False,0,fold_2,test
q_edge_ne0.02_be0.06_d50_cap0.01_mt1_gap4s__settle,test,2026-05-22T18:00:02+00:00,2026-05-23T02:00:02+08:00,26221008452_attempt1::btc-updown-5m-1779472800,26221008452_attempt1::btc-updown-5m-1779472800::4::buy_up,btc-updown-5m-1779472800,us_afternoon,buy_up,0.06666666666666667,4.0,1,0.58,0.575,0.6413684697673738,0.051368469767373866,0.25-0.75,66.92,0.01,2.580485333743302,0.01,4.4491126443850035,settle,1,4,settle,,,-2.624976460187152,-0.01017241379310345,255.42355691414303,False,0,fold_2,test
q_edge_ne0.02_be0.06_d50_cap0.01_mt1_gap4s__settle,test,2026-05-22T18:05:00+00:00,2026-05-23T02:05:00+08:00,26221008452_attempt1::btc-updown-5m-1779473100,26221008452_attempt1::btc-updown-5m-1779473100::263::buy_down,btc-updown-5m-1779473100,us_afternoon,buy_down,4.383333333333334,263.0,1,0.12,0.115,0.15099266247424312,0.02099266247424312,0.10-0.25,65.74,0.005963824566546341,1.5233012835992137,0.005963824566546341,12.694177363326782,settle,1,4,settle,,,11.0439343060943,0.043237728107460974,266.4674912202373,False,0,fold_2,test
q_edge_ne0.02_be0.06_d50_cap0.01_mt1_gap4s__settle,test,2026-05-22T18:10:01+00:00,2026-05-23T02:10:01+08:00,26221008452_attempt1::btc-updown-5m-1779473400,26221008452_attempt1::btc-updown-5m-1779473400::4::buy_up,btc-updown-5m-1779473400,us_afternoon,buy_up,0.06666666666666667,4.0,1,0.48,0.475,0.54913904640057,0.05913904640057,0.25-0.75,408.87,0.01,2.6646749122023734,0.01,5.551406067088278,settle,1,4,settle,,,2.831217094215022,0.010625000000000002,269.29870831445237,False,0,fold_2,test
q_edge_ne0.02_be0.06_d50_cap0.01_mt1_gap4s__settle,test,2026-05-22T18:15:01+00:00,2026-05-23T02:15:01+08:00,26221008452_attempt1::btc-updown-5m-1779473700,26221008452_attempt1::btc-updown-5m-1779473700::4::buy_up,btc-updown-5m-1779473700,us_afternoon,buy_up,0.06666666666666667,4.0,1,0.46,0.455,0.5417384215567318,0.07173842155673178,0.25-0.75,919.73,0.01,2.6929870831445237,0.01,5.854319745966356,settle,1,4,settle,,,3.102789465362169,0.011521739130434784,272.4014977798145,False,0,fold_2,test
q_edge_ne0.02_be0.06_d50_cap0.01_mt1_gap4s__settle,test,2026-05-22T18:20:01+00:00,2026-05-23T02:20:01+08:00,26221008452_attempt1::btc-updown-5m-1779474000,26221008452_attempt1::btc-updown-5m-1779474000::8::buy_up,btc-updown-5m-1779474000,us_afternoon,buy_up,0.13333333333333333,8.0,1,0.52,0.515,0.5999051254391173,0.06990512543911732,0.25-0.75,1256.37,0.01,2.724014977798145,0.01,5.238490341919509,settle,1,4,settle,,,2.462090460702169,0.009038461538461537,274.86358824051666,False,0,fold_2,test
q_edge_ne0.02_be0.06_d50_cap0.01_mt1_gap4s__settle,test,2026-05-22T18:25:01+00:00,2026-05-23T02:25:01+08:00,26221008452_attempt1::btc-updown-5m-1779474300,26221008452_attempt1::btc-updown-5m-1779474300::4::buy_down,btc-updown-5m-1779474300,us_afternoon,buy_down,0.06666666666666667,4.0,1,0.55,0.545,0.5805236828893854,0.020523682889385338,0.25-0.75,756.72,0.01,2.748635882405167,0.01,4.997519786191212,settle,1,4,settle,,,2.1989087059241332,0.008,277.0624969464408,False,0,fold_2,test
q_edge_ne0.02_be0.06_d50_cap0.01_mt1_gap4s__settle,test,2026-05-22T18:30:01+00:00,2026-05-23T02:30:01+08:00,26221008452_attempt1::btc-updown-5m-1779474600,26221008452_attempt1::btc-updown-5m-1779474600::4::buy_down,btc-updown-5m-1779474600,us_afternoon,buy_down,0.06666666666666667,4.0,1,0.58,0.575,0.6581783094284769,0.06817830942847693,0.25-0.75,251.11,0.01,2.7706249694644076,0.01,4.776939602524841,settle,1,4,settle,,,1.958545237035185,0.00706896551724138,279.02104218347597,False,0,fold_2,test
q_edge_ne0.02_be0.06_d50_cap0.01_mt1_gap4s__settle,test,2026-05-22T18:35:01+00:00,2026-05-23T02:35:01+08:00,26221008452_attempt1::btc-updown-5m-1779474900,26221008452_attempt1::btc-updown-5m-1779474900::4::buy_down,btc-updown-5m-1779474900,us_afternoon,buy_down,0.06666666666666667,4.0,1,0.58,0.575,0.7183292760791717,0.12832927607917177,0.25-0.75,956.62,0.01,2.7902104218347596,0.01,4.810707623853034,settle,1,4,settle,,,1.972390125779744,0.00706896551724138,280.9934323092557,False,0,fold_2,test
q_edge_ne0.02_be0.06_d50_cap0.01_mt1_gap4s__settle,test,2026-05-22T18:40:00+00:00,2026-05-23T02:40:00+08:00,26221008452_attempt1::btc-updown-5m-1779475200,26221008452_attempt1::btc-updown-5m-1779475200::4::buy_down,btc-updown-5m-1779475200,us_afternoon,buy_down,0.06666666666666667,4.0,1,0.5,0.495,0.6643897320027591,0.15438973200275907,0.25-0.75,586.38,0.01,2.809934323092557,0.01,5.619868646185114,settle,1,4,settle,,,2.7537356366307058,0.0098,283.7471679458864,False,0,fold_2,test
q_edge_ne0.02_be0.06_d50_cap0.01_mt1_gap4s__settle,test,2026-05-22T18:45:01+00:00,2026-05-23T02:45:01+08:00,26221008452_attempt1::btc-updown-5m-1779475500,26221008452_attempt1::btc-updown-5m-1779475500::4::buy_down,btc-updown-5m-1779475500,us_afternoon,buy_down,0.06666666666666667,4.0,1,0.51,0.505,0.9907548303463561,0.4707548303463561,0.25-0.75,415.34,0.01,2.837471679458864,0.01,5.563669959723263,settle,1,4,settle,,,2.670561580667166,0.009411764705882352,286.41772952655356,False,0,fold_2,test
q_edge_ne0.02_be0.06_d50_cap0.01_mt1_gap4s__settle,test,2026-05-22T18:50:01+00:00,2026-05-23T02:50:01+08:00,26221008452_attempt1::btc-updown-5m-1779475800,26221008452_attempt1::btc-updown-5m-1779475800::4::buy_up,btc-updown-5m-1779475800,us_afternoon,buy_up,0.06666666666666667,4.0,1,0.52,0.515,0.7376173860016183,0.20761738600161828,0.25-0.75,431.06,0.01,2.8641772952655358,0.01,5.50803326012603,settle,1,4,settle,,,2.588775632259234,0.009038461538461539,289.0065051588128,False,0,fold_2,test
q_edge_ne0.02_be0.06_d50_cap0.01_mt1_gap4s__settle,test,2026-05-22T18:55:01+00:00,2026-05-23T02:55:01+08:00,26282408844_attempt1::btc-updown-5m-1779476100,26282408844_attempt1::btc-updown-5m-1779476100::128::buy_down,btc-updown-5m-1779476100,us_afternoon,buy_down,2.1333333333333333,128.0,1,0.6,0.595,0.6328779338312034,0.022877933831203408,0.25-0.75,68.0,0.01,2.890065051588128,0.01,4.816775085980213,settle,1,4,settle,,,1.8785422835322831,0.0065,290.88504744234507,False,0,fold_2,test
q_edge_ne0.02_be0.06_d50_cap0.01_mt1_gap4s__settle,test,2026-05-22T19:00:02+00:00,2026-05-23T03:00:02+08:00,26282408844_attempt1::btc-updown-5m-1779476400,26282408844_attempt1::btc-updown-5m-1779476400::4::buy_up,btc-updown-5m-1779476400,us_afternoon,buy_up,0.06666666666666667,4.0,1,0.46,0.455,0.49748999783158354,0.02748999783158352,0.25-0.75,118.0,0.01,2.908850474423451,0.01,6.323587987877067,settle,1,4,settle,,,-2.972086354302222,-0.010217391304347827,287.91296108804283,False,0,fold_2,test
q_edge_ne0.02_be0.06_d50_cap0.01_mt1_gap4s__settle,test,2026-05-22T19:05:01+00:00,2026-05-23T03:05:01+08:00,26282408844_attempt1::btc-updown-5m-1779476700,26282408844_attempt1::btc-updown-5m-1779476700::8::buy_down,btc-updown-5m-1779476700,us_afternoon,buy_down,0.13333333333333333,8.0,1,0.54,0.535,0.5871172245157273,0.037117224515727305,0.25-0.75,387.85,0.01,2.8791296108804283,0.01,5.3317215016304225,settle,1,4,settle,,,2.39927467573369,0.008333333333333333,290.3122357637765,False,0,fold_2,test
q_edge_ne0.02_be0.06_d50_cap0.01_mt1_gap4s__settle,test,2026-05-22T19:10:01+00:00,2026-05-23T03:10:01+08:00,26282408844_attempt1::btc-updown-5m-1779477000,26282408844_attempt1::btc-updown-5m-1779477000::4::buy_up,btc-updown-5m-1779477000,us_afternoon,buy_up,0.06666666666666667,4.0,1,0.58,0.575,0.6862313716099424,0.09623137160994245,0.25-0.75,149.16,0.01,2.9031223576377654,0.01,5.0053833752375265,settle,1,4,settle,,,-2.9531761913901406,-0.01017241379310345,287.3590595723864,False,0,fold_2,test
q_edge_ne0.02_be0.06_d50_cap0.01_mt1_gap4s__settle,test,2026-05-22T19:15:01+00:00,2026-05-23T03:15:01+08:00,26282408844_attempt1::btc-updown-5m-1779477300,26282408844_attempt1::btc-updown-5m-1779477300::4::buy_up,btc-updown-5m-1779477300,us_afternoon,buy_up,0.06666666666666667,4.0,1,0.57,0.565,0.6082142863729169,0.028214286372916904,0.25-0.75,534.43,0.01,2.873590595723864,0.01,5.041387010041867,settle,1,4,settle,,,2.1173825442175844,0.0073684210526315805,289.476442116604,False,0,fold_2,test
q_edge_ne0.02_be0.06_d50_cap0.01_mt1_gap4s__settle,test,2026-05-22T19:20:01+00:00,2026-05-23T03:20:01+08:00,26282408844_attempt1::btc-updown-5m-1779477600,26282408844_attempt1::btc-updown-5m-1779477600::28::buy_down,btc-updown-5m-1779477600,us_afternoon,buy_down,0.4666666666666667,28.0,1,0.62,0.615,0.6525786163284837,0.022578616328483687,0.25-0.75,92.1,0.01,2.89476442116604,0.01,4.668974872848452,settle,1,4,settle,,,-2.9414541698945245,-0.010161290322580644,286.53498794670946,False,0,fold_2,test
q_edge_ne0.02_be0.06_d50_cap0.01_mt1_gap4s__settle,test,2026-05-22T19:30:01+00:00,2026-05-23T03:30:01+08:00,26282408844_attempt1::btc-updown-5m-1779478200,26282408844_attempt1::btc-updown-5m-1779478200::8::buy_down,btc-updown-5m-1779478200,us_afternoon,buy_down,0.13333333333333333,8.0,1,0.77,0.75,0.9972720278163435,0.21727202781634347,0.75-0.90,66.47,0.01,2.865349879467095,0.01,3.7212336096975256,settle,1,4,settle,,,0.8186713941334556,0.002857142857142857,287.3536593408429,False,0,fold_2,test
q_edge_ne0.02_be0.06_d50_cap0.01_mt1_gap4s__settle,test,2026-05-22T19:40:01+00:00,2026-05-23T03:40:01+08:00,26282408844_attempt1::btc-updown-5m-1779478800,26282408844_attempt1::btc-updown-5m-1779478800::4::buy_down,btc-updown-5m-1779478800,us_afternoon,buy_down,0.06666666666666667,4.0,1,0.61,0.605,0.8186726835229108,0.1986726835229108,0.25-0.75,108.62,0.01,2.873536593408429,0.01,4.710715726899064,settle,1,4,settle,,,1.7900719762216444,0.006229508196721312,289.1437313170646,False,0,fold_2,test
q_edge_ne0.02_be0.06_d50_cap0.01_mt1_gap4s__settle,test,2026-05-22T19:45:01+00:00,2026-05-23T03:45:01+08:00,26282408844_attempt1::btc-updown-5m-1779479100,26282408844_attempt1::btc-updown-5m-1779479100::53::buy_down,btc-updown-5m-1779479100,us_afternoon,buy_down,0.8833333333333333,53.0,1,0.73,0.725,0.7607645073064581,0.020764507306458076,0.25-0.75,504.62,0.01,2.8914373131706457,0.01,3.9608730317406105,settle,1,4,settle,,,1.0298269882525588,0.0035616438356164386,290.17355830531716,False,0,fold_2,test
q_edge_ne0.02_be0.06_d50_cap0.01_mt1_gap4s__settle,test,2026-05-22T19:50:01+00:00,2026-05-23T03:50:01+08:00,26282408844_attempt1::btc-updown-5m-1779479400,26282408844_attempt1::btc-updown-5m-1779479400::4::buy_up,btc-updown-5m-1779479400,us_afternoon,buy_up,0.06666666666666667,4.0,1,0.41,0.405,0.5614346631727061,0.1414346631727061,0.25-0.75,59.04,0.01,2.9017355830531715,0.01,7.077403861105297,settle,1,4,settle,,,4.104894239441073,0.014146341463414638,294.27845254475824,False,0,fold_2,test
q_edge_ne0.02_be0.06_d50_cap0.01_mt1_gap4s__settle,test,2026-05-22T19:55:01+00:00,2026-05-23T03:55:01+08:00,26282408844_attempt1::btc-updown-5m-1779479700,26282408844_attempt1::btc-updown-5m-1779479700::12::buy_up,btc-updown-5m-1779479700,us_afternoon,buy_up,0.2,12.0,1,0.65,0.645,0.6811339708810635,0.02113397088106351,0.25-0.75,173.86,0.01,2.9427845254475824,0.01,4.527360808380896,settle,1,4,settle,,,-2.988058133531392,-0.010153846153846156,291.2903944112268,False,0,fold_2,test
q_edge_ne0.02_be0.06_d50_cap0.01_mt1_gap4s__settle,test,2026-05-22T20:00:02+00:00,2026-05-23T04:00:02+08:00,26282408844_attempt1::btc-updown-5m-1779480000,26282408844_attempt1::btc-updown-5m-1779480000::8::buy_up,btc-updown-5m-1779480000,other,buy_up,0.13333333333333333,8.0,1,0.48,0.455,0.6140266119933652,0.12402661199336519,0.25-0.75,541.02,0.01,2.9129039441122684,0.01,6.0685498835672265,settle,1,4,settle,,,3.0949604406192854,0.010625,294.3853548518461,False,0,fold_2,test
q_edge_ne0.02_be0.06_d50_cap0.01_mt1_gap4s__settle,test,2026-05-22T20:05:02+00:00,2026-05-23T04:05:02+08:00,26282408844_attempt1::btc-updown-5m-1779480300,26282408844_attempt1::btc-updown-5m-1779480300::5::buy_up,btc-updown-5m-1779480300,other,buy_up,0.08333333333333333,5.0,1,0.59,0.585,0.7957630370849522,0.19576303708495224,0.25-0.75,275.53,0.01,2.943853548518461,0.01,4.989582285624511,settle,1,4,settle,,,1.9958329142498046,0.006779661016949154,296.38118776609593,False,0,fold_2,test
q_edge_ne0.02_be0.06_d50_cap0.01_mt1_gap4s__settle,test,2026-05-22T20:10:01+00:00,2026-05-23T04:10:01+08:00,26282408844_attempt1::btc-updown-5m-1779480600,26282408844_attempt1::btc-updown-5m-1779480600::4::buy_down,btc-updown-5m-1779480600,other,buy_down,0.06666666666666667,4.0,1,0.38,0.375,0.41858115901109005,0.028581159011090047,0.25-0.75,699.72,0.01,2.963811877660959,0.01,7.79950494121305,settle,1,4,settle,,,4.757698014139961,0.016052631578947367,301.1388857802359,False,0,fold_2,test
q_edge_ne0.02_be0.06_d50_cap0.01_mt1_gap4s__settle,test,2026-05-22T20:15:00+00:00,2026-05-23T04:15:00+08:00,26282408844_attempt1::btc-updown-5m-1779480900,26282408844_attempt1::btc-updown-5m-1779480900::4::buy_up,btc-updown-5m-1779480900,other,buy_up,0.06666666666666667,4.0,1,0.45,0.445,0.6142175327066789,0.15421753270667887,0.25-0.75,92.94,0.01,3.011388857802359,0.01,6.691975239560798,settle,1,4,settle,,,3.613666629362831,0.012,304.75255240959876,False,0,fold_2,test
q_edge_ne0.02_be0.06_d50_cap0.01_mt1_gap4s__settle,test,2026-05-22T20:20:02+00:00,2026-05-23T04:20:02+08:00,26282408844_attempt1::btc-updown-5m-1779481200,26282408844_attempt1::btc-updown-5m-1779481200::164::buy_down,btc-updown-5m-1779481200,other,buy_down,2.7333333333333334,164.0,1,0.69,0.685,0.7214193852734765,0.02141938527347654,0.25-0.75,57.71,0.01,3.0475255240959878,0.01,4.416703658110127,settle,1,4,settle,,,-3.091692560677089,-0.010144927536231883,301.6608598489217,False,0,fold_2,test
q_edge_ne0.02_be0.06_d50_cap0.01_mt1_gap4s__settle,test,2026-05-22T20:30:01+00:00,2026-05-23T04:30:01+08:00,26282408844_attempt1::btc-updown-5m-1779481800,26282408844_attempt1::btc-updown-5m-1779481800::4::buy_down,btc-updown-5m-1779481800,other,buy_down,0.06666666666666667,4.0,1,0.68,0.675,0.8865459617896337,0.19654596178963368,0.25-0.75,387.2,0.01,3.016608598489217,0.01,4.436189115425319,settle,1,4,settle,,,1.3752186257818486,0.004558823529411764,303.0360784747035,False,0,fold_2,test
q_edge_ne0.02_be0.06_d50_cap0.01_mt1_gap4s__settle,test,2026-05-22T20:35:01+00:00,2026-05-23T04:35:01+08:00,26282408844_attempt1::btc-updown-5m-1779482100,26282408844_attempt1::btc-updown-5m-1779482100::4::buy_down,btc-updown-5m-1779482100,other,buy_down,0.06666666666666667,4.0,1,0.59,0.585,0.6789991634351604,0.07899916343516046,0.25-0.75,175.33,0.01,3.0303607847470353,0.01,5.136204719910229,settle,1,4,settle,,,-3.0817228319461374,-0.010169491525423728,299.9543556427574,False,0,fold_2,test
q_edge_ne0.02_be0.06_d50_cap0.01_mt1_gap4s__settle,test,2026-05-22T20:40:02+00:00,2026-05-23T04:40:02+08:00,26282408844_attempt1::btc-updown-5m-1779482400,26282408844_attempt1::btc-updown-5m-1779482400::118::buy_up,btc-updown-5m-1779482400,other,buy_up,1.9666666666666666,118.0,1,0.7,0.695,0.7361201472568232,0.02612014725682322,0.25-0.75,66.03,0.01,2.999543556427574,0.01,4.285062223467963,settle,1,4,settle,,,-3.0423941786622537,-0.010142857142857144,296.9119614640951,False,0,fold_2,test
q_edge_ne0.02_be0.06_d50_cap0.01_mt1_gap4s__settle,test,2026-05-22T20:45:02+00:00,2026-05-23T04:45:02+08:00,26282408844_attempt1::btc-updown-5m-1779482700,26282408844_attempt1::btc-updown-5m-1779482700::16::buy_down,btc-updown-5m-1779482700,other,buy_down,0.26666666666666666,16.0,1,0.62,0.615,0.6788200806081502,0.04882008060815025,0.25-0.75,109.99,0.01,2.969119614640951,0.01,4.788902604259598,settle,1,4,settle,,,-3.017008640683547,-0.010161290322580644,293.89495282341153,False,0,fold_2,test
q_edge_ne0.02_be0.06_d50_cap0.01_mt1_gap4s__settle,test,2026-05-22T20:50:02+00:00,2026-05-23T04:50:02+08:00,26282408844_attempt1::btc-updown-5m-1779483000,26282408844_attempt1::btc-updown-5m-1779483000::4::buy_up,btc-updown-5m-1779483000,other,buy_up,0.06666666666666667,4.0,1,0.33,0.325,0.4770592206196058,0.1370592206196058,0.25-0.75,105.37,0.01,2.938949528234115,0.01,8.9059076613155,settle,1,4,settle,,,5.8778990564682285,0.019999999999999993,299.77285187987974,False,0,fold_2,test
q_edge_ne0.02_be0.06_d50_cap0.01_mt1_gap4s__settle,test,2026-05-22T21:00:01+00:00,2026-05-23T05:00:01+08:00,26282408844_attempt1::btc-updown-5m-1779483600,26282408844_attempt1::btc-updown-5m-1779483600::4::buy_up,btc-updown-5m-1779483600,other,buy_up,0.06666666666666667,4.0,1,0.34,0.335,0.4995880761686888,0.14958807616868874,0.25-0.75,241.55,0.01,2.9977285187987976,0.01,8.816848584702345,settle,1,4,settle,,,5.730951580056524,0.019117647058823527,305.50380345993625,False,0,fold_2,test
q_edge_ne0.02_be0.06_d50_cap0.01_mt1_gap4s__settle,test,2026-05-22T21:05:02+00:00,2026-05-23T05:05:02+08:00,26282408844_attempt1::btc-updown-5m-1779483900,26282408844_attempt1::btc-updown-5m-1779483900::4::buy_up,btc-updown-5m-1779483900,other,buy_up,0.06666666666666667,4.0,1,0.5,0.495,0.559652608144936,0.049652608144936,0.25-0.75,288.62,0.01,3.0550380345993626,0.01,6.110076069198725,settle,1,4,settle,,,2.9939372739073753,0.0098,308.4977407338436,False,0,fold_2,test
q_edge_ne0.02_be0.06_d50_cap0.01_mt1_gap4s__settle,test,2026-05-22T21:10:01+00:00,2026-05-23T05:10:01+08:00,26282408844_attempt1::btc-updown-5m-1779484200,26282408844_attempt1::btc-updown-5m-1779484200::146::buy_down,btc-updown-5m-1779484200,other,buy_down,2.433333333333333,146.0,1,0.66,0.655,0.6903047219145698,0.020304721914569786,0.25-0.75,63.71,0.01,3.084977407338436,0.01,4.674208192937025,settle,1,4,settle,,,1.5424887036692179,0.004999999999999999,310.04022943751283,False,0,fold_2,test
q_edge_ne0.02_be0.06_d50_cap0.01_mt1_gap4s__settle,test,2026-05-22T21:15:01+00:00,2026-05-23T05:15:01+08:00,26282408844_attempt1::btc-updown-5m-1779484500,26282408844_attempt1::btc-updown-5m-1779484500::4::buy_up,btc-updown-5m-1779484500,other,buy_up,0.06666666666666667,4.0,1,0.53,0.525,0.5797628117473548,0.03976281174735475,0.25-0.75,111.57,0.01,3.1004022943751286,0.01,5.849815649764393,settle,1,4,settle,,,2.6909151988916205,0.008679245283018867,312.73114463640445,False,0,fold_2,test
q_edge_ne0.02_be0.06_d50_cap0.01_mt1_gap4s__settle,test,2026-05-22T21:20:00+00:00,2026-05-23T05:20:00+08:00,26282408844_attempt1::btc-updown-5m-1779484800,26282408844_attempt1::btc-updown-5m-1779484800::4::buy_down,btc-updown-5m-1779484800,other,buy_down,0.06666666666666667,4.0,1,0.49,0.485,0.5443554450406429,0.044355445040642934,0.25-0.75,348.76,0.01,3.1273114463640446,0.01,6.382268257885805,settle,1,4,settle,,,3.1911341289429025,0.01020408163265306,315.92227876534736,False,0,fold_2,test
q_edge_ne0.02_be0.06_d50_cap0.01_mt1_gap4s__settle,test,2026-05-22T21:25:02+00:00,2026-05-23T05:25:02+08:00,26282408844_attempt1::btc-updown-5m-1779485100,26282408844_attempt1::btc-updown-5m-1779485100::4::buy_up,btc-updown-5m-1779485100,other,buy_up,0.06666666666666667,4.0,1,0.29,0.28,0.3674579752432717,0.0674579752432717,0.25-0.75,230.52,0.01,3.1592227876534738,0.01,10.893871681563704,settle,1,4,settle,,,7.625710177094592,0.024137931034482762,323.547988942442,False,0,fold_2,test
q_edge_ne0.02_be0.06_d50_cap0.01_mt1_gap4s__settle,test,2026-05-22T21:30:01+00:00,2026-05-23T05:30:01+08:00,26282408844_attempt1::btc-updown-5m-1779485400,26282408844_attempt1::btc-updown-5m-1779485400::12::buy_up,btc-updown-5m-1779485400,other,buy_up,0.2,12.0,1,0.45,0.445,0.4851631024830706,0.025163102483070583,0.25-0.75,360.27,0.01,3.2354798894244197,0.01,7.189955309832044,settle,1,4,settle,,,-3.3073794425227403,-0.010222222222222223,320.24060949991923,False,0,fold_2,test
q_edge_ne0.02_be0.06_d50_cap0.01_mt1_gap4s__settle,test,2026-05-22T21:35:00+00:00,2026-05-23T05:35:00+08:00,26282408844_attempt1::btc-updown-5m-1779485700,26282408844_attempt1::btc-updown-5m-1779485700::4::buy_up,btc-updown-5m-1779485700,other,buy_up,0.06666666666666667,4.0,1,0.44,0.435,0.5373318287308069,0.08733182873080687,0.25-0.75,68.0,0.01,3.2024060949991924,0.01,7.2781956704527095,settle,1,4,settle,,,-3.2751880517037195,-0.010227272727272727,316.9654214482155,False,0,fold_2,test
q_edge_ne0.02_be0.06_d50_cap0.01_mt1_gap4s__settle,test,2026-05-22T21:40:02+00:00,2026-05-23T05:40:02+08:00,26282408844_attempt1::btc-updown-5m-1779486000,26282408844_attempt1::btc-updown-5m-1779486000::12::buy_down,btc-updown-5m-1779486000,other,buy_down,0.2,12.0,1,0.41,0.405,0.46833479696349484,0.04833479696349486,0.25-0.75,62.4,0.01,3.169654214482155,0.01,7.730863937761354,settle,1,4,settle,,,4.483901083901586,0.014146341463414635,321.4493225321171,False,0,fold_2,test
q_edge_ne0.02_be0.06_d50_cap0.01_mt1_gap4s__settle,test,2026-05-22T21:45:02+00:00,2026-05-23T05:45:02+08:00,26282408844_attempt1::btc-updown-5m-1779486300,26282408844_attempt1::btc-updown-5m-1779486300::8::buy_up,btc-updown-5m-1779486300,other,buy_up,0.13333333333333333,8.0,1,0.73,0.725,0.806842905048362,0.066842905048362,0.25-0.75,106.53,0.01,3.214493225321171,0.01,4.40341537715229,settle,1,4,settle,,,1.1448879980595954,0.003561643835616439,322.59421053017667,False,0,fold_2,test
q_edge_ne0.02_be0.06_d50_cap0.01_mt1_gap4s__settle,test,2026-05-22T21:50:02+00:00,2026-05-23T05:50:02+08:00,26282408844_attempt1::btc-updown-5m-1779486600,26282408844_attempt1::btc-updown-5m-1779486600::8::buy_up,btc-updown-5m-1779486600,other,buy_up,0.13333333333333333,8.0,1,0.4,0.395,0.4440475611120615,0.03404756111206148,0.25-0.75,58.0,0.01,3.2259421053017667,0.01,8.064855263254417,settle,1,4,settle,,,4.758264605320106,0.01475,327.3524751354968,False,0,fold_2,test
q_edge_ne0.02_be0.06_d50_cap0.01_mt1_gap4s__settle,test,2026-05-22T21:55:01+00:00,2026-05-23T05:55:01+08:00,26282408844_attempt1::btc-updown-5m-1779486900,26282408844_attempt1::btc-updown-5m-1779486900::14::buy_down,btc-updown-5m-1779486900,other,buy_down,0.23333333333333334,14.0,1,0.61,0.605,0.7051858528324779,0.08518585283247794,0.25-0.75,211.52,0.01,3.2735247513549677,0.01,5.366434018614701,settle,1,4,settle,,,2.0392449270735864,0.006229508196721311,329.39172006257036,False,0,fold_2,test
q_edge_ne0.02_be0.06_d50_cap0.01_mt1_gap4s__settle,test,2026-05-22T22:00:02+00:00,2026-05-23T06:00:02+08:00,26282408844_attempt1::btc-updown-5m-1779487200,26282408844_attempt1::btc-updown-5m-1779487200::8::buy_down,btc-updown-5m-1779487200,other,buy_down,0.13333333333333333,8.0,1,0.57,0.565,0.6147318327409432,0.034731832740943276,0.25-0.75,339.96,0.01,3.2939172006257036,0.01,5.778802106360884,settle,1,4,settle,,,2.4270968846715717,0.0073684210526315805,331.81881694724194,False,0,fold_2,test
q_edge_ne0.02_be0.06_d50_cap0.01_mt1_gap4s__settle,test,2026-05-22T22:05:01+00:00,2026-05-23T06:05:01+08:00,26282408844_attempt1::btc-updown-5m-1779487500,26282408844_attempt1::btc-updown-5m-1779487500::4::buy_up,btc-updown-5m-1779487500,other,buy_up,0.06666666666666667,4.0,1,0.51,0.505,0.5738596186967857,0.05385961869678569,0.25-0.75,153.5,0.01,3.3181881694724193,0.01,6.506251312691019,settle,1,4,settle,,,3.123000630091689,0.009411764705882352,334.9418175773336,False,0,fold_2,test
q_edge_ne0.02_be0.06_d50_cap0.01_mt1_gap4s__settle,test,2026-05-22T22:10:02+00:00,2026-05-23T06:10:02+08:00,26282408844_attempt1::btc-updown-5m-1779487800,26282408844_attempt1::btc-updown-5m-1779487800::5::buy_down,btc-updown-5m-1779487800,other,buy_down,0.08333333333333333,5.0,1,0.69,0.685,0.7482302982500353,0.04823029825003534,0.25-0.75,234.78,0.01,3.3494181757733363,0.01,4.854229240251213,settle,1,4,settle,,,1.456268772075364,0.0043478260869565235,336.39808634940897,False,0,fold_2,test
q_edge_ne0.02_be0.06_d50_cap0.01_mt1_gap4s__settle,test,2026-05-22T22:20:01+00:00,2026-05-23T06:20:01+08:00,26282408844_attempt1::btc-updown-5m-1779488400,26282408844_attempt1::btc-updown-5m-1779488400::4::buy_down,btc-updown-5m-1779488400,other,buy_down,0.06666666666666667,4.0,1,0.47,0.465,0.54657764509292,0.06657764509291998,0.25-0.75,75.0,0.01,3.3639808634940898,0.01,7.157406092540617,settle,1,4,settle,,,3.721851168121121,0.011063829787234044,340.1199375175301,False,0,fold_2,test
q_edge_ne0.02_be0.06_d50_cap0.01_mt1_gap4s__settle,test,2026-05-22T22:25:01+00:00,2026-05-23T06:25:01+08:00,26282408844_attempt1::btc-updown-5m-1779488700,26282408844_attempt1::btc-updown-5m-1779488700::4::buy_down,btc-updown-5m-1779488700,other,buy_down,0.06666666666666667,4.0,1,0.46,0.455,0.5234690074769042,0.05346900747690415,0.25-0.75,248.88,0.01,3.401199375175301,0.01,7.3939116851636975,settle,1,4,settle,,,3.9187731931367598,0.011521739130434782,344.03871071066686,False,0,fold_2,test
q_edge_ne0.02_be0.06_d50_cap0.01_mt1_gap4s__settle,test,2026-05-22T22:30:02+00:00,2026-05-23T06:30:02+08:00,26282408844_attempt1::btc-updown-5m-1779489000,26282408844_attempt1::btc-updown-5m-1779489000::8::buy_up,btc-updown-5m-1779489000,other,buy_up,0.13333333333333333,8.0,1,0.56,0.555,0.7657629761046463,0.1957629761046462,0.25-0.75,165.75,0.01,3.4403871071066687,0.01,6.143548405547622,settle,1,4,settle,,,-3.5018225911621452,-0.01017857142857143,340.53688811950474,False,0,fold_2,test
q_edge_ne0.02_be0.06_d50_cap0.01_mt1_gap4s__settle,test,2026-05-22T22:40:01+00:00,2026-05-23T06:40:01+08:00,26282408844_attempt1::btc-updown-5m-1779489600,26282408844_attempt1::btc-updown-5m-1779489600::4::buy_down,btc-updown-5m-1779489600,other,buy_down,0.06666666666666667,4.0,1,0.45,0.445,0.6003948500100744,0.1403948500100744,0.25-0.75,57.32,0.01,3.4053688811950473,0.01,7.5674864026556605,settle,1,4,settle,,,4.086442657434057,0.012000000000000002,344.6233307769388,False,0,fold_2,test
q_edge_ne0.02_be0.06_d50_cap0.01_mt1_gap4s__settle,test,2026-05-22T22:45:01+00:00,2026-05-23T06:45:01+08:00,26282408844_attempt1::btc-updown-5m-1779489900,26282408844_attempt1::btc-updown-5m-1779489900::4::buy_up,btc-updown-5m-1779489900,other,buy_up,0.06666666666666667,4.0,1,0.51,0.505,0.6713602829620211,0.1513602829620211,0.25-0.75,100.11,0.01,3.446233307769388,0.01,6.757320211312526,settle,1,4,settle,,,3.2435137014300124,0.009411764705882352,347.8668444783688,False,0,fold_2,test
q_edge_ne0.02_be0.06_d50_cap0.01_mt1_gap4s__settle,test,2026-05-22T22:50:01+00:00,2026-05-23T06:50:01+08:00,26282408844_attempt1::btc-updown-5m-1779490200,26282408844_attempt1::btc-updown-5m-1779490200::4::buy_down,btc-updown-5m-1779490200,other,buy_down,0.06666666666666667,4.0,1,0.59,0.585,0.6486933432492933,0.048693343249293315,0.25-0.75,353.29,0.01,3.4786684447836884,0.01,5.896048211497777,settle,1,4,settle,,,2.358419284599111,0.006779661016949153,350.2252637629679,False,0,fold_2,test
q_edge_ne0.02_be0.06_d50_cap0.01_mt1_gap4s__settle,test,2026-05-22T22:55:00+00:00,2026-05-23T06:55:00+08:00,26282408844_attempt1::btc-updown-5m-1779490500,26282408844_attempt1::btc-updown-5m-1779490500::148::buy_up,btc-updown-5m-1779490500,other,buy_up,2.466666666666667,148.0,1,0.61,0.605,0.643323617926706,0.023323617926706015,0.25-0.75,81.25,0.01,3.502252637629679,0.01,5.741397766606031,settle,1,4,settle,,,2.181731151310292,0.006229508196721311,352.40699491427824,False,0,fold_2,test
q_edge_ne0.02_be0.06_d50_cap0.01_mt1_gap4s__settle,test,2026-05-22T23:00:00+00:00,2026-05-23T07:00:00+08:00,26282408844_attempt1::btc-updown-5m-1779490800,26282408844_attempt1::btc-updown-5m-1779490800::4::buy_up,btc-updown-5m-1779490800,asia,buy_up,0.06666666666666667,4.0,1,0.67,0.665,0.7800492172730668,0.10004921727306672,0.25-0.75,180.68,0.01,3.5240699491427825,0.01,5.259805894242959,settle,1,4,settle,,,1.6831378861577466,0.004776119402985074,354.090132800436,False,0,fold_2,test
q_edge_ne0.02_be0.06_d50_cap0.01_mt1_gap4s__settle,test,2026-05-22T23:10:02+00:00,2026-05-23T07:10:02+08:00,26282408844_attempt1::btc-updown-5m-1779491400,26282408844_attempt1::btc-updown-5m-1779491400::93::buy_down,btc-updown-5m-1779491400,asia,buy_down,1.55,93.0,1,0.58,0.575,0.613241064665662,0.02324106466566201,0.25-0.75,89.5,0.01,3.54090132800436,0.01,6.10500228966269,settle,1,4,settle,,,-3.601951350900987,-0.01017241379310345,350.488181449535,False,0,fold_2,test
q_edge_ne0.02_be0.06_d50_cap0.01_mt1_gap4s__settle,test,2026-05-22T23:15:01+00:00,2026-05-23T07:15:01+08:00,26282408844_attempt1::btc-updown-5m-1779491700,26282408844_attempt1::btc-updown-5m-1779491700::4::buy_down,btc-updown-5m-1779491700,asia,buy_down,0.06666666666666667,4.0,1,0.5,0.495,0.6742721503073474,0.16427215030734743,0.25-0.75,470.9,0.01,3.50488181449535,0.01,7.0097636289907,settle,1,4,settle,,,3.434784178205443,0.0098,353.92296562774044,False,0,fold_2,test
q_edge_ne0.02_be0.06_d50_cap0.01_mt1_gap4s__settle,test,2026-05-22T23:25:01+00:00,2026-05-23T07:25:01+08:00,26282408844_attempt1::btc-updown-5m-1779492300,26282408844_attempt1::btc-updown-5m-1779492300::93::buy_up,btc-updown-5m-1779492300,asia,buy_up,1.55,93.0,1,0.15,0.145,0.1911660139252857,0.03116601392528571,0.10-0.25,142.9,0.009166474683907562,3.2442259044801687,0.009166474683907562,21.62817269653446,settle,1,4,settle,,,-3.4605076314455134,-0.009777572996168066,350.4624579962949,False,0,fold_2,test
q_edge_ne0.02_be0.06_d50_cap0.01_mt1_gap4s__settle,test,2026-05-22T23:30:01+00:00,2026-05-23T07:30:01+08:00,26282408844_attempt1::btc-updown-5m-1779492600,26282408844_attempt1::btc-updown-5m-1779492600::4::buy_up,btc-updown-5m-1779492600,asia,buy_up,0.06666666666666667,4.0,1,0.62,0.615,0.671731859023262,0.04173185902326205,0.25-0.75,129.76,0.01,3.5046245799629494,0.01,5.6526202902628215,settle,1,4,settle,,,2.091469507397244,0.00596774193548387,352.55392750369214,False,0,fold_2,test
q_edge_ne0.02_be0.06_d50_cap0.01_mt1_gap4s__settle,test,2026-05-22T23:35:01+00:00,2026-05-23T07:35:01+08:00,26282408844_attempt1::btc-updown-5m-1779492900,26282408844_attempt1::btc-updown-5m-1779492900::4::buy_up,btc-updown-5m-1779492900,asia,buy_up,0.06666666666666667,4.0,1,0.5,0.495,0.6630080874150495,0.15300808741504945,0.25-0.75,173.49,0.01,3.5255392750369214,0.01,7.051078550073843,settle,1,4,settle,,,3.455028489536183,0.0098,356.0089559932283,False,0,fold_2,test
q_edge_ne0.02_be0.06_d50_cap0.01_mt1_gap4s__settle,test,2026-05-22T23:40:01+00:00,2026-05-23T07:40:01+08:00,26282408844_attempt1::btc-updown-5m-1779493200,26282408844_attempt1::btc-updown-5m-1779493200::4::buy_up,btc-updown-5m-1779493200,asia,buy_up,0.06666666666666667,4.0,1,0.44,0.435,0.47447356062213014,0.024473560622130137,0.25-0.75,69.9,0.01,3.5600895599322833,0.01,8.091112636209735,settle,1,4,settle,,,4.450111949915354,0.0125,360.4590679431437,False,0,fold_2,test
q_edge_ne0.02_be0.06_d50_cap0.01_mt1_gap4s__settle,test,2026-05-22T23:50:01+00:00,2026-05-23T07:50:01+08:00,26282408844_attempt1::btc-updown-5m-1779493800,26282408844_attempt1::btc-updown-5m-1779493800::4::buy_up,btc-updown-5m-1779493800,asia,buy_up,0.06666666666666667,4.0,1,0.54,0.535,0.7068512124630826,0.15685121246308253,0.25-0.75,193.33,0.01,3.604590679431437,0.01,6.675167924873031,settle,1,4,settle,,,3.0038255661928637,0.008333333333333333,363.46289350933654,False,0,fold_2,test
q_edge_ne0.02_be0.06_d50_cap0.01_mt1_gap4s__settle,test,2026-05-22T23:55:00+00:00,2026-05-23T07:55:00+08:00,26282408844_attempt1::btc-updown-5m-1779494100,26282408844_attempt1::btc-updown-5m-1779494100::16::buy_up,btc-updown-5m-1779494100,asia,buy_up,0.26666666666666666,16.0,1,0.63,0.625,0.6644155251032384,0.024415525103238418,0.25-0.75,306.97,0.01,3.6346289350933656,0.01,5.769252277925977,settle,1,4,settle,,,-3.6923214578726253,-0.010158730158730159,359.7705720514639,False,0,fold_2,test
q_edge_ne0.02_be0.06_d50_cap0.01_mt1_gap4s__settle,test,2026-05-23T00:00:01+00:00,2026-05-23T08:00:01+08:00,26282408844_attempt1::btc-updown-5m-1779494400,26282408844_attempt1::btc-updown-5m-1779494400::8::buy_down,btc-updown-5m-1779494400,asia,buy_down,0.13333333333333333,8.0,1,0.31,0.305,0.36329394599386133,0.043293945993861334,0.25-0.75,196.61,0.01,3.597705720514639,0.01,11.60550232424077,settle,1,4,settle,,,-3.713760743757047,-0.01032258064516129,356.0568113077068,False,0,fold_2,test
q_edge_ne0.02_be0.06_d50_cap0.01_mt1_gap4s__settle,test,2026-05-23T00:05:02+00:00,2026-05-23T08:05:02+08:00,26282408844_attempt1::btc-updown-5m-1779494700,26282408844_attempt1::btc-updown-5m-1779494700::4::buy_down,btc-updown-5m-1779494700,asia,buy_down,0.06666666666666667,4.0,1,0.46,0.455,0.573896651960282,0.10389665196028193,0.25-0.75,424.37,0.01,3.560568113077068,0.01,7.740365463211018,settle,1,4,settle,,,-3.6379717677091787,-0.010217391304347827,352.41883953999763,False,0,fold_2,test
q_edge_ne0.02_be0.06_d50_cap0.01_mt1_gap4s__settle,test,2026-05-24T09:25:01+00:00,2026-05-24T17:25:01+08:00,26357456273_attempt1::btc-updown-5m-1779614700,26357456273_attempt1::btc-updown-5m-1779614700::4::buy_down,btc-updown-5m-1779614700,london,buy_down,0.06666666666666667,4.0,1,0.62,0.615,0.7572193709500435,0.12721937095004354,0.25-0.75,390.04,0.01,3.5241883953999764,0.01,5.684174831290284,settle,1,4,settle,,,2.103144687577405,0.00596774193548387,354.52198422757505,False,0,fold_2,test
q_edge_ne0.02_be0.06_d50_cap0.01_mt1_gap4s__settle,test,2026-05-24T09:30:00+00:00,2026-05-24T17:30:00+08:00,26357456273_attempt1::btc-updown-5m-1779615000,26357456273_attempt1::btc-updown-5m-1779615000::5::buy_down,btc-updown-5m-1779615000,london,buy_down,0.08333333333333333,5.0,1,0.64,0.635,0.717516548702708,0.06751654870270797,0.25-0.75,807.33,0.01,3.5452198422757504,0.01,5.53940600355586,settle,1,4,settle,,,1.9387921012445508,0.00546875,356.4607763288196,False,0,fold_2,test
q_edge_ne0.02_be0.06_d50_cap0.01_mt1_gap4s__settle,test,2026-05-24T09:35:01+00:00,2026-05-24T17:35:01+08:00,26357456273_attempt1::btc-updown-5m-1779615300,26357456273_attempt1::btc-updown-5m-1779615300::4::buy_up,btc-updown-5m-1779615300,london,buy_up,0.06666666666666667,4.0,1,0.5,0.495,0.5806598542515168,0.07065985425151679,0.25-0.75,343.54,0.01,3.564607763288196,0.01,7.129215526576392,settle,1,4,settle,,,3.493315608022432,0.0098,359.954091936842,False,0,fold_2,test
q_edge_ne0.02_be0.06_d50_cap0.01_mt1_gap4s__settle,test,2026-05-24T09:40:01+00:00,2026-05-24T17:40:01+08:00,26357456273_attempt1::btc-updown-5m-1779615600,26357456273_attempt1::btc-updown-5m-1779615600::5::buy_down,btc-updown-5m-1779615600,london,buy_down,0.08333333333333333,5.0,1,0.48,0.475,0.5186501226762636,0.028650122676263663,0.25-0.75,379.45,0.01,3.5995409193684202,0.01,7.499043582017542,settle,1,4,settle,,,-3.6745313551885954,-0.010208333333333333,356.2795605816534,False,0,fold_2,test
q_edge_ne0.02_be0.06_d50_cap0.01_mt1_gap4s__settle,test,2026-05-24T09:45:02+00:00,2026-05-24T17:45:02+08:00,26357456273_attempt1::btc-updown-5m-1779615900,26357456273_attempt1::btc-updown-5m-1779615900::272::buy_up,btc-updown-5m-1779615900,london,buy_up,4.533333333333333,272.0,1,0.11,0.105,0.14422107172361423,0.024221071723614228,0.10-0.25,157.69,0.006803671832475907,2.4240092108162887,0.006803671832475907,22.03644737105717,settle,1,4,settle,,,-2.6443736845268604,-0.00742218745361008,353.6351868971266,False,0,fold_2,test
q_edge_ne0.02_be0.06_d50_cap0.01_mt1_gap4s__settle,test,2026-05-24T09:50:02+00:00,2026-05-24T17:50:02+08:00,26357456273_attempt1::btc-updown-5m-1779616200,26357456273_attempt1::btc-updown-5m-1779616200::4::buy_up,btc-updown-5m-1779616200,london,buy_up,0.06666666666666667,4.0,1,0.5,0.495,0.5511450703769442,0.041145070376944155,0.25-0.75,58.28,0.01,3.536351868971266,0.01,7.072703737942532,settle,1,4,settle,,,3.4656248315918403,0.0098,357.10081172871844,False,0,fold_2,test
q_edge_ne0.02_be0.06_d50_cap0.01_mt1_gap4s__settle,test,2026-05-24T09:55:02+00:00,2026-05-24T17:55:02+08:00,26357456273_attempt1::btc-updown-5m-1779616500,26357456273_attempt1::btc-updown-5m-1779616500::4::buy_down,btc-updown-5m-1779616500,london,buy_down,0.06666666666666667,4.0,1,0.52,0.515,0.5666118033993944,0.03661180339939441,0.25-0.75,60.0,0.01,3.5710081172871844,0.01,6.867323302475354,settle,1,4,settle,,,-3.6396813503119376,-0.010192307692307691,353.4611303784065,False,0,fold_2,test
q_edge_ne0.02_be0.06_d50_cap0.01_mt1_gap4s__settle,test,2026-05-24T10:00:01+00:00,2026-05-24T18:00:01+08:00,26357456273_attempt1::btc-updown-5m-1779616800,26357456273_attempt1::btc-updown-5m-1779616800::8::buy_down,btc-updown-5m-1779616800,london,buy_down,0.13333333333333333,8.0,1,0.68,0.675,0.8261080512305017,0.13610805123050163,0.25-0.75,577.11,0.01,3.534611303784065,0.01,5.197957799682448,settle,1,4,settle,,,1.6113669179015586,0.004558823529411764,355.07249729630803,False,0,fold_2,test
q_edge_ne0.02_be0.06_d50_cap0.01_mt1_gap4s__settle,test,2026-05-24T10:05:02+00:00,2026-05-24T18:05:02+08:00,26357456273_attempt1::btc-updown-5m-1779617100,26357456273_attempt1::btc-updown-5m-1779617100::12::buy_up,btc-updown-5m-1779617100,london,buy_up,0.2,12.0,1,0.5,0.495,0.6821357204377445,0.1721357204377445,0.25-0.75,68.67,0.01,3.5507249729630805,0.01,7.101449945926161,settle,1,4,settle,,,3.4797104735038187,0.0098,358.55220776981184,False,0,fold_2,test
q_edge_ne0.02_be0.06_d50_cap0.01_mt1_gap4s__settle,test,2026-05-24T10:10:01+00:00,2026-05-24T18:10:01+08:00,26357456273_attempt1::btc-updown-5m-1779617400,26357456273_attempt1::btc-updown-5m-1779617400::4::buy_down,btc-updown-5m-1779617400,london,buy_down,0.06666666666666667,4.0,1,0.52,0.515,0.6561404948731738,0.1261404948731738,0.25-0.75,71.15,0.01,3.5855220776981187,0.01,6.895234764804075,settle,1,4,settle,,,3.240760339457915,0.009038461538461539,361.79296810926974,False,0,fold_2,test
q_edge_ne0.02_be0.06_d50_cap0.01_mt1_gap4s__settle,test,2026-05-24T10:20:02+00:00,2026-05-24T18:20:02+08:00,26357456273_attempt1::btc-updown-5m-1779618000,26357456273_attempt1::btc-updown-5m-1779618000::17::buy_up,btc-updown-5m-1779618000,london,buy_up,0.2833333333333333,17.0,1,0.39,0.385,0.42132279520663074,0.021322795206630725,0.25-0.75,534.6,0.008738850494520788,3.1616546582758356,0.008738850494520788,8.106806816091886,settle,1,4,settle,,,-3.242722726436755,-0.008962923584123886,358.550245382833,False,0,fold_2,test
q_edge_ne0.02_be0.06_d50_cap0.01_mt1_gap4s__settle,test,2026-05-24T10:25:01+00:00,2026-05-24T18:25:01+08:00,26357456273_attempt1::btc-updown-5m-1779618300,26357456273_attempt1::btc-updown-5m-1779618300::5::buy_up,btc-updown-5m-1779618300,london,buy_up,0.08333333333333333,5.0,1,0.4,0.395,0.6789192259161735,0.26891922591617345,0.25-0.75,518.95,0.01,3.58550245382833,0.01,8.963756134570824,settle,1,4,settle,,,5.288616119396786,0.014749999999999997,363.8388615022298,False,0,fold_2,test
q_edge_ne0.02_be0.06_d50_cap0.01_mt1_gap4s__settle,test,2026-05-24T10:30:01+00:00,2026-05-24T18:30:01+08:00,26357456273_attempt1::btc-updown-5m-1779618600,26357456273_attempt1::btc-updown-5m-1779618600::18::buy_down,btc-updown-5m-1779618600,london,buy_down,0.3,18.0,1,0.74,0.735,0.8897217605915864,0.13972176059158636,0.25-0.75,339.04,0.01,3.638388615022298,0.01,4.916741371651754,settle,1,4,settle,,,1.2291853429129385,0.003378378378378378,365.06804684514276,False,0,fold_2,test
q_edge_ne0.02_be0.06_d50_cap0.01_mt1_gap4s__settle,test,2026-05-24T10:35:01+00:00,2026-05-24T18:35:01+08:00,26357456273_attempt1::btc-updown-5m-1779618900,26357456273_attempt1::btc-updown-5m-1779618900::107::buy_up,btc-updown-5m-1779618900,london,buy_up,1.7833333333333334,107.0,1,0.21,0.205,0.2566514949426932,0.03665149494269319,0.10-0.25,84.67,0.01,3.650680468451428,0.01,17.384192706911563,settle,1,4,settle,,,-3.824522395520544,-0.010476190476190477,361.2435244496222,False,0,fold_2,test
q_edge_ne0.02_be0.06_d50_cap0.01_mt1_gap4s__settle,test,2026-05-24T10:40:02+00:00,2026-05-24T18:40:02+08:00,26357456273_attempt1::btc-updown-5m-1779619200,26357456273_attempt1::btc-updown-5m-1779619200::4::buy_up,btc-updown-5m-1779619200,london,buy_up,0.06666666666666667,4.0,1,0.34,0.335,0.40800233861830487,0.058002338618304845,0.25-0.75,549.31,0.01,3.612435244496222,0.01,10.624809542635946,settle,1,4,settle,,,6.906126202713364,0.019117647058823524,368.1496506523356,False,0,fold_2,test
q_edge_ne0.02_be0.06_d50_cap0.01_mt1_gap4s__settle,test,2026-05-24T10:45:01+00:00,2026-05-24T18:45:01+08:00,26357456273_attempt1::btc-updown-5m-1779619500,26357456273_attempt1::btc-updown-5m-1779619500::26::buy_down,btc-updown-5m-1779619500,london,buy_down,0.43333333333333335,26.0,1,0.61,0.605,0.7476159767378644,0.1276159767378644,0.25-0.75,99.12,0.01,3.681496506523356,0.01,6.035240174628452,settle,1,4,settle,,,2.2933912663588116,0.006229508196721311,370.4430419186944,False,0,fold_2,test
q_edge_ne0.02_be0.06_d50_cap0.01_mt1_gap4s__settle,test,2026-05-24T10:50:00+00:00,2026-05-24T18:50:00+08:00,26357456273_attempt1::btc-updown-5m-1779619800,26357456273_attempt1::btc-updown-5m-1779619800::18::buy_up,btc-updown-5m-1779619800,london,buy_up,0.3,18.0,1,0.5,0.495,0.5587446805576598,0.0487446805576598,0.25-0.75,191.69,0.01,3.704430419186944,0.01,7.408860838373888,settle,1,4,settle,,,-3.7785190275706833,-0.0102,366.66452289112374,False,0,fold_2,test
q_edge_ne0.02_be0.06_d50_cap0.01_mt1_gap4s__settle,test,2026-05-24T10:55:01+00:00,2026-05-24T18:55:01+08:00,26357456273_attempt1::btc-updown-5m-1779620100,26357456273_attempt1::btc-updown-5m-1779620100::9::buy_up,btc-updown-5m-1779620100,london,buy_up,0.15,9.0,1,0.67,0.665,0.7696717630894895,0.08967176308948945,0.25-0.75,516.0,0.01,3.6666452289112375,0.01,5.4726048192705035,settle,1,4,settle,,,1.7512335421665608,0.004776119402985074,368.4157564332903,False,0,fold_2,test
q_edge_ne0.02_be0.06_d50_cap0.01_mt1_gap4s__settle,test,2026-05-24T11:05:01+00:00,2026-05-24T19:05:01+08:00,26357456273_attempt1::btc-updown-5m-1779620700,26357456273_attempt1::btc-updown-5m-1779620700::9::buy_up,btc-updown-5m-1779620700,london,buy_up,0.15,9.0,1,0.61,0.605,0.6598272159423467,0.039827215942346735,0.25-0.75,238.79,0.01,3.684157564332903,0.01,6.039602564480169,settle,1,4,settle,,,2.295048974502464,0.006229508196721311,370.7108054077928,False,0,fold_2,test
q_edge_ne0.02_be0.06_d50_cap0.01_mt1_gap4s__settle,test,2026-05-24T11:20:01+00:00,2026-05-24T19:20:01+08:00,26357456273_attempt1::btc-updown-5m-1779621600,26357456273_attempt1::btc-updown-5m-1779621600::21::buy_up,btc-updown-5m-1779621600,london,buy_up,0.35,21.0,1,0.48,0.475,0.5306933185125559,0.04069331851255587,0.25-0.75,4100.32,0.01,3.707108054077928,0.01,7.723141779329017,settle,1,4,settle,,,3.938802307457799,0.010625,374.6496077152506,False,0,fold_2,test
q_edge_ne0.02_be0.06_d50_cap0.01_mt1_gap4s__settle,test,2026-05-24T11:25:02+00:00,2026-05-24T19:25:02+08:00,26357456273_attempt1::btc-updown-5m-1779621900,26357456273_attempt1::btc-updown-5m-1779621900::8::buy_up,btc-updown-5m-1779621900,london,buy_up,0.13333333333333333,8.0,1,0.58,0.575,0.6300698345988446,0.04006983459884462,0.25-0.75,439.63,0.01,3.746496077152506,0.01,6.4594759950905285,settle,1,4,settle,,,-3.8110908371034116,-0.01017241379310345,370.83851687814723,False,0,fold_2,test
q_edge_ne0.02_be0.06_d50_cap0.01_mt1_gap4s__settle,test,2026-05-24T11:30:01+00:00,2026-05-24T19:30:01+08:00,26357456273_attempt1::btc-updown-5m-1779622200,26357456273_attempt1::btc-updown-5m-1779622200::5::buy_up,btc-updown-5m-1779622200,london,buy_up,0.08333333333333333,5.0,1,0.5,0.495,0.6018876705067127,0.09188767050671266,0.25-0.75,54.58,0.01,3.708385168781472,0.01,7.416770337562944,settle,1,4,settle,,,3.634217465405843,0.0098,374.4727343435531,False,0,fold_2,test
q_edge_ne0.02_be0.06_d50_cap0.01_mt1_gap4s__settle,test,2026-05-24T11:35:01+00:00,2026-05-24T19:35:01+08:00,26357456273_attempt1::btc-updown-5m-1779622500,26357456273_attempt1::btc-updown-5m-1779622500::4::buy_down,btc-updown-5m-1779622500,london,buy_down,0.06666666666666667,4.0,1,0.46,0.455,0.5324831419144542,0.062483141914454206,0.25-0.75,395.91,0.01,3.7447273434355313,0.01,8.140711616164198,settle,1,4,settle,,,4.314577156567025,0.011521739130434782,378.7873115001201,False,0,fold_2,test
q_edge_ne0.02_be0.06_d50_cap0.01_mt1_gap4s__settle,test,2026-05-24T11:40:01+00:00,2026-05-24T19:40:01+08:00,26357456273_attempt1::btc-updown-5m-1779622800,26357456273_attempt1::btc-updown-5m-1779622800::26::buy_up,btc-updown-5m-1779622800,london,buy_up,0.43333333333333335,26.0,1,0.6,0.595,0.6313978737616693,0.021397873761669357,0.25-0.75,191.5,0.01,3.787873115001201,0.01,6.313121858335335,settle,1,4,settle,,,2.4621175247507807,0.006500000000000001,381.2494290248709,False,0,fold_2,test
q_edge_ne0.02_be0.06_d50_cap0.01_mt1_gap4s__settle,test,2026-05-24T11:45:01+00:00,2026-05-24T19:45:01+08:00,26357456273_attempt1::btc-updown-5m-1779623100,26357456273_attempt1::btc-updown-5m-1779623100::9::buy_up,btc-updown-5m-1779623100,london,buy_up,0.15,9.0,1,0.55,0.545,0.671406524163607,0.11140652416360698,0.25-0.75,108.91,0.01,3.812494290248709,0.01,6.931807800452198,settle,1,4,settle,,,-3.881812368253231,-0.010181818181818183,377.36761665661766,False,0,fold_2,test
q_edge_ne0.02_be0.06_d50_cap0.01_mt1_gap4s__settle,test,2026-05-24T11:50:01+00:00,2026-05-24T19:50:01+08:00,26357456273_attempt1::btc-updown-5m-1779623400,26357456273_attempt1::btc-updown-5m-1779623400::95::buy_up,btc-updown-5m-1779623400,london,buy_up,1.5833333333333333,95.0,1,0.69,0.685,0.7209898980352115,0.02098989803521157,0.25-0.75,175.18,0.01,3.7736761665661764,0.01,5.46909589357417,settle,1,4,settle,,,1.640728768072251,0.004347826086956523,379.00834542468994,False,0,fold_2,test
q_edge_ne0.02_be0.06_d50_cap0.01_mt1_gap4s__settle,test,2026-05-24T11:55:00+00:00,2026-05-24T19:55:00+08:00,26357456273_attempt1::btc-updown-5m-1779623700,26357456273_attempt1::btc-updown-5m-1779623700::13::buy_up,btc-updown-5m-1779623700,london,buy_up,0.21666666666666667,13.0,1,0.44,0.435,0.4773339267447063,0.027333926744706312,0.25-0.75,249.25,0.01,3.7900834542468993,0.01,8.613826032379317,settle,1,4,settle,,,4.737604317808625,0.012500000000000002,383.74594974249857,False,0,fold_2,test
q_edge_ne0.02_be0.06_d50_cap0.01_mt1_gap4s__settle,test,2026-05-24T12:00:02+00:00,2026-05-24T20:00:02+08:00,26357456273_attempt1::btc-updown-5m-1779624000,26357456273_attempt1::btc-updown-5m-1779624000::8::buy_down,btc-updown-5m-1779624000,london,buy_down,0.13333333333333333,8.0,1,0.45,0.445,0.6082732730018744,0.14827327300187437,0.25-0.75,84.06,0.01,3.8374594974249856,0.01,8.527687772055524,settle,1,4,settle,,,4.604951396909983,0.012,388.35090113940856,False,0,fold_2,test
q_edge_ne0.02_be0.06_d50_cap0.01_mt1_gap4s__settle,test,2026-05-24T12:05:01+00:00,2026-05-24T20:05:01+08:00,26357456273_attempt1::btc-updown-5m-1779624300,26357456273_attempt1::btc-updown-5m-1779624300::26::buy_down,btc-updown-5m-1779624300,london,buy_down,0.43333333333333335,26.0,1,0.43,0.425,0.46805217473771676,0.02805217473771677,0.25-0.75,188.95,0.01,3.8835090113940858,0.01,9.03141630556764,settle,1,4,settle,,,5.057593131117879,0.013023255813953489,393.40849427052643,False,0,fold_2,test
q_edge_ne0.02_be0.06_d50_cap0.01_mt1_gap4s__settle,test,2026-05-24T12:10:00+00:00,2026-05-24T20:10:00+08:00,26357456273_attempt1::btc-updown-5m-1779624600,26357456273_attempt1::btc-updown-5m-1779624600::4::buy_down,btc-updown-5m-1779624600,london,buy_down,0.06666666666666667,4.0,1,0.36,0.355,0.4523075418679814,0.0823075418679814,0.25-0.75,433.34,0.01,3.9340849427052644,0.01,10.928013729736847,settle,1,4,settle,,,6.884648649734213,0.0175,400.29314292026066,False,0,fold_2,test
q_edge_ne0.02_be0.06_d50_cap0.01_mt1_gap4s__settle,test,2026-05-24T12:15:02+00:00,2026-05-24T20:15:02+08:00,26357456273_attempt1::btc-updown-5m-1779624900,26357456273_attempt1::btc-updown-5m-1779624900::4::buy_down,btc-updown-5m-1779624900,london,buy_down,0.06666666666666667,4.0,1,0.5,0.495,0.758507750560152,0.24850775056015195,0.25-0.75,169.99,0.01,4.002931429202607,0.01,8.005862858405214,settle,1,4,settle,,,3.922872800618555,0.009800000000000001,404.2160157208792,False,0,fold_2,test
q_edge_ne0.02_be0.06_d50_cap0.01_mt1_gap4s__settle,test,2026-05-24T12:20:00+00:00,2026-05-24T20:20:00+08:00,26357456273_attempt1::btc-updown-5m-1779625200,26357456273_attempt1::btc-updown-5m-1779625200::5::buy_down,btc-updown-5m-1779625200,london,buy_down,0.08333333333333333,5.0,1,0.48,0.475,0.6072335604351128,0.11723356043511281,0.25-0.75,134.38,0.01,4.042160157208793,0.01,8.421166994184984,settle,1,4,settle,,,4.2947951670343425,0.010625000000000002,408.5108108879136,False,0,fold_2,test
q_edge_ne0.02_be0.06_d50_cap0.01_mt1_gap4s__settle,test,2026-05-24T12:25:01+00:00,2026-05-24T20:25:01+08:00,26357456273_attempt1::btc-updown-5m-1779625500,26357456273_attempt1::btc-updown-5m-1779625500::99::buy_up,btc-updown-5m-1779625500,london,buy_up,1.65,99.0,1,0.57,0.565,0.6021040281735998,0.022104028173599806,0.25-0.75,61.03,0.01,4.085108108879136,0.01,7.166856331366906,settle,1,4,settle,,,3.010079659174101,0.0073684210526315805,411.5208905470877,False,0,fold_2,test
q_edge_ne0.02_be0.06_d50_cap0.01_mt1_gap4s__settle,test,2026-05-24T12:35:00+00:00,2026-05-24T20:35:00+08:00,26357456273_attempt1::btc-updown-5m-1779626100,26357456273_attempt1::btc-updown-5m-1779626100::13::buy_up,btc-updown-5m-1779626100,london,buy_up,0.21666666666666667,13.0,1,0.5,0.495,0.5379277463950128,0.027927746395012838,0.25-0.75,149.32,0.01,4.115208905470877,0.01,8.230417810941754,settle,1,4,settle,,,4.032904727361459,0.0098,415.55379527444916,False,0,fold_2,test
q_edge_ne0.02_be0.06_d50_cap0.01_mt1_gap4s__settle,test,2026-05-24T12:40:02+00:00,2026-05-24T20:40:02+08:00,26357456273_attempt1::btc-updown-5m-1779626400,26357456273_attempt1::btc-updown-5m-1779626400::150::buy_down,btc-updown-5m-1779626400,london,buy_down,2.5,150.0,1,0.19,0.185,0.22307022986341513,0.023070229863415122,0.10-0.25,160.49,0.007120441315868864,2.958926412838299,0.007120441315868863,15.573296909675259,settle,1,4,settle,,,-3.114659381935052,-0.00749520138512512,412.4391358925141,False,0,fold_2,test
q_edge_ne0.02_be0.06_d50_cap0.01_mt1_gap4s__settle,test,2026-05-24T12:45:01+00:00,2026-05-24T20:45:01+08:00,26357456273_attempt1::btc-updown-5m-1779626700,26357456273_attempt1::btc-updown-5m-1779626700::4::buy_down,btc-updown-5m-1779626700,london,buy_down,0.06666666666666667,4.0,1,0.45,0.445,0.48937531797988343,0.029375317979883415,0.25-0.75,10412.49,0.01,4.124391358925141,0.01,9.165314130944758,settle,1,4,settle,,,4.94926963071017,0.012,417.38840552322426,False,0,fold_2,test
q_edge_ne0.02_be0.06_d50_cap0.01_mt1_gap4s__settle,test,2026-05-24T12:50:02+00:00,2026-05-24T20:50:02+08:00,26357456273_attempt1::btc-updown-5m-1779627000,26357456273_attempt1::btc-updown-5m-1779627000::4::buy_down,btc-updown-5m-1779627000,london,buy_down,0.06666666666666667,4.0,1,0.46,0.455,0.5627192413635246,0.09271924136352457,0.25-0.75,80.0,0.01,4.173884055232243,0.01,9.07366098963531,settle,1,4,settle,,,4.809040324506715,0.011521739130434784,422.197445847731,False,0,fold_2,test
q_edge_ne0.02_be0.06_d50_cap0.01_mt1_gap4s__settle,test,2026-05-24T12:55:02+00:00,2026-05-24T20:55:02+08:00,26357456273_attempt1::btc-updown-5m-1779627300,26357456273_attempt1::btc-updown-5m-1779627300::228::buy_up,btc-updown-5m-1779627300,london,buy_up,3.8,228.0,1,0.72,0.715,0.7576723456874978,0.027672345687497775,0.25-0.75,450.38,0.01,4.22197445847731,0.01,5.863853414551819,settle,1,4,settle,,,1.5832404219289913,0.0037500000000000003,423.78068626966,False,0,fold_2,test
q_edge_ne0.02_be0.06_d50_cap0.01_mt1_gap4s__settle,test,2026-05-24T13:00:01+00:00,2026-05-24T21:00:01+08:00,26357456273_attempt1::btc-updown-5m-1779627600,26357456273_attempt1::btc-updown-5m-1779627600::8::buy_down,btc-updown-5m-1779627600,london,buy_down,0.13333333333333333,8.0,1,0.51,0.505,0.5781759355196132,0.058175935519613205,0.25-0.75,54.98,0.01,4.2378068626966,0.01,8.309425220973726,settle,1,4,settle,,,3.988524106067388,0.009411764705882352,427.7692103757274,False,0,fold_2,test
q_edge_ne0.02_be0.06_d50_cap0.01_mt1_gap4s__settle,test,2026-05-24T13:10:01+00:00,2026-05-24T21:10:01+08:00,26357456273_attempt1::btc-updown-5m-1779628200,26357456273_attempt1::btc-updown-5m-1779628200::4::buy_down,btc-updown-5m-1779628200,london,buy_down,0.06666666666666667,4.0,1,0.45,0.445,0.5196461565567289,0.05964615655672884,0.25-0.75,1092.37,0.01,4.277692103757274,0.009999999999999998,9.505982452793942,settle,1,4,settle,,,5.133230524508729,0.012,432.9024409002362,False,0,fold_2,test
q_edge_ne0.02_be0.06_d50_cap0.01_mt1_gap4s__settle,test,2026-05-24T13:15:02+00:00,2026-05-24T21:15:02+08:00,26357456273_attempt1::btc-updown-5m-1779628500,26357456273_attempt1::btc-updown-5m-1779628500::4::buy_up,btc-updown-5m-1779628500,london,buy_up,0.06666666666666667,4.0,1,0.62,0.615,0.6858333108397655,0.05583331083976551,0.25-0.75,114.03,0.01,4.329024409002362,0.01,6.982297433874778,settle,1,4,settle,,,2.583450050533668,0.005967741935483872,435.48589095076983,False,0,fold_2,test
q_edge_ne0.02_be0.06_d50_cap0.01_mt1_gap4s__settle,test,2026-05-24T13:20:00+00:00,2026-05-24T21:20:00+08:00,26357456273_attempt1::btc-updown-5m-1779628800,26357456273_attempt1::btc-updown-5m-1779628800::13::buy_up,btc-updown-5m-1779628800,london,buy_up,0.21666666666666667,13.0,1,0.6,0.595,0.6547593458038449,0.04475934580384489,0.25-0.75,68.98,0.01,4.354858909507699,0.01,7.258098182512831,settle,1,4,settle,,,-4.427439891332827,-0.010166666666666668,431.058451059437,False,0,fold_2,test
q_edge_ne0.02_be0.06_d50_cap0.01_mt1_gap4s__settle,test,2026-05-24T13:25:01+00:00,2026-05-24T21:25:01+08:00,26357456273_attempt1::btc-updown-5m-1779629100,26357456273_attempt1::btc-updown-5m-1779629100::99::buy_down,btc-updown-5m-1779629100,london,buy_down,1.65,99.0,1,0.45,0.445,0.48024504922578976,0.020245049225789742,0.25-0.75,123.99,0.009202295102631701,3.966727073132264,0.009202295102631701,8.81494905140503,settle,1,4,settle,,,4.760072487758716,0.01104275412315804,435.8185235471957,False,0,fold_2,test
q_edge_ne0.02_be0.06_d50_cap0.01_mt1_gap4s__settle,test,2026-05-24T13:30:00+00:00,2026-05-24T21:30:00+08:00,26357456273_attempt1::btc-updown-5m-1779629400,26357456273_attempt1::btc-updown-5m-1779629400::13::buy_up,btc-updown-5m-1779629400,other,buy_up,0.21666666666666667,13.0,1,0.64,0.635,0.7300904095274443,0.0800904095274443,0.25-0.75,255.07,0.01,4.358185235471957,0.01,6.809664430424933,settle,1,4,settle,,,-4.426281879776206,-0.010156249999999999,431.3922416674195,False,0,fold_2,test
q_edge_ne0.02_be0.06_d50_cap0.01_mt1_gap4s__settle,test,2026-05-24T13:35:01+00:00,2026-05-24T21:35:01+08:00,26357456273_attempt1::btc-updown-5m-1779629700,26357456273_attempt1::btc-updown-5m-1779629700::4::buy_down,btc-updown-5m-1779629700,other,buy_down,0.06666666666666667,4.0,1,0.46,0.455,0.6181190859364196,0.1481190859364196,0.25-0.75,50.0,0.01,4.313922416674195,0.01,9.378092210161293,settle,1,4,settle,,,4.970388871385485,0.011521739130434782,436.362630538805,False,0,fold_2,test
q_edge_ne0.02_be0.06_d50_cap0.01_mt1_gap4s__settle,test,2026-05-24T13:40:00+00:00,2026-05-24T21:40:00+08:00,26357456273_attempt1::btc-updown-5m-1779630000,26357456273_attempt1::btc-updown-5m-1779630000::9::buy_up,btc-updown-5m-1779630000,other,buy_up,0.15,9.0,1,0.66,0.655,0.7709506899865377,0.10095068998653768,0.25-0.75,120.91,0.01,4.36362630538805,0.01,6.6115550081637116,settle,1,4,settle,,,2.1818131526940245,0.004999999999999999,438.544443691499,False,0,fold_2,test
q_edge_ne0.02_be0.06_d50_cap0.01_mt1_gap4s__settle,test,2026-05-24T13:45:01+00:00,2026-05-24T21:45:01+08:00,26357456273_attempt1::btc-updown-5m-1779630300,26357456273_attempt1::btc-updown-5m-1779630300::73::buy_up,btc-updown-5m-1779630300,other,buy_up,1.2166666666666666,73.0,1,0.5,0.495,0.5353047129792142,0.025304712979214224,0.25-0.75,78.29,0.01,4.38544443691499,0.01,8.77088887382998,settle,1,4,settle,,,-4.47315332565329,-0.0102,434.0712903658457,False,0,fold_2,test
q_edge_ne0.02_be0.06_d50_cap0.01_mt1_gap4s__settle,test,2026-05-24T13:55:01+00:00,2026-05-24T21:55:01+08:00,26357456273_attempt1::btc-updown-5m-1779630900,26357456273_attempt1::btc-updown-5m-1779630900::4::buy_down,btc-updown-5m-1779630900,other,buy_down,0.06666666666666667,4.0,1,0.32,0.315,0.5539917457145617,0.22399174571456165,0.25-0.75,133.35,0.01,4.340712903658457,0.01,13.564727823932678,settle,1,4,settle,,,-4.476360181897784,-0.0103125,429.5949301839479,False,0,fold_2,test
q_edge_ne0.02_be0.06_d50_cap0.01_mt1_gap4s__settle,test,2026-05-24T14:00:01+00:00,2026-05-24T22:00:01+08:00,26357456273_attempt1::btc-updown-5m-1779631200,26357456273_attempt1::btc-updown-5m-1779631200::56::buy_up,btc-updown-5m-1779631200,other,buy_up,0.9333333333333333,56.0,1,0.5,0.495,0.5637974476188543,0.053797447618854306,0.25-0.75,66.0,0.01,4.295949301839479,0.01,8.591898603678958,settle,1,4,settle,,,-4.3818682878762685,-0.0102,425.2130618960716,False,0,fold_2,test
q_edge_ne0.02_be0.06_d50_cap0.01_mt1_gap4s__settle,test,2026-05-24T14:05:01+00:00,2026-05-24T22:05:01+08:00,26357456273_attempt1::btc-updown-5m-1779631500,26357456273_attempt1::btc-updown-5m-1779631500::4::buy_up,btc-updown-5m-1779631500,other,buy_up,0.06666666666666667,4.0,1,0.49,0.485,0.631998661279617,0.131998661279617,0.25-0.75,598.51,0.01,4.252130618960717,0.01,8.67781758971575,settle,1,4,settle,,,4.338908794857875,0.010204081632653064,429.5519706909295,False,0,fold_2,test
q_edge_ne0.02_be0.06_d50_cap0.01_mt1_gap4s__settle,test,2026-05-24T14:10:01+00:00,2026-05-24T22:10:01+08:00,26357456273_attempt1::btc-updown-5m-1779631800,26357456273_attempt1::btc-updown-5m-1779631800::4::buy_down,btc-updown-5m-1779631800,other,buy_down,0.06666666666666667,4.0,1,0.47,0.465,0.7336063896889885,0.2536063896889885,0.25-0.75,206.79,0.01,4.295519706909295,0.01,9.139403631721905,settle,1,4,settle,,,4.752489888495391,0.011063829787234043,434.3044605794249,False,0,fold_2,test
q_edge_ne0.02_be0.06_d50_cap0.01_mt1_gap4s__settle,test,2026-05-24T14:15:01+00:00,2026-05-24T22:15:01+08:00,26357456273_attempt1::btc-updown-5m-1779632100,26357456273_attempt1::btc-updown-5m-1779632100::5::buy_down,btc-updown-5m-1779632100,other,buy_down,0.08333333333333333,5.0,1,0.5,0.495,0.9759247667835224,0.46592476678352235,0.25-0.75,87.85,0.01,4.343044605794249,0.01,8.686089211588499,settle,1,4,settle,,,4.2561837136783645,0.0098,438.5606442931033,False,0,fold_2,test
q_edge_ne0.02_be0.06_d50_cap0.01_mt1_gap4s__settle,test,2026-05-24T14:25:01+00:00,2026-05-24T22:25:01+08:00,26357456273_attempt1::btc-updown-5m-1779632700,26357456273_attempt1::btc-updown-5m-1779632700::8::buy_down,btc-updown-5m-1779632700,other,buy_down,0.13333333333333333,8.0,1,0.54,0.535,0.8464039985066133,0.29640399850661325,0.25-0.75,60.36,0.01,4.385606442931033,0.010000000000000002,8.121493412835246,settle,1,4,settle,,,3.65467203577586,0.008333333333333331,442.2153163288791,False,0,fold_2,test
q_edge_ne0.02_be0.06_d50_cap0.01_mt1_gap4s__settle,test,2026-05-24T14:30:01+00:00,2026-05-24T22:30:01+08:00,26357456273_attempt1::btc-updown-5m-1779633000,26357456273_attempt1::btc-updown-5m-1779633000::4::buy_up,btc-updown-5m-1779633000,other,buy_up,0.06666666666666667,4.0,1,0.53,0.525,0.7658296247478913,0.22582962474789126,0.25-0.75,311.54,0.01,4.422153163288791,0.01,8.343685213752435,settle,1,4,settle,,,3.83809519832612,0.008679245283018867,446.05341152720524,False,0,fold_2,test
q_edge_ne0.02_be0.06_d50_cap0.01_mt1_gap4s__settle,test,2026-05-24T14:35:01+00:00,2026-05-24T22:35:01+08:00,26357456273_attempt1::btc-updown-5m-1779633300,26357456273_attempt1::btc-updown-5m-1779633300::4::buy_down,btc-updown-5m-1779633300,other,buy_down,0.06666666666666667,4.0,1,0.61,0.605,0.7788946811157862,0.1588946811157862,0.25-0.75,85.0,0.01,4.460534115272052,0.01,7.312351008642709,settle,1,4,settle,,,-4.5336576253584795,-0.010163934426229508,441.51975390184674,False,0,fold_2,test
q_edge_ne0.02_be0.06_d50_cap0.01_mt1_gap4s__settle,test,2026-05-24T14:40:00+00:00,2026-05-24T22:40:00+08:00,26357456273_attempt1::btc-updown-5m-1779633600,26357456273_attempt1::btc-updown-5m-1779633600::8::buy_down,btc-updown-5m-1779633600,other,buy_down,0.13333333333333333,8.0,1,0.56,0.555,0.749647159669287,0.1796471596692869,0.25-0.75,428.25,0.01,4.415197539018467,0.01,7.884281319675834,settle,1,4,settle,,,3.390240967460608,0.007678571428571426,444.90999486930735,False,0,fold_2,test
q_edge_ne0.02_be0.06_d50_cap0.01_mt1_gap4s__settle,test,2026-05-24T14:45:00+00:00,2026-05-24T22:45:00+08:00,26357456273_attempt1::btc-updown-5m-1779633900,26357456273_attempt1::btc-updown-5m-1779633900::134::buy_down,btc-updown-5m-1779633900,other,buy_down,2.2333333333333334,134.0,1,0.51,0.505,0.5443784573096228,0.024378457309622743,0.25-0.75,61.81,0.01,4.449099948693074,0.01,8.723725389594263,settle,1,4,settle,,,4.187388187005246,0.009411764705882354,449.0973830563126,False,0,fold_2,test
q_edge_ne0.02_be0.06_d50_cap0.01_mt1_gap4s__settle,test,2026-05-24T14:55:01+00:00,2026-05-24T22:55:01+08:00,26357456273_attempt1::btc-updown-5m-1779634500,26357456273_attempt1::btc-updown-5m-1779634500::4::buy_down,btc-updown-5m-1779634500,other,buy_down,0.06666666666666667,4.0,1,0.5,0.495,0.5457742745046097,0.03577427450460969,0.25-0.75,161.08,0.01,4.490973830563126,0.01,8.981947661126252,settle,1,4,settle,,,4.401154353951863,0.0098,453.4985374102645,False,0,fold_2,test
q_edge_ne0.02_be0.06_d50_cap0.01_mt1_gap4s__settle,test,2026-05-24T15:05:01+00:00,2026-05-24T23:05:01+08:00,26357456273_attempt1::btc-updown-5m-1779635100,26357456273_attempt1::btc-updown-5m-1779635100::4::buy_down,btc-updown-5m-1779635100,other,buy_down,0.06666666666666667,4.0,1,0.49,0.485,0.7433352038510087,0.2433352038510087,0.25-0.75,864.33,0.01,4.534985374102645,0.01,9.255072192046214,settle,1,4,settle,,,4.627536096023107,0.01020408163265306,458.1260735062876,False,0,fold_2,test
q_edge_ne0.02_be0.06_d50_cap0.01_mt1_gap4s__settle,test,2026-05-24T15:15:02+00:00,2026-05-24T23:15:02+08:00,26357456273_attempt1::btc-updown-5m-1779635700,26357456273_attempt1::btc-updown-5m-1779635700::12::buy_down,btc-updown-5m-1779635700,other,buy_down,0.2,12.0,1,0.42,0.415,0.6086802901576861,0.1786802901576861,0.25-0.75,332.26,0.01,4.581260735062876,0.01,10.907763654911609,settle,1,4,settle,,,6.217425283299618,0.013571428571428573,464.3434987895872,False,0,fold_2,test
q_edge_ne0.02_be0.06_d50_cap0.01_mt1_gap4s__settle,test,2026-05-24T15:25:01+00:00,2026-05-24T23:25:01+08:00,26357456273_attempt1::btc-updown-5m-1779636300,26357456273_attempt1::btc-updown-5m-1779636300::12::buy_down,btc-updown-5m-1779636300,other,buy_down,0.2,12.0,1,0.6,0.595,0.6559265470182514,0.04592654701825139,0.25-0.75,55.0,0.01,4.643434987895872,0.009999999999999998,7.739058313159787,settle,1,4,settle,,,3.018232742132317,0.006500000000000001,467.36173153171956,False,0,fold_2,test
q_edge_ne0.02_be0.06_d50_cap0.01_mt1_gap4s__settle,test,2026-05-24T15:30:02+00:00,2026-05-24T23:30:02+08:00,26357456273_attempt1::btc-updown-5m-1779636600,26357456273_attempt1::btc-updown-5m-1779636600::8::buy_up,btc-updown-5m-1779636600,other,buy_up,0.13333333333333333,8.0,1,0.72,0.715,0.7512516474662663,0.021251647466266295,0.25-0.75,318.1,0.01,4.673617315317196,0.01,6.491135160162772,settle,1,4,settle,,,-4.738528666918823,-0.010138888888888888,462.62320286480076,False,0,fold_2,test
q_edge_ne0.02_be0.06_d50_cap0.01_mt1_gap4s__settle,test,2026-05-24T15:35:01+00:00,2026-05-24T23:35:01+08:00,26357456273_attempt1::btc-updown-5m-1779636900,26357456273_attempt1::btc-updown-5m-1779636900::126::buy_down,btc-updown-5m-1779636900,other,buy_down,2.1,126.0,1,0.51,0.505,0.5411458188889285,0.02114581888892853,0.25-0.75,127.0,0.01,4.626232028648007,0.01,9.071043193427466,settle,1,4,settle,,,-4.716942460582282,-0.010196078431372548,457.9062604042185,False,0,fold_2,test
q_edge_ne0.02_be0.06_d50_cap0.01_mt1_gap4s__settle,test,2026-05-24T15:40:01+00:00,2026-05-24T23:40:01+08:00,26357456273_attempt1::btc-updown-5m-1779637200,26357456273_attempt1::btc-updown-5m-1779637200::5::buy_down,btc-updown-5m-1779637200,other,buy_down,0.08333333333333333,5.0,1,0.5,0.495,0.548008040297546,0.038008040297546015,0.25-0.75,873.88,0.01,4.579062604042185,0.01,9.15812520808437,settle,1,4,settle,,,-4.670643856123029,-0.0102,453.23561654809544,False,0,fold_2,test
q_edge_ne0.02_be0.06_d50_cap0.01_mt1_gap4s__settle,test,2026-05-24T15:45:01+00:00,2026-05-24T23:45:01+08:00,26357456273_attempt1::btc-updown-5m-1779637500,26357456273_attempt1::btc-updown-5m-1779637500::4::buy_down,btc-updown-5m-1779637500,other,buy_down,0.06666666666666667,4.0,1,0.5,0.495,0.5763050205268083,0.06630502052680833,0.25-0.75,860.33,0.01,4.532356165480954,0.01,9.064712330961909,settle,1,4,settle,,,-4.623003288790573,-0.0102,448.61261325930485,False,0,fold_2,test
q_edge_ne0.02_be0.06_d50_cap0.01_mt1_gap4s__settle,test,2026-05-24T15:50:02+00:00,2026-05-24T23:50:02+08:00,26357456273_attempt1::btc-updown-5m-1779637800,26357456273_attempt1::btc-updown-5m-1779637800::4::buy_down,btc-updown-5m-1779637800,other,buy_down,0.06666666666666667,4.0,1,0.48,0.475,0.6544560829439818,0.16445608294398184,0.25-0.75,582.36,0.01,4.486126132593049,0.010000000000000002,9.346096109568853,settle,1,4,settle,,,4.766509015880115,0.010625000000000002,453.37912227518495,False,0,fold_2,test
q_edge_ne0.02_be0.06_d50_cap0.01_mt1_gap4s__settle,test,2026-05-24T15:55:01+00:00,2026-05-24T23:55:01+08:00,26357456273_attempt1::btc-updown-5m-1779638100,26357456273_attempt1::btc-updown-5m-1779638100::4::buy_down,btc-updown-5m-1779638100,other,buy_down,0.06666666666666667,4.0,1,0.44,0.435,0.4964232186508429,0.046423218650842875,0.25-0.75,341.81,0.01,4.53379122275185,0.01,10.304070960799658,settle,1,4,settle,,,5.667239028439813,0.012500000000000002,459.0463613036248,False,0,fold_2,test
