strategy,entry_name,family,prior_label,mode,exit_policy,exit_mode,trades,ending_bankroll,total_return,win_rate,profit_factor,max_drawdown,avg_cost,first_trade_ts,last_trade_ts,take_profit_exits,stop_exits,trail_exits,settle_exits,worst_48_return,median_48_return,positive_48_rate,active_48_rate,num_48_windows,worst_144_return,median_144_return,positive_144_rate,active_144_rate,num_144_windows,worst_864_return,median_864_return,positive_864_rate,active_864_rate,num_864_windows,research_score
session_breakout_london_fixed_4pct__tp06_sl03_buf3s,session_breakout_london_fixed_4pct,session_single,,robust,tp06_sl03_buf3s,intraday,52,111.33034186222429,0.1133034186222428,0.6346153846153846,2.253795805607009,0.01463058785444594,4.089546296680242,2026-05-04T09:25:02+00:00,2026-06-02T08:30:01+00:00,31,19,0,2,-0.010399999999999965,0.0,0.1873106698081454,0.282059912487378,5942,-0.010399999999999965,0.0,0.44286691755046187,0.6414642490591858,5846,-0.010364206926815722,0.009151728216941768,0.7895044869293796,1.0,5126,0.9274876847290641
session_breakout_london_fixed_6pct__tp06_sl03_buf3s,session_breakout_london_fixed_6pct,session_single,,robust,tp06_sl03_buf3s,intraday,52,114.70323895671167,0.14703238956711662,0.6153846153846154,1.9772816765821575,0.02194082770076936,6.218207347093147,2026-05-04T09:25:02+00:00,2026-06-02T08:30:01+00:00,30,20,0,2,-0.015599999999999947,0.0,0.18057892965331537,0.282059912487378,5942,-0.015599999999999947,0.0,0.4315771467670202,0.6414642490591858,5846,-0.015566616467937444,0.007321780725678684,0.6820132657042528,1.0,5126,0.9267598426700271
session_breakout_london_fixed_8pct__tp06_sl03_buf3s,session_breakout_london_fixed_8pct,session_single,,robust,tp06_sl03_buf3s,intraday,52,119.37242013592613,0.19372420135926127,0.6153846153846154,1.9539975417260864,0.027056528937227275,8.34706616959682,2026-05-04T09:25:02+00:00,2026-06-02T08:30:01+00:00,30,20,0,2,-0.02080000000000004,0.0,0.18142039717266914,0.282059912487378,5942,-0.02080000000000004,0.0,0.4218268901813206,0.6414642490591858,5846,-0.02001488442093169,0.009567465682775778,0.685134607881389,1.0,5126,0.9260346736930538
session_breakout_london_fixed_4pct__tp04_sl02_buf3s,session_breakout_london_fixed_4pct,session_single,,robust,tp04_sl02_buf3s,intraday,52,109.10027064113726,0.09100270641137254,0.6346153846153846,2.14123200183535,0.022647525397644638,4.033297682245036,2026-05-04T09:25:02+00:00,2026-06-02T08:30:01+00:00,31,19,0,2,-0.010399999999999965,0.0,0.1726691349713901,0.282059912487378,5942,-0.010399999999999965,0.0,0.3951419774204584,0.6414642490591858,5846,-0.01583724634742778,0.008180443803596837,0.7247366367538042,1.0,5126,0.9241680986749149
session_breakout_london_fixed_6pct__tp04_sl02_buf3s,session_breakout_london_fixed_6pct,session_single,,robust,tp04_sl02_buf3s,intraday,52,112.41667234049119,0.12416672340491197,0.6346153846153846,1.9539047809108654,0.024149174741044895,6.133653369561268,2026-05-04T09:25:02+00:00,2026-06-02T08:30:01+00:00,31,19,0,2,-0.015599999999999947,0.0,0.17401548300235611,0.282059912487378,5942,-0.015599999999999947,0.0,0.396510434485118,0.6414642490591858,5846,-0.014808075592542713,0.007469678898207821,0.6433866562621927,1.0,5126,0.9235361057013022
session_breakout_london_fixed_8pct__tp04_sl02_buf3s,session_breakout_london_fixed_8pct,session_single,,robust,tp04_sl02_buf3s,intraday,52,116.20945481621494,0.1620945481621494,0.6346153846153846,1.9305076031478077,0.030117160535108885,8.195360534170451,2026-05-04T09:25:02+00:00,2026-06-02T08:30:01+00:00,31,19,0,2,-0.02080000000000004,0.0,0.17485695052170985,0.282059912487378,5942,-0.02080000000000004,0.0,0.3973657201505303,0.6414642490591858,5846,-0.02250896002866798,0.00814873452627074,0.6730394069449863,1.0,5126,0.921497307824493
session_breakout_london_fixed_4pct__tp05_sl03_buf5s,session_breakout_london_fixed_4pct,session_single,,robust,tp05_sl03_buf5s,intraday,52,107.54852925144024,0.0754852925144025,0.6153846153846154,1.6776043214514869,0.01978110756872422,4.049901497328207,2026-05-04T09:25:02+00:00,2026-06-02T08:30:01+00:00,30,20,0,2,-0.011851851851851891,0.0,0.1682935038707506,0.282059912487378,5942,-0.010955823293172573,0.0,0.3764967499144714,0.6414642490591858,5846,-0.016180827227401662,0.005746509403573352,0.6149044088958252,1.0,5126,0.9199324092106771
session_breakout_london_fixed_6pct__tp05_sl03_buf5s,session_breakout_london_fixed_6pct,session_single,,robust,tp05_sl03_buf5s,intraday,52,110.82672355752337,0.10826723557523366,0.6153846153846154,1.6391321453104173,0.028403005618449533,6.138369620510016,2026-05-04T09:25:02+00:00,2026-06-02T08:30:01+00:00,30,20,0,2,-0.01645783132530121,0.0,0.1682935038707506,0.282059912487378,5942,-0.01645783132530121,0.0,0.3742730071843996,0.6414642490591858,5846,-0.024463599181120954,0.008323447042762,0.6133437378072571,1.0,5126,0.9175953717493414
session_breakout_london_fixed_10pct__tp04_sl02_buf3s,session_breakout_london_fixed_10pct,session_single,,robust,tp04_sl02_buf3s,intraday,52,118.8830560340002,0.188830560340002,0.6346153846153846,1.8185327107012499,0.03575864411856573,10.307791859019444,2026-05-04T09:25:02+00:00,2026-06-02T08:30:01+00:00,31,19,0,2,-0.026000000000000023,0.0,0.17519353752945135,0.282059912487378,5942,-0.026000000000000023,0.0,0.39770783441669516,0.6414642490591858,5846,-0.0300928853103668,0.004514763192685178,0.5887631681623098,1.0,5126,0.9160022148394241
session_breakout_london_fixed_8pct__tp05_sl03_buf5s,session_breakout_london_fixed_8pct,session_single,,robust,tp05_sl03_buf5s,intraday,52,114.95301534355133,0.14953015343551335,0.6153846153846154,1.664659372546018,0.03558380929973758,8.237305566663682,2026-05-04T09:25:02+00:00,2026-06-02T08:30:01+00:00,30,20,0,2,-0.021975903614457892,0.0,0.16913497139010433,0.282059912487378,5942,-0.021975903614457892,0.0,0.37735203557988367,0.6414642490591858,5846,-0.031542504738764854,0.008527877639256554,0.6164650799843933,1.0,5126,0.9159231679841142
session_breakout_london_fixed_10pct__tp06_sl03_buf3s,session_breakout_london_fixed_10pct,session_single,,robust,tp06_sl03_buf3s,intraday,52,123.34526301911009,0.23345263019110085,0.6346153846153846,1.8234392530152297,0.04300120075840991,10.610760539052869,2026-05-04T09:25:02+00:00,2026-06-02T08:30:01+00:00,31,19,0,2,-0.026000000000000023,0.0,0.18512285425782565,0.282059912487378,5942,-0.026000000000000023,0.0,0.42559014710913445,0.6414642490591858,5846,-0.04195290848030897,0.008184275765380056,0.6170503316426064,1.0,5126,0.9157093214190247
session_breakout_london_fixed_12pct__tp04_sl02_buf3s,session_breakout_london_fixed_12pct,session_single,,robust,tp04_sl02_buf3s,intraday,52,121.22569349172866,0.2122569349172867,0.6346153846153846,1.7747481978232356,0.04149606686525871,12.228338038607612,2026-05-04T09:25:02+00:00,2026-06-02T08:30:01+00:00,31,19,0,2,-0.031200000000000006,0.0,0.1736788959946146,0.282059912487378,5942,-0.031200000000000006,0.0,0.379746835443038,0.6414642490591858,5846,-0.03441797400725577,0.004610694397124027,0.6033944596176356,1.0,5126,0.9088047504486959
session_breakout_london_fixed_12pct__tp06_sl03_buf3s,session_breakout_london_fixed_12pct,session_single,,robust,tp06_sl03_buf3s,intraday,52,125.3993078296683,0.25399307829668305,0.6346153846153846,1.7319583273197598,0.0585963844209726,12.612279850882382,2026-05-04T09:25:02+00:00,2026-06-02T08:30:01+00:00,31,19,0,2,-0.03540383928056723,0.0,0.18343991921911815,0.282059912487378,5942,-0.03540383928056723,0.0,0.4074580910023948,0.6414642490591858,5846,-0.057482661652995315,0.009973873712266546,0.6529457666796723,1.0,5126,0.896683850765647
session_breakout_london_fixed_4pct__trail08_gap03_buf5s,session_breakout_london_fixed_4pct,session_single,,robust,trail08_gap03_buf5s,intraday,51,112.31930548547126,0.12319305485471266,0.49019607843137253,1.580056291580661,0.040921186677911586,4.124318647258699,2026-05-04T09:25:02+00:00,2026-06-02T08:30:01+00:00,0,24,13,14,-0.034222222222222265,0.0,0.139683608212723,0.282059912487378,5942,-0.034222222222222265,0.0,0.3108108108108108,0.6414642490591858,5846,-0.03548352003133559,0.0076321077229484224,0.7243464689816621,1.0,5126,0.8943743078626799
session_breakout_london_fixed_10pct__tp05_sl03_buf5s,session_breakout_london_fixed_10pct,session_single,,robust,tp05_sl03_buf5s,intraday,52,117.64536024653144,0.1764536024653145,0.6346153846153846,1.5761638575831614,0.06981570819189176,10.425512453936431,2026-05-04T09:25:02+00:00,2026-06-02T08:30:01+00:00,31,19,0,2,-0.03204048458765396,0.0,0.17283742847526085,0.282059912487378,5942,-0.03204048458765396,0.0,0.38111529250769755,0.6414642490591858,5846,-0.05029131729280645,0.006147445257926876,0.5901287553648069,1.0,5126,0.8904964295261006
session_breakout_us_afternoon_fixed_4pct__trail08_gap03_buf5s,session_breakout_us_afternoon_fixed_4pct,session_single,,robust,trail08_gap03_buf5s,intraday,33,106.74952002481008,0.06749520024810085,0.696969696969697,1.9131793900194385,0.034984359858572685,4.25182262471618,2026-05-04T17:10:00+00:00,2026-06-01T17:35:01+00:00,0,8,12,13,-0.016174055158324818,0.0,0.08919555705149781,0.14321777179400874,5942,-0.016174055158324818,0.0,0.23845364351693465,0.37547040711597673,5846,-0.021558731034482803,0.0055172413793103114,0.6320717908700741,1.0,5126,0.8856654064994081
session_breakout_us_afternoon_fixed_6pct__trail08_gap03_buf5s,session_breakout_us_afternoon_fixed_6pct,session_single,,robust,trail08_gap03_buf5s,intraday,33,110.16744931413923,0.10167449314139243,0.696969696969697,1.900315549132664,0.05220629631558633,6.5036794865211,2026-05-04T17:10:00+00:00,2026-06-01T17:35:01+00:00,0,8,12,13,-0.022217160367722144,0.0,0.08919555705149781,0.14321777179400874,5942,-0.022217160367722144,0.0,0.23845364351693465,0.37547040711597673,5846,-0.03231060229885052,0.008275862068965578,0.6320717908700741,1.0,5126,0.8753835872761294
session_breakout_london_fixed_4pct__tp08_sl04_buf5s,session_breakout_london_fixed_4pct,session_single,,robust,tp08_sl04_buf5s,intraday,52,103.19459379158695,0.03194593791586953,0.5576923076923077,1.1827238100495745,0.034222222222222196,3.9178199034847627,2026-05-04T09:25:02+00:00,2026-06-02T08:30:01+00:00,27,23,0,2,-0.034222222222222265,0.0,0.15483002356109055,0.282059912487378,5942,-0.034222222222222265,0.0,0.3463906944919603,0.6414642490591858,5846,-0.02302805826472598,0.0026047402266320407,0.5136558720249708,1.0,5126,0.8746091572154122
session_breakout_london_fixed_12pct__tp05_sl03_buf5s,session_breakout_london_fixed_12pct,session_single,,robust,tp05_sl03_buf5s,intraday,52,119.00245352398572,0.1900245352398573,0.6346153846153846,1.5108586044779964,0.0888422595008684,12.368192711997146,2026-05-04T09:25:02+00:00,2026-06-02T08:30:01+00:00,31,19,0,2,-0.04474716106832699,0.0,0.17317401548300235,0.282059912487378,5942,-0.04474716106832699,0.0,0.3814574067738625,0.6414642490591858,5846,-0.06755560830730722,0.008566514796964686,0.6400702301989856,1.0,5126,0.8650670179860236
session_breakout_london_fixed_6pct__trail08_gap03_buf5s,session_breakout_london_fixed_6pct,session_single,,robust,trail08_gap03_buf5s,intraday,51,118.22694301623446,0.18226943016234465,0.49019607843137253,1.5601596883206577,0.0612444566220353,6.29052621878432,2026-05-04T09:25:02+00:00,2026-06-02T08:30:01+00:00,0,24,13,14,-0.05133333333333334,0.0,0.138337260181757,0.282059912487378,5942,-0.05133333333333334,0.0,0.3094423537461512,0.6414642490591858,5846,-0.05290413862455434,0.010982333813829293,0.721225126804526,1.0,5126,0.8646809485622637
session_breakout_london_fixed_4pct__tp12_sl06_buf5s,session_breakout_london_fixed_4pct,session_single,,robust,tp12_sl06_buf5s,intraday,52,104.10859851241932,0.04108598512419315,0.5,1.1839583301508105,0.045975259033011515,3.941986728695945,2026-05-04T09:25:02+00:00,2026-06-02T08:30:01+00:00,22,26,0,4,-0.039595257904761816,0.0,0.14776169639851902,0.282059912487378,5942,-0.039595257904761816,0.0,0.34519329456038317,0.6414642490591858,5846,-0.029143047083038165,0.00014697835096577627,0.5148263753413967,1.0,5126,0.8639385954863099
session_breakout_us_afternoon_fixed_4pct__tp08_sl04_buf5s,session_breakout_us_afternoon_fixed_4pct,session_single,,robust,tp08_sl04_buf5s,intraday,34,103.41203476125021,0.034120347612502044,0.7058823529411765,1.4515408751640917,0.035866861587096906,4.174384165362966,2026-05-04T17:10:00+00:00,2026-06-01T17:35:01+00:00,24,10,0,0,-0.022732894790602698,0.0,0.1011443958263211,0.14321777179400874,5942,-0.022732894790602698,0.0,0.26702018474170375,0.37547040711597673,5846,-0.022453510429970125,0.0056382853279242084,0.629730784237222,1.0,5126,0.8636468476725092
session_breakout_us_afternoon_fixed_4pct__tp06_sl03_buf3s,session_breakout_us_afternoon_fixed_4pct,session_single,,robust,tp06_sl03_buf3s,intraday,33,101.89440936033807,0.018944093603380674,0.7575757575757576,1.2926851470037686,0.039482995006785586,4.132989040739417,2026-05-04T17:10:00+00:00,2026-06-01T16:50:00+00:00,25,8,0,0,-0.015049759229534554,0.0,0.09323460114439583,0.14187142376304274,5942,-0.015049759229534554,0.0,0.24255901471091346,0.37410195005131713,5846,-0.028716966198382265,0.0034567901234567877,0.5827155676941085,1.0,5126,0.8629988162065148
session_breakout_us_afternoon_fixed_8pct__trail08_gap03_buf5s,session_breakout_us_afternoon_fixed_8pct,session_single,,robust,trail08_gap03_buf5s,intraday,33,112.5248430650413,0.1252484306504129,0.696969696969697,1.7905549827473695,0.06924822221815251,8.743717161639863,2026-05-04T17:10:00+00:00,2026-06-01T17:35:01+00:00,0,8,12,13,-0.032249233912155284,0.0,0.08919555705149781,0.14321777179400874,5942,-0.032249233912155284,0.0,0.23845364351693465,0.37547040711597673,5846,-0.04304313052362707,0.011034482758620623,0.5967616074912212,1.0,5126,0.8598090655668843
session_breakout_us_afternoon_fixed_4pct__tp05_sl03_buf5s,session_breakout_us_afternoon_fixed_4pct,session_single,,robust,tp05_sl03_buf5s,intraday,34,101.66886861627668,0.016688686162766864,0.7647058823529411,1.2423169198936006,0.038514366772670075,4.128356999594758,2026-05-04T17:10:00+00:00,2026-06-01T17:35:01+00:00,26,8,0,0,-0.01961348314606748,0.0,0.09895658027600135,0.14321777179400874,5942,-0.01961348314606748,0.0,0.2647964420116319,0.37547040711597673,5846,-0.025137848616432534,0.0034567901234567877,0.6199765899336714,1.0,5126,0.8588395005155228
session_breakout_us_afternoon_fixed_4pct__tp04_sl02_buf3s,session_breakout_us_afternoon_fixed_4pct,session_single,,robust,tp04_sl02_buf3s,intraday,33,100.1351006610555,0.0013510066105550944,0.6363636363636364,1.0236267693701147,0.02744576627422098,4.066074332892496,2026-05-04T17:10:00+00:00,2026-06-01T16:50:00+00:00,21,12,0,0,-0.015049759229534554,0.0,0.08566139347021205,0.14187142376304274,5942,-0.015049759229534554,0.0,0.21843995894628807,0.37410195005131713,5846,-0.016461028863345994,0.0006833280595430757,0.5827155676941085,1.0,5126,0.8550288310994004
session_breakout_us_afternoon_fixed_6pct__tp08_sl04_buf5s,session_breakout_us_afternoon_fixed_6pct,session_single,,robust,tp08_sl04_buf5s,intraday,34,105.54292092614571,0.055429209261457224,0.7058823529411765,1.4834373903497788,0.05350286772965516,6.3563142086199385,2026-05-04T17:10:00+00:00,2026-06-01T17:35:01+00:00,24,10,0,0,-0.03199498876404494,0.0,0.1011443958263211,0.14321777179400874,5942,-0.03199498876404494,0.0,0.26702018474170375,0.37547040711597673,5846,-0.033634390804597736,0.00845555633413242,0.629730784237222,1.0,5126,0.8549822430977203
session_breakout_us_afternoon_fixed_6pct__tp06_sl03_buf3s,session_breakout_us_afternoon_fixed_6pct,session_single,,robust,tp06_sl03_buf3s,intraday,33,102.6921494926223,0.02692149492622309,0.7575757575757576,1.2718609764309141,0.05881412412463643,6.238962054260599,2026-05-04T17:10:00+00:00,2026-06-01T16:50:00+00:00,25,8,0,0,-0.022537720706260034,0.0,0.09323460114439583,0.14187142376304274,5942,-0.022537720706260034,0.0,0.24255901471091346,0.37410195005131713,5846,-0.04290091034482746,0.005185185185185182,0.5827155676941085,1.0,5126,0.846764806965288
session_breakout_us_afternoon_fixed_6pct__tp05_sl03_buf5s,session_breakout_us_afternoon_fixed_6pct,session_single,,robust,tp05_sl03_buf5s,intraday,34,102.55778836358803,0.025577883635880205,0.7647058823529411,1.2475889379536875,0.057392581971862144,6.235926578963862,2026-05-04T17:10:00+00:00,2026-06-01T17:35:01+00:00,26,8,0,0,-0.02735280898876402,0.0,0.09895658027600135,0.14321777179400874,5942,-0.02735280898876402,0.0,0.2647964420116319,0.37547040711597673,5846,-0.037605756321838935,0.005185185185185182,0.6199765899336714,1.0,5126,0.8453774773742697
session_breakout_london_fixed_6pct__tp08_sl04_buf5s,session_breakout_london_fixed_6pct,session_single,,robust,tp08_sl04_buf5s,intraday,52,104.17021246833934,0.041702124683393516,0.5576923076923077,1.1584170456997245,0.051333333333333266,5.850868225158041,2026-05-04T09:25:02+00:00,2026-06-02T08:30:01+00:00,27,23,0,2,-0.05133333333333334,0.0,0.15651295859979805,0.282059912487378,5942,-0.05133333333333334,0.0,0.3645227505987,0.6414642490591858,5846,-0.03684671699352038,0.003844614790182499,0.5115099492781896,1.0,5126,0.844915797914996
timeseries_momentum_down__tp12_sl06_buf5s,timeseries_momentum_down,time_series,,full_refresh,tp12_sl06_buf5s,intraday,33,97.55580722775004,-0.024441927722499646,0.42424242424242425,0.79475983556531,0.04001922689343189,3.896472762860828,2026-05-03T18:20:01+00:00,2026-05-31T15:40:02+00:00,14,19,0,0,-0.014043076923076825,0.0,0.1008078088185796,0.2196230225513295,5942,-0.014043076923076825,0.0,0.21912418747861787,0.4921313718782073,5846,-0.023158522359501776,-0.002006738911311756,0.388802184939524,1.0,5126,0.8430041623706418
session_breakout_us_afternoon_fixed_6pct__tp04_sl02_buf3s,session_breakout_us_afternoon_fixed_6pct,session_single,,robust,tp04_sl02_buf3s,intraday,33,100.0606125818633,0.0006061258186329521,0.6363636363636364,1.0070020609373482,0.041066452276785764,6.090806106886069,2026-05-04T17:10:00+00:00,2026-06-01T16:50:00+00:00,21,12,0,0,-0.022537720706260034,0.0,0.08566139347021205,0.14187142376304274,5942,-0.022537720706260034,0.0,0.21843995894628807,0.37410195005131713,5846,-0.02465804137931027,0.0009379141919154677,0.5827155676941085,1.0,5126,0.8412578760453658
session_breakout_us_afternoon_fixed_4pct__tp12_sl06_buf5s,session_breakout_us_afternoon_fixed_4pct,session_single,,robust,tp12_sl06_buf5s,intraday,34,100.65876458842469,0.006587645884246873,0.6470588235294118,1.05404153472768,0.0487508362431521,4.091486677829965,2026-05-04T17:10:00+00:00,2026-06-01T17:35:01+00:00,15,12,0,7,-0.027346506024096495,0.0,0.08566139347021205,0.14321777179400874,5942,-0.027346506024096495,0.0,0.21843995894628807,0.37547040711597673,5846,-0.027346506024096495,-0.0012068163069268723,0.4982442450253609,1.0,5126,0.8406934738610762
session_breakout_us_afternoon_fixed_10pct__trail08_gap03_buf5s,session_breakout_us_afternoon_fixed_10pct,session_single,,robust,trail08_gap03_buf5s,intraday,33,111.75018757937953,0.11750187579379534,0.696969696969697,1.5117184063583775,0.08611027523427052,10.81120548820493,2026-05-04T17:10:00+00:00,2026-06-01T17:35:01+00:00,0,8,12,13,-0.04024514811031665,0.0,0.08919555705149781,0.14321777179400874,5942,-0.04024514811031665,0.0,0.23845364351693465,0.37547040711597673,5846,-0.053755555555555556,0.007921706822279218,0.5967616074912212,1.0,5126,0.8387971130713713
session_breakout_us_afternoon_fixed_8pct__tp06_sl03_buf3s,session_breakout_us_afternoon_fixed_8pct,session_single,,robust,tp06_sl03_buf3s,intraday,33,103.78146550591711,0.03781465505917114,0.7575757575757576,1.2798863988847655,0.07787458420659911,8.342725843180208,2026-05-04T17:10:00+00:00,2026-06-01T16:50:00+00:00,25,8,0,0,-0.03000107009095765,0.0,0.09323460114439583,0.14187142376304274,5942,-0.03000107009095765,0.0,0.24255901471091346,0.37410195005131713,5846,-0.056968833035334066,0.006913580246913575,0.5827155676941085,1.0,5126,0.8335025012410737
session_breakout_us_open_fixed_4pct__tp05_sl03_buf5s,session_breakout_us_open_fixed_4pct,session_single,,robust,tp05_sl03_buf5s,intraday,21,99.19671072095683,-0.008032892790431734,0.6190476190476191,0.8636020435621117,0.034373885230434074,3.945374854578559,2026-05-04T13:55:01+00:00,2026-06-01T14:35:02+00:00,13,8,0,0,-0.018823529411764683,0.0,0.052675866711544936,0.10164927633793336,5942,-0.018823529411764683,0.0,0.13564830653438248,0.28395484091686624,5846,-0.02399424525720728,0.0,0.4500585251658213,0.9118220834959032,5126,0.831371672967503
session_breakout_london_fixed_8pct__trail08_gap03_buf5s,session_breakout_london_fixed_8pct,session_single,,robust,trail08_gap03_buf5s,intraday,51,123.968793221326,0.2396879322132599,0.49019607843137253,1.5393783748439345,0.08699433819508372,8.468567036842138,2026-05-04T09:25:02+00:00,2026-06-02T08:30:01+00:00,0,24,13,14,-0.06844444444444442,0.0,0.13749579266240322,0.282059912487378,5942,-0.06844444444444442,0.0,0.308587068080739,0.6414642490591858,5846,-0.07011175741438558,0.01633167197815566,0.6753804135778385,1.0,5126,0.8296372245770803
session_breakout_us_afternoon_fixed_8pct__tp08_sl04_buf5s,session_breakout_us_afternoon_fixed_8pct,session_single,,robust,tp08_sl04_buf5s,intraday,34,106.54036931585615,0.06540369315856154,0.7058823529411765,1.4107093440064216,0.07094126774390395,8.49439212620612,2026-05-04T17:10:00+00:00,2026-06-01T17:35:01+00:00,24,10,0,0,-0.04515257745999324,0.0,0.1011443958263211,0.14321777179400874,5942,-0.04515257745999324,0.0,0.26702018474170375,0.37547040711597673,5846,-0.044783843337590445,0.01127154416374676,0.6172454155286773,1.0,5126,0.8289590254706533
session_breakout_us_open_fixed_4pct__tp08_sl04_buf5s,session_breakout_us_open_fixed_4pct,session_single,,robust,tp08_sl04_buf5s,intraday,21,99.02175841909649,-0.009782415809035161,0.5714285714285714,0.8565607627503464,0.03750108188204266,3.946301793857147,2026-05-04T13:55:01+00:00,2026-06-01T14:35:02+00:00,12,9,0,0,-0.018823529411764683,0.0,0.05082463816896668,0.10164927633793336,5942,-0.018823529411764683,0.0,0.13376667807047554,0.28395484091686624,5846,-0.03076608656599933,0.0,0.46742099102614126,0.9118220834959032,5126,0.8287390690037041
session_milddrop_us_afternoon_fixed_4pct__tp08_sl04_buf5s,session_milddrop_us_afternoon_fixed_4pct,session_single,,robust,tp08_sl04_buf5s,intraday,38,97.47828992439806,-0.02521710075601946,0.3684210526315789,0.8208595280336931,0.04498033832336416,3.954261635361891,2026-05-04T16:00:00+00:00,2026-06-01T17:15:01+00:00,13,24,0,1,-0.021087999999999996,0.0,0.05738808481992595,0.17250084146751934,5942,-0.021087999999999996,0.0,0.15685939103660623,0.43807731782415327,5846,-0.03036156709513471,-0.009928060187829435,0.2649239172844323,1.0,5126,0.8281185320960782
session_breakout_london_fixed_6pct__tp12_sl06_buf5s,session_breakout_london_fixed_6pct,session_single,,robust,tp12_sl06_buf5s,intraday,52,105.40936160976689,0.05409361609766883,0.5,1.1609379814206584,0.07031775135245057,5.898580331157643,2026-05-04T09:25:02+00:00,2026-06-02T08:30:01+00:00,22,26,0,4,-0.06067688685714279,0.0,0.14776169639851902,0.282059912487378,5942,-0.06067688685714279,0.0,0.34519329456038317,0.6414642490591858,5846,-0.04693959140536719,0.00013365086273919857,0.5146312914553258,1.0,5126,0.8264619849543666
timeseries_momentum_down__trail08_gap03_buf5s,timeseries_momentum_down,time_series,,full_refresh,trail08_gap03_buf5s,intraday,33,96.47385507907063,-0.03526144920929364,0.42424242424242425,0.6686315370724907,0.03526144920929369,3.9263511075259503,2026-05-03T18:20:01+00:00,2026-05-31T15:40:02+00:00,0,19,13,1,-0.014043076923076825,0.0,0.08027600134634803,0.2196230225513295,5942,-0.014043076923076825,0.0,0.19261033185083817,0.4921313718782073,5846,-0.022833197470385813,-0.002650575838651581,0.47054233320327743,1.0,5126,0.8264047046244319
session_breakout_us_afternoon_fixed_8pct__tp05_sl03_buf5s,session_breakout_us_afternoon_fixed_8pct,session_single,,robust,tp05_sl03_buf5s,intraday,34,103.08044664149625,0.030804466414962484,0.7647058823529411,1.2195820214507829,0.07602040432115804,8.318389945747453,2026-05-04T17:10:00+00:00,2026-06-01T17:35:01+00:00,26,8,0,0,-0.036392509363295855,0.0,0.09895658027600135,0.14321777179400874,5942,-0.036392509363295855,0.0,0.2647964420116319,0.37547040711597673,5846,-0.05000598177948057,0.006913580246913575,0.6199765899336714,1.0,5126,0.82572803299347
session_breakout_us_open_fixed_4pct__tp04_sl02_buf3s,session_breakout_us_open_fixed_4pct,session_single,,robust,tp04_sl02_buf3s,intraday,21,98.82646754836523,-0.011735324516347734,0.6190476190476191,0.789843635686561,0.035436502064199106,3.930842620426495,2026-05-04T13:55:01+00:00,2026-06-01T14:35:02+00:00,13,8,0,0,-0.019294117647058795,0.0,0.05957590037024571,0.10164927633793336,5942,-0.019294117647058795,0.0,0.15908313376667807,0.28395484091686624,5846,-0.019294117647058795,-0.0020000000000000018,0.32891143191572375,0.9118220834959032,5126,0.8227689311490435
session_breakout_us_open_fixed_4pct__tp06_sl03_buf3s,session_breakout_us_open_fixed_4pct,session_single,,robust,tp06_sl03_buf3s,intraday,21,98.6743290668538,-0.013256709331461947,0.6190476190476191,0.7842503827053149,0.03803414254420906,3.93173871806106,2026-05-04T13:55:01+00:00,2026-06-01T14:35:02+00:00,13,8,0,0,-0.019294117647058795,0.0,0.052675866711544936,0.10164927633793336,5942,-0.019294117647058795,0.0,0.13564830653438248,0.28395484091686624,5846,-0.021410852576575157,-0.0024334465638881086,0.34880998829496684,0.9118220834959032,5126,0.8205605834956275
session_breakout_us_afternoon_fixed_12pct__trail08_gap03_buf5s,session_breakout_us_afternoon_fixed_12pct,session_single,,robust,trail08_gap03_buf5s,intraday,33,113.4110746787576,0.13411074678757595,0.696969696969697,1.4748733867729542,0.10279261197528547,13.11387837222623,2026-05-04T17:10:00+00:00,2026-06-01T17:35:01+00:00,0,8,12,13,-0.0482145045965271,0.0,0.08919555705149781,0.14321777179400874,5942,-0.0482145045965271,0.0,0.23845364351693465,0.37547040711597673,5846,-0.06444711724137953,0.004444444444444473,0.5957861880608661,1.0,5126,0.8191503417726351
session_breakout_us_afternoon_fixed_10pct__tp06_sl03_buf3s,session_breakout_us_afternoon_fixed_10pct,session_single,,robust,tp06_sl03_buf3s,intraday,33,104.3134886093666,0.043134886093666,0.7575757575757576,1.2507376652353737,0.09666655064703261,10.427352971429798,2026-05-04T17:10:00+00:00,2026-06-01T16:50:00+00:00,25,8,0,0,-0.03743980738362751,0.0,0.09323460114439583,0.14187142376304274,5942,-0.03743980738362751,0.0,0.24255901471091346,0.37410195005131713,5846,-0.07092098765432109,0.00864197530864197,0.5827155676941085,1.0,5126,0.8183850765647076
session_breakout_london_fixed_8pct__tp08_sl04_buf5s,session_breakout_london_fixed_8pct,session_single,,robust,tp08_sl04_buf5s,intraday,52,105.12441566728876,0.05124415667288762,0.5576923076923077,1.1478601165474043,0.06844444444444438,7.689157600780025,2026-05-04T09:25:02+00:00,2026-06-02T08:30:01+00:00,27,23,0,2,-0.06844444444444442,0.0,0.1590373611578593,0.282059912487378,5942,-0.06844444444444442,0.0,0.3670886075949367,0.6414642490591858,5846,-0.051253375835953574,0.006418469367985402,0.5134607881388997,1.0,5126,0.8129235880398672
session_breakout_us_afternoon_fixed_6pct__tp12_sl06_buf5s,session_breakout_us_afternoon_fixed_6pct,session_single,,robust,tp12_sl06_buf5s,intraday,34,100.97932604317748,0.009793260431774753,0.6470588235294118,1.0534031200942209,0.0725075324625796,6.157469133857364,2026-05-04T17:10:00+00:00,2026-06-01T17:35:01+00:00,15,12,0,7,-0.04088305220883537,0.0,0.08566139347021205,0.14321777179400874,5942,-0.04088305220883537,0.0,0.21843995894628807,0.37547040711597673,5846,-0.04088305220883537,0.00011895373724191138,0.5591104174795162,1.0,5126,0.8127406728529422
session_milddrop_us_afternoon_fixed_4pct__tp06_sl03_buf3s,session_milddrop_us_afternoon_fixed_4pct,session_single,,robust,tp06_sl03_buf3s,intraday,38,96.1970877824207,-0.03802912217579302,0.34210526315789475,0.7099096893402106,0.0529346221623336,3.9130987400358976,2026-05-04T16:00:00+00:00,2026-06-01T17:15:01+00:00,12,25,0,1,-0.017162989719366473,0.0,0.03635139683608213,0.17250084146751934,5942,-0.017162989719366473,0.0,0.06979131029763941,0.43807731782415327,5846,-0.03340121118395423,-0.007418562704225362,0.1703082325399922,1.0,5126,0.8100290220338336
session_breakout_us_open_fixed_6pct__tp05_sl03_buf5s,session_breakout_us_open_fixed_6pct,session_single,,robust,tp05_sl03_buf5s,intraday,21,98.52723659077016,-0.01472763409229838,0.6190476190476191,0.8340725895410387,0.05137688757127962,5.896707390277761,2026-05-04T13:55:01+00:00,2026-06-01T14:35:02+00:00,13,8,0,0,-0.028235294117647025,0.0,0.052675866711544936,0.10164927633793336,5942,-0.028235294117647025,0.0,0.13564830653438248,0.28395484091686624,5846,-0.03583863191958514,0.0,0.4500585251658213,0.9118220834959032,5126,0.8100011456065986
session_breakout_us_open_fixed_4pct__tp12_sl06_buf5s,session_breakout_us_open_fixed_4pct,session_single,,robust,tp12_sl06_buf5s,intraday,21,97.718163525399,-0.022818364746009956,0.47619047619047616,0.7249810764442801,0.044426324204856406,3.90731475291207,2026-05-04T13:55:01+00:00,2026-06-01T14:35:02+00:00,9,11,0,1,-0.018823529411764683,0.0,0.035341635812857625,0.10164927633793336,5942,-0.018823529411764683,0.0,0.08518645227505987,0.28395484091686624,5846,-0.03076608656599933,-0.0006448915599686078,0.2943815840811549,0.9118220834959032,5126,0.8088681406804903
session_breakout_us_open_fixed_6pct__tp08_sl04_buf5s,session_breakout_us_open_fixed_6pct,session_single,,robust,tp08_sl04_buf5s,intraday,21,98.2622385179842,-0.017377614820157983,0.5714285714285714,0.8309050060990015,0.056008843276264875,5.898759613430209,2026-05-04T13:55:01+00:00,2026-06-01T14:35:02+00:00,12,9,0,0,-0.028235294117647025,0.0,0.05082463816896668,0.10164927633793336,5942,-0.028235294117647025,0.0,0.13376667807047554,0.28395484091686624,5846,-0.045868682393614635,0.0,0.46742099102614126,0.9118220834959032,5126,0.8071084889448963
session_breakout_us_afternoon_fixed_10pct__tp05_sl03_buf5s,session_breakout_us_afternoon_fixed_10pct,session_single,,robust,tp05_sl03_buf5s,intraday,34,103.78917572732279,0.0378917572732278,0.7647058823529411,1.2160987948533144,0.09439952443849474,10.418512463094203,2026-05-04T17:10:00+00:00,2026-06-01T17:35:01+00:00,26,8,0,0,-0.0453932584269664,0.0,0.09895658027600135,0.14321777179400874,5942,-0.0453932584269664,0.0,0.2647964420116319,0.37547040711597673,5846,-0.06233827160493832,0.00864197530864197,0.6199765899336714,1.0,5126,0.8061194485813571
timeseries_momentum_down__tp08_sl04_buf5s,timeseries_momentum_down,time_series,,full_refresh,tp08_sl04_buf5s,intraday,33,96.20939179151048,-0.03790608208489521,0.3939393939393939,0.6259885076818609,0.0423037785790234,3.8845171522381166,2026-05-03T18:20:01+00:00,2026-05-31T15:40:02+00:00,13,20,0,0,-0.014043076923076825,0.0,0.0848199259508583,0.21911814203971727,5942,-0.014417512437810975,0.0,0.1840574751967157,0.49264454327745466,5846,-0.019607102153000433,-0.0028778296600775466,0.30647678501755754,1.0,5126,0.80557604918471
session_milddrop_us_afternoon_fixed_6pct__tp08_sl04_buf5s,session_milddrop_us_afternoon_fixed_6pct,session_single,,robust,tp08_sl04_buf5s,intraday,38,96.39996736878273,-0.03600032631217276,0.3684210526315789,0.8266488367518402,0.06688581612100687,5.901461869705255,2026-05-04T16:00:00+00:00,2026-06-01T17:15:01+00:00,13,24,0,1,-0.03154800000000002,0.0,0.05738808481992595,0.17250084146751934,5942,-0.03154800000000002,0.0,0.15685939103660623,0.43807731782415327,5846,-0.04535098795221082,-0.013175351284037906,0.2649239172844323,1.0,5126,0.8053954252109825
session_breakout_us_afternoon_fixed_4pct__settle,session_breakout_us_afternoon_fixed_4pct,session_single,,robust,settle,settle,33,104.5968196272284,0.04596819627228399,0.8787878787878788,1.290944859649425,0.11669540065460807,3.8809947885481173,2026-05-04T17:10:00+00:00,2026-06-01T17:35:01+00:00,0,0,0,33,-0.04055555555555557,0.0,0.11040053853921239,0.1427128912823965,5942,-0.04055555555555557,0.0,0.27642832706123843,0.3749572357167294,5846,-0.09478612901488226,0.01720253468559818,0.6810378462738977,1.0,5126,0.8053935158666514
session_breakout_us_afternoon_fixed_8pct__tp04_sl02_buf3s,session_breakout_us_afternoon_fixed_8pct,session_single,,robust,tp04_sl02_buf3s,intraday,33,97.90210088592481,-0.020978991140751857,0.6363636363636364,0.8520938303645592,0.07865635614778584,8.090592718864661,2026-05-04T17:10:00+00:00,2026-06-01T16:50:00+00:00,21,12,0,0,-0.03000107009095765,0.0,0.08566139347021205,0.14187142376304274,5942,-0.03000107009095765,0.0,0.21843995894628807,0.37410195005131713,5846,-0.056968833035334066,0.0006485481807507743,0.5827155676941085,1.0,5126,0.799508152900294
session_breakout_us_open_fixed_6pct__tp04_sl02_buf3s,session_breakout_us_open_fixed_6pct,session_single,,robust,tp04_sl02_buf3s,intraday,21,97.9759681026944,-0.020240318973056004,0.6190476190476191,0.7592066013111399,0.052950933512725035,5.863825015407958,2026-05-04T13:55:01+00:00,2026-06-01T14:35:02+00:00,13,8,0,0,-0.028941176470588248,0.0,0.05957590037024571,0.10164927633793336,5942,-0.028941176470588248,0.0,0.15908313376667807,0.28395484091686624,5846,-0.028941176470588248,-0.0030000000000000027,0.32891143191572375,0.9118220834959032,5126,0.7993569328292665
session_breakout_us_afternoon_fixed_12pct__tp06_sl03_buf3s,session_breakout_us_afternoon_fixed_12pct,session_single,,robust,tp06_sl03_buf3s,intraday,33,104.82344673589297,0.04823446735892967,0.7575757575757576,1.2293955354859079,0.11519219322309915,12.572211189907337,2026-05-04T17:10:00+00:00,2026-06-01T16:50:00+00:00,25,8,0,0,-0.04485393258426962,0.0,0.09323460114439583,0.14187142376304274,5942,-0.04485393258426962,0.0,0.24255901471091346,0.37410195005131713,5846,-0.08475762758620697,0.010370370370370363,0.5827155676941085,1.0,5126,0.7991323939359225
session_breakout_us_open_fixed_6pct__tp06_sl03_buf3s,session_breakout_us_open_fixed_6pct,session_single,,robust,tp06_sl03_buf3s,intraday,21,97.74735005820351,-0.022526499417964918,0.6190476190476191,0.7563672857187647,0.056795456621538835,5.86584689518037,2026-05-04T13:55:01+00:00,2026-06-01T14:35:02+00:00,13,8,0,0,-0.028941176470588248,0.0,0.052675866711544936,0.10164927633793336,5942,-0.028941176470588248,0.0,0.13564830653438248,0.28395484091686624,5846,-0.03199939100607141,-0.003660517376535055,0.34880998829496684,0.9118220834959032,5126,0.7971210906174818
session_breakout_london_fixed_8pct__tp12_sl06_buf5s,session_breakout_london_fixed_8pct,session_single,,robust,tp12_sl06_buf5s,intraday,52,107.01755347718199,0.07017553477181981,0.5,1.1583585113186077,0.08993237334782045,7.798921878749852,2026-05-04T09:25:02+00:00,2026-06-02T08:30:01+00:00,22,26,0,4,-0.0787884373333334,0.0,0.14994951194883877,0.282059912487378,5942,-0.0787884373333334,0.0,0.33544303797468356,0.6414642490591858,5846,-0.064585993492838,0.0015080171701837841,0.5078033554428404,1.0,5126,0.7964073777064956
session_breakout_us_afternoon_fixed_10pct__tp08_sl04_buf5s,session_breakout_us_afternoon_fixed_10pct,session_single,,robust,tp08_sl04_buf5s,intraday,34,104.68539366892828,0.04685393668928284,0.7058823529411765,1.2051083527743207,0.08818258753532655,10.4346106995532,2026-05-04T17:10:00+00:00,2026-06-01T17:35:01+00:00,24,10,0,0,-0.05624106230847803,0.0,0.09660047122181084,0.14321777179400874,5942,-0.05624106230847803,0.0,0.24598015737256243,0.37547040711597673,5846,-0.05590123456790119,0.014059601487111384,0.6172454155286773,1.0,5126,0.7959689922480621
classic_early_drop_down__trail08_gap03_buf5s,classic_early_drop_down,classic_quant,,full_refresh,trail08_gap03_buf5s,intraday,122,97.07317892029769,-0.02926821079702302,0.4180327868852459,0.9299417840015459,0.14377193245523529,4.039918846337844,2026-05-04T06:05:01+00:00,2026-06-02T11:30:01+00:00,0,70,39,13,-0.03621552931773597,0.0,0.1287445304611242,0.3800067317401548,5942,-0.044542182106868555,0.0,0.25590147109134453,0.7032158741019501,5846,-0.07704069426258087,-0.004955682494186875,0.40694498634412796,1.0,5126,0.7897093977927979
session_breakout_us_open_fixed_8pct__tp05_sl03_buf5s,session_breakout_us_open_fixed_8pct,session_single,,robust,tp05_sl03_buf5s,intraday,21,97.72057133643717,-0.022794286635628214,0.6190476190476191,0.8080555107417053,0.0682545409793485,7.785039981653339,2026-05-04T13:55:01+00:00,2026-06-01T14:35:02+00:00,13,8,0,0,-0.03764705882352937,0.0,0.052675866711544936,0.10164927633793336,5942,-0.03764705882352937,0.0,0.13564830653438248,0.28395484091686624,5846,-0.04758189531068313,0.0,0.4500585251658213,0.9118220834959032,5126,0.7871909726200023
session_breakout_london_fixed_10pct__tp08_sl04_buf5s,session_breakout_london_fixed_10pct,session_single,,robust,tp08_sl04_buf5s,intraday,52,105.11454932444859,0.05114549324448592,0.5576923076923077,1.116243518832687,0.08555555555555557,9.511664399106598,2026-05-04T09:25:02+00:00,2026-06-02T08:30:01+00:00,27,23,0,2,-0.0855555555555556,0.0,0.1576910131268933,0.282059912487378,5942,-0.0855555555555556,0.0,0.3657201505302771,0.6414642490591858,5846,-0.07442259617186298,0.00900522026075734,0.5078033554428404,1.0,5126,0.7867468591285752
session_breakout_london_fixed_10pct__trail08_gap03_buf5s,session_breakout_london_fixed_10pct,session_single,,robust,trail08_gap03_buf5s,intraday,50,124.83614321531587,0.24836143215315865,0.48,1.42767336082012,0.1298040418340249,10.535396239922175,2026-05-04T09:25:02+00:00,2026-06-02T08:30:01+00:00,0,24,12,14,-0.0855555555555556,0.0,0.13749579266240322,0.28189161898350723,5942,-0.0855555555555556,0.0,0.308587068080739,0.6412931919261033,5846,-0.09839742533215157,0.021734834565677597,0.5879828326180258,1.0,5126,0.7862057509451253
session_milddrop_us_afternoon_fixed_4pct__tp05_sl03_buf5s,session_milddrop_us_afternoon_fixed_4pct,session_single,,robust,tp05_sl03_buf5s,intraday,38,95.14934990534518,-0.04850650094654829,0.34210526315789475,0.6387644287260036,0.05345192306519034,3.9133090575991067,2026-05-04T16:00:00+00:00,2026-06-01T17:15:01+00:00,12,25,0,1,-0.021087999999999996,0.0,0.03197576573544261,0.17250084146751934,5942,-0.021087999999999996,0.0,0.08176530961341089,0.43807731782415327,5846,-0.04019015986874064,-0.009489737715179913,0.19742489270386265,1.0,5126,0.7847951273532668
session_breakout_us_afternoon_fixed_12pct__tp05_sl03_buf5s,session_breakout_us_afternoon_fixed_12pct,session_single,,robust,tp05_sl03_buf5s,intraday,34,104.18813143613367,0.0418813143613368,0.7647058823529411,1.195488324846338,0.1125316338263,12.55905993422225,2026-05-04T17:10:00+00:00,2026-06-01T17:35:01+00:00,26,8,0,0,-0.05435505617977521,0.0,0.09895658027600135,0.14321777179400874,5942,-0.05435505617977521,0.0,0.2647964420116319,0.37547040711597673,5846,-0.0746023724137932,0.010370370370370363,0.6199765899336714,1.0,5126,0.7833172948409517
session_breakout_us_open_fixed_6pct__tp12_sl06_buf5s,session_breakout_us_open_fixed_6pct,session_single,,robust,tp12_sl06_buf5s,intraday,21,96.32055891944489,-0.036794410805551125,0.47619047619047616,0.7042081046025811,0.06609579726473958,5.810668732038729,2026-05-04T13:55:01+00:00,2026-06-01T14:35:02+00:00,9,11,0,1,-0.028235294117647025,0.0,0.035341635812857625,0.10164927633793336,5942,-0.028235294117647025,0.0,0.08518645227505987,0.28395484091686624,5846,-0.045868682393614635,-0.0009845832244577135,0.2943815840811549,0.9118220834959032,5126,0.7810803070225684
session_breakout_us_afternoon_fixed_10pct__tp04_sl02_buf3s,session_breakout_us_afternoon_fixed_10pct,session_single,,robust,tp04_sl02_buf3s,intraday,33,97.45258368530037,-0.025474163146996354,0.6363636363636364,0.857111709632777,0.09666655064703254,10.038938287000695,2026-05-04T17:10:00+00:00,2026-06-01T16:50:00+00:00,21,12,0,0,-0.03743980738362751,0.0,0.08566139347021205,0.14187142376304274,5942,-0.03743980738362751,0.0,0.21843995894628807,0.37410195005131713,5846,-0.07092098765432109,0.0026708817204628144,0.5827155676941085,1.0,5126,0.7808599686867529
session_breakout_us_open_fixed_8pct__tp08_sl04_buf5s,session_breakout_us_open_fixed_8pct,session_single,,robust,tp08_sl04_buf5s,intraday,21,97.28503174213557,-0.027149682578644252,0.5714285714285714,0.8023498104029471,0.0743515704019477,7.783553600629133,2026-05-04T13:55:01+00:00,2026-06-01T14:35:02+00:00,12,9,0,0,-0.03764705882352937,0.0,0.05082463816896668,0.10164927633793336,5942,-0.03764705882352937,0.0,0.13376667807047554,0.28395484091686624,5846,-0.06078654971170827,0.0,0.46742099102614126,0.9118220834959032,5126,0.780617481956696
session_milddrop_us_afternoon_fixed_6pct__tp06_sl03_buf3s,session_milddrop_us_afternoon_fixed_6pct,session_single,,robust,tp06_sl03_buf3s,intraday,38,94.25623403669199,-0.05743765963308012,0.34210526315789475,0.7049922842151823,0.0785757206848786,5.803238553667659,2026-05-04T16:00:00+00:00,2026-06-01T17:15:01+00:00,12,25,0,1,-0.025696471242011576,0.0,0.03635139683608213,0.17250084146751934,5942,-0.025696471242011576,0.0,0.06979131029763941,0.43807731782415327,5846,-0.04979445310379549,-0.011157463169876536,0.1703082325399922,1.0,5126,0.7788169702524154
timeseries_momentum_down__tp05_sl03_buf5s,timeseries_momentum_down,time_series,,full_refresh,tp05_sl03_buf5s,intraday,33,95.82024774018099,-0.04179752259819014,0.3939393939393939,0.5396579042684994,0.0446520722216269,3.887121204407289,2026-05-03T18:20:01+00:00,2026-05-31T15:40:02+00:00,13,20,0,0,-0.014043076923076825,0.0,0.08128576236957254,0.2196230225513295,5942,-0.014043076923076825,0.0,0.20629490249743415,0.4921313718782073,5846,-0.019607102153000433,-0.006038916456475585,0.26941084666406556,1.0,5126,0.7787982586779699
session_breakout_us_afternoon_fixed_8pct__tp12_sl06_buf5s,session_breakout_us_afternoon_fixed_8pct,session_single,,robust,tp12_sl06_buf5s,intraday,34,100.87421722888381,0.008742172288838113,0.6470588235294118,1.0353179468492313,0.0958561952988012,8.186795739484271,2026-05-04T17:10:00+00:00,2026-06-01T17:35:01+00:00,15,12,0,7,-0.05432846050870144,0.0,0.08566139347021205,0.14321777179400874,5942,-0.05432846050870144,0.0,0.21843995894628807,0.37547040711597673,5846,-0.05432846050870144,1.45755613023546e-06,0.5589153335934451,1.0,5126,0.7782498949860618
session_breakout_us_open_fixed_8pct__tp04_sl02_buf3s,session_breakout_us_open_fixed_8pct,session_single,,robust,tp04_sl02_buf3s,intraday,21,97.23437886032276,-0.027656211396772323,0.6190476190476191,0.7540656181339606,0.06839646736373997,7.730877076040682,2026-05-04T13:55:01+00:00,2026-06-01T14:35:02+00:00,13,8,0,0,-0.0385882352941177,0.0,0.05957590037024571,0.10164927633793336,5942,-0.0385882352941177,0.0,0.15908313376667807,0.28395484091686624,5846,-0.0385882352941177,-0.0029890025965911837,0.3778774873195474,0.9118220834959032,5126,0.7771485851758506
session_milddrop_us_afternoon_fixed_4pct__tp04_sl02_buf3s,session_milddrop_us_afternoon_fixed_4pct,session_single,,robust,tp04_sl02_buf3s,intraday,38,94.95246125774209,-0.05047538742257918,0.34210526315789475,0.6080751649409356,0.05819274422970041,3.8851254000972872,2026-05-04T16:00:00+00:00,2026-06-01T17:15:01+00:00,12,25,0,1,-0.017162989719366473,0.0,0.027768428138673848,0.17250084146751934,5942,-0.017162989719366473,0.0,0.06106739651043448,0.43807731782415327,5846,-0.03767111196282136,-0.009489737715179913,0.1703082325399922,1.0,5126,0.7749975178523695
session_milddrop_us_afternoon_fixed_8pct__tp08_sl04_buf5s,session_milddrop_us_afternoon_fixed_8pct,session_single,,robust,tp08_sl04_buf5s,intraday,38,95.29832468964746,-0.04701675310352538,0.3684210526315789,0.8283385450653612,0.08840695361201265,7.788434862816457,2026-05-04T16:00:00+00:00,2026-06-01T17:15:01+00:00,13,24,0,1,-0.04195199999999999,0.0,0.05738808481992595,0.17250084146751934,5942,-0.04195199999999999,0.0,0.15685939103660623,0.43807731782415327,5846,-0.05982595106293476,-0.01721228700426991,0.2649239172844323,1.0,5126,0.7741337304769542
session_breakout_us_afternoon_fixed_12pct__tp08_sl04_buf5s,session_breakout_us_afternoon_fixed_12pct,session_single,,robust,tp08_sl04_buf5s,intraday,34,105.47481391945757,0.05474813919457566,0.7058823529411765,1.1957261329328466,0.10522736743803916,12.607135511439955,2026-05-04T17:10:00+00:00,2026-06-01T17:35:01+00:00,24,10,0,0,-0.06725021450459645,0.0,0.09643217771794009,0.14321777179400874,5942,-0.06725021450459645,0.0,0.24580910023948,0.37547040711597673,5846,-0.0669859310344828,0.016689523039202347,0.6172454155286773,1.0,5126,0.7735991140642303
session_breakout_us_open_fixed_8pct__tp06_sl03_buf3s,session_breakout_us_open_fixed_8pct,session_single,,robust,tp06_sl03_buf3s,intraday,21,96.88948683415492,-0.031105131658450746,0.6190476190476191,0.7483321063985554,0.07346359735135312,7.7319806284327575,2026-05-04T13:55:01+00:00,2026-06-01T14:35:02+00:00,13,8,0,0,-0.03858823529411759,0.0,0.052675866711544936,0.10164927633793336,5942,-0.03858823529411759,0.0,0.13564830653438248,0.28395484091686624,5846,-0.04251044640392421,-0.004894486542984078,0.34880998829496684,0.9118220834959032,5126,0.771546950777103
session_breakout_london_fixed_12pct__trail08_gap03_buf5s,session_breakout_london_fixed_12pct,session_single,,robust,trail08_gap03_buf5s,intraday,50,130.39090199637027,0.3039090199637027,0.48,1.4259905669247324,0.15517459733874905,12.742301466823033,2026-05-04T09:25:02+00:00,2026-06-02T08:30:01+00:00,0,24,11,15,-0.10266666666666668,0.0,0.13749579266240322,0.28189161898350723,5942,-0.10266666666666668,0.0,0.30995552514539854,0.6412931919261033,5846,-0.11725670086324791,0.025235436096272545,0.5833008193523215,1.0,5126,0.7681735212128156
session_milddrop_us_afternoon_fixed_4pct__tp12_sl06_buf5s,session_milddrop_us_afternoon_fixed_4pct,session_single,,robust,tp12_sl06_buf5s,intraday,40,94.37222107462519,-0.056277789253748156,0.35,0.7067304761522467,0.09232504910632969,3.803699950162492,2026-05-04T16:00:00+00:00,2026-06-01T17:15:01+00:00,13,26,0,1,-0.033049942572598634,0.0,0.057892965331538204,0.17283742847526085,5942,-0.033049942572598634,0.0,0.15737256243585357,0.43841943209031814,5846,-0.055242833456365714,-0.010435274698639363,0.35427233710495515,1.0,5126,0.7662798335051744
session_breakout_us_open_fixed_4pct__trail08_gap03_buf5s,session_breakout_us_open_fixed_4pct,session_single,,robust,trail08_gap03_buf5s,intraday,21,96.12761042808461,-0.03872389571915391,0.42857142857142855,0.5786576608526345,0.045476539080875476,3.847638131796783,2026-05-04T13:55:01+00:00,2026-06-01T14:35:02+00:00,0,10,7,4,-0.018823529411764683,0.0,0.030629417704476608,0.10164927633793336,5942,-0.018823529411764683,0.0,0.08039685254875129,0.28395484091686624,5846,-0.03076608656599933,-0.0006448915599686078,0.26902067889192355,0.9118220834959032,5126,0.7652621529766677
session_breakout_us_afternoon_fixed_6pct__settle,session_breakout_us_afternoon_fixed_6pct,session_single,,robust,settle,settle,33,106.4585228779395,0.0645852287793951,0.8787878787878788,1.276281170582436,0.17147398108527132,5.68471869496589,2026-05-04T17:10:00+00:00,2026-06-01T17:35:01+00:00,0,0,0,33,-0.060833333333333295,0.0,0.11040053853921239,0.1427128912823965,5942,-0.060833333333333295,0.0,0.27642832706123843,0.3749572357167294,5846,-0.14056101405466503,0.02516905223076149,0.6810378462738977,1.0,5126,0.7609218314430825
session_breakout_us_open_fixed_10pct__tp05_sl03_buf5s,session_breakout_us_open_fixed_10pct,session_single,,robust,tp05_sl03_buf5s,intraday,21,96.84872640134638,-0.031512735986536144,0.6190476190476191,0.7883183901833536,0.0850048686093742,9.649091255431594,2026-05-04T13:55:01+00:00,2026-06-01T14:35:02+00:00,13,8,0,0,-0.04705882352941171,0.0,0.052675866711544936,0.10164927633793336,5942,-0.04705882352941171,0.0,0.13564830653438248,0.28395484091686624,5846,-0.059224559527160214,-0.0011182480337875722,0.35349200156067107,0.9118220834959032,5126,0.7599419559323327
session_milddrop_us_afternoon_fixed_4pct__settle,session_milddrop_us_afternoon_fixed_4pct,session_single,,robust,settle,settle,42,114.85944808235271,0.1485944808235271,0.7142857142857143,1.3170301586301005,0.1738111949582799,3.849242914539008,2026-05-04T16:00:00+00:00,2026-06-01T17:15:01+00:00,0,0,0,42,-0.07947386541471047,0.0,0.0997980477953551,0.17485695052170985,5942,-0.07947386541471047,0.0,0.23280875812521382,0.44047211768730754,5846,-0.11690859488784555,0.01657142857142868,0.5620366757705814,1.0,5126,0.7586718600832474
portfolio_conservative_v2__tp06_sl03_buf3s,portfolio_conservative_v2,portfolio_mix,,qrf,tp06_sl03_buf3s,intraday,61,91.59044334528924,-0.08409556654710759,0.39344262295081966,0.6227823051999403,0.08955446553086639,4.102678122367396,2026-05-04T16:00:00+00:00,2026-06-02T03:35:01+00:00,23,37,0,1,-0.022424242424242458,0.0,0.0997980477953551,0.3246381689666779,5942,-0.03357686726419129,0.0,0.17721518987341772,0.6743072186110161,5846,-0.05759552678778934,-0.017101512944925568,0.17167381974248927,1.0,5126,0.7586554397219994
session_breakout_us_afternoon_fixed_12pct__tp04_sl02_buf3s,session_breakout_us_afternoon_fixed_12pct,session_single,,robust,tp04_sl02_buf3s,intraday,33,96.64740284310624,-0.03352597156893766,0.6363636363636364,0.8453097607574377,0.11609783519296872,12.006903830931057,2026-05-04T17:10:00+00:00,2026-06-01T16:50:00+00:00,21,12,0,0,-0.04485393258426962,0.0,0.08566139347021205,0.14187142376304274,5942,-0.04485393258426962,0.0,0.21843995894628807,0.37410195005131713,5846,-0.08475762758620697,0.001158709726610807,0.5827155676941085,1.0,5126,0.7560518577920342
session_milddrop_us_afternoon_fixed_6pct__tp05_sl03_buf5s,session_milddrop_us_afternoon_fixed_6pct,session_single,,robust,tp05_sl03_buf5s,intraday,38,92.9767981284479,-0.07023201871552098,0.34210526315789475,0.6432820954803057,0.07674200423394355,5.81018851323582,2026-05-04T16:00:00+00:00,2026-06-01T17:15:01+00:00,12,25,0,1,-0.03154800000000002,0.0,0.03197576573544261,0.17250084146751934,5942,-0.03154800000000002,0.0,0.08176530961341089,0.43807731782415327,5846,-0.059836691137542974,-0.014246174647887133,0.19742489270386265,1.0,5126,0.7558181540459005
session_breakout_us_open_fixed_6pct__trail08_gap03_buf5s,session_breakout_us_open_fixed_6pct,session_single,,robust,trail08_gap03_buf5s,intraday,21,95.10314710066528,-0.04896852899334714,0.42857142857142855,0.6197557949434744,0.06772404681391936,5.7405774362986,2026-05-04T13:55:01+00:00,2026-06-01T14:35:02+00:00,0,10,7,4,-0.028235294117647025,0.0,0.030629417704476608,0.10164927633793336,5942,-0.028235294117647025,0.0,0.08039685254875129,0.28395484091686624,5846,-0.045868682393614635,-0.0009845832244577135,0.27331252438548576,0.9118220834959032,5126,0.7520712567304387
session_breakout_us_open_fixed_10pct__tp08_sl04_buf5s,session_breakout_us_open_fixed_10pct,session_single,,robust,tp08_sl04_buf5s,intraday,21,96.2101815293023,-0.03789818470697692,0.5714285714285714,0.779616640013693,0.0925269839794638,9.639211196939597,2026-05-04T13:55:01+00:00,2026-06-01T14:35:02+00:00,12,9,0,0,-0.04705882352941171,0.0,0.04880511612251767,0.10164927633793336,5942,-0.04705882352941171,0.0,0.13171399247348614,0.28395484091686624,5846,-0.07552135351971723,0.0,0.46742099102614126,0.9118220834959032,5126,0.749550922213312
session_breakout_us_open_fixed_10pct__tp04_sl02_buf3s,session_breakout_us_open_fixed_10pct,session_single,,robust,tp04_sl02_buf3s,intraday,21,96.29181126782595,-0.03708188732174056,0.6190476190476191,0.736830623523106,0.08520306478426556,9.567816281152181,2026-05-04T13:55:01+00:00,2026-06-01T14:35:02+00:00,13,8,0,0,-0.04823529411764704,0.0,0.0575563783237967,0.10164927633793336,5942,-0.04823529411764704,0.0,0.15703044816968867,0.28395484091686624,5846,-0.04823529411764704,-0.003849153804603045,0.3778774873195474,0.9118220834959032,5126,0.7485202581433535
session_milddrop_us_afternoon_fixed_8pct__tp06_sl03_buf3s,session_milddrop_us_afternoon_fixed_8pct,session_single,,robust,tp06_sl03_buf3s,intraday,38,92.33172970110785,-0.07668270298892155,0.34210526315789475,0.7011909319634222,0.10331670338051625,7.620072881220641,2026-05-04T16:00:00+00:00,2026-06-01T17:15:01+00:00,12,25,0,1,-0.03419794387329822,0.0,0.03635139683608213,0.17250084146751934,5942,-0.03419794387329822,0.0,0.06979131029763941,0.43807731782415327,5846,-0.06598463947494371,-0.016049605623071672,0.1703082325399922,1.0,5126,0.7474433879405812
classic_breakout_up__tp06_sl03_buf3s,classic_breakout_up,classic_quant,prior_validation_selected,full_refresh,tp06_sl03_buf3s,intraday,98,91.97839762088024,-0.08021602379119752,0.5306122448979592,0.7767048957060784,0.15419341600580724,4.891554681237047,2026-05-04T09:25:02+00:00,2026-06-02T03:05:01+00:00,50,46,0,2,-0.03763890857547847,0.0,0.27128912823964996,0.5097610232245036,5942,-0.062370533320945554,0.0,0.45432774546698595,0.8966814916182004,5846,-0.06151669120433689,-0.0246247601970645,0.38392508778774875,1.0,5126,0.745998778019628
session_breakout_london_fixed_10pct__tp12_sl06_buf5s,session_breakout_london_fixed_10pct,session_single,,robust,tp12_sl06_buf5s,intraday,51,103.72707118518959,0.03727071185189579,0.49019607843137253,1.0663048513069107,0.13757420698357045,9.651759306315665,2026-05-04T09:25:02+00:00,2026-06-02T08:30:01+00:00,21,26,0,4,-0.09570954666666687,0.0,0.1420397172669135,0.28189161898350723,5942,-0.09570954666666687,0.0,0.31098186794389326,0.6412931919261033,5846,-0.12137561396998431,0.0015671588304300155,0.5021459227467812,1.0,5126,0.7454580517050445
session_breakout_us_open_fixed_8pct__tp12_sl06_buf5s,session_breakout_us_open_fixed_8pct,session_single,,robust,tp12_sl06_buf5s,intraday,21,94.64157528512004,-0.05358424714879961,0.47619047619047616,0.6759174224464433,0.08753089804911338,7.631261307483294,2026-05-04T13:55:01+00:00,2026-06-01T14:35:02+00:00,9,11,0,1,-0.03764705882352937,0.0,0.035341635812857625,0.10164927633793336,5942,-0.03764705882352937,0.0,0.08518645227505987,0.28395484091686624,5846,-0.06078654971170827,-0.0013357721452835758,0.2943815840811549,0.9118220834959032,5126,0.7440126780463588
session_breakout_us_afternoon_fixed_10pct__tp12_sl06_buf5s,session_breakout_us_afternoon_fixed_10pct,session_single,,robust,tp12_sl06_buf5s,intraday,34,100.0285179262467,0.00028517926246696135,0.6470588235294118,1.0009039738841645,0.11880019047548226,10.152036472454265,2026-05-04T17:10:00+00:00,2026-06-01T17:35:01+00:00,15,12,0,7,-0.0676827309236947,0.0,0.08566139347021205,0.14321777179400874,5942,-0.0676827309236947,0.0,0.21843995894628807,0.37547040711597673,5846,-0.0676827309236947,-0.0036309088819971302,0.4880998829496684,1.0,5126,0.7428643983656013
session_milddrop_us_afternoon_fixed_6pct__tp04_sl02_buf3s,session_milddrop_us_afternoon_fixed_6pct,session_single,,robust,tp04_sl02_buf3s,intraday,38,92.43692114223384,-0.07563078857766159,0.34210526315789475,0.603189078014489,0.08622520477217151,5.7412906532651595,2026-05-04T16:00:00+00:00,2026-06-01T17:15:01+00:00,12,25,0,1,-0.025696471242011576,0.0,0.027768428138673848,0.17250084146751934,5942,-0.025696471242011576,0.0,0.06106739651043448,0.43807731782415327,5846,-0.05607161608907174,-0.014246174647887355,0.1703082325399922,1.0,5126,0.7423351281170045
session_breakout_london_fixed_12pct__tp08_sl04_buf5s,session_breakout_london_fixed_12pct,session_single,,robust,tp08_sl04_buf5s,intraday,52,100.39825422355027,0.003982542235502651,0.5576923076923077,1.0071855562294254,0.11984256476291895,11.01966091186917,2026-05-04T09:25:02+00:00,2026-06-02T08:30:01+00:00,27,23,0,2,-0.10266666666666668,0.0,0.15112756647593403,0.282059912487378,5942,-0.10266666666666668,0.0,0.34262743756414643,0.6414642490591858,5846,-0.11165949432839606,-0.0023608325002791863,0.48224736636753807,1.0,5126,0.7412933898499255
session_breakout_us_open_fixed_10pct__tp06_sl03_buf3s,session_breakout_us_open_fixed_10pct,session_single,,robust,tp06_sl03_buf3s,intraday,21,95.81483510760101,-0.04185164892398985,0.6190476190476191,0.7295001476270512,0.09145305827712627,9.565833539804743,2026-05-04T13:55:01+00:00,2026-06-01T14:35:02+00:00,13,8,0,0,-0.04823529411764704,0.0,0.052675866711544936,0.10164927633793336,5942,-0.04823529411764704,0.0,0.13564830653438248,0.28395484091686624,5846,-0.05294434964416406,-0.0061353540632348436,0.34880998829496684,0.9118220834959032,5126,0.740797342192691
timeseries_momentum_down__tp04_sl02_buf3s,timeseries_momentum_down,time_series,,full_refresh,tp04_sl02_buf3s,intraday,33,95.42049147800206,-0.045795085219979326,0.24242424242424243,0.42523414400475257,0.04863772583551253,3.86635452612924,2026-05-03T18:20:01+00:00,2026-05-31T15:40:02+00:00,8,25,0,0,-0.009315068493150669,0.0,0.049814877145742176,0.2196230225513295,5942,-0.011565601965601968,0.0,0.12487170715018817,0.4921313718782073,5846,-0.028964060335658015,-0.005180888900070957,0.15509168942645338,1.0,5126,0.7402886928628708
timeseries_momentum_down__tp06_sl03_buf3s,timeseries_momentum_down,time_series,,full_refresh,tp06_sl03_buf3s,intraday,32,94.76997425575266,-0.05230025744247346,0.3125,0.4540971183313701,0.055123518712454855,3.8542497531633106,2026-05-03T18:20:01+00:00,2026-05-31T15:40:02+00:00,10,22,0,0,-0.014043076923076825,0.0,0.0691686300908785,0.218613261528105,5942,-0.014043076923076825,0.0,0.18251796099897366,0.4921313718782073,5846,-0.02310160405886985,-0.0065897880669405495,0.1465079984393289,1.0,5126,0.7396242410356283
classic_early_drop_down__tp06_sl03_buf3s,classic_early_drop_down,classic_quant,,full_refresh,tp06_sl03_buf3s,intraday,123,89.98267777388733,-0.10017322226112668,0.3252032520325203,0.6869087176521421,0.11676477476592151,3.8299627400791407,2026-05-04T06:05:01+00:00,2026-06-02T12:05:01+00:00,37,83,0,3,-0.03062912077489588,0.0,0.11427128912823965,0.3724335240659711,5942,-0.045572227793512,0.0,0.216900444748546,0.6886760177899418,5846,-0.0691256629700514,-0.01900317126620732,0.3478345688646118,1.0,5126,0.738905563829381
session_breakout_us_open_fixed_12pct__tp05_sl03_buf5s,session_breakout_us_open_fixed_12pct,session_single,,robust,tp05_sl03_buf5s,intraday,21,96.38442422349333,-0.03615575776506674,0.6190476190476191,0.7990273915067944,0.10162594554255362,11.554206509408262,2026-05-04T13:55:01+00:00,2026-06-01T14:35:02+00:00,13,8,0,0,-0.05647058823529416,0.0,0.052675866711544936,0.10164927633793336,5942,-0.05647058823529416,0.0,0.13564830653438248,0.28395484091686624,5846,-0.0707671475192796,0.0,0.46742099102614126,0.9118220834959032,5126,0.7352919387482337
classic_early_drop_down__tp08_sl04_buf5s,classic_early_drop_down,classic_quant,,full_refresh,tp08_sl04_buf5s,intraday,123,88.1652492493831,-0.11834750750616907,0.36585365853658536,0.6944194590935117,0.12589912385510918,3.7777020106285253,2026-05-04T06:05:01+00:00,2026-06-02T11:30:01+00:00,40,78,0,5,-0.03446637419853038,0.0,0.1141029956243689,0.37344328508919555,5942,-0.04599668274044455,0.0,0.21553198768388643,0.6886760177899418,5846,-0.06697077009247332,-0.024138104374334723,0.24034334763948498,1.0,5126,0.726735021193722
session_breakout_us_open_fixed_12pct__tp08_sl04_buf5s,session_breakout_us_open_fixed_12pct,session_single,,robust,tp08_sl04_buf5s,intraday,21,95.5411286516663,-0.04458871348333704,0.5714285714285714,0.7851245330221007,0.11053288987853357,11.532592467304687,2026-05-04T13:55:01+00:00,2026-06-01T14:35:02+00:00,12,9,0,0,-0.05647058823529416,0.0,0.04880511612251767,0.10164927633793336,5942,-0.05647058823529416,0.0,0.13171399247348614,0.28395484091686624,5846,-0.09007474897457979,0.0,0.46742099102614126,0.9118220834959032,5126,0.7233547179898423
session_milddrop_us_afternoon_fixed_10pct__tp08_sl04_buf5s,session_milddrop_us_afternoon_fixed_10pct,session_single,,robust,tp08_sl04_buf5s,intraday,38,92.65200859681156,-0.07347991403188447,0.3684210526315789,0.7898966663973731,0.12614950606607922,9.450739490250768,2026-05-04T16:00:00+00:00,2026-06-01T17:15:01+00:00,13,24,0,1,-0.05230000000000001,0.0,0.05738808481992595,0.17250084146751934,5942,-0.05230000000000001,0.0,0.15685939103660623,0.43807731782415327,5846,-0.08788096306211257,-0.02146464646464652,0.21751853296917675,1.0,5126,0.72306717073357
session_breakout_us_afternoon_fixed_8pct__settle,session_breakout_us_afternoon_fixed_8pct,session_single,,robust,settle,settle,33,107.82153083049302,0.07821530830493018,0.8787878787878788,1.2545691247917539,0.2239396669078381,7.3658255447450385,2026-05-04T17:10:00+00:00,2026-06-01T17:35:01+00:00,0,0,0,33,-0.08111111111111113,0.0,0.11040053853921239,0.1427128912823965,5942,-0.08111111111111113,0.0,0.27642832706123843,0.3749572357167294,5846,-0.1852236078742776,0.03180024399448533,0.6810378462738977,1.0,5126,0.7222957956237828
session_breakout_us_open_fixed_12pct__tp04_sl02_buf3s,session_breakout_us_open_fixed_12pct,session_single,,robust,tp04_sl02_buf3s,intraday,21,95.75473260412471,-0.04245267395875285,0.6190476190476191,0.7505719386399644,0.10188856051547053,11.439760510311359,2026-05-04T13:55:01+00:00,2026-06-01T14:35:02+00:00,13,8,0,0,-0.057882352941176496,0.0,0.0575563783237967,0.10164927633793336,5942,-0.057882352941176496,0.0,0.15703044816968867,0.28395484091686624,5846,-0.057882352941176496,-0.004754434163383614,0.3778774873195474,0.9118220834959032,5126,0.7220968419444762
portfolio_conservative_v2__tp08_sl04_buf5s,portfolio_conservative_v2,portfolio_mix,,qrf,tp08_sl04_buf5s,intraday,61,89.52911635493378,-0.1047088364506622,0.3770491803278688,0.6069423836286687,0.11441606082326948,4.124385195725139,2026-05-04T16:00:00+00:00,2026-06-02T03:35:01+00:00,22,38,0,1,-0.031515151515151496,0.0,0.10164927633793336,0.3246381689666779,5942,-0.042564063166880106,0.0,0.19603147451248717,0.6743072186110161,5846,-0.056778985548214145,-0.01967467485652674,0.26102223956301207,1.0,5126,0.7212674227670218
session_breakout_us_open_fixed_8pct__trail08_gap03_buf5s,session_breakout_us_open_fixed_8pct,session_single,,robust,trail08_gap03_buf5s,intraday,21,93.60398536045818,-0.06396014639541814,0.42857142857142855,0.6127248601912514,0.08964495444387914,7.557878561082169,2026-05-04T13:55:01+00:00,2026-06-01T14:35:02+00:00,0,10,7,4,-0.03764705882352937,0.0,0.030629417704476608,0.10164927633793336,5942,-0.03764705882352937,0.0,0.08039685254875129,0.28395484091686624,5846,-0.06078654971170827,-0.0013357721452835758,0.27331252438548576,0.9118220834959032,5126,0.7212559667010348
classic_early_drop_down__tp12_sl06_buf5s,classic_early_drop_down,classic_quant,,full_refresh,tp12_sl06_buf5s,intraday,122,89.93563438893989,-0.10064365611060111,0.38524590163934425,0.7775494405139718,0.14157037966837682,3.8047202541048026,2026-05-04T06:05:01+00:00,2026-06-02T11:30:01+00:00,41,75,0,6,-0.04858900795739374,0.0,0.12622012790306295,0.3788286772130596,5942,-0.05740990124927425,0.0,0.24700650017105713,0.7027027027027027,5846,-0.08139398974672463,-0.030125337214673698,0.3503706593835349,1.0,5126,0.7207140947798526
timeseries_momentum_up__trail08_gap03_buf5s,timeseries_momentum_up,time_series,,full_refresh,trail08_gap03_buf5s,intraday,24,95.06423147009139,-0.04935768529908613,0.2916666666666667,0.6050931782434094,0.08434246591645357,3.989971193949965,2026-05-08T01:45:01+00:00,2026-05-31T20:35:01+00:00,0,17,6,1,-0.02378024691358016,0.0,0.041231908448333895,0.15415684954560754,5942,-0.04582979943118559,0.0,0.10246322271638728,0.3108108108108108,5846,-0.054841406881002364,-0.006644864461416766,0.2577058134998049,0.8113538821693328,5126,0.7206682705159048
session_milddrop_us_afternoon_fixed_8pct__tp05_sl03_buf5s,session_milddrop_us_afternoon_fixed_8pct,session_single,,robust,tp05_sl03_buf5s,intraday,38,90.78386298454988,-0.09216137015450121,0.34210526315789475,0.6435110902427916,0.10117697751184053,7.635878349511448,2026-05-04T16:00:00+00:00,2026-06-01T17:15:01+00:00,12,25,0,1,-0.04195199999999999,0.0,0.03197576573544261,0.17250084146751934,5942,-0.04195199999999999,0.0,0.08176530961341089,0.43807731782415327,5846,-0.07914241319139226,-0.019010233489827777,0.19742489270386265,1.0,5126,0.7202871653874059
session_milddrop_us_afternoon_fixed_10pct__tp06_sl03_buf3s,session_milddrop_us_afternoon_fixed_10pct,session_single,,robust,tp06_sl03_buf3s,intraday,38,90.80205921366627,-0.09197940786333736,0.34210526315789475,0.7065714064459789,0.12605310507008086,9.343314320859683,2026-05-04T16:00:00+00:00,2026-06-01T17:15:01+00:00,12,25,0,1,-0.04266740761322585,0.0,0.03635139683608213,0.17250084146751934,5942,-0.04266740761322585,0.0,0.06979131029763941,0.43807731782415327,5846,-0.08197316928502474,-0.02010815895372242,0.19742489270386265,1.0,5126,0.7199717417038988
classic_breakout_up__tp04_sl02_buf3s,classic_breakout_up,classic_quant,prior_validation_selected,full_refresh,tp04_sl02_buf3s,intraday,98,89.56987237237833,-0.10430127627621677,0.5204081632653061,0.6845611815258679,0.16668662510140062,4.806467743240867,2026-05-04T09:25:02+00:00,2026-06-02T03:05:01+00:00,49,47,0,2,-0.03763890857547847,0.0,0.25395489734096266,0.5097610232245036,5942,-0.062370533320945554,0.0,0.4168662333219295,0.8966814916182004,5846,-0.06746128975731547,-0.02946871277352192,0.3669527896995708,1.0,5126,0.7190644212777332
classic_milddrop_core__tp08_sl04_buf5s,classic_milddrop_core,classic_quant,,full_refresh,tp08_sl04_buf5s,intraday,107,86.14282946060283,-0.1385717053939718,0.4205607476635514,0.7202983435055543,0.1615375078813853,4.656472570561761,2026-05-04T07:10:01+00:00,2026-06-02T12:45:01+00:00,44,62,0,1,-0.04936565312929786,0.0,0.1893301918545944,0.47408280040390444,5942,-0.05626958831960449,-0.0033783783783783994,0.3484433800889497,0.8930892918234691,5846,-0.11791617901448559,-0.016190965479902952,0.32637534139680063,1.0,5126,0.7178611524802383
session_breakout_us_afternoon_fixed_12pct__tp12_sl06_buf5s,session_breakout_us_afternoon_fixed_12pct,session_single,,robust,tp12_sl06_buf5s,intraday,34,99.71080205841021,-0.002891979415897916,0.6470588235294118,0.9924541940904913,0.14134290680221795,12.187450202376066,2026-05-04T17:10:00+00:00,2026-06-01T17:35:01+00:00,15,12,0,7,-0.08094586345381527,0.0,0.09323460114439583,0.14321777179400874,5942,-0.08094586345381527,0.0,0.24255901471091346,0.37547040711597673,5846,-0.08094586345381527,-0.004599578903901613,0.4880998829496684,1.0,5126,0.7177358994921142
session_breakout_london_fixed_12pct__tp12_sl06_buf5s,session_breakout_london_fixed_12pct,session_single,,robust,tp12_sl06_buf5s,intraday,51,100.88098882276107,0.00880988822761064,0.49019607843137253,1.013054587206948,0.16407282182777846,11.261100586687672,2026-05-04T09:25:02+00:00,2026-06-02T08:30:01+00:00,21,26,0,4,-0.1126306560000001,0.0,0.14052507573207673,0.28189161898350723,5942,-0.1126306560000001,0.0,0.3049948682860075,0.6412931919261033,5846,-0.14537761759474144,0.0012773261307310602,0.5021459227467812,1.0,5126,0.716304273112613
micro_book_consensus_up__trail08_gap03_buf5s,micro_book_consensus_up,microstructure,,full_refresh,trail08_gap03_buf5s,intraday,90,86.97723892269757,-0.13022761077302436,0.34444444444444444,0.7251796507859783,0.16890341978435391,3.9052034582430153,2026-05-03T19:30:02+00:00,2026-06-02T14:55:01+00:00,0,57,30,3,-0.04075471698113209,0.0,0.15365196903399528,0.44429485021878157,5942,-0.05425520614954582,-0.004590163934426239,0.2596647280191584,0.8320218953130345,5846,-0.08697585313726064,-0.012835889221205155,0.38977760436987907,1.0,5126,0.7156360025967082
session_breakout_us_open_fixed_12pct__tp06_sl03_buf3s,session_breakout_us_open_fixed_12pct,session_single,,robust,tp06_sl03_buf3s,intraday,21,95.14447880945633,-0.04855521190543666,0.6190476190476191,0.7399455875530901,0.10928754455565985,11.433322768282135,2026-05-04T13:55:01+00:00,2026-06-01T14:35:02+00:00,13,8,0,0,-0.057882352941176496,0.0,0.052675866711544936,0.10164927633793336,5942,-0.057882352941176496,0.0,0.13564830653438248,0.28395484091686624,5846,-0.06330143097551377,-0.0073831199372877965,0.34880998829496684,0.9118220834959032,5126,0.7144014205521824
classic_early_drop_down__tp05_sl03_buf5s,classic_early_drop_down,classic_quant,,full_refresh,tp05_sl03_buf5s,intraday,123,88.66039908690183,-0.11339600913098169,0.34146341463414637,0.648316416701966,0.13047263200363318,3.819882892262064,2026-05-04T06:05:01+00:00,2026-06-02T11:30:01+00:00,39,81,0,3,-0.028342570813676082,0.0,0.11948838774823292,0.37478963312016156,5942,-0.04783622400874554,0.0,0.21108450222374273,0.688333903523777,5846,-0.06632670900184201,-0.021267497228960375,0.2705813499804916,1.0,5126,0.7143670523542215
session_milddrop_us_afternoon_fixed_4pct__trail08_gap03_buf5s,session_milddrop_us_afternoon_fixed_4pct,session_single,,robust,trail08_gap03_buf5s,intraday,39,92.31981362629226,-0.07680186373707742,0.28205128205128205,0.483802609625162,0.07680186373707741,3.8445470403816424,2026-05-04T16:00:00+00:00,2026-06-01T17:15:01+00:00,0,22,16,1,-0.022790525517665805,0.0,0.03096600471221811,0.17283742847526085,5942,-0.022790525517665805,0.0,0.08073896681491619,0.43841943209031814,5846,-0.043826770444613805,-0.012503745204050287,0.1685524775653531,1.0,5126,0.714019551685951
gate_breakout_fixed_4pct__tp06_sl03_buf3s,gate_breakout_fixed_4pct,gate_single,,robust,tp06_sl03_buf3s,intraday,88,88.62013351760218,-0.11379866482397816,0.4659090909090909,0.5732538366012518,0.1534562372902698,3.8782405532646353,2026-05-03T22:30:00+00:00,2026-06-02T02:50:01+00:00,40,47,0,1,-0.028891954022988497,0.0,0.23695725345001684,0.49074385728710873,5942,-0.04221696042542589,0.0,0.3994184057475197,0.8771809784468012,5846,-0.06180297620975206,-0.018075469511317777,0.26433866562621927,1.0,5126,0.712367205101768
classic_milddrop_core__tp06_sl03_buf3s,classic_milddrop_core,classic_quant,,full_refresh,tp06_sl03_buf3s,intraday,108,85.77848103043051,-0.1422151896956949,0.39814814814814814,0.6417747918513927,0.1575388691469035,4.575242575108434,2026-05-04T07:10:01+00:00,2026-06-02T12:45:01+00:00,42,65,0,1,-0.04469826388888898,0.0,0.16526422080107708,0.47408280040390444,5942,-0.05027085734953718,-0.0036231884057971175,0.26992815600410536,0.8930892918234691,5846,-0.08977945344057725,-0.015079573499343302,0.29964884900507216,1.0,5126,0.7123645320197043
session_breakout_asia_fixed_4pct__tp06_sl03_buf3s,session_breakout_asia_fixed_4pct,session_single,,robust,tp06_sl03_buf3s,intraday,61,91.23063921275529,-0.08769360787244707,0.45901639344262296,0.5523039320687749,0.1257888674513814,3.8289841109629856,2026-05-04T02:05:02+00:00,2026-06-02T03:50:00+00:00,28,33,0,0,-0.03519644354213258,0.0,0.0991248737798721,0.2778525748906092,5942,-0.03519644354213258,0.0,0.17482039001026342,0.6058843653780362,5846,-0.04683164289534181,-0.018060650607744977,0.12075692547795552,1.0,5126,0.7109726200022912
portfolio_conservative_v2__tp04_sl02_buf3s,portfolio_conservative_v2,portfolio_mix,,qrf,tp04_sl02_buf3s,intraday,61,89.42140339798476,-0.10578596602015233,0.39344262295081966,0.5157712191781526,0.1089895741110647,4.043274710215041,2026-05-04T16:00:00+00:00,2026-06-02T03:35:01+00:00,23,37,0,1,-0.022424242424242458,0.0,0.09104678559407607,0.3246381689666779,5942,-0.03357686726419129,-0.0003019054603570215,0.16284639069449197,0.6743072186110161,5846,-0.06064820259741788,-0.019301789386029222,0.1761607491221225,1.0,5126,0.7086829342803681
session_milddrop_us_afternoon_fixed_6pct__tp12_sl06_buf5s,session_milddrop_us_afternoon_fixed_6pct,session_single,,robust,tp12_sl06_buf5s,intraday,40,91.53451674878745,-0.08465483251212547,0.35,0.6991434386477381,0.1356248676402049,5.561037651119637,2026-05-04T16:00:00+00:00,2026-06-01T17:15:01+00:00,13,26,0,1,-0.049273269175031054,0.0,0.057892965331538204,0.17283742847526085,5942,-0.049273269175031054,0.0,0.15737256243585357,0.43841943209031814,5846,-0.08188870664490444,-0.015883777453509107,0.35427233710495515,1.0,5126,0.7085244587008821
classic_milddrop_core__tp12_sl06_buf5s,classic_milddrop_core,classic_quant,,full_refresh,tp12_sl06_buf5s,intraday,108,85.4640831667435,-0.1453591683325649,0.4351851851851852,0.7519967626205707,0.2090163441920041,4.446163854580645,2026-05-04T07:10:01+00:00,2026-06-02T12:55:02+00:00,46,61,0,1,-0.04876543209876538,0.0,0.1679569168630091,0.4713901043419724,5942,-0.04876543209876538,-0.005797101449275366,0.2848101265822785,0.8746151214505645,5846,-0.11099685583366281,-0.030021904477364636,0.33261802575107297,1.0,5126,0.708306411578264
session_breakout_us_open_fixed_10pct__tp12_sl06_buf5s,session_breakout_us_open_fixed_10pct,session_single,,robust,tp12_sl06_buf5s,intraday,21,92.9187412337025,-0.07081258766297494,0.47619047619047616,0.6558675133725129,0.10799061804051635,9.391471101218865,2026-05-04T13:55:01+00:00,2026-06-01T14:35:02+00:00,9,11,0,1,-0.04705882352941182,0.0,0.035341635812857625,0.10164927633793336,5942,-0.04705882352941182,0.0,0.08518645227505987,0.28395484091686624,5846,-0.07552135351971723,-0.0016984583224457506,0.2943815840811549,0.9118220834959032,5126,0.7081105128498874
session_milddrop_us_afternoon_fixed_8pct__tp04_sl02_buf3s,session_milddrop_us_afternoon_fixed_8pct,session_single,,robust,tp04_sl02_buf3s,intraday,38,89.95727971741064,-0.10042720282589357,0.34210526315789475,0.5989832266103611,0.11331946565875545,7.5138448320970275,2026-05-04T16:00:00+00:00,2026-06-01T17:15:01+00:00,12,25,0,1,-0.03419794387329811,0.0,0.027768428138673848,0.17250084146751934,5942,-0.03419794387329811,0.0,0.06106739651043448,0.43807731782415327,5846,-0.07418675021500987,-0.019010233489827777,0.1703082325399922,1.0,5126,0.7065582159086569
session_milddrop_us_afternoon_fixed_6pct__settle,session_milddrop_us_afternoon_fixed_6pct,session_single,,robust,settle,settle,42,121.42449743507972,0.21424497435079726,0.7142857142857143,1.3121588419017773,0.251598019328213,5.631966861128186,2026-05-04T16:00:00+00:00,2026-06-01T17:15:01+00:00,0,0,0,42,-0.11797699530516426,0.0,0.0997980477953551,0.17485695052170985,5942,-0.11797699530516426,0.0,0.23280875812521382,0.44047211768730754,5846,-0.17178039859154925,0.02485714285714291,0.5620366757705814,1.0,5126,0.7057929507007293
timeseries_momentum_up__tp08_sl04_buf5s,timeseries_momentum_up,time_series,,full_refresh,tp08_sl04_buf5s,intraday,24,94.67130788926761,-0.053286921107323915,0.2916666666666667,0.4571983949778393,0.06497781720924044,3.90722051947737,2026-05-08T01:45:01+00:00,2026-05-31T20:35:01+00:00,7,17,0,0,-0.019961566137566278,0.0,0.03954897340962639,0.15415684954560754,5942,-0.02955827993746607,0.0,0.08621279507355457,0.3108108108108108,5846,-0.04292706924138179,-0.006117994522149117,0.19352321498244246,0.8113538821693328,5126,0.7055542826593347
session_milddrop_us_open_fixed_4pct__settle,session_milddrop_us_open_fixed_4pct,session_single,,robust,settle,settle,20,101.22169217748389,0.012216921774838907,0.6,1.0405083495877419,0.1983155248532251,3.656930724065757,2026-05-05T13:40:00+00:00,2026-06-02T15:30:01+00:00,0,0,0,20,-0.07975354160222703,0.0,0.046617300572197914,0.09155166610568832,5942,-0.07975354160222703,0.0,0.1294902497434143,0.2572699281560041,5846,-0.11713855397463657,0.0,0.4016777214202107,0.8603199375731565,5126,0.7012739145377477
classic_breakout_core__tp12_sl06_buf5s,classic_breakout_core,classic_quant,,full_refresh,tp12_sl06_buf5s,intraday,21,93.49049063534721,-0.06509509364652788,0.47619047619047616,0.5320096164744337,0.10996763795724378,4.91000856861765,2026-05-05T13:40:00+00:00,2026-06-02T02:50:01+00:00,6,11,0,4,-0.039393939393939426,0.0,0.06698081454055874,0.15163244698754627,5942,-0.039393939393939426,0.0,0.16182004789599727,0.3867601778994184,5846,-0.06226200827358064,-0.01003856295319705,0.3979711275848615,0.9822473663675381,5126,0.6979860235994959
gate_breakout_fixed_4pct__tp08_sl04_buf5s,gate_breakout_fixed_4pct,gate_single,,robust,tp08_sl04_buf5s,intraday,88,86.49121392710893,-0.13508786072891066,0.4659090909090909,0.5925805617392169,0.1885659795018248,3.8511927107994604,2026-05-03T22:30:00+00:00,2026-06-02T02:50:01+00:00,39,47,0,2,-0.031515151515151496,0.0,0.23678895994614607,0.49074385728710873,5942,-0.04221696042542589,-0.0004405755623679286,0.369483407458091,0.8771809784468012,5846,-0.06420347646788538,-0.026014570794713587,0.24190401872805306,1.0,5126,0.6964600756100354
timeseries_momentum_up__tp04_sl02_buf3s,timeseries_momentum_up,time_series,,full_refresh,tp04_sl02_buf3s,intraday,24,95.72067525601538,-0.04279324743984614,0.375,0.3131132302006965,0.050967663713490194,3.887832589269845,2026-05-08T01:45:01+00:00,2026-05-31T20:35:01+00:00,9,15,0,0,-0.01982894149659875,0.0,0.06210030292830697,0.15415684954560754,5942,-0.025086772668447277,0.0,0.14180636332535065,0.3108108108108108,5846,-0.027747314108995447,-0.0012478701515692414,0.2834568864611783,0.8113538821693328,5126,0.6952170924504524
classic_milddrop_core__tp05_sl03_buf5s,classic_milddrop_core,classic_quant,,full_refresh,tp05_sl03_buf5s,intraday,108,84.63114705618023,-0.15368852943819777,0.4537037037037037,0.6308212174993238,0.17770834996802964,4.571468364957959,2026-05-04T07:10:01+00:00,2026-06-02T12:45:01+00:00,48,59,0,1,-0.04342875992063511,0.0,0.1736788959946146,0.47408280040390444,5942,-0.05170009146746346,-0.0033783783783783994,0.31235032500855286,0.8930892918234691,5846,-0.10704854142129672,-0.016883410351067663,0.31388997268825597,1.0,5126,0.6947546492534463
timeseries_momentum_down__settle,timeseries_momentum_down,time_series,,full_refresh,settle,settle,33,95.23014849903227,-0.04769851500967737,0.6666666666666666,0.8840635949034952,0.18767064012769608,3.5944247901067916,2026-05-03T18:20:01+00:00,2026-05-31T15:40:02+00:00,0,0,0,33,-0.07965005128205127,0.0,0.13884214069336923,0.2196230225513295,5942,-0.07965005128205127,0.0,0.2863496407800205,0.4921313718782073,5846,-0.1170560279848415,-0.0008148259310345463,0.49336714787358565,1.0,5126,0.6938259441707718
portfolio_conservative_v2__tp05_sl03_buf5s,portfolio_conservative_v2,portfolio_mix,,qrf,tp05_sl03_buf5s,intraday,61,88.78357643686451,-0.11216423563135491,0.39344262295081966,0.5327688754930479,0.11680670035472121,4.069484810064061,2026-05-04T16:00:00+00:00,2026-06-02T03:35:01+00:00,23,37,0,1,-0.031515151515151496,0.0,0.09121507909794682,0.3246381689666779,5942,-0.042564063166880106,-0.0005589978678040008,0.17413616147793362,0.6743072186110161,5846,-0.06281803129784214,-0.019818498733757406,0.17167381974248927,1.0,5126,0.6933909955321342
session_milddrop_us_afternoon_fixed_12pct__tp06_sl03_buf3s,session_milddrop_us_afternoon_fixed_12pct,session_single,,robust,tp06_sl03_buf3s,intraday,38,89.16604096788969,-0.10833959032110319,0.34210526315789475,0.7064854127438457,0.14836084895952129,11.014708483220822,2026-05-04T16:00:00+00:00,2026-06-01T17:15:01+00:00,12,25,0,1,-0.05110486246179491,0.0,0.03635139683608213,0.17250084146751934,5942,-0.05110486246179491,0.0,0.06979131029763941,0.43807731782415327,5846,-0.09776144817078103,-0.02418499406036212,0.19742489270386265,1.0,5126,0.6919230916103409
classic_breakout_up__tp05_sl03_buf5s,classic_breakout_up,classic_quant,prior_validation_selected,full_refresh,tp05_sl03_buf5s,intraday,98,86.55544488527501,-0.13444555114724988,0.5408163265306123,0.6605486687622713,0.20409236284678703,4.78036171933487,2026-05-04T09:25:02+00:00,2026-06-02T03:05:01+00:00,51,45,0,2,-0.04098377358859917,0.0,0.25698418041063614,0.5097610232245036,5942,-0.061805355824454344,0.0,0.421997947314403,0.8966814916182004,5846,-0.0835309665656353,-0.03801203556692445,0.3468591494342567,1.0,5126,0.6908168175048688
session_breakout_us_afternoon_fixed_10pct__settle,session_breakout_us_afternoon_fixed_10pct,session_single,,robust,settle,settle,33,108.46463065427437,0.08464630654274363,0.8787878787878788,1.2236847299549387,0.27414234711455643,8.873964306190286,2026-05-04T17:10:00+00:00,2026-06-01T17:35:01+00:00,0,0,0,33,-0.10138888888888886,0.0,0.11040053853921239,0.1427128912823965,5942,-0.10138888888888886,0.0,0.27642832706123843,0.3749572357167294,5846,-0.22875068544115706,0.03847187444069067,0.6810378462738977,1.0,5126,0.6900656814449917
v2_strict_session_mix__tp06_sl03_buf3s,v2_strict_session_mix,refreshed_v2_mix,,full_refresh,tp06_sl03_buf3s,intraday,50,89.31543764667607,-0.10684562353323923,0.38,0.5816435454634749,0.11049115160045053,5.193851265239083,2026-05-04T16:00:00+00:00,2026-06-02T02:50:01+00:00,18,31,0,1,-0.03557976060606205,0.0,0.08027600134634803,0.26169639851901716,5942,-0.047804805894154256,0.0,0.15241190557646253,0.5648306534382483,5846,-0.08145460064517562,-0.014991458333333263,0.30218493952399533,1.0,5126,0.6892385534807346
gate_breakout_fixed_4pct__trail08_gap03_buf5s,gate_breakout_fixed_4pct,gate_single,,robust,trail08_gap03_buf5s,intraday,88,84.78590874302303,-0.1521409125697697,0.45454545454545453,0.6209003030361976,0.20553288979416884,3.78321698481396,2026-05-03T22:30:00+00:00,2026-06-02T02:50:01+00:00,0,47,19,22,-0.033644040998908165,0.0,0.21440592393133626,0.49074385728710873,5942,-0.04283398481840617,-0.00280615662922179,0.3518645227505987,0.8771809784468012,5846,-0.0802907502195086,-0.024393774079437325,0.17206398751463128,1.0,5126,0.6891182647878719
session_milddrop_london_fixed_4pct__tp08_sl04_buf5s,session_milddrop_london_fixed_4pct,session_single,,robust,tp08_sl04_buf5s,intraday,134,82.87837339212182,-0.17121626607878182,0.40298507462686567,0.642684279377703,0.19597397366875718,3.72587470835216,2026-05-04T07:10:01+00:00,2026-06-02T12:55:02+00:00,52,80,0,2,-0.039633036897199325,0.0,0.17435207001009762,0.41400201952204646,5942,-0.040236326593019345,0.0,0.2849811837153609,0.7848101265822784,5846,-0.1194714812083163,-0.01645467971525938,0.29028482247366366,1.0,5126,0.6882292740672853
classic_early_drop_down__tp04_sl02_buf3s,classic_early_drop_down,classic_quant,,full_refresh,tp04_sl02_buf3s,intraday,123,87.60388126016447,-0.12396118739835527,0.3252032520325203,0.5445362112859327,0.12606704992864767,3.788027069677663,2026-05-04T06:05:01+00:00,2026-06-02T12:00:01+00:00,38,83,0,2,-0.025517985263715737,0.0,0.10535173342308987,0.3688993604846853,5942,-0.045572227793512,0.0,0.19568936024632227,0.6869654464591174,5846,-0.05227356814850315,-0.024637618087222646,0.28053062817011315,1.0,5126,0.6856096536449383
session_milddrop_london_fixed_4pct__tp06_sl03_buf3s,session_milddrop_london_fixed_4pct,session_single,,robust,tp06_sl03_buf3s,intraday,134,82.69451914918152,-0.1730548085081849,0.40298507462686567,0.5651564377950484,0.1876794606326215,3.689165910026458,2026-05-04T07:10:01+00:00,2026-06-02T12:55:02+00:00,54,80,0,0,-0.029655389306809443,0.0,0.15886906765398856,0.4145069000336587,5942,-0.031753431708308244,-0.0026489015186807463,0.2634279849469723,0.7853232979815258,5846,-0.08051709996042711,-0.024238439796440914,0.06730394069449863,1.0,5126,0.6817462863252759
classic_breakout_core__tp06_sl03_buf3s,classic_breakout_core,classic_quant,,full_refresh,tp06_sl03_buf3s,intraday,21,93.25647218118783,-0.06743527818812167,0.47619047619047616,0.4156887124162136,0.09276819947004775,4.919368980382313,2026-05-05T13:40:00+00:00,2026-06-02T02:50:01+00:00,10,11,0,0,-0.028030303030303072,0.0,0.06698081454055874,0.15163244698754627,5942,-0.028030303030303072,0.0,0.16182004789599727,0.3867601778994184,5846,-0.05221790495616552,-0.011586645468998569,0.22063987514631292,0.9822473663675381,5126,0.6815923931721846
session_breakout_us_open_fixed_10pct__trail08_gap03_buf5s,session_breakout_us_open_fixed_10pct,session_single,,robust,trail08_gap03_buf5s,intraday,21,91.77297423426451,-0.08227025765735485,0.42857142857142855,0.5901364396441175,0.11123982311830585,9.30092885114054,2026-05-04T13:55:01+00:00,2026-06-01T14:35:02+00:00,0,10,7,4,-0.04705882352941182,0.0,0.030629417704476608,0.10164927633793336,5942,-0.04705882352941182,0.0,0.08039685254875129,0.28395484091686624,5846,-0.07552135351971723,-0.0016984583224457506,0.27331252438548576,0.9118220834959032,5126,0.6806201550387597
classic_breakout_core__tp08_sl04_buf5s,classic_breakout_core,classic_quant,,full_refresh,tp08_sl04_buf5s,intraday,21,92.96496913641172,-0.07035030863588276,0.47619047619047616,0.4574457993672815,0.10153066751446273,4.922927462771077,2026-05-05T13:40:00+00:00,2026-06-02T02:50:01+00:00,10,11,0,0,-0.039393939393939426,0.0,0.07001009761023225,0.15163244698754627,5942,-0.039393939393939426,0.0,0.16489907629148134,0.3867601778994184,5846,-0.06278038195612701,-0.005476947535771104,0.36539211861100274,0.9822473663675381,5126,0.6760358192996524
session_milddrop_us_open_fixed_4pct__tp04_sl02_buf3s,session_milddrop_us_open_fixed_4pct,session_single,,robust,tp04_sl02_buf3s,intraday,17,94.44738368629211,-0.05552616313707892,0.11764705882352941,0.12989093293297704,0.059225544869503384,3.9327944940962873,2026-05-05T13:40:00+00:00,2026-06-02T15:30:01+00:00,2,15,0,0,-0.01361041297297294,0.0,0.016156176371592057,0.09138337260181757,5942,-0.01361041297297294,0.0,0.04926445432774547,0.25709887102292167,5846,-0.02133569813419367,-0.0075862068965517615,0.05833008193523215,0.8595396020288724,5126,0.675536334822622
session_milddrop_us_open_fixed_4pct__tp06_sl03_buf3s,session_milddrop_us_open_fixed_4pct,session_single,,robust,tp06_sl03_buf3s,intraday,18,94.43091946009753,-0.05569080539902471,0.16666666666666666,0.21868184566334506,0.0582100933991819,3.9308634353219665,2026-05-05T13:40:00+00:00,2026-06-02T15:30:01+00:00,3,15,0,0,-0.01910314029850735,0.0,0.024234264557388085,0.09138337260181757,5942,-0.01910314029850735,0.0,0.0738966814916182,0.25709887102292167,5846,-0.02133569813419367,-0.00686622737309428,0.10515021459227468,0.8595396020288724,5126,0.675455760491847
session_milddrop_us_afternoon_fixed_12pct__tp08_sl04_buf5s,session_milddrop_us_afternoon_fixed_12pct,session_single,,robust,tp08_sl04_buf5s,intraday,38,89.24657118313273,-0.10753428816867272,0.3684210526315789,0.7487223514489008,0.1689215411845824,10.993632751285183,2026-05-04T16:00:00+00:00,2026-06-01T17:15:01+00:00,13,24,0,1,-0.06259199999999998,0.0,0.05183439919219118,0.17250084146751934,5942,-0.06259199999999998,0.0,0.13479302086897024,0.43807731782415327,5846,-0.10484216253190826,-0.029084781689423966,0.21751853296917675,1.0,5126,0.6738839882384389
portfolio_conservative_v2__tp12_sl06_buf5s,portfolio_conservative_v2,portfolio_mix,,qrf,tp12_sl06_buf5s,intraday,62,87.42586642065956,-0.1257413357934044,0.3870967741935484,0.620921057041039,0.1257413357934044,3.993740169206191,2026-05-04T16:00:00+00:00,2026-06-02T03:35:01+00:00,20,38,0,4,-0.03508325358851683,0.0,0.11679569168630091,0.3256479299899024,5942,-0.06636201522575647,0.0,0.23229558672596648,0.6753335614095107,5846,-0.08878557022292455,-0.015027566932962255,0.36227077643386657,1.0,5126,0.6737514797418567
session_milddrop_us_afternoon_fixed_8pct__settle,session_milddrop_us_afternoon_fixed_8pct,session_single,,robust,settle,settle,42,128.47805745686438,0.2847805745686438,0.7142857142857143,1.3216056152958615,0.3236898428078527,7.316330128327913,2026-05-04T16:00:00+00:00,2026-06-01T17:15:01+00:00,0,0,0,42,-0.15565758998435064,0.0,0.0997980477953551,0.17485695052170985,5942,-0.15565758998435064,0.0,0.23280875812521382,0.44047211768730754,5846,-0.2243307726656234,0.03314285714285714,0.5620366757705814,1.0,5126,0.6734856990109597
session_breakout_asia_fixed_4pct__settle,session_breakout_asia_fixed_4pct,session_single,,robust,settle,settle,65,92.00134091569693,-0.07998659084303072,0.7230769230769231,0.8843183868959563,0.22295836120829188,3.700481321072545,2026-05-04T02:05:02+00:00,2026-06-02T03:50:00+00:00,0,0,0,65,-0.08373352803090872,0.0,0.15785930663076406,0.27802086839448,5942,-0.08373352803090872,0.0,0.3044816968867602,0.6060554225111188,5846,-0.1721327261830755,-0.008627609135086534,0.4371829886851346,1.0,5126,0.6734345285828847
session_milddrop_us_afternoon_fixed_10pct__tp04_sl02_buf3s,session_milddrop_us_afternoon_fixed_10pct,session_single,,robust,tp04_sl02_buf3s,intraday,38,87.87505790348355,-0.12124942096516445,0.34210526315789475,0.6024762812281513,0.1382046449073186,9.184752193267034,2026-05-04T16:00:00+00:00,2026-06-01T17:15:01+00:00,12,25,0,1,-0.04266740761322585,0.0,0.027768428138673848,0.17250084146751934,5942,-0.04266740761322585,0.0,0.06106739651043448,0.43807731782415327,5846,-0.09201997454592725,-0.023781846635367865,0.1703082325399922,1.0,5126,0.6732959101844427
session_milddrop_london_fixed_4pct__trail08_gap03_buf5s,session_milddrop_london_fixed_4pct,session_single,,robust,trail08_gap03_buf5s,intraday,133,82.56427010105476,-0.1743572989894524,0.37593984962406013,0.6399837746516001,0.2005423129085159,3.582216171967372,2026-05-04T07:10:01+00:00,2026-06-02T12:55:02+00:00,0,78,49,6,-0.04688442604870324,0.0,0.15550319757657355,0.4145069000336587,5942,-0.04880460705864553,-0.000526315789473708,0.2834416695176189,0.7853232979815258,5846,-0.1146255167548288,-0.015801733656387595,0.3540772532188841,1.0,5126,0.6723565127735135
classic_breakout_core__tp04_sl02_buf3s,classic_breakout_core,classic_quant,,full_refresh,tp04_sl02_buf3s,intraday,21,92.90378989931625,-0.07096210100683753,0.42857142857142855,0.3444649119166069,0.08929464839763526,4.888160803121597,2026-05-05T13:40:00+00:00,2026-06-02T02:50:01+00:00,9,12,0,0,-0.028030303030303072,0.0,0.06479299899023898,0.15163244698754627,5942,-0.028030303030303072,0.0,0.164385904892234,0.3867601778994184,5846,-0.053791422546166534,-0.011586645468998569,0.3665626219274288,0.9822473663675381,5126,0.6707767212739144
session_breakout_us_open_fixed_12pct__tp12_sl06_buf5s,session_breakout_us_open_fixed_12pct,session_single,,robust,tp12_sl06_buf5s,intraday,21,91.11579145752822,-0.08884208542471783,0.47619047619047616,0.6385258650226365,0.1283826425206442,11.132543318809653,2026-05-04T13:55:01+00:00,2026-06-01T14:35:02+00:00,9,11,0,1,-0.05647058823529416,0.0,0.035341635812857625,0.10164927633793336,5942,-0.05647058823529416,0.0,0.08518645227505987,0.28395484091686624,5846,-0.09007474897457979,-0.002072641755944682,0.2752633632461959,0.9118220834959032,5126,0.6706052621529767
session_milddrop_us_afternoon_fixed_6pct__trail08_gap03_buf5s,session_milddrop_us_afternoon_fixed_6pct,session_single,,robust,trail08_gap03_buf5s,intraday,39,88.85751389093123,-0.11142486109068772,0.28205128205128205,0.48546344633382754,0.1114248610906877,5.657775388270313,2026-05-04T16:00:00+00:00,2026-06-01T17:15:01+00:00,0,22,16,1,-0.03405656924852274,0.0,0.03450016829350387,0.17283742847526085,5942,-0.03405656924852274,0.0,0.08433116660964762,0.43841943209031814,5846,-0.0651736277486269,-0.018774023315832444,0.1685524775653531,1.0,5126,0.6695612326727003
micro_book_consensus_up__tp12_sl06_buf5s,micro_book_consensus_up,microstructure,,full_refresh,tp12_sl06_buf5s,intraday,91,82.44813281669376,-0.17551867183306247,0.3626373626373626,0.6363398853794779,0.18502669373943573,3.810589380220108,2026-05-03T19:30:02+00:00,2026-06-02T14:55:01+00:00,32,57,0,2,-0.04075471698113209,0.0,0.16543251430494782,0.4434533826994278,5942,-0.05425520614954582,-0.003664119106699837,0.2849811837153609,0.8303113239822101,5846,-0.08213805703086041,-0.02709503616002351,0.29204057744830275,1.0,5126,0.669450490701493
v2_strict_session_mix__tp08_sl04_buf5s,v2_strict_session_mix,refreshed_v2_mix,,full_refresh,tp08_sl04_buf5s,intraday,50,89.09209049512765,-0.10907909504872348,0.38,0.6231625187108899,0.12778336380692676,5.221425551500376,2026-05-04T16:00:00+00:00,2026-06-02T02:50:01+00:00,18,31,0,1,-0.0500039878787899,0.0,0.08162234937731404,0.26169639851901716,5942,-0.06204619084934049,0.0,0.164385904892234,0.5648306534382483,5846,-0.08462666826779064,-0.0196036925871228,0.2908700741318767,1.0,5126,0.6693668614197884
session_milddrop_us_open_fixed_4pct__trail08_gap03_buf5s,session_milddrop_us_open_fixed_4pct,session_single,,robust,trail08_gap03_buf5s,intraday,18,93.90968681237561,-0.060903131876243854,0.16666666666666666,0.329188518297114,0.07163044211757534,3.9187965749623728,2026-05-05T13:40:00+00:00,2026-06-02T15:30:01+00:00,0,15,3,0,-0.023205107463442065,0.0,0.024234264557388085,0.09138337260181757,5942,-0.023205107463442065,0.0,0.0738966814916182,0.25709887102292167,5846,-0.02322815384206356,-0.009186462466614143,0.1037846273897776,0.8595396020288724,5126,0.6686180165731088
session_milddrop_us_open_fixed_4pct__tp12_sl06_buf5s,session_milddrop_us_open_fixed_4pct,session_single,,robust,tp12_sl06_buf5s,intraday,17,93.85251534474722,-0.06147484655252777,0.23529411764705882,0.32494427348875127,0.0648320993159834,3.911811075545997,2026-05-05T13:40:00+00:00,2026-06-02T15:30:01+00:00,4,13,0,0,-0.027338231127207457,0.0,0.032312352743184114,0.09138337260181757,5942,-0.027338231127207457,0.0,0.09852890865549094,0.25709887102292167,5846,-0.024248726210949534,-0.011346204568023821,0.14865392118611004,0.8595396020288724,5126,0.6685664642761675
timeseries_momentum_up__tp06_sl03_buf3s,timeseries_momentum_up,time_series,,full_refresh,tp06_sl03_buf3s,intraday,24,93.65069671821985,-0.0634930328178015,0.2916666666666667,0.29576989892578026,0.07038145201077498,3.848086886439082,2026-05-08T01:45:01+00:00,2026-05-31T20:35:01+00:00,7,17,0,0,-0.020702534240362835,0.0,0.043756311006395154,0.15415684954560754,5942,-0.030291992346432872,0.0,0.1108450222374273,0.3108108108108108,5846,-0.04361618006385881,-0.004504031224508487,0.2637534139680062,0.8113538821693328,5126,0.667647687784015
classic_breakout_up__trail08_gap03_buf5s,classic_breakout_up,classic_quant,prior_validation_selected,full_refresh,trail08_gap03_buf5s,intraday,97,81.55262904022014,-0.18447370959779863,0.4536082474226804,0.6441363748922195,0.1899074804033721,4.501328379159225,2026-05-04T09:25:02+00:00,2026-06-02T03:05:01+00:00,0,50,24,23,-0.05929514536849223,0.0,0.21743520700100977,0.5112756647593403,5942,-0.061805355824454344,-0.0019230769230769162,0.32996920971604515,0.8985631200821074,5846,-0.09681278617960354,-0.010166758881068216,0.40831057354662503,1.0,5126,0.6665677626303127
session_breakout_us_afternoon_fixed_12pct__settle,session_breakout_us_afternoon_fixed_12pct,session_single,,robust,settle,settle,33,108.82714975689007,0.08827149756890074,0.8787878787878788,1.197369277493839,0.32213191069767433,10.288342270311738,2026-05-04T17:10:00+00:00,2026-06-01T17:35:01+00:00,0,0,0,33,-0.1216666666666667,0.0,0.11040053853921239,0.1427128912823965,5942,-0.1216666666666667,0.0,0.27642832706123843,0.3749572357167294,5846,-0.2711205866140636,0.04518611951259355,0.6810378462738977,1.0,5126,0.6649646771298735
gate_breakout_fixed_4pct__tp04_sl02_buf3s,gate_breakout_fixed_4pct,gate_single,,robust,tp04_sl02_buf3s,intraday,88,86.52445289924128,-0.13475547100758722,0.4318181818181818,0.457142306706998,0.15974197122233713,3.8178960421751977,2026-05-03T22:30:00+00:00,2026-06-02T02:50:01+00:00,37,50,0,1,-0.028891954022988497,0.0,0.19538875799394143,0.49074385728710873,5942,-0.04221696042542589,-0.0009901095963645856,0.3546014368799179,0.8771809784468012,5846,-0.062006070461831486,-0.021521785072820654,0.19605930550136558,1.0,5126,0.6647962729598654
gate_breakout_fixed_4pct__tp05_sl03_buf5s,gate_breakout_fixed_4pct,gate_single,,robust,tp05_sl03_buf5s,intraday,88,85.38492563839752,-0.14615074361602476,0.4659090909090909,0.49805726178948817,0.18971549732350493,3.8403335313002946,2026-05-03T22:30:00+00:00,2026-06-02T02:50:01+00:00,40,47,0,1,-0.031515151515151496,0.0,0.2295523392797038,0.49074385728710873,5942,-0.04221696042542589,-0.00030000272093178015,0.376325692781389,0.8771809784468012,5846,-0.07565417333408242,-0.024782362376630784,0.2147873585641826,1.0,5126,0.6645270554091725
classic_breakout_up__tp08_sl04_buf5s,classic_breakout_up,classic_quant,prior_validation_selected,full_refresh,tp08_sl04_buf5s,intraday,96,83.02359910108025,-0.16976400898919752,0.4895833333333333,0.6282408424829111,0.21054972972685992,4.599049037993175,2026-05-04T09:25:02+00:00,2026-06-02T03:05:01+00:00,44,49,0,3,-0.042553827751196205,0.0,0.24537192864355437,0.509424436216762,5942,-0.061805355824454344,-0.00019827586206899728,0.3924050632911392,0.896510434485118,5846,-0.09427411624541593,-0.027889921315696675,0.36012485368708547,1.0,5126,0.6637476610531943
classic_breakout_core__trail08_gap03_buf5s,classic_breakout_core,classic_quant,,full_refresh,trail08_gap03_buf5s,intraday,21,92.57380345608705,-0.07426196543912955,0.47619047619047616,0.42501906815132334,0.10331111476544202,4.908082754701686,2026-05-05T13:40:00+00:00,2026-06-02T02:50:01+00:00,0,11,5,5,-0.039393939393939426,0.0,0.07068327162571525,0.15163244698754627,5942,-0.039393939393939426,0.0,0.1820047895997263,0.3867601778994184,5846,-0.06226200827358064,-0.007806041335452929,0.36539211861100274,0.9822473663675381,5126,0.6623851529384809
session_milddrop_us_afternoon_fixed_10pct__tp05_sl03_buf5s,session_milddrop_us_afternoon_fixed_10pct,session_single,,robust,tp05_sl03_buf5s,intraday,38,87.21441569677232,-0.12785584303227682,0.34210526315789475,0.611517127621992,0.13353756392457472,9.218658110145173,2026-05-04T16:00:00+00:00,2026-06-01T17:15:01+00:00,12,25,0,1,-0.05230000000000001,0.0,0.03197576573544261,0.17250084146751934,5942,-0.05230000000000001,0.0,0.08176530961341089,0.43807731782415327,5846,-0.0971894104370079,-0.023781846635367865,0.19742489270386265,1.0,5126,0.661942948791385
session_milddrop_us_open_fixed_4pct__tp05_sl03_buf5s,session_milddrop_us_open_fixed_4pct,session_single,,robust,tp05_sl03_buf5s,intraday,18,93.29045716277145,-0.06709542837228555,0.16666666666666666,0.17517121191520507,0.06958429039547762,3.8954068338891283,2026-05-05T13:40:00+00:00,2026-06-02T15:30:01+00:00,3,15,0,0,-0.021827399575520268,0.0,0.024234264557388085,0.09138337260181757,5942,-0.021827399575520268,0.0,0.0738966814916182,0.25709887102292167,5846,-0.02133569813419367,-0.011822243628174856,0.10339445961763559,0.8595396020288724,5126,0.6615347309733837
timeseries_momentum_up__tp05_sl03_buf5s,timeseries_momentum_up,time_series,,full_refresh,tp05_sl03_buf5s,intraday,24,92.95983701534637,-0.0704016298465363,0.2916666666666667,0.20795518767009755,0.07674814186658438,3.8297673157861696,2026-05-08T01:45:01+00:00,2026-05-31T20:35:01+00:00,7,17,0,0,-0.01908653182161757,0.0,0.043756311006395154,0.15415684954560754,5942,-0.02869181411598154,0.0,0.09852890865549094,0.3108108108108108,5846,-0.0478580853582814,-0.005714285714285672,0.2637534139680062,0.8113538821693328,5126,0.6614931072669644
session_breakout_london_fixed_4pct__settle,session_breakout_london_fixed_4pct,session_single,,robust,settle,settle,50,94.91091618612144,-0.05089083813878559,0.72,0.9120411344835158,0.2364693360140364,3.861194575711347,2026-05-04T09:25:02+00:00,2026-06-02T08:30:01+00:00,0,0,0,50,-0.11701291275802916,0.0,0.20296196566812522,0.2805452709525412,5942,-0.11701291275802916,0.0,0.44166951761888473,0.6399247348614437,5846,-0.13299090448048356,-0.02586588895250208,0.39719079204057745,1.0,5126,0.6583083209225952
session_milddrop_us_open_fixed_4pct__tp08_sl04_buf5s,session_milddrop_us_open_fixed_4pct,session_single,,robust,tp08_sl04_buf5s,intraday,18,93.04324501142229,-0.06956754988577718,0.16666666666666666,0.19925204369450475,0.07204981662630176,3.8948189228889993,2026-05-05T13:40:00+00:00,2026-06-02T15:30:01+00:00,3,15,0,0,-0.023205107463442065,0.0,0.024234264557388085,0.09138337260181757,5942,-0.023205107463442065,0.0,0.0738966814916182,0.25709887102292167,5846,-0.022076549233259413,-0.014470882257943796,0.11822083495903238,0.8595396020288724,5126,0.6574731737121472
session_milddrop_us_afternoon_fixed_8pct__tp12_sl06_buf5s,session_milddrop_us_afternoon_fixed_8pct,session_single,,robust,tp12_sl06_buf5s,intraday,40,88.71331248933662,-0.11286687510663385,0.35,0.6877353960464936,0.17710693652072793,7.211817318659969,2026-05-04T16:00:00+00:00,2026-06-01T17:15:01+00:00,13,26,0,1,-0.06529761743726625,0.0,0.057892965331538204,0.17283742847526085,5942,-0.06529761743726625,0.0,0.15737256243585357,0.43841943209031814,5846,-0.1079005803007772,-0.026918543702553865,0.35427233710495515,1.0,5126,0.656480696528812
session_breakout_asia_fixed_4pct__tp05_sl03_buf5s,session_breakout_asia_fixed_4pct,session_single,,robust,tp05_sl03_buf5s,intraday,61,88.08819085671489,-0.11911809143285113,0.45901639344262296,0.46891896310369324,0.16258731886281846,3.7951962258488035,2026-05-04T02:05:02+00:00,2026-06-02T03:50:00+00:00,28,33,0,0,-0.03531473046251998,0.0,0.09727364523729384,0.2778525748906092,5942,-0.03531473046251998,0.0,0.17293876154635648,0.6058843653780362,5846,-0.05921342408475516,-0.020377638218392224,0.07003511509949278,1.0,5126,0.6558868904418222
session_milddrop_london_fixed_4pct__tp05_sl03_buf5s,session_milddrop_london_fixed_4pct,session_single,,robust,tp05_sl03_buf5s,intraday,134,81.38754238151563,-0.18612457618484368,0.44776119402985076,0.5494909601917032,0.2041523298270666,3.639357099350834,2026-05-04T07:10:01+00:00,2026-06-02T12:55:02+00:00,60,74,0,0,-0.03795295480685701,0.0,0.1686300908784921,0.4145069000336587,5942,-0.03804594841310127,-0.002028271923404712,0.2731782415326719,0.7853232979815258,5846,-0.10079359283971356,-0.022209340698817637,0.17362465860319937,1.0,5126,0.6555844502997671
portfolio_micro_ts_mix__settle,portfolio_micro_ts_mix,portfolio_mix,,qrf,settle,settle,377,140.52939098840122,0.40529390988401226,0.36074270557029176,1.0490256076738176,0.5982762469996059,3.2834259358350866,2026-05-03T16:10:02+00:00,2026-06-02T15:30:01+00:00,0,0,0,377,-0.16915991682763087,0.0,0.44799730730393805,0.9456411982497476,5942,-0.24669097130465067,-0.0006616004047248492,0.49743414300376326,1.0,5846,-0.4465009891644921,0.04072459531653583,0.5528677331252438,1.0,5126,0.6545442395081529
classic_breakout_up__tp12_sl06_buf5s,classic_breakout_up,classic_quant,prior_validation_selected,full_refresh,tp12_sl06_buf5s,intraday,96,80.69775771380138,-0.19302242286198623,0.46875,0.6394180575999391,0.21582606128270038,4.476335088942489,2026-05-04T09:25:02+00:00,2026-06-02T03:05:01+00:00,33,51,0,12,-0.05303373015873014,0.0,0.23140356782228205,0.5131268933019185,5942,-0.061805355824454344,-0.00393258426966292,0.33817995210400276,0.9004447485460144,5846,-0.09175012585297315,-0.026094590401904594,0.2612173234490831,1.0,5126,0.6536017871462939
portfolio_micro_ts_mix__trail08_gap03_buf5s,portfolio_micro_ts_mix,portfolio_mix,,qrf,trail08_gap03_buf5s,intraday,376,85.19198353465995,-0.14808016465340046,0.36436170212765956,0.9248512599380053,0.37904045661920677,2.6818292076834984,2026-05-03T16:10:02+00:00,2026-06-02T12:55:02+00:00,0,230,144,2,-0.060034185447444766,-0.003983498248522177,0.3724335240659711,0.929148434870414,5942,-0.08541927742956246,-0.009111100050583687,0.42559014710913445,1.0,5846,-0.20965759426711283,-0.046230467684422516,0.3759266484588373,1.0,5126,0.6525967082903731
session_breakout_us_open_fixed_12pct__trail08_gap03_buf5s,session_breakout_us_open_fixed_12pct,session_single,,robust,trail08_gap03_buf5s,intraday,21,89.9565829903528,-0.10043417009647204,0.42857142857142855,0.5742310903215622,0.13250931587880252,11.026699798052965,2026-05-04T13:55:01+00:00,2026-06-01T14:35:02+00:00,0,10,7,4,-0.05647058823529405,0.0,0.030629417704476608,0.10164927633793336,5942,-0.05647058823529405,0.0,0.08039685254875129,0.28395484091686624,5846,-0.09007474897457979,-0.002072641755944682,0.27331252438548576,0.9118220834959032,5126,0.6477118417535418
session_milddrop_us_afternoon_fixed_8pct__trail08_gap03_buf5s,session_milddrop_us_afternoon_fixed_8pct,session_single,,robust,trail08_gap03_buf5s,intraday,39,86.58781639655024,-0.13412183603449757,0.28205128205128205,0.5261932430749388,0.13412183603449762,7.426231821007851,2026-05-04T16:00:00+00:00,2026-06-01T17:15:01+00:00,0,22,16,1,-0.04523693585308963,0.0,0.03450016829350387,0.17283742847526085,5942,-0.04523693585308963,0.0,0.08433116660964762,0.43841943209031814,5846,-0.08614875704132163,-0.02235083048680442,0.19566913772922356,1.0,5126,0.6474724099744148
classic_breakout_core__tp05_sl03_buf5s,classic_breakout_core,classic_quant,,full_refresh,tp05_sl03_buf5s,intraday,21,91.86868321586127,-0.08131316784138731,0.47619047619047616,0.3594128477174341,0.10620293513039936,4.895192931174019,2026-05-05T13:40:00+00:00,2026-06-02T02:50:01+00:00,10,11,0,0,-0.039393939393939426,0.0,0.06630764052507573,0.15163244698754627,5942,-0.039393939393939426,0.0,0.14471433458775232,0.3867601778994184,5846,-0.064335503003766,-0.006387580222685929,0.22668747561451424,0.9822473663675381,5126,0.6463397869171726
session_milddrop_us_open_fixed_6pct__tp04_sl02_buf3s,session_milddrop_us_open_fixed_6pct,session_single,,robust,tp04_sl02_buf3s,intraday,17,91.77494215911771,-0.08225057840882288,0.11764705882352941,0.1311147114866349,0.08762467642272105,5.84969138670441,2026-05-05T13:40:00+00:00,2026-06-02T15:30:01+00:00,2,15,0,0,-0.020369478918918937,0.0,0.016156176371592057,0.09138337260181757,5942,-0.020369478918918937,0.0,0.04926445432774547,0.25709887102292167,5846,-0.03186729463010585,-0.011379310344827531,0.05833008193523215,0.8595396020288724,5126,0.6460178714629397
session_breakout_asia_fixed_6pct__tp06_sl03_buf3s,session_breakout_asia_fixed_6pct,session_single,,robust,tp06_sl03_buf3s,intraday,61,87.11646387457024,-0.12883536125429762,0.45901639344262296,0.5498390959625448,0.18273176800946522,5.5039557585033245,2026-05-04T02:05:02+00:00,2026-06-02T03:50:00+00:00,28,33,0,0,-0.05254815098134347,0.0,0.0991248737798721,0.2778525748906092,5942,-0.05254815098134347,0.0,0.17482039001026342,0.6058843653780362,5846,-0.06914847527222978,-0.02611160111773192,0.12173234490831057,1.0,5126,0.6457020659105663
micro_book_consensus_down__trail08_gap03_buf5s,micro_book_consensus_down,microstructure,,full_refresh,trail08_gap03_buf5s,intraday,0,100.0,0.0,,,0.0,,,,0,0,0,0,0.0,0.0,0.0,0.0,5942,0.0,0.0,0.0,0.0,5846,0.0,0.0,0.0,0.0,5126,0.6456814449917898
session_milddrop_us_afternoon_fixed_12pct__tp04_sl02_buf3s,session_milddrop_us_afternoon_fixed_12pct,session_single,,robust,tp04_sl02_buf3s,intraday,38,85.77464809331882,-0.14225351906681183,0.34210526315789475,0.602580246576408,0.16253008140420228,10.797679271804292,2026-05-04T16:00:00+00:00,2026-06-01T17:15:01+00:00,12,25,0,1,-0.05110486246179491,0.0,0.027768428138673848,0.17250084146751934,5942,-0.05110486246179491,0.0,0.06106739651043448,0.43807731782415327,5846,-0.10957471889849568,-0.028560946478873306,0.1703082325399922,1.0,5126,0.645548172757475
classic_milddrop_core__trail08_gap03_buf5s,classic_milddrop_core,classic_quant,,full_refresh,trail08_gap03_buf5s,intraday,107,79.93676902813517,-0.2006323097186482,0.35514018691588783,0.5886550095063986,0.2288655008224079,4.329156591399041,2026-05-04T07:10:01+00:00,2026-06-02T12:45:01+00:00,0,60,43,4,-0.050854291791791684,0.0,0.14708852238303602,0.47610232245035344,5942,-0.050854291791791684,-0.005903245560318404,0.24221690044474856,0.8794047211768731,5846,-0.09965350837704345,-0.03726197376807927,0.28774873195474054,1.0,5126,0.6444243326841562
micro_book_consensus_down__tp12_sl06_buf5s,micro_book_consensus_down,microstructure,,full_refresh,tp12_sl06_buf5s,intraday,0,100.0,0.0,,,0.0,,,,0,0,0,0,0.0,0.0,0.0,0.0,5942,0.0,0.0,0.0,0.0,5846,0.0,0.0,0.0,0.0,5126,0.6444006568144499
gate_breakout_fixed_6pct__tp06_sl03_buf3s,gate_breakout_fixed_6pct,gate_single,,robust,tp06_sl03_buf3s,intraday,88,83.95348769804315,-0.1604651230195685,0.4772727272727273,0.5909941054527466,0.22389544604742598,5.779989563284392,2026-05-03T22:30:00+00:00,2026-06-02T02:50:01+00:00,41,46,0,1,-0.04318423645320191,0.0,0.2438572871087176,0.49074385728710873,5942,-0.06285636855172416,0.0,0.3994184057475197,0.8771809784468012,5846,-0.09157137722567033,-0.02766023067813783,0.26433866562621927,1.0,5126,0.6435784931454538
micro_book_consensus_down__tp08_sl04_buf5s,micro_book_consensus_down,microstructure,,full_refresh,tp08_sl04_buf5s,intraday,0,100.0,0.0,,,0.0,,,,0,0,0,0,0.0,0.0,0.0,0.0,5942,0.0,0.0,0.0,0.0,5846,0.0,0.0,0.0,0.0,5126,0.6431198686371101
session_milddrop_us_open_fixed_6pct__tp06_sl03_buf3s,session_milddrop_us_open_fixed_6pct,session_single,,robust,tp06_sl03_buf3s,intraday,18,91.74727991550037,-0.08252720084499632,0.16666666666666666,0.21956430320394069,0.08618143666813818,5.845254798158184,2026-05-05T13:40:00+00:00,2026-06-02T15:30:01+00:00,3,15,0,0,-0.028565649868305565,0.0,0.024234264557388085,0.09138337260181757,5942,-0.028565649868305565,0.0,0.0738966814916182,0.25709887102292167,5846,-0.03186729463010585,-0.01030497329867397,0.10515021459227468,0.8595396020288724,5126,0.6422893038530568
micro_book_consensus_down__tp06_sl03_buf3s,micro_book_consensus_down,microstructure,,full_refresh,tp06_sl03_buf3s,intraday,0,100.0,0.0,,,0.0,,,,0,0,0,0,0.0,0.0,0.0,0.0,5942,0.0,0.0,0.0,0.0,5846,0.0,0.0,0.0,0.0,5126,0.6418390804597701
session_milddrop_us_afternoon_fixed_10pct__settle,session_milddrop_us_afternoon_fixed_10pct,session_single,,robust,settle,settle,42,134.95986959044794,0.34959869590447945,0.7142857142857143,1.327334162221872,0.39036869573730354,8.88176994083593,2026-05-04T16:00:00+00:00,2026-06-01T17:15:01+00:00,0,0,0,42,-0.19251564945226918,0.0,0.0997980477953551,0.17485695052170985,5942,-0.19251564945226918,0.0,0.23280875812521382,0.44047211768730754,5846,-0.27460989175795514,0.04142857142857137,0.5620366757705814,1.0,5126,0.6412716233245503
session_milddrop_us_open_fixed_6pct__settle,session_milddrop_us_open_fixed_6pct,session_single,,robust,settle,settle,20,100.91732964009644,0.009173296400964315,0.6,1.0210830549343421,0.28525501907030854,5.229059149539437,2026-05-05T13:40:00+00:00,2026-06-02T15:30:01+00:00,0,0,0,20,-0.11838762759047317,0.0,0.046617300572197914,0.09155166610568832,5942,-0.11838762759047317,0.0,0.1294902497434143,0.2572699281560041,5846,-0.17211088153417864,0.0,0.4016777214202107,0.8603199375731565,5126,0.6410360102340856
portfolio_conservative_v2__settle,portfolio_conservative_v2,portfolio_mix,,qrf,settle,settle,65,98.06579876945,-0.019342012305500034,0.676923076923077,0.9756024750648707,0.32936876469218507,3.6673787624239185,2026-05-04T16:00:00+00:00,2026-06-02T03:35:01+00:00,0,0,0,65,-0.08917676056338031,0.0,0.18226186469202288,0.32783574554022216,5942,-0.1615751509488511,0.0,0.34878549435511463,0.6753335614095107,5846,-0.26347135672304367,0.01750414187744065,0.5099492781896215,1.0,5126,0.6410146255775766
micro_book_consensus_down__tp05_sl03_buf5s,micro_book_consensus_down,microstructure,,full_refresh,tp05_sl03_buf5s,intraday,0,100.0,0.0,,,0.0,,,,0,0,0,0,0.0,0.0,0.0,0.0,5942,0.0,0.0,0.0,0.0,5846,0.0,0.0,0.0,0.0,5126,0.6405582922824302
v2_strict_session_mix__settle,v2_strict_session_mix,refreshed_v2_mix,,full_refresh,settle,settle,51,103.8250623635736,0.038250623635735836,0.7058823529411765,1.053457570206451,0.34728546172677394,4.63607057369278,2026-05-04T16:00:00+00:00,2026-06-02T02:50:01+00:00,0,0,0,51,-0.09882824726134598,0.0,0.15567149108044429,0.2628744530461124,5942,-0.15688913483526234,0.0,0.2935340403694834,0.5648306534382483,5846,-0.25503946183760784,0.030037447763546332,0.5109246976199766,1.0,5126,0.6403295528315577
micro_book_consensus_down__tp04_sl02_buf3s,micro_book_consensus_down,microstructure,,full_refresh,tp04_sl02_buf3s,intraday,0,100.0,0.0,,,0.0,,,,0,0,0,0,0.0,0.0,0.0,0.0,5942,0.0,0.0,0.0,0.0,5846,0.0,0.0,0.0,0.0,5126,0.6392775041050904
micro_book_consensus_down__settle,micro_book_consensus_down,microstructure,,full_refresh,settle,settle,0,100.0,0.0,,,0.0,,,,0,0,0,0,0.0,0.0,0.0,0.0,5942,0.0,0.0,0.0,0.0,5846,0.0,0.0,0.0,0.0,5126,0.6379967159277504
v2_strict_session_mix__tp04_sl02_buf3s,v2_strict_session_mix,refreshed_v2_mix,,full_refresh,tp04_sl02_buf3s,intraday,50,86.85461389262011,-0.13145386107379897,0.36,0.4771380538827356,0.1335843912592271,5.098222011514271,2026-05-04T16:00:00+00:00,2026-06-02T02:50:01+00:00,17,32,0,1,-0.03557976060606205,0.0,0.06445641198249748,0.26169639851901716,5942,-0.047804805894154256,0.0,0.12863496407800204,0.5648306534382483,5846,-0.08548443877618006,-0.01857213614460851,0.17440499414748342,1.0,5126,0.6354076450147019
session_breakout_asia_fixed_4pct__tp04_sl02_buf3s,session_breakout_asia_fixed_4pct,session_single,,robust,tp04_sl02_buf3s,intraday,60,87.80331665887513,-0.1219668334112487,0.4166666666666667,0.3888256209063193,0.14510973990527495,3.761743954229503,2026-05-04T02:05:02+00:00,2026-06-02T03:50:00+00:00,25,35,0,0,-0.03519644354213258,0.0,0.09104678559407607,0.2778525748906092,5942,-0.03519644354213258,0.0,0.1671228190215532,0.6058843653780362,5846,-0.04900571227115258,-0.02557510403527663,0.04760046820132657,1.0,5126,0.634637033642647
session_breakout_asia_fixed_4pct__tp12_sl06_buf5s,session_breakout_asia_fixed_4pct,session_single,,robust,tp12_sl06_buf5s,intraday,60,85.16155341558968,-0.14838446584410325,0.45,0.5179952387518508,0.1939840341025484,3.776421308955447,2026-05-04T02:05:02+00:00,2026-06-02T03:50:00+00:00,17,33,0,10,-0.04343957943986243,0.0,0.11595422416694716,0.27768428138673845,5942,-0.04343957943986243,0.0,0.19449196031474514,0.6057133082449538,5846,-0.06981552197366303,-0.01993408897680271,0.14943425673039407,1.0,5126,0.6332309924771833
session_milddrop_london_fixed_4pct__tp04_sl02_buf3s,session_milddrop_london_fixed_4pct,session_single,,robust,tp04_sl02_buf3s,intraday,132,81.538915273953,-0.18461084726047006,0.4015151515151515,0.44880373257097195,0.1913468904693306,3.6068262665402595,2026-05-04T07:10:01+00:00,2026-06-02T12:55:02+00:00,53,79,0,0,-0.029468143689142745,0.0,0.145069000336587,0.41299225849882193,5942,-0.032999809365080957,-0.002702702702702675,0.220321587410195,0.7848101265822784,5846,-0.07041621159469513,-0.026219068753800756,0.1223175965665236,1.0,5126,0.6327826784282278
classic_milddrop_core__tp04_sl02_buf3s,classic_milddrop_core,classic_quant,,full_refresh,tp04_sl02_buf3s,intraday,109,81.78695249078402,-0.18213047509215985,0.3853211009174312,0.49265320321647177,0.18577491162367826,4.389388307474027,2026-05-04T07:10:01+00:00,2026-06-02T12:45:01+00:00,41,67,0,1,-0.04469826388888898,0.0,0.15281050151464154,0.47542914843487044,5942,-0.05517961365016055,-0.0050000000000000044,0.2213479302086897,0.8893260348956552,5846,-0.09627457443944121,-0.026916163871895216,0.2202497073741709,1.0,5126,0.6294237598808569
session_milddrop_us_afternoon_fixed_12pct__tp05_sl03_buf5s,session_milddrop_us_afternoon_fixed_12pct,session_single,,robust,tp05_sl03_buf5s,intraday,38,84.95903295893592,-0.1504096704106408,0.34210526315789475,0.6111560614348309,0.15704277643215828,10.839489234892698,2026-05-04T16:00:00+00:00,2026-06-01T17:15:01+00:00,12,25,0,1,-0.06259199999999998,0.0,0.03197576573544261,0.17250084146751934,5942,-0.06259199999999998,0.0,0.08176530961341089,0.43807731782415327,5846,-0.11577084532164017,-0.028560946478873306,0.19742489270386265,1.0,5126,0.6285084202085004
gate_breakout_fixed_6pct__tp08_sl04_buf5s,gate_breakout_fixed_6pct,gate_single,,robust,tp08_sl04_buf5s,intraday,88,81.54571435416655,-0.18454285645833446,0.4772727272727273,0.6242543468500874,0.27207340582512657,5.763666471586311,2026-05-03T22:30:00+00:00,2026-06-02T02:50:01+00:00,40,46,0,2,-0.047272727272727244,0.0,0.24368899360484686,0.49074385728710873,5942,-0.06285636855172416,-0.0006516945692119913,0.369483407458091,0.8771809784468012,5846,-0.09725992875102485,-0.04066979818677097,0.2465860319937573,1.0,5126,0.6277656852636804
session_milddrop_us_open_fixed_6pct__trail08_gap03_buf5s,session_milddrop_us_open_fixed_6pct,session_single,,robust,trail08_gap03_buf5s,intraday,18,90.97013726071671,-0.0902986273928329,0.16666666666666666,0.3297671537432803,0.10575124586429777,5.817746042347387,2026-05-05T13:40:00+00:00,2026-06-02T15:30:01+00:00,0,15,3,0,-0.034676475962381104,0.0,0.024234264557388085,0.09138337260181757,5942,-0.034676475962381104,0.0,0.0738966814916182,0.25709887102292167,5846,-0.03467978097434732,-0.013855371444942532,0.1037846273897776,0.8595396020288724,5126,0.6271100164203611
micro_book_consensus_up__tp08_sl04_buf5s,micro_book_consensus_up,microstructure,,full_refresh,tp08_sl04_buf5s,intraday,90,80.19792871996387,-0.19802071280036126,0.3333333333333333,0.5355636657223696,0.2039907819358425,3.7131493085910225,2026-05-03T19:30:02+00:00,2026-06-02T14:55:01+00:00,29,59,0,2,-0.04075471698113209,0.0,0.13732749915853248,0.44429485021878157,5942,-0.05425520614954582,-0.003934426229508237,0.23417721518987342,0.8320218953130345,5846,-0.08361022631346282,-0.030402703236919293,0.25126804525946156,1.0,5126,0.625416046129759
timeseries_momentum_up__tp12_sl06_buf5s,timeseries_momentum_up,time_series,,full_refresh,tp12_sl06_buf5s,intraday,24,90.84177982757281,-0.0915822017242719,0.25,0.34772834612102593,0.10858298687570277,3.8615395608154452,2026-05-08T01:45:01+00:00,2026-05-31T20:35:01+00:00,6,18,0,0,-0.02378024691358016,0.0,0.0419050824638169,0.15415684954560754,5942,-0.04582979943118559,0.0,0.08142319534724599,0.3108108108108108,5846,-0.07964954957195791,-0.005374056182472886,0.18084276238782676,0.8113538821693328,5126,0.621157062664681
session_milddrop_us_open_fixed_6pct__tp12_sl06_buf5s,session_milddrop_us_open_fixed_6pct,session_single,,robust,tp12_sl06_buf5s,intraday,17,90.88959908599614,-0.09110400914003858,0.23529411764705882,0.32541768864941756,0.0959485946086794,5.802236227912719,2026-05-05T13:40:00+00:00,2026-06-02T15:30:01+00:00,4,13,0,0,-0.04081851323091312,0.0,0.032312352743184114,0.09138337260181757,5942,-0.04081851323091312,0.0,0.09852890865549094,0.25709887102292167,5846,-0.03621357085194066,-0.017050013157894783,0.14865392118611004,0.8595396020288724,5126,0.620785886126704
session_milddrop_us_open_fixed_6pct__tp05_sl03_buf5s,session_milddrop_us_open_fixed_6pct,session_single,,robust,tp05_sl03_buf5s,intraday,18,90.08522853283668,-0.09914771467163319,0.16666666666666666,0.17579623040904166,0.1027357520449897,5.7663137861142815,2026-05-05T13:40:00+00:00,2026-06-02T15:30:01+00:00,3,15,0,0,-0.03262913020620373,0.0,0.024234264557388085,0.09138337260181757,5942,-0.03262913020620373,0.0,0.0738966814916182,0.25709887102292167,5846,-0.03186729463010585,-0.017736747059008406,0.10339445961763559,0.8595396020288724,5126,0.62071638599305
gate_breakout_fixed_4pct__tp12_sl06_buf5s,gate_breakout_fixed_4pct,gate_single,,robust,tp12_sl06_buf5s,intraday,87,80.29095675600192,-0.1970904324399808,0.4482758620689655,0.5448529528803915,0.2489293223986394,3.6864629080577824,2026-05-03T22:30:00+00:00,2026-06-02T02:50:01+00:00,24,48,0,15,-0.033305396825396794,0.0,0.2002692696061932,0.4893975092561427,5942,-0.055448366052347486,-0.0031460674157303137,0.310126582278481,0.8771809784468012,5846,-0.09486056180899327,-0.03133142089530794,0.15665236051502146,1.0,5126,0.617930270745026
session_milddrop_london_fixed_4pct__tp12_sl06_buf5s,session_milddrop_london_fixed_4pct,session_single,,robust,tp12_sl06_buf5s,intraday,136,77.37580636552792,-0.22624193634472078,0.38235294117647056,0.6061229567155456,0.2581283804023032,3.4635623779583886,2026-05-04T07:10:01+00:00,2026-06-02T12:55:02+00:00,49,84,0,3,-0.054362286523463976,0.0,0.13816896667788622,0.41467519353752946,5942,-0.05465804991451628,-0.0009192727272727685,0.25675675675675674,0.7854943551146083,5846,-0.1235287041664801,-0.037448281704349995,0.2091299258681233,1.0,5126,0.6179149959903768
v2_strict_session_mix__tp05_sl03_buf5s,v2_strict_session_mix,refreshed_v2_mix,,full_refresh,tp05_sl03_buf5s,intraday,50,86.51079328725382,-0.13489206712746182,0.38,0.5004621043499488,0.13771921723488845,5.1350518181933875,2026-05-04T16:00:00+00:00,2026-06-02T02:50:01+00:00,18,31,0,1,-0.0500039878787899,0.0,0.07101985863345675,0.26169639851901716,5942,-0.06204619084934049,0.0,0.13872733492986658,0.5648306534382483,5846,-0.09185283662863997,-0.01814338840070817,0.25282871634802967,1.0,5126,0.617903921793256
v1_conservative_mix__tp08_sl04_buf5s,v1_conservative_mix,previous_v1_mix,prior_mixed_candidate,full_refresh,tp08_sl04_buf5s,intraday,115,79.5802292781876,-0.20419770721812402,0.41739130434782606,0.7197409491254182,0.26382929151503015,6.214476288125155,2026-05-04T02:05:02+00:00,2026-06-02T12:45:01+00:00,47,67,0,1,-0.06552443622309523,0.0,0.23561090541905083,0.5747223157186132,5942,-0.08979224595454838,-0.00521739130434784,0.32637700992131374,0.8992473486144372,5846,-0.14442742580283963,-0.04163690063456843,0.37475614514241123,1.0,5126,0.6177927979531828
session_milddrop_us_afternoon_fixed_12pct__settle,session_milddrop_us_afternoon_fixed_12pct,session_single,,robust,settle,settle,42,138.75683887288974,0.38756838872889743,0.7142857142857143,1.3133598843511107,0.451911288887015,10.26366415390316,2026-05-04T16:00:00+00:00,2026-06-01T17:15:01+00:00,0,0,0,42,-0.2285511737089202,0.0,0.0997980477953551,0.17485695052170985,5942,-0.2285511737089202,0.0,0.23280875812521382,0.44047211768730754,5846,-0.32266793051643194,0.04971428571428582,0.5620366757705814,1.0,5126,0.6176511246038111
v1_conservative_mix__tp06_sl03_buf3s,v1_conservative_mix,previous_v1_mix,prior_mixed_candidate,full_refresh,tp06_sl03_buf3s,intraday,115,78.07412633261765,-0.21925873667382345,0.4,0.6259938691981933,0.25162730479977546,6.10349133076491,2026-05-04T02:05:02+00:00,2026-06-02T12:45:01+00:00,45,69,0,1,-0.044848484848484915,0.0,0.22332547963648602,0.5861662739818243,5942,-0.07576085343927852,-0.00783273615023472,0.28053369825521723,0.9180636332535067,5846,-0.1541356389012275,-0.0233725926197077,0.2298088177916504,1.0,5126,0.6143525413373047
portfolio_conservative_v2__trail08_gap03_buf5s,portfolio_conservative_v2,portfolio_mix,,qrf,trail08_gap03_buf5s,intraday,61,83.15812763424441,-0.16841872365755595,0.32786885245901637,0.40740591802225795,0.16841872365755592,3.998941463667203,2026-05-04T16:00:00+00:00,2026-06-02T03:35:01+00:00,0,35,21,5,-0.03305854049719337,0.0,0.0711881521373275,0.3246381689666779,5942,-0.042564063166880106,-0.0027448648648649154,0.12897707834416694,0.6743072186110161,5846,-0.06679473596355656,-0.02396431025123058,0.1685524775653531,1.0,5126,0.6142039943483407
session_milddrop_us_open_fixed_6pct__tp08_sl04_buf5s,session_milddrop_us_open_fixed_6pct,session_single,,robust,tp08_sl04_buf5s,intraday,18,89.7248195596397,-0.10275180440360299,0.16666666666666666,0.2000246745799727,0.10632548691671678,5.764986357217088,2026-05-05T13:40:00+00:00,2026-06-02T15:30:01+00:00,3,15,0,0,-0.034676475962381104,0.0,0.024234264557388085,0.09138337260181757,5942,-0.034676475962381104,0.0,0.0738966814916182,0.25709887102292167,5846,-0.032968279511117804,-0.02173018143876293,0.11822083495903238,0.8595396020288724,5126,0.6138988811242218
session_milddrop_us_open_fixed_8pct__tp04_sl02_buf3s,session_milddrop_us_open_fixed_8pct,session_single,,robust,tp04_sl02_buf3s,intraday,17,89.04486038586984,-0.1095513961413016,0.11764705882352941,0.13103379614919683,0.11648059785250739,7.733783439559927,2026-05-05T13:40:00+00:00,2026-06-02T15:30:01+00:00,2,15,0,0,-0.027097876756756678,0.0,0.016156176371592057,0.09138337260181757,5942,-0.027097876756756678,0.0,0.04926445432774547,0.25709887102292167,5846,-0.042308824825972424,-0.01563461288223822,0.05833008193523215,0.8595396020288724,5126,0.6124191392675755
session_breakout_asia_fixed_6pct__settle,session_breakout_asia_fixed_6pct,session_single,,robust,settle,settle,65,89.52121123616028,-0.10478788763839719,0.7230769230769231,0.8939913595445914,0.29421469105635073,5.297348891619886,2026-05-04T02:05:02+00:00,2026-06-02T03:50:00+00:00,0,0,0,65,-0.12511384733290687,0.0,0.15785930663076406,0.27802086839448,5942,-0.12511384733290687,0.0,0.3044816968867602,0.6060554225111188,5846,-0.2217966876840347,-0.014964654828170776,0.43835349200156065,1.0,5126,0.6116718218963608
session_breakout_asia_fixed_4pct__tp08_sl04_buf5s,session_breakout_asia_fixed_4pct,session_single,,robust,tp08_sl04_buf5s,intraday,60,85.11559726876331,-0.1488440273123669,0.43333333333333335,0.4530663110636908,0.194318525283099,3.771444025778803,2026-05-04T02:05:02+00:00,2026-06-02T03:50:00+00:00,26,34,0,0,-0.04343957943986243,0.0,0.1011443958263211,0.27768428138673845,5942,-0.04343957943986243,0.0,0.16421484775915154,0.6057133082449538,5846,-0.07088716307737997,-0.021891013240773916,0.03452984783456887,1.0,5126,0.6105548554626341
session_milddrop_asia_fixed_4pct__tp04_sl02_buf3s,session_milddrop_asia_fixed_4pct,session_single,,robust,tp04_sl02_buf3s,intraday,129,78.93341451600295,-0.21066585483997047,0.3333333333333333,0.4136898920895325,0.21066585483997044,3.592781486164289,2026-05-03T23:45:00+00:00,2026-06-02T05:55:01+00:00,43,86,0,0,-0.02319302429562653,0.0,0.07859306630764053,0.3852238303601481,5942,-0.028767206832251424,-0.002773840665873828,0.14129319192610332,0.7505986999657885,5846,-0.06528420474298047,-0.03078898570765165,0.01463129145532579,1.0,5126,0.6039817466681942
session_milddrop_london_fixed_6pct__tp08_sl04_buf5s,session_milddrop_london_fixed_6pct,session_single,,robust,tp08_sl04_buf5s,intraday,134,75.12701097061826,-0.24872989029381742,0.40298507462686567,0.641723004856185,0.28192287932480126,5.384058568435139,2026-05-04T07:10:01+00:00,2026-06-02T12:55:02+00:00,52,80,0,2,-0.05902870464620846,0.0,0.1730057219791316,0.41400201952204646,5942,-0.05998506506006829,-0.00015402503797457,0.2836127266507013,0.7848101265822784,5846,-0.17418623966043822,-0.027389411730102675,0.26355833008193524,1.0,5126,0.6024111200213845
session_milddrop_us_open_fixed_8pct__tp06_sl03_buf3s,session_milddrop_us_open_fixed_8pct,session_single,,robust,tp06_sl03_buf3s,intraday,18,89.00432893559484,-0.10995671064405155,0.16666666666666666,0.21849306023810103,0.11466107972496754,7.725771460865634,2026-05-05T13:40:00+00:00,2026-06-02T15:30:01+00:00,3,15,0,0,-0.037969021714954754,0.0,0.024234264557388085,0.09138337260181757,5942,-0.037969021714954754,0.0,0.0738966814916182,0.25709887102292167,5846,-0.042308824825972424,-0.013747344143933748,0.10515021459227468,0.8595396020288724,5126,0.6021197540764501
game_pm_overshoot_fade_up__tp05_sl03_buf5s,game_pm_overshoot_fade_up,game_theory,,full_refresh,tp05_sl03_buf5s,intraday,126,81.16066263131623,-0.18839337368683773,0.373015873015873,0.7091626352000513,0.22906944569732524,3.1937305453802787,2026-05-03T16:20:01+00:00,2026-06-01T16:50:00+00:00,47,79,0,0,-0.06827492657002898,0.0,0.19050824638168967,0.4564119824974756,5942,-0.09674479923366641,0.0,0.27745466985973316,0.6447143345877523,5846,-0.12382187244820286,-0.03711815988257461,0.24678111587982832,1.0,5126,0.5981708481307519
micro_book_consensus_up__tp04_sl02_buf3s,micro_book_consensus_up,microstructure,,full_refresh,tp04_sl02_buf3s,intraday,89,81.1604429132166,-0.18839557086783398,0.3258426966292135,0.40763687973164964,0.19758555425109578,3.7088724749446254,2026-05-03T19:30:02+00:00,2026-06-01T22:50:02+00:00,28,59,0,2,-0.0441204899040053,0.0,0.13227869404240997,0.4421070346684618,5942,-0.04854763237241,-0.00242424242424244,0.21382141635306193,0.8282586383852206,5846,-0.07154225825057536,-0.032071999538109686,0.27155676941084667,1.0,5126,0.5976877840149692
session_milddrop_asia_fixed_4pct__tp12_sl06_buf5s,session_milddrop_asia_fixed_4pct,session_single,,robust,tp12_sl06_buf5s,intraday,123,75.83102532548457,-0.2416897467451542,0.3252032520325203,0.54083231882988,0.2501876203808381,3.432293012440616,2026-05-03T23:45:00+00:00,2026-06-02T05:55:01+00:00,40,83,0,0,-0.045193306421991375,0.0,0.12622012790306295,0.38640188488724336,5942,-0.05046120542104238,-0.005714285714285672,0.18491276086212796,0.7517960998973657,5846,-0.09668129526428682,-0.03963252549833152,0.10573546625048771,1.0,5126,0.5963050368503455
session_milddrop_us_afternoon_fixed_10pct__tp12_sl06_buf5s,session_milddrop_us_afternoon_fixed_10pct,session_single,,robust,tp12_sl06_buf5s,intraday,40,84.15911507478833,-0.15840884925211673,0.35,0.6482579575648104,0.23143815292099504,8.587834353112765,2026-05-04T16:00:00+00:00,2026-06-01T17:15:01+00:00,13,26,0,1,-0.08112456829993753,0.0,0.0558734432850892,0.17283742847526085,5942,-0.08112456829993753,0.0,0.13889839206294902,0.43841943209031814,5846,-0.14944951401031392,-0.03557588235294129,0.35427233710495515,1.0,5126,0.5958750525069691
classic_sharpdrop_reversal_up__settle,classic_sharpdrop_reversal_up,classic_quant,,full_refresh,settle,settle,126,130.97901562308752,0.30979015623087514,0.24603174603174602,1.0912100617756784,0.6142392863750333,3.3370401346001803,2026-05-03T15:50:00+00:00,2026-06-01T23:25:01+00:00,0,0,0,126,-0.1661651858054226,0.0,0.17485695052170985,0.4863682261864692,5942,-0.299548641482145,0.0,0.2723229558672597,0.6065685939103661,5846,-0.47318667408364457,-0.08510675221377995,0.4701521654311354,1.0,5126,0.5952827738954443
session_breakout_asia_fixed_8pct__tp06_sl03_buf3s,session_breakout_asia_fixed_8pct,session_single,,robust,tp06_sl03_buf3s,intraday,61,83.48755950782243,-0.1651244049217757,0.45901639344262296,0.5536932531241191,0.23250594209681855,7.110741098173584,2026-05-04T02:05:02+00:00,2026-06-02T03:50:00+00:00,28,33,0,0,-0.06682639728311213,0.0,0.0991248737798721,0.2778525748906092,5942,-0.06682639728311213,0.0,0.17482039001026342,0.6058843653780362,5846,-0.08940978140218603,-0.03200387276136152,0.11646507998439329,1.0,5126,0.5941608431664567
game_pm_overshoot_fade_up__tp06_sl03_buf3s,game_pm_overshoot_fade_up,game_theory,,full_refresh,tp06_sl03_buf3s,intraday,126,80.12452808769483,-0.19875471912305176,0.35714285714285715,0.6876813521506628,0.22726456215454632,3.177668094366506,2026-05-03T16:20:01+00:00,2026-06-01T16:50:00+00:00,45,81,0,0,-0.06633671690761889,0.0,0.17586671154493436,0.4564119824974756,5942,-0.09325040923239081,0.0,0.25470407115976734,0.6447143345877523,5846,-0.11749118934091862,-0.03746561384357494,0.24268435427233712,1.0,5126,0.593456676977126
classic_sharpdrop_reversal__settle,classic_sharpdrop_reversal,classic_quant,,full_refresh,settle,settle,126,130.97901562308752,0.30979015623087514,0.24603174603174602,1.0912100617756784,0.6142392863750333,3.3370401346001803,2026-05-03T15:50:00+00:00,2026-06-01T23:25:01+00:00,0,0,0,126,-0.1661651858054226,0.0,0.17485695052170985,0.4863682261864692,5942,-0.299548641482145,0.0,0.2723229558672597,0.6065685939103661,5846,-0.47318667408364457,-0.08510675221377995,0.4701521654311354,1.0,5126,0.5934410203536105
game_pm_overshoot_fade_up__tp04_sl02_buf3s,game_pm_overshoot_fade_up,game_theory,,full_refresh,tp04_sl02_buf3s,intraday,126,80.39193659914854,-0.1960806340085146,0.30952380952380953,0.6554758944817273,0.22193109423559335,3.2652471022815903,2026-05-03T16:20:01+00:00,2026-06-01T16:50:00+00:00,39,87,0,0,-0.06421647587545465,0.0,0.17048131942107034,0.4564119824974756,5942,-0.0891350435356032,0.0,0.238966814916182,0.6447143345877523,5846,-0.11244982079523269,-0.027404029285765574,0.2813109637143972,1.0,5126,0.5934280368121587
timeseries_momentum_up__settle,timeseries_momentum_up,time_series,,full_refresh,settle,settle,24,89.4286924242574,-0.10571307575742594,0.5833333333333334,0.7283534805751937,0.21175483602808085,3.71944712459502,2026-05-08T01:45:01+00:00,2026-05-31T20:35:01+00:00,0,0,0,24,-0.08009718172983482,0.0,0.09121507909794682,0.15415684954560754,5942,-0.11715282141862593,0.0,0.18696544645911733,0.3108108108108108,5846,-0.20491789814741623,0.0,0.4426453374951229,0.8113538821693328,5126,0.5930114178791003
session_milddrop_us_open_fixed_8pct__settle,session_milddrop_us_open_fixed_8pct,session_single,,robust,settle,settle,20,99.99587408139047,-4.125918609532153e-05,0.6,0.9999259875144815,0.3646712463600757,6.632985192534775,2026-05-05T13:40:00+00:00,2026-06-02T15:30:01+00:00,0,0,0,20,-0.15619325703680798,0.0,0.046617300572197914,0.09155166610568832,5942,-0.15619325703680798,0.0,0.1294902497434143,0.2572699281560041,5846,-0.2247525549025674,0.0,0.4016777214202107,0.8603199375731565,5126,0.592746782754802
classic_breakout_core__settle,classic_breakout_core,classic_quant,,full_refresh,settle,settle,21,83.81155822444468,-0.16188441775555318,0.6666666666666666,0.5106014964832665,0.22058873733027756,4.530632571380538,2026-05-05T13:40:00+00:00,2026-06-02T02:50:01+00:00,0,0,0,21,-0.051000000000000045,0.0,0.09508582968697409,0.15163244698754627,5942,-0.051000000000000045,0.0,0.21433458775230926,0.3867601778994184,5846,-0.14023428342246003,-0.02352969317994069,0.3605150214592275,0.9822473663675381,5126,0.5914663764463283
session_milddrop_london_fixed_6pct__tp06_sl03_buf3s,session_milddrop_london_fixed_6pct,session_single,,robust,tp06_sl03_buf3s,intraday,134,73.9778152108114,-0.26022184789188596,0.40298507462686567,0.5517157397734328,0.2797264107355012,5.242036394519946,2026-05-04T07:10:01+00:00,2026-06-02T12:55:02+00:00,54,80,0,0,-0.05166229267692313,0.0,0.15466173005721978,0.4145069000336587,5942,-0.05269799164957423,-0.004054054054054013,0.25744098528908654,0.7853232979815258,5846,-0.11856752024333772,-0.036783279667982116,0.06730394069449863,1.0,5126,0.5881731393439493
session_breakout_asia_fixed_4pct__trail08_gap03_buf5s,session_breakout_asia_fixed_4pct,session_single,,robust,trail08_gap03_buf5s,intraday,60,82.56186055271296,-0.17438139447287038,0.43333333333333335,0.42493854509201223,0.20599400716676539,3.727769540482974,2026-05-04T02:05:02+00:00,2026-06-02T03:50:00+00:00,0,34,14,12,-0.04343957943986243,0.0,0.09559071019858634,0.27768428138673845,5942,-0.04343957943986243,0.0,0.17293876154635648,0.6057133082449538,5846,-0.07360633798940475,-0.03117033791611068,0.09422551697229808,1.0,5126,0.5872429067858097
session_milddrop_us_afternoon_fixed_10pct__trail08_gap03_buf5s,session_milddrop_us_afternoon_fixed_10pct,session_single,,robust,trail08_gap03_buf5s,intraday,39,81.97897337494233,-0.18021026625057668,0.28205128205128205,0.4975123739009228,0.18021026625057673,8.909876948337363,2026-05-04T16:00:00+00:00,2026-06-01T17:15:01+00:00,0,22,16,1,-0.056331976550863305,0.0,0.03450016829350387,0.17283742847526085,5942,-0.056331976550863305,0.0,0.08433116660964762,0.43841943209031814,5846,-0.11750237752153192,-0.026523655341154195,0.19566913772922356,1.0,5126,0.5853702218658112
session_breakout_london_fixed_6pct__settle,session_breakout_london_fixed_6pct,session_single,,robust,settle,settle,50,90.12863301346289,-0.09871366986537111,0.72,0.8861115394939284,0.33858723269177493,5.717951605814418,2026-05-04T09:25:02+00:00,2026-06-02T08:30:01+00:00,0,0,0,50,-0.17193033678358072,0.0,0.20296196566812522,0.2805452709525412,5942,-0.17193033678358072,0.0,0.44166951761888473,0.6399247348614437,5846,-0.19493308125376063,-0.040281847801703075,0.3743659773702692,1.0,5126,0.5843403215335853
session_breakout_asia_fixed_6pct__tp05_sl03_buf5s,session_breakout_asia_fixed_6pct,session_single,,robust,tp05_sl03_buf5s,intraday,61,82.92138223577811,-0.17078617764221893,0.45901639344262296,0.4677694589113977,0.2290499128030633,5.438021453798374,2026-05-04T02:05:02+00:00,2026-06-02T03:50:00+00:00,28,33,0,0,-0.05289529299183793,0.0,0.09727364523729384,0.2778525748906092,5942,-0.05289529299183793,0.0,0.17293876154635648,0.6058843653780362,5846,-0.08527465505082266,-0.027790436696303322,0.07003511509949278,1.0,5126,0.5837579715125826
gate_breakout_fixed_6pct__tp05_sl03_buf5s,gate_breakout_fixed_6pct,gate_single,,robust,tp05_sl03_buf5s,intraday,88,79.1442915572443,-0.20855708442755694,0.4772727272727273,0.5093831623640678,0.27340694100612717,5.685689438148798,2026-05-03T22:30:00+00:00,2026-06-02T02:50:01+00:00,41,46,0,1,-0.047272727272727244,0.0,0.23645237293840457,0.49074385728710873,5942,-0.06285636855172416,-0.0004755118091799293,0.376325692781389,0.8771809784468012,5846,-0.10998483764342637,-0.037454578973619146,0.20386266094420602,1.0,5126,0.583149654408676
classic_early_drop_down__settle,classic_early_drop_down,classic_quant,,full_refresh,settle,settle,123,84.87933329204752,-0.1512066670795248,0.7235772357723578,0.8812883593605557,0.2514101901718559,3.609038784113757,2026-05-04T06:05:01+00:00,2026-06-02T10:35:02+00:00,0,0,0,123,-0.14397929354909178,0.0,0.2012790306294177,0.3621676203298553,5942,-0.1765641897639042,0.0,0.33202189531303455,0.6777283612726651,5846,-0.19450503301425437,-0.030077701366882814,0.3185719859539602,1.0,5126,0.5827887883300874
v1_balanced_mix__tp06_sl03_buf3s,v1_balanced_mix,previous_v1_mix,prior_mixed_candidate,full_refresh,tp06_sl03_buf3s,intraday,115,75.42816514431483,-0.2457183485568517,0.41739130434782606,0.6573962221838133,0.28537065307162757,7.722822734388875,2026-05-04T02:05:02+00:00,2026-06-02T12:45:01+00:00,47,67,0,1,-0.05606060606060603,0.0,0.2182766745203635,0.5797711208347358,5942,-0.09512871017699953,-0.0071641791044776415,0.27745466985973316,0.9091686623332192,5846,-0.17852249207377202,-0.023729872759928328,0.33437378072571206,1.0,5126,0.5824370871042883
v1_conservative_mix__tp05_sl03_buf5s,v1_conservative_mix,previous_v1_mix,prior_mixed_candidate,full_refresh,tp05_sl03_buf5s,intraday,115,76.54007052441938,-0.2345992947558062,0.45217391304347826,0.6245659951814468,0.2721365328974098,6.120839272331278,2026-05-04T02:05:02+00:00,2026-06-02T12:45:01+00:00,51,63,0,1,-0.06303030303030299,0.0,0.23426455738808483,0.584988219454729,5942,-0.09335423820883537,-0.005555555555555536,0.3297981525829627,0.9168662333219295,5846,-0.1576687809976265,-0.030409108752057046,0.24795161919625439,1.0,5126,0.5823824798564173
v2_strict_session_mix__trail08_gap03_buf5s,v2_strict_session_mix,refreshed_v2_mix,,full_refresh,trail08_gap03_buf5s,intraday,50,83.74332444352004,-0.1625667555647996,0.32,0.44420242935418236,0.16409585077542335,5.0584016048680205,2026-05-04T16:00:00+00:00,2026-06-02T02:50:01+00:00,0,28,18,4,-0.0500039878787899,0.0,0.061090541905082466,0.26169639851901716,5942,-0.06204619084934049,0.0,0.12470065001710572,0.5648306534382483,5846,-0.09518646707760259,-0.021979168038349428,0.21907920405774484,1.0,5126,0.5820330698438156
session_milddrop_us_open_fixed_10pct__tp04_sl02_buf3s,session_milddrop_us_open_fixed_10pct,session_single,,robust,tp04_sl02_buf3s,intraday,17,86.47808645407493,-0.13521913545925068,0.11764705882352941,0.13227606877129416,0.1436030667996159,9.586527315521458,2026-05-05T13:40:00+00:00,2026-06-02T15:30:01+00:00,2,15,0,0,-0.03379567567567565,0.0,0.016156176371592057,0.09138337260181757,5942,-0.03379567567567565,0.0,0.04926445432774547,0.25709887102292167,5846,-0.05266086225535882,-0.019525048796356526,0.05833008193523215,0.8595396020288724,5126,0.5815542062855614
session_milddrop_us_open_fixed_8pct__trail08_gap03_buf5s,session_milddrop_us_open_fixed_8pct,session_single,,robust,trail08_gap03_buf5s,intraday,18,87.97668703103314,-0.1202331296896686,0.16666666666666666,0.32808048355377945,0.1399876141916856,7.676267566366585,2026-05-05T13:40:00+00:00,2026-06-02T15:30:01+00:00,0,15,3,0,-0.04606080635551135,0.0,0.024234264557388085,0.09138337260181757,5942,-0.04606080635551135,0.0,0.0738966814916182,0.25709887102292167,5846,-0.04602411822187036,-0.018573342391037473,0.1037846273897776,0.8595396020288724,5126,0.5813220300148929
gate_breakout_fixed_6pct__tp04_sl02_buf3s,gate_breakout_fixed_6pct,gate_single,,robust,tp04_sl02_buf3s,intraday,88,80.18019631344652,-0.19819803686553483,0.4431818181818182,0.4632562879050771,0.24023624195269333,5.609137220072396,2026-05-03T22:30:00+00:00,2026-06-02T02:50:01+00:00,38,49,0,1,-0.04318423645320191,0.0,0.2022887916526422,0.49074385728710873,5942,-0.06285636855172416,-0.0014979951884523945,0.3546014368799179,0.8771809784468012,5846,-0.09186243919607928,-0.034894170921165424,0.1946937182988685,1.0,5126,0.5807232596326422
micro_book_consensus_up__tp06_sl03_buf3s,micro_book_consensus_up,microstructure,,full_refresh,tp06_sl03_buf3s,intraday,90,78.2984475357052,-0.21701552464294804,0.28888888888888886,0.44374461621868855,0.21879898460633557,3.683228631519913,2026-05-03T19:30:02+00:00,2026-06-02T14:55:01+00:00,25,63,0,2,-0.0441204899040053,0.0,0.12234937731403568,0.44580949175361834,5942,-0.057573608934985976,-0.0035087719298245723,0.17960998973657202,0.8320218953130345,5846,-0.10497556634590377,-0.03197520186565472,0.2625829106515802,1.0,5126,0.5802241570244777
session_breakout_us_open_fixed_4pct__settle,session_breakout_us_open_fixed_4pct,session_single,,robust,settle,settle,22,87.17023531195329,-0.12829764688046708,0.6818181818181818,0.497636520462437,0.170125968371357,3.809279309298098,2026-05-04T13:55:01+00:00,2026-06-01T14:35:02+00:00,0,0,0,22,-0.06809922994720974,0.0,0.052170986199932684,0.10198586334567486,5942,-0.06809922994720974,0.0,0.13513513513513514,0.2842969551830311,5846,-0.12640413599654887,-0.00368520713050291,0.34334763948497854,0.9106515801794772,5126,0.5799568488181158
session_milddrop_london_fixed_6pct__trail08_gap03_buf5s,session_milddrop_london_fixed_6pct,session_single,,robust,trail08_gap03_buf5s,intraday,133,73.83794784766864,-0.2616205215233136,0.37593984962406013,0.6215243467000217,0.296181874422316,5.032551477407821,2026-05-04T07:10:01+00:00,2026-06-02T12:55:02+00:00,0,78,49,6,-0.06483364972307704,0.0,0.15550319757657355,0.4145069000336587,5942,-0.06768184476224459,-0.0007894736842105621,0.2834416695176189,0.7853232979815258,5846,-0.1672529192288691,-0.023957659203246884,0.35134607881388996,1.0,5126,0.5766139687631266
micro_book_consensus_up__tp05_sl03_buf5s,micro_book_consensus_up,microstructure,,full_refresh,tp05_sl03_buf5s,intraday,91,78.19112528280166,-0.21808874717198334,0.31868131868131866,0.4337033082377698,0.22068645897539865,3.652360691686691,2026-05-03T19:30:02+00:00,2026-06-02T14:55:01+00:00,28,61,0,2,-0.0441204899040053,0.0,0.11225176708179065,0.44597778525748905,5942,-0.057573608934985976,-0.004135683609601926,0.16849127608621278,0.8320218953130345,5846,-0.09058162450375817,-0.02857575338151752,0.27077643386656264,1.0,5126,0.576521938366365
session_milddrop_asia_fixed_4pct__trail08_gap03_buf5s,session_milddrop_asia_fixed_4pct,session_single,,robust,trail08_gap03_buf5s,intraday,121,74.82742985296849,-0.25172570147031503,0.2975206611570248,0.4865026770129573,0.25222421865787653,3.4204687046715305,2026-05-03T23:45:00+00:00,2026-06-02T05:55:01+00:00,0,82,33,6,-0.045193306421991375,0.0,0.10400538539212387,0.38640188488724336,5942,-0.05046120542104238,-0.005225608874679377,0.1671228190215532,0.7517960998973657,5846,-0.10306478274414077,-0.04202163262260483,0.12875536480686695,1.0,5126,0.5757788215526789
session_milddrop_us_open_fixed_8pct__tp05_sl03_buf5s,session_milddrop_us_open_fixed_8pct,session_single,,robust,tp05_sl03_buf5s,intraday,18,86.85454808151809,-0.1314545191848191,0.16666666666666666,0.17507432932777972,0.136045260505135,7.586914865002331,2026-05-05T13:40:00+00:00,2026-06-02T15:30:01+00:00,3,15,0,0,-0.04335651381505923,0.0,0.024234264557388085,0.09138337260181757,5942,-0.04335651381505923,0.0,0.0738966814916182,0.25709887102292167,5846,-0.042308824825972424,-0.023653124457054253,0.10339445961763559,0.8595396020288724,5126,0.5733547179898423
gate_breakout_fixed_6pct__trail08_gap03_buf5s,gate_breakout_fixed_6pct,gate_single,,robust,trail08_gap03_buf5s,intraday,88,73.40715837527782,-0.26592841624722185,0.45454545454545453,0.5636475893189837,0.2959144218814053,5.219928528458726,2026-05-03T22:30:00+00:00,2026-06-02T02:50:01+00:00,0,47,19,22,-0.06000000000000005,0.0,0.21238640188488725,0.49074385728710873,5942,-0.06390383251188947,-0.004719101123595526,0.34040369483407457,0.8771809784468012,5846,-0.1184818231200292,-0.038258835422008475,0.17206398751463128,1.0,5126,0.5729396265322488
v2_strict_session_mix__tp12_sl06_buf5s,v2_strict_session_mix,refreshed_v2_mix,,full_refresh,tp12_sl06_buf5s,intraday,50,82.98723858482703,-0.17012761415172972,0.38,0.5344321552777387,0.18684247724501163,4.773202529710843,2026-05-04T16:00:00+00:00,2026-06-02T02:50:01+00:00,16,31,0,3,-0.0500039878787899,0.0,0.09424436216762033,0.26169639851901716,5942,-0.08419232245428654,0.0,0.1850838179952104,0.5648306534382483,5846,-0.10860575562422448,-0.012534113060428842,0.40011705033164263,1.0,5126,0.5717516324894031
session_milddrop_us_open_fixed_8pct__tp12_sl06_buf5s,session_milddrop_us_open_fixed_8pct,session_single,,robust,tp12_sl06_buf5s,intraday,17,87.87595079807458,-0.12124049201925413,0.23529411764705882,0.3236468341947417,0.1274443626011599,7.649018776571288,2026-05-05T13:40:00+00:00,2026-06-02T15:30:01+00:00,4,13,0,0,-0.054173683976867726,0.0,0.032312352743184114,0.09138337260181757,5942,-0.054173683976867726,0.0,0.09852890865549094,0.25709887102292167,5846,-0.04807287449260578,-0.02277372459450533,0.14865392118611004,0.8595396020288724,5126,0.5714537747737427
v2_micro_game_mix__tp06_sl03_buf3s,v2_micro_game_mix,refreshed_v2_mix,,full_refresh,tp06_sl03_buf3s,intraday,126,77.45106912076493,-0.22548930879235074,0.35714285714285715,0.6567054384472596,0.25304788387484883,3.1616082655742046,2026-05-03T16:20:01+00:00,2026-06-01T16:50:00+00:00,45,81,0,0,-0.06633671690761889,0.0,0.17250084146751934,0.44850218781555035,5942,-0.09325040923239081,0.0,0.24495381457406773,0.632398221005816,5846,-0.11749118934091862,-0.04440854218518675,0.23546625048770972,1.0,5126,0.5684114255164776
gate_breakout_fixed_8pct__tp08_sl04_buf5s,gate_breakout_fixed_8pct,gate_single,,robust,tp08_sl04_buf5s,intraday,88,76.13914357332979,-0.23860856426670207,0.4772727272727273,0.6339691473152245,0.34988442504205886,7.603020352840673,2026-05-03T22:30:00+00:00,2026-06-02T02:50:01+00:00,40,46,0,2,-0.06303030303030299,0.0,0.24368899360484686,0.49074385728710873,5942,-0.08318671268820421,-0.0009081257656184949,0.369483407458091,0.8771809784468012,5846,-0.1279341546755136,-0.05431497698442489,0.2465860319937573,1.0,5126,0.5680933287509069
gate_breakout_fixed_8pct__tp06_sl03_buf3s,gate_breakout_fixed_8pct,gate_single,,robust,tp06_sl03_buf3s,intraday,88,77.3570335589527,-0.22642966441047307,0.4659090909090909,0.5684223413057419,0.3032469444166176,7.600632090435066,2026-05-03T22:30:00+00:00,2026-06-02T02:50:01+00:00,40,47,0,1,-0.057374055829228165,0.0,0.23577919892292157,0.49074385728710873,5942,-0.08318671268820421,-0.00010461262875050004,0.37478617858364693,0.8771809784468012,5846,-0.12060269976427662,-0.03913846227287765,0.24502536090518923,1.0,5126,0.5655309886584947
session_milddrop_us_open_fixed_8pct__tp08_sl04_buf5s,session_milddrop_us_open_fixed_8pct,session_single,,robust,tp08_sl04_buf5s,intraday,18,86.38824543559616,-0.13611754564403844,0.16666666666666666,0.19936521938040222,0.14068364030080366,7.5845513816617105,2026-05-05T13:40:00+00:00,2026-06-02T15:30:01+00:00,3,15,0,0,-0.04606080635551135,0.0,0.024234264557388085,0.09138337260181757,5942,-0.04606080635551135,0.0,0.0738966814916182,0.25709887102292167,5846,-0.04376317740786162,-0.029004319372057497,0.11822083495903238,0.8595396020288724,5126,0.5649635315232749
session_breakout_asia_fixed_6pct__tp04_sl02_buf3s,session_breakout_asia_fixed_6pct,session_single,,robust,tp04_sl02_buf3s,intraday,60,82.26280668315862,-0.17737193316841382,0.4166666666666667,0.3866961643248346,0.209603146964814,5.3606419959985,2026-05-04T02:05:02+00:00,2026-06-02T03:50:00+00:00,25,35,0,0,-0.05254815098134347,0.0,0.09104678559407607,0.2778525748906092,5942,-0.05254815098134347,0.0,0.1671228190215532,0.6058843653780362,5846,-0.07256209072038378,-0.03667043579825835,0.04760046820132657,1.0,5126,0.5642895329743766
game_pm_squeeze_fade_down__settle,game_pm_squeeze_fade_down,game_theory,,full_refresh,settle,settle,126,91.15325037825791,-0.0884674962174209,0.3253968253968254,0.9695137252625173,0.4049501313619945,3.243736077169653,2026-05-03T15:55:02+00:00,2026-06-01T22:15:01+00:00,0,0,0,126,-0.13760303025518428,0.0,0.19606193200942443,0.4983170649612925,5942,-0.2559058519897305,0.0,0.3152582962709545,0.7375983578515224,5846,-0.3356588863767982,0.00910340391314346,0.5204838080374561,1.0,5126,0.5642631840226067
session_milddrop_london_fixed_6pct__tp05_sl03_buf5s,session_milddrop_london_fixed_6pct,session_single,,robust,tp05_sl03_buf5s,intraday,134,72.52324121947089,-0.2747675878052911,0.44029850746268656,0.5378338583564315,0.2986181548716903,5.180279943310864,2026-05-04T07:10:01+00:00,2026-06-02T12:55:02+00:00,59,75,0,0,-0.05166229267692313,0.0,0.16475934028946482,0.4145069000336587,5942,-0.05673467688214662,-0.003245299785320288,0.26924392747177556,0.7853232979815258,5846,-0.14769503541922357,-0.040198624969725594,0.12153726102223956,1.0,5126,0.563719020888227
v1_balanced_mix__tp08_sl04_buf5s,v1_balanced_mix,previous_v1_mix,prior_mixed_candidate,full_refresh,tp08_sl04_buf5s,intraday,115,74.08618018066109,-0.2591381981933891,0.43478260869565216,0.7155077504517015,0.33039185489096484,7.630800604565893,2026-05-04T02:05:02+00:00,2026-06-02T12:45:01+00:00,49,65,0,1,-0.0870043908957232,0.0,0.24032312352743185,0.5683271625715247,5942,-0.11229669471496884,-0.0071641791044776415,0.308587068080739,0.8903523776941499,5846,-0.1790789396028868,-0.061885915942820335,0.38236441669918064,1.0,5126,0.5630748081108947
game_pm_squeeze_fade_down__trail08_gap03_buf5s,game_pm_squeeze_fade_down,game_theory,,full_refresh,trail08_gap03_buf5s,intraday,126,70.9706294782567,-0.29029370521743303,0.3253968253968254,0.6539852464144315,0.30102160670639533,3.0453785601205494,2026-05-03T15:55:02+00:00,2026-06-01T21:30:01+00:00,0,84,41,1,-0.05424217909773943,0.0,0.15264220801077077,0.48014136654325146,5942,-0.06845324847949275,0.0,0.22459801573725624,0.7102292165583305,5846,-0.11543587082944406,-0.03864060446512696,0.21907920405774484,1.0,5126,0.5629109863672815
v1_conservative_mix__tp04_sl02_buf3s,v1_conservative_mix,previous_v1_mix,prior_mixed_candidate,full_refresh,tp04_sl02_buf3s,intraday,114,73.53501137726482,-0.26464988622735175,0.37719298245614036,0.507133278214917,0.2831165491690842,5.838503647976131,2026-05-04T02:05:02+00:00,2026-06-02T12:45:01+00:00,42,71,0,1,-0.044848484848484804,0.0,0.20077415011780544,0.5851565129585998,5942,-0.06640146967663818,-0.007465746281499652,0.28327061238453644,0.9168662333219295,5846,-0.14974526325524185,-0.03111852275006266,0.07101053452984783,1.0,5126,0.5628052086913353
game_pm_squeeze_fade_down__tp08_sl04_buf5s,game_pm_squeeze_fade_down,game_theory,,full_refresh,tp08_sl04_buf5s,intraday,126,73.46548300204394,-0.2653451699795606,0.31746031746031744,0.6436866158986491,0.2805647497821837,2.9619444748310135,2026-05-03T15:55:02+00:00,2026-06-01T21:30:01+00:00,40,86,0,0,-0.05353420083377658,0.0,0.15583978458431505,0.48014136654325146,5942,-0.08141453745936345,0.0,0.23058501539514198,0.7102292165583305,5846,-0.12187764520623712,-0.03906382176298717,0.26024190401872804,1.0,5126,0.5612750601443464
classic_breakout_up__settle,classic_breakout_up,classic_quant,prior_validation_selected,full_refresh,settle,settle,97,76.01873957776175,-0.23981260422238249,0.7319587628865979,0.7820703270454908,0.41959743476004363,4.245973010032875,2026-05-04T09:25:02+00:00,2026-06-02T03:35:01+00:00,0,0,0,97,-0.09973544973544979,0.0,0.33153820262537864,0.5112756647593403,5942,-0.09973544973544979,0.0,0.4834074580910024,0.8985631200821074,5846,-0.2652163962578892,-0.03694692088233131,0.24951229028482247,1.0,5126,0.5601939893840455
v2_micro_game_mix__tp05_sl03_buf5s,v2_micro_game_mix,refreshed_v2_mix,,full_refresh,tp05_sl03_buf5s,intraday,126,76.9073185175472,-0.23092681482452804,0.36507936507936506,0.6585018921543236,0.26947119734594677,3.1436580690816993,2026-05-03T16:20:01+00:00,2026-06-01T16:50:00+00:00,46,80,0,0,-0.06827492657002898,0.0,0.18125210366879838,0.44850218781555035,5942,-0.09674479923366641,0.0,0.25470407115976734,0.632398221005816,5846,-0.12382187244820286,-0.051706975796020904,0.2294186500195084,1.0,5126,0.5599767059991598
session_milddrop_us_open_fixed_12pct__tp04_sl02_buf3s,session_milddrop_us_open_fixed_12pct,session_single,,robust,tp04_sl02_buf3s,intraday,17,83.97710039330065,-0.1602289960669936,0.11764705882352941,0.13352467098195026,0.16996642180321211,11.408156955709215,2026-05-05T13:40:00+00:00,2026-06-02T15:30:01+00:00,2,15,0,0,-0.0404629448648649,0.0,0.016156176371592057,0.09138337260181757,5942,-0.0404629448648649,0.0,0.04926445432774547,0.25709887102292167,5846,-0.06292397803628558,-0.023408197787898377,0.05833008193523215,0.8595396020288724,5126,0.5586668957879865
session_milddrop_asia_fixed_4pct__tp06_sl03_buf3s,session_milddrop_asia_fixed_4pct,session_single,,robust,tp06_sl03_buf3s,intraday,125,73.75243349285502,-0.2624756650714498,0.304,0.38386858372605626,0.2624756650714498,3.4712114617877976,2026-05-03T23:45:00+00:00,2026-06-02T05:55:01+00:00,38,87,0,0,-0.03345518905321199,0.0,0.0854930999663413,0.3852238303601481,5942,-0.0378274824498932,-0.004307692307692346,0.1505302771125556,0.7505986999657885,5846,-0.0858892137488324,-0.04135485237618264,0.0005852516582130316,1.0,5126,0.5577488830335663
v1_adaptive_mix__tp06_sl03_buf3s,v1_adaptive_mix,previous_v1_mix,prior_mixed_candidate,full_refresh,tp06_sl03_buf3s,intraday,115,72.71646351318199,-0.27283536486818005,0.4,0.6169819513001409,0.3092125916435301,7.477273562285709,2026-05-04T02:05:02+00:00,2026-06-02T12:45:01+00:00,45,69,0,1,-0.05148227651515336,0.0,0.22231571861326152,0.5861662739818243,5942,-0.09020518938976974,-0.008872200379082984,0.2841258980499487,0.9180636332535067,5846,-0.1840181284433594,-0.028731899187599774,0.1982052282481467,1.0,5126,0.5573532668881506
session_milddrop_us_open_fixed_10pct__settle,session_milddrop_us_open_fixed_10pct,session_single,,robust,settle,settle,20,98.4647007524594,-0.015352992475406113,0.6,0.9770515663917337,0.43701970277424107,7.872406012332335,2026-05-05T13:40:00+00:00,2026-06-02T15:30:01+00:00,0,0,0,20,-0.19317042994123113,0.0,0.046617300572197914,0.09155166610568832,5942,-0.19317042994123113,0.0,0.1294902497434143,0.2572699281560041,5846,-0.27511405815032486,0.0,0.4016777214202107,0.8603199375731565,5126,0.5557299423378012
v1_adaptive_mix__tp08_sl04_buf5s,v1_adaptive_mix,previous_v1_mix,prior_mixed_candidate,full_refresh,tp08_sl04_buf5s,intraday,115,72.49240402354658,-0.27507595976453414,0.41739130434782606,0.69538708361521,0.34287580861376593,7.492360565046284,2026-05-04T02:05:02+00:00,2026-06-02T12:45:01+00:00,47,67,0,1,-0.08893391954485941,0.0,0.23460114439582633,0.5747223157186132,5942,-0.1054809898330703,-0.007817587399991277,0.3268901813205611,0.8992473486144372,5846,-0.1709647789654467,-0.05696394278364858,0.3731954740538432,1.0,5126,0.5554431588192614
session_breakout_asia_fixed_8pct__settle,session_breakout_asia_fixed_8pct,session_single,,robust,settle,settle,65,85.9334887428997,-0.140665112571003,0.7230769230769231,0.8894623561410274,0.3632683068239936,6.76255805277366,2026-05-04T02:05:02+00:00,2026-06-02T03:50:00+00:00,0,0,0,65,-0.16606189601903643,0.0,0.15785930663076406,0.27802086839448,5942,-0.16606189601903643,0.0,0.3044816968867602,0.6060554225111188,5846,-0.2693057521989697,-0.02264666767781931,0.4418650019508389,1.0,5126,0.5528185741016535
v2_micro_game_mix__tp04_sl02_buf3s,v2_micro_game_mix,refreshed_v2_mix,,full_refresh,tp04_sl02_buf3s,intraday,126,76.91273424260491,-0.23087265757395092,0.30158730158730157,0.6109777595908067,0.2556043615433188,3.229776775594976,2026-05-03T16:20:01+00:00,2026-06-01T16:50:00+00:00,38,88,0,0,-0.06421647587545465,0.0,0.1600471221810838,0.44850218781555035,5942,-0.0891350435356032,0.0,0.21741361614779336,0.632398221005816,5846,-0.11244982079523269,-0.04705452272091193,0.27896995708154504,1.0,5126,0.5525123152709359
session_breakout_asia_fixed_6pct__tp12_sl06_buf5s,session_breakout_asia_fixed_6pct,session_single,,robust,tp12_sl06_buf5s,intraday,60,78.90739057086408,-0.21092609429135922,0.45,0.5228591445601724,0.27318992364570094,5.40658687149121,2026-05-04T02:05:02+00:00,2026-06-02T03:50:00+00:00,17,33,0,10,-0.06469853597847652,0.0,0.11595422416694716,0.27768428138673845,5942,-0.06469853597847652,0.0,0.2088607594936709,0.6057133082449538,5846,-0.10322803045366857,-0.029837623880597075,0.14124073351541164,1.0,5126,0.5502833466987437
game_pm_overshoot_fade_up__tp08_sl04_buf5s,game_pm_overshoot_fade_up,game_theory,,full_refresh,tp08_sl04_buf5s,intraday,126,77.22517828916521,-0.2277482171083478,0.35714285714285715,0.7027258410516898,0.26268523538030947,3.2229377214360873,2026-05-03T16:20:01+00:00,2026-06-01T14:30:00+00:00,45,81,0,0,-0.07912837019141061,0.0,0.1590373611578593,0.41770447660720295,5942,-0.11029628427818283,0.0,0.2061238453643517,0.5942524803284297,5846,-0.13269180787602441,-0.0717164451867498,0.20698400312134219,1.0,5126,0.5500759919043801
classic_sharpdrop_reversal_up__tp08_sl04_buf5s,classic_sharpdrop_reversal_up,classic_quant,,full_refresh,tp08_sl04_buf5s,intraday,126,82.01325956554251,-0.17986740434457493,0.3253968253968254,0.8480034424457219,0.3370600875601459,3.5530882111725903,2026-05-03T15:50:00+00:00,2026-06-01T23:25:01+00:00,41,84,0,1,-0.09339044102564087,0.0,0.18444968024234265,0.48081454055873446,5942,-0.15235416331189444,0.0,0.21741361614779336,0.6065685939103661,5846,-0.2044128701224046,-0.023790031488035712,0.31154896605540383,1.0,5126,0.5500145110169168
session_milddrop_us_afternoon_fixed_12pct__tp12_sl06_buf5s,session_milddrop_us_afternoon_fixed_12pct,session_single,,robust,tp12_sl06_buf5s,intraday,40,80.83114064300091,-0.1916885935699909,0.35,0.63492408645047,0.27160530847640146,9.943645305648085,2026-05-04T16:00:00+00:00,2026-06-01T17:15:01+00:00,13,26,0,1,-0.09675569658675676,0.0,0.0558734432850892,0.17283742847526085,5942,-0.09675569658675676,0.0,0.13889839206294902,0.43841943209031814,5846,-0.17697090443210461,-0.042741007058823444,0.35427233710495515,1.0,5126,0.5485229312254172
classic_sharpdrop_reversal__tp08_sl04_buf5s,classic_sharpdrop_reversal,classic_quant,,full_refresh,tp08_sl04_buf5s,intraday,126,82.01325956554251,-0.17986740434457493,0.3253968253968254,0.8480034424457219,0.3370600875601459,3.5530882111725903,2026-05-03T15:50:00+00:00,2026-06-01T23:25:01+00:00,41,84,0,1,-0.09339044102564087,0.0,0.18444968024234265,0.48081454055873446,5942,-0.15235416331189444,0.0,0.21741361614779336,0.6065685939103661,5846,-0.2044128701224046,-0.023790031488035712,0.31154896605540383,1.0,5126,0.5481727574750831
classic_sharpdrop_reversal_up__tp12_sl06_buf5s,classic_sharpdrop_reversal_up,classic_quant,,full_refresh,tp12_sl06_buf5s,intraday,126,82.96545429957033,-0.1703454570042967,0.30952380952380953,0.8786358006824637,0.3330768682078554,3.5582984772634627,2026-05-03T15:50:00+00:00,2026-06-02T01:35:01+00:00,39,86,0,1,-0.11879108061538457,0.0,0.18276674520363514,0.48990238976775496,5942,-0.1776902764247369,0.0,0.23400615805679098,0.6152925076975709,5846,-0.226037340569883,0.00443481829572856,0.5690596956691377,1.0,5126,0.5465601252529881
session_breakout_asia_fixed_10pct__tp06_sl03_buf3s,session_breakout_asia_fixed_10pct,session_single,,robust,tp06_sl03_buf3s,intraday,61,79.85484125677891,-0.20145158743221092,0.45901639344262296,0.556028142348605,0.28136656486234096,8.66191265590737,2026-05-04T02:05:02+00:00,2026-06-02T03:50:00+00:00,28,33,0,0,-0.0831762228200944,0.0,0.0991248737798721,0.2778525748906092,5942,-0.0831762228200944,0.0,0.17482039001026342,0.6058843653780362,5846,-0.11058285342557861,-0.03930166823178305,0.11646507998439329,1.0,5126,0.5464814602665444
classic_sharpdrop_reversal_up__trail08_gap03_buf5s,classic_sharpdrop_reversal_up,classic_quant,,full_refresh,trail08_gap03_buf5s,intraday,126,83.93344575906683,-0.16066554240933173,0.3333333333333333,0.8689265114963983,0.3547636515104788,3.410778126355487,2026-05-03T15:50:00+00:00,2026-06-01T23:25:01+00:00,0,81,44,1,-0.11238220553846145,0.0,0.15415684954560754,0.48081454055873446,5942,-0.17170976467888066,0.0,0.20270270270270271,0.6065685939103661,5846,-0.21935152672581193,-0.06773987405227266,0.39153335934451816,1.0,5126,0.5454683621644327
classic_sharpdrop_reversal__tp12_sl06_buf5s,classic_sharpdrop_reversal,classic_quant,,full_refresh,tp12_sl06_buf5s,intraday,126,82.96545429957033,-0.1703454570042967,0.30952380952380953,0.8786358006824637,0.3330768682078554,3.5582984772634627,2026-05-03T15:50:00+00:00,2026-06-02T01:35:01+00:00,39,86,0,1,-0.11879108061538457,0.0,0.18276674520363514,0.48990238976775496,5942,-0.1776902764247369,0.0,0.23400615805679098,0.6152925076975709,5846,-0.226037340569883,0.00443481829572856,0.5690596956691377,1.0,5126,0.5450467789361133
v2_micro_game_mix__tp08_sl04_buf5s,v2_micro_game_mix,refreshed_v2_mix,,full_refresh,tp08_sl04_buf5s,intraday,126,76.67853919827509,-0.23321460801724914,0.3492063492063492,0.6987468246035762,0.26790432430390365,3.2364744492083717,2026-05-03T16:20:01+00:00,2026-06-01T14:30:00+00:00,44,82,0,0,-0.07912837019141061,0.0,0.15247391450690004,0.4180410636149445,5942,-0.11029628427818283,0.0,0.1888470749230243,0.5903181662675333,5846,-0.13106686828740344,-0.05498699416116837,0.2052282481467031,1.0,5126,0.5447069156451674
session_milddrop_us_afternoon_fixed_12pct__trail08_gap03_buf5s,session_milddrop_us_afternoon_fixed_12pct,session_single,,robust,trail08_gap03_buf5s,intraday,39,78.85950577802255,-0.21140494221977446,0.28205128205128205,0.4962542508353768,0.2114049422197745,10.413219991705292,2026-05-04T16:00:00+00:00,2026-06-01T17:15:01+00:00,0,22,16,1,-0.06734204220152229,0.0,0.03450016829350387,0.17283742847526085,5942,-0.06734204220152229,0.0,0.08433116660964762,0.43841943209031814,5846,-0.13961839271248833,-0.03154745854800933,0.19566913772922356,1.0,5126,0.544645052888838
classic_sharpdrop_reversal__trail08_gap03_buf5s,classic_sharpdrop_reversal,classic_quant,,full_refresh,trail08_gap03_buf5s,intraday,126,83.93344575906683,-0.16066554240933173,0.3333333333333333,0.8689265114963983,0.3547636515104788,3.410778126355487,2026-05-03T15:50:00+00:00,2026-06-01T23:25:01+00:00,0,81,44,1,-0.11238220553846145,0.0,0.15415684954560754,0.48081454055873446,5942,-0.17170976467888066,0.0,0.20270270270270271,0.6065685939103661,5846,-0.21935152672581193,-0.06773987405227266,0.39153335934451816,1.0,5126,0.543626608622599
game_pm_squeeze_fade_down__tp12_sl06_buf5s,game_pm_squeeze_fade_down,game_theory,,full_refresh,tp12_sl06_buf5s,intraday,126,69.23336985531576,-0.30766630144684237,0.31746031746031744,0.633723802203658,0.31607670947892585,2.9537554184074697,2026-05-03T15:55:02+00:00,2026-06-01T21:30:01+00:00,40,86,0,0,-0.05424217909773943,0.0,0.1610568832043083,0.48014136654325146,5942,-0.078033117447175,0.0,0.21878207321245297,0.7102292165583305,5846,-0.1177916650983779,-0.046591105145274814,0.18376902067889192,1.0,5126,0.5429675029594837
classic_milddrop_down__tp04_sl02_buf3s,classic_milddrop_down,classic_quant,,full_refresh,tp04_sl02_buf3s,intraday,126,73.35851994908596,-0.26641480050914046,0.30158730158730157,0.44171888928287845,0.27097123031964265,4.237078501230173,2026-05-03T18:00:01+00:00,2026-06-02T08:10:00+00:00,37,88,0,1,-0.03924974686028271,0.0,0.1277347694378997,0.567485695052171,5942,-0.05251610489972147,-0.006707317073170738,0.13205610673965104,0.7487170715018816,5846,-0.11475581625975162,-0.03420271160575228,0.1685524775653531,1.0,5126,0.5427777141329667
session_milddrop_london_fixed_6pct__tp04_sl02_buf3s,session_milddrop_london_fixed_6pct,session_single,,robust,tp04_sl02_buf3s,intraday,132,72.4874836255693,-0.27512516374430707,0.4015151515151515,0.43394548788355725,0.2840718908282846,5.070985394483343,2026-05-04T07:10:01+00:00,2026-06-02T12:55:02+00:00,53,79,0,0,-0.05166229267692313,0.0,0.14119824974755973,0.41299225849882193,5942,-0.05269799164957423,-0.004067796610169538,0.21638727334929866,0.7848101265822784,5846,-0.10553637564628526,-0.040004007014130094,0.11783066718689036,1.0,5126,0.5393515866651392
session_milddrop_london_fixed_8pct__tp08_sl04_buf5s,session_milddrop_london_fixed_8pct,session_single,,robust,tp08_sl04_buf5s,intraday,134,67.76921315763443,-0.3223078684236558,0.40298507462686567,0.6445745379502937,0.3598935190367455,6.8899287128818045,2026-05-04T07:10:01+00:00,2026-06-02T12:55:02+00:00,52,80,0,2,-0.0781474899330773,0.0,0.1679569168630091,0.41400201952204646,5942,-0.07948771100762975,-0.0009432171147500945,0.27779678412589803,0.7848101265822784,5846,-0.22578186291215052,-0.03832822481040654,0.21790870074131877,1.0,5126,0.5357001565662352
session_breakout_asia_fixed_6pct__tp08_sl04_buf5s,session_breakout_asia_fixed_6pct,session_single,,robust,tp08_sl04_buf5s,intraday,60,79.10456718095857,-0.20895432819041426,0.43333333333333335,0.46486045007683263,0.27275875844567915,5.409627637258228,2026-05-04T02:05:02+00:00,2026-06-02T03:50:00+00:00,26,34,0,0,-0.06469853597847652,0.0,0.1011443958263211,0.27768428138673845,5942,-0.06469853597847652,0.0,0.17858364693807732,0.6057133082449538,5846,-0.10477285727459251,-0.03048054129353228,0.035115099492781895,1.0,5126,0.5343930194371252
game_pm_overshoot_fade_up__trail08_gap03_buf5s,game_pm_overshoot_fade_up,game_theory,,full_refresh,trail08_gap03_buf5s,intraday,126,76.48973098265608,-0.2351026901734392,0.3492063492063492,0.7148626311749964,0.28667449243235466,3.1058645941341627,2026-05-03T16:20:01+00:00,2026-06-01T14:30:00+00:00,0,79,47,0,-0.07912837019141061,0.0,0.15011780545270953,0.42090205318074725,5942,-0.11783323729698669,0.0,0.2023605884365378,0.5942524803284297,5846,-0.13899401257975041,-0.06325256402380741,0.2368318376902068,1.0,5126,0.5336140069500133
gate_breakout_fixed_8pct__tp05_sl03_buf5s,gate_breakout_fixed_8pct,gate_single,,robust,tp05_sl03_buf5s,intraday,88,73.93786037416632,-0.2606213962583368,0.4772727272727273,0.5358770982083798,0.348012718826129,7.532337787208164,2026-05-03T22:30:00+00:00,2026-06-02T02:50:01+00:00,41,46,0,1,-0.06303030303030299,0.0,0.23645237293840457,0.49074385728710873,5942,-0.08318671268820421,-0.0006680428076679679,0.376325692781389,0.8771809784468012,5846,-0.14454073702362624,-0.049783464266829,0.21634802965275068,1.0,5126,0.533136288998358
session_milddrop_us_open_fixed_10pct__tp06_sl03_buf3s,session_milddrop_us_open_fixed_10pct,session_single,,robust,tp06_sl03_buf3s,intraday,18,85.01499990090464,-0.14985000099095358,0.16666666666666666,0.20296730168490754,0.15544040964303232,9.549429158162669,2026-05-05T13:40:00+00:00,2026-06-02T15:30:01+00:00,3,15,0,0,-0.06283582089552242,0.0,0.024234264557388085,0.09138337260181757,5942,-0.06283582089552242,0.0,0.0738966814916182,0.25709887102292167,5846,-0.06283582089552242,-0.017193242888019045,0.10515021459227468,0.8595396020288724,5126,0.5323251995264826
gate_milddrop_fixed_4pct__tp12_sl06_buf5s,gate_milddrop_fixed_4pct,gate_single,,robust,tp12_sl06_buf5s,intraday,312,62.227415761165986,-0.37772584238834017,0.38461538461538464,0.6543329031753232,0.3933286168342786,2.9284858361621717,2026-05-03T18:00:01+00:00,2026-06-02T15:30:01+00:00,117,192,0,3,-0.05485655814139723,-0.004776119402985057,0.34651632446987546,0.9488387748232918,5942,-0.0884940221707411,-0.011102219314802486,0.31183715360930553,1.0,5846,-0.21974370441401103,-0.06045025003888349,0.21771361685524776,1.0,5126,0.5314850880207737
session_breakout_london_fixed_8pct__settle,session_breakout_london_fixed_8pct,session_single,,robust,settle,settle,50,87.50552278478565,-0.1249447721521435,0.72,0.8883586771038172,0.43120889395342415,7.424999209100493,2026-05-04T09:25:02+00:00,2026-06-02T08:30:01+00:00,0,0,0,50,-0.2245221581593424,0.0,0.20296196566812522,0.2805452709525412,5942,-0.2245221581593424,0.0,0.44166951761888473,0.6399247348614437,5846,-0.25390568446754747,-0.022707550660737374,0.3741708934841982,1.0,5126,0.5310753427273075
v1_balanced_mix__tp04_sl02_buf3s,v1_balanced_mix,previous_v1_mix,prior_mixed_candidate,full_refresh,tp04_sl02_buf3s,intraday,114,69.41739954520958,-0.3058260045479042,0.39473684210526316,0.5297823053498012,0.3274908784716576,7.275466352935658,2026-05-04T02:05:02+00:00,2026-06-02T12:45:01+00:00,44,69,0,1,-0.05606060606060603,0.0,0.20043756311006394,0.5812857623695725,5942,-0.0828592689590606,-0.00927536231884063,0.26907287033869315,0.9091686623332192,5846,-0.17364935444411478,-0.03872259190741878,0.185524775653531,1.0,5126,0.5305097949364188
session_milddrop_asia_fixed_6pct__tp04_sl02_buf3s,session_milddrop_asia_fixed_6pct,session_single,,robust,tp04_sl02_buf3s,intraday,129,70.3336203550839,-0.2966637964491611,0.3333333333333333,0.41706763153002213,0.2966637964491611,5.115941195182032,2026-05-03T23:45:00+00:00,2026-06-02T05:55:01+00:00,43,86,0,0,-0.03812731213344245,0.0,0.08599798047795355,0.3852238303601481,5942,-0.04637220794725461,-0.003913043478260825,0.1518987341772152,0.7505986999657885,5846,-0.09984938817041777,-0.04597781168114179,0.0963714397190792,1.0,5126,0.5301390002673083
session_breakout_asia_fixed_8pct__tp05_sl03_buf5s,session_breakout_asia_fixed_8pct,session_single,,robust,tp05_sl03_buf5s,intraday,61,78.74947569633574,-0.21250524303664264,0.45901639344262296,0.4892987141716239,0.28972995114357725,7.042362218295492,2026-05-04T02:05:02+00:00,2026-06-02T03:50:00+00:00,28,33,0,0,-0.07042395121493572,0.0,0.09727364523729384,0.2778525748906092,5942,-0.07042395121493572,0.0,0.17293876154635648,0.6058843653780362,5846,-0.11046907298786879,-0.03481244178729781,0.05618415918845104,1.0,5126,0.5296456256921372
gate_milddrop_fixed_4pct__tp06_sl03_buf3s,gate_milddrop_fixed_4pct,gate_single,,robust,tp06_sl03_buf3s,intraday,313,60.103920096137315,-0.3989607990386268,0.34824281150159747,0.531309464663303,0.4019510438195292,3.0905721545709683,2026-05-03T18:00:01+00:00,2026-06-02T15:30:01+00:00,108,204,0,1,-0.03485449711281641,-0.004278998797586309,0.2677549646583642,0.9463143722652305,5942,-0.05419219091264993,-0.012938720815767413,0.2406773862470065,1.0,5846,-0.14266610430654902,-0.06429000740894297,0.02945766679672259,1.0,5126,0.5277672127391453
portfolio_micro_ts_mix__tp12_sl06_buf5s,portfolio_micro_ts_mix,portfolio_mix,,qrf,tp12_sl06_buf5s,intraday,376,62.95529373922768,-0.3704470626077232,0.34308510638297873,0.7998056344472396,0.4382451294835754,2.3145461322599186,2026-05-03T16:10:02+00:00,2026-06-02T12:55:02+00:00,129,247,0,0,-0.07572228278300741,-0.005813501574216007,0.3719286435543588,0.9402558061258836,5942,-0.10653833145549585,-0.013247017734713373,0.3590489223400616,1.0,5846,-0.24783377168747822,-0.04927772679004805,0.2803355442840421,1.0,5126,0.5277412456562416
session_milddrop_us_open_fixed_12pct__settle,session_milddrop_us_open_fixed_12pct,session_single,,robust,settle,settle,20,96.34137068139066,-0.03658629318609341,0.6,0.9524966473532408,0.5027453295004992,8.952304042388898,2026-05-05T13:40:00+00:00,2026-06-02T15:30:01+00:00,0,0,0,20,-0.22931914630374273,0.0,0.046617300572197914,0.09155166610568832,5942,-0.22931914630374273,0.0,0.1294902497434143,0.2572699281560041,5846,-0.323245875347974,0.0,0.4016777214202107,0.8603199375731565,5126,0.5273475388551572
session_milddrop_asia_fixed_4pct__tp05_sl03_buf5s,session_milddrop_asia_fixed_4pct,session_single,,robust,tp05_sl03_buf5s,intraday,125,72.57796464837847,-0.2742203535162153,0.312,0.35729066962768297,0.2742203535162153,3.4894394840514655,2026-05-03T23:45:00+00:00,2026-06-02T05:55:01+00:00,39,86,0,0,-0.04331745830101297,0.0,0.08801750252440256,0.3852238303601481,5942,-0.048595706806938366,-0.00457142857142856,0.15104344851180293,0.7505986999657885,5846,-0.08298617887654491,-0.04838962732172064,0.0,1.0,5126,0.5271829533738114
portfolio_micro_ts_mix__tp04_sl02_buf3s,portfolio_micro_ts_mix,portfolio_mix,,qrf,tp04_sl02_buf3s,intraday,375,59.89703956581052,-0.4010296043418947,0.33066666666666666,0.6478891981533702,0.41616033635701616,2.3467918729954507,2026-05-03T16:10:02+00:00,2026-06-02T15:30:01+00:00,124,251,0,0,-0.0418067066441441,-0.005099804129605201,0.2931672837428475,0.9397509256142713,5942,-0.07800502931478481,-0.013408482140423006,0.31645569620253167,1.0,5846,-0.19268103808252368,-0.048844994695737554,0.06379243074522044,1.0,5126,0.5243781265513423
gate_milddrop_fixed_4pct__tp05_sl03_buf5s,gate_milddrop_fixed_4pct,gate_single,,robust,tp05_sl03_buf5s,intraday,315,60.23056656526517,-0.39769433434734824,0.3904761904761905,0.5391857680578586,0.4006908799476102,3.1168424328797784,2026-05-03T18:00:01+00:00,2026-06-02T15:30:01+00:00,122,192,0,1,-0.044404742911848816,-0.004210526315789442,0.2785257489060922,0.9474924267923258,5942,-0.05843051675618227,-0.014036620870103933,0.23742730071843995,1.0,5846,-0.1442464344074399,-0.06780736127524623,0.020678891923527117,1.0,5126,0.5235903310803071
portfolio_micro_ts_mix__tp06_sl03_buf3s,portfolio_micro_ts_mix,portfolio_mix,,qrf,tp06_sl03_buf3s,intraday,375,57.96043162881488,-0.4203956837118512,0.3466666666666667,0.6734839771503044,0.43325504968082557,2.298733506490808,2026-05-03T16:10:02+00:00,2026-06-02T15:30:01+00:00,130,245,0,0,-0.04841588064845492,-0.004986425063938538,0.31252103668798387,0.9336923594749242,5942,-0.0781610367654515,-0.011346005337920184,0.31645569620253167,1.0,5846,-0.21437400702185783,-0.06114039274538807,0.04038236441669918,1.0,5126,0.5220067208920457
v1_adaptive_mix__tp04_sl02_buf3s,v1_adaptive_mix,previous_v1_mix,prior_mixed_candidate,full_refresh,tp04_sl02_buf3s,intraday,114,67.72650249426871,-0.32273497505731286,0.37719298245614036,0.49914789341618426,0.3420705454562608,7.069139990346423,2026-05-04T02:05:02+00:00,2026-06-02T12:45:01+00:00,42,71,0,1,-0.05148227651515336,0.0,0.20380343318747896,0.5851565129585998,5942,-0.07724774122280076,-0.008784477833312154,0.27677044132740336,0.9168662333219295,5846,-0.17829432270462697,-0.03887024821879459,0.10690596956691377,1.0,5126,0.5187551074960859
gate_milddrop_fixed_4pct__trail08_gap03_buf5s,gate_milddrop_fixed_4pct,gate_single,,robust,trail08_gap03_buf5s,intraday,312,59.386618848706966,-0.4061338115129304,0.33653846153846156,0.6043821579106518,0.40825663869602136,2.9054962423866946,2026-05-03T18:00:01+00:00,2026-06-02T15:30:01+00:00,0,195,102,15,-0.04905712674530882,-0.0051633617785762365,0.2997307303938068,0.9488387748232918,5942,-0.0719750513159001,-0.012616846982276386,0.2981525829627095,1.0,5846,-0.21572863688930943,-0.05371488747447284,0.1775263363246196,1.0,5126,0.518235383969145
session_milddrop_london_fixed_8pct__tp06_sl03_buf3s,session_milddrop_london_fixed_8pct,session_single,,robust,tp06_sl03_buf3s,intraday,134,66.52643540546003,-0.3347356459453996,0.40298507462686567,0.5490443388487386,0.357979774128626,6.664423998906337,2026-05-04T07:10:01+00:00,2026-06-02T12:55:02+00:00,54,80,0,0,-0.06857547593455438,0.0,0.14826657691013126,0.4145069000336587,5942,-0.06996697179533806,-0.005405405405405461,0.24837495723571673,0.7853232979815258,5846,-0.15638481367609336,-0.049161487504852386,0.10436987904799064,1.0,5126,0.5158719975560393
session_milddrop_us_open_fixed_10pct__trail08_gap03_buf5s,session_milddrop_us_open_fixed_10pct,session_single,,robust,trail08_gap03_buf5s,intraday,18,83.76150763479257,-0.16238492365207435,0.16666666666666666,0.30932237484138797,0.18569442085509716,9.471432290990437,2026-05-05T13:40:00+00:00,2026-06-02T15:30:01+00:00,0,15,3,0,-0.06707638279192285,0.0,0.024234264557388085,0.09138337260181757,5942,-0.06707638279192285,0.0,0.0738966814916182,0.25709887102292167,5846,-0.06707638279192285,-0.024315142850597327,0.1037846273897776,0.8595396020288724,5126,0.5158357200137472
session_milddrop_us_open_fixed_10pct__tp12_sl06_buf5s,session_milddrop_us_open_fixed_10pct,session_single,,robust,tp12_sl06_buf5s,intraday,17,83.64514607587915,-0.1635485392412085,0.23529411764705882,0.30506566414876446,0.17088105986800087,9.428013309721164,2026-05-05T13:40:00+00:00,2026-06-02T15:30:01+00:00,4,13,0,0,-0.06740432657670814,0.0,0.032312352743184114,0.09138337260181757,5942,-0.06740432657670814,0.0,0.09852890865549094,0.25709887102292167,5846,-0.06707638279192285,-0.029265430638836576,0.14865392118611004,0.8595396020288724,5126,0.5154362851796692
session_milddrop_us_open_fixed_10pct__tp05_sl03_buf5s,session_milddrop_us_open_fixed_10pct,session_single,,robust,tp05_sl03_buf5s,intraday,18,82.4482622782034,-0.175517377217966,0.16666666666666666,0.16429530066586734,0.18093900257027068,9.335367093589225,2026-05-05T13:40:00+00:00,2026-06-02T15:30:01+00:00,3,15,0,0,-0.05859525899912199,0.0,0.024234264557388085,0.09138337260181757,5942,-0.05859525899912199,0.0,0.0738966814916182,0.25709887102292167,5846,-0.05859525899912199,-0.0393209552517404,0.10339445961763559,0.8595396020288724,5126,0.5151556115629893
session_milddrop_asia_fixed_4pct__settle,session_milddrop_asia_fixed_4pct,session_single,,robust,settle,settle,134,75.0297976209114,-0.24970202379088602,0.6492537313432836,0.8413396606010755,0.4002526989941549,3.205855217869293,2026-05-03T23:45:00+00:00,2026-06-02T05:55:01+00:00,0,0,0,134,-0.14107014972382115,0.0,0.1889936048468529,0.38640188488724336,5942,-0.1528666148654192,0.0,0.32723229558672595,0.7517960998973657,5846,-0.20804095488621377,-0.021146478611011932,0.3753413968006243,1.0,5126,0.5149956085080384
gate_milddrop_fixed_4pct__tp04_sl02_buf3s,gate_milddrop_fixed_4pct,gate_single,,robust,tp04_sl02_buf3s,intraday,316,60.40759517515517,-0.3959240482484483,0.33544303797468356,0.46836870367070815,0.3989294012422371,3.0973783488840017,2026-05-03T18:00:01+00:00,2026-06-02T15:30:01+00:00,105,210,0,1,-0.03485449711281641,-0.004388275599543245,0.24907438572871088,0.9474924267923258,5942,-0.051930754492112596,-0.013611484184454459,0.1965446459117345,1.0,5846,-0.1252181762904344,-0.060658276090222674,0.026531408505657432,1.0,5126,0.5149264902432504
portfolio_micro_ts_mix__tp05_sl03_buf5s,portfolio_micro_ts_mix,portfolio_mix,,qrf,tp05_sl03_buf5s,intraday,374,56.614697827377825,-0.43385302172622175,0.3582887700534759,0.6608759015468431,0.44574910090925784,2.1955118782884138,2026-05-03T16:10:02+00:00,2026-06-02T15:30:01+00:00,134,240,0,0,-0.050282019639224185,-0.004405145482677231,0.32093571188152137,0.9336923594749242,5942,-0.07855633099137105,-0.01050129182802828,0.3159425248032843,1.0,5846,-0.20878149424819004,-0.08190798052536108,0.05598907530238002,1.0,5126,0.5129541375491656
v2_micro_game_mix__trail08_gap03_buf5s,v2_micro_game_mix,refreshed_v2_mix,,full_refresh,trail08_gap03_buf5s,intraday,126,73.64690878161224,-0.2635309121838776,0.3412698412698413,0.6802376256563925,0.31318599356371574,3.0783069718670912,2026-05-03T16:20:01+00:00,2026-06-01T14:30:00+00:00,0,80,46,0,-0.07912837019141061,0.0,0.15045439246045103,0.4212386401884887,5942,-0.11783323729698669,0.0,0.19209716045159084,0.5903181662675333,5846,-0.14080933775830717,-0.08657240364168373,0.2368318376902068,1.0,5126,0.5126879749494023
gate_breakout_fixed_10pct__tp06_sl03_buf3s,gate_breakout_fixed_10pct,gate_single,,robust,tp06_sl03_buf3s,intraday,88,72.48173665326074,-0.2751826334673926,0.4659090909090909,0.5740562732398848,0.36387854032429556,9.392951735043917,2026-05-03T22:30:00+00:00,2026-06-02T02:50:01+00:00,40,47,0,1,-0.07146141215106727,0.0,0.23577919892292157,0.49074385728710873,5942,-0.1032107195283597,-0.0001522615315719955,0.37478617858364693,0.8771809784468012,5846,-0.14891047875129293,-0.0489359288762341,0.24502536090518923,1.0,5126,0.5125695956008707
session_breakout_asia_fixed_8pct__tp04_sl02_buf3s,session_breakout_asia_fixed_8pct,session_single,,robust,tp04_sl02_buf3s,intraday,60,77.4315542679165,-0.22568445732083509,0.4166666666666667,0.39111447598098503,0.2657735986638109,6.883582679883242,2026-05-04T02:05:02+00:00,2026-06-02T03:50:00+00:00,25,35,0,0,-0.06682639728311213,0.0,0.09104678559407607,0.2778525748906092,5942,-0.06682639728311213,0.0,0.1671228190215532,0.6058843653780362,5846,-0.09386763945649612,-0.0466370632179246,0.04291845493562232,1.0,5126,0.5119139267575514
session_breakout_asia_fixed_12pct__tp06_sl03_buf3s,session_breakout_asia_fixed_12pct,session_single,,robust,tp06_sl03_buf3s,intraday,61,76.30867721220584,-0.23691322787794167,0.45901639344262296,0.5566879725719882,0.3270537270126642,10.150969377186973,2026-05-04T02:05:02+00:00,2026-06-02T03:50:00+00:00,28,33,0,0,-0.09938456955850561,0.0,0.0991248737798721,0.2778525748906092,5942,-0.09938456955850561,0.0,0.17482039001026342,0.6058843653780362,5846,-0.13151808762709083,-0.046355889291830876,0.11646507998439329,1.0,5126,0.5116729675029594
session_milddrop_asia_fixed_4pct__tp08_sl04_buf5s,session_milddrop_asia_fixed_4pct,session_single,,robust,tp08_sl04_buf5s,intraday,119,69.54137069737762,-0.30458629302622386,0.2773109243697479,0.35296598776820004,0.3082754904107001,3.3551038911630333,2026-05-03T23:45:00+00:00,2026-06-02T05:55:01+00:00,33,86,0,0,-0.045193306421991375,0.0,0.09155166610568832,0.3852238303601481,5942,-0.05046120542104238,-0.00688917232088182,0.1542935340403695,0.7505986999657885,5846,-0.0908062883383326,-0.0504720067403408,0.05540382364416699,1.0,5126,0.5112800244396074
combo_session_mix_fixed_4pct__tp05_sl03_buf5s,combo_session_mix_fixed_4pct,combo_session,,robust,tp05_sl03_buf5s,intraday,207,64.61117851621852,-0.35388821483781485,0.37681159420289856,0.4313251267116017,0.35388821483781485,3.247567867090763,2026-05-03T23:45:00+00:00,2026-06-02T12:45:01+00:00,78,129,0,0,-0.044404742911848816,-6.871970277394501e-05,0.1879838438236284,0.6879838438236284,5942,-0.05843051675618227,-0.009533949975002676,0.19979473144030105,0.9929866575436196,5846,-0.11145682379204958,-0.060053231971037735,0.0,1.0,5126,0.5110596861037919
v1_adaptive_mix__tp05_sl03_buf5s,v1_adaptive_mix,previous_v1_mix,prior_mixed_candidate,full_refresh,tp05_sl03_buf5s,intraday,115,68.45602224433217,-0.3154397775566783,0.4434782608695652,0.5910321911738216,0.35541575991660956,7.3282941256855,2026-05-04T02:05:02+00:00,2026-06-02T12:45:01+00:00,50,64,0,1,-0.07235346969697232,0.0,0.23106698081454055,0.584988219454729,5942,-0.11022432322134312,-0.007007521619968982,0.3308244953814574,0.9168662333219295,5846,-0.18651887238065434,-0.03665949616986175,0.14494732735076082,1.0,5126,0.5106090808416389
session_milddrop_london_fixed_6pct__tp12_sl06_buf5s,session_milddrop_london_fixed_6pct,session_single,,robust,tp12_sl06_buf5s,intraday,136,66.22084040115688,-0.3377915959884312,0.38235294117647056,0.5862269859617883,0.37797849458111393,4.784845816865218,2026-05-04T07:10:01+00:00,2026-06-02T12:55:02+00:00,49,84,0,3,-0.0808932720430755,0.0,0.13682261864692022,0.41467519353752946,5942,-0.0808932720430755,-0.0020453055141579357,0.25538829969209714,0.7854943551146083,5846,-0.1916488345848718,-0.05655551301399209,0.2091299258681233,1.0,5126,0.5103276434872265
v1_balanced_mix__tp05_sl03_buf5s,v1_balanced_mix,previous_v1_mix,prior_mixed_candidate,full_refresh,tp05_sl03_buf5s,intraday,115,68.91254228678345,-0.3108745771321655,0.45217391304347826,0.6038843227290197,0.35350604267139235,7.456685386277413,2026-05-04T02:05:02+00:00,2026-06-02T12:45:01+00:00,51,63,0,1,-0.07878787878787874,0.0,0.2285425782564793,0.5797711208347358,5942,-0.11691533834288259,-0.00666666666666671,0.31474512487170714,0.9091686623332192,5846,-0.19342206272698348,-0.03858967844485395,0.22083495903238393,1.0,5126,0.5102852560430748
combo_session_mix_fixed_4pct__tp12_sl06_buf5s,combo_session_mix_fixed_4pct,combo_session,,robust,tp12_sl06_buf5s,intraday,203,62.3746560906131,-0.376253439093869,0.3448275862068966,0.5303172707509916,0.3935165875810822,3.067086552623152,2026-05-03T23:45:00+00:00,2026-06-02T12:55:02+00:00,67,133,0,3,-0.054362286523463976,0.0,0.1962302255132952,0.68832043083137,5942,-0.06634898074435891,-0.010621956867743032,0.23366404379062608,0.9929866575436196,5846,-0.1585471476831657,-0.058969855326559684,0.0005852516582130316,1.0,5126,0.5095627601481652
v1_active_fill_mix__tp06_sl03_buf3s,v1_active_fill_mix,previous_v1_mix,prior_final_v1_mix;prior_mixed_candidate,full_refresh,tp06_sl03_buf3s,intraday,182,63.62405409995793,-0.3637594590004207,0.3901098901098901,0.5504223903622347,0.4017245390890362,5.017851284531549,2026-05-04T02:05:02+00:00,2026-06-02T12:55:02+00:00,70,111,0,1,-0.06152561372627374,0.0,0.2248401211713228,0.7029619656681252,5942,-0.07462910221668673,-0.008415132757266353,0.19945261717413615,0.9411563462196374,5846,-0.14357779658431113,-0.05771740228510236,0.05598907530238002,1.0,5126,0.5080692710123343
combo_session_mix_fixed_4pct__tp04_sl02_buf3s,combo_session_mix_fixed_4pct,combo_session,,robust,tp04_sl02_buf3s,intraday,205,64.89914309084381,-0.351008569091562,0.3170731707317073,0.3324944001782204,0.3510085690915619,3.1947107891061615,2026-05-03T23:45:00+00:00,2026-06-02T12:45:01+00:00,65,140,0,0,-0.03485449711281641,-0.001538623851944143,0.1613934702120498,0.6879838438236284,5942,-0.051930754492112596,-0.009209761248606285,0.160964762230585,0.9929866575436196,5846,-0.09930619890160808,-0.059944393561319975,0.0,1.0,5126,0.5066227517470501
session_breakout_us_open_fixed_6pct__settle,session_breakout_us_open_fixed_6pct,session_single,,robust,settle,settle,22,81.7962750916592,-0.18203724908340801,0.6818181818181818,0.5105553279962828,0.24718041223791593,5.649828174017634,2026-05-04T13:55:01+00:00,2026-06-01T14:35:02+00:00,0,0,0,22,-0.10160147554808219,0.0,0.052170986199932684,0.10198586334567486,5942,-0.10160147554808219,0.0,0.13513513513513514,0.2842969551830311,5846,-0.18575446200609147,-0.006344163332849262,0.34334763948497854,0.9106515801794772,5126,0.5053224882575322
gate_breakout_fixed_8pct__tp04_sl02_buf3s,gate_breakout_fixed_8pct,gate_single,,robust,tp04_sl02_buf3s,intraday,88,72.76646384860018,-0.2723353615139982,0.4318181818181818,0.4431343672150657,0.32265484717684545,7.305314639744399,2026-05-03T22:30:00+00:00,2026-06-02T02:50:01+00:00,37,50,0,1,-0.057374055829228165,0.0,0.19421070346684619,0.49074385728710873,5942,-0.08318671268820421,-0.0036781609195402076,0.32996920971604515,0.8771809784468012,5846,-0.12097333229995844,-0.046413361142999654,0.184939523995318,1.0,5126,0.5051804330392943
portfolio_micro_ts_mix__tp08_sl04_buf5s,portfolio_micro_ts_mix,portfolio_mix,,qrf,tp08_sl04_buf5s,intraday,375,55.264346273336564,-0.4473565372666344,0.3546666666666667,0.7022833151882943,0.4725427384416571,2.224308915523684,2026-05-03T16:10:02+00:00,2026-06-02T15:30:01+00:00,133,242,0,0,-0.06392363178962368,-0.004545454545454519,0.3402894648266577,0.9328508919555705,5942,-0.08371182291577894,-0.01362593026458725,0.30123161135819365,1.0,5846,-0.20940444034197647,-0.07833382308358028,0.1055403823644167,1.0,5126,0.5046874403329896
combo_session_mix_fixed_4pct__tp06_sl03_buf3s,combo_session_mix_fixed_4pct,combo_session,,robust,tp06_sl03_buf3s,intraday,206,63.487989149279315,-0.3651201085072069,0.3300970873786408,0.4147788285129491,0.36512010850720683,3.2069347269908404,2026-05-03T23:45:00+00:00,2026-06-02T12:45:01+00:00,68,138,0,0,-0.03485449711281641,-0.0019898376806670726,0.1666105688320431,0.6879838438236284,5942,-0.05369021480814673,-0.009536592592592597,0.16985973315087238,0.9929866575436196,5846,-0.11181084288509102,-0.06153919147052023,0.0,1.0,5126,0.5042169778897926
gate_milddrop_fixed_4pct__tp08_sl04_buf5s,gate_milddrop_fixed_4pct,gate_single,,robust,tp08_sl04_buf5s,intraday,316,57.840079944018555,-0.4215992005598145,0.3670886075949367,0.5743940291143218,0.4244768164774273,3.0205927480311505,2026-05-03T18:00:01+00:00,2026-06-02T15:30:01+00:00,114,200,0,2,-0.052178134906345375,-0.004278998797586309,0.28727701110737125,0.9474924267923258,5942,-0.07507708357797394,-0.013194716768645698,0.27899418405747517,1.0,5846,-0.1830119220992671,-0.07128373706377339,0.06398751463129146,1.0,5126,0.5025585214037499
gate_breakout_fixed_6pct__tp12_sl06_buf5s,gate_breakout_fixed_6pct,gate_single,,robust,tp12_sl06_buf5s,intraday,87,68.52666103388762,-0.31473338966112374,0.4482758620689655,0.5078520957361315,0.356934166746536,5.123904566619912,2026-05-03T22:30:00+00:00,2026-06-02T02:50:01+00:00,24,48,0,15,-0.049746666666666606,0.0,0.19909121507909794,0.4893975092561427,5942,-0.08230178526852239,-0.0056046566403953335,0.2931919261033185,0.8771809784468012,5846,-0.13941977727028732,-0.05770806855314081,0.14221615294576667,1.0,5126,0.5021537404055447
combo_guarded_fixed_4pct__trail08_gap03_buf5s,combo_guarded_fixed_4pct,combo_session,,robust,trail08_gap03_buf5s,intraday,216,61.858859700699,-0.38141140299301,0.3425925925925926,0.5177515582245249,0.3886306689643795,3.1087981042565436,2026-05-03T23:45:00+00:00,2026-06-02T12:45:01+00:00,0,136,63,17,-0.04766120514114114,-0.0023575263855089013,0.22130595759003702,0.7606866374957927,5942,-0.06734459684924055,-0.01223419203747067,0.24529592884023263,0.9929866575436196,5846,-0.15448861729318697,-0.06495306385716593,0.06320717908700742,1.0,5126,0.5012032687974949
gate_breakout_fixed_8pct__trail08_gap03_buf5s,gate_breakout_fixed_8pct,gate_single,,robust,trail08_gap03_buf5s,intraday,88,65.57251595103571,-0.34427484048964285,0.45454545454545453,0.558905635768485,0.37884629594531316,6.613136740415563,2026-05-03T22:30:00+00:00,2026-06-02T02:50:01+00:00,0,47,19,22,-0.07999999999999996,0.0,0.21238640188488725,0.49074385728710873,5942,-0.08474423231685202,-0.006292134831460627,0.34040369483407457,0.8771809784468012,5846,-0.15875232879873946,-0.051436110270454805,0.17206398751463128,1.0,5126,0.500676671630962
gate_breakout_fixed_4pct__settle,gate_breakout_fixed_4pct,gate_single,,robust,settle,settle,87,69.20277715743507,-0.3079722284256493,0.7126436781609196,0.6354661826322866,0.38728117670173545,3.190927622893022,2026-05-03T22:30:00+00:00,2026-06-02T02:50:01+00:00,0,0,0,87,-0.07978607677293437,0.0,0.3123527431841131,0.49057556378323797,5942,-0.11713926156237853,0.0,0.4796442011631885,0.8771809784468012,5846,-0.16821481662578908,-0.05059186993086939,0.22883339836129535,1.0,5126,0.5005781494634742
session_milddrop_us_open_fixed_10pct__tp08_sl04_buf5s,session_milddrop_us_open_fixed_10pct,session_single,,robust,tp08_sl04_buf5s,intraday,18,81.89141235710946,-0.1810858764289054,0.16666666666666666,0.18798212064768924,0.18647088449460866,9.331827608145936,2026-05-05T13:40:00+00:00,2026-06-02T15:30:01+00:00,3,15,0,0,-0.06707638279192285,0.0,0.024234264557388085,0.09138337260181757,5942,-0.06707638279192285,0.0,0.0738966814916182,0.25709887102292167,5846,-0.06707638279192285,-0.03629249883326324,0.11822083495903238,0.8595396020288724,5126,0.5002291213197387
gate_breakout_fixed_10pct__tp08_sl04_buf5s,gate_breakout_fixed_10pct,gate_single,,robust,tp08_sl04_buf5s,intraday,88,69.15633499139284,-0.3084366500860716,0.4772727272727273,0.6229715689045382,0.4336151963857234,9.210491111238092,2026-05-03T22:30:00+00:00,2026-06-02T02:50:01+00:00,40,46,0,2,-0.07878787878787885,0.0,0.24065971053517335,0.49074385728710873,5942,-0.1032107195283597,-0.0014247311827957354,0.3667464933287718,0.8771809784468012,5846,-0.157764214973102,-0.06799483861794442,0.21927428794381584,1.0,5126,0.4993149272539809
combo_guarded_fixed_4pct__tp12_sl06_buf5s,combo_guarded_fixed_4pct,combo_session,,robust,tp12_sl06_buf5s,intraday,218,61.392402586410974,-0.38607597413589023,0.3623853211009174,0.5464478758787024,0.4102865022294546,3.0613731579105554,2026-05-03T23:45:00+00:00,2026-06-02T12:55:02+00:00,73,139,0,6,-0.05767595350016674,-0.001993705268096946,0.23678895994614607,0.7595085829686974,5942,-0.06962064441235949,-0.011699415963659976,0.24153267191241876,0.9929866575436196,5846,-0.16785879926581582,-0.062274914189919595,0.015606710885680842,1.0,5126,0.4991862374460611
session_breakout_asia_fixed_10pct__settle,session_breakout_asia_fixed_10pct,session_single,,robust,settle,settle,65,81.38673693811211,-0.18613263061887897,0.7230769230769231,0.8791275528609888,0.4308259735860837,8.090889890913543,2026-05-04T02:05:02+00:00,2026-06-02T03:50:00+00:00,0,0,0,65,-0.2065014244044725,0.0,0.15281050151464154,0.27802086839448,5942,-0.2065014244044725,0.0,0.28292849811837156,0.6060554225111188,5846,-0.3157316074520502,-0.0316673247853666,0.43835349200156065,1.0,5126,0.4982869362660862
combo_guarded_fixed_4pct__tp06_sl03_buf3s,combo_guarded_fixed_4pct,combo_session,,robust,tp06_sl03_buf3s,intraday,222,62.0606158107701,-0.37939384189229897,0.34234234234234234,0.4270678580957458,0.3817243219809914,3.21609808974432,2026-05-03T23:45:00+00:00,2026-06-02T12:45:01+00:00,76,146,0,0,-0.03485449711281641,-0.0022471910112359383,0.20632783574554023,0.7593402894648267,5942,-0.05369021480814673,-0.010958873672934244,0.19380773178241534,0.9929866575436196,5846,-0.12293241038428016,-0.06589164992532293,0.0,1.0,5126,0.4980387215030359
combo_guarded_fixed_4pct__tp05_sl03_buf5s,combo_guarded_fixed_4pct,combo_session,,robust,tp05_sl03_buf5s,intraday,222,62.543511987786516,-0.37456488012213485,0.38738738738738737,0.4353338510007504,0.37854194589846185,3.232104944530295,2026-05-03T23:45:00+00:00,2026-06-02T12:45:01+00:00,86,136,0,0,-0.044404742911848816,-0.001994918840333537,0.23443285089195556,0.7593402894648267,5942,-0.05843051675618227,-0.010778256397193653,0.21707150188162846,0.9929866575436196,5846,-0.12172832364718067,-0.060790754402941904,0.0,1.0,5126,0.497287967312025
classic_milddrop_down__tp08_sl04_buf5s,classic_milddrop_down,classic_quant,,full_refresh,tp08_sl04_buf5s,intraday,126,66.76541259199448,-0.3323458740800552,0.2857142857142857,0.48534013020756633,0.3467400096517003,4.070471570742551,2026-05-03T18:00:01+00:00,2026-06-02T09:35:00+00:00,35,90,0,1,-0.05045449936224511,0.0,0.1386738471894985,0.557388084819926,5942,-0.06655543247977458,-0.006557377049180357,0.17738624700650016,0.7492302429011289,5846,-0.13488229062173007,-0.06558606327098826,0.16055403823644168,1.0,5126,0.4966521556497499
session_milddrop_us_open_fixed_12pct__tp06_sl03_buf3s,session_milddrop_us_open_fixed_12pct,session_single,,robust,tp06_sl03_buf3s,intraday,18,82.25974976083052,-0.17740250239169486,0.16666666666666666,0.2040319198536224,0.18386296893532728,11.355042318122178,2026-05-05T13:40:00+00:00,2026-06-02T15:30:01+00:00,3,15,0,0,-0.07511224302019304,0.0,0.024234264557388085,0.09138337260181757,5942,-0.07511224302019304,0.0,0.0738966814916182,0.25709887102292167,5846,-0.07511224302019304,-0.020642572837198392,0.10515021459227468,0.8595396020288724,5126,0.49663000725550843
session_milddrop_asia_fixed_6pct__tp12_sl06_buf5s,session_milddrop_asia_fixed_6pct,session_single,,robust,tp12_sl06_buf5s,intraday,123,65.3847914388149,-0.34615208561185096,0.3252032520325203,0.5304602365876298,0.35708169676681506,4.750862440986449,2026-05-03T23:45:00+00:00,2026-06-02T05:55:01+00:00,40,83,0,0,-0.06873883334218045,0.0,0.12622012790306295,0.38640188488724336,5942,-0.07644582230762431,-0.009130434782608665,0.18491276086212796,0.7517960998973657,5846,-0.14554980585947974,-0.059288591134426416,0.10261412407335155,1.0,5126,0.4965001718409898
session_breakout_asia_fixed_6pct__trail08_gap03_buf5s,session_breakout_asia_fixed_6pct,session_single,,robust,trail08_gap03_buf5s,intraday,60,74.69325592539134,-0.25306744074608656,0.43333333333333335,0.41354871513726227,0.29535362009585875,5.29574083374061,2026-05-04T02:05:02+00:00,2026-06-02T03:50:00+00:00,0,34,14,12,-0.06469853597847652,0.0,0.09559071019858634,0.27768428138673845,5942,-0.06469853597847652,0.0,0.17293876154635648,0.6057133082449538,5846,-0.10663070129887442,-0.04822304495328311,0.037065938353492,1.0,5126,0.49603161874212404
classic_milddrop_down__tp06_sl03_buf3s,classic_milddrop_down,classic_quant,,full_refresh,tp06_sl03_buf3s,intraday,126,67.7717908938145,-0.322282091061855,0.2777777777777778,0.4133252970618003,0.33108213188805813,4.100616636795972,2026-05-03T18:00:01+00:00,2026-06-02T09:35:00+00:00,34,91,0,1,-0.03924974686028271,0.0,0.11864692022887917,0.557388084819926,5942,-0.05720932900353237,-0.006849315068493178,0.10998973657201505,0.7490591857680465,5846,-0.12206718768485725,-0.05848160673621339,0.15099492781896215,1.0,5126,0.49474815748272044
combo_guarded_fixed_4pct__tp04_sl02_buf3s,combo_guarded_fixed_4pct,combo_session,,robust,tp04_sl02_buf3s,intraday,223,62.84323689080303,-0.3715676310919698,0.3273542600896861,0.34202824851920455,0.3715676310919697,3.181681328981575,2026-05-03T23:45:00+00:00,2026-06-02T12:45:01+00:00,73,150,0,0,-0.03485449711281641,-0.0019898376806670726,0.18394479973073039,0.7593402894648267,5942,-0.051930754492112596,-0.010513506380108839,0.1464249059185768,0.9929866575436196,5846,-0.10037529600011175,-0.06448510030481325,0.0,1.0,5126,0.4931385802115554
session_milddrop_london_fixed_8pct__tp05_sl03_buf5s,session_milddrop_london_fixed_8pct,session_single,,robust,tp05_sl03_buf5s,intraday,134,64.29182301786038,-0.35708176982139617,0.44029850746268656,0.5319434312161335,0.38498660443436267,6.548269732942724,2026-05-04T07:10:01+00:00,2026-06-02T12:55:02+00:00,59,75,0,0,-0.06857547593455438,0.0,0.15853248064624706,0.4145069000336587,5942,-0.07520147470624416,-0.00442488038277522,0.2603489565514882,0.7853232979815258,5846,-0.19374997471833544,-0.05505980085769524,0.12153726102223956,1.0,5126,0.4924332684156261
session_breakout_london_fixed_10pct__settle,session_breakout_london_fixed_10pct,session_single,,robust,settle,settle,50,83.49876058434312,-0.16501239415656888,0.72,0.878466114401072,0.5148170943037217,8.976681821812795,2026-05-04T09:25:02+00:00,2026-06-02T08:30:01+00:00,0,0,0,50,-0.2748386910747027,0.0,0.20430831369909122,0.2805452709525412,5942,-0.2748386910747027,0.0,0.43106397536777286,0.6399247348614437,5846,-0.30996219224669463,-0.02213342272353913,0.42333203277409287,1.0,5126,0.4915137281857411
v1_conservative_mix__trail08_gap03_buf5s,v1_conservative_mix,previous_v1_mix,prior_mixed_candidate,full_refresh,trail08_gap03_buf5s,intraday,116,65.5454507358842,-0.34454549264115797,0.3793103448275862,0.517779890514389,0.37834177466632324,5.425393407987233,2026-05-04T02:05:02+00:00,2026-06-02T12:45:01+00:00,0,66,40,10,-0.07108004135570067,0.0,0.18226186469202288,0.5696735106024907,5942,-0.08435981227950218,-0.008769634230503809,0.24290112897707836,0.8872733492986657,5846,-0.17259602182279732,-0.07286901558866099,0.2543893874365977,1.0,5126,0.4912578760453661
game_pm_squeeze_fade_down__tp05_sl03_buf5s,game_pm_squeeze_fade_down,game_theory,,full_refresh,tp05_sl03_buf5s,intraday,126,66.12622990797743,-0.3387377009202257,0.2857142857142857,0.4950085893398781,0.3499307153846929,2.8774737632980054,2026-05-03T15:55:02+00:00,2026-06-01T21:30:01+00:00,36,90,0,0,-0.05668077089583334,0.0,0.14456411982497475,0.4855267586671155,5942,-0.0721023478594196,-0.004206509316889373,0.17157030448169688,0.7148477591515566,5846,-0.11443785321134847,-0.06112734385969343,0.14007023019898557,1.0,5126,0.48851491197922636
v1_active_fill_mix__tp08_sl04_buf5s,v1_active_fill_mix,previous_v1_mix,prior_final_v1_mix;prior_mixed_candidate,full_refresh,tp08_sl04_buf5s,intraday,181,63.10250557050844,-0.3689749442949156,0.3867403314917127,0.624095488237303,0.41765995023114333,5.159623031806757,2026-05-04T02:05:02+00:00,2026-06-02T12:55:02+00:00,69,111,0,1,-0.07129768270944736,0.0,0.22500841467519353,0.6857960282733087,5942,-0.10689660030590287,-0.00910305512120868,0.2966130687649675,0.9377352035579883,5846,-0.18285566749548843,-0.04636567973469907,0.13246195864221616,1.0,5126,0.48766181693206556
classic_milddrop_down__tp12_sl06_buf5s,classic_milddrop_down,classic_quant,,full_refresh,tp12_sl06_buf5s,intraday,126,65.77470233746,-0.3422529766254,0.30952380952380953,0.5101352336225293,0.3631164008671831,3.9428752677022163,2026-05-03T18:00:01+00:00,2026-06-02T08:10:00+00:00,38,87,0,1,-0.05045449936224511,0.0,0.1686300908784921,0.5543588017502524,5942,-0.07360409695943082,-0.006278591187823923,0.17293876154635648,0.7495723571672939,5846,-0.12513972661706796,-0.07092549547099103,0.148263753413968,1.0,5126,0.48758582502768555
classic_early_drop_down_wf__tp05_sl03_buf5s,classic_early_drop_down_wf,classic_quant,,full_refresh,tp05_sl03_buf5s,intraday,126,76.96376489662586,-0.23036235103374136,0.35714285714285715,0.33987688426701335,0.2332023423583401,3.415243612522503,2026-05-03T15:50:00+00:00,2026-05-31T15:30:01+00:00,45,81,0,0,-0.05201619873561736,0.0,0.07943453382699428,0.2943453382699428,5942,-0.0708955732952562,0.0,0.06192268217584673,0.4233664043790626,5846,-0.07978847331943706,-0.029779599725978434,0.00702301989855638,1.0,5126,0.486502081185321
session_breakout_asia_fixed_10pct__tp05_sl03_buf5s,session_breakout_asia_fixed_10pct,session_single,,robust,tp05_sl03_buf5s,intraday,61,74.34257387686543,-0.25657426123134575,0.45901639344262296,0.49491928994269424,0.34665245979058407,8.570314964067107,2026-05-04T02:05:02+00:00,2026-06-02T03:50:00+00:00,28,33,0,0,-0.08790017825311958,0.0,0.09727364523729384,0.2778525748906092,5942,-0.08790017825311958,0.0,0.17293876154635648,0.6058843653780362,5846,-0.13518775626183388,-0.04184690153481163,0.05618415918845104,1.0,5126,0.48572077748501175
combo_session_mix_fixed_4pct__trail08_gap03_buf5s,combo_session_mix_fixed_4pct,combo_session,,robust,trail08_gap03_buf5s,intraday,203,61.312682474480276,-0.38687317525519727,0.32019704433497537,0.4774381328695794,0.39402869936836477,3.040533023273204,2026-05-03T23:45:00+00:00,2026-06-02T12:45:01+00:00,0,132,59,12,-0.04766120514114114,-0.0005935576524743746,0.17704476607202962,0.6879838438236284,5942,-0.06734459684924055,-0.01139591836734688,0.20834758809442352,0.9929866575436196,5846,-0.14845777838466823,-0.06454804608921239,0.04857588763168162,1.0,5126,0.48276663993584606
gate_breakout_fixed_12pct__tp06_sl03_buf3s,gate_breakout_fixed_12pct,gate_single,,robust,tp06_sl03_buf3s,intraday,88,69.04372936462886,-0.3095627063537114,0.4772727272727273,0.594715366158825,0.40952348210039113,11.249468855885635,2026-05-03T22:30:00+00:00,2026-06-02T02:50:01+00:00,41,46,0,1,-0.08544630541871912,0.0,0.23763042746549984,0.49074385728710873,5942,-0.12293110667980289,0.0,0.38179952104002735,0.8771809784468012,5846,-0.16709256664232974,-0.05540244490364521,0.24502536090518923,1.0,5126,0.48184862718142596
combo_session_mix_fixed_4pct__tp08_sl04_buf5s,combo_session_mix_fixed_4pct,combo_session,,robust,tp08_sl04_buf5s,intraday,205,60.724380328631405,-0.392756196713686,0.33170731707317075,0.45829162771661447,0.39275619671368595,3.1819794830292363,2026-05-03T23:45:00+00:00,2026-06-02T12:45:01+00:00,67,137,0,1,-0.04627845910221784,-0.0009272949816401255,0.1713227869404241,0.6879838438236284,5942,-0.06405150078961508,-0.009811421520688035,0.1881628463906945,0.9929866575436196,5846,-0.1410770916679357,-0.05952977145184801,0.0,1.0,5126,0.48182647878718443
gate_breakout_fixed_10pct__tp05_sl03_buf5s,gate_breakout_fixed_10pct,gate_single,,robust,tp05_sl03_buf5s,intraday,88,68.69788663176608,-0.3130211336823392,0.4772727272727273,0.5453348807264091,0.41276590281164743,9.318708485407146,2026-05-03T22:30:00+00:00,2026-06-02T02:50:01+00:00,41,46,0,1,-0.07878787878787885,0.0,0.23645237293840457,0.49074385728710873,5942,-0.1032107195283597,-0.0008776079659085223,0.376325692781389,0.8771809784468012,5846,-0.17808166586904994,-0.06177676427798651,0.20834959032383926,1.0,5126,0.4812826975216711
classic_early_drop_down_wf__tp12_sl06_buf5s,classic_early_drop_down_wf,classic_quant,,full_refresh,tp12_sl06_buf5s,intraday,126,72.9382953677159,-0.270617046322841,0.30158730158730157,0.4376808241648411,0.2707268662770958,3.375556344438487,2026-05-03T15:50:00+00:00,2026-05-31T15:30:01+00:00,35,88,0,3,-0.06277291424262421,0.0,0.0838101649276338,0.30865028609895656,5942,-0.0721176948194735,0.0,0.11563462196373589,0.42986657543619566,5846,-0.08385110451004452,-0.05185031504832094,0.1740148263753414,1.0,5126,0.4812315270935961
classic_sharpdrop_reversal_up__tp06_sl03_buf3s,classic_sharpdrop_reversal_up,classic_quant,,full_refresh,tp06_sl03_buf3s,intraday,126,72.33724715110685,-0.27662752848893146,0.31746031746031744,0.6988944077085597,0.3462440384358685,3.145153118870141,2026-05-03T15:50:00+00:00,2026-06-01T23:25:01+00:00,40,85,0,1,-0.09110678974358988,0.0,0.17502524402558062,0.4653315382026254,5942,-0.15664831787530553,0.0,0.22151898734177214,0.5918576804652754,5846,-0.22623981838238316,-0.01938380773870141,0.40655481857198594,1.0,5126,0.4809684194447627
combo_guarded_fixed_4pct__tp08_sl04_buf5s,combo_guarded_fixed_4pct,combo_session,,robust,tp08_sl04_buf5s,intraday,221,59.86956385162183,-0.4013043614837817,0.34841628959276016,0.47856784463720903,0.40669341418084975,3.1983362102068305,2026-05-03T23:45:00+00:00,2026-06-02T12:45:01+00:00,76,144,0,1,-0.04627845910221784,-0.002272727272727315,0.22147425109390778,0.7593402894648267,5942,-0.06405150078961508,-0.010487094346816939,0.21108450222374273,0.9929866575436196,5846,-0.15312309390676637,-0.06665071651711241,0.0,1.0,5126,0.47968495818535917
session_milddrop_us_open_fixed_12pct__tp12_sl06_buf5s,session_milddrop_us_open_fixed_12pct,session_single,,robust,tp12_sl06_buf5s,intraday,17,80.643048998387,-0.19356951001613,0.23529411764705882,0.30585189651559747,0.20199642773920395,11.179865642291299,2026-05-05T13:40:00+00:00,2026-06-02T15:30:01+00:00,4,13,0,0,-0.08051102424207013,0.0,0.032312352743184114,0.09138337260181757,5942,-0.08051102424207013,0.0,0.09852890865549094,0.25709887102292167,5846,-0.08014488498683048,-0.03516101466035959,0.14865392118611004,0.8595396020288724,5126,0.4796425707412075
v1_conservative_mix__tp12_sl06_buf5s,v1_conservative_mix,previous_v1_mix,prior_mixed_candidate,full_refresh,tp12_sl06_buf5s,intraday,117,66.0821869010572,-0.33917813098942806,0.41025641025641024,0.602721553795862,0.4149346790150247,5.1727334090255646,2026-05-04T02:05:02+00:00,2026-06-02T12:55:02+00:00,42,69,0,6,-0.07808623852423868,0.0,0.20750589027263547,0.5659710535173342,5942,-0.11671236154976994,-0.008955223880596996,0.2673622990078686,0.8889839206294903,5846,-0.22912572433404488,-0.06351936623770871,0.3595396020288724,1.0,5126,0.47940963073280635
classic_sharpdrop_reversal__tp06_sl03_buf3s,classic_sharpdrop_reversal,classic_quant,,full_refresh,tp06_sl03_buf3s,intraday,126,72.33724715110685,-0.27662752848893146,0.31746031746031744,0.6988944077085597,0.3462440384358685,3.145153118870141,2026-05-03T15:50:00+00:00,2026-06-01T23:25:01+00:00,40,85,0,1,-0.09110678974358988,0.0,0.17502524402558062,0.4653315382026254,5942,-0.15664831787530553,0.0,0.22151898734177214,0.5918576804652754,5846,-0.22623981838238316,-0.01938380773870141,0.40655481857198594,1.0,5126,0.47915950662542484
session_milddrop_london_fixed_8pct__trail08_gap03_buf5s,session_milddrop_london_fixed_8pct,session_single,,robust,trail08_gap03_buf5s,intraday,133,63.211770163842466,-0.3678822983615754,0.3684210526315789,0.5779189595676298,0.4067033751238498,6.130691024371937,2026-05-04T07:10:01+00:00,2026-06-02T12:55:02+00:00,0,78,49,6,-0.08577856740805867,0.0,0.14792998990238976,0.4145069000336587,5942,-0.08952004437173855,-0.0049453737102370665,0.2447827574409853,0.7853232979815258,5846,-0.2169674624385759,-0.043742818416021456,0.3185719859539602,1.0,5126,0.4777717951655402
classic_early_drop_down_wf__tp04_sl02_buf3s,classic_early_drop_down_wf,classic_quant,,full_refresh,tp04_sl02_buf3s,intraday,126,76.83365587732072,-0.23166344122679272,0.30158730158730157,0.27298142065504355,0.2344240513138312,3.4129767188909166,2026-05-03T15:50:00+00:00,2026-05-31T16:45:01+00:00,38,88,0,0,-0.050599327864861654,0.0,0.05469538875799394,0.30057219791316053,5942,-0.07228880157063666,0.0,0.0379746835443038,0.4279849469722887,5846,-0.08199270110179169,-0.032317405017761924,0.0,1.0,5126,0.4773987092832321
session_milddrop_us_open_fixed_12pct__tp05_sl03_buf5s,session_milddrop_us_open_fixed_12pct,session_single,,robust,tp05_sl03_buf5s,intraday,18,79.27953796567185,-0.20720462034328146,0.16666666666666666,0.1650916092289869,0.2134310288129283,11.050200990570591,2026-05-05T13:40:00+00:00,2026-06-02T15:30:01+00:00,3,15,0,0,-0.0700796010535557,0.0,0.024234264557388085,0.09138337260181757,5942,-0.0700796010535557,0.0,0.0738966814916182,0.25709887102292167,5846,-0.0700796010535557,-0.04715455784078293,0.10339445961763559,0.8595396020288724,5126,0.4750269217550694
classic_early_drop_down_wf__tp08_sl04_buf5s,classic_early_drop_down_wf,classic_quant,,full_refresh,tp08_sl04_buf5s,intraday,126,73.00132008635171,-0.26998679913648294,0.2857142857142857,0.3517809215582188,0.2699867991364829,3.3612809286827328,2026-05-03T15:50:00+00:00,2026-05-31T15:30:01+00:00,35,90,0,1,-0.05040708133543503,0.0,0.0698418041063615,0.30865028609895656,5942,-0.06439340220283674,0.0,0.09100239479986315,0.42986657543619566,5846,-0.08084759050335188,-0.050569955892473706,0.1461178306671869,1.0,5126,0.47479130866460456
session_milddrop_asia_fixed_6pct__trail08_gap03_buf5s,session_milddrop_asia_fixed_6pct,session_single,,robust,trail08_gap03_buf5s,intraday,121,64.136603469354,-0.35863396530645997,0.2975206611570248,0.4766711557849459,0.35927469061584416,4.727894570715995,2026-05-03T23:45:00+00:00,2026-06-02T05:55:01+00:00,0,82,33,6,-0.06873883334218045,0.0,0.10400538539212387,0.38640188488724336,5942,-0.07644582230762431,-0.008048780487804885,0.1671228190215532,0.7517960998973657,5846,-0.1545092515914156,-0.0632086405104918,0.12641435817401483,1.0,5126,0.47471531676022455
session_milddrop_london_fixed_10pct__tp08_sl04_buf5s,session_milddrop_london_fixed_10pct,session_single,,robust,tp08_sl04_buf5s,intraday,134,61.21870283231597,-0.38781297167684026,0.40298507462686567,0.6451422817265141,0.4296632966678595,8.293851264126559,2026-05-04T07:10:01+00:00,2026-06-02T12:55:02+00:00,52,80,0,2,-0.09699213488039327,0.0,0.1679569168630091,0.41400201952204646,5942,-0.09874448461318419,-0.0012192086600950613,0.27779678412589803,0.7848101265822784,5846,-0.27441971575154567,-0.048352996567910256,0.21790870074131877,1.0,5126,0.4739622713560164
session_breakout_asia_fixed_8pct__tp08_sl04_buf5s,session_breakout_asia_fixed_8pct,session_single,,robust,tp08_sl04_buf5s,intraday,60,73.60684529571837,-0.2639315470428163,0.43333333333333335,0.48110925257279796,0.34637832034023797,6.985120715738828,2026-05-04T02:05:02+00:00,2026-06-02T03:50:00+00:00,26,34,0,0,-0.09014899322130576,0.0,0.1004712218108381,0.27768428138673845,5942,-0.09014899322130576,0.0,0.17670201847417039,0.6057133082449538,5846,-0.13765113559279307,-0.040545364934364336,0.03862660944206009,1.0,5126,0.47269790353992436
classic_sharpdrop_reversal_up__tp05_sl03_buf5s,classic_sharpdrop_reversal_up,classic_quant,,full_refresh,tp05_sl03_buf5s,intraday,126,69.07370464585993,-0.30926295354140065,0.3412698412698413,0.6628244643684582,0.3341890670109694,3.09618495329473,2026-05-03T15:50:00+00:00,2026-06-01T23:25:01+00:00,43,82,0,1,-0.09110678974358988,0.0,0.1726691349713901,0.4697071693032649,5942,-0.15664831787530553,0.0,0.23297981525829628,0.5956209373930893,5846,-0.22623981838238316,-0.006339566724659851,0.3962153726102224,1.0,5126,0.4717798907855043
session_milddrop_london_fixed_8pct__tp04_sl02_buf3s,session_milddrop_london_fixed_8pct,session_single,,robust,tp04_sl02_buf3s,intraday,132,64.95517754625898,-0.3504482245374102,0.4015151515151515,0.430892766538962,0.36109523931166143,6.385004427847054,2026-05-04T07:10:01+00:00,2026-06-02T12:55:02+00:00,53,79,0,0,-0.06857547593455438,0.0,0.13497139010434198,0.41299225849882193,5942,-0.06996697179533806,-0.0054237288135593476,0.2064659596305166,0.7848101265822784,5846,-0.13866123667941954,-0.055121585235380355,0.11431915723761217,1.0,5126,0.4716756405850231
session_milddrop_asia_fixed_8pct__tp04_sl02_buf3s,session_milddrop_asia_fixed_8pct,session_single,,robust,tp04_sl02_buf3s,intraday,129,62.849445015878096,-0.3715055498412191,0.3333333333333333,0.42284060151176095,0.37150554984121903,6.493433292779656,2026-05-03T23:45:00+00:00,2026-06-02T05:55:01+00:00,43,86,0,0,-0.04598015577247139,0.0,0.08599798047795355,0.3852238303601481,5942,-0.056898751124504154,-0.00521739130434784,0.1518987341772152,0.7505986999657885,5846,-0.12702893434429463,-0.06102840987903213,0.06398751463129146,1.0,5126,0.4706174819566961
classic_sharpdrop_reversal__tp05_sl03_buf5s,classic_sharpdrop_reversal,classic_quant,,full_refresh,tp05_sl03_buf5s,intraday,126,69.07370464585993,-0.30926295354140065,0.3412698412698413,0.6628244643684582,0.3341890670109694,3.09618495329473,2026-05-03T15:50:00+00:00,2026-06-01T23:25:01+00:00,43,82,0,1,-0.09110678974358988,0.0,0.1726691349713901,0.4697071693032649,5942,-0.15664831787530553,0.0,0.23297981525829628,0.5956209373930893,5846,-0.22623981838238316,-0.006339566724659851,0.3962153726102224,1.0,5126,0.46997097796616644
session_milddrop_us_open_fixed_12pct__trail08_gap03_buf5s,session_milddrop_us_open_fixed_12pct,session_single,,robust,trail08_gap03_buf5s,intraday,18,79.73826746095045,-0.20261732539049548,0.16666666666666666,0.2979350853891267,0.22901955087092074,11.14023497895958,2026-05-05T13:40:00+00:00,2026-06-02T15:30:01+00:00,0,15,3,0,-0.08051102424207013,0.0,0.024234264557388085,0.09138337260181757,5942,-0.08051102424207013,0.0,0.0738966814916182,0.25709887102292167,5846,-0.08014488498683048,-0.040713632031144475,0.1037846273897776,0.8595396020288724,5126,0.4681429717035171
v1_active_fill_mix__tp04_sl02_buf3s,v1_active_fill_mix,previous_v1_mix,prior_final_v1_mix;prior_mixed_candidate,full_refresh,tp04_sl02_buf3s,intraday,180,60.942488160264716,-0.3905751183973528,0.39444444444444443,0.4572560457023409,0.4172065356756867,4.766348680630935,2026-05-04T02:05:02+00:00,2026-06-02T12:55:02+00:00,70,109,0,1,-0.06152561372627374,0.0,0.20615954224166946,0.6834399192191182,5942,-0.06779143313560787,-0.010015127812921576,0.22528224426958604,0.9401300034211426,5846,-0.15097558572509462,-0.07067744899697692,0.02243464689816621,1.0,5126,0.46529422996143127
session_milddrop_asia_fixed_6pct__tp06_sl03_buf3s,session_milddrop_asia_fixed_6pct,session_single,,robust,tp06_sl03_buf3s,intraday,125,63.435673589347324,-0.3656432641065268,0.304,0.38581187239389203,0.36564326410652676,4.859985133313665,2026-05-03T23:45:00+00:00,2026-06-02T05:55:01+00:00,38,87,0,0,-0.05000552213984999,0.0,0.0865028609895658,0.3852238303601481,5942,-0.057867545404899356,-0.0064615384615385185,0.1515566199110503,0.7505986999657885,5846,-0.13005854526777405,-0.06230490556213675,0.0005852516582130316,1.0,5126,0.4645167449497843
classic_sharpdrop_reversal_up__tp04_sl02_buf3s,classic_sharpdrop_reversal_up,classic_quant,,full_refresh,tp04_sl02_buf3s,intraday,126,69.74596695881041,-0.3025403304118959,0.30952380952380953,0.6259927170360674,0.35472780716827623,3.0766057130322797,2026-05-03T15:50:00+00:00,2026-06-01T18:15:02+00:00,39,86,0,1,-0.0768019573333335,0.0,0.15415684954560754,0.4577583305284416,5942,-0.14337502642635946,0.0,0.22015053027711257,0.5827916524119056,5846,-0.2053677530816186,-0.04055082750674632,0.35895435037065937,1.0,5126,0.4640378813915302
classic_sharpdrop_reversal__tp04_sl02_buf3s,classic_sharpdrop_reversal,classic_quant,,full_refresh,tp04_sl02_buf3s,intraday,126,69.74596695881041,-0.3025403304118959,0.30952380952380953,0.6259927170360674,0.35472780716827623,3.0766057130322797,2026-05-03T15:50:00+00:00,2026-06-01T18:15:02+00:00,39,86,0,1,-0.0768019573333335,0.0,0.15415684954560754,0.4577583305284416,5942,-0.14337502642635946,0.0,0.22015053027711257,0.5827916524119056,5846,-0.2053677530816186,-0.04055082750674632,0.35895435037065937,1.0,5126,0.46252453507465546
classic_milddrop_down__tp05_sl03_buf5s,classic_milddrop_down,classic_quant,,full_refresh,tp05_sl03_buf5s,intraday,126,63.39803872238316,-0.36601961277616835,0.30952380952380953,0.36836518406723673,0.37425173002879203,4.017745057147879,2026-05-03T18:00:01+00:00,2026-06-02T09:35:00+00:00,38,87,0,1,-0.05045449936224511,0.0,0.12756647593402895,0.5612588354089532,5942,-0.061908733399450244,-0.007135731299197423,0.11529250769757099,0.7529934998289428,5846,-0.12531692248724902,-0.06261407779619943,0.038041357783847055,1.0,5126,0.46210867987932946
session_breakout_asia_fixed_10pct__tp04_sl02_buf3s,session_breakout_asia_fixed_10pct,session_single,,robust,tp04_sl02_buf3s,intraday,60,72.66432887427204,-0.27335671125727956,0.4166666666666667,0.39261015795514775,0.3199645273235504,8.320467380045756,2026-05-04T02:05:02+00:00,2026-06-02T03:50:00+00:00,25,35,0,0,-0.0831762228200944,0.0,0.09104678559407607,0.2778525748906092,5942,-0.0831762228200944,0.0,0.1671228190215532,0.6058843653780362,5846,-0.11483510603068103,-0.056573657978507996,0.04291845493562232,1.0,5126,0.4617714896704472
session_breakout_asia_fixed_12pct__settle,session_breakout_asia_fixed_12pct,session_single,,robust,settle,settle,65,76.06273195526458,-0.23937268044735416,0.7230769230769231,0.866060424519782,0.4949244240515612,9.273087864731098,2026-05-04T02:05:02+00:00,2026-06-02T03:50:00+00:00,0,0,0,65,-0.2463599675406697,0.0,0.15281050151464154,0.27802086839448,5942,-0.2463599675406697,0.0,0.28292849811837156,0.6060554225111188,5846,-0.3609489324642403,-0.04201745355890574,0.43835349200156065,1.0,5126,0.4607667926833926
classic_early_drop_down_wf__trail08_gap03_buf5s,classic_early_drop_down_wf,classic_quant,,full_refresh,trail08_gap03_buf5s,intraday,126,70.97158174860833,-0.29028418251391674,0.2857142857142857,0.32861636049954845,0.29138628525614185,3.31691109217224,2026-05-03T15:50:00+00:00,2026-05-31T15:30:01+00:00,0,89,31,6,-0.05040708133543503,0.0,0.06260518343991922,0.30865028609895656,5942,-0.0628612953287151,0.0,0.07269928156004106,0.42986657543619566,5846,-0.08138274265477807,-0.049829392999505506,0.1388997268825595,1.0,5126,0.46047084431206325
classic_early_drop_down_wf__tp06_sl03_buf3s,classic_early_drop_down_wf,classic_quant,,full_refresh,tp06_sl03_buf3s,intraday,126,75.5965026389792,-0.24403497361020798,0.2857142857142857,0.3163156100837236,0.2462710229684869,3.37888093165049,2026-05-03T15:50:00+00:00,2026-05-31T15:30:01+00:00,36,90,0,0,-0.06313124388303137,0.0,0.0562100302928307,0.2977112083473578,5942,-0.08405386112549018,0.0,0.06773862470065002,0.42285323297981525,5846,-0.0960235129904855,-0.032340139008257274,0.1443620756925478,1.0,5126,0.4594588918165502
session_milddrop_us_open_fixed_12pct__tp08_sl04_buf5s,session_milddrop_us_open_fixed_12pct,session_single,,robust,tp08_sl04_buf5s,intraday,18,77.62480611563666,-0.22375193884363342,0.16666666666666666,0.18072899738920586,0.22984838898266385,10.94567878416735,2026-05-05T13:40:00+00:00,2026-06-02T15:30:01+00:00,3,15,0,0,-0.08051102424207013,0.0,0.024234264557388085,0.09138337260181757,5942,-0.08051102424207013,0.0,0.0738966814916182,0.25709887102292167,5846,-0.08014488498683048,-0.04715455784078293,0.11646507998439329,0.8595396020288724,5126,0.4573036239355405
session_milddrop_london_fixed_10pct__tp06_sl03_buf3s,session_milddrop_london_fixed_10pct,session_single,,robust,tp06_sl03_buf3s,intraday,134,60.06017283077316,-0.3993982716922684,0.40298507462686567,0.5519571845806776,0.4244880273237239,7.969600391525227,2026-05-04T07:10:01+00:00,2026-06-02T12:55:02+00:00,54,80,0,0,-0.08533415384615373,0.0,0.14826657691013126,0.4145069000336587,5942,-0.08708551402370723,-0.006756756756756799,0.24837495723571673,0.7853232979815258,5846,-0.19093195701504984,-0.05970179306193357,0.09910261412407335,1.0,5126,0.454615267117272
game_pm_overshoot_fade_up__tp12_sl06_buf5s,game_pm_overshoot_fade_up,game_theory,,full_refresh,tp12_sl06_buf5s,intraday,126,67.14646030045971,-0.3285353969954029,0.30158730158730157,0.6358358038033133,0.3997656356298733,2.9427321391553036,2026-05-03T16:20:01+00:00,2026-06-01T14:30:00+00:00,38,87,0,1,-0.08403004109743228,0.0,0.14018848872433523,0.4171995960955907,5942,-0.12564067539202506,0.0,0.16951761888470748,0.595107765993842,5846,-0.16280472926743905,-0.08627679051841974,0.21576277799453766,1.0,5126,0.4518123496391339
gate_breakout_fixed_10pct__tp04_sl02_buf3s,gate_breakout_fixed_10pct,gate_single,,robust,tp04_sl02_buf3s,intraday,88,67.07716309697035,-0.3292283690302965,0.4318181818181818,0.4473807265424119,0.38658824679497905,8.935601673285792,2026-05-03T22:30:00+00:00,2026-06-02T02:50:01+00:00,37,50,0,1,-0.07146141215106727,0.0,0.19421070346684619,0.49074385728710873,5942,-0.1032107195283597,-0.0045977011494252595,0.32996920971604515,0.8771809784468012,5846,-0.14935275316499963,-0.057874827498696546,0.184939523995318,1.0,5126,0.4515622255317524
gate_breakout_fixed_12pct__tp08_sl04_buf5s,gate_breakout_fixed_12pct,gate_single,,robust,tp08_sl04_buf5s,intraday,88,63.01712876211322,-0.36982871237886783,0.4772727272727273,0.6190703796264126,0.5038379477092788,10.781138042203388,2026-05-03T22:30:00+00:00,2026-06-02T02:50:01+00:00,40,46,0,2,-0.09454545454545449,0.0,0.24065971053517335,0.49074385728710873,5942,-0.12293110667980289,-0.0018126271866473198,0.3667464933287718,0.8771809784468012,5846,-0.19508190618472454,-0.08170365717531414,0.21927428794381584,1.0,5126,0.45114904341849016
gate_breakout_fixed_12pct__tp05_sl03_buf5s,gate_breakout_fixed_12pct,gate_single,,robust,tp05_sl03_buf5s,intraday,88,64.47935832946247,-0.35520641670537534,0.48863636363636365,0.5623157677042513,0.4656277304480524,11.127824133484445,2026-05-03T22:30:00+00:00,2026-06-02T02:50:01+00:00,42,45,0,1,-0.09454545454545449,0.0,0.23830360148098284,0.49074385728710873,5942,-0.12293110667980289,-0.0011042192779954219,0.376325692781389,0.8771809784468012,5846,-0.1987211879351568,-0.07402144535362787,0.20834959032383926,1.0,5126,0.4485362966357353
session_breakout_asia_fixed_12pct__tp05_sl03_buf5s,session_breakout_asia_fixed_12pct,session_single,,robust,tp05_sl03_buf5s,intraday,61,70.051139157813,-0.29948860842187,0.45901639344262296,0.49809083855976066,0.39949720891682144,10.041612799066971,2026-05-04T02:05:02+00:00,2026-06-02T03:50:00+00:00,28,33,0,0,-0.10532344722769482,0.0,0.09727364523729384,0.2778525748906092,5942,-0.10532344722769482,0.0,0.17293876154635648,0.6058843653780362,5846,-0.15941683065916468,-0.04883358253800785,0.05618415918845104,1.0,5126,0.4441356398212854
game_pm_squeeze_fade_down__tp04_sl02_buf3s,game_pm_squeeze_fade_down,game_theory,,full_refresh,tp04_sl02_buf3s,intraday,126,62.162135635306804,-0.37837864364693197,0.23809523809523808,0.35046956380762095,0.38593004445164814,2.792956981133956,2026-05-03T15:55:02+00:00,2026-06-01T22:30:01+00:00,30,96,0,0,-0.05089087826939265,0.0,0.10871760350050488,0.47542914843487044,5942,-0.06127175928832118,-0.006923310023310036,0.10383167978104688,0.711939787889155,5846,-0.14010089397672476,-0.06335059592630266,0.10963714397190792,1.0,5126,0.4439511971588956
session_breakout_london_fixed_12pct__settle,session_breakout_london_fixed_12pct,session_single,,robust,settle,settle,50,76.0009394805053,-0.23999060519494708,0.72,0.8444082911613919,0.5893721484139118,10.071682799269388,2026-05-04T09:25:02+00:00,2026-06-02T08:30:01+00:00,0,0,0,50,-0.32293024971905127,0.0,0.20430831369909122,0.2805452709525412,5942,-0.32293024971905127,0.0,0.43106397536777286,0.6399247348614437,5846,-0.3631591425296903,-0.015455616287793461,0.44498634412797505,1.0,5126,0.4405155229694124
session_breakout_us_open_fixed_8pct__settle,session_breakout_us_open_fixed_8pct,session_single,,robust,settle,settle,22,76.05931638146839,-0.2394068361853161,0.6818181818181818,0.5055391395763799,0.31909542518591716,7.37110536607483,2026-05-04T13:55:01+00:00,2026-06-01T14:35:02+00:00,0,0,0,22,-0.13472133607462577,0.0,0.052170986199932684,0.10198586334567486,5942,-0.13472133607462577,0.0,0.13513513513513514,0.2842969551830311,5846,-0.24255721225244953,-0.01545477405119966,0.33866562621927426,0.9106515801794772,5126,0.43987971130713716
v1_balanced_mix__tp12_sl06_buf5s,v1_balanced_mix,previous_v1_mix,prior_mixed_candidate,full_refresh,tp12_sl06_buf5s,intraday,117,62.31281192501756,-0.37687188074982436,0.4188034188034188,0.6251330760501733,0.463987345580595,6.296877664221954,2026-05-04T02:05:02+00:00,2026-06-02T12:55:02+00:00,43,68,0,6,-0.11323254390390391,0.0,0.2234937731403568,0.5595759003702457,5942,-0.14454137620334817,-0.00927536231884063,0.30619226821758466,0.8622990078686281,5846,-0.2854971489689796,-0.05977277559044658,0.369879047990636,1.0,5126,0.43943216099591403
micro_book_consensus_up__settle,micro_book_consensus_up,microstructure,,full_refresh,settle,settle,93,61.43790476528771,-0.3856209523471229,0.5698924731182796,0.7348812300744859,0.4518428972355452,3.573204243746109,2026-05-03T19:30:02+00:00,2026-06-02T14:50:01+00:00,0,0,0,93,-0.11746031667257473,0.0,0.20397172669134972,0.44648266576910134,5942,-0.18769384820891877,0.0,0.3568251796099897,0.8316797810468697,5846,-0.2476639806749753,-0.08317163281381368,0.2793601248536871,1.0,5126,0.4388952533699928
session_breakout_asia_fixed_8pct__tp12_sl06_buf5s,session_breakout_asia_fixed_8pct,session_single,,robust,tp12_sl06_buf5s,intraday,60,67.57500546517606,-0.32424994534823937,0.43333333333333335,0.45512432733859814,0.3596123449603014,6.546286110503828,2026-05-04T02:05:02+00:00,2026-06-02T03:50:00+00:00,16,34,0,10,-0.09014899322130576,0.0,0.10669808145405588,0.27768428138673845,5942,-0.09014899322130576,0.0,0.18422853232979816,0.6057133082449538,5846,-0.1356721364776876,-0.06858913082615947,0.12543893874365977,1.0,5126,0.4383487990224157
v1_active_fill_mix__tp05_sl03_buf5s,v1_active_fill_mix,previous_v1_mix,prior_final_v1_mix;prior_mixed_candidate,full_refresh,tp05_sl03_buf5s,intraday,182,59.08208925256819,-0.40917910747431807,0.4175824175824176,0.5277595028261872,0.4488060252259707,4.94521438921997,2026-05-04T02:05:02+00:00,2026-06-02T12:55:02+00:00,75,106,0,1,-0.07129768270944736,0.0,0.213901043419724,0.6884887243352407,5942,-0.10623841177586713,-0.00909090909090915,0.2724940130003421,0.9411563462196374,5846,-0.17796928040554305,-0.06412015638281965,0.06515801794771751,1.0,5126,0.437069920189407
classic_milddrop_down__trail08_gap03_buf5s,classic_milddrop_down,classic_quant,,full_refresh,trail08_gap03_buf5s,intraday,126,62.19012476536497,-0.37809875234635026,0.23809523809523808,0.41656167405074923,0.39503769683497114,3.7805635203413055,2026-05-03T18:00:01+00:00,2026-06-02T09:35:00+00:00,0,91,29,6,-0.05045449936224511,0.0,0.12016156176371592,0.5610905419050825,5942,-0.07360409695943093,-0.009906060047890963,0.10126582278481013,0.747348614437222,5846,-0.1421708707320669,-0.06841920379072686,0.11334373780725712,1.0,5126,0.433781647382289
session_milddrop_london_fixed_12pct__tp08_sl04_buf5s,session_milddrop_london_fixed_12pct,session_single,,robust,tp08_sl04_buf5s,intraday,134,55.57591044784128,-0.4442408955215872,0.40298507462686567,0.6506855092473716,0.4892015913323143,9.639650429663792,2026-05-04T07:10:01+00:00,2026-06-02T12:55:02+00:00,52,80,0,2,-0.11556536456641797,0.0,0.16711544934365533,0.41400201952204646,5942,-0.11775566644563873,-0.0015111613298304238,0.26924392747177556,0.7848101265822784,5846,-0.3183125066089595,-0.05656532564780081,0.2204447912602419,1.0,5126,0.4336472295413755
gate_milddrop_fixed_6pct__tp05_sl03_buf5s,gate_milddrop_fixed_6pct,gate_single,,robust,tp05_sl03_buf5s,intraday,315,45.51912508769118,-0.5448087491230882,0.3904761904761905,0.530287650788651,0.5481972696010801,4.120948239061207,2026-05-03T18:00:01+00:00,2026-06-02T15:30:01+00:00,122,192,0,1,-0.06758351642757876,-0.006264676616915321,0.27415011780545273,0.9474924267923258,5942,-0.08180654135555632,-0.02166685229254317,0.23332192952446118,1.0,5846,-0.21024835998788516,-0.10530932318494723,0.015216543113538821,1.0,5126,0.433468133043113
session_milddrop_asia_fixed_6pct__tp05_sl03_buf5s,session_milddrop_asia_fixed_6pct,session_single,,robust,tp05_sl03_buf5s,intraday,125,61.53718227598877,-0.38462817724011233,0.312,0.35862476368250734,0.38462817724011233,4.892828684133291,2026-05-03T23:45:00+00:00,2026-06-02T05:55:01+00:00,39,86,0,0,-0.06598498070543957,0.0,0.08801750252440256,0.3852238303601481,5942,-0.07371476017546352,-0.006857142857142895,0.15104344851180293,0.7505986999657885,5846,-0.12349548329048465,-0.07229093763173067,0.0,1.0,5126,0.4282063619353114
gate_breakout_fixed_8pct__tp12_sl06_buf5s,gate_breakout_fixed_8pct,gate_single,,robust,tp12_sl06_buf5s,intraday,87,60.26102228495344,-0.39738977715046564,0.4482758620689655,0.5155553047208122,0.4499444720936084,6.504319482157798,2026-05-03T22:30:00+00:00,2026-06-02T02:50:01+00:00,24,48,0,15,-0.06604698412698407,0.0,0.19909121507909794,0.4893975092561427,5942,-0.10858547221158732,-0.007171960580278025,0.2988368114950393,0.8771809784468012,5846,-0.18538254362891926,-0.07684417803809496,0.14221615294576667,1.0,5126,0.42654561423607135
session_milddrop_london_fixed_10pct__tp05_sl03_buf5s,session_milddrop_london_fixed_10pct,session_single,,robust,tp05_sl03_buf5s,intraday,134,56.9518964438018,-0.43048103556198203,0.44029850746268656,0.5278084884550402,0.4610669874132534,7.763110586324408,2026-05-04T07:10:01+00:00,2026-06-02T12:55:02+00:00,59,75,0,0,-0.08533415384615373,0.0,0.15853248064624706,0.4145069000336587,5942,-0.09502092276837115,-0.005563909774436104,0.2603489565514882,0.7853232979815258,5846,-0.23671828768501746,-0.06918509000056694,0.12153726102223956,1.0,5126,0.4252170924504525
v2_micro_game_mix__tp12_sl06_buf5s,v2_micro_game_mix,refreshed_v2_mix,,full_refresh,tp12_sl06_buf5s,intraday,126,63.90089676617258,-0.36099103233827423,0.2857142857142857,0.5994329064173536,0.42877831561789587,2.896590638728757,2026-05-03T16:20:01+00:00,2026-06-01T14:30:00+00:00,36,89,0,1,-0.08403004109743228,0.0,0.13497139010434198,0.41753618310333224,5942,-0.12564067539202506,0.0,0.15908313376667807,0.5911734519329456,5846,-0.17309353569178043,-0.09865299097456093,0.20971517752633634,1.0,5126,0.42370374613357775
game_pm_squeeze_fade_down__tp06_sl03_buf3s,game_pm_squeeze_fade_down,game_theory,,full_refresh,tp06_sl03_buf3s,intraday,126,60.14586333647278,-0.3985413666352722,0.23809523809523808,0.39585530750444897,0.40584783247911016,2.780842569878585,2026-05-03T15:55:02+00:00,2026-06-01T22:15:01+00:00,30,96,0,0,-0.05668077089583334,0.0,0.12554695388757994,0.4890609222484012,5942,-0.06784285697330306,-0.007190630400666698,0.12042422169004448,0.7160451590831338,5846,-0.13678362000757116,-0.06480511745527318,0.10241904018728053,1.0,5126,0.42224195211364424
session_breakout_asia_fixed_8pct__trail08_gap03_buf5s,session_breakout_asia_fixed_8pct,session_single,,robust,trail08_gap03_buf5s,intraday,60,67.5452446823434,-0.32454755317656603,0.43333333333333335,0.41471135665073683,0.3748093078490887,6.744247983602654,2026-05-04T02:05:02+00:00,2026-06-02T03:50:00+00:00,0,34,14,12,-0.09014899322130576,0.0,0.09559071019858634,0.27768428138673845,5942,-0.09014899322130576,0.0,0.17293876154635648,0.6057133082449538,5846,-0.13963013470789853,-0.06312521000400428,0.035115099492781895,1.0,5126,0.42148852484056976
session_milddrop_asia_fixed_6pct__settle,session_milddrop_asia_fixed_6pct,session_single,,robust,settle,settle,134,62.09491500697941,-0.3790508499302059,0.6492537313432836,0.8204690783698049,0.5461752198236761,4.238840821578299,2026-05-03T23:45:00+00:00,2026-06-02T05:55:01+00:00,0,0,0,134,-0.2061337759701216,0.0,0.1876472568158869,0.38640188488724336,5942,-0.2223659915663906,0.0,0.32723229558672595,0.7517960998973657,5846,-0.3010575832152631,-0.037044320110631856,0.3685134607881389,1.0,5126,0.42112078512238904
v1_balanced_mix__trail08_gap03_buf5s,v1_balanced_mix,previous_v1_mix,prior_mixed_candidate,full_refresh,trail08_gap03_buf5s,intraday,116,59.16633356093448,-0.4083366643906552,0.3879310344827586,0.5177659983868247,0.4481343764177029,6.432905727054447,2026-05-04T02:05:02+00:00,2026-06-02T12:45:01+00:00,0,64,40,12,-0.09422630763618789,0.0,0.18108381016492764,0.5624368899360485,5942,-0.10932541186513012,-0.009859154929577452,0.25880944235374614,0.8607594936708861,5846,-0.22422342730602762,-0.08936185689762488,0.29145532579008976,1.0,5126,0.4208446939321037
v1_adaptive_mix__trail08_gap03_buf5s,v1_adaptive_mix,previous_v1_mix,prior_mixed_candidate,full_refresh,trail08_gap03_buf5s,intraday,116,57.59224314667346,-0.4240775685332654,0.3706896551724138,0.4951285478144352,0.4627765805014372,6.32001590395812,2026-05-04T02:05:02+00:00,2026-06-02T12:45:01+00:00,0,66,40,10,-0.09659217441620649,0.0,0.17418377650622685,0.5696735106024907,5942,-0.10259109995058335,-0.012140482364200955,0.23400615805679098,0.8872733492986657,5846,-0.2328267990124645,-0.09545362678869196,0.28774873195474054,1.0,5126,0.4201760415473327
session_milddrop_asia_fixed_8pct__tp12_sl06_buf5s,session_milddrop_asia_fixed_8pct,session_single,,robust,tp12_sl06_buf5s,intraday,123,56.99211049046261,-0.4300788950953739,0.3252032520325203,0.529080498912671,0.44271078399156516,5.8785681959424965,2026-05-03T23:45:00+00:00,2026-06-02T05:55:01+00:00,40,83,0,0,-0.09082235673127359,0.0,0.12622012790306295,0.38640188488724336,5942,-0.10085466176044566,-0.012173913043478257,0.18491276086212796,0.7517960998973657,5846,-0.1858930505127968,-0.07700520056305693,0.10397971127584861,1.0,5126,0.4200966128231566
gate_milddrop_fixed_6pct__tp12_sl06_buf5s,gate_milddrop_fixed_6pct,gate_single,,robust,tp12_sl06_buf5s,intraday,312,46.762741019243705,-0.532372589807563,0.38461538461538464,0.6241526096515936,0.5496959027640721,3.672471960165733,2026-05-03T18:00:01+00:00,2026-06-02T15:30:01+00:00,117,192,0,3,-0.0910518200889151,-0.007384615384615434,0.346852911477617,0.9488387748232918,5942,-0.13929371944741098,-0.017524205061648312,0.2918234690386589,1.0,5846,-0.3283376408794596,-0.0930492204724288,0.1929379633242294,1.0,5126,0.41965135372513085
session_breakout_asia_fixed_12pct__tp04_sl02_buf3s,session_breakout_asia_fixed_12pct,session_single,,robust,tp04_sl02_buf3s,intraday,60,68.14465471928303,-0.31855345280716973,0.4166666666666667,0.3941370086582278,0.3705399804167449,9.68419492238939,2026-05-04T02:05:02+00:00,2026-06-02T03:50:00+00:00,25,35,0,0,-0.09938456955850561,0.0,0.09104678559407607,0.2778525748906092,5942,-0.09938456955850561,0.0,0.1671228190215532,0.6058843653780362,5846,-0.13545267350970536,-0.06646456472178885,0.04291845493562232,1.0,5126,0.41947798525986174
gate_milddrop_fixed_6pct__tp06_sl03_buf3s,gate_milddrop_fixed_6pct,gate_single,,robust,tp06_sl03_buf3s,intraday,313,45.10374826234454,-0.5489625173765547,0.34824281150159747,0.5160434655998672,0.5523201165027838,4.0106899220510535,2026-05-03T18:00:01+00:00,2026-06-02T15:30:01+00:00,108,204,0,1,-0.05952361334254341,-0.0067038509940021695,0.2588354089532144,0.9463143722652305,5942,-0.08700536182079321,-0.019460883700541554,0.23451932945603832,1.0,5846,-0.21450471823968542,-0.10001740885865912,0.02575107296137339,1.0,5126,0.41922747928361404
v1_adaptive_mix__tp12_sl06_buf5s,v1_adaptive_mix,previous_v1_mix,prior_mixed_candidate,full_refresh,tp12_sl06_buf5s,intraday,117,57.769085835770916,-0.42230914164229083,0.4017094017094017,0.5761225455852272,0.4931753495732698,5.906399627361814,2026-05-04T02:05:02+00:00,2026-06-02T12:55:02+00:00,41,70,0,6,-0.10569570743008105,0.0,0.1979131605520027,0.5659710535173342,5942,-0.13470439967921133,-0.011961800794382804,0.2724940130003421,0.8889839206294903,5846,-0.2837020014930344,-0.08376624834958368,0.369879047990636,1.0,5126,0.41826173292091495
session_milddrop_london_fixed_10pct__trail08_gap03_buf5s,session_milddrop_london_fixed_10pct,session_single,,robust,trail08_gap03_buf5s,intraday,133,55.40631504261637,-0.4459368495738363,0.3684210526315789,0.5639936271450127,0.48779863559179987,7.125454047607792,2026-05-04T07:10:01+00:00,2026-06-02T12:55:02+00:00,0,78,49,6,-0.10639553846153849,0.0,0.14792998990238976,0.4145069000336587,5942,-0.11100232915208086,-0.006284297651265258,0.2437564146424906,0.7853232979815258,5846,-0.26391804066322067,-0.05531051335400483,0.2571205618415919,1.0,5126,0.417474319318746
session_milddrop_london_fixed_12pct__tp06_sl03_buf3s,session_milddrop_london_fixed_12pct,session_single,,robust,tp06_sl03_buf3s,intraday,134,54.0878338215091,-0.459121661784909,0.40298507462686567,0.5518455800608563,0.48607626705792817,9.15434114063486,2026-05-04T07:10:01+00:00,2026-06-02T12:55:02+00:00,54,80,0,0,-0.10193792309450556,0.0,0.14490070683271625,0.4145069000336587,5942,-0.10405250782346975,-0.008108108108108136,0.24495381457406773,0.7853232979815258,5846,-0.22163286867775767,-0.07145266703055597,0.09910261412407335,1.0,5126,0.41645167449497844
gate_milddrop_fixed_6pct__trail08_gap03_buf5s,gate_milddrop_fixed_6pct,gate_single,,robust,trail08_gap03_buf5s,intraday,312,44.91611057362592,-0.5508388942637408,0.33653846153846156,0.5879921173029407,0.5531786497910928,3.7097016141667156,2026-05-03T18:00:01+00:00,2026-06-02T15:30:01+00:00,0,196,101,15,-0.08265806676838827,-0.007683575978089663,0.3049478290138001,0.9488387748232918,5942,-0.11581437558686469,-0.020747200508861918,0.30277112555593566,1.0,5846,-0.3122038474498845,-0.08253555261042855,0.17206398751463128,1.0,5126,0.4163100011456066
session_breakout_asia_fixed_10pct__tp08_sl04_buf5s,session_breakout_asia_fixed_10pct,session_single,,robust,tp08_sl04_buf5s,intraday,60,67.89683526081944,-0.32103164739180556,0.43333333333333335,0.4843065497506529,0.415223390387143,8.46482383905214,2026-05-04T02:05:02+00:00,2026-06-02T03:50:00+00:00,26,34,0,0,-0.11181059630397405,0.0,0.1004712218108381,0.27768428138673845,5942,-0.11181059630397405,0.0,0.17670201847417039,0.6057133082449538,5846,-0.16954494189273106,-0.05056226098423544,0.03862660944206009,1.0,5126,0.41612403100775197
session_milddrop_london_fixed_8pct__tp12_sl06_buf5s,session_milddrop_london_fixed_8pct,session_single,,robust,tp12_sl06_buf5s,intraday,136,54.830260687476844,-0.4516973931252316,0.375,0.5492613976595501,0.47741351495886536,5.66632947437488,2026-05-04T07:10:01+00:00,2026-06-02T12:55:02+00:00,48,85,0,3,-0.10699593761927206,0.0,0.1287445304611242,0.41467519353752946,5942,-0.10699593761927206,-0.004505182628683824,0.24529592884023263,0.7854943551146083,5846,-0.24751973908562008,-0.07589263812279112,0.20347249317206398,1.0,5126,0.4152862107152404
session_milddrop_asia_fixed_10pct__tp04_sl02_buf3s,session_milddrop_asia_fixed_10pct,session_single,,robust,tp04_sl02_buf3s,intraday,129,55.698996906827475,-0.4430100309317253,0.3333333333333333,0.42302545300091426,0.44301003093172525,7.716989281828007,2026-05-03T23:45:00+00:00,2026-06-02T05:55:01+00:00,43,86,0,0,-0.055679466243353515,0.0,0.08599798047795355,0.3852238303601481,5942,-0.06739379700496606,-0.006521739130434745,0.14933287718097846,0.7505986999657885,5846,-0.1563733476115018,-0.0759400082593884,0.06398751463129146,1.0,5126,0.41433115668079584
gate_breakout_fixed_10pct__trail08_gap03_buf5s,gate_breakout_fixed_10pct,gate_single,,robust,trail08_gap03_buf5s,intraday,88,56.99272553573527,-0.43007274464264733,0.45454545454545453,0.5433562935938338,0.4664023142582559,7.704771409681338,2026-05-03T22:30:00+00:00,2026-06-02T02:50:01+00:00,0,47,19,22,-0.09999999999999998,0.0,0.21238640188488725,0.49074385728710873,5942,-0.13052834041467998,-0.00786516853932584,0.34040369483407457,0.8771809784468012,5846,-0.21777812917605655,-0.07673915094425798,0.16406554818571986,1.0,5126,0.41204108909000653
gate_milddrop_fixed_6pct__tp08_sl04_buf5s,gate_milddrop_fixed_6pct,gate_single,,robust,tp08_sl04_buf5s,intraday,316,42.413993394728344,-0.5758600660527166,0.3639240506329114,0.5622738994458756,0.5790174352880562,3.9298118688709813,2026-05-03T18:00:01+00:00,2026-06-02T15:30:01+00:00,113,201,0,2,-0.07771644554621482,-0.006783217065816527,0.27970380343318746,0.9474924267923258,5942,-0.11112651606164203,-0.0212374134319252,0.2765993841943209,1.0,5846,-0.2631050728448233,-0.11311414520804575,0.06203667577058135,1.0,5126,0.40925611944858137
combo_session_mix_fixed_6pct__tp05_sl03_buf5s,combo_session_mix_fixed_6pct,combo_session,,robust,tp05_sl03_buf5s,intraday,207,50.664543704638206,-0.4933545629536179,0.37681159420289856,0.424000527146981,0.49335456295361796,4.377602035954221,2026-05-03T23:45:00+00:00,2026-06-02T12:45:01+00:00,78,129,0,0,-0.06758351642757876,-0.0010944114149822326,0.18411309323460115,0.6879838438236284,5942,-0.08180654135555632,-0.014355545515410073,0.19568936024632227,0.9929866575436196,5846,-0.17776970849770624,-0.09346806257590301,0.0,1.0,5126,0.40855386260358195
v1_conservative_mix__settle,v1_conservative_mix,previous_v1_mix,prior_mixed_candidate,full_refresh,settle,settle,116,56.718570670451406,-0.43281429329548593,0.6379310344827587,0.7949609840243179,0.5927405889456403,4.920363037582399,2026-05-04T02:05:02+00:00,2026-06-02T12:55:02+00:00,0,0,0,116,-0.17211978499759262,0.0,0.30090878492090206,0.5647929989902389,5942,-0.27155049401508036,0.0,0.4156688333903524,0.8862470065001711,5846,-0.43454637840402677,-0.04844596366529663,0.43776824034334766,1.0,5126,0.4079986252720816
session_milddrop_london_fixed_10pct__tp04_sl02_buf3s,session_milddrop_london_fixed_10pct,session_single,,robust,tp04_sl02_buf3s,intraday,132,58.07054769364197,-0.4192945230635803,0.4015151515151515,0.42659374104551007,0.4301732147304543,7.547139258986416,2026-05-04T07:10:01+00:00,2026-06-02T12:55:02+00:00,53,79,0,0,-0.08533415384615373,0.0,0.13497139010434198,0.41299225849882193,5942,-0.08708551402370723,-0.006779661016949157,0.2064659596305166,0.7848101265822784,5846,-0.17079558937437522,-0.07006331352743067,0.11431915723761217,1.0,5126,0.40742314889067094
gate_milddrop_fixed_6pct__tp04_sl02_buf3s,gate_milddrop_fixed_6pct,gate_single,,robust,tp04_sl02_buf3s,intraday,316,46.09943906887272,-0.5390056093112727,0.33544303797468356,0.45532363707330586,0.5424373293412137,4.04260593592458,2026-05-03T18:00:01+00:00,2026-06-02T15:30:01+00:00,105,210,0,1,-0.05952361334254341,-0.006578987438142225,0.24503534163581286,0.9474924267923258,5942,-0.08442362500595002,-0.020581339770945783,0.1958604173794047,1.0,5846,-0.1879405412637124,-0.09390897146395716,0.026531408505657432,1.0,5126,0.4073169893458587
combo_guarded_fixed_6pct__trail08_gap03_buf5s,combo_guarded_fixed_6pct,combo_session,,robust,trail08_gap03_buf5s,intraday,216,47.50937281991361,-0.5249062718008639,0.3425925925925926,0.5074310825466558,0.5331411573722135,4.091882429455048,2026-05-03T23:45:00+00:00,2026-06-02T12:45:01+00:00,0,136,63,17,-0.07108004135570067,-0.003294014505472287,0.2248401211713228,0.7606866374957927,5942,-0.09993212526388962,-0.018323185011709597,0.25641464249059187,0.9929866575436196,5846,-0.23493943305175502,-0.10169252651103755,0.06515801794771751,1.0,5126,0.4064532019704434
combo_session_mix_fixed_6pct__tp12_sl06_buf5s,combo_session_mix_fixed_6pct,combo_session,,robust,tp12_sl06_buf5s,intraday,203,47.2736940244791,-0.527263059755209,0.3448275862068966,0.5090518599599707,0.5466138730997109,3.9798945971613584,2026-05-03T23:45:00+00:00,2026-06-02T12:55:02+00:00,67,133,0,3,-0.0808932720430755,0.0,0.19606193200942443,0.68832043083137,5942,-0.09860985194797034,-0.01656860569718832,0.22220321587410194,0.9929866575436196,5846,-0.23576964286092983,-0.0921126944653975,0.0005852516582130316,1.0,5126,0.40524878756634974
gate_breakout_fixed_12pct__tp04_sl02_buf3s,gate_breakout_fixed_12pct,gate_single,,robust,tp04_sl02_buf3s,intraday,88,61.78390441935731,-0.38216095580642684,0.4318181818181818,0.4517021986851383,0.44488555603832436,10.497110570095005,2026-05-03T22:30:00+00:00,2026-06-02T02:50:01+00:00,37,50,0,1,-0.08544630541871912,0.0,0.19421070346684619,0.49074385728710873,5942,-0.12293110667980289,-0.0055172413793103114,0.32996920971604515,0.8771809784468012,5846,-0.17701452776771553,-0.06927762535096638,0.184939523995318,1.0,5126,0.4046408523313095
combo_guarded_fixed_6pct__tp05_sl03_buf5s,combo_guarded_fixed_6pct,combo_session,,robust,tp05_sl03_buf5s,intraday,222,48.324383753829544,-0.5167561624617045,0.38738738738738737,0.43136423631906395,0.5212978364777066,4.356187053987704,2026-05-03T23:45:00+00:00,2026-06-02T12:45:01+00:00,86,136,0,0,-0.06758351642757876,-0.003004903225806488,0.2305621003029283,0.7593402894648267,5942,-0.08180654135555632,-0.016682745495190443,0.21296613068764966,0.9929866575436196,5846,-0.19204164317651784,-0.09631582689168638,0.0,1.0,5126,0.4032791079543285
session_milddrop_asia_fixed_6pct__tp08_sl04_buf5s,session_milddrop_asia_fixed_6pct,session_single,,robust,tp08_sl04_buf5s,intraday,119,57.87635453869466,-0.42123645461305337,0.2773109243697479,0.35605851721360127,0.4258298160843783,4.605883864468976,2026-05-03T23:45:00+00:00,2026-06-02T05:55:01+00:00,33,86,0,0,-0.06873883334218045,0.0,0.09155166610568832,0.3852238303601481,5942,-0.07644582230762431,-0.01035131022657676,0.1542935340403695,0.7505986999657885,5846,-0.13585980765966799,-0.07106507025276831,0.05540382364416699,1.0,5126,0.40248405697483486
v1_active_fill_mix__tp12_sl06_buf5s,v1_active_fill_mix,previous_v1_mix,prior_final_v1_mix;prior_mixed_candidate,full_refresh,tp12_sl06_buf5s,intraday,182,50.93443597390479,-0.4906556402609521,0.36813186813186816,0.5447246510548935,0.5352771012964874,4.301140079554085,2026-05-04T02:05:02+00:00,2026-06-02T12:55:02+00:00,57,115,0,10,-0.09100329594967194,0.0,0.23325479636486032,0.6846179737462134,5942,-0.12922784099001838,-0.01642505702315955,0.27198084160109476,0.9389326034895655,5846,-0.23970105059092128,-0.08330299211787218,0.1035895435037066,1.0,5126,0.3988799786153435
combo_guarded_fixed_6pct__tp12_sl06_buf5s,combo_guarded_fixed_6pct,combo_session,,robust,tp12_sl06_buf5s,intraday,218,45.95274549068667,-0.5404725450931334,0.3623853211009174,0.525522129976158,0.5671608446962789,3.9627309824279955,2026-05-03T23:45:00+00:00,2026-06-02T12:55:02+00:00,73,139,0,6,-0.08571586965369327,-0.003678591549295618,0.23611578593066307,0.7595085829686974,5942,-0.10333948980394936,-0.01775051270550576,0.23588778652069792,0.9929866575436196,5846,-0.25532399091527946,-0.10047405786110031,0.008973858759266484,1.0,5126,0.3982086531485088
classic_early_drop_down_wf__settle,classic_early_drop_down_wf,classic_quant,,full_refresh,settle,settle,126,63.43839503554565,-0.3656160496445434,0.6984126984126984,0.7131753424195195,0.45138979284107167,3.1866062919073825,2026-05-03T15:50:00+00:00,2026-05-31T12:20:01+00:00,0,0,0,126,-0.16307761330191306,0.0,0.1284079434533827,0.26455738808481993,5942,-0.22422302379367864,0.0,0.1546356483065344,0.40660280533698256,5846,-0.21877500397028715,-0.09002964274285141,0.26316816230979323,1.0,5126,0.39548325505021575
combo_guarded_fixed_6pct__tp06_sl03_buf3s,combo_guarded_fixed_6pct,combo_session,,robust,tp06_sl03_buf3s,intraday,222,48.357741631804515,-0.5164225836819549,0.34234234234234234,0.4252821073870997,0.5190865104271748,4.307393218919958,2026-05-03T23:45:00+00:00,2026-06-02T12:45:01+00:00,76,146,0,0,-0.05952361334254341,-0.0032111269982847412,0.2019522046449007,0.7593402894648267,5942,-0.08700536182079321,-0.016235864359060936,0.1837153609305508,0.9929866575436196,5846,-0.18126911954995772,-0.0990689352883547,0.0,1.0,5126,0.3953324168480544
gate_breakout_fixed_6pct__settle,gate_breakout_fixed_6pct,gate_single,,robust,settle,settle,87,56.37840551019386,-0.43621594489806137,0.7126436781609196,0.6221161394039018,0.5282963795856928,4.269023275749374,2026-05-03T22:30:00+00:00,2026-06-02T02:50:01+00:00,0,0,0,87,-0.11843539362394273,0.0,0.31016492763379333,0.49057556378323797,5942,-0.1721119291241211,0.0,0.47434143003763257,0.8771809784468012,5846,-0.24396873821205933,-0.07896838222922797,0.21985953960202886,1.0,5126,0.3949746057203956
combo_session_mix_fixed_6pct__tp06_sl03_buf3s,combo_session_mix_fixed_6pct,combo_session,,robust,tp06_sl03_buf3s,intraday,206,50.04603264178429,-0.4995396735821571,0.3300970873786408,0.4103459689705063,0.4995396735821571,4.28585523170636,2026-05-03T23:45:00+00:00,2026-06-02T12:45:01+00:00,68,138,0,0,-0.05952361334254341,-0.0030000000000000027,0.16223493773140357,0.6879838438236284,5942,-0.08700536182079321,-0.014169904761904717,0.15976736229900787,0.9929866575436196,5846,-0.16558694186153677,-0.09591421876733575,0.0,1.0,5126,0.394313208844083
session_milddrop_asia_fixed_8pct__trail08_gap03_buf5s,session_milddrop_asia_fixed_8pct,session_single,,robust,trail08_gap03_buf5s,intraday,121,54.988819201962635,-0.45011180798037365,0.2975206611570248,0.4660874413714269,0.45084401595909485,5.803395043997284,2026-05-03T23:45:00+00:00,2026-06-02T05:55:01+00:00,0,82,33,6,-0.09082235673127359,0.0,0.10400538539212387,0.38640188488724336,5942,-0.10085466176044566,-0.01073170731707318,0.1671228190215532,0.7517960998973657,5846,-0.1983309393887781,-0.08392556421546105,0.1092469761997659,1.0,5126,0.3933447893993203
v1_active_fill_mix__trail08_gap03_buf5s,v1_active_fill_mix,previous_v1_mix,prior_final_v1_mix;prior_mixed_candidate,full_refresh,trail08_gap03_buf5s,intraday,181,50.0897531879649,-0.499102468120351,0.34806629834254144,0.48164331738262983,0.5170782480677234,4.463949475477129,2026-05-04T02:05:02+00:00,2026-06-02T12:55:02+00:00,0,110,57,14,-0.07129768270944736,0.0,0.1979131605520027,0.6932009424436216,5942,-0.11085273404900375,-0.014371068919522223,0.2521382141635306,0.9411563462196374,5846,-0.18057691803892484,-0.08782978341984049,0.04389387436597737,1.0,5126,0.39266773589949217
combo_session_mix_fixed_6pct__tp04_sl02_buf3s,combo_session_mix_fixed_6pct,combo_session,,robust,tp04_sl02_buf3s,intraday,205,52.04228914110478,-0.4795771085889522,0.3170731707317073,0.3268228686131262,0.4795771085889522,4.266424382040129,2026-05-03T23:45:00+00:00,2026-06-02T12:45:01+00:00,65,140,0,0,-0.05952361334254341,-0.002535211267605586,0.1573544261191518,0.6879838438236284,5942,-0.08442362500595002,-0.013714285714285679,0.1602805336982552,0.9929866575436196,5846,-0.15713059480347757,-0.08618819345054196,0.0,1.0,5126,0.3925126971398022
combo_guarded_fixed_6pct__tp08_sl04_buf5s,combo_guarded_fixed_6pct,combo_session,,robust,tp08_sl04_buf5s,intraday,221,45.236201577329425,-0.5476379842267057,0.34841628959276016,0.47801871504491794,0.5536580095575563,4.292120377284124,2026-05-03T23:45:00+00:00,2026-06-02T12:45:01+00:00,76,144,0,1,-0.07033265593688309,-0.003409090909090917,0.22147425109390778,0.7593402894648267,5942,-0.0951600597117842,-0.01578087001517714,0.2088607594936709,0.9929866575436196,5846,-0.23444632258447962,-0.10132032842076633,0.0,1.0,5126,0.3897643869095353
session_milddrop_asia_fixed_8pct__tp06_sl03_buf3s,session_milddrop_asia_fixed_8pct,session_single,,robust,tp06_sl03_buf3s,intraday,125,54.77798757336085,-0.45222012426639147,0.304,0.39151142376075615,0.45222012426639147,6.074054159630248,2026-05-03T23:45:00+00:00,2026-06-02T05:55:01+00:00,38,87,0,0,-0.06628441788496964,0.0,0.0865028609895658,0.3852238303601481,5942,-0.07654542412917509,-0.00861538461538458,0.1515566199110503,0.7505986999657885,5846,-0.16534205596503027,-0.08227046410489308,0.0005852516582130316,1.0,5126,0.389749112154886
session_milddrop_london_fixed_12pct__tp05_sl03_buf5s,session_milddrop_london_fixed_12pct,session_single,,robust,tp05_sl03_buf5s,intraday,134,50.76277896671462,-0.49237221033285383,0.44029850746268656,0.5303985716966018,0.5237834898848582,8.88145220036276,2026-05-04T07:10:01+00:00,2026-06-02T12:55:02+00:00,59,75,0,0,-0.10193792309450556,0.0,0.15853248064624706,0.4145069000336587,5942,-0.11331936976830104,-0.006716062884483898,0.2603489565514882,0.7853232979815258,5846,-0.2770577465174976,-0.0855341251001056,0.12153726102223956,1.0,5126,0.3897296368427082
combo_session_mix_fixed_6pct__trail08_gap03_buf5s,combo_session_mix_fixed_6pct,combo_session,,robust,trail08_gap03_buf5s,intraday,203,46.90073427543579,-0.530992657245642,0.32019704433497537,0.4633751724011687,0.5391220463965888,3.9566184294766513,2026-05-03T23:45:00+00:00,2026-06-02T12:45:01+00:00,0,132,59,12,-0.07108004135570067,-0.000859028423772612,0.18057892965331537,0.6879838438236284,5942,-0.09993212526388962,-0.01714561894813338,0.21980841601094767,0.9929866575436196,5846,-0.22666621673672072,-0.09447558615814633,0.06340226297307842,1.0,5126,0.3896586092335892
combo_session_mix_fixed_6pct__tp08_sl04_buf5s,combo_session_mix_fixed_6pct,combo_session,,robust,tp08_sl04_buf5s,intraday,205,46.14405088219962,-0.5385594911780038,0.33170731707317075,0.45461209107346184,0.5385594911780038,4.2519800581358025,2026-05-03T23:45:00+00:00,2026-06-02T12:45:01+00:00,67,137,0,1,-0.07033265593688309,-0.0016008389139561263,0.1713227869404241,0.6879838438236284,5942,-0.0951600597117842,-0.015151840405200123,0.18559698939445776,0.9929866575436196,5846,-0.21863234110302143,-0.09385079396203977,0.0,1.0,5126,0.3875415282392027
combo_guarded_fixed_6pct__tp04_sl02_buf3s,combo_guarded_fixed_6pct,combo_session,,robust,tp04_sl02_buf3s,intraday,223,49.534576856265986,-0.5046542314373401,0.3273542600896861,0.33828863967494804,0.5046542314373401,4.243622026052238,2026-05-03T23:45:00+00:00,2026-06-02T12:45:01+00:00,73,150,0,0,-0.05952361334254341,-0.0030508474576270705,0.17990575563783237,0.7593402894648267,5942,-0.08442362500595002,-0.015234567512840136,0.14574067738624702,0.9929866575436196,5846,-0.15545872097063296,-0.0971308194476348,0.0,1.0,5126,0.3861710008782984
session_milddrop_asia_fixed_12pct__tp04_sl02_buf3s,session_milddrop_asia_fixed_12pct,session_single,,robust,tp04_sl02_buf3s,intraday,129,49.65188986730401,-0.50348110132696,0.3333333333333333,0.42522956351976415,0.5034811013269599,8.815956376795354,2026-05-03T23:45:00+00:00,2026-06-02T05:55:01+00:00,43,86,0,0,-0.06652653914974038,0.0,0.08599798047795355,0.3852238303601481,5942,-0.0778380473533391,-0.00782608695652176,0.14933287718097846,0.7505986999657885,5846,-0.18499987550143326,-0.08934920336245722,0.0963714397190792,1.0,5126,0.3839970214228434
v1_balanced_mix__settle,v1_balanced_mix,previous_v1_mix,prior_mixed_candidate,full_refresh,settle,settle,116,51.734953067544424,-0.4826504693245558,0.6551724137931034,0.8137909306626677,0.6151938625952716,6.205296618317471,2026-05-04T02:05:02+00:00,2026-06-02T12:55:02+00:00,0,0,0,116,-0.22476392396726042,0.0,0.29485021878155504,0.5479636486031639,5942,-0.33349589193183804,0.0,0.3994184057475197,0.8265480670543962,5846,-0.5414783234025489,-0.015787374989234215,0.4744440109246976,1.0,5126,0.38341696261503805
session_breakout_asia_fixed_10pct__tp12_sl06_buf5s,session_breakout_asia_fixed_10pct,session_single,,robust,tp12_sl06_buf5s,intraday,60,61.377182625804906,-0.38622817374195095,0.43333333333333335,0.4591763548890011,0.42582824076328507,7.825308965622486,2026-05-04T02:05:02+00:00,2026-06-02T03:50:00+00:00,16,34,0,10,-0.11181059630397405,0.0,0.10669808145405588,0.27768428138673845,5942,-0.11181059630397405,0.0,0.18422853232979816,0.6057133082449538,5846,-0.1671688186935686,-0.08545197122398207,0.12543893874365977,1.0,5126,0.3833753389086188
gate_breakout_fixed_10pct__tp12_sl06_buf5s,gate_breakout_fixed_10pct,gate_single,,robust,tp12_sl06_buf5s,intraday,87,52.78770412541887,-0.47212295874581134,0.4482758620689655,0.5180591111778461,0.5287660449187815,7.73414122903115,2026-05-03T22:30:00+00:00,2026-06-02T02:50:01+00:00,24,48,0,15,-0.08220634920634917,0.0,0.19909121507909794,0.4893975092561427,5942,-0.13430743954471402,-0.009666401420089454,0.2988368114950393,0.8771809784468012,5846,-0.22696666307266689,-0.09592389850811744,0.14221615294576667,1.0,5126,0.383217245197999
session_breakout_us_open_fixed_10pct__settle,session_breakout_us_open_fixed_10pct,session_single,,robust,settle,settle,22,70.30357374753935,-0.2969642625246065,0.6818181818181818,0.49820378337565324,0.3860328371251334,9.0030072231901,2026-05-04T13:55:01+00:00,2026-06-01T14:35:02+00:00,0,0,0,22,-0.16744560080396265,0.0,0.052170986199932684,0.10198586334567486,5942,-0.16744560080396265,0.0,0.13513513513513514,0.2842969551830311,5846,-0.29683285277535876,-0.027718642168233498,0.33866562621927426,0.9106515801794772,5126,0.3827590025585214
gate_breakout_fixed_12pct__trail08_gap03_buf5s,gate_breakout_fixed_12pct,gate_single,,robust,trail08_gap03_buf5s,intraday,88,50.54210111758115,-0.4945789888241885,0.45454545454545453,0.5416272555145846,0.5319406161917044,8.770187848695777,2026-05-03T22:30:00+00:00,2026-06-02T02:50:01+00:00,0,47,19,22,-0.12,0.0,0.20935711881521374,0.49074385728710873,5942,-0.15530884515309185,-0.009438202247191052,0.3373246664385905,0.8771809784468012,5846,-0.25628951440504755,-0.0920862376538264,0.16406554818571986,1.0,5126,0.377949746057204
session_milddrop_london_fixed_4pct__settle,session_milddrop_london_fixed_4pct,session_single,,robust,settle,settle,142,44.20221478877041,-0.5579778521122959,0.5985915492957746,0.6673492855835175,0.5990904086091673,2.885851494901872,2026-05-04T07:10:01+00:00,2026-06-02T12:55:02+00:00,0,0,0,142,-0.15306257154539427,0.0,0.15348367553012454,0.41299225849882193,5942,-0.15306257154539427,-0.002181626533393821,0.2748888128634964,0.7834416695176188,5846,-0.28062106014139687,-0.10001995570394251,0.18669527896995708,1.0,5126,0.37773208080345216
session_breakout_asia_fixed_12pct__tp08_sl04_buf5s,session_breakout_asia_fixed_12pct,session_single,,robust,tp08_sl04_buf5s,intraday,60,62.81749138446284,-0.3718250861553716,0.43333333333333335,0.489419956355643,0.4746688663036088,9.901056072220236,2026-05-04T02:05:02+00:00,2026-06-02T03:50:00+00:00,26,34,0,0,-0.13312869167026853,0.0,0.1004712218108381,0.27768428138673845,5942,-0.13312869167026853,0.0,0.17670201847417039,0.6057133082449538,5846,-0.20047687178750706,-0.060531083378289385,0.03862660944206009,1.0,5126,0.3765776912208348
gate_milddrop_fixed_8pct__tp05_sl03_buf5s,gate_milddrop_fixed_8pct,gate_single,,robust,tp05_sl03_buf5s,intraday,315,34.80162878856621,-0.6519837121143379,0.3904761904761905,0.5262689656782429,0.6554294179349881,4.879966514666805,2026-05-03T18:00:01+00:00,2026-06-02T15:30:01+00:00,122,192,0,1,-0.0893163367942702,-0.008395356550580435,0.27415011780545273,0.9474924267923258,5942,-0.10787589783655094,-0.02891565445500055,0.23195347245980158,1.0,5846,-0.2705444428611572,-0.13808694832111768,0.009559110417479515,1.0,5126,0.3747328827280712
session_milddrop_asia_fixed_10pct__tp12_sl06_buf5s,session_milddrop_asia_fixed_10pct,session_single,,robust,tp12_sl06_buf5s,intraday,123,49.42406012513953,-0.5057593987486046,0.3252032520325203,0.5240103389424893,0.5193770490261957,6.81842663975057,2026-05-03T23:45:00+00:00,2026-06-02T05:55:01+00:00,40,83,0,0,-0.11250030440040504,0.0,0.12622012790306295,0.38640188488724336,5942,-0.12474167951212367,-0.01521739130434785,0.18491276086212796,0.7517960998973657,5846,-0.22484935244030435,-0.0960179221169587,0.10261412407335155,1.0,5126,0.37216061404513695
session_milddrop_asia_fixed_8pct__settle,session_milddrop_asia_fixed_8pct,session_single,,robust,settle,settle,134,50.484365584833995,-0.4951563441516601,0.6492537313432836,0.8026444072903373,0.6574630063727723,4.974826952974585,2026-05-03T23:45:00+00:00,2026-06-02T05:55:01+00:00,0,0,0,134,-0.2676822775566542,0.0,0.1856277347694379,0.38640188488724336,5942,-0.28749869725060095,0.0,0.32517960998973655,0.7517960998973657,5846,-0.3783647870825162,-0.0563837573258259,0.36617245415528676,1.0,5126,0.37195020429984343
session_milddrop_london_fixed_12pct__tp04_sl02_buf3s,session_milddrop_london_fixed_12pct,session_single,,robust,tp04_sl02_buf3s,intraday,132,51.73772556963065,-0.48262274430369356,0.4015151515151515,0.4227489098214623,0.4942095253923548,8.557417987102882,2026-05-04T07:10:01+00:00,2026-06-02T12:55:02+00:00,53,79,0,0,-0.10193792309450556,0.0,0.13497139010434198,0.41299225849882193,5942,-0.10405250782346975,-0.008135593220338966,0.2064659596305166,0.7848101265822784,5846,-0.20196097577499783,-0.08482878785527093,0.0852516582130316,1.0,5126,0.3676591438500019
session_milddrop_london_fixed_10pct__tp12_sl06_buf5s,session_milddrop_london_fixed_10pct,session_single,,robust,tp12_sl06_buf5s,intraday,136,46.159027258859496,-0.538409727411405,0.375,0.5369677893377715,0.5649160256949263,6.470738718327848,2026-05-04T07:10:01+00:00,2026-06-02T12:55:02+00:00,48,85,0,3,-0.13267411574135723,0.0,0.12857623695725345,0.41467519353752946,5942,-0.13267411574135723,-0.007841644461362707,0.23246664385904892,0.7854943551146083,5846,-0.2997783501047697,-0.09544039155908668,0.15879828326180256,1.0,5126,0.3674273494481995
gate_milddrop_fixed_8pct__tp06_sl03_buf3s,gate_milddrop_fixed_8pct,gate_single,,robust,tp06_sl03_buf3s,intraday,313,34.9012811198662,-0.6509871888013381,0.34824281150159747,0.5132511195785251,0.6544427611894436,4.731120825124247,2026-05-03T18:00:01+00:00,2026-06-02T15:30:01+00:00,108,204,0,1,-0.07882658650423846,-0.008836261988304117,0.2578256479299899,0.9463143722652305,5942,-0.11465130506481058,-0.02601673923974368,0.23451932945603832,1.0,5846,-0.27532696605011153,-0.13058326940450837,0.02575107296137339,1.0,5126,0.3660503303165693
session_milddrop_asia_fixed_8pct__tp05_sl03_buf5s,session_milddrop_asia_fixed_8pct,session_single,,robust,tp05_sl03_buf5s,intraday,125,52.557903449832814,-0.4744209655016719,0.312,0.3652121202956974,0.47442096550167184,6.12835808888695,2026-05-03T23:45:00+00:00,2026-06-02T05:55:01+00:00,39,86,0,0,-0.08722521472031919,0.0,0.08801750252440256,0.3852238303601481,5942,-0.09729721235099142,-0.00914285714285712,0.15104344851180293,0.7505986999657885,5846,-0.16151802641517832,-0.09557192539194637,0.0,1.0,5126,0.3630255470271509
session_breakout_asia_fixed_10pct__trail08_gap03_buf5s,session_breakout_asia_fixed_10pct,session_single,,robust,trail08_gap03_buf5s,intraday,60,60.89699874452945,-0.3910300125547055,0.43333333333333335,0.41640126043805253,0.4468741131648245,8.089719265381284,2026-05-04T02:05:02+00:00,2026-06-02T03:50:00+00:00,0,34,14,12,-0.11181059630397405,0.0,0.09491753618310333,0.27768428138673845,5942,-0.11181059630397405,0.0,0.17105713308244955,0.6057133082449538,5846,-0.1719210650918933,-0.07736416513592592,0.03687085446742099,1.0,5126,0.36205483636919084
v1_active_fill_mix__settle,v1_active_fill_mix,previous_v1_mix,prior_final_v1_mix;prior_mixed_candidate,full_refresh,settle,settle,182,43.24378132694179,-0.567562186730582,0.6373626373626373,0.7756915514782006,0.694824889664677,3.7309131073561965,2026-05-04T02:05:02+00:00,2026-06-02T12:55:02+00:00,0,0,0,182,-0.2102090248694275,0.0,0.3460114439582632,0.6756984180410636,5942,-0.3364249319083765,0.0,0.4721176873075607,0.9322613752993499,5846,-0.5396071638876572,-0.08270330456769703,0.41416309012875535,1.0,5126,0.36189101462557766
session_milddrop_london_fixed_12pct__trail08_gap03_buf5s,session_milddrop_london_fixed_12pct,session_single,,robust,trail08_gap03_buf5s,intraday,134,45.37115127144352,-0.5462884872855648,0.35074626865671643,0.5269680774783697,0.5867792527679684,7.717872485990161,2026-05-04T07:10:01+00:00,2026-06-02T12:55:02+00:00,0,80,48,6,-0.12668766537142861,0.0,0.13816896667788622,0.4145069000336587,5942,-0.13213187832679518,-0.011758789920218837,0.22938761546356484,0.7853232979815258,5846,-0.3082466008244351,-0.08769377038695103,0.18611002731174406,1.0,5126,0.35861076106465045
gate_milddrop_fixed_8pct__trail08_gap03_buf5s,gate_milddrop_fixed_8pct,gate_single,,robust,trail08_gap03_buf5s,intraday,312,33.51718326751776,-0.6648281673248224,0.33653846153846156,0.566089218943895,0.6670884772058155,4.186981847946669,2026-05-03T18:00:01+00:00,2026-06-02T15:30:01+00:00,0,196,101,15,-0.10928661362944947,-0.010491803278688483,0.3049478290138001,0.9488387748232918,5942,-0.15220221666536438,-0.027703872202084368,0.2976394115634622,1.0,5846,-0.4020871228239452,-0.11056871728787265,0.1648458837300039,1.0,5126,0.358369038072326
classic_milddrop_core__settle,classic_milddrop_core,classic_quant,,full_refresh,settle,settle,108,42.358272639106616,-0.5764172736089339,0.5833333333333334,0.6301302412705165,0.610593480205796,3.304128020897747,2026-05-04T07:10:01+00:00,2026-06-02T12:55:02+00:00,0,0,0,108,-0.14503428221997305,0.0,0.22046449007068328,0.47627061595422415,5942,-0.2295290455767116,-0.021330503512880572,0.3561409510776599,0.8966814916182004,5846,-0.40183228903730717,-0.1181184123542427,0.30511119781506046,1.0,5126,0.3543250467789361
timeseries_reversion_down__tp04_sl02_buf3s,timeseries_reversion_down,time_series,,full_refresh,tp04_sl02_buf3s,intraday,126,48.771960301300595,-0.512280396986994,0.24603174603174602,0.6250318031232553,0.5980769613077556,2.829349720238182,2026-05-03T17:10:02+00:00,2026-06-01T02:05:01+00:00,31,91,0,4,-0.13037585911583327,0.0,0.07001009761023225,0.38505553685627736,5942,-0.13791188178594171,0.0,0.09408142319534725,0.5088949709202873,5846,-0.2356919070511958,-0.10558928812170609,0.0333593445181428,1.0,5126,0.35397792797953187
gate_milddrop_fixed_8pct__tp08_sl04_buf5s,gate_milddrop_fixed_8pct,gate_single,,robust,tp08_sl04_buf5s,intraday,316,31.572711042456792,-0.6842728895754321,0.3639240506329114,0.5574467804554247,0.6873989005697347,4.592344339790188,2026-05-03T18:00:01+00:00,2026-06-02T15:30:01+00:00,113,201,0,2,-0.10289017400855716,-0.00907095817946213,0.27970380343318746,0.9474924267923258,5942,-0.14620269016950005,-0.02832594289061785,0.27642832706123843,1.0,5846,-0.33518900769055093,-0.14902020555699946,0.06203667577058135,1.0,5126,0.3531534730973384
v1_adaptive_mix__settle,v1_adaptive_mix,previous_v1_mix,prior_mixed_candidate,full_refresh,settle,settle,116,40.657825766254824,-0.5934217423374517,0.6379310344827587,0.7526097909216561,0.7143484444734259,5.381690033980874,2026-05-04T02:05:02+00:00,2026-06-02T12:55:02+00:00,0,0,0,116,-0.22844124272192223,0.0,0.30090878492090206,0.5647929989902389,5942,-0.3209355081062901,0.0,0.40933971946630177,0.8862470065001711,5846,-0.520053132333559,-0.08481700414933402,0.4266484588373,1.0,5126,0.35169167907740484
gate_milddrop_fixed_8pct__tp04_sl02_buf3s,gate_milddrop_fixed_8pct,gate_single,,robust,tp04_sl02_buf3s,intraday,316,35.46149389610616,-0.6453850610389384,0.33544303797468356,0.4485319283087628,0.6488961000385528,4.756076577998762,2026-05-03T18:00:01+00:00,2026-06-02T15:30:01+00:00,105,210,0,1,-0.07882658650423846,-0.008707398247189746,0.24503534163581286,0.9474924267923258,5942,-0.11126720582107208,-0.027390407959747676,0.19500513171399247,1.0,5846,-0.24209722158820313,-0.12373188078214536,0.024580569644947328,1.0,5126,0.35008706610150075
session_milddrop_asia_fixed_10pct__trail08_gap03_buf5s,session_milddrop_asia_fixed_10pct,session_single,,robust,trail08_gap03_buf5s,intraday,121,47.24977948457383,-0.5275022051542617,0.2975206611570248,0.460504957988202,0.5282883911689801,6.711380509685418,2026-05-03T23:45:00+00:00,2026-06-02T05:55:01+00:00,0,82,33,6,-0.11250030440040504,0.0,0.10400538539212387,0.38640188488724336,5942,-0.12474167951212367,-0.013414634146341475,0.1671228190215532,0.7517960998973657,5846,-0.23952329220532298,-0.10442765607285015,0.1092469761997659,1.0,5126,0.3497189445144538
session_milddrop_asia_fixed_10pct__tp06_sl03_buf3s,session_milddrop_asia_fixed_10pct,session_single,,robust,tp06_sl03_buf3s,intraday,125,47.14715084297255,-0.5285284915702745,0.304,0.3931661987176922,0.5285284915702745,7.116833816307049,2026-05-03T23:45:00+00:00,2026-06-02T05:55:01+00:00,38,87,0,0,-0.08246501039963683,0.0,0.0861662739818243,0.3852238303601481,5942,-0.09492397158557697,-0.010769230769230753,0.1512145056448854,0.7505986999657885,5846,-0.2000636804064604,-0.10214641115498241,0.0005852516582130316,1.0,5126,0.34936036964906253
gate_milddrop_fixed_8pct__tp12_sl06_buf5s,gate_milddrop_fixed_8pct,gate_single,,robust,tp12_sl06_buf5s,intraday,312,34.352889728653736,-0.6564711027134627,0.3814102564102564,0.5886567749715493,0.6731856322372978,4.024055583740886,2026-05-03T18:00:01+00:00,2026-06-02T15:30:01+00:00,116,193,0,3,-0.12015599748593542,-0.009896375475237695,0.33894311679569167,0.9488387748232918,5942,-0.18205557960342356,-0.026181704232845993,0.2858364693807732,1.0,5846,-0.416628010351877,-0.12516771699555568,0.18415918845103393,1.0,5126,0.34905754763814106
gate_milddrop_fixed_4pct__settle,gate_milddrop_fixed_4pct,gate_single,,robust,settle,settle,333,27.88979115934483,-0.7211020884065518,0.6186186186186187,0.7158221950519593,0.742004094450177,1.872550459603384,2026-05-03T18:00:01+00:00,2026-06-02T15:30:01+00:00,0,0,0,333,-0.1531621652932098,-0.008005045472189498,0.3995287781891619,0.9488387748232918,5942,-0.20508163534655366,-0.023089625278512105,0.40420800547382824,1.0,5846,-0.4080946462615218,-0.16376543954817713,0.17303940694498635,1.0,5126,0.34879176690724406
combo_guarded_fixed_8pct__tp05_sl03_buf5s,combo_guarded_fixed_8pct,combo_session,,robust,tp05_sl03_buf5s,intraday,222,37.85219715192086,-0.6214780284807914,0.38738738738738737,0.43398195985637844,0.6261510648284433,5.264143710147072,2026-05-03T23:45:00+00:00,2026-06-02T12:45:01+00:00,86,136,0,0,-0.0893163367942702,-0.0040369175441595795,0.2305621003029283,0.7593402894648267,5942,-0.10787589783655094,-0.0224351576570474,0.21296613068764966,0.9929866575436196,5846,-0.24810846272966924,-0.12682376109656823,0.0,1.0,5126,0.34733455531370533
combo_guarded_fixed_8pct__trail08_gap03_buf5s,combo_guarded_fixed_8pct,combo_session,,robust,trail08_gap03_buf5s,intraday,216,36.283420854468844,-0.6371657914553115,0.3425925925925926,0.4932943855247877,0.6454689435100669,4.779156724528238,2026-05-03T23:45:00+00:00,2026-06-02T12:45:01+00:00,0,136,63,17,-0.09422630763618789,-0.004879125090780367,0.2248401211713228,0.7606866374957927,5942,-0.13180418445163866,-0.025623663725844903,0.23811152925076975,0.9929866575436196,5846,-0.3025974428870949,-0.13330618327256483,0.06515801794771751,1.0,5126,0.34660213082827357
gate_breakout_fixed_8pct__settle,gate_breakout_fixed_8pct,gate_single,,robust,settle,settle,87,45.27039306127704,-0.5472960693872295,0.7126436781609196,0.6096318412508704,0.6410324302177116,5.078728322769969,2026-05-03T22:30:00+00:00,2026-06-02T02:50:01+00:00,0,0,0,87,-0.15625556278464547,0.0,0.31016492763379333,0.49057556378323797,5942,-0.2247539327986432,0.0,0.4741703729045501,0.8771809784468012,5846,-0.31446681321792624,-0.10919781572561016,0.21985953960202886,1.0,5126,0.3464314354450682
combo_session_mix_fixed_8pct__tp05_sl03_buf5s,combo_session_mix_fixed_8pct,combo_session,,robust,tp05_sl03_buf5s,intraday,207,39.74093642902124,-0.6025906357097877,0.3719806763285024,0.41843573417933594,0.6025906357097877,5.258362101194124,2026-05-03T23:45:00+00:00,2026-06-02T12:45:01+00:00,77,130,0,0,-0.0893163367942702,-0.0016581008245116768,0.18192527768428138,0.6879838438236284,5942,-0.10787589783655094,-0.01921328454706739,0.19055764625384877,0.9929866575436196,5846,-0.23027624068618024,-0.12443314548613937,0.0,1.0,5126,0.3462744873410471
session_milddrop_asia_fixed_8pct__tp08_sl04_buf5s,session_milddrop_asia_fixed_8pct,session_single,,robust,tp08_sl04_buf5s,intraday,119,48.49117845407218,-0.5150882154592782,0.2773109243697479,0.3588815416474732,0.520206017934642,5.661604047207278,2026-05-03T23:45:00+00:00,2026-06-02T05:55:01+00:00,33,86,0,0,-0.09082235673127359,0.0,0.09155166610568832,0.3852238303601481,5942,-0.10085466176044566,-0.013636923076923102,0.1542935340403695,0.7505986999657885,5846,-0.17486965286236078,-0.09386527274072898,0.05540382364416699,1.0,5126,0.3448264406002979
combo_guarded_fixed_4pct__settle,combo_guarded_fixed_4pct,combo_session,,robust,settle,settle,229,33.43404503392377,-0.6656595496607622,0.6244541484716157,0.6665652971290826,0.6890337822784697,2.1894721085271356,2026-05-03T23:45:00+00:00,2026-06-02T12:55:02+00:00,0,0,0,229,-0.13360773156539762,0.0,0.35341635812857625,0.7600134634803096,5942,-0.20508163534655366,-0.022483402877811476,0.3568251796099897,0.9911050290797127,5846,-0.32320784103458133,-0.12149583737660463,0.08564182598517363,1.0,5126,0.3440348264406003
combo_session_mix_fixed_4pct__settle,combo_session_mix_fixed_4pct,combo_session,,robust,settle,settle,218,32.188631071740716,-0.6781136892825929,0.6055045871559633,0.665964830472812,0.7006172346822903,2.259735214007141,2026-05-03T23:45:00+00:00,2026-06-02T12:55:02+00:00,0,0,0,218,-0.13360773156539762,0.0,0.2987209693705823,0.6893301918545944,5942,-0.20508163534655366,-0.023425719856416893,0.3643516934656175,0.9929866575436196,5846,-0.3000809751995125,-0.12809547464053872,0.07198595396020288,1.0,5126,0.34186466567380763
session_breakout_asia_fixed_12pct__tp12_sl06_buf5s,session_breakout_asia_fixed_12pct,session_single,,robust,tp12_sl06_buf5s,intraday,60,55.112706020569725,-0.44887293979430276,0.43333333333333335,0.4578101980680016,0.49096219456159396,8.959117436757781,2026-05-04T02:05:02+00:00,2026-06-02T03:50:00+00:00,16,34,0,10,-0.13312869167026864,0.0,0.10669808145405588,0.27768428138673845,5942,-0.13312869167026864,0.0,0.18422853232979816,0.6057133082449538,5846,-0.19773877888266977,-0.10329044793565301,0.12895044869293795,1.0,5126,0.3414927253980983
combo_guarded_fixed_8pct__tp06_sl03_buf3s,combo_guarded_fixed_8pct,combo_session,,robust,tp06_sl03_buf3s,intraday,222,37.85774393663839,-0.6214225606336161,0.34234234234234234,0.42837946013856015,0.6241408602801763,5.186261401299176,2026-05-03T23:45:00+00:00,2026-06-02T12:45:01+00:00,76,146,0,0,-0.07882658650423846,-0.004305840960548868,0.2009424436216762,0.7593402894648267,5942,-0.11313008737591845,-0.02164916549421958,0.1837153609305508,0.9929866575436196,5846,-0.2346173545210838,-0.13050895442882904,0.0,1.0,5126,0.33961774926490246
v2_time_series_mix__tp05_sl03_buf5s,v2_time_series_mix,refreshed_v2_mix,,full_refresh,tp05_sl03_buf5s,intraday,126,50.011887711292026,-0.49988112288707975,0.2777777777777778,0.6924416197687161,0.6473635114393154,3.5424289061017533,2026-05-03T17:10:02+00:00,2026-05-31T21:45:02+00:00,35,85,0,6,-0.15837918145306118,0.0,0.06933692359474924,0.3463480309660047,5942,-0.19954646263455722,0.0,0.06996236743072186,0.46356483065343823,5846,-0.2682334845729174,-0.125047012175457,0.024580569644947328,1.0,5126,0.33894909688013136
session_breakout_us_open_fixed_12pct__settle,session_breakout_us_open_fixed_12pct,session_single,,robust,settle,settle,22,64.76947969973484,-0.35230520300265156,0.6818181818181818,0.4935785731777644,0.44816299498092144,10.588029394933939,2026-05-04T13:55:01+00:00,2026-06-01T14:35:02+00:00,0,0,0,22,-0.19976097373041946,0.0,0.05856613934702121,0.10198586334567486,5942,-0.19976097373041946,0.0,0.15805679096818337,0.2842969551830311,5846,-0.34860595808942085,-0.040348166353559534,0.33866562621927426,0.9106515801794772,5126,0.3379348531714209
combo_guarded_fixed_8pct__tp08_sl04_buf5s,combo_guarded_fixed_8pct,combo_session,,robust,tp08_sl04_buf5s,intraday,221,34.7644420938852,-0.6523555790611479,0.34841628959276016,0.486499315105444,0.6584350869412752,5.190222994320058,2026-05-03T23:45:00+00:00,2026-06-02T12:45:01+00:00,76,144,0,1,-0.09290523793005645,-0.004545454545454519,0.22147425109390778,0.7593402894648267,5942,-0.12566030922411298,-0.021079191424394905,0.21775573041395827,0.9929866575436196,5846,-0.30127473559287754,-0.131183082564151,0.0,1.0,5126,0.3371882995379387
game_pm_overshoot_fade_up__settle,game_pm_overshoot_fade_up,game_theory,,full_refresh,settle,settle,126,43.31515250145714,-0.5668484749854286,0.29365079365079366,0.7483973248149538,0.6189114579212691,2.4102569279707358,2026-05-03T16:20:01+00:00,2026-06-01T15:40:02+00:00,0,0,0,126,-0.19805423195638838,0.0,0.17553012453719286,0.44227532817233256,5942,-0.3084436663045024,0.0,0.2196373588778652,0.6262401642148477,5846,-0.3895036006214586,-0.10079278813022785,0.2571205618415919,1.0,5126,0.33709970596097305
combo_session_mix_fixed_8pct__tp06_sl03_buf3s,combo_session_mix_fixed_8pct,combo_session,,robust,tp06_sl03_buf3s,intraday,206,39.64126012789518,-0.6035873987210483,0.3300970873786408,0.4109957175989379,0.6035873987210482,5.146724584883561,2026-05-03T23:45:00+00:00,2026-06-02T12:45:01+00:00,68,138,0,0,-0.07882658650423846,-0.0040000000000000036,0.16122517670817907,0.6879838438236284,5942,-0.11313008737591845,-0.01887559788359794,0.15976736229900787,0.9929866575436196,5846,-0.21493198932007285,-0.12625287879252256,0.0,1.0,5126,0.33645052888837973
combo_session_mix_fixed_8pct__tp04_sl02_buf3s,combo_session_mix_fixed_8pct,combo_session,,robust,tp04_sl02_buf3s,intraday,205,41.74074486810088,-0.5825925513189911,0.3170731707317073,0.3227135851206828,0.5825925513189911,5.103204422057556,2026-05-03T23:45:00+00:00,2026-06-02T12:45:01+00:00,65,140,0,0,-0.07882658650423846,-0.0033802816901408184,0.1573544261191518,0.6879838438236284,5942,-0.11126720582107208,-0.01828571428571424,0.1602805336982552,0.9929866575436196,5846,-0.20448113723641925,-0.11357415228243162,0.0,1.0,5126,0.33555619200366593
timeseries_reversion_down__tp05_sl03_buf5s,timeseries_reversion_down,time_series,,full_refresh,tp05_sl03_buf5s,intraday,126,46.06515413383133,-0.5393484586616868,0.23809523809523808,0.684582714451846,0.6738975949883986,2.999322089219605,2026-05-03T17:10:02+00:00,2026-06-01T07:05:00+00:00,30,90,0,6,-0.12115927319064412,0.0,0.07303938067990576,0.3763042746549983,5942,-0.1664637227955562,0.0,0.06756756756756757,0.5112897707834416,5846,-0.29706782301033374,-0.15083877577464888,0.030238002341006633,1.0,5126,0.33492916332531414
session_milddrop_asia_fixed_12pct__tp12_sl06_buf5s,session_milddrop_asia_fixed_12pct,session_single,,robust,tp12_sl06_buf5s,intraday,123,42.6707372923757,-0.5732926270762431,0.3252032520325203,0.517326553825447,0.5873236238648385,7.582453328869336,2026-05-03T23:45:00+00:00,2026-06-02T05:55:01+00:00,40,83,0,0,-0.13377808676603842,0.0,0.12571524739145068,0.38640188488724336,5942,-0.14811555291611778,-0.01790972043576433,0.18491276086212796,0.7517960998973657,5846,-0.2623515280832851,-0.11491955215573979,0.10261412407335155,1.0,5126,0.3348951769962195
combo_session_mix_fixed_8pct__tp08_sl04_buf5s,combo_session_mix_fixed_8pct,combo_session,,robust,tp08_sl04_buf5s,intraday,205,35.50526366962574,-0.6449473633037426,0.33170731707317075,0.45752253144467486,0.6449473633037425,5.097605201329728,2026-05-03T23:45:00+00:00,2026-06-02T12:45:01+00:00,67,137,0,1,-0.09290523793005645,-0.0022373263622753603,0.1713227869404241,0.6879838438236284,5942,-0.12566030922411298,-0.02020100928182511,0.18559698939445776,0.9929866575436196,5846,-0.2809680189091688,-0.12391361018150715,0.0,1.0,5126,0.33436361553442545
combo_session_mix_fixed_8pct__tp12_sl06_buf5s,combo_session_mix_fixed_8pct,combo_session,,robust,tp12_sl06_buf5s,intraday,203,34.9937277289529,-0.6500627227104709,0.3399014778325123,0.47911572539717007,0.6688963447034753,4.480073735667773,2026-05-03T23:45:00+00:00,2026-06-02T12:55:02+00:00,66,134,0,3,-0.10699593761927206,0.0,0.1886570178391114,0.68832043083137,5942,-0.13025576303158104,-0.022346515934578925,0.2175846732808758,0.9929866575436196,5846,-0.3027682926494252,-0.13385271166508206,0.0005852516582130316,1.0,5126,0.33390766410814526
combo_guarded_fixed_8pct__tp12_sl06_buf5s,combo_guarded_fixed_8pct,combo_session,,robust,tp12_sl06_buf5s,intraday,218,33.676201610793235,-0.6632379838920677,0.3577981651376147,0.4979283920901454,0.6813625134137717,4.4607016644084005,2026-05-03T23:45:00+00:00,2026-06-02T12:55:02+00:00,72,140,0,6,-0.11323254390390391,-0.00506699784093656,0.22871087176035004,0.7595085829686974,5942,-0.1363299261880605,-0.02615712058973907,0.23212452959288402,0.9929866575436196,5846,-0.3265172380271426,-0.13351924000124393,0.0031213421771361686,1.0,5126,0.331059686103792
combo_guarded_fixed_8pct__tp04_sl02_buf3s,combo_guarded_fixed_8pct,combo_session,,robust,tp04_sl02_buf3s,intraday,223,39.06963554701975,-0.6093036445298026,0.3273542600896861,0.3363249754987789,0.6093036445298025,5.073186088933556,2026-05-03T23:45:00+00:00,2026-06-02T12:45:01+00:00,73,150,0,0,-0.07882658650423846,-0.004067796610169538,0.17990575563783237,0.7593402894648267,5942,-0.11126720582107208,-0.02028826342317558,0.14574067738624702,0.9929866575436196,5846,-0.20237556011715974,-0.12768427317391928,0.0,1.0,5126,0.32991217016076685
gate_breakout_fixed_12pct__tp12_sl06_buf5s,gate_breakout_fixed_12pct,gate_single,,robust,tp12_sl06_buf5s,intraday,87,42.62969937231759,-0.5737030062768241,0.4482758620689655,0.49761832776681675,0.6277402982360676,8.476347062896401,2026-05-03T22:30:00+00:00,2026-06-02T02:50:01+00:00,24,48,0,15,-0.10870588235294121,0.0,0.19909121507909794,0.4893975092561427,5942,-0.15947564390147773,-0.012448055334516872,0.2988368114950393,0.8771809784468012,5846,-0.3128224740389747,-0.11704112017553703,0.14221615294576667,1.0,5126,0.3292152594798946
combo_session_mix_fixed_8pct__trail08_gap03_buf5s,combo_session_mix_fixed_8pct,combo_session,,robust,trail08_gap03_buf5s,intraday,203,35.66285266113581,-0.643371473388642,0.32019704433497537,0.4443210249619112,0.6515326136940018,4.564613452727935,2026-05-03T23:45:00+00:00,2026-06-02T12:45:01+00:00,0,132,59,12,-0.09422630763618789,-0.0012081171403963697,0.18057892965331537,0.6879838438236284,5942,-0.13180418445163866,-0.02369022571079704,0.21382141635306193,0.9929866575436196,5846,-0.2909050232000868,-0.12479650784636798,0.05462348809988295,1.0,5126,0.3277828693626609
session_milddrop_asia_fixed_10pct__settle,session_milddrop_asia_fixed_10pct,session_single,,robust,settle,settle,134,39.85995283913193,-0.6014004716086807,0.6492537313432836,0.7838033274359995,0.744997438166998,5.441911191810871,2026-05-03T23:45:00+00:00,2026-06-02T05:55:01+00:00,0,0,0,134,-0.32581658097341726,0.0,0.1879838438236284,0.38640188488724336,5942,-0.34845158643353946,0.0,0.3296270954498803,0.7517960998973657,5846,-0.4488959317667194,-0.0790398586348261,0.34666406554818574,1.0,5126,0.3274544621377019
session_breakout_asia_fixed_12pct__trail08_gap03_buf5s,session_breakout_asia_fixed_12pct,session_single,,robust,trail08_gap03_buf5s,intraday,60,55.06031895384425,-0.44939681046155744,0.43333333333333335,0.42091486374865317,0.5091375555804094,9.372759740383483,2026-05-04T02:05:02+00:00,2026-06-02T03:50:00+00:00,0,34,14,12,-0.13312869167026864,0.0,0.09491753618310333,0.27768428138673845,5942,-0.13312869167026864,0.0,0.17105713308244955,0.6057133082449538,5846,-0.20321496469234435,-0.09156963250298311,0.03999219664455716,1.0,5126,0.3258502310306641
gate_milddrop_fixed_10pct__tp05_sl03_buf5s,gate_milddrop_fixed_10pct,gate_single,,robust,tp05_sl03_buf5s,intraday,315,26.186436415849705,-0.738135635841503,0.3873015873015873,0.5188017504116527,0.7413685292261758,5.409892822742124,2026-05-03T18:00:01+00:00,2026-06-02T15:30:01+00:00,121,193,0,1,-0.11066008272626326,-0.010526315789473717,0.2691013126893302,0.9474924267923258,5942,-0.1333619316364919,-0.036176489836756476,0.22630858706808074,1.0,5846,-0.32649027812734777,-0.17012835154714712,0.0046820132657042525,1.0,5126,0.32479627295986563
v2_micro_game_mix__settle,v2_micro_game_mix,refreshed_v2_mix,,full_refresh,settle,settle,126,39.11826413058314,-0.6088173586941685,0.2857142857142857,0.7221021841364202,0.6558358591563739,2.3176512031840417,2026-05-03T16:20:01+00:00,2026-06-01T15:40:02+00:00,0,0,0,126,-0.19805423195638838,0.0,0.1682935038707506,0.43722652305621,5942,-0.3084436663045024,0.0,0.2112555593568252,0.6161477933629832,5846,-0.3895036006214586,-0.10079278813022785,0.14923917284432306,1.0,5126,0.32134494214686676
classic_extremeup_fade_down__tp04_sl02_buf3s,classic_extremeup_fade_down,classic_quant,,full_refresh,tp04_sl02_buf3s,intraday,126,42.761854500274005,-0.5723814549972599,0.24603174603174602,0.615525289268154,0.6488752835356116,3.077181609985797,2026-05-03T17:10:02+00:00,2026-06-01T02:05:01+00:00,31,91,0,4,-0.147919013044706,0.0,0.07001009761023225,0.38505553685627736,5942,-0.15661457842273285,0.0,0.09408142319534725,0.5088949709202873,5846,-0.26507855860542073,-0.11933759817128009,0.027116660163870463,1.0,5126,0.3212257990606026
gate_milddrop_fixed_10pct__tp06_sl03_buf3s,gate_milddrop_fixed_10pct,gate_single,,robust,tp06_sl03_buf3s,intraday,313,26.652620393706858,-0.7334737960629314,0.34824281150159747,0.5079942706154488,0.7367642430251174,5.237551052468277,2026-05-03T18:00:01+00:00,2026-06-02T15:30:01+00:00,108,204,0,1,-0.09786393406593408,-0.011090500121832436,0.2578256479299899,0.9463143722652305,5942,-0.1398002843510694,-0.03255571633990961,0.23451932945603832,1.0,5846,-0.3324714971380852,-0.1614616916044458,0.024190401872805307,1.0,5126,0.3211410241722992
session_milddrop_london_fixed_12pct__tp12_sl06_buf5s,session_milddrop_london_fixed_12pct,session_single,,robust,tp12_sl06_buf5s,intraday,136,38.000335096371934,-0.6199966490362807,0.375,0.5245402237505774,0.645644921464695,7.089938966007629,2026-05-04T07:10:01+00:00,2026-06-02T12:55:02+00:00,48,85,0,3,-0.15793163344982009,0.0,0.1290811174688657,0.41467519353752946,5942,-0.15793163344982009,-0.009537875904073179,0.23297981525829628,0.7854943551146083,5846,-0.36733661623733194,-0.11591896956679393,0.15879828326180256,1.0,5126,0.3206361935311414
timeseries_reversion_down__tp08_sl04_buf5s,timeseries_reversion_down,time_series,,full_refresh,tp08_sl04_buf5s,intraday,126,43.42737676713087,-0.5657262323286913,0.24603174603174602,0.6949524387224134,0.6938180140206337,2.850999380897479,2026-05-03T17:10:02+00:00,2026-06-01T02:20:00+00:00,31,82,0,13,-0.12794902648925777,0.0,0.09054190508246382,0.3821945472904746,5942,-0.22665452256310348,0.0,0.11802942182689018,0.5148819705781731,5846,-0.35363800395560796,-0.1089189247670711,0.019313304721030045,1.0,5126,0.31681979608202543
session_milddrop_asia_fixed_10pct__tp05_sl03_buf5s,session_milddrop_asia_fixed_10pct,session_single,,robust,tp05_sl03_buf5s,intraday,125,44.773987463518054,-0.5522601253648194,0.312,0.36890259191689717,0.5522601253648195,7.201811161369604,2026-05-03T23:45:00+00:00,2026-06-02T05:55:01+00:00,39,86,0,0,-0.10809583940983636,0.0,0.08768091551666106,0.3852238303601481,5942,-0.12039796576280415,-0.011428571428571455,0.15070133424563803,0.7505986999657885,5846,-0.19805909997486826,-0.11825037957057583,0.0,1.0,5126,0.3146893496773208
session_milddrop_asia_fixed_12pct__tp06_sl03_buf3s,session_milddrop_asia_fixed_12pct,session_single,,robust,tp06_sl03_buf3s,intraday,125,40.52700053606262,-0.5947299946393738,0.304,0.3943157750289352,0.5947299946393738,8.01565732714604,2026-05-03T23:45:00+00:00,2026-06-02T05:55:01+00:00,38,87,0,0,-0.09848998062639447,0.0,0.0861662739818243,0.3852238303601481,5942,-0.11300692807549717,-0.012923076923076926,0.1512145056448854,0.7505986999657885,5846,-0.23363734995772345,-0.12168622216529779,0.0005852516582130316,1.0,5126,0.31245274372780385
timeseries_reversion_down__tp12_sl06_buf5s,timeseries_reversion_down,time_series,,full_refresh,tp12_sl06_buf5s,intraday,126,41.03900589548954,-0.5896099410451046,0.23809523809523808,0.7549153422461257,0.7349621211679943,3.0929258504064077,2026-05-03T17:10:02+00:00,2026-06-01T04:30:01+00:00,30,68,0,28,-0.1743453767708335,0.0,0.10148098283406261,0.3858970043756311,5942,-0.267448981657474,0.0,0.12863496407800204,0.518645227505987,5846,-0.4411294876667968,-0.16157659520855627,0.18162309793211082,1.0,5126,0.311601176156108
classic_extremeup_fade_down__tp05_sl03_buf5s,classic_extremeup_fade_down,classic_quant,,full_refresh,tp05_sl03_buf5s,intraday,126,40.259404922999494,-0.5974059507700051,0.23809523809523808,0.68194965186692,0.7207460815339148,3.3009170863997617,2026-05-03T17:10:02+00:00,2026-06-01T07:05:00+00:00,30,90,0,6,-0.13756336790588242,0.0,0.07303938067990576,0.3763042746549983,5942,-0.1882022719694919,0.0,0.06756756756756757,0.5112897707834416,5846,-0.33228438254306425,-0.1699362980874407,0.030238002341006633,1.0,5126,0.30953793867186014
session_milddrop_asia_fixed_12pct__trail08_gap03_buf5s,session_milddrop_asia_fixed_12pct,session_single,,robust,trail08_gap03_buf5s,intraday,121,40.42711063412453,-0.5957288936587547,0.2975206611570248,0.45348489682903104,0.5965358220147252,7.443764550315177,2026-05-03T23:45:00+00:00,2026-06-02T05:55:01+00:00,0,82,33,6,-0.13377808676603842,0.0,0.10400538539212387,0.38640188488724336,5942,-0.14811555291611778,-0.01609756097560977,0.1671228190215532,0.7517960998973657,5846,-0.2789643539920199,-0.12496354558792122,0.1092469761997659,1.0,5126,0.30937526253484554
gate_breakout_fixed_10pct__settle,gate_breakout_fixed_10pct,gate_single,,robust,settle,settle,87,35.812056557913834,-0.6418794344208616,0.7126436781609196,0.5981826131196298,0.7300718501489957,5.672436590208289,2026-05-03T22:30:00+00:00,2026-06-02T02:50:01+00:00,0,0,0,87,-0.19324658425504226,0.0,0.31016492763379333,0.49057556378323797,5942,-0.275115756280253,0.0,0.4741703729045501,0.8771809784468012,5846,-0.37994174279617055,-0.14111396456393188,0.21927428794381584,1.0,5126,0.308525986176347
gate_milddrop_fixed_10pct__tp12_sl06_buf5s,gate_milddrop_fixed_10pct,gate_single,,robust,tp12_sl06_buf5s,intraday,312,25.619802829664486,-0.7438019717033552,0.3814102564102564,0.5655034937841272,0.7591523139869719,4.235069924295158,2026-05-03T18:00:01+00:00,2026-06-02T15:30:01+00:00,116,193,0,3,-0.1486511715040164,-0.012431549150797805,0.33843823628407943,0.9488387748232918,5942,-0.22308104008286156,-0.0331776726127887,0.28446801231611357,1.0,5846,-0.4919500463281937,-0.15547689139381504,0.18064767850175575,1.0,5126,0.30539427960438387
gate_milddrop_fixed_10pct__tp04_sl02_buf3s,gate_milddrop_fixed_10pct,gate_single,,robust,tp04_sl02_buf3s,intraday,316,27.27635027307673,-0.7272364972692327,0.33544303797468356,0.44237574092831444,0.7306039479202299,5.2658018295141265,2026-05-03T18:00:01+00:00,2026-06-02T15:30:01+00:00,105,210,0,1,-0.09786393406593408,-0.010940748319149596,0.24772803769774487,0.9474924267923258,5942,-0.137481154732788,-0.03417375632444619,0.19483407458091,1.0,5846,-0.29355820183247205,-0.15282633348971408,0.026531408505657432,1.0,5126,0.30517775995723073
gate_milddrop_fixed_10pct__trail08_gap03_buf5s,gate_milddrop_fixed_10pct,gate_single,,robust,trail08_gap03_buf5s,intraday,312,24.8295483091652,-0.751704516908348,0.33653846153846156,0.5438840150850675,0.7537354650641018,4.435439397212492,2026-05-03T18:00:01+00:00,2026-06-02T15:30:01+00:00,0,196,101,15,-0.1354605402660659,-0.013114754098360604,0.30309660047122183,0.9488387748232918,5942,-0.18751481855365815,-0.03467982211676335,0.2974683544303797,1.0,5846,-0.47586404421121953,-0.13872537469613266,0.16152945766679672,1.0,5126,0.3047202810554856
combo_session_mix_fixed_10pct__tp05_sl03_buf5s,combo_session_mix_fixed_10pct,combo_session,,robust,tp05_sl03_buf5s,intraday,207,31.385254819414794,-0.6861474518058521,0.3719806763285024,0.41795775596610263,0.686147451805852,5.963161225975463,2026-05-03T23:45:00+00:00,2026-06-02T12:45:01+00:00,77,130,0,0,-0.11066008272626326,-0.0021640224210904835,0.18024234264557387,0.6879838438236284,5942,-0.1333619316364919,-0.02410064320945643,0.1888470749230243,0.9929866575436196,5846,-0.2797016626245371,-0.1539600874509942,0.0,1.0,5126,0.3040688127696949
combo_guarded_fixed_10pct__tp05_sl03_buf5s,combo_guarded_fixed_10pct,combo_session,,robust,tp05_sl03_buf5s,intraday,222,29.082456630658676,-0.7091754336934133,0.38288288288288286,0.4310652934710939,0.7135963096816255,5.945393009138815,2026-05-03T23:45:00+00:00,2026-06-02T12:45:01+00:00,85,137,0,0,-0.11066008272626326,-0.0051948051948051965,0.22669134971390104,0.7593402894648267,5942,-0.1333619316364919,-0.028182156144904158,0.2061238453643517,0.9929866575436196,5846,-0.3005818851091827,-0.1573355753249096,0.0,1.0,5126,0.3037335319051438
classic_milddrop_down__settle,classic_milddrop_down,classic_quant,,full_refresh,settle,settle,126,35.900147942353776,-0.6409985205764622,0.5793650793650794,0.5974667197572902,0.6730428418441733,2.795377469791285,2026-05-03T18:00:01+00:00,2026-06-02T04:35:00+00:00,0,0,0,126,-0.14496019657270898,0.0,0.23678895994614607,0.5363513968360821,5942,-0.22944179804412668,0.0,0.2925076975709887,0.722203215874102,5846,-0.36209358333593744,-0.1435765781041748,0.2719469371829887,1.0,5126,0.30277618665750183
session_milddrop_london_fixed_6pct__settle,session_milddrop_london_fixed_6pct,session_single,,robust,settle,settle,142,27.943039979008496,-0.7205696002099151,0.5985915492957746,0.6617526649824378,0.7580819548621981,3.649234138370248,2026-05-04T07:10:01+00:00,2026-06-02T12:55:02+00:00,0,0,0,142,-0.22264163855155983,0.0,0.15348367553012454,0.41299225849882193,5942,-0.22264163855155983,-0.004225279418446193,0.2748888128634964,0.7834416695176188,5846,-0.39548999077941227,-0.15201935029145797,0.1835739367928209,1.0,5126,0.3021522129300798
combo_guarded_fixed_10pct__tp06_sl03_buf3s,combo_guarded_fixed_10pct,combo_session,,robust,tp06_sl03_buf3s,intraday,222,29.490195452952555,-0.7050980454704745,0.34234234234234234,0.4296098747754193,0.7076843527932228,5.862948204619559,2026-05-03T23:45:00+00:00,2026-06-02T12:45:01+00:00,76,146,0,0,-0.09786393406593408,-0.005405405405405461,0.2009424436216762,0.7593402894648267,5942,-0.1398002843510694,-0.02701068983840943,0.1837153609305508,0.9929866575436196,5846,-0.28474841540597384,-0.1624304992671175,0.0,1.0,5126,0.3004742811318593
gate_milddrop_fixed_10pct__tp08_sl04_buf5s,gate_milddrop_fixed_10pct,gate_single,,robust,tp08_sl04_buf5s,intraday,316,23.141869594483744,-0.7685813040551626,0.3639240506329114,0.5490851657601361,0.7714383249927531,5.016013793516235,2026-05-03T18:00:01+00:00,2026-06-02T15:30:01+00:00,113,201,0,2,-0.1277012937459493,-0.011371898129700408,0.278694042409963,0.9474924267923258,5942,-0.18032027670009398,-0.0354179775341702,0.26787547040711596,1.0,5846,-0.40756011355425403,-0.18358396284706668,0.06203667577058135,1.0,5126,0.29984839806010616
combo_guarded_fixed_10pct__trail08_gap03_buf5s,combo_guarded_fixed_10pct,combo_session,,robust,trail08_gap03_buf5s,intraday,216,27.909647333395256,-0.7209035266660475,0.3425925925925926,0.4861400485020003,0.7288091893910095,5.300995267996881,2026-05-03T23:45:00+00:00,2026-06-02T12:45:01+00:00,0,136,63,17,-0.11710145915620074,-0.006200630495263426,0.22298889262874452,0.7606866374957927,5942,-0.16296673779362914,-0.032049873368400594,0.23794047211768732,0.9929866575436196,5846,-0.363620763651164,-0.16471639787376557,0.06515801794771751,1.0,5126,0.2996486806430672
session_milddrop_asia_fixed_10pct__tp08_sl04_buf5s,session_milddrop_asia_fixed_10pct,session_single,,robust,tp08_sl04_buf5s,intraday,119,40.444473727359934,-0.5955552627264007,0.2773109243697479,0.35775310914900993,0.6008769040063164,6.525789136788016,2026-05-03T23:45:00+00:00,2026-06-02T05:55:01+00:00,33,86,0,0,-0.11250030440040504,0.0,0.09155166610568832,0.3852238303601481,5942,-0.12474167951212367,-0.017031674208144776,0.1542935340403695,0.7505986999657885,5846,-0.21408102006706609,-0.11643376362546076,0.052477565353101836,1.0,5126,0.29877840149692597
combo_guarded_fixed_10pct__tp08_sl04_buf5s,combo_guarded_fixed_10pct,combo_session,,robust,tp08_sl04_buf5s,intraday,221,26.440769874623463,-0.7355923012537653,0.34841628959276016,0.4899515028367635,0.7412882415519328,5.87416995014602,2026-05-03T23:45:00+00:00,2026-06-02T12:45:01+00:00,76,144,0,1,-0.11505188478687445,-0.005681818181818232,0.21979131605520028,0.7593402894648267,5942,-0.15555482312086077,-0.026478094836023147,0.1985973315087239,0.9929866575436196,5846,-0.36206018096496506,-0.16217755906015063,0.0,1.0,5126,0.297007293695345
session_milddrop_asia_fixed_12pct__settle,session_milddrop_asia_fixed_12pct,session_single,,robust,settle,settle,134,30.431564660169894,-0.695684353398301,0.6492537313432836,0.7639104987724057,0.8135075963671545,5.680812486113567,2026-05-03T23:45:00+00:00,2026-06-02T05:55:01+00:00,0,0,0,134,-0.3806386733071896,0.0,0.1879838438236284,0.38640188488724336,5942,-0.40540742756044656,0.0,0.3296270954498803,0.7517960998973657,5846,-0.5147798880262981,-0.10485321132099834,0.3107686305111198,1.0,5126,0.296896551724138
gate_milddrop_fixed_6pct__settle,gate_milddrop_fixed_6pct,gate_single,,robust,settle,settle,333,13.087180089020318,-0.8691281991097968,0.6186186186186187,0.6789638253731468,0.8834884549536587,1.9411512619451166,2026-05-03T18:00:01+00:00,2026-06-02T15:30:01+00:00,0,0,0,333,-0.22278174029914521,-0.012854358646153918,0.3993604846852912,0.9488387748232918,5942,-0.29419388455371165,-0.03725733819531862,0.39822100581594255,1.0,5846,-0.5534940888868025,-0.24642722910508424,0.16406554818571986,1.0,5126,0.29659334784435026
combo_session_mix_fixed_10pct__tp06_sl03_buf3s,combo_session_mix_fixed_10pct,combo_session,,robust,tp06_sl03_buf3s,intraday,206,31.247903062437963,-0.6875209693756203,0.3300970873786408,0.4096329419111448,0.6875209693756205,5.800107340447005,2026-05-03T23:45:00+00:00,2026-06-02T12:45:01+00:00,68,138,0,0,-0.09786393406593408,-0.0050000000000000044,0.16122517670817907,0.6879838438236284,5942,-0.1398002843510694,-0.02357248677248669,0.15976736229900787,0.9929866575436196,5846,-0.26158967988472914,-0.15579481340614876,0.0,1.0,5126,0.29628097911177304
classic_extremeup_fade_down__tp08_sl04_buf5s,classic_extremeup_fade_down,classic_quant,,full_refresh,tp08_sl04_buf5s,intraday,126,37.37886625408662,-0.6262113374591338,0.24603174603174602,0.6901172580814399,0.7437860655942385,3.1162131187537976,2026-05-03T17:10:02+00:00,2026-06-01T02:20:00+00:00,31,82,0,13,-0.14520357142857154,0.0,0.08835408953214406,0.3821945472904746,5942,-0.2549986205753614,0.0,0.11802942182689018,0.5148819705781731,5846,-0.39371777480414116,-0.1240893752429778,0.01833788529067499,1.0,5126,0.2925753236338641
combo_session_mix_fixed_10pct__tp08_sl04_buf5s,combo_session_mix_fixed_10pct,combo_session,,robust,tp08_sl04_buf5s,intraday,205,27.16002251167286,-0.7283997748832713,0.33170731707317075,0.45842429844047017,0.7283997748832713,5.737748800921357,2026-05-03T23:45:00+00:00,2026-06-02T12:45:01+00:00,67,137,0,1,-0.11505188478687445,-0.002870370370370412,0.1696398519017166,0.6879838438236284,5942,-0.15555482312086089,-0.025249227594849266,0.17533356140951079,0.9929866575436196,5846,-0.33863431727103455,-0.15414283954586294,0.0,1.0,5126,0.29240386451292627
combo_session_mix_adaptive__tp05_sl03_buf5s,combo_session_mix_adaptive,combo_session,,robust,tp05_sl03_buf5s,intraday,207,28.260626529784986,-0.7173937347021502,0.3719806763285024,0.4131851165204287,0.7173937347021502,6.146047341191496,2026-05-03T23:45:00+00:00,2026-06-02T12:45:01+00:00,77,130,0,0,-0.11788461009393925,-0.0022605411456468882,0.17620329855267586,0.6879838438236284,5942,-0.14209513860705392,-0.026040600125775026,0.18696544645911733,0.9929866575436196,5846,-0.29786208131067604,-0.1663352683595023,0.0,1.0,5126,0.2918226600985222
combo_session_mix_fixed_10pct__tp04_sl02_buf3s,combo_session_mix_fixed_10pct,combo_session,,robust,tp04_sl02_buf3s,intraday,205,33.429696400868245,-0.6657030359913175,0.3170731707317073,0.3184189106096661,0.6657030359913176,5.737886619254322,2026-05-03T23:45:00+00:00,2026-06-02T12:45:01+00:00,65,140,0,0,-0.09786393406593408,-0.004225352112676051,0.1573544261191518,0.6879838438236284,5942,-0.137481154732788,-0.022857142857142798,0.1602805336982552,0.9929866575436196,5846,-0.2494918001257408,-0.1403074060598668,0.0,1.0,5126,0.2911528621071524
combo_guarded_fixed_10pct__tp04_sl02_buf3s,combo_guarded_fixed_10pct,combo_session,,robust,tp04_sl02_buf3s,intraday,223,30.76635447627081,-0.6923364552372919,0.3273542600896861,0.33422782294271297,0.6923364552372919,5.70454445396576,2026-05-03T23:45:00+00:00,2026-06-02T12:45:01+00:00,73,150,0,0,-0.09786393406593408,-0.005084745762711895,0.17990575563783237,0.7593402894648267,5942,-0.13748115473278788,-0.025329631860561586,0.14574067738624702,0.9929866575436196,5846,-0.24700672459142414,-0.1572842791942709,0.0,1.0,5126,0.28895711612632224
combo_session_mix_adaptive__tp06_sl03_buf3s,combo_session_mix_adaptive,combo_session,,robust,tp06_sl03_buf3s,intraday,206,28.291372886222305,-0.717086271137777,0.3300970873786408,0.40650491366853375,0.7170862711377769,5.989488285397527,2026-05-03T23:45:00+00:00,2026-06-02T12:45:01+00:00,68,138,0,0,-0.10520973833095926,-0.004678570135191906,0.1583641871423763,0.6879838438236284,5942,-0.14682510769324741,-0.024568253075623714,0.16353061922682177,0.9929866575436196,5846,-0.27346391125127234,-0.16628753989790535,0.0,1.0,5126,0.2885198762744874
combo_guarded_adaptive__tp06_sl03_buf3s,combo_guarded_adaptive,combo_session,,robust,tp06_sl03_buf3s,intraday,222,26.497843854478052,-0.7350215614552195,0.34234234234234234,0.4269766149955739,0.7373273711669237,6.061141729138596,2026-05-03T23:45:00+00:00,2026-06-02T12:45:01+00:00,76,146,0,0,-0.10520973833095926,-0.005778612737724731,0.1975765735442612,0.7593402894648267,5942,-0.14682510769324741,-0.028963011360488178,0.1854259322613753,0.9929866575436196,5846,-0.29838964230676,-0.17438987992859045,0.0,1.0,5126,0.2867059991598885
gate_milddrop_fixed_12pct__tp05_sl03_buf5s,gate_milddrop_fixed_12pct,gate_single,,robust,tp05_sl03_buf5s,intraday,315,19.475191208367814,-0.8052480879163219,0.3873015873015873,0.5079300581366304,0.8081261949914501,5.692860143897877,2026-05-03T18:00:01+00:00,2026-06-02T15:30:01+00:00,121,193,0,1,-0.1316197533818314,-0.012720398009950284,0.2691013126893302,0.9474924267923258,5942,-0.15827433862755458,-0.04406095280607647,0.22613752993499828,1.0,5846,-0.37838112700901605,-0.20165326279699636,0.0046820132657042525,1.0,5126,0.2860644594646199
combo_guarded_adaptive__tp05_sl03_buf5s,combo_guarded_adaptive,combo_session,,robust,tp05_sl03_buf5s,intraday,222,25.941636228028866,-0.7405836377197114,0.38288288288288286,0.4267797000245103,0.7444698466902141,6.12838055943169,2026-05-03T23:45:00+00:00,2026-06-02T12:45:01+00:00,85,137,0,0,-0.11788461009393925,-0.005705913310291577,0.22214742510939078,0.7593402894648267,5942,-0.14209513860705392,-0.030412846969316343,0.20492644543277455,0.9929866575436196,5846,-0.3195659911171189,-0.17266479669832424,0.0,1.0,5126,0.2853568564554932
combo_session_mix_fixed_10pct__tp12_sl06_buf5s,combo_session_mix_fixed_10pct,combo_session,,robust,tp12_sl06_buf5s,intraday,203,26.641863488608116,-0.7335813651139189,0.3399014778325123,0.46844273953620563,0.7512576530126641,4.897404920763532,2026-05-03T23:45:00+00:00,2026-06-02T12:55:02+00:00,66,134,0,3,-0.13267411574135723,-2.9806259314479888e-05,0.1869740828004039,0.68832043083137,5942,-0.16128307858248092,-0.02802951233058859,0.21587410195005133,0.9929866575436196,5846,-0.364585785803453,-0.16582816877436446,0.0005852516582130316,1.0,5126,0.2848470615190744
classic_extremeup_fade_down__tp12_sl06_buf5s,classic_extremeup_fade_down,classic_quant,,full_refresh,tp12_sl06_buf5s,intraday,126,34.83712439724228,-0.6516287560275773,0.23809523809523808,0.7538402996455392,0.7823188338752459,3.4136137508061606,2026-05-03T17:10:02+00:00,2026-06-01T04:30:01+00:00,30,68,0,28,-0.19730858666666662,0.0,0.10316391787277011,0.3858970043756311,5942,-0.29991575661537073,0.0,0.12470065001710572,0.518645227505987,5846,-0.4867019264992727,-0.18270938140474857,0.17206398751463128,1.0,5126,0.2848306411578264
session_milddrop_asia_fixed_12pct__tp05_sl03_buf5s,session_milddrop_asia_fixed_12pct,session_single,,robust,tp05_sl03_buf5s,intraday,125,38.09487603140277,-0.6190512396859723,0.312,0.37210972270097314,0.6190512396859723,8.137687765073682,2026-05-03T23:45:00+00:00,2026-06-02T05:55:01+00:00,39,86,0,0,-0.12860146178655263,0.0,0.08768091551666106,0.3852238303601481,5942,-0.143024610005258,-0.013714285714285679,0.15070133424563803,0.7505986999657885,5846,-0.2331701576423797,-0.1380894274731389,0.0,1.0,5126,0.28359185855577196
gate_milddrop_fixed_12pct__tp06_sl03_buf3s,gate_milddrop_fixed_12pct,gate_single,,robust,tp06_sl03_buf3s,intraday,313,20.333805582412197,-0.796661944175878,0.34824281150159747,0.5024455874820873,0.7996669400747567,5.585004228192976,2026-05-03T18:00:01+00:00,2026-06-02T15:30:01+00:00,108,204,0,1,-0.11663773908194663,-0.013362559649122807,0.2605183439919219,0.9463143722652305,5942,-0.16584608099277065,-0.03908709946133948,0.23349298665754362,1.0,5846,-0.3855181105876814,-0.1916265037504009,0.02575107296137339,1.0,5126,0.2831282697521671
combo_session_mix_adaptive__tp04_sl02_buf3s,combo_session_mix_adaptive,combo_session,,robust,tp04_sl02_buf3s,intraday,205,30.191914517010332,-0.6980808548298967,0.3170731707317073,0.3113080818587068,0.6980808548298967,5.895836573323102,2026-05-03T23:45:00+00:00,2026-06-02T12:45:01+00:00,65,140,0,0,-0.10520973833095926,-0.004690825521916686,0.15533490407270278,0.6879838438236284,5942,-0.14641518119474595,-0.024180920210057577,0.15446459117345193,0.9929866575436196,5846,-0.2676233584586841,-0.14910351998586135,0.0,1.0,5126,0.28086302363768284
combo_guarded_fixed_10pct__tp12_sl06_buf5s,combo_guarded_fixed_10pct,combo_session,,robust,tp12_sl06_buf5s,intraday,218,25.375150507354924,-0.7462484949264507,0.3577981651376147,0.4890191712474395,0.7630843467441659,4.880253676532876,2026-05-03T23:45:00+00:00,2026-06-02T12:55:02+00:00,72,140,0,6,-0.1402325112468792,-0.006492544834406977,0.22702793672164254,0.7595085829686974,5942,-0.16859215850768805,-0.03275420724094891,0.23041395826205952,0.9929866575436196,5846,-0.3915961705150601,-0.1652947821866524,0.0031213421771361686,1.0,5126,0.2799877801962806
combo_session_mix_fixed_6pct__settle,combo_session_mix_fixed_6pct,combo_session,,robust,settle,settle,218,16.895701605028247,-0.8310429839497175,0.6055045871559633,0.6441172632424993,0.8483473275471721,2.5531992152823557,2026-05-03T23:45:00+00:00,2026-06-02T12:55:02+00:00,0,0,0,218,-0.19585241834918665,0.0,0.2985526758667115,0.6893301918545944,5942,-0.29419388455371165,-0.03642475206471746,0.3609305508039685,0.9929866575436196,5846,-0.4233480352066157,-0.19544204585548453,0.0684744440109247,1.0,5126,0.27963569710161534
combo_session_mix_fixed_10pct__trail08_gap03_buf5s,combo_session_mix_fixed_10pct,combo_session,,robust,trail08_gap03_buf5s,intraday,203,27.280530491587413,-0.7271946950841259,0.32019704433497537,0.4314104436948823,0.7349221547129858,4.998638654548198,2026-05-03T23:45:00+00:00,2026-06-02T12:45:01+00:00,0,132,59,12,-0.11710145915620074,-0.0015883577375824798,0.17872770111073713,0.6879838438236284,5942,-0.16296673779362925,-0.029561873752349865,0.21365035921997946,0.9929866575436196,5846,-0.35015112887053623,-0.15430401750585554,0.05462348809988295,1.0,5126,0.2794065757818765
gate_milddrop_fixed_8pct__settle,gate_milddrop_fixed_8pct,gate_single,,robust,settle,settle,333,5.661650873872178,-0.9433834912612782,0.6186186186186187,0.6416460018683695,0.9514714987439916,1.829611148726959,2026-05-03T18:00:01+00:00,2026-06-02T15:30:01+00:00,0,0,0,333,-0.2880178170085471,-0.018279076203550182,0.3985190171659374,0.9488387748232918,5942,-0.37513963368581493,-0.05214045161493103,0.3939445774888813,1.0,5846,-0.6677478103676358,-0.3288960304885576,0.15431135388216932,1.0,5126,0.27919005613472336
combo_guarded_adaptive__tp04_sl02_buf3s,combo_guarded_adaptive,combo_session,,robust,tp04_sl02_buf3s,intraday,223,27.517006388414043,-0.7248299361158596,0.3273542600896861,0.32762657365820835,0.7248299361158596,5.862015233074807,2026-05-03T23:45:00+00:00,2026-06-02T12:45:01+00:00,73,150,0,0,-0.10520973833095926,-0.00559630954952367,0.17754964658364186,0.7593402894648267,5942,-0.14641518119474595,-0.027867523160713836,0.14180636332535065,0.9929866575436196,5846,-0.2648723990434333,-0.16827290287907581,0.0,1.0,5126,0.27625921258639785
gate_milddrop_fixed_12pct__tp12_sl06_buf5s,gate_milddrop_fixed_12pct,gate_single,,robust,tp12_sl06_buf5s,intraday,312,19.206987198332904,-0.807930128016671,0.3814102564102564,0.545432667197724,0.8215358989958308,4.334848320543158,2026-05-03T18:00:01+00:00,2026-06-02T15:30:01+00:00,116,193,0,3,-0.17654577628935042,-0.014990767453057163,0.3372601817569842,0.9488387748232918,5942,-0.26242691560270814,-0.040042116086409285,0.28036264112213477,1.0,5846,-0.5581850096545049,-0.18530840303164597,0.1757705813499805,1.0,5126,0.2760308550043915
combo_guarded_fixed_6pct__settle,combo_guarded_fixed_6pct,combo_session,,robust,settle,settle,229,17.88994121615283,-0.8211005878384717,0.6244541484716157,0.6392284339854541,0.8394232178765426,2.4306335220934274,2026-05-03T23:45:00+00:00,2026-06-02T12:55:02+00:00,0,0,0,229,-0.19585241834918665,0.0,0.3532480646247055,0.7600134634803096,5942,-0.29419388455371165,-0.03615338276790481,0.35340403694834077,0.9911050290797127,5846,-0.44899654170052816,-0.1856484978898985,0.06398751463129146,1.0,5126,0.2759636460839348
combo_guarded_adaptive__trail08_gap03_buf5s,combo_guarded_adaptive,combo_session,,robust,trail08_gap03_buf5s,intraday,216,24.469601714665973,-0.7553039828533403,0.33796296296296297,0.47213670541536545,0.7629206595833063,5.36483219950682,2026-05-03T23:45:00+00:00,2026-06-02T12:45:01+00:00,0,136,63,17,-0.12536813443886896,-0.006934335285269655,0.2202961965668125,0.7606866374957927,5942,-0.17510745803725403,-0.0365142655095837,0.23742730071843995,0.9929866575436196,5846,-0.38356915527921487,-0.18144314666834038,0.05033164260632072,1.0,5126,0.2758620689655173
gate_milddrop_fixed_12pct__tp08_sl04_buf5s,gate_milddrop_fixed_12pct,gate_single,,robust,tp08_sl04_buf5s,intraday,316,16.6956956987856,-0.833043043012144,0.3639240506329114,0.5368665307060699,0.8355103872040828,5.209159285245591,2026-05-03T18:00:01+00:00,2026-06-02T15:30:01+00:00,113,201,0,2,-0.15215180297731168,-0.013913043478260834,0.278694042409963,0.9474924267923258,5942,-0.21349398634614203,-0.044364669741593143,0.2654806705439617,1.0,5846,-0.4684123955657026,-0.22101795332434038,0.05618415918845104,1.0,5126,0.2745182724252492
combo_guarded_adaptive__tp08_sl04_buf5s,combo_guarded_adaptive,combo_session,,robust,tp08_sl04_buf5s,intraday,221,22.763652653803568,-0.7723634734619643,0.34841628959276016,0.48000764316803496,0.7771777343363838,5.931092620845786,2026-05-03T23:45:00+00:00,2026-06-02T12:45:01+00:00,76,144,0,1,-0.12265308640888284,-0.0065104300608093135,0.216593739481656,0.7593402894648267,5942,-0.16631928357768055,-0.02999552048379528,0.2115976736229901,0.9929866575436196,5846,-0.38370292646945925,-0.1804093589479986,0.0,1.0,5126,0.27404170008019246
gate_breakout_fixed_12pct__settle,gate_breakout_fixed_12pct,gate_single,,robust,settle,settle,87,27.896027579804194,-0.721039724201958,0.7126436781609196,0.5879211163408594,0.7995236665305027,6.0970131357788615,2026-05-03T22:30:00+00:00,2026-06-02T02:50:01+00:00,0,0,0,87,-0.22940845803513332,0.0,0.31016492763379333,0.49057556378323797,5942,-0.3232478832632584,0.0,0.4741703729045501,0.8771809784468012,5846,-0.44062402733788864,-0.17453942397265865,0.17986734295747173,1.0,5126,0.2731546187039371
combo_session_mix_adaptive__tp08_sl04_buf5s,combo_session_mix_adaptive,combo_session,,robust,tp08_sl04_buf5s,intraday,205,24.29980321624946,-0.7570019678375054,0.33170731707317075,0.4557392522518901,0.7570019678375054,5.918767303617499,2026-05-03T23:45:00+00:00,2026-06-02T12:45:01+00:00,67,137,0,1,-0.12265308640888284,-0.003931586497076478,0.1693032648939751,0.6879838438236284,5942,-0.16631928357768055,-0.027218539613078407,0.18286007526513856,0.9929866575436196,5846,-0.3578942470627339,-0.16543361906676468,0.0,1.0,5126,0.2725440103868332
gate_milddrop_fixed_12pct__trail08_gap03_buf5s,gate_milddrop_fixed_12pct,gate_single,,robust,trail08_gap03_buf5s,intraday,312,18.4256758037664,-0.815743241962336,0.33653846153846156,0.5236510686813827,0.8174969724175025,4.556847769772317,2026-05-03T18:00:01+00:00,2026-06-02T15:30:01+00:00,0,196,101,15,-0.16118430210247758,-0.015737704918032724,0.30225513295186807,0.9488387748232918,5942,-0.22177201557773973,-0.04167433236342366,0.2974683544303797,1.0,5846,-0.5411276052521719,-0.16661922207805024,0.15665236051502146,1.0,5126,0.27248634818803225
v2_time_series_mix__tp04_sl02_buf3s,v2_time_series_mix,refreshed_v2_mix,,full_refresh,tp04_sl02_buf3s,intraday,126,40.38978129907151,-0.5961021870092849,0.2222222222222222,0.5304386185166012,0.6758667109809514,2.9939716436266792,2026-05-03T17:10:02+00:00,2026-05-31T21:45:02+00:00,28,93,0,5,-0.16327232574693884,0.0,0.05705149781218445,0.3559407606866375,5942,-0.19954646263455722,0.0,0.06004105371193979,0.4644201163188505,5846,-0.2486347071161381,-0.14908080386367195,0.020483808037456107,1.0,5126,0.27166991255202966
combo_guarded_adaptive__tp12_sl06_buf5s,combo_guarded_adaptive,combo_session,,robust,tp12_sl06_buf5s,intraday,218,22.798041874153963,-0.7720195812584604,0.3577981651376147,0.48550486850658664,0.788612832350951,4.990409687993517,2026-05-03T23:45:00+00:00,2026-06-02T12:55:02+00:00,72,140,0,6,-0.15018097331060765,-0.007701388436342715,0.21945472904745877,0.7595085829686974,5942,-0.17971835227422805,-0.0354677803866591,0.22767704413274034,0.9929866575436196,5846,-0.4139241937748348,-0.17827026182531625,0.015216543113538821,1.0,5126,0.2711402604345668
timeseries_reversion_down__tp06_sl03_buf3s,timeseries_reversion_down,time_series,,full_refresh,tp06_sl03_buf3s,intraday,126,35.472959183042526,-0.6452704081695748,0.20634920634920634,0.551275148288811,0.7192595192296105,2.602831976298554,2026-05-03T17:10:02+00:00,2026-06-01T07:05:00+00:00,26,96,0,4,-0.13037585911583327,0.0,0.07202961965668125,0.3800067317401548,5942,-0.1838812100694731,0.0,0.05046185425932261,0.5133424563804311,5846,-0.31181529523896867,-0.14764886993677773,0.02536090518923137,1.0,5126,0.2706992018940696
combo_session_mix_adaptive__tp12_sl06_buf5s,combo_session_mix_adaptive,combo_session,,robust,tp12_sl06_buf5s,intraday,203,24.032253592266425,-0.7596774640773357,0.3399014778325123,0.4641532623870344,0.7771690197283049,5.00516790378378,2026-05-03T23:45:00+00:00,2026-06-02T12:55:02+00:00,66,134,0,3,-0.141834038635394,-0.0010897129380941228,0.17889599461460787,0.68832043083137,5942,-0.17166153415906227,-0.028894887501082267,0.2186110160793705,0.9929866575436196,5846,-0.38733127743627505,-0.1790358087729943,0.0005852516582130316,1.0,5126,0.27008821170809943
combo_session_mix_fixed_12pct__tp05_sl03_buf5s,combo_session_mix_fixed_12pct,combo_session,,robust,tp05_sl03_buf5s,intraday,207,24.70525814652994,-0.7529474185347006,0.3719806763285024,0.4175978566493491,0.7529474185347006,6.52191211366085,2026-05-03T23:45:00+00:00,2026-06-02T12:45:01+00:00,77,130,0,0,-0.1316197533818314,-0.0027061401758136094,0.18024234264557387,0.6879838438236284,5942,-0.15466951780797245,-0.02922880998885169,0.1888470749230243,0.9929866575436196,5846,-0.3262099930792477,-0.1828481897946449,0.0,1.0,5126,0.269156451674495
classic_extremeup_fade_down__tp06_sl03_buf3s,classic_extremeup_fade_down,classic_quant,,full_refresh,tp06_sl03_buf3s,intraday,126,33.98894565429402,-0.6601105434570598,0.20634920634920634,0.5951920011400419,0.733454728963005,2.946507061646994,2026-05-03T17:10:02+00:00,2026-06-01T07:05:00+00:00,26,96,0,4,-0.147919013044706,0.0,0.07455402221474251,0.3800067317401548,5942,-0.20752609107376696,0.0,0.06756756756756757,0.5133424563804311,5846,-0.34821368993099955,-0.15363901235486543,0.03296917674600078,1.0,5126,0.268583648375148
combo_guarded_fixed_12pct__tp05_sl03_buf5s,combo_guarded_fixed_12pct,combo_session,,robust,tp05_sl03_buf5s,intraday,222,22.59346288262263,-0.7740653711737737,0.38288288288288286,0.4338499661680471,0.7781245433100192,6.526561233623085,2026-05-03T23:45:00+00:00,2026-06-02T12:45:01+00:00,85,137,0,0,-0.1316197533818314,-0.006213205806287203,0.2265230562100303,0.7593402894648267,5942,-0.15466951780797245,-0.034216110554125434,0.2061238453643517,0.9929866575436196,5846,-0.34967227856282024,-0.18658173492201247,0.0,1.0,5126,0.2661797838622217
gate_milddrop_fixed_12pct__tp04_sl02_buf3s,gate_milddrop_fixed_12pct,gate_single,,robust,tp04_sl02_buf3s,intraday,316,20.779373667822146,-0.7922062633217786,0.33544303797468356,0.43341199875217734,0.7952771067209641,5.596037647349221,2026-05-03T18:00:01+00:00,2026-06-02T15:30:01+00:00,105,210,0,1,-0.11663773908194663,-0.013137419109250148,0.24772803769774487,0.9474924267923258,5942,-0.16307676520900016,-0.04093136768809891,0.19483407458091,1.0,5846,-0.34179678039287653,-0.18172602023590678,0.024580569644947328,1.0,5126,0.26578034902814374
combo_session_mix_fixed_8pct__settle,combo_session_mix_fixed_8pct,combo_session,,robust,settle,settle,218,8.405857654373367,-0.9159414234562664,0.6055045871559633,0.6209445314178611,0.9271565078599604,2.5870755845045226,2026-05-03T23:45:00+00:00,2026-06-02T12:55:02+00:00,0,0,0,218,-0.25511425440138036,0.0,0.2980477953550993,0.6893301918545944,5942,-0.37513963368581493,-0.05211025615903131,0.3547724940130003,0.9929866575436196,5846,-0.529918966745325,-0.26266859749563065,0.06632852126414358,1.0,5126,0.2620956963378776
gate_milddrop_fixed_10pct__settle,gate_milddrop_fixed_10pct,gate_single,,robust,settle,settle,333,2.2532858999752623,-0.9774671410002473,0.6186186186186187,0.6057134741672612,0.9813974419075504,1.6676777335588777,2026-05-03T18:00:01+00:00,2026-06-02T15:30:01+00:00,0,0,0,333,-0.34905837580870125,-0.024287356213017697,0.39548973409626387,0.9488387748232918,5942,-0.4484801664404878,-0.0660134721371709,0.393089291823469,1.0,5846,-0.7562297200972901,-0.4097654216878417,0.13753413968006242,1.0,5126,0.26159048382785355
session_milddrop_asia_fixed_12pct__tp08_sl04_buf5s,session_milddrop_asia_fixed_12pct,session_single,,robust,tp08_sl04_buf5s,intraday,119,33.61104442023223,-0.6638895557976776,0.2773109243697479,0.35548407714120756,0.6691826336591317,7.222100803360801,2026-05-03T23:45:00+00:00,2026-06-02T05:55:01+00:00,33,86,0,0,-0.13377808676603842,0.0,0.09155166610568832,0.3852238303601481,5942,-0.14811555291611778,-0.01956613803697238,0.1542935340403695,0.7505986999657885,5846,-0.2516219401976634,-0.13864326849913633,0.052477565353101836,1.0,5126,0.2614304807729026
combo_guarded_fixed_12pct__tp08_sl04_buf5s,combo_guarded_fixed_12pct,combo_session,,robust,tp08_sl04_buf5s,intraday,221,19.47270450871447,-0.8052729549128552,0.34841628959276016,0.4865916144243782,0.8102332915508614,6.275323058687027,2026-05-03T23:45:00+00:00,2026-06-02T12:45:01+00:00,76,144,0,1,-0.13677844791619687,-0.007732363636363648,0.21676203298552676,0.7593402894648267,5942,-0.18484634054581528,-0.03399183673469386,0.1965446459117345,0.9929866575436196,5846,-0.4178874421942539,-0.19826737083540014,0.0,1.0,5126,0.2610360102340856
combo_session_mix_adaptive__trail08_gap03_buf5s,combo_session_mix_adaptive,combo_session,,robust,trail08_gap03_buf5s,intraday,203,24.6038135590743,-0.7539618644092569,0.32019704433497537,0.42635066169649793,0.7616203173905944,5.1124105534570665,2026-05-03T23:45:00+00:00,2026-06-02T12:45:01+00:00,0,132,59,12,-0.12536813443886896,-0.0014180126862139986,0.18057892965331537,0.6879838438236284,5942,-0.17510745803725403,-0.03228371694075327,0.21775573041395827,0.9929866575436196,5846,-0.370558548452084,-0.16764314167378402,0.0536480686695279,1.0,5126,0.2609836941994119
combo_guarded_fixed_12pct__tp06_sl03_buf3s,combo_guarded_fixed_12pct,combo_session,,robust,tp06_sl03_buf3s,intraday,222,22.949024551929423,-0.7705097544807058,0.34234234234234234,0.43105166685541074,0.7728685472541943,6.390388854700466,2026-05-03T23:45:00+00:00,2026-06-02T12:45:01+00:00,76,146,0,0,-0.11663773908194663,-0.006486486486486531,0.20077415011780544,0.7593402894648267,5942,-0.16584608099277065,-0.03235199517769716,0.1837153609305508,0.9929866575436196,5846,-0.33184021742354564,-0.19251885092603527,0.0,1.0,5126,0.2603811051284989
session_milddrop_london_fixed_8pct__settle,session_milddrop_london_fixed_8pct,session_single,,robust,settle,settle,142,17.060446845172514,-0.8293955315482748,0.5985915492957746,0.6550535157035264,0.8588023238762695,4.092174581928487,2026-05-04T07:10:01+00:00,2026-06-02T12:55:02+00:00,0,0,0,142,-0.28784287550877197,0.0,0.15331538202625378,0.41299225849882193,5942,-0.28784287550877197,-0.0069194392535670834,0.27403352719808416,0.7834416695176188,5846,-0.4967255357192225,-0.20478368132618063,0.18103784627389777,1.0,5126,0.2602890747317371
combo_session_mix_fixed_12pct__tp06_sl03_buf3s,combo_session_mix_fixed_12pct,combo_session,,robust,tp06_sl03_buf3s,intraday,206,24.610469875559705,-0.753895301244403,0.3300970873786408,0.4084584813578843,0.753895301244403,6.299379477176955,2026-05-03T23:45:00+00:00,2026-06-02T12:45:01+00:00,68,138,0,0,-0.11663773908194663,-0.006000000000000005,0.16122517670817907,0.6879838438236284,5942,-0.16584608099277065,-0.028260571428571524,0.15976736229900787,0.9929866575436196,5846,-0.30569337697872434,-0.18455211017356266,0.0,1.0,5126,0.2581173864894795
combo_session_mix_fixed_12pct__tp04_sl02_buf3s,combo_session_mix_fixed_12pct,combo_session,,robust,tp04_sl02_buf3s,intraday,205,26.734280068892286,-0.7326571993110771,0.3170731707317073,0.3139606938793702,0.7326571993110771,6.21039397316101,2026-05-03T23:45:00+00:00,2026-06-02T12:45:01+00:00,65,140,0,0,-0.11663773908194663,-0.005070422535211283,0.1573544261191518,0.6879838438236284,5942,-0.16307676520900016,-0.02742857142857147,0.1602805336982552,0.9929866575436196,5846,-0.2922613274603604,-0.16639922271079943,0.0,1.0,5126,0.25791270477717954
combo_guarded_fixed_12pct__trail08_gap03_buf5s,combo_guarded_fixed_12pct,combo_session,,robust,trail08_gap03_buf5s,intraday,216,20.754370033327387,-0.7924562996667261,0.33796296296296297,0.4685911084978138,0.7994424000268018,5.586724061335481,2026-05-03T23:45:00+00:00,2026-06-02T12:45:01+00:00,0,136,63,17,-0.13970695062068972,-0.008089887640449489,0.21844496802423427,0.7606866374957927,5942,-0.1934258881958799,-0.04045487375126822,0.23075607252822442,0.9929866575436196,5846,-0.4186119355802317,-0.19777064358955265,0.044674209910261414,1.0,5126,0.25742773131706576
combo_session_mix_fixed_12pct__tp08_sl04_buf5s,combo_session_mix_fixed_12pct,combo_session,,robust,tp08_sl04_buf5s,intraday,205,20.73724229242169,-0.7926275770757831,0.33170731707317075,0.45927137926139366,0.7926275770757831,6.22650179453066,2026-05-03T23:45:00+00:00,2026-06-02T12:45:01+00:00,67,137,0,1,-0.13677844791619687,-0.003466666666666618,0.1696398519017166,0.6879838438236284,5942,-0.18484634054581528,-0.03029635918367346,0.17533356140951079,0.9929866575436196,5846,-0.3919576566831068,-0.1837473666265922,0.0,1.0,5126,0.2563500973765609
combo_guarded_fixed_8pct__settle,combo_guarded_fixed_8pct,combo_session,,robust,settle,settle,229,9.074565149932122,-0.9092543485006788,0.6244541484716157,0.6108316616849191,0.9213616215795133,2.4212955125501985,2026-05-03T23:45:00+00:00,2026-06-02T12:55:02+00:00,0,0,0,229,-0.25511425440138036,0.0,0.35274318411309324,0.7600134634803096,5942,-0.37513963368581493,-0.05062733949752907,0.3477591515566199,0.9911050290797127,5846,-0.554666638891491,-0.24995002798433874,0.056379243074522044,1.0,5126,0.2557280329934701
v2_time_series_mix__tp08_sl04_buf5s,v2_time_series_mix,refreshed_v2_mix,,full_refresh,tp08_sl04_buf5s,intraday,126,33.678920548599834,-0.6632107945140017,0.23015873015873015,0.6091056332946194,0.7691473924960899,3.1465097068507886,2026-05-03T17:10:02+00:00,2026-05-31T21:45:02+00:00,29,86,0,11,-0.21834693137414962,0.0,0.06243688993604847,0.349545607539549,5942,-0.2710526811443499,0.0,0.04276428327061239,0.46219637358877863,5846,-0.36629122207272635,-0.16253199691475673,0.009168942645337495,1.0,5126,0.25486882804444955
timeseries_reversion_down__trail08_gap03_buf5s,timeseries_reversion_down,time_series,,full_refresh,trail08_gap03_buf5s,intraday,126,30.525997929005072,-0.6947400207099492,0.23809523809523808,0.5589854278961712,0.7145139854043926,2.2563193711038187,2026-05-03T17:10:02+00:00,2026-06-01T02:20:00+00:00,0,65,34,27,-0.14586100526996537,0.0,0.08280040390440929,0.38236284079434535,5942,-0.2472046602629162,0.0,0.1260691070817653,0.5148819705781731,5846,-0.40290244829605637,-0.1039299377478547,0.2292235661334374,1.0,5126,0.25470233321877267
combo_guarded_fixed_12pct__tp12_sl06_buf5s,combo_guarded_fixed_12pct,combo_session,,robust,tp12_sl06_buf5s,intraday,218,19.125346529153667,-0.8087465347084634,0.3577981651376147,0.4830403658311021,0.823765375351093,5.175282134614248,2026-05-03T23:45:00+00:00,2026-06-02T12:55:02+00:00,72,140,0,6,-0.16672225580615085,-0.00798169374498503,0.22803769774486704,0.7595085829686974,5942,-0.200126987670048,-0.039299267745952604,0.23041395826205952,0.9929866575436196,5846,-0.45102063817001814,-0.19640164538275984,0.0031213421771361686,1.0,5126,0.25263756825905986
combo_session_mix_adaptive__settle,combo_session_mix_adaptive,combo_session,,robust,settle,settle,218,3.0776481549580894,-0.9692235184504191,0.6055045871559633,0.5921706684562855,0.974630073813449,2.465601551017373,2026-05-03T23:45:00+00:00,2026-06-02T12:55:02+00:00,0,0,0,218,-0.3361608881133584,0.0,0.29131605520026926,0.6893301918545944,5942,-0.4826144379666212,-0.07579540955376218,0.3491276086212795,0.9929866575436196,5846,-0.6446547313531021,-0.3482220485542812,0.05111197815060476,1.0,5126,0.25107152403864513
combo_session_mix_fixed_10pct__settle,combo_session_mix_fixed_10pct,combo_session,,robust,settle,settle,218,3.958111429621482,-0.9604188857037852,0.6055045871559633,0.5970585255601478,0.9668706822296858,2.4913202049518177,2026-05-03T23:45:00+00:00,2026-06-02T12:55:02+00:00,0,0,0,218,-0.31144126863949995,0.0,0.2980477953550993,0.6893301918545944,5942,-0.4484801664404878,-0.0660134721371709,0.3504960656859391,0.9929866575436196,5846,-0.6209605418742811,-0.3285089902221897,0.05111197815060476,1.0,5126,0.2508851720319243
combo_session_mix_fixed_12pct__tp12_sl06_buf5s,combo_session_mix_fixed_12pct,combo_session,,robust,tp12_sl06_buf5s,intraday,203,20.1996793981801,-0.798003206018199,0.3399014778325123,0.4578948693154856,0.8138657037486858,5.164466067392945,2026-05-03T23:45:00+00:00,2026-06-02T12:55:02+00:00,66,134,0,3,-0.15793163344982009,-0.000364828614008994,0.1863009087849209,0.68832043083137,5942,-0.19168876688063308,-0.033748845172998254,0.21587410195005133,0.9929866575436196,5846,-0.42156321314786427,-0.19717137534390017,0.00019508388607101054,1.0,5126,0.2504609157215412
session_milddrop_london_fixed_10pct__settle,session_milddrop_london_fixed_10pct,session_single,,robust,settle,settle,142,10.049884979921766,-0.8995011502007824,0.5985915492957746,0.6472160191375277,0.9203684495464641,4.301038350001982,2026-05-04T07:10:01+00:00,2026-06-02T12:55:02+00:00,0,0,0,142,-0.3488538837289301,0.0,0.15331538202625378,0.41299225849882193,5942,-0.3488538837289301,-0.010275566442131234,0.27403352719808416,0.7834416695176188,5846,-0.5844169993601682,-0.2578933102191012,0.1775263363246196,1.0,5126,0.25038530568602746
gate_milddrop_fixed_12pct__settle,gate_milddrop_fixed_12pct,gate_single,,robust,settle,settle,333,0.8231069520650147,-0.9917689304793499,0.6186186186186187,0.5727208107565933,0.9934523854833252,1.5110113215534278,2026-05-03T18:00:01+00:00,2026-06-02T15:30:01+00:00,0,0,0,333,-0.4060872773183761,-0.030887356743195427,0.38926287445304614,0.9488387748232918,5942,-0.5147539506651929,-0.0803727551957768,0.37444406431748206,1.0,5846,-0.8237389103609386,-0.48849653108529845,0.12738977760436987,1.0,5126,0.2501313628899836
combo_guarded_fixed_12pct__tp04_sl02_buf3s,combo_guarded_fixed_12pct,combo_session,,robust,tp04_sl02_buf3s,intraday,223,24.188745850835506,-0.758112541491645,0.3273542600896861,0.33201725462546894,0.758112541491645,6.178434049835448,2026-05-03T23:45:00+00:00,2026-06-02T12:45:01+00:00,73,150,0,0,-0.11663773908194663,-0.006130001529355278,0.17990575563783237,0.7593402894648267,5942,-0.16307676520900016,-0.030358625226720393,0.14574067738624702,0.9929866575436196,5846,-0.2894467925368669,-0.18600209559968572,0.0,1.0,5126,0.24816359262229354
v2_time_series_mix__tp12_sl06_buf5s,v2_time_series_mix,refreshed_v2_mix,,full_refresh,tp12_sl06_buf5s,intraday,126,26.299295547619682,-0.7370070445238032,0.23015873015873015,0.6563054065804441,0.8258078671117384,3.220881589645495,2026-05-03T17:10:02+00:00,2026-05-31T22:25:02+00:00,29,71,0,26,-0.22194578432,0.0,0.0705149781218445,0.35408953214405925,5942,-0.3256064015525886,0.0,0.06414642490591858,0.4644201163188505,5846,-0.4550784317758546,-0.1845985550460807,0.01833788529067499,1.0,5126,0.24236605949516937
combo_session_mix_fixed_12pct__settle,combo_session_mix_fixed_12pct,combo_session,,robust,settle,settle,218,1.7611721477063136,-0.9823882785229369,0.6055045871559633,0.5732758899895518,0.9857564390742973,2.343147754616628,2026-05-03T23:45:00+00:00,2026-06-02T12:55:02+00:00,0,0,0,218,-0.36488567097012403,0.0,0.28660383709188825,0.6893301918545944,5942,-0.5147539506651929,-0.08037275519577691,0.33475880944235376,0.9929866575436196,5846,-0.6977986259799149,-0.39293071876828467,0.04896605540382364,1.0,5126,0.24169664337266583
combo_guarded_fixed_10pct__settle,combo_guarded_fixed_10pct,combo_session,,robust,settle,settle,229,4.357175507581065,-0.9564282449241893,0.6244541484716157,0.5825662183264829,0.9635305234482779,2.29772831971491,2026-05-03T23:45:00+00:00,2026-06-02T12:55:02+00:00,0,0,0,229,-0.31144126863950006,0.0,0.35274318411309324,0.7600134634803096,5942,-0.44848016644048794,-0.0660134721371709,0.33989052343482723,0.9911050290797127,5846,-0.6427878099576889,-0.3147676230335019,0.04955130706203668,1.0,5126,0.24119524955130411
combo_session_mix_fixed_12pct__trail08_gap03_buf5s,combo_session_mix_fixed_12pct,combo_session,,robust,trail08_gap03_buf5s,intraday,203,20.783229746852793,-0.7921677025314721,0.32019704433497537,0.418121741843054,0.7991635173205921,5.274501669715388,2026-05-03T23:45:00+00:00,2026-06-02T12:45:01+00:00,0,132,59,12,-0.13970695062068972,-0.0019996175710593755,0.17872770111073713,0.6879838438236284,5942,-0.1934258881958799,-0.03541321053549629,0.21365035921997946,0.9929866575436196,5846,-0.40476484995508544,-0.18313490651470266,0.0536480686695279,1.0,5126,0.24118150227211976
session_milddrop_london_fixed_12pct__settle,session_milddrop_london_fixed_12pct,session_single,,robust,settle,settle,142,5.705759935476117,-0.9429424006452388,0.5985915492957746,0.6383291653576982,0.9566524667508972,4.347971975959461,2026-05-04T07:10:01+00:00,2026-06-02T12:55:02+00:00,0,0,0,142,-0.40585815609621334,0.0,0.14523729384045775,0.41299225849882193,5942,-0.40585815609621334,-0.01430512138751161,0.2475196715703045,0.7834416695176188,5846,-0.6597175864933544,-0.3109363701663673,0.1775263363246196,1.0,5126,0.24091457593462406
combo_guarded_adaptive__settle,combo_guarded_adaptive,combo_session,,robust,settle,settle,229,3.429454895288841,-0.9657054510471116,0.6244541484716157,0.5758126527934593,0.9717300311234671,2.259132334718339,2026-05-03T23:45:00+00:00,2026-06-02T12:55:02+00:00,0,0,0,229,-0.3361608881133584,0.0,0.348872433524066,0.7600134634803096,5942,-0.4826144379666212,-0.06817057126404452,0.3443380088949709,0.9911050290797127,5846,-0.6761573380056674,-0.3417773667006093,0.05228248146703082,1.0,5126,0.2384232634513308
combo_guarded_fixed_12pct__settle,combo_guarded_fixed_12pct,combo_session,,robust,settle,settle,229,1.9772048638571853,-0.9802279513614282,0.6244541484716157,0.5558194249374382,0.9840092645244117,2.138284235562251,2026-05-03T23:45:00+00:00,2026-06-02T12:55:02+00:00,0,0,0,229,-0.36488567097012403,0.0,0.34449680242342645,0.7600134634803096,5942,-0.5147539506651929,-0.0816420479498986,0.3344166951761888,0.9911050290797127,5846,-0.7157196695015687,-0.37801039784673274,0.03901677721420211,1.0,5126,0.2299927444915416
classic_extremeup_fade_down__trail08_gap03_buf5s,classic_extremeup_fade_down,classic_quant,,full_refresh,trail08_gap03_buf5s,intraday,126,25.42899838296057,-0.7457100161703942,0.23809523809523808,0.5590088134955136,0.7636516803571868,2.4328226933187316,2026-05-03T17:10:02+00:00,2026-06-01T02:20:00+00:00,0,65,34,27,-0.16561501697354486,0.0,0.08061258835408953,0.38236284079434535,5942,-0.2776687620761199,0.0,0.12401642148477592,0.5148819705781731,5846,-0.44632184340378,-0.12068518419759416,0.21342177136168552,1.0,5126,0.22849810974911217
v2_time_series_mix__tp06_sl03_buf3s,v2_time_series_mix,refreshed_v2_mix,,full_refresh,tp06_sl03_buf3s,intraday,126,28.77582831352969,-0.7122417168647031,0.19047619047619047,0.47087671673600795,0.7644516101095903,2.7795477289301473,2026-05-03T17:10:02+00:00,2026-05-31T21:45:02+00:00,24,95,0,7,-0.21832019905306133,0.0,0.049983170649612926,0.3525748906092225,5942,-0.2565555081736659,0.0,0.03301402668491276,0.4613410879233664,5846,-0.3370353166292319,-0.18922896539212652,0.020483808037456107,1.0,5126,0.20850307404437318
timeseries_reversion_down__settle,timeseries_reversion_down,time_series,,full_refresh,settle,settle,126,6.64245239686376,-0.9335754760313624,0.09523809523809523,0.4556314129693609,0.956534230528774,1.3599385701349225,2026-05-03T17:10:02+00:00,2026-06-01T05:20:01+00:00,0,0,0,126,-0.2225524007978562,0.0,0.06041736788959946,0.3975092561427129,5942,-0.33560738182959604,0.0,0.08569962367430722,0.5205268559698939,5846,-0.5193310383658888,-0.3548985602337169,0.004096761607491221,1.0,5126,0.16209798755107496
classic_extremeup_fade_down__settle,classic_extremeup_fade_down,classic_quant,,full_refresh,settle,settle,126,4.387462615066644,-0.9561253738493336,0.09523809523809523,0.4708727308311964,0.9728985096523284,1.4402330745354872,2026-05-03T17:10:02+00:00,2026-06-01T05:20:01+00:00,0,0,0,126,-0.2506848254376297,0.0,0.06041736788959946,0.3975092561427129,5942,-0.3741782486810299,0.0,0.08569962367430722,0.5205268559698939,5846,-0.5681680955743329,-0.3957847938390713,0.004096761607491221,1.0,5126,0.16209646007561004
v2_time_series_mix__trail08_gap03_buf5s,v2_time_series_mix,refreshed_v2_mix,,full_refresh,trail08_gap03_buf5s,intraday,126,15.409511373288948,-0.8459048862671106,0.1984126984126984,0.32780506623571415,0.8567772090451625,2.052396457261966,2026-05-03T17:10:02+00:00,2026-05-31T21:45:02+00:00,0,68,33,25,-0.22294489060136047,0.0,0.05099293167283743,0.3463480309660047,5942,-0.2952574844932564,0.0,0.041395826205952786,0.46356483065343823,5846,-0.42826091556914814,-0.20770966900937926,0.0,1.0,5126,0.1412865162103334
v2_time_series_mix__settle,v2_time_series_mix,refreshed_v2_mix,,full_refresh,settle,settle,126,5.194611021622377,-0.9480538897837762,0.19047619047619047,0.40274379274869504,0.9597653701039539,1.3389655134780658,2026-05-03T17:10:02+00:00,2026-05-31T22:25:02+00:00,0,0,0,126,-0.2506848254376297,0.0,0.05705149781218445,0.36940424099629754,5942,-0.36789291561257054,0.0,0.07680465275401985,0.47605200136845705,5846,-0.5624275114362076,-0.4199268643943428,0.01463129145532579,1.0,5126,0.13951884522854852
