selected_strategy,strategy,trades,ending_bankroll,total_return,max_drawdown,win_rate,profit_factor,worst_144_return,median_144_return,positive_144_rate,active_144_rate,worst_864_return,median_864_return,positive_864_rate,active_864_rate,split,fold_id,run_label,family
game_pm_squeeze_fade_down,game_pm_squeeze_fade_down,35,79.2963153439309,-0.207036846560691,0.38615759417713946,0.2857142857142857,0.7818186185859365,-0.2265770714041796,-0.07088474121093757,0.19559228650137742,0.9931129476584022,-0.20703684656069077,-0.20703684656069077,0.0,1.0,train,1,24949259015_attempt1+24952032748_attempt1+24986940107_attempt1,game_theory
game_pm_squeeze_fade_down,game_pm_squeeze_fade_down,16,109.18842237822061,0.09188422378220618,0.10460002915431568,0.4375,1.2770642795994895,-0.03450052060711328,0.06039847664672071,0.8775510204081632,1.0,,,,,validation,1,25044896828_attempt1,game_theory
game_pm_squeeze_fade_down,game_pm_squeeze_fade_down,18,85.51378531140658,-0.14486214688593424,0.15854490864743645,0.2777777777777778,0.676508589524624,-0.13461537327212014,-0.01705841119995355,0.2789115646258503,1.0,,,,,test,1,25100490855_attempt1,game_theory
micro_book_consensus_up,micro_book_consensus_up,11,104.69067538599484,0.04690675385994836,0.06788213937967907,0.7272727272727273,1.351778601227495,-0.04072727272727272,0.0,0.29133858267716534,0.5748031496062992,-0.06788213937967913,0.0009752201362185353,0.6554054054054054,1.0,train,2,24949259015_attempt1+24952032748_attempt1+24986940107_attempt1+25044896828_attempt1,microstructure
micro_book_consensus_up,micro_book_consensus_up,7,102.87243234211812,0.02872432342118114,0.040606060606060604,0.7142857142857143,1.3443020032463224,-0.040597014925373154,-0.004104219310007484,0.4489795918367347,1.0,,,,,validation,2,25100490855_attempt1,microstructure
micro_book_consensus_up,micro_book_consensus_up,7,92.22945567549786,-0.07770544324502138,0.10518892622524596,0.42857142857142855,0.5207678705443638,-0.07770544324502138,-0.011111801242236097,0.13013698630136986,0.636986301369863,,,,,test,2,25157440693_attempt1,microstructure
v1_balanced_mix,v1_balanced_mix,59,130.54703180216868,0.30547031802168667,0.4529359713920281,0.7796610169491526,1.148388840427449,-0.3732678016280264,0.11682285714285712,0.7006125574272588,1.0,-0.08685362300150401,0.7775051397051003,0.9778156996587031,1.0,train,3,24949259015_attempt1+24952032748_attempt1+24986940107_attempt1+25044896828_attempt1+25100490855_attempt1,previous_v1
v1_balanced_mix,v1_balanced_mix,11,158.47131506277174,0.5847131506277174,0.08103896103896101,0.9090909090909091,7.994537616235634,0.2285552680037899,0.2673153215295432,1.0,1.0,,,,,validation,3,25157440693_attempt1,previous_v1
v1_balanced_mix,v1_balanced_mix,3,93.94838523274478,-0.0605161476725522,0.08200000000000005,0.6666666666666666,0.27887461659522017,-0.08199999999999996,0.0,0.0,0.4794520547945205,,,,,test,3,25208977834_attempt1,previous_v1
micro_book_consensus_up,micro_book_consensus_up,25,99.32913548448404,-0.006708645155159565,0.11561883688593368,0.64,0.9830294140851017,-0.07770544324502138,0.0,0.29905956112852666,0.6156739811912225,-0.10572334207948919,-0.0003965626734436789,0.3028571428571429,1.0,train,4,24949259015_attempt1+24952032748_attempt1+24986940107_attempt1+25044896828_attempt1+25100490855_attempt1+25157440693_attempt1,microstructure
micro_book_consensus_up,micro_book_consensus_up,4,104.55440089991514,0.04554400899915145,0.040588235294117654,0.75,2.0654066067674544,0.0,0.03764705882352937,0.8835616438356164,0.8835616438356164,,,,,validation,4,25208977834_attempt1,microstructure
micro_book_consensus_up,micro_book_consensus_up,7,98.88830931476475,-0.011116906852352448,0.0802124444444445,0.5714285714285714,0.911373904666455,-0.04112147333333327,-0.030506771423874923,0.22448979591836735,1.0,,,,,test,4,25247789591_attempt1,microstructure
classic_early_drop_down,classic_early_drop_down,132,135.3241111687049,0.35324111168704886,0.15705661301915427,0.7878787878787878,1.2733271923418563,-0.13504466016949934,0.002537362102854379,0.5456475583864119,1.0,0.004979251500782489,0.13388148788315535,1.0,1.0,train,5,24949259015_attempt1+24952032748_attempt1+24986940107_attempt1+25044896828_attempt1+25100490855_attempt1+25157440693_attempt1+25208977834_attempt1,classic_quant
classic_early_drop_down,classic_early_drop_down,20,118.88897509202972,0.18888975092029714,0.040754716981132096,0.95,4.739543603505915,0.08452280045014504,0.09077916669580421,1.0,1.0,,,,,validation,5,25247789591_attempt1,classic_quant
classic_early_drop_down,classic_early_drop_down,21,102.75081620584149,0.027508162058414776,0.10059441720126448,0.7619047619047619,1.1356496168330752,-0.09729047932283486,0.0586440583464527,0.6598639455782312,1.0,,,,,test,5,25274678535_attempt1,classic_quant
classic_breakout_up,classic_breakout_up,41,131.14294843693497,0.3114294843693497,0.0810673049200502,0.8536585365853658,1.899242460440147,-0.05072266496867228,0.009638554216867545,0.6467341306347746,0.7916283348666053,0.012085780891538,0.09419348268684336,1.0,1.0,train,6,24949259015_attempt1+24952032748_attempt1+24986940107_attempt1+25044896828_attempt1+25100490855_attempt1+25157440693_attempt1+25208977834_attempt1+25247789591_attempt1,classic_quant
classic_breakout_up,classic_breakout_up,6,102.10236949234069,0.021023694923406833,0.018381655605040827,0.8333333333333334,2.118757711973545,-0.007474785111763582,0.006250000000000089,0.8775510204081632,0.9727891156462585,,,,,validation,6,25274678535_attempt1,classic_quant
classic_breakout_up,classic_breakout_up,7,101.6181908587569,0.01618190858756896,0.05080645161290328,0.8571428571428571,1.2975049513986108,-0.005400716019600682,0.02680831826401442,0.8698630136986302,1.0,,,,,test,6,25311264469_attempt1,classic_quant
classic_early_drop_down,classic_early_drop_down,172,153.85850557996582,0.5385850557996583,0.15705661301915427,0.7848837209302325,1.2834486151605544,-0.13504466016949934,0.021346105599315157,0.5787337662337663,1.0,0.004979251500782489,0.17387235251998323,1.0,1.0,train,7,24949259015_attempt1+24952032748_attempt1+24986940107_attempt1+25044896828_attempt1+25100490855_attempt1+25157440693_attempt1+25208977834_attempt1+25247789591_attempt1+25274678535_attempt1,classic_quant
classic_early_drop_down,classic_early_drop_down,20,114.29272935644089,0.1429272935644088,0.06117306818181817,0.85,2.1575427942776417,0.02494130035880726,0.0958604101895888,1.0,1.0,,,,,validation,7,25311264469_attempt1,classic_quant
classic_early_drop_down,classic_early_drop_down,20,120.84643850152003,0.20846438501520037,0.04065573770491805,0.9,3.469883939836479,0.03979753118340579,0.12773333404821918,1.0,1.0,,,,,test,7,25367630341_attempt1,classic_quant
classic_early_drop_down,classic_early_drop_down,191,149.13697996203535,0.49136979962035365,0.17670988499386214,0.7801047120418848,1.2216449923656025,-0.13504466016949934,0.0115570878262794,0.5644751180530331,1.0,0.004979251500782489,0.1794653971931499,1.0,1.0,train,8,24949259015_attempt1+24952032748_attempt1+24986940107_attempt1+25044896828_attempt1+25100490855_attempt1+25157440693_attempt1+25208977834_attempt1+25247789591_attempt1+25274678535_attempt1+25311264469_attempt1,classic_quant
classic_early_drop_down,classic_early_drop_down,20,120.84643850152003,0.20846438501520037,0.04065573770491805,0.9,3.469883939836479,0.03979753118340579,0.12773333404821918,1.0,1.0,,,,,validation,8,25367630341_attempt1,classic_quant
classic_early_drop_down,classic_early_drop_down,20,98.35687991173188,-0.01643120088268124,0.13804787700929455,0.75,0.9176668750129171,-0.11061511755289477,0.0851624485001079,0.7602739726027398,1.0,,,,,test,8,25427145257_attempt1,classic_quant
timeseries_momentum_up,timeseries_momentum_up,9,98.23261683664622,-0.017673831633537862,0.07949173053650656,0.6666666666666666,0.8529883011809218,-0.07949173053650671,0.0,0.21005917159763313,0.31985535831689677,-0.07949173053650671,0.021975789022868897,0.5473729543496986,0.9194659776055125,train,9,24949259015_attempt1+24952032748_attempt1+24986940107_attempt1+25044896828_attempt1+25100490855_attempt1+25157440693_attempt1+25208977834_attempt1+25247789591_attempt1+25274678535_attempt1+25311264469_attempt1+25367630341_attempt1,time_series
timeseries_momentum_up,timeseries_momentum_up,3,100.5266556302521,0.0052665563025209305,0.04058823529411769,0.6666666666666666,1.1238369842373066,0.0,0.0,0.3767123287671233,0.3767123287671233,,,,,validation,9,25427145257_attempt1,time_series
timeseries_momentum_up,timeseries_momentum_up,0,100.0,0.0,0.0,,,0.0,0.0,0.0,0.0,,,,,test,9,25487949887_attempt1,time_series
game_pm_squeeze_fade_down,game_pm_squeeze_fade_down,167,36.863491969078055,-0.6313650803092195,0.7588739701391437,0.30538922155688625,0.7832866994846006,-0.30932581177955654,-0.052324976965234304,0.3407385169618733,0.9984989492644851,-0.5894422522740852,-0.29876121447785176,0.010340865568747606,1.0,train,10,24949259015_attempt1+24952032748_attempt1+24986940107_attempt1+25044896828_attempt1+25100490855_attempt1+25157440693_attempt1+25208977834_attempt1+25247789591_attempt1+25274678535_attempt1+25311264469_attempt1+25367630341_attempt1+25427145257_attempt1,game_theory
game_pm_squeeze_fade_down,game_pm_squeeze_fade_down,20,236.82482137946278,1.3682482137946277,0.10527134655172413,0.6,3.3792120779496373,0.03468798700291709,0.14582637563711587,1.0,1.0,,,,,validation,10,25487949887_attempt1,game_theory
game_pm_squeeze_fade_down,game_pm_squeeze_fade_down,20,64.35051346669975,-0.35649486533300245,0.35649486533300245,0.15,0.29029168402097477,-0.2595237668833468,-0.06973911789658982,0.04081632653061224,1.0,,,,,test,10,25545252940_attempt1,game_theory
timeseries_momentum_up,timeseries_momentum_up,12,98.74996444396038,-0.012500355560396192,0.07949173053650656,0.6666666666666666,0.9228359214437177,-0.07949173053650671,0.0,0.21623860811930407,0.3217343275338304,-0.07949173053650671,0.005266556302521153,0.5570492933471217,0.8548776284039986,train,11,24949259015_attempt1+24952032748_attempt1+24986940107_attempt1+25044896828_attempt1+25100490855_attempt1+25157440693_attempt1+25208977834_attempt1+25247789591_attempt1+25274678535_attempt1+25311264469_attempt1+25367630341_attempt1+25427145257_attempt1+25487949887_attempt1,time_series
timeseries_momentum_up,timeseries_momentum_up,4,104.03926464214047,0.04039264642140461,0.040579710144927575,0.75,1.9485176819120598,-0.008599033816425239,0.006831593311036777,0.673469387755102,1.0,,,,,validation,11,25545252940_attempt1,time_series
timeseries_momentum_up,timeseries_momentum_up,0,100.0,0.0,0.0,,,0.0,0.0,0.0,0.0,,,,,test,11,25596809734_attempt1,time_series
game_pm_squeeze_fade_down,game_pm_squeeze_fade_down,204,40.23969409538472,-0.5976030590461527,0.7588739701391437,0.3137254901960784,0.8226655996728287,-0.30932581177955654,-0.038226919036990936,0.3738174379953976,0.998721554589619,-0.5894422522740852,-0.278168368217767,0.1864619241617048,1.0,train,12,24949259015_attempt1+24952032748_attempt1+24986940107_attempt1+25044896828_attempt1+25100490855_attempt1+25157440693_attempt1+25208977834_attempt1+25247789591_attempt1+25274678535_attempt1+25311264469_attempt1+25367630341_attempt1+25427145257_attempt1+25487949887_attempt1+25545252940_attempt1,game_theory
game_pm_squeeze_fade_down,game_pm_squeeze_fade_down,15,151.87301005379013,0.5187301005379013,0.03705882352941174,0.6,2.7889205953659295,-0.03600000000000003,0.10793415830734321,0.9387755102040817,1.0,,,,,validation,12,25596809734_attempt1,game_theory
game_pm_squeeze_fade_down,game_pm_squeeze_fade_down,13,120.0511329916716,0.20051132991671583,0.104544131850329,0.46153846153846156,1.6538369517385676,0.00850857065336097,0.11398524131048404,1.0,1.0,,,,,test,12,25624592440_attempt1,game_theory
game_pm_squeeze_fade_down,game_pm_squeeze_fade_down,217,51.30163638319773,-0.48698363616802265,0.7588739701391437,0.3271889400921659,0.8596696177205438,-0.30932581177955654,-0.037324218765483086,0.38800285646274696,0.9988098071887646,-0.5894422522740852,-0.23976280449642218,0.2542372881355932,1.0,train,13,24949259015_attempt1+24952032748_attempt1+24986940107_attempt1+25044896828_attempt1+25100490855_attempt1+25157440693_attempt1+25208977834_attempt1+25247789591_attempt1+25274678535_attempt1+25311264469_attempt1+25367630341_attempt1+25427145257_attempt1+25487949887_attempt1+25545252940_attempt1+25596809734_attempt1,game_theory
game_pm_squeeze_fade_down,game_pm_squeeze_fade_down,13,120.0511329916716,0.20051132991671583,0.104544131850329,0.46153846153846156,1.6538369517385676,0.00850857065336097,0.11398524131048404,1.0,1.0,,,,,validation,13,25624592440_attempt1,game_theory
game_pm_squeeze_fade_down,game_pm_squeeze_fade_down,14,104.63196317207282,0.04631963172072817,0.13746649847447603,0.42857142857142855,1.157455733629002,-0.05800833659010507,0.04977447848191874,0.8163265306122449,1.0,,,,,test,13,25665168591_attempt1,game_theory
classic_sharpdrop_reversal_up,classic_sharpdrop_reversal_up,260,13.707146214490754,-0.8629285378550925,0.9322907095799065,0.20384615384615384,0.8420130055752809,-0.35072260732848526,-0.06821957655943611,0.348920062346916,1.0,-0.6368269890528272,-0.4184354853408033,0.09944311853619729,1.0,train,14,24949259015_attempt1+24952032748_attempt1+24986940107_attempt1+25044896828_attempt1+25100490855_attempt1+25157440693_attempt1+25208977834_attempt1+25247789591_attempt1+25274678535_attempt1+25311264469_attempt1+25367630341_attempt1+25427145257_attempt1+25487949887_attempt1+25545252940_attempt1+25596809734_attempt1+25624592440_attempt1,classic_quant
classic_sharpdrop_reversal_up,classic_sharpdrop_reversal_up,17,215.55382370080525,1.1555382370080527,0.11940109041835363,0.4117647058823529,3.091616090365513,0.31128583718904923,0.5343266565122997,1.0,1.0,,,,,validation,14,25665168591_attempt1,classic_quant
classic_sharpdrop_reversal_up,classic_sharpdrop_reversal_up,13,163.02714938580834,0.6302714938580833,0.195893889842555,0.3076923076923077,2.260437803209514,-0.14760844525585048,0.1981510518638412,0.7123287671232876,1.0,,,,,test,14,25791429807_attempt1,classic_quant
classic_early_drop_down,classic_early_drop_down,323,186.59600566635697,0.8659600566635697,0.39464565917384303,0.7708978328173375,1.1991009806246706,-0.2381412579678217,0.01698571172944563,0.5733110227985777,1.0,-0.3896256475669916,0.11499600009115918,0.7702536321103176,1.0,train,15,24949259015_attempt1+24952032748_attempt1+24986940107_attempt1+25044896828_attempt1+25100490855_attempt1+25157440693_attempt1+25208977834_attempt1+25247789591_attempt1+25274678535_attempt1+25311264469_attempt1+25367630341_attempt1+25427145257_attempt1+25487949887_attempt1+25545252940_attempt1+25596809734_attempt1+25624592440_attempt1+25665168591_attempt1,classic_quant
classic_early_drop_down,classic_early_drop_down,20,119.49253616988987,0.19492536169889885,0.07936766011414081,0.9,3.076756554919324,-0.021505464277738362,0.0739245609355268,0.8904109589041096,1.0,,,,,validation,15,25791429807_attempt1,classic_quant
classic_early_drop_down,classic_early_drop_down,20,93.53552877635285,-0.0646447122364715,0.12144244263159068,0.7,0.7328184356963207,-0.06379653059845469,-0.04450180571736406,0.07482993197278912,1.0,,,,,test,15,25852951350_attempt1,classic_quant
v1_active_fill_mix,v1_active_fill_mix,200,74.36941894006702,-0.2563058105993298,0.7409294236586857,0.7,0.9583711550784662,-0.3293474528461784,0.0,0.48994082840236686,0.9629191321499014,-0.5241456673615685,-0.13431409971086017,0.33425287356321837,1.0,train,16,24949259015_attempt1+24952032748_attempt1+24986940107_attempt1+25044896828_attempt1+25100490855_attempt1+25157440693_attempt1+25208977834_attempt1+25247789591_attempt1+25274678535_attempt1+25311264469_attempt1+25367630341_attempt1+25427145257_attempt1+25487949887_attempt1+25545252940_attempt1+25596809734_attempt1+25624592440_attempt1+25665168591_attempt1+25791429807_attempt1,previous_v1
v1_active_fill_mix,v1_active_fill_mix,9,113.85032756076268,0.13850327560762676,0.060952380952380904,0.7777777777777778,2.046733408817671,-0.04647068273092381,0.007901249982478653,0.7210884353741497,1.0,,,,,validation,16,25852951350_attempt1,previous_v1
v1_active_fill_mix,v1_active_fill_mix,16,114.14316304870097,0.1414316304870098,0.14221329542164454,0.75,1.5082924722598285,-0.07218989096626838,0.02665006493209554,0.6870748299319728,1.0,,,,,test,16,25911485679_attempt1,previous_v1
v1_active_fill_mix,v1_active_fill_mix,209,84.6698270683022,-0.15330172931697805,0.7409294236586857,0.7033492822966507,0.9754926369148114,-0.3293474528461784,0.0,0.48600746268656714,0.9649253731343284,-0.5241456673615685,-0.12995543092989914,0.3461206896551724,1.0,train,17,24949259015_attempt1+24952032748_attempt1+24986940107_attempt1+25044896828_attempt1+25100490855_attempt1+25157440693_attempt1+25208977834_attempt1+25247789591_attempt1+25274678535_attempt1+25311264469_attempt1+25367630341_attempt1+25427145257_attempt1+25487949887_attempt1+25545252940_attempt1+25596809734_attempt1+25624592440_attempt1+25665168591_attempt1+25791429807_attempt1+25852951350_attempt1,previous_v1
v1_active_fill_mix,v1_active_fill_mix,16,114.14316304870097,0.1414316304870098,0.14221329542164454,0.75,1.5082924722598285,-0.07218989096626838,0.02665006493209554,0.6870748299319728,1.0,,,,,validation,17,25911485679_attempt1,previous_v1
v1_active_fill_mix,v1_active_fill_mix,11,94.43003056683933,-0.0556996943316066,0.09651184852460562,0.7272727272727273,0.6991241730132315,-0.07525330378400774,-0.05569969433160615,0.2925170068027211,1.0,,,,,test,17,25957739510_attempt1,previous_v1
classic_sharpdrop_reversal_up,classic_sharpdrop_reversal_up,324,21.847722612280123,-0.7815227738771988,0.9322907095799065,0.21296296296296297,0.8713242031025233,-0.351677084393642,-0.06872542365532275,0.3700884955752212,1.0,-0.6368269890528272,-0.3669273400240164,0.278498985801217,1.0,train,18,24949259015_attempt1+24952032748_attempt1+24986940107_attempt1+25044896828_attempt1+25100490855_attempt1+25157440693_attempt1+25208977834_attempt1+25247789591_attempt1+25274678535_attempt1+25311264469_attempt1+25367630341_attempt1+25427145257_attempt1+25487949887_attempt1+25545252940_attempt1+25596809734_attempt1+25624592440_attempt1+25665168591_attempt1+25791429807_attempt1+25852951350_attempt1+25911485679_attempt1,classic_quant
classic_sharpdrop_reversal_up,classic_sharpdrop_reversal_up,16,160.5032626645172,0.605032626645172,0.14401897469175393,0.375,2.3478469555446693,0.09168856064565056,0.19199638050562173,1.0,1.0,,,,,validation,18,25957739510_attempt1,classic_quant
classic_sharpdrop_reversal_up,classic_sharpdrop_reversal_up,15,89.38065867320087,-0.10619341326799125,0.2686384504473705,0.26666666666666666,0.7811985478752567,-0.20413388044097824,-0.07109723349564057,0.07482993197278912,1.0,,,,,test,18,25986690554_attempt1,classic_quant
classic_breakout_up,classic_breakout_up,109,85.97593891942773,-0.1402406108057227,0.40941229596665724,0.7614678899082569,0.9042934175353664,-0.1444582576495953,0.0006627232716183151,0.5005050505050505,0.8705387205387205,-0.2600170620094422,0.018468457077293277,0.5365900383141763,1.0,train,19,24949259015_attempt1+24952032748_attempt1+24986940107_attempt1+25044896828_attempt1+25100490855_attempt1+25157440693_attempt1+25208977834_attempt1+25247789591_attempt1+25274678535_attempt1+25311264469_attempt1+25367630341_attempt1+25427145257_attempt1+25487949887_attempt1+25545252940_attempt1+25596809734_attempt1+25624592440_attempt1+25665168591_attempt1+25791429807_attempt1+25852951350_attempt1+25911485679_attempt1+25957739510_attempt1,classic_quant
classic_breakout_up,classic_breakout_up,6,108.70773541684781,0.08707735416847817,0.050909090909090876,0.8333333333333334,2.528890556235976,-0.04710127350583271,0.0,0.3673469387755102,0.5578231292517006,,,,,validation,19,25986690554_attempt1,classic_quant
classic_breakout_up,classic_breakout_up,9,105.3970057642316,0.05397005764231588,0.050588235294117594,0.8888888888888888,2.0302723984775497,-0.026325490196078438,-0.002836886968013097,0.4178082191780822,1.0,,,,,test,19,26029755017_attempt1,classic_quant
classic_breakout_up,classic_breakout_up,115,93.5776030388455,-0.06422396961154508,0.40941229596665724,0.7652173913043478,0.9575887396229209,-0.1444582576495953,0.004109103725588037,0.5075441412520064,0.866131621187801,-0.2600170620094422,0.005457431952729186,0.5134301270417423,1.0,train,20,24949259015_attempt1+24952032748_attempt1+24986940107_attempt1+25044896828_attempt1+25100490855_attempt1+25157440693_attempt1+25208977834_attempt1+25247789591_attempt1+25274678535_attempt1+25311264469_attempt1+25367630341_attempt1+25427145257_attempt1+25487949887_attempt1+25545252940_attempt1+25596809734_attempt1+25624592440_attempt1+25665168591_attempt1+25791429807_attempt1+25852951350_attempt1+25911485679_attempt1+25957739510_attempt1+25986690554_attempt1,classic_quant
classic_breakout_up,classic_breakout_up,9,105.3970057642316,0.05397005764231588,0.050588235294117594,0.8888888888888888,2.0302723984775497,-0.026325490196078438,-0.002836886968013097,0.4178082191780822,1.0,,,,,validation,20,26029755017_attempt1,classic_quant
classic_breakout_up,classic_breakout_up,3,97.69231998219209,-0.023076800178079115,0.05078125,0.6666666666666666,0.5455645503393665,-0.05078125,-0.05078125,0.061224489795918366,1.0,,,,,test,20,26091905404_attempt1,classic_quant
classic_early_drop_down,classic_early_drop_down,435,187.036143944388,0.8703614394438799,0.39464565917384303,0.7609195402298851,1.134263686858613,-0.2381412579678217,0.008846478196783636,0.5456358337168278,1.0,-0.3896256475669916,0.11495749806241262,0.7540955337127091,1.0,train,21,24949259015_attempt1+24952032748_attempt1+24986940107_attempt1+25044896828_attempt1+25100490855_attempt1+25157440693_attempt1+25208977834_attempt1+25247789591_attempt1+25274678535_attempt1+25311264469_attempt1+25367630341_attempt1+25427145257_attempt1+25487949887_attempt1+25545252940_attempt1+25596809734_attempt1+25624592440_attempt1+25665168591_attempt1+25791429807_attempt1+25852951350_attempt1+25911485679_attempt1+25957739510_attempt1+25986690554_attempt1+26029755017_attempt1,classic_quant
classic_early_drop_down,classic_early_drop_down,20,115.22376939149845,0.15223769391498454,0.04063492063492064,0.85,2.5586267982483135,0.03554376564477946,0.06926074869738419,1.0,1.0,,,,,validation,21,26091905404_attempt1,classic_quant
classic_early_drop_down,classic_early_drop_down,21,91.43234945078632,-0.08567650549213679,0.17974098320775292,0.6666666666666666,0.6756265463549089,-0.12128837398081649,0.03167420696518808,0.5578231292517006,1.0,,,,,test,21,26156603287_attempt1,classic_quant
portfolio_micro_ts_mix,portfolio_micro_ts_mix,423,18.095352518827436,-0.8190464748117257,0.87035107377729,0.3120567375886525,0.7341195380177767,-0.2744551539713358,-0.03900622287856126,0.38199441915112353,1.0,-0.4837358191703739,-0.2247389785470435,0.15749712596485466,1.0,train,22,24949259015_attempt1+24952032748_attempt1+24986940107_attempt1+25044896828_attempt1+25100490855_attempt1+25157440693_attempt1+25208977834_attempt1+25247789591_attempt1+25274678535_attempt1+25311264469_attempt1+25367630341_attempt1+25427145257_attempt1+25487949887_attempt1+25545252940_attempt1+25596809734_attempt1+25624592440_attempt1+25665168591_attempt1+25791429807_attempt1+25852951350_attempt1+25911485679_attempt1+25957739510_attempt1+25986690554_attempt1+26029755017_attempt1+26091905404_attempt1,portfolio
portfolio_micro_ts_mix,portfolio_micro_ts_mix,19,134.12757614983167,0.3412757614983166,0.10396628552841929,0.5263157894736842,2.039565521927473,0.10133808238647757,0.15437620582772116,1.0,1.0,,,,,validation,22,26156603287_attempt1,portfolio
portfolio_micro_ts_mix,portfolio_micro_ts_mix,18,82.20274709344713,-0.17797252906552874,0.18757886011150746,0.2777777777777778,0.49724821893239957,-0.13279745515311958,-0.03662536538460359,0.3945578231292517,1.0,,,,,test,22,26221008452_attempt1,portfolio
v1_active_fill_mix,v1_active_fill_mix,287,61.86646064686484,-0.3813353935313516,0.7848237853448126,0.6898954703832753,0.9495427876380212,-0.3293474528461784,-0.007157506738860286,0.45020425412029863,0.959994365403578,-0.5241456673615685,-0.11745878485776928,0.3864242044207556,1.0,train,23,24949259015_attempt1+24952032748_attempt1+24986940107_attempt1+25044896828_attempt1+25100490855_attempt1+25157440693_attempt1+25208977834_attempt1+25247789591_attempt1+25274678535_attempt1+25311264469_attempt1+25367630341_attempt1+25427145257_attempt1+25487949887_attempt1+25545252940_attempt1+25596809734_attempt1+25624592440_attempt1+25665168591_attempt1+25791429807_attempt1+25852951350_attempt1+25911485679_attempt1+25957739510_attempt1+25986690554_attempt1+26029755017_attempt1+26091905404_attempt1+26156603287_attempt1,previous_v1
v1_active_fill_mix,v1_active_fill_mix,8,110.15483849728385,0.10154838497283847,0.09909792843691151,0.75,1.9298522271275338,-0.007176393906311196,0.05733921948605847,0.7006802721088435,1.0,,,,,validation,23,26221008452_attempt1,previous_v1
v1_active_fill_mix,v1_active_fill_mix,3,97.63535197324416,-0.023646480267558445,0.06086956521739129,0.6666666666666666,0.6263326730851448,-0.053356521739130414,0.008000000000000007,0.7414965986394558,0.9591836734693877,,,,,test,23,26357456273_attempt1,previous_v1
portfolio_micro_ts_mix,portfolio_micro_ts_mix,458,23.651109738268943,-0.7634889026173106,0.87035107377729,0.32096069868995636,0.7653280480602429,-0.2744551539713358,-0.03877112308999908,0.3934226552984166,1.0,-0.4837358191703739,-0.20898024310785035,0.23076923076923078,1.0,train,24,24949259015_attempt1+24952032748_attempt1+24986940107_attempt1+25044896828_attempt1+25100490855_attempt1+25157440693_attempt1+25208977834_attempt1+25247789591_attempt1+25274678535_attempt1+25311264469_attempt1+25367630341_attempt1+25427145257_attempt1+25487949887_attempt1+25545252940_attempt1+25596809734_attempt1+25624592440_attempt1+25665168591_attempt1+25791429807_attempt1+25852951350_attempt1+25911485679_attempt1+25957739510_attempt1+25986690554_attempt1+26029755017_attempt1+26091905404_attempt1+26156603287_attempt1+26221008452_attempt1,portfolio
portfolio_micro_ts_mix,portfolio_micro_ts_mix,20,120.99938450315904,0.20999384503159035,0.13794760665853628,0.4,1.4634992208352795,-0.10021270976807095,-0.02601113965814328,0.16326530612244897,1.0,,,,,validation,24,26357456273_attempt1,portfolio
portfolio_micro_ts_mix,portfolio_micro_ts_mix,20,110.2570548239935,0.10257054823993506,0.11832420681081086,0.45,1.2702579412093749,-0.0630001417997178,-0.0023000785805591395,0.48299319727891155,1.0,,,,,test,24,26709070227_attempt1,portfolio
classic_early_drop_down,classic_early_drop_down,512,111.22176350361721,0.1122176350361721,0.4950565563119801,0.744140625,1.0137485677518236,-0.2381412579678217,-0.0013767885794703227,0.4914702435212918,1.0,-0.44548161140337506,0.07789105374052463,0.6367294151458542,1.0,train,25,24949259015_attempt1+24952032748_attempt1+24986940107_attempt1+25044896828_attempt1+25100490855_attempt1+25157440693_attempt1+25208977834_attempt1+25247789591_attempt1+25274678535_attempt1+25311264469_attempt1+25367630341_attempt1+25427145257_attempt1+25487949887_attempt1+25545252940_attempt1+25596809734_attempt1+25624592440_attempt1+25665168591_attempt1+25791429807_attempt1+25852951350_attempt1+25911485679_attempt1+25957739510_attempt1+25986690554_attempt1+26029755017_attempt1+26091905404_attempt1+26156603287_attempt1+26221008452_attempt1+26357456273_attempt1,classic_quant
classic_early_drop_down,classic_early_drop_down,20,113.98552577012879,0.13985525770128793,0.04071428571428573,0.85,2.09114255331432,0.004493505541397047,0.08316300346712202,1.0,1.0,,,,,validation,25,26709070227_attempt1,classic_quant
classic_early_drop_down,classic_early_drop_down,20,116.34016490095979,0.16340164900959797,0.04065573770491809,0.85,2.2244811232539656,0.007412334075475924,0.06272264640513314,1.0,1.0,,,,,test,25,26709294970_attempt1,classic_quant
classic_early_drop_down,classic_early_drop_down,532,113.40223517361784,0.1340223517361785,0.5067344410801659,0.7443609022556391,1.0159618600077387,-0.2381412579678217,-0.002667446251490846,0.48475341950056466,1.0,-0.44548161140337506,0.07195638234166513,0.6112567250655263,1.0,train,26,24949259015_attempt1+24952032748_attempt1+24986940107_attempt1+25044896828_attempt1+25100490855_attempt1+25157440693_attempt1+25208977834_attempt1+25247789591_attempt1+25274678535_attempt1+25311264469_attempt1+25367630341_attempt1+25427145257_attempt1+25487949887_attempt1+25545252940_attempt1+25596809734_attempt1+25624592440_attempt1+25665168591_attempt1+25791429807_attempt1+25852951350_attempt1+25911485679_attempt1+25957739510_attempt1+25986690554_attempt1+26029755017_attempt1+26091905404_attempt1+26156603287_attempt1+26221008452_attempt1+26357456273_attempt1+26709070227_attempt1,classic_quant
classic_early_drop_down,classic_early_drop_down,20,116.34016490095979,0.16340164900959797,0.04065573770491809,0.85,2.2244811232539656,0.007412334075475924,0.06272264640513314,1.0,1.0,,,,,validation,26,26709294970_attempt1,classic_quant
classic_early_drop_down,classic_early_drop_down,20,82.53334033530801,-0.17466659664691986,0.22093905547095952,0.6,0.4238504674667836,-0.19254579368720526,-0.058376116076877094,0.0,1.0,,,,,test,26,26755468029_attempt1,classic_quant
classic_milddrop_down,classic_milddrop_down,392,16.503600374858944,-0.8349639962514106,0.8830960394338467,0.625,0.7872571849739077,-0.25069453775060035,-0.01598627089059823,0.41869475723453203,1.0,-0.4498669871997145,-0.1990975397551823,0.14232656851041253,1.0,train,27,24949259015_attempt1+24952032748_attempt1+24986940107_attempt1+25044896828_attempt1+25100490855_attempt1+25157440693_attempt1+25208977834_attempt1+25247789591_attempt1+25274678535_attempt1+25311264469_attempt1+25367630341_attempt1+25427145257_attempt1+25487949887_attempt1+25545252940_attempt1+25596809734_attempt1+25624592440_attempt1+25665168591_attempt1+25791429807_attempt1+25852951350_attempt1+25911485679_attempt1+25957739510_attempt1+25986690554_attempt1+26029755017_attempt1+26091905404_attempt1+26156603287_attempt1+26221008452_attempt1+26357456273_attempt1+26709070227_attempt1+26709294970_attempt1,classic_quant
classic_milddrop_down,classic_milddrop_down,17,130.5265861355566,0.3052658613555661,0.050819672131147624,0.8235294117647058,2.719309271265871,0.06386448928472266,0.1792882162972147,1.0,1.0,,,,,validation,27,26755468029_attempt1,classic_quant
classic_milddrop_down,classic_milddrop_down,16,116.68042672396652,0.16680426723966524,0.14474599108580383,0.6875,1.5469576777237122,-0.054881259688994266,0.10479462621228453,0.678082191780822,1.0,,,,,test,27,26832707302_attempt1,classic_quant
game_pm_overshoot_fade_up,game_pm_overshoot_fade_up,432,2.751560943773157,-0.9724843905622684,0.9724843905622684,0.27314814814814814,0.6156659522964049,-0.3086608254329507,-0.05189076732613518,0.27842770238652315,1.0,-0.573983048100559,-0.2944454687041438,0.10398569238630558,1.0,train,28,24949259015_attempt1+24952032748_attempt1+24986940107_attempt1+25044896828_attempt1+25100490855_attempt1+25157440693_attempt1+25208977834_attempt1+25247789591_attempt1+25274678535_attempt1+25311264469_attempt1+25367630341_attempt1+25427145257_attempt1+25487949887_attempt1+25545252940_attempt1+25596809734_attempt1+25624592440_attempt1+25665168591_attempt1+25791429807_attempt1+25852951350_attempt1+25911485679_attempt1+25957739510_attempt1+25986690554_attempt1+26029755017_attempt1+26091905404_attempt1+26156603287_attempt1+26221008452_attempt1+26357456273_attempt1+26709070227_attempt1+26709294970_attempt1+26755468029_attempt1,game_theory
game_pm_overshoot_fade_up,game_pm_overshoot_fade_up,6,116.29842428603376,0.16298424286033764,0.03602941176470585,0.6666666666666666,3.05163466460021,-0.035921052631578965,0.08101430769230777,0.9246575342465754,1.0,,,,,validation,28,26832707302_attempt1,game_theory
game_pm_overshoot_fade_up,game_pm_overshoot_fade_up,4,112.8859233372209,0.12885923337220895,0.03589743589743591,0.75,4.245543320902661,-0.03589743589743588,0.0,0.29931972789115646,0.7959183673469388,,,,,test,28,26944523023_attempt1,game_theory
game_pm_overshoot_fade_up,game_pm_overshoot_fade_up,438,3.2000220208781007,-0.967999779791219,0.9724843905622684,0.2785388127853881,0.6177685086253073,-0.3086608254329507,-0.05058078656645626,0.2891252687563653,1.0,-0.573983048100559,-0.3028765836842112,0.10028335591967476,1.0,train,29,24949259015_attempt1+24952032748_attempt1+24986940107_attempt1+25044896828_attempt1+25100490855_attempt1+25157440693_attempt1+25208977834_attempt1+25247789591_attempt1+25274678535_attempt1+25311264469_attempt1+25367630341_attempt1+25427145257_attempt1+25487949887_attempt1+25545252940_attempt1+25596809734_attempt1+25624592440_attempt1+25665168591_attempt1+25791429807_attempt1+25852951350_attempt1+25911485679_attempt1+25957739510_attempt1+25986690554_attempt1+26029755017_attempt1+26091905404_attempt1+26156603287_attempt1+26221008452_attempt1+26357456273_attempt1+26709070227_attempt1+26709294970_attempt1+26755468029_attempt1+26832707302_attempt1,game_theory
game_pm_overshoot_fade_up,game_pm_overshoot_fade_up,4,112.8859233372209,0.12885923337220895,0.03589743589743591,0.75,4.245543320902661,-0.03589743589743588,0.0,0.29931972789115646,0.7959183673469388,,,,,validation,29,26944523023_attempt1,game_theory
game_pm_overshoot_fade_up,game_pm_overshoot_fade_up,6,96.16833776924241,-0.03831662230757582,0.13599705268431178,0.3333333333333333,0.7468716221071868,-0.03831662230757604,0.05384615384615388,0.6527777777777778,0.75,,,,,test,29,27008365180_attempt1,game_theory
game_pm_squeeze_fade_down,game_pm_squeeze_fade_down,430,23.2594797712533,-0.767405202287467,0.8483116613948196,0.3186046511627907,0.8601663043836707,-0.30932581177955654,-0.02274410819541528,0.39640626711953547,0.9856469814835105,-0.5894422522740852,-0.14586744485680292,0.24253598191982872,1.0,train,30,24949259015_attempt1+24952032748_attempt1+24986940107_attempt1+25044896828_attempt1+25100490855_attempt1+25157440693_attempt1+25208977834_attempt1+25247789591_attempt1+25274678535_attempt1+25311264469_attempt1+25367630341_attempt1+25427145257_attempt1+25487949887_attempt1+25545252940_attempt1+25596809734_attempt1+25624592440_attempt1+25665168591_attempt1+25791429807_attempt1+25852951350_attempt1+25911485679_attempt1+25957739510_attempt1+25986690554_attempt1+26029755017_attempt1+26091905404_attempt1+26156603287_attempt1+26221008452_attempt1+26357456273_attempt1+26709070227_attempt1+26709294970_attempt1+26755468029_attempt1+26832707302_attempt1+26944523023_attempt1,game_theory
game_pm_squeeze_fade_down,game_pm_squeeze_fade_down,4,110.72321162985713,0.10723211629857143,0.036093749999999945,0.75,3.586360108058861,0.04200000000000004,0.06260279875102781,1.0,1.0,,,,,validation,30,27008365180_attempt1,game_theory
game_pm_squeeze_fade_down,game_pm_squeeze_fade_down,14,78.71470682105125,-0.2128529317894875,0.22356441337810068,0.21428571428571427,0.40274111311937494,-0.19739620097146637,-0.14369256441882183,0.0,1.0,,,,,test,30,27059341408_attempt1,game_theory
game_pm_overshoot_fade_up,game_pm_overshoot_fade_up,448,3.473960419542637,-0.9652603958045737,0.9724843905622684,0.28348214285714285,0.6198617019169307,-0.3086608254329507,-0.04515913233564017,0.31495644784363713,0.9915020182706608,-0.573983048100559,-0.27539258104345155,0.12824936737980216,1.0,train,31,24949259015_attempt1+24952032748_attempt1+24986940107_attempt1+25044896828_attempt1+25100490855_attempt1+25157440693_attempt1+25208977834_attempt1+25247789591_attempt1+25274678535_attempt1+25311264469_attempt1+25367630341_attempt1+25427145257_attempt1+25487949887_attempt1+25545252940_attempt1+25596809734_attempt1+25624592440_attempt1+25665168591_attempt1+25791429807_attempt1+25852951350_attempt1+25911485679_attempt1+25957739510_attempt1+25986690554_attempt1+26029755017_attempt1+26091905404_attempt1+26156603287_attempt1+26221008452_attempt1+26357456273_attempt1+26709070227_attempt1+26709294970_attempt1+26755468029_attempt1+26832707302_attempt1+26944523023_attempt1+27008365180_attempt1,game_theory
game_pm_overshoot_fade_up,game_pm_overshoot_fade_up,10,121.45903253823603,0.21459032538236023,0.03616666666666671,0.6,2.325166355061327,0.03469826776144358,0.2174860186818377,1.0,1.0,,,,,validation,31,27059341408_attempt1,game_theory
game_pm_overshoot_fade_up,game_pm_overshoot_fade_up,4,103.58254869887386,0.035825486988738664,0.035972222222222225,0.5,1.480252021234898,0.009819097222222295,0.025753513513513626,1.0,1.0,,,,,test,31,27089462916_attempt1,game_theory
v1_active_fill_mix,v1_active_fill_mix,357,65.8274471016328,-0.34172552898367203,0.8037102685480904,0.680672268907563,0.9598873112443895,-0.3293474528461784,0.0,0.460840890354493,0.9512572135201979,-0.5241456673615685,-0.05537137986349622,0.41952359750667856,1.0,train,32,24949259015_attempt1+24952032748_attempt1+24986940107_attempt1+25044896828_attempt1+25100490855_attempt1+25157440693_attempt1+25208977834_attempt1+25247789591_attempt1+25274678535_attempt1+25311264469_attempt1+25367630341_attempt1+25427145257_attempt1+25487949887_attempt1+25545252940_attempt1+25596809734_attempt1+25624592440_attempt1+25665168591_attempt1+25791429807_attempt1+25852951350_attempt1+25911485679_attempt1+25957739510_attempt1+25986690554_attempt1+26029755017_attempt1+26091905404_attempt1+26156603287_attempt1+26221008452_attempt1+26357456273_attempt1+26709070227_attempt1+26709294970_attempt1+26755468029_attempt1+26832707302_attempt1+26944523023_attempt1+27008365180_attempt1+27059341408_attempt1,previous_v1
v1_active_fill_mix,v1_active_fill_mix,3,114.20867382857142,0.14208673828571428,0.0,1.0,,0.0,0.03314285714285714,0.8299319727891157,0.8299319727891157,,,,,validation,32,27089462916_attempt1,previous_v1
v1_active_fill_mix,v1_active_fill_mix,11,105.76759455760153,0.057675945576015186,0.12228289412869406,0.7272727272727273,1.2433027982489377,-0.05649887936717202,0.09290367631462781,0.7006802721088435,1.0,,,,,test,32,27130700451_attempt1,previous_v1
game_pm_squeeze_fade_down,game_pm_squeeze_fade_down,456,24.958224658832535,-0.7504177534116747,0.8483116613948196,0.32456140350877194,0.8664515979838427,-0.30932581177955654,-0.019669849382320748,0.4034420652391435,0.976986191715029,-0.5894422522740852,-0.11986018732063741,0.3053698511968945,1.0,train,33,24949259015_attempt1+24952032748_attempt1+24986940107_attempt1+25044896828_attempt1+25100490855_attempt1+25157440693_attempt1+25208977834_attempt1+25247789591_attempt1+25274678535_attempt1+25311264469_attempt1+25367630341_attempt1+25427145257_attempt1+25487949887_attempt1+25545252940_attempt1+25596809734_attempt1+25624592440_attempt1+25665168591_attempt1+25791429807_attempt1+25852951350_attempt1+25911485679_attempt1+25957739510_attempt1+25986690554_attempt1+26029755017_attempt1+26091905404_attempt1+26156603287_attempt1+26221008452_attempt1+26357456273_attempt1+26709070227_attempt1+26709294970_attempt1+26755468029_attempt1+26832707302_attempt1+26944523023_attempt1+27008365180_attempt1+27059341408_attempt1+27089462916_attempt1,game_theory
game_pm_squeeze_fade_down,game_pm_squeeze_fade_down,9,119.18648403538525,0.19186484035385254,0.07082838709677412,0.5555555555555556,2.2765269500620557,-0.0416383200938415,-0.03017712903225822,0.3945578231292517,1.0,,,,,validation,33,27130700451_attempt1,game_theory
game_pm_squeeze_fade_down,game_pm_squeeze_fade_down,9,87.162384779702,-0.12837615220298004,0.19742890236184846,0.2222222222222222,0.46820551659886617,-0.1974289023618483,-0.10429862319721273,0.0,1.0,,,,,test,33,27199408085_attempt1,game_theory
timeseries_reversion_down,timeseries_reversion_down,561,0.011370886314276855,-0.9998862911368572,0.999966360857227,0.11051693404634581,0.7009061559023444,-0.3530029100488131,-0.15377717894736853,0.19457409568261377,0.9987359004278491,-0.8504606953270856,-0.5593107268017425,0.019343370974487663,1.0,train,34,24949259015_attempt1+24952032748_attempt1+24986940107_attempt1+25044896828_attempt1+25100490855_attempt1+25157440693_attempt1+25208977834_attempt1+25247789591_attempt1+25274678535_attempt1+25311264469_attempt1+25367630341_attempt1+25427145257_attempt1+25487949887_attempt1+25545252940_attempt1+25596809734_attempt1+25624592440_attempt1+25665168591_attempt1+25791429807_attempt1+25852951350_attempt1+25911485679_attempt1+25957739510_attempt1+25986690554_attempt1+26029755017_attempt1+26091905404_attempt1+26156603287_attempt1+26221008452_attempt1+26357456273_attempt1+26709070227_attempt1+26709294970_attempt1+26755468029_attempt1+26832707302_attempt1+26944523023_attempt1+27008365180_attempt1+27059341408_attempt1+27089462916_attempt1+27130700451_attempt1,time_series
timeseries_reversion_down,timeseries_reversion_down,20,201.84696005202795,1.0184696005202794,0.14071418514492756,0.3,2.21516034102292,-0.037089403897159756,0.4589450497969936,0.8571428571428571,1.0,,,,,validation,34,27199408085_attempt1,time_series
timeseries_reversion_down,timeseries_reversion_down,20,85.78471168010377,-0.14215288319896235,0.2412702637796123,0.1,0.7718574739020367,-0.08487356825162884,-0.0696618803796446,0.16326530612244897,1.0,,,,,test,34,27269618919_attempt1,time_series
micro_book_consensus_up,micro_book_consensus_up,203,48.83666367807569,-0.5116333632192431,0.6548388611319877,0.5960591133004927,0.807038676997256,-0.18769384820891877,0.0,0.36504634007944015,0.8506714582939285,-0.291188708687123,-0.07966451364945837,0.2717678100263852,1.0,train,35,24949259015_attempt1+24952032748_attempt1+24986940107_attempt1+25044896828_attempt1+25100490855_attempt1+25157440693_attempt1+25208977834_attempt1+25247789591_attempt1+25274678535_attempt1+25311264469_attempt1+25367630341_attempt1+25427145257_attempt1+25487949887_attempt1+25545252940_attempt1+25596809734_attempt1+25624592440_attempt1+25665168591_attempt1+25791429807_attempt1+25852951350_attempt1+25911485679_attempt1+25957739510_attempt1+25986690554_attempt1+26029755017_attempt1+26091905404_attempt1+26156603287_attempt1+26221008452_attempt1+26357456273_attempt1+26709070227_attempt1+26709294970_attempt1+26755468029_attempt1+26832707302_attempt1+26944523023_attempt1+27008365180_attempt1+27059341408_attempt1+27089462916_attempt1+27130700451_attempt1+27199408085_attempt1,microstructure
micro_book_consensus_up,micro_book_consensus_up,3,105.43291991300309,0.05432919913003098,0.0,1.0,,0.01424657534246565,0.01424657534246565,1.0,1.0,,,,,validation,35,27269618919_attempt1,microstructure
micro_book_consensus_up,micro_book_consensus_up,0,100.0,0.0,0.0,,,0.0,0.0,0.0,0.0,,,,,test,35,27340390720_attempt1,microstructure
portfolio_micro_ts_mix,portfolio_micro_ts_mix,606,43.93806355756568,-0.5606193644243432,0.87035107377729,0.3481848184818482,0.8640571572583915,-0.2744551539713358,-0.013030953157373903,0.4565537555228277,0.9945692194403535,-0.4837358191703739,-0.0879907248348627,0.4370070977917981,1.0,train,36,24949259015_attempt1+24952032748_attempt1+24986940107_attempt1+25044896828_attempt1+25100490855_attempt1+25157440693_attempt1+25208977834_attempt1+25247789591_attempt1+25274678535_attempt1+25311264469_attempt1+25367630341_attempt1+25427145257_attempt1+25487949887_attempt1+25545252940_attempt1+25596809734_attempt1+25624592440_attempt1+25665168591_attempt1+25791429807_attempt1+25852951350_attempt1+25911485679_attempt1+25957739510_attempt1+25986690554_attempt1+26029755017_attempt1+26091905404_attempt1+26156603287_attempt1+26221008452_attempt1+26357456273_attempt1+26709070227_attempt1+26709294970_attempt1+26755468029_attempt1+26832707302_attempt1+26944523023_attempt1+27008365180_attempt1+27059341408_attempt1+27089462916_attempt1+27130700451_attempt1+27199408085_attempt1+27269618919_attempt1,portfolio
portfolio_micro_ts_mix,portfolio_micro_ts_mix,16,112.87875472695472,0.12878754726954722,0.12463993712773941,0.4375,1.4958162145290246,-0.12463993712773935,0.08099000465037798,0.821917808219178,1.0,,,,,validation,36,27340390720_attempt1,portfolio
portfolio_micro_ts_mix,portfolio_micro_ts_mix,19,110.334180524976,0.10334180524976011,0.1110550399367612,0.47368421052631576,1.2928544709083416,-0.014264592464054426,0.15776708711235332,0.9794520547945206,1.0,,,,,test,36,27410119221_attempt1,portfolio
portfolio_micro_ts_mix,portfolio_micro_ts_mix,622,48.84718091302242,-0.5115281908697757,0.87035107377729,0.3504823151125402,0.8794922020478008,-0.2744551539713358,-0.012595098192743404,0.45826235093696766,0.9947099435129562,-0.4837358191703739,-0.07352984815595243,0.452027221316975,1.0,train,37,24949259015_attempt1+24952032748_attempt1+24986940107_attempt1+25044896828_attempt1+25100490855_attempt1+25157440693_attempt1+25208977834_attempt1+25247789591_attempt1+25274678535_attempt1+25311264469_attempt1+25367630341_attempt1+25427145257_attempt1+25487949887_attempt1+25545252940_attempt1+25596809734_attempt1+25624592440_attempt1+25665168591_attempt1+25791429807_attempt1+25852951350_attempt1+25911485679_attempt1+25957739510_attempt1+25986690554_attempt1+26029755017_attempt1+26091905404_attempt1+26156603287_attempt1+26221008452_attempt1+26357456273_attempt1+26709070227_attempt1+26709294970_attempt1+26755468029_attempt1+26832707302_attempt1+26944523023_attempt1+27008365180_attempt1+27059341408_attempt1+27089462916_attempt1+27130700451_attempt1+27199408085_attempt1+27269618919_attempt1+27340390720_attempt1,portfolio
portfolio_micro_ts_mix,portfolio_micro_ts_mix,19,110.334180524976,0.10334180524976011,0.1110550399367612,0.47368421052631576,1.2928544709083416,-0.014264592464054426,0.15776708711235332,0.9794520547945206,1.0,,,,,validation,37,27410119221_attempt1,portfolio
portfolio_micro_ts_mix,portfolio_micro_ts_mix,18,99.47958250388292,-0.00520417496117076,0.14749708152994154,0.3333333333333333,0.9873902172367786,-0.12030655692583081,0.06233862535514101,0.673469387755102,1.0,,,,,test,37,27464308599_attempt1,portfolio
v1_adaptive_mix,v1_adaptive_mix,344,30.803987613340148,-0.6919601238665984,0.8737221589189702,0.6656976744186046,0.9230371188054038,-0.34561719236008437,0.0,0.46198217094913474,0.9554273728369166,-0.5874990102636108,-0.056394565989101975,0.4218429397500466,1.0,train,38,24949259015_attempt1+24952032748_attempt1+24986940107_attempt1+25044896828_attempt1+25100490855_attempt1+25157440693_attempt1+25208977834_attempt1+25247789591_attempt1+25274678535_attempt1+25311264469_attempt1+25367630341_attempt1+25427145257_attempt1+25487949887_attempt1+25545252940_attempt1+25596809734_attempt1+25624592440_attempt1+25665168591_attempt1+25791429807_attempt1+25852951350_attempt1+25911485679_attempt1+25957739510_attempt1+25986690554_attempt1+26029755017_attempt1+26091905404_attempt1+26156603287_attempt1+26221008452_attempt1+26357456273_attempt1+26709070227_attempt1+26709294970_attempt1+26755468029_attempt1+26832707302_attempt1+26944523023_attempt1+27008365180_attempt1+27059341408_attempt1+27089462916_attempt1+27130700451_attempt1+27199408085_attempt1+27269618919_attempt1+27340390720_attempt1+27410119221_attempt1,previous_v1
v1_adaptive_mix,v1_adaptive_mix,8,129.15096655516882,0.2915096655516882,0.0,1.0,,0.0,0.031631692069865824,0.5170068027210885,0.5170068027210885,,,,,validation,38,27464308599_attempt1,previous_v1
v1_adaptive_mix,v1_adaptive_mix,9,91.00089007468642,-0.08999109925313575,0.16398373082447218,0.6666666666666666,0.6484078341767963,-0.0865635838267057,0.0,0.04081632653061224,0.5102040816326531,,,,,test,38,27496226714_attempt1,previous_v1
classic_early_drop_down,classic_early_drop_down,786,41.00802225418439,-0.5899197774581562,0.8409528310321719,0.7201017811704835,0.9447895314505426,-0.2381412579678217,-0.008042512230405197,0.4509887487214456,1.0,-0.4895974605756811,-0.0632684959042209,0.40237922266618237,1.0,train,39,24949259015_attempt1+24952032748_attempt1+24986940107_attempt1+25044896828_attempt1+25100490855_attempt1+25157440693_attempt1+25208977834_attempt1+25247789591_attempt1+25274678535_attempt1+25311264469_attempt1+25367630341_attempt1+25427145257_attempt1+25487949887_attempt1+25545252940_attempt1+25596809734_attempt1+25624592440_attempt1+25665168591_attempt1+25791429807_attempt1+25852951350_attempt1+25911485679_attempt1+25957739510_attempt1+25986690554_attempt1+26029755017_attempt1+26091905404_attempt1+26156603287_attempt1+26221008452_attempt1+26357456273_attempt1+26709070227_attempt1+26709294970_attempt1+26755468029_attempt1+26832707302_attempt1+26944523023_attempt1+27008365180_attempt1+27059341408_attempt1+27089462916_attempt1+27130700451_attempt1+27199408085_attempt1+27269618919_attempt1+27340390720_attempt1+27410119221_attempt1+27464308599_attempt1,classic_quant
classic_early_drop_down,classic_early_drop_down,20,116.39470677373704,0.16394706773737044,0.0795352033050664,0.8,1.8890678989002998,-0.026607551451098166,-0.012006664722864713,0.43537414965986393,1.0,,,,,validation,39,27496226714_attempt1,classic_quant
classic_early_drop_down,classic_early_drop_down,20,90.69659440474221,-0.09303405595257785,0.11770266655778074,0.7,0.6046401723126821,-0.10412222488697265,-0.013920311573421551,0.06802721088435375,1.0,,,,,test,39,27540844174_attempt1,classic_quant
game_pm_overshoot_fade_up,game_pm_overshoot_fade_up,556,5.302905304323199,-0.946970946956768,0.9724843905622684,0.30935251798561153,0.6423873555916767,-0.3086608254329507,-0.031709647244696604,0.37905506571285974,0.9933455331891532,-0.573983048100559,-0.1883602736401277,0.3012741107768537,1.0,train,40,24949259015_attempt1+24952032748_attempt1+24986940107_attempt1+25044896828_attempt1+25100490855_attempt1+25157440693_attempt1+25208977834_attempt1+25247789591_attempt1+25274678535_attempt1+25311264469_attempt1+25367630341_attempt1+25427145257_attempt1+25487949887_attempt1+25545252940_attempt1+25596809734_attempt1+25624592440_attempt1+25665168591_attempt1+25791429807_attempt1+25852951350_attempt1+25911485679_attempt1+25957739510_attempt1+25986690554_attempt1+26029755017_attempt1+26091905404_attempt1+26156603287_attempt1+26221008452_attempt1+26357456273_attempt1+26709070227_attempt1+26709294970_attempt1+26755468029_attempt1+26832707302_attempt1+26944523023_attempt1+27008365180_attempt1+27059341408_attempt1+27089462916_attempt1+27130700451_attempt1+27199408085_attempt1+27269618919_attempt1+27340390720_attempt1+27410119221_attempt1+27464308599_attempt1+27496226714_attempt1,game_theory
game_pm_overshoot_fade_up,game_pm_overshoot_fade_up,13,116.16780923974534,0.16167809239745345,0.10427310707720594,0.46153846153846156,1.5502219302667357,0.0029784616531711716,0.05059635527287343,1.0,1.0,,,,,validation,40,27540844174_attempt1,game_theory
game_pm_overshoot_fade_up,game_pm_overshoot_fade_up,18,129.64560207991812,0.2964560207991811,0.1359810553390993,0.4444444444444444,1.6765271886670907,-0.07675614385090257,0.3490230676910513,0.7619047619047619,1.0,,,,,test,40,27612222130_attempt1,game_theory
classic_breakout_up,classic_breakout_up,249,70.3305748512168,-0.296694251487832,0.5633997851146988,0.7590361445783133,0.8992931071667841,-0.1444582576495953,0.0,0.4791260558804418,0.8905133203378818,-0.30940859010311295,-0.015947776718937434,0.44038992408557626,1.0,train,41,24949259015_attempt1+24952032748_attempt1+24986940107_attempt1+25044896828_attempt1+25100490855_attempt1+25157440693_attempt1+25208977834_attempt1+25247789591_attempt1+25274678535_attempt1+25311264469_attempt1+25367630341_attempt1+25427145257_attempt1+25487949887_attempt1+25545252940_attempt1+25596809734_attempt1+25624592440_attempt1+25665168591_attempt1+25791429807_attempt1+25852951350_attempt1+25911485679_attempt1+25957739510_attempt1+25986690554_attempt1+26029755017_attempt1+26091905404_attempt1+26156603287_attempt1+26221008452_attempt1+26357456273_attempt1+26709070227_attempt1+26709294970_attempt1+26755468029_attempt1+26832707302_attempt1+26944523023_attempt1+27008365180_attempt1+27059341408_attempt1+27089462916_attempt1+27130700451_attempt1+27199408085_attempt1+27269618919_attempt1+27340390720_attempt1+27410119221_attempt1+27464308599_attempt1+27496226714_attempt1+27540844174_attempt1,classic_quant
classic_breakout_up,classic_breakout_up,5,119.29679345424398,0.19296793454243977,0.0,1.0,,0.0,0.17082664526484748,0.7619047619047619,0.7619047619047619,,,,,validation,41,27612222130_attempt1,classic_quant
classic_breakout_up,classic_breakout_up,9,110.61441584778873,0.10614415847788727,0.0,1.0,,0.01904308035714264,0.04555598653395787,1.0,1.0,,,,,test,41,27683808024_attempt1,classic_quant
classic_breakout_up,classic_breakout_up,254,83.90212061543856,-0.16097879384561442,0.5633997851146988,0.7637795275590551,0.9453589880527381,-0.1444582576495953,0.0,0.4883351848912871,0.8902555149976195,-0.30940859010311295,-0.01354520246488966,0.44849351960949335,1.0,train,42,24949259015_attempt1+24952032748_attempt1+24986940107_attempt1+25044896828_attempt1+25100490855_attempt1+25157440693_attempt1+25208977834_attempt1+25247789591_attempt1+25274678535_attempt1+25311264469_attempt1+25367630341_attempt1+25427145257_attempt1+25487949887_attempt1+25545252940_attempt1+25596809734_attempt1+25624592440_attempt1+25665168591_attempt1+25791429807_attempt1+25852951350_attempt1+25911485679_attempt1+25957739510_attempt1+25986690554_attempt1+26029755017_attempt1+26091905404_attempt1+26156603287_attempt1+26221008452_attempt1+26357456273_attempt1+26709070227_attempt1+26709294970_attempt1+26755468029_attempt1+26832707302_attempt1+26944523023_attempt1+27008365180_attempt1+27059341408_attempt1+27089462916_attempt1+27130700451_attempt1+27199408085_attempt1+27269618919_attempt1+27340390720_attempt1+27410119221_attempt1+27464308599_attempt1+27496226714_attempt1+27540844174_attempt1+27612222130_attempt1,classic_quant
classic_breakout_up,classic_breakout_up,9,110.61441584778873,0.10614415847788727,0.0,1.0,,0.01904308035714264,0.04555598653395787,1.0,1.0,,,,,validation,42,27683808024_attempt1,classic_quant
classic_breakout_up,classic_breakout_up,6,99.41130191636498,-0.005886980836350197,0.05060975609756098,0.8333333333333334,0.88432877123596,-0.03537957484175436,0.024816901408450498,0.7414965986394558,1.0,,,,,test,42,27754758156_attempt1,classic_quant
classic_early_drop_down,classic_early_drop_down,863,45.292786373421656,-0.5470721362657834,0.8409528310321719,0.7253765932792584,0.9501145539632122,-0.2381412579678217,-0.005823251038131638,0.46349033910142,1.0,-0.4895974605756811,-0.042121441324904696,0.41045450809566864,1.0,train,43,24949259015_attempt1+24952032748_attempt1+24986940107_attempt1+25044896828_attempt1+25100490855_attempt1+25157440693_attempt1+25208977834_attempt1+25247789591_attempt1+25274678535_attempt1+25311264469_attempt1+25367630341_attempt1+25427145257_attempt1+25487949887_attempt1+25545252940_attempt1+25596809734_attempt1+25624592440_attempt1+25665168591_attempt1+25791429807_attempt1+25852951350_attempt1+25911485679_attempt1+25957739510_attempt1+25986690554_attempt1+26029755017_attempt1+26091905404_attempt1+26156603287_attempt1+26221008452_attempt1+26357456273_attempt1+26709070227_attempt1+26709294970_attempt1+26755468029_attempt1+26832707302_attempt1+26944523023_attempt1+27008365180_attempt1+27059341408_attempt1+27089462916_attempt1+27130700451_attempt1+27199408085_attempt1+27269618919_attempt1+27340390720_attempt1+27410119221_attempt1+27464308599_attempt1+27496226714_attempt1+27540844174_attempt1+27612222130_attempt1+27683808024_attempt1,classic_quant
classic_early_drop_down,classic_early_drop_down,20,123.08923738480338,0.23089237384803374,0.0625248993517878,0.9,3.337204117915406,-0.03609805022886192,0.028056092326862903,0.8979591836734694,1.0,,,,,validation,43,27754758156_attempt1,classic_quant
classic_early_drop_down,classic_early_drop_down,20,108.49780232837284,0.0849780232837285,0.04597936343605161,0.85,1.6638816187101457,-0.03591938030980124,0.006320660722016536,0.6938775510204082,1.0,,,,,test,43,27821835753_attempt1,classic_quant
classic_early_drop_down,classic_early_drop_down,882,54.91794514901788,-0.45082054850982123,0.8409528310321719,0.7290249433106576,0.9590477276150943,-0.2381412579678217,-0.004783047276704755,0.4749184184564013,1.0,-0.4895974605756811,-0.0356710825718648,0.42417917636670144,1.0,train,44,24949259015_attempt1+24952032748_attempt1+24986940107_attempt1+25044896828_attempt1+25100490855_attempt1+25157440693_attempt1+25208977834_attempt1+25247789591_attempt1+25274678535_attempt1+25311264469_attempt1+25367630341_attempt1+25427145257_attempt1+25487949887_attempt1+25545252940_attempt1+25596809734_attempt1+25624592440_attempt1+25665168591_attempt1+25791429807_attempt1+25852951350_attempt1+25911485679_attempt1+25957739510_attempt1+25986690554_attempt1+26029755017_attempt1+26091905404_attempt1+26156603287_attempt1+26221008452_attempt1+26357456273_attempt1+26709070227_attempt1+26709294970_attempt1+26755468029_attempt1+26832707302_attempt1+26944523023_attempt1+27008365180_attempt1+27059341408_attempt1+27089462916_attempt1+27130700451_attempt1+27199408085_attempt1+27269618919_attempt1+27340390720_attempt1+27410119221_attempt1+27464308599_attempt1+27496226714_attempt1+27540844174_attempt1+27612222130_attempt1+27683808024_attempt1+27754758156_attempt1,classic_quant
classic_early_drop_down,classic_early_drop_down,20,108.49780232837284,0.0849780232837285,0.04597936343605161,0.85,1.6638816187101457,-0.03591938030980124,0.006320660722016536,0.6938775510204082,1.0,,,,,validation,44,27821835753_attempt1,classic_quant
classic_early_drop_down,classic_early_drop_down,20,105.00259490529109,0.05002594905291091,0.07951364305234401,0.8,1.295461810089777,-0.03033538461538443,0.013313140043352156,0.6301369863013698,1.0,,,,,test,44,27869277828_attempt1,classic_quant
classic_milddrop_down,classic_milddrop_down,651,18.15320607614861,-0.8184679392385139,0.8845412700032326,0.6374807987711214,0.8345519084749239,-0.3138263417933914,-0.010142734336845427,0.4583797430756664,1.0,-0.4803898035962698,-0.12529777915967788,0.2740252608456892,1.0,train,45,24949259015_attempt1+24952032748_attempt1+24986940107_attempt1+25044896828_attempt1+25100490855_attempt1+25157440693_attempt1+25208977834_attempt1+25247789591_attempt1+25274678535_attempt1+25311264469_attempt1+25367630341_attempt1+25427145257_attempt1+25487949887_attempt1+25545252940_attempt1+25596809734_attempt1+25624592440_attempt1+25665168591_attempt1+25791429807_attempt1+25852951350_attempt1+25911485679_attempt1+25957739510_attempt1+25986690554_attempt1+26029755017_attempt1+26091905404_attempt1+26156603287_attempt1+26221008452_attempt1+26357456273_attempt1+26709070227_attempt1+26709294970_attempt1+26755468029_attempt1+26832707302_attempt1+26944523023_attempt1+27008365180_attempt1+27059341408_attempt1+27089462916_attempt1+27130700451_attempt1+27199408085_attempt1+27269618919_attempt1+27340390720_attempt1+27410119221_attempt1+27464308599_attempt1+27496226714_attempt1+27540844174_attempt1+27612222130_attempt1+27683808024_attempt1+27754758156_attempt1+27821835753_attempt1,classic_quant
classic_milddrop_down,classic_milddrop_down,19,121.77822097363337,0.21778220973633378,0.06491133649316845,0.8421052631578947,2.222623005495701,0.04527194890474617,0.15868283319166787,1.0,1.0,,,,,validation,45,27869277828_attempt1,classic_quant
classic_milddrop_down,classic_milddrop_down,19,71.34323941847504,-0.28656760581524965,0.3828942291711736,0.47368421052631576,0.35810034727707984,-0.3055248370582322,-0.25020456403917113,0.0,1.0,,,,,test,45,27902430728_attempt1,classic_quant
classic_early_drop_down,classic_early_drop_down,922,56.1511787539338,-0.43848821246066205,0.8409528310321719,0.7310195227765727,0.960913332998766,-0.2381412579678217,-0.004783047276704755,0.47644664146554233,1.0,-0.4895974605756811,-0.027456632143137205,0.4497545259281988,1.0,train,46,24949259015_attempt1+24952032748_attempt1+24986940107_attempt1+25044896828_attempt1+25100490855_attempt1+25157440693_attempt1+25208977834_attempt1+25247789591_attempt1+25274678535_attempt1+25311264469_attempt1+25367630341_attempt1+25427145257_attempt1+25487949887_attempt1+25545252940_attempt1+25596809734_attempt1+25624592440_attempt1+25665168591_attempt1+25791429807_attempt1+25852951350_attempt1+25911485679_attempt1+25957739510_attempt1+25986690554_attempt1+26029755017_attempt1+26091905404_attempt1+26156603287_attempt1+26221008452_attempt1+26357456273_attempt1+26709070227_attempt1+26709294970_attempt1+26755468029_attempt1+26832707302_attempt1+26944523023_attempt1+27008365180_attempt1+27059341408_attempt1+27089462916_attempt1+27130700451_attempt1+27199408085_attempt1+27269618919_attempt1+27340390720_attempt1+27410119221_attempt1+27464308599_attempt1+27496226714_attempt1+27540844174_attempt1+27612222130_attempt1+27683808024_attempt1+27754758156_attempt1+27821835753_attempt1+27869277828_attempt1,classic_quant
classic_early_drop_down,classic_early_drop_down,20,103.64180895609621,0.03641808956096204,0.05099497376260155,0.8,1.2145708407445792,-0.05099497376260176,-0.02565914832891003,0.19310344827586207,1.0,,,,,validation,46,27902430728_attempt1,classic_quant
classic_early_drop_down,classic_early_drop_down,20,88.78798185621146,-0.11212018143788538,0.14855874815893658,0.65,0.5767087902670957,-0.1433451612076062,0.036449895985806835,0.7876712328767124,1.0,,,,,test,46,27948683312_attempt1,classic_quant
v1_active_fill_mix,v1_active_fill_mix,533,53.20117983728431,-0.46798820162715693,0.8310499743072455,0.6923076923076923,0.9565845128731781,-0.3293474528461784,0.0,0.46076616348618626,0.9514383366562233,-0.5241456673615685,-0.051352187319832376,0.41534073851696185,1.0,train,47,24949259015_attempt1+24952032748_attempt1+24986940107_attempt1+25044896828_attempt1+25100490855_attempt1+25157440693_attempt1+25208977834_attempt1+25247789591_attempt1+25274678535_attempt1+25311264469_attempt1+25367630341_attempt1+25427145257_attempt1+25487949887_attempt1+25545252940_attempt1+25596809734_attempt1+25624592440_attempt1+25665168591_attempt1+25791429807_attempt1+25852951350_attempt1+25911485679_attempt1+25957739510_attempt1+25986690554_attempt1+26029755017_attempt1+26091905404_attempt1+26156603287_attempt1+26221008452_attempt1+26357456273_attempt1+26709070227_attempt1+26709294970_attempt1+26755468029_attempt1+26832707302_attempt1+26944523023_attempt1+27008365180_attempt1+27059341408_attempt1+27089462916_attempt1+27130700451_attempt1+27199408085_attempt1+27269618919_attempt1+27340390720_attempt1+27410119221_attempt1+27464308599_attempt1+27496226714_attempt1+27540844174_attempt1+27612222130_attempt1+27683808024_attempt1+27754758156_attempt1+27821835753_attempt1+27869277828_attempt1+27902430728_attempt1,previous_v1
v1_active_fill_mix,v1_active_fill_mix,7,112.70129871225069,0.12701298712250697,0.06090909090909089,0.8571428571428571,3.019038158697696,0.0,0.012038903338820406,0.6027397260273972,0.6027397260273972,,,,,validation,47,27948683312_attempt1,previous_v1
v1_active_fill_mix,v1_active_fill_mix,17,94.04903934194161,-0.05950960658058391,0.21124688429359653,0.5882352941176471,0.8680895293065503,-0.17779287283432488,0.08566993603411532,0.7465753424657534,1.0,,,,,test,47,28022420503_attempt1,previous_v1
portfolio_conservative_v2,portfolio_conservative_v2,154,65.55899848243097,-0.34441001517569036,0.46625655117434806,0.6623376623376623,0.8395750280353727,-0.1615751509488511,0.0,0.330286750854671,0.6524802902393079,-0.24491352426219615,-0.02058098686519949,0.3834569896422537,1.0,train,48,24949259015_attempt1+24952032748_attempt1+24986940107_attempt1+25044896828_attempt1+25100490855_attempt1+25157440693_attempt1+25208977834_attempt1+25247789591_attempt1+25274678535_attempt1+25311264469_attempt1+25367630341_attempt1+25427145257_attempt1+25487949887_attempt1+25545252940_attempt1+25596809734_attempt1+25624592440_attempt1+25665168591_attempt1+25791429807_attempt1+25852951350_attempt1+25911485679_attempt1+25957739510_attempt1+25986690554_attempt1+26029755017_attempt1+26091905404_attempt1+26156603287_attempt1+26221008452_attempt1+26357456273_attempt1+26709070227_attempt1+26709294970_attempt1+26755468029_attempt1+26832707302_attempt1+26944523023_attempt1+27008365180_attempt1+27059341408_attempt1+27089462916_attempt1+27130700451_attempt1+27199408085_attempt1+27269618919_attempt1+27340390720_attempt1+27410119221_attempt1+27464308599_attempt1+27496226714_attempt1+27540844174_attempt1+27612222130_attempt1+27683808024_attempt1+27754758156_attempt1+27821835753_attempt1+27869277828_attempt1+27902430728_attempt1+27948683312_attempt1,portfolio
portfolio_conservative_v2,portfolio_conservative_v2,6,108.26943085002246,0.08269430850022452,0.0457627118644068,0.8333333333333334,2.668691290558328,-0.00018882729211078253,0.04775948827292131,0.6917808219178082,0.6986301369863014,,,,,validation,48,28022420503_attempt1,portfolio
portfolio_conservative_v2,portfolio_conservative_v2,7,100.47241205000614,0.004724120500061435,0.08977870129870123,0.7142857142857143,1.0483059347471662,-0.07764167729870153,0.004724120500061657,0.6054421768707483,1.0,,,,,test,48,28095005508_attempt1,portfolio
classic_sharpdrop_reversal_up,classic_sharpdrop_reversal_up,833,0.6944575019332739,-0.9930554249806672,0.9970091742298931,0.21968787515006002,0.8810251787278202,-0.3522571158795894,-0.07190446737557821,0.36328819586923816,1.0,-0.7767761640015531,-0.3263140910179225,0.23392317652136382,1.0,train,49,24949259015_attempt1+24952032748_attempt1+24986940107_attempt1+25044896828_attempt1+25100490855_attempt1+25157440693_attempt1+25208977834_attempt1+25247789591_attempt1+25274678535_attempt1+25311264469_attempt1+25367630341_attempt1+25427145257_attempt1+25487949887_attempt1+25545252940_attempt1+25596809734_attempt1+25624592440_attempt1+25665168591_attempt1+25791429807_attempt1+25852951350_attempt1+25911485679_attempt1+25957739510_attempt1+25986690554_attempt1+26029755017_attempt1+26091905404_attempt1+26156603287_attempt1+26221008452_attempt1+26357456273_attempt1+26709070227_attempt1+26709294970_attempt1+26755468029_attempt1+26832707302_attempt1+26944523023_attempt1+27008365180_attempt1+27059341408_attempt1+27089462916_attempt1+27130700451_attempt1+27199408085_attempt1+27269618919_attempt1+27340390720_attempt1+27410119221_attempt1+27464308599_attempt1+27496226714_attempt1+27540844174_attempt1+27612222130_attempt1+27683808024_attempt1+27754758156_attempt1+27821835753_attempt1+27869277828_attempt1+27902430728_attempt1+27948683312_attempt1+28022420503_attempt1,classic_quant
classic_sharpdrop_reversal_up,classic_sharpdrop_reversal_up,20,199.78041185659941,0.997804118565994,0.12055244040404035,0.5,2.4323658733586804,0.10372648399585538,0.31051006861984165,1.0,1.0,,,,,validation,49,28095005508_attempt1,classic_quant
classic_sharpdrop_reversal_up,classic_sharpdrop_reversal_up,18,81.7081333612723,-0.18291866638727694,0.2389186663872769,0.2222222222222222,0.6336445847039059,-0.2087896207330936,-0.07769472693599067,0.006802721088435374,1.0,,,,,test,49,28166886036_attempt1,classic_quant
classic_milddrop_down,classic_milddrop_down,735,14.17895068528314,-0.8582104931471686,0.9133228811901302,0.636734693877551,0.8347854219141799,-0.3138263417933914,-0.010142734336845427,0.4593615879828326,1.0,-0.4803898035962698,-0.13398199516400539,0.2753664036076663,1.0,train,50,24949259015_attempt1+24952032748_attempt1+24986940107_attempt1+25044896828_attempt1+25100490855_attempt1+25157440693_attempt1+25208977834_attempt1+25247789591_attempt1+25274678535_attempt1+25311264469_attempt1+25367630341_attempt1+25427145257_attempt1+25487949887_attempt1+25545252940_attempt1+25596809734_attempt1+25624592440_attempt1+25665168591_attempt1+25791429807_attempt1+25852951350_attempt1+25911485679_attempt1+25957739510_attempt1+25986690554_attempt1+26029755017_attempt1+26091905404_attempt1+26156603287_attempt1+26221008452_attempt1+26357456273_attempt1+26709070227_attempt1+26709294970_attempt1+26755468029_attempt1+26832707302_attempt1+26944523023_attempt1+27008365180_attempt1+27059341408_attempt1+27089462916_attempt1+27130700451_attempt1+27199408085_attempt1+27269618919_attempt1+27340390720_attempt1+27410119221_attempt1+27464308599_attempt1+27496226714_attempt1+27540844174_attempt1+27612222130_attempt1+27683808024_attempt1+27754758156_attempt1+27821835753_attempt1+27869277828_attempt1+27902430728_attempt1+27948683312_attempt1+28022420503_attempt1+28095005508_attempt1,classic_quant
classic_milddrop_down,classic_milddrop_down,14,126.86381357976575,0.2686381357976575,0.07332880562060894,0.8571428571428571,3.67439356107751,0.11167328346300942,0.2135924713964421,1.0,1.0,,,,,validation,50,28166886036_attempt1,classic_quant
classic_milddrop_down,classic_milddrop_down,16,90.41988058521584,-0.0958011941478416,0.20321478424317335,0.625,0.6622308577636015,-0.20321478424317374,-0.13320562229426713,0.08163265306122448,1.0,,,,,test,50,28235383560_attempt1,classic_quant
game_pm_overshoot_fade_up,game_pm_overshoot_fade_up,717,2.4860377683769053,-0.975139622316231,0.9754391343102246,0.3110181311018131,0.6618170583433451,-0.3086608254329507,-0.032928578206598336,0.37139850019734244,0.9947375345349296,-0.573983048100559,-0.18513804776317866,0.3319983427703356,1.0,train,51,24949259015_attempt1+24952032748_attempt1+24986940107_attempt1+25044896828_attempt1+25100490855_attempt1+25157440693_attempt1+25208977834_attempt1+25247789591_attempt1+25274678535_attempt1+25311264469_attempt1+25367630341_attempt1+25427145257_attempt1+25487949887_attempt1+25545252940_attempt1+25596809734_attempt1+25624592440_attempt1+25665168591_attempt1+25791429807_attempt1+25852951350_attempt1+25911485679_attempt1+25957739510_attempt1+25986690554_attempt1+26029755017_attempt1+26091905404_attempt1+26156603287_attempt1+26221008452_attempt1+26357456273_attempt1+26709070227_attempt1+26709294970_attempt1+26755468029_attempt1+26832707302_attempt1+26944523023_attempt1+27008365180_attempt1+27059341408_attempt1+27089462916_attempt1+27130700451_attempt1+27199408085_attempt1+27269618919_attempt1+27340390720_attempt1+27410119221_attempt1+27464308599_attempt1+27496226714_attempt1+27540844174_attempt1+27612222130_attempt1+27683808024_attempt1+27754758156_attempt1+27821835753_attempt1+27869277828_attempt1+27902430728_attempt1+27948683312_attempt1+28022420503_attempt1+28095005508_attempt1+28166886036_attempt1,game_theory
game_pm_overshoot_fade_up,game_pm_overshoot_fade_up,14,119.27285806760061,0.19272858067600618,0.10567993208828522,0.5,1.6773582809128502,0.07803983486118682,0.29586167942132735,1.0,1.0,,,,,validation,51,28235383560_attempt1,game_theory
game_pm_overshoot_fade_up,game_pm_overshoot_fade_up,20,126.2858345811658,0.262858345811658,0.2707319892292899,0.3,1.369934204760723,-0.22738949040088507,-0.12057608744880743,0.14285714285714285,1.0,,,,,test,51,28288053257_attempt1,game_theory
portfolio_micro_ts_mix,portfolio_micro_ts_mix,881,68.19294989387822,-0.3180705010612178,0.87035107377729,0.3598183881952327,0.9609988220492702,-0.2744551539713358,-0.006237107598959013,0.4687580686806094,0.9961915827523883,-0.4837358191703739,0.037568113621530785,0.5238288654210669,1.0,train,52,24949259015_attempt1+24952032748_attempt1+24986940107_attempt1+25044896828_attempt1+25100490855_attempt1+25157440693_attempt1+25208977834_attempt1+25247789591_attempt1+25274678535_attempt1+25311264469_attempt1+25367630341_attempt1+25427145257_attempt1+25487949887_attempt1+25545252940_attempt1+25596809734_attempt1+25624592440_attempt1+25665168591_attempt1+25791429807_attempt1+25852951350_attempt1+25911485679_attempt1+25957739510_attempt1+25986690554_attempt1+26029755017_attempt1+26091905404_attempt1+26156603287_attempt1+26221008452_attempt1+26357456273_attempt1+26709070227_attempt1+26709294970_attempt1+26755468029_attempt1+26832707302_attempt1+26944523023_attempt1+27008365180_attempt1+27059341408_attempt1+27089462916_attempt1+27130700451_attempt1+27199408085_attempt1+27269618919_attempt1+27340390720_attempt1+27410119221_attempt1+27464308599_attempt1+27496226714_attempt1+27540844174_attempt1+27612222130_attempt1+27683808024_attempt1+27754758156_attempt1+27821835753_attempt1+27869277828_attempt1+27902430728_attempt1+27948683312_attempt1+28022420503_attempt1+28095005508_attempt1+28166886036_attempt1+28235383560_attempt1,portfolio
portfolio_micro_ts_mix,portfolio_micro_ts_mix,20,162.73628077918175,0.6273628077918176,0.09029783022110205,0.45,2.267767490617026,-0.054526369137145925,0.1128178261826569,0.9523809523809523,1.0,,,,,validation,52,28288053257_attempt1,portfolio
portfolio_micro_ts_mix,portfolio_micro_ts_mix,14,97.02936963763541,-0.029706303623645902,0.14309062524519114,0.35714285714285715,0.8962371208518348,-0.10182367377673573,-0.013342983703226396,0.3741496598639456,1.0,,,,,test,52,28321073325_attempt1,portfolio
v1_adaptive_mix,v1_adaptive_mix,491,46.13960763956485,-0.5386039236043515,0.8799585651798537,0.6883910386965377,0.9475114030006317,-0.34561719236008437,0.0,0.4735141300215435,0.9467114434165504,-0.5874990102636108,-0.02776302968082267,0.4585712388792989,1.0,train,53,24949259015_attempt1+24952032748_attempt1+24986940107_attempt1+25044896828_attempt1+25100490855_attempt1+25157440693_attempt1+25208977834_attempt1+25247789591_attempt1+25274678535_attempt1+25311264469_attempt1+25367630341_attempt1+25427145257_attempt1+25487949887_attempt1+25545252940_attempt1+25596809734_attempt1+25624592440_attempt1+25665168591_attempt1+25791429807_attempt1+25852951350_attempt1+25911485679_attempt1+25957739510_attempt1+25986690554_attempt1+26029755017_attempt1+26091905404_attempt1+26156603287_attempt1+26221008452_attempt1+26357456273_attempt1+26709070227_attempt1+26709294970_attempt1+26755468029_attempt1+26832707302_attempt1+26944523023_attempt1+27008365180_attempt1+27059341408_attempt1+27089462916_attempt1+27130700451_attempt1+27199408085_attempt1+27269618919_attempt1+27340390720_attempt1+27410119221_attempt1+27464308599_attempt1+27496226714_attempt1+27540844174_attempt1+27612222130_attempt1+27683808024_attempt1+27754758156_attempt1+27821835753_attempt1+27869277828_attempt1+27902430728_attempt1+27948683312_attempt1+28022420503_attempt1+28095005508_attempt1+28166886036_attempt1+28235383560_attempt1+28288053257_attempt1,previous_v1
v1_adaptive_mix,v1_adaptive_mix,6,116.29334399661022,0.1629334399661022,0.0,1.0,,0.010645365168538978,0.02123797898535118,1.0,1.0,,,,,validation,53,28321073325_attempt1,previous_v1
v1_adaptive_mix,v1_adaptive_mix,10,105.55481324805797,0.05554813248057977,0.16867657981525552,0.7,1.1871900595733462,-0.08466114208843378,0.09340389976124386,0.7619047619047619,1.0,,,,,test,53,28369678027_attempt1,previous_v1
classic_breakout_up,classic_breakout_up,330,71.72279660093452,-0.28277203399065487,0.5633997851146988,0.7757575757575758,0.9204771914153704,-0.16007748032767022,0.0017562535482988917,0.501244400199104,0.9020657043305127,-0.30940859010311295,-0.015947776718937434,0.4428087545596665,1.0,train,54,24949259015_attempt1+24952032748_attempt1+24986940107_attempt1+25044896828_attempt1+25100490855_attempt1+25157440693_attempt1+25208977834_attempt1+25247789591_attempt1+25274678535_attempt1+25311264469_attempt1+25367630341_attempt1+25427145257_attempt1+25487949887_attempt1+25545252940_attempt1+25596809734_attempt1+25624592440_attempt1+25665168591_attempt1+25791429807_attempt1+25852951350_attempt1+25911485679_attempt1+25957739510_attempt1+25986690554_attempt1+26029755017_attempt1+26091905404_attempt1+26156603287_attempt1+26221008452_attempt1+26357456273_attempt1+26709070227_attempt1+26709294970_attempt1+26755468029_attempt1+26832707302_attempt1+26944523023_attempt1+27008365180_attempt1+27059341408_attempt1+27089462916_attempt1+27130700451_attempt1+27199408085_attempt1+27269618919_attempt1+27340390720_attempt1+27410119221_attempt1+27464308599_attempt1+27496226714_attempt1+27540844174_attempt1+27612222130_attempt1+27683808024_attempt1+27754758156_attempt1+27821835753_attempt1+27869277828_attempt1+27902430728_attempt1+27948683312_attempt1+28022420503_attempt1+28095005508_attempt1+28166886036_attempt1+28235383560_attempt1+28288053257_attempt1+28321073325_attempt1,classic_quant
classic_breakout_up,classic_breakout_up,6,107.37074674444142,0.07370746744441425,0.0,1.0,,0.03258435017766792,0.05217335846062299,1.0,1.0,,,,,validation,54,28369678027_attempt1,classic_quant
classic_breakout_up,classic_breakout_up,7,117.94550884219983,0.1794550884219983,0.0,1.0,,0.007558139534883823,0.17060747379448182,1.0,1.0,,,,,test,54,28442123818_attempt1,classic_quant
classic_early_drop_down,classic_early_drop_down,1094,59.74826979346446,-0.4025173020653554,0.8409528310321719,0.7349177330895795,0.9669874810695543,-0.2381412579678217,-0.00142628962442648,0.49193252658599196,1.0,-0.4895974605756811,-0.012163118011913054,0.4773046924945659,1.0,train,55,24949259015_attempt1+24952032748_attempt1+24986940107_attempt1+25044896828_attempt1+25100490855_attempt1+25157440693_attempt1+25208977834_attempt1+25247789591_attempt1+25274678535_attempt1+25311264469_attempt1+25367630341_attempt1+25427145257_attempt1+25487949887_attempt1+25545252940_attempt1+25596809734_attempt1+25624592440_attempt1+25665168591_attempt1+25791429807_attempt1+25852951350_attempt1+25911485679_attempt1+25957739510_attempt1+25986690554_attempt1+26029755017_attempt1+26091905404_attempt1+26156603287_attempt1+26221008452_attempt1+26357456273_attempt1+26709070227_attempt1+26709294970_attempt1+26755468029_attempt1+26832707302_attempt1+26944523023_attempt1+27008365180_attempt1+27059341408_attempt1+27089462916_attempt1+27130700451_attempt1+27199408085_attempt1+27269618919_attempt1+27340390720_attempt1+27410119221_attempt1+27464308599_attempt1+27496226714_attempt1+27540844174_attempt1+27612222130_attempt1+27683808024_attempt1+27754758156_attempt1+27821835753_attempt1+27869277828_attempt1+27902430728_attempt1+27948683312_attempt1+28022420503_attempt1+28095005508_attempt1+28166886036_attempt1+28235383560_attempt1+28288053257_attempt1+28321073325_attempt1+28369678027_attempt1,classic_quant
classic_early_drop_down,classic_early_drop_down,20,108.03579828919405,0.08035798289194052,0.07433790373865692,0.8,1.467819579643345,-0.005270688597385553,0.010420816033190894,0.9591836734693877,1.0,,,,,validation,55,28442123818_attempt1,classic_quant
classic_early_drop_down,classic_early_drop_down,20,76.14648170303495,-0.23853518296965048,0.2683681317340147,0.5,0.3151321640529687,-0.22793470949176964,-0.013730022069640024,0.0958904109589041,1.0,,,,,test,55,28515647330_attempt1,classic_quant
portfolio_micro_ts_mix,portfolio_micro_ts_mix,947,59.381696670728495,-0.4061830332927151,0.87035107377729,0.35691657866948256,0.9553560761718424,-0.2744551539713358,-0.006118177811148429,0.4708143165986068,0.9964568820562094,-0.4837358191703739,0.001763290602087908,0.5010670348983178,1.0,train,56,24949259015_attempt1+24952032748_attempt1+24986940107_attempt1+25044896828_attempt1+25100490855_attempt1+25157440693_attempt1+25208977834_attempt1+25247789591_attempt1+25274678535_attempt1+25311264469_attempt1+25367630341_attempt1+25427145257_attempt1+25487949887_attempt1+25545252940_attempt1+25596809734_attempt1+25624592440_attempt1+25665168591_attempt1+25791429807_attempt1+25852951350_attempt1+25911485679_attempt1+25957739510_attempt1+25986690554_attempt1+26029755017_attempt1+26091905404_attempt1+26156603287_attempt1+26221008452_attempt1+26357456273_attempt1+26709070227_attempt1+26709294970_attempt1+26755468029_attempt1+26832707302_attempt1+26944523023_attempt1+27008365180_attempt1+27059341408_attempt1+27089462916_attempt1+27130700451_attempt1+27199408085_attempt1+27269618919_attempt1+27340390720_attempt1+27410119221_attempt1+27464308599_attempt1+27496226714_attempt1+27540844174_attempt1+27612222130_attempt1+27683808024_attempt1+27754758156_attempt1+27821835753_attempt1+27869277828_attempt1+27902430728_attempt1+27948683312_attempt1+28022420503_attempt1+28095005508_attempt1+28166886036_attempt1+28235383560_attempt1+28288053257_attempt1+28321073325_attempt1+28369678027_attempt1+28442123818_attempt1,portfolio
portfolio_micro_ts_mix,portfolio_micro_ts_mix,15,111.49066547596031,0.11490665475960316,0.0893967648190243,0.4,1.3660407434828952,-0.06655812123523097,0.005201506211311324,0.5068493150684932,1.0,,,,,validation,56,28515647330_attempt1,portfolio
portfolio_micro_ts_mix,portfolio_micro_ts_mix,18,62.00513564097253,-0.3799486435902747,0.39496500975098,0.05555555555555555,0.12763152327422736,-0.26944557260050506,-0.20255697614687052,0.0,1.0,,,,,test,56,28588281394_attempt1,portfolio
classic_milddrop_down,classic_milddrop_down,844,13.841638164791718,-0.8615836183520829,0.9133228811901302,0.6421800947867299,0.8422348301339342,-0.3138263417933914,-0.007623841649890051,0.4695708635853846,1.0,-0.4803898035962698,-0.10615078371601216,0.31693483755625423,1.0,train,57,24949259015_attempt1+24952032748_attempt1+24986940107_attempt1+25044896828_attempt1+25100490855_attempt1+25157440693_attempt1+25208977834_attempt1+25247789591_attempt1+25274678535_attempt1+25311264469_attempt1+25367630341_attempt1+25427145257_attempt1+25487949887_attempt1+25545252940_attempt1+25596809734_attempt1+25624592440_attempt1+25665168591_attempt1+25791429807_attempt1+25852951350_attempt1+25911485679_attempt1+25957739510_attempt1+25986690554_attempt1+26029755017_attempt1+26091905404_attempt1+26156603287_attempt1+26221008452_attempt1+26357456273_attempt1+26709070227_attempt1+26709294970_attempt1+26755468029_attempt1+26832707302_attempt1+26944523023_attempt1+27008365180_attempt1+27059341408_attempt1+27089462916_attempt1+27130700451_attempt1+27199408085_attempt1+27269618919_attempt1+27340390720_attempt1+27410119221_attempt1+27464308599_attempt1+27496226714_attempt1+27540844174_attempt1+27612222130_attempt1+27683808024_attempt1+27754758156_attempt1+27821835753_attempt1+27869277828_attempt1+27902430728_attempt1+27948683312_attempt1+28022420503_attempt1+28095005508_attempt1+28166886036_attempt1+28235383560_attempt1+28288053257_attempt1+28321073325_attempt1+28369678027_attempt1+28442123818_attempt1+28515647330_attempt1,classic_quant
classic_milddrop_down,classic_milddrop_down,16,125.96433131741304,0.2596433131741305,0.09893299549549539,0.875,3.6244359818858616,0.03177376397170084,0.1639161214920024,1.0,1.0,,,,,validation,57,28588281394_attempt1,classic_quant
classic_milddrop_down,classic_milddrop_down,16,106.44535023201921,0.06445350232019198,0.14448810958904118,0.8125,1.4169936959150229,-0.08587062064395612,-0.03791332888368748,0.36054421768707484,1.0,,,,,test,57,28659365605_attempt1,classic_quant
classic_early_drop_down,classic_early_drop_down,1154,53.08366628833172,-0.4691633371166828,0.8409528310321719,0.7357019064124783,0.9625928800212284,-0.2381412579678217,-0.0026755799731915664,0.4872315728380731,1.0,-0.4895974605756811,-0.015589864818322252,0.46698970321017563,1.0,train,58,24949259015_attempt1+24952032748_attempt1+24986940107_attempt1+25044896828_attempt1+25100490855_attempt1+25157440693_attempt1+25208977834_attempt1+25247789591_attempt1+25274678535_attempt1+25311264469_attempt1+25367630341_attempt1+25427145257_attempt1+25487949887_attempt1+25545252940_attempt1+25596809734_attempt1+25624592440_attempt1+25665168591_attempt1+25791429807_attempt1+25852951350_attempt1+25911485679_attempt1+25957739510_attempt1+25986690554_attempt1+26029755017_attempt1+26091905404_attempt1+26156603287_attempt1+26221008452_attempt1+26357456273_attempt1+26709070227_attempt1+26709294970_attempt1+26755468029_attempt1+26832707302_attempt1+26944523023_attempt1+27008365180_attempt1+27059341408_attempt1+27089462916_attempt1+27130700451_attempt1+27199408085_attempt1+27269618919_attempt1+27340390720_attempt1+27410119221_attempt1+27464308599_attempt1+27496226714_attempt1+27540844174_attempt1+27612222130_attempt1+27683808024_attempt1+27754758156_attempt1+27821835753_attempt1+27869277828_attempt1+27902430728_attempt1+27948683312_attempt1+28022420503_attempt1+28095005508_attempt1+28166886036_attempt1+28235383560_attempt1+28288053257_attempt1+28321073325_attempt1+28369678027_attempt1+28442123818_attempt1+28515647330_attempt1+28588281394_attempt1,classic_quant
classic_early_drop_down,classic_early_drop_down,20,109.43597346279188,0.0943597346279188,0.040689655172413845,0.85,1.7285952488671579,-0.014510872618980541,0.02172735911953705,0.7278911564625851,1.0,,,,,validation,58,28659365605_attempt1,classic_quant
classic_early_drop_down,classic_early_drop_down,20,85.60591437047347,-0.14394085629526532,0.18717060149895476,0.65,0.4620113411544914,-0.15200857324893746,-0.05805069038068944,0.1292517006802721,1.0,,,,,test,58,28705739897_attempt1,classic_quant
portfolio_micro_ts_mix,portfolio_micro_ts_mix,998,33.44310500153695,-0.6655689499846305,0.87035107377729,0.3496993987975952,0.9315385520064121,-0.2744551539713358,-0.0110354942884473,0.457134703196347,0.9966324200913242,-0.542164011848292,-0.010895282929630046,0.4917261904761905,1.0,train,59,24949259015_attempt1+24952032748_attempt1+24986940107_attempt1+25044896828_attempt1+25100490855_attempt1+25157440693_attempt1+25208977834_attempt1+25247789591_attempt1+25274678535_attempt1+25311264469_attempt1+25367630341_attempt1+25427145257_attempt1+25487949887_attempt1+25545252940_attempt1+25596809734_attempt1+25624592440_attempt1+25665168591_attempt1+25791429807_attempt1+25852951350_attempt1+25911485679_attempt1+25957739510_attempt1+25986690554_attempt1+26029755017_attempt1+26091905404_attempt1+26156603287_attempt1+26221008452_attempt1+26357456273_attempt1+26709070227_attempt1+26709294970_attempt1+26755468029_attempt1+26832707302_attempt1+26944523023_attempt1+27008365180_attempt1+27059341408_attempt1+27089462916_attempt1+27130700451_attempt1+27199408085_attempt1+27269618919_attempt1+27340390720_attempt1+27410119221_attempt1+27464308599_attempt1+27496226714_attempt1+27540844174_attempt1+27612222130_attempt1+27683808024_attempt1+27754758156_attempt1+27821835753_attempt1+27869277828_attempt1+27902430728_attempt1+27948683312_attempt1+28022420503_attempt1+28095005508_attempt1+28166886036_attempt1+28235383560_attempt1+28288053257_attempt1+28321073325_attempt1+28369678027_attempt1+28442123818_attempt1+28515647330_attempt1+28588281394_attempt1+28659365605_attempt1,portfolio
portfolio_micro_ts_mix,portfolio_micro_ts_mix,20,160.29850937787145,0.6029850937787145,0.06107133333333338,0.55,2.939777961802794,0.1123062335019902,0.256988132878172,1.0,1.0,,,,,validation,59,28705739897_attempt1,portfolio
portfolio_micro_ts_mix,portfolio_micro_ts_mix,20,85.75243446531937,-0.14247565534680628,0.2399870002539045,0.25,0.6749310207951695,-0.1884998527150339,-0.11785812823708697,0.09523809523809523,1.0,,,,,test,59,28740396418_attempt1,portfolio
game_pm_squeeze_fade_down,game_pm_squeeze_fade_down,833,4.8353132464389175,-0.9516468675356108,0.9684493562621105,0.31812725090036015,0.855775819071827,-0.30932581177955654,-0.02525197750210262,0.38731049971925885,0.9841661987647389,-0.5991797493457817,-0.11639673148636265,0.34511410181392627,1.0,train,60,24949259015_attempt1+24952032748_attempt1+24986940107_attempt1+25044896828_attempt1+25100490855_attempt1+25157440693_attempt1+25208977834_attempt1+25247789591_attempt1+25274678535_attempt1+25311264469_attempt1+25367630341_attempt1+25427145257_attempt1+25487949887_attempt1+25545252940_attempt1+25596809734_attempt1+25624592440_attempt1+25665168591_attempt1+25791429807_attempt1+25852951350_attempt1+25911485679_attempt1+25957739510_attempt1+25986690554_attempt1+26029755017_attempt1+26091905404_attempt1+26156603287_attempt1+26221008452_attempt1+26357456273_attempt1+26709070227_attempt1+26709294970_attempt1+26755468029_attempt1+26832707302_attempt1+26944523023_attempt1+27008365180_attempt1+27059341408_attempt1+27089462916_attempt1+27130700451_attempt1+27199408085_attempt1+27269618919_attempt1+27340390720_attempt1+27410119221_attempt1+27464308599_attempt1+27496226714_attempt1+27540844174_attempt1+27612222130_attempt1+27683808024_attempt1+27754758156_attempt1+27821835753_attempt1+27869277828_attempt1+27902430728_attempt1+27948683312_attempt1+28022420503_attempt1+28095005508_attempt1+28166886036_attempt1+28235383560_attempt1+28288053257_attempt1+28321073325_attempt1+28369678027_attempt1+28442123818_attempt1+28515647330_attempt1+28588281394_attempt1+28659365605_attempt1+28705739897_attempt1,game_theory
game_pm_squeeze_fade_down,game_pm_squeeze_fade_down,20,116.7501356049521,0.1675013560495211,0.13714454031933576,0.45,1.3816328510618583,0.04002869490634575,0.17342456245736027,1.0,1.0,,,,,validation,60,28740396418_attempt1,game_theory
game_pm_squeeze_fade_down,game_pm_squeeze_fade_down,15,85.81939926435437,-0.1418060073564562,0.2588419586802709,0.2,0.6834549588667727,-0.16795069552116715,-0.04172467394540935,0.21768707482993196,1.0,,,,,test,60,28847404575_attempt1,game_theory
classic_early_drop_down,classic_early_drop_down,1210,45.85391082767028,-0.5414608917232971,0.8409528310321719,0.7347107438016529,0.9579686757010692,-0.2381412579678217,-0.004603799892465399,0.48,1.0,-0.4895974605756811,-0.018076459986872906,0.4586306098964327,1.0,train,61,24949259015_attempt1+24952032748_attempt1+24986940107_attempt1+25044896828_attempt1+25100490855_attempt1+25157440693_attempt1+25208977834_attempt1+25247789591_attempt1+25274678535_attempt1+25311264469_attempt1+25367630341_attempt1+25427145257_attempt1+25487949887_attempt1+25545252940_attempt1+25596809734_attempt1+25624592440_attempt1+25665168591_attempt1+25791429807_attempt1+25852951350_attempt1+25911485679_attempt1+25957739510_attempt1+25986690554_attempt1+26029755017_attempt1+26091905404_attempt1+26156603287_attempt1+26221008452_attempt1+26357456273_attempt1+26709070227_attempt1+26709294970_attempt1+26755468029_attempt1+26832707302_attempt1+26944523023_attempt1+27008365180_attempt1+27059341408_attempt1+27089462916_attempt1+27130700451_attempt1+27199408085_attempt1+27269618919_attempt1+27340390720_attempt1+27410119221_attempt1+27464308599_attempt1+27496226714_attempt1+27540844174_attempt1+27612222130_attempt1+27683808024_attempt1+27754758156_attempt1+27821835753_attempt1+27869277828_attempt1+27902430728_attempt1+27948683312_attempt1+28022420503_attempt1+28095005508_attempt1+28166886036_attempt1+28235383560_attempt1+28288053257_attempt1+28321073325_attempt1+28369678027_attempt1+28442123818_attempt1+28515647330_attempt1+28588281394_attempt1+28659365605_attempt1+28705739897_attempt1+28740396418_attempt1,classic_quant
classic_early_drop_down,classic_early_drop_down,20,107.1384939018935,0.07138493901893495,0.043850536249451094,0.8,1.4051159716082553,0.00601117902379289,0.011136154895278638,1.0,1.0,,,,,validation,61,28847404575_attempt1,classic_quant
classic_early_drop_down,classic_early_drop_down,20,88.98491343281057,-0.11015086567189425,0.13577646807983038,0.65,0.6090429953590359,-0.09641445018908745,-0.09641445018908745,0.19727891156462585,1.0,,,,,test,61,28923778969_attempt1,classic_quant
v1_active_fill_mix,v1_active_fill_mix,709,80.85056062655026,-0.1914943937344974,0.8329426409654311,0.7023977433004231,0.9848377084183348,-0.3293474528461784,0.0,0.4840674279499728,0.9548667754214247,-0.5241456673615685,-0.013490279391437321,0.48590831918505945,1.0,train,62,24949259015_attempt1+24952032748_attempt1+24986940107_attempt1+25044896828_attempt1+25100490855_attempt1+25157440693_attempt1+25208977834_attempt1+25247789591_attempt1+25274678535_attempt1+25311264469_attempt1+25367630341_attempt1+25427145257_attempt1+25487949887_attempt1+25545252940_attempt1+25596809734_attempt1+25624592440_attempt1+25665168591_attempt1+25791429807_attempt1+25852951350_attempt1+25911485679_attempt1+25957739510_attempt1+25986690554_attempt1+26029755017_attempt1+26091905404_attempt1+26156603287_attempt1+26221008452_attempt1+26357456273_attempt1+26709070227_attempt1+26709294970_attempt1+26755468029_attempt1+26832707302_attempt1+26944523023_attempt1+27008365180_attempt1+27059341408_attempt1+27089462916_attempt1+27130700451_attempt1+27199408085_attempt1+27269618919_attempt1+27340390720_attempt1+27410119221_attempt1+27464308599_attempt1+27496226714_attempt1+27540844174_attempt1+27612222130_attempt1+27683808024_attempt1+27754758156_attempt1+27821835753_attempt1+27869277828_attempt1+27902430728_attempt1+27948683312_attempt1+28022420503_attempt1+28095005508_attempt1+28166886036_attempt1+28235383560_attempt1+28288053257_attempt1+28321073325_attempt1+28369678027_attempt1+28442123818_attempt1+28515647330_attempt1+28588281394_attempt1+28659365605_attempt1+28705739897_attempt1+28740396418_attempt1+28847404575_attempt1,previous_v1
v1_active_fill_mix,v1_active_fill_mix,15,126.48356607047202,0.2648356607047202,0.09710027083242494,0.8666666666666667,2.752272743619047,-0.03238369734820168,0.0695850009337069,0.8435374149659864,1.0,,,,,validation,62,28923778969_attempt1,previous_v1
v1_active_fill_mix,v1_active_fill_mix,12,98.63199976186986,-0.013680002381301404,0.14770169073745523,0.6666666666666666,0.9421973517623645,-0.14291931833738936,-0.015277800479334691,0.3673469387755102,1.0,,,,,test,62,29000291038_attempt1,previous_v1
classic_breakout_up,classic_breakout_up,375,99.86989888144572,-0.001301011185542822,0.5633997851146988,0.792,0.999651557791845,-0.16007748032767022,0.00561797752808979,0.5293361884368308,0.8950749464668094,-0.30940859010311295,0.0009811395342151918,0.5061247216035635,1.0,train,63,24949259015_attempt1+24952032748_attempt1+24986940107_attempt1+25044896828_attempt1+25100490855_attempt1+25157440693_attempt1+25208977834_attempt1+25247789591_attempt1+25274678535_attempt1+25311264469_attempt1+25367630341_attempt1+25427145257_attempt1+25487949887_attempt1+25545252940_attempt1+25596809734_attempt1+25624592440_attempt1+25665168591_attempt1+25791429807_attempt1+25852951350_attempt1+25911485679_attempt1+25957739510_attempt1+25986690554_attempt1+26029755017_attempt1+26091905404_attempt1+26156603287_attempt1+26221008452_attempt1+26357456273_attempt1+26709070227_attempt1+26709294970_attempt1+26755468029_attempt1+26832707302_attempt1+26944523023_attempt1+27008365180_attempt1+27059341408_attempt1+27089462916_attempt1+27130700451_attempt1+27199408085_attempt1+27269618919_attempt1+27340390720_attempt1+27410119221_attempt1+27464308599_attempt1+27496226714_attempt1+27540844174_attempt1+27612222130_attempt1+27683808024_attempt1+27754758156_attempt1+27821835753_attempt1+27869277828_attempt1+27902430728_attempt1+27948683312_attempt1+28022420503_attempt1+28095005508_attempt1+28166886036_attempt1+28235383560_attempt1+28288053257_attempt1+28321073325_attempt1+28369678027_attempt1+28442123818_attempt1+28515647330_attempt1+28588281394_attempt1+28659365605_attempt1+28705739897_attempt1+28740396418_attempt1+28847404575_attempt1+28923778969_attempt1,classic_quant
classic_breakout_up,classic_breakout_up,6,104.91888181306288,0.04918881813062881,0.0,1.0,,0.010646067415730043,0.01896903502974201,1.0,1.0,,,,,validation,63,29000291038_attempt1,classic_quant
classic_breakout_up,classic_breakout_up,0,100.0,0.0,0.0,,,0.0,0.0,0.0,0.0,,,,,test,63,29075660007_attempt1,classic_quant
timeseries_reversion_down,timeseries_reversion_down,1023,3.69054871884891e-05,-0.9999996309451281,0.9999997684894333,0.1104594330400782,0.7009084042146857,-0.36337331528005445,-0.13136570037576567,0.24839219820769637,0.9957828149710068,-0.8504606953270856,-0.49146723492717714,0.10367123287671233,1.0,train,64,24949259015_attempt1+24952032748_attempt1+24986940107_attempt1+25044896828_attempt1+25100490855_attempt1+25157440693_attempt1+25208977834_attempt1+25247789591_attempt1+25274678535_attempt1+25311264469_attempt1+25367630341_attempt1+25427145257_attempt1+25487949887_attempt1+25545252940_attempt1+25596809734_attempt1+25624592440_attempt1+25665168591_attempt1+25791429807_attempt1+25852951350_attempt1+25911485679_attempt1+25957739510_attempt1+25986690554_attempt1+26029755017_attempt1+26091905404_attempt1+26156603287_attempt1+26221008452_attempt1+26357456273_attempt1+26709070227_attempt1+26709294970_attempt1+26755468029_attempt1+26832707302_attempt1+26944523023_attempt1+27008365180_attempt1+27059341408_attempt1+27089462916_attempt1+27130700451_attempt1+27199408085_attempt1+27269618919_attempt1+27340390720_attempt1+27410119221_attempt1+27464308599_attempt1+27496226714_attempt1+27540844174_attempt1+27612222130_attempt1+27683808024_attempt1+27754758156_attempt1+27821835753_attempt1+27869277828_attempt1+27902430728_attempt1+27948683312_attempt1+28022420503_attempt1+28095005508_attempt1+28166886036_attempt1+28235383560_attempt1+28288053257_attempt1+28321073325_attempt1+28369678027_attempt1+28442123818_attempt1+28515647330_attempt1+28588281394_attempt1+28659365605_attempt1+28705739897_attempt1+28740396418_attempt1+28847404575_attempt1+28923778969_attempt1+29000291038_attempt1,time_series
timeseries_reversion_down,timeseries_reversion_down,12,138.9442062443291,0.38944206244329105,0.21509613997812507,0.16666666666666666,1.990083845783345,-0.06346872102795076,0.5533327933488021,0.8979591836734694,1.0,,,,,validation,64,29075660007_attempt1,time_series
timeseries_reversion_down,timeseries_reversion_down,10,80.90662771635135,-0.19093372283648646,0.1953357914865831,0.1,0.3900983229790507,-0.1953357914865832,-0.10401629586304628,0.0,1.0,,,,,test,64,29144058049_attempt1,time_series
classic_early_drop_down,classic_early_drop_down,1284,33.5423820069869,-0.6645761799301311,0.8575940078957799,0.7305295950155763,0.9500013952864182,-0.2381412579678217,-0.005330092715853052,0.4726895119418484,1.0,-0.4895974605756811,-0.03016598169253848,0.4299352750809062,1.0,train,65,24949259015_attempt1+24952032748_attempt1+24986940107_attempt1+25044896828_attempt1+25100490855_attempt1+25157440693_attempt1+25208977834_attempt1+25247789591_attempt1+25274678535_attempt1+25311264469_attempt1+25367630341_attempt1+25427145257_attempt1+25487949887_attempt1+25545252940_attempt1+25596809734_attempt1+25624592440_attempt1+25665168591_attempt1+25791429807_attempt1+25852951350_attempt1+25911485679_attempt1+25957739510_attempt1+25986690554_attempt1+26029755017_attempt1+26091905404_attempt1+26156603287_attempt1+26221008452_attempt1+26357456273_attempt1+26709070227_attempt1+26709294970_attempt1+26755468029_attempt1+26832707302_attempt1+26944523023_attempt1+27008365180_attempt1+27059341408_attempt1+27089462916_attempt1+27130700451_attempt1+27199408085_attempt1+27269618919_attempt1+27340390720_attempt1+27410119221_attempt1+27464308599_attempt1+27496226714_attempt1+27540844174_attempt1+27612222130_attempt1+27683808024_attempt1+27754758156_attempt1+27821835753_attempt1+27869277828_attempt1+27902430728_attempt1+27948683312_attempt1+28022420503_attempt1+28095005508_attempt1+28166886036_attempt1+28235383560_attempt1+28288053257_attempt1+28321073325_attempt1+28369678027_attempt1+28442123818_attempt1+28515647330_attempt1+28588281394_attempt1+28659365605_attempt1+28705739897_attempt1+28740396418_attempt1+28847404575_attempt1+28923778969_attempt1+29000291038_attempt1+29075660007_attempt1,classic_quant
classic_early_drop_down,classic_early_drop_down,17,108.5807097387832,0.08580709738783199,0.04051282051282047,0.8823529411764706,2.1389810967893577,-0.017200756087983993,0.01972759344510666,0.9657534246575342,1.0,,,,,validation,65,29144058049_attempt1,classic_quant
classic_early_drop_down,classic_early_drop_down,20,103.95016096448857,0.039501609644885693,0.07933760238272526,0.8,1.2444596119427878,-0.030499766125638872,0.06804748366578695,0.9448275862068966,1.0,,,,,test,65,29183942155_attempt1,classic_quant
v1_adaptive_mix,v1_adaptive_mix,622,69.4632540571921,-0.30536745942807897,0.8799585651798537,0.6993569131832797,0.9755236241088828,-0.4358669121136748,0.0,0.4934267737480178,0.953757225433526,-0.5874990102636108,0.013127692672538327,0.5223325720962345,1.0,train,66,24949259015_attempt1+24952032748_attempt1+24986940107_attempt1+25044896828_attempt1+25100490855_attempt1+25157440693_attempt1+25208977834_attempt1+25247789591_attempt1+25274678535_attempt1+25311264469_attempt1+25367630341_attempt1+25427145257_attempt1+25487949887_attempt1+25545252940_attempt1+25596809734_attempt1+25624592440_attempt1+25665168591_attempt1+25791429807_attempt1+25852951350_attempt1+25911485679_attempt1+25957739510_attempt1+25986690554_attempt1+26029755017_attempt1+26091905404_attempt1+26156603287_attempt1+26221008452_attempt1+26357456273_attempt1+26709070227_attempt1+26709294970_attempt1+26755468029_attempt1+26832707302_attempt1+26944523023_attempt1+27008365180_attempt1+27059341408_attempt1+27089462916_attempt1+27130700451_attempt1+27199408085_attempt1+27269618919_attempt1+27340390720_attempt1+27410119221_attempt1+27464308599_attempt1+27496226714_attempt1+27540844174_attempt1+27612222130_attempt1+27683808024_attempt1+27754758156_attempt1+27821835753_attempt1+27869277828_attempt1+27902430728_attempt1+27948683312_attempt1+28022420503_attempt1+28095005508_attempt1+28166886036_attempt1+28235383560_attempt1+28288053257_attempt1+28321073325_attempt1+28369678027_attempt1+28442123818_attempt1+28515647330_attempt1+28588281394_attempt1+28659365605_attempt1+28705739897_attempt1+28740396418_attempt1+28847404575_attempt1+28923778969_attempt1+29000291038_attempt1+29075660007_attempt1+29144058049_attempt1,previous_v1
v1_adaptive_mix,v1_adaptive_mix,7,112.96311228407103,0.12963112284071032,0.079305691458816,0.8571428571428571,2.5836994331946674,-0.01775376575406018,0.0,0.496551724137931,0.5586206896551724,,,,,validation,66,29183942155_attempt1,previous_v1
v1_adaptive_mix,v1_adaptive_mix,12,104.59171070494104,0.04591710704941043,0.09317350753819686,0.75,1.1693680997782434,-0.09317350753819686,-0.02426448990192176,0.3287671232876712,0.9931506849315068,,,,,test,66,29231728767_attempt1,previous_v1
classic_milddrop_down,classic_milddrop_down,1002,14.399650682329519,-0.8560034931767049,0.9169714084307155,0.6526946107784432,0.853999152100663,-0.33280595238339006,-0.0054409066251182026,0.47481978121691787,1.0,-0.4803898035962698,-0.08255353500543139,0.34257467175812106,1.0,train,67,24949259015_attempt1+24952032748_attempt1+24986940107_attempt1+25044896828_attempt1+25100490855_attempt1+25157440693_attempt1+25208977834_attempt1+25247789591_attempt1+25274678535_attempt1+25311264469_attempt1+25367630341_attempt1+25427145257_attempt1+25487949887_attempt1+25545252940_attempt1+25596809734_attempt1+25624592440_attempt1+25665168591_attempt1+25791429807_attempt1+25852951350_attempt1+25911485679_attempt1+25957739510_attempt1+25986690554_attempt1+26029755017_attempt1+26091905404_attempt1+26156603287_attempt1+26221008452_attempt1+26357456273_attempt1+26709070227_attempt1+26709294970_attempt1+26755468029_attempt1+26832707302_attempt1+26944523023_attempt1+27008365180_attempt1+27059341408_attempt1+27089462916_attempt1+27130700451_attempt1+27199408085_attempt1+27269618919_attempt1+27340390720_attempt1+27410119221_attempt1+27464308599_attempt1+27496226714_attempt1+27540844174_attempt1+27612222130_attempt1+27683808024_attempt1+27754758156_attempt1+27821835753_attempt1+27869277828_attempt1+27902430728_attempt1+27948683312_attempt1+28022420503_attempt1+28095005508_attempt1+28166886036_attempt1+28235383560_attempt1+28288053257_attempt1+28321073325_attempt1+28369678027_attempt1+28442123818_attempt1+28515647330_attempt1+28588281394_attempt1+28659365605_attempt1+28705739897_attempt1+28740396418_attempt1+28847404575_attempt1+28923778969_attempt1+29000291038_attempt1+29075660007_attempt1+29144058049_attempt1+29183942155_attempt1,classic_quant
classic_milddrop_down,classic_milddrop_down,20,116.2501780513092,0.16250178051309216,0.0508474576271187,0.8,1.7604742774635025,0.017585207051578955,0.07783633413188729,1.0,1.0,,,,,validation,67,29231728767_attempt1,classic_quant
classic_milddrop_down,classic_milddrop_down,20,89.78368827526633,-0.10216311724733673,0.1926040073446204,0.65,0.6950498125211952,-0.18212121322483665,-0.024116805409824194,0.4178082191780822,1.0,,,,,test,67,29314482071_attempt1,classic_quant
portfolio_micro_ts_mix,portfolio_micro_ts_mix,1163,31.83177224778862,-0.6816822775221139,0.87035107377729,0.3482373172828891,0.9400674290549127,-0.2744551539713358,-0.012848611831254186,0.4553314121037464,0.9970684686475206,-0.542164011848292,-0.005052598376056205,0.497629599093064,1.0,train,68,24949259015_attempt1+24952032748_attempt1+24986940107_attempt1+25044896828_attempt1+25100490855_attempt1+25157440693_attempt1+25208977834_attempt1+25247789591_attempt1+25274678535_attempt1+25311264469_attempt1+25367630341_attempt1+25427145257_attempt1+25487949887_attempt1+25545252940_attempt1+25596809734_attempt1+25624592440_attempt1+25665168591_attempt1+25791429807_attempt1+25852951350_attempt1+25911485679_attempt1+25957739510_attempt1+25986690554_attempt1+26029755017_attempt1+26091905404_attempt1+26156603287_attempt1+26221008452_attempt1+26357456273_attempt1+26709070227_attempt1+26709294970_attempt1+26755468029_attempt1+26832707302_attempt1+26944523023_attempt1+27008365180_attempt1+27059341408_attempt1+27089462916_attempt1+27130700451_attempt1+27199408085_attempt1+27269618919_attempt1+27340390720_attempt1+27410119221_attempt1+27464308599_attempt1+27496226714_attempt1+27540844174_attempt1+27612222130_attempt1+27683808024_attempt1+27754758156_attempt1+27821835753_attempt1+27869277828_attempt1+27902430728_attempt1+27948683312_attempt1+28022420503_attempt1+28095005508_attempt1+28166886036_attempt1+28235383560_attempt1+28288053257_attempt1+28321073325_attempt1+28369678027_attempt1+28442123818_attempt1+28515647330_attempt1+28588281394_attempt1+28659365605_attempt1+28705739897_attempt1+28740396418_attempt1+28847404575_attempt1+28923778969_attempt1+29000291038_attempt1+29075660007_attempt1+29144058049_attempt1+29183942155_attempt1+29231728767_attempt1,portfolio
portfolio_micro_ts_mix,portfolio_micro_ts_mix,20,118.29290486728378,0.18292904867283788,0.09003113900293251,0.45,1.5139233053211445,-0.05199353056738565,0.020122675857309646,0.8082191780821918,1.0,,,,,validation,68,29314482071_attempt1,portfolio
portfolio_micro_ts_mix,portfolio_micro_ts_mix,20,80.92700213166611,-0.19072997868333885,0.3061154553230591,0.25,0.5568273097291372,-0.1973411610072685,-0.12810257175118656,0.0,1.0,,,,,test,68,29397534768_attempt1,portfolio
classic_sharpdrop_reversal_up,classic_sharpdrop_reversal_up,1154,0.08334764512018658,-0.9991665235487981,0.9995789616486229,0.22010398613518198,0.8809620579018833,-0.3522571158795894,-0.07730519414948767,0.35552289982855745,1.0,-0.7767761640015531,-0.31841127235075617,0.2264026402640264,1.0,train,69,24949259015_attempt1+24952032748_attempt1+24986940107_attempt1+25044896828_attempt1+25100490855_attempt1+25157440693_attempt1+25208977834_attempt1+25247789591_attempt1+25274678535_attempt1+25311264469_attempt1+25367630341_attempt1+25427145257_attempt1+25487949887_attempt1+25545252940_attempt1+25596809734_attempt1+25624592440_attempt1+25665168591_attempt1+25791429807_attempt1+25852951350_attempt1+25911485679_attempt1+25957739510_attempt1+25986690554_attempt1+26029755017_attempt1+26091905404_attempt1+26156603287_attempt1+26221008452_attempt1+26357456273_attempt1+26709070227_attempt1+26709294970_attempt1+26755468029_attempt1+26832707302_attempt1+26944523023_attempt1+27008365180_attempt1+27059341408_attempt1+27089462916_attempt1+27130700451_attempt1+27199408085_attempt1+27269618919_attempt1+27340390720_attempt1+27410119221_attempt1+27464308599_attempt1+27496226714_attempt1+27540844174_attempt1+27612222130_attempt1+27683808024_attempt1+27754758156_attempt1+27821835753_attempt1+27869277828_attempt1+27902430728_attempt1+27948683312_attempt1+28022420503_attempt1+28095005508_attempt1+28166886036_attempt1+28235383560_attempt1+28288053257_attempt1+28321073325_attempt1+28369678027_attempt1+28442123818_attempt1+28515647330_attempt1+28588281394_attempt1+28659365605_attempt1+28705739897_attempt1+28740396418_attempt1+28847404575_attempt1+28923778969_attempt1+29000291038_attempt1+29075660007_attempt1+29144058049_attempt1+29183942155_attempt1+29231728767_attempt1+29314482071_attempt1,classic_quant
classic_sharpdrop_reversal_up,classic_sharpdrop_reversal_up,15,117.51352269503775,0.17513522695037742,0.11936871315453389,0.3333333333333333,1.3725055513362319,-0.048391160960039814,0.15514174804142788,0.9047619047619048,1.0,,,,,validation,69,29397534768_attempt1,classic_quant
classic_sharpdrop_reversal_up,classic_sharpdrop_reversal_up,20,55.73413831024938,-0.4426586168975062,0.4667610188456815,0.1,0.18705892056380377,-0.3507060830082046,-0.22281647383889602,0.0,1.0,,,,,test,69,29480427148_attempt1,classic_quant
v1_balanced_mix,v1_balanced_mix,683,64.38396316494655,-0.35616036835053455,0.8904213698350871,0.705710102489019,0.9744705993247912,-0.433229725361411,0.0,0.4909442163728568,0.947307413668196,-0.5949716739913757,0.027521788747156606,0.5280460345258944,1.0,train,70,24949259015_attempt1+24952032748_attempt1+24986940107_attempt1+25044896828_attempt1+25100490855_attempt1+25157440693_attempt1+25208977834_attempt1+25247789591_attempt1+25274678535_attempt1+25311264469_attempt1+25367630341_attempt1+25427145257_attempt1+25487949887_attempt1+25545252940_attempt1+25596809734_attempt1+25624592440_attempt1+25665168591_attempt1+25791429807_attempt1+25852951350_attempt1+25911485679_attempt1+25957739510_attempt1+25986690554_attempt1+26029755017_attempt1+26091905404_attempt1+26156603287_attempt1+26221008452_attempt1+26357456273_attempt1+26709070227_attempt1+26709294970_attempt1+26755468029_attempt1+26832707302_attempt1+26944523023_attempt1+27008365180_attempt1+27059341408_attempt1+27089462916_attempt1+27130700451_attempt1+27199408085_attempt1+27269618919_attempt1+27340390720_attempt1+27410119221_attempt1+27464308599_attempt1+27496226714_attempt1+27540844174_attempt1+27612222130_attempt1+27683808024_attempt1+27754758156_attempt1+27821835753_attempt1+27869277828_attempt1+27902430728_attempt1+27948683312_attempt1+28022420503_attempt1+28095005508_attempt1+28166886036_attempt1+28235383560_attempt1+28288053257_attempt1+28321073325_attempt1+28369678027_attempt1+28442123818_attempt1+28515647330_attempt1+28588281394_attempt1+28659365605_attempt1+28705739897_attempt1+28740396418_attempt1+28847404575_attempt1+28923778969_attempt1+29000291038_attempt1+29075660007_attempt1+29144058049_attempt1+29183942155_attempt1+29231728767_attempt1+29314482071_attempt1+29397534768_attempt1,previous_v1
v1_balanced_mix,v1_balanced_mix,12,151.37016041003233,0.5137016041003233,0.08123076923076925,0.9166666666666666,6.490614583016164,0.04583690330477341,0.172077462432916,1.0,1.0,,,,,validation,70,29480427148_attempt1,previous_v1
v1_balanced_mix,v1_balanced_mix,10,82.81517679061562,-0.1718482320938438,0.27455911650617487,0.6,0.5174026067092647,-0.2745591165061749,-0.17825667447306803,0.14285714285714285,1.0,,,,,test,70,29563821720_attempt1,previous_v1
game_pm_overshoot_fade_up,game_pm_overshoot_fade_up,1034,0.6880983925080987,-0.993119016074919,0.9934705991951787,0.30947775628626695,0.673944178712579,-0.3086608254329507,-0.035769376039090806,0.3729935698975947,0.9961895689449869,-0.573983048100559,-0.19373259892261374,0.2931196054254007,1.0,train,71,24949259015_attempt1+24952032748_attempt1+24986940107_attempt1+25044896828_attempt1+25100490855_attempt1+25157440693_attempt1+25208977834_attempt1+25247789591_attempt1+25274678535_attempt1+25311264469_attempt1+25367630341_attempt1+25427145257_attempt1+25487949887_attempt1+25545252940_attempt1+25596809734_attempt1+25624592440_attempt1+25665168591_attempt1+25791429807_attempt1+25852951350_attempt1+25911485679_attempt1+25957739510_attempt1+25986690554_attempt1+26029755017_attempt1+26091905404_attempt1+26156603287_attempt1+26221008452_attempt1+26357456273_attempt1+26709070227_attempt1+26709294970_attempt1+26755468029_attempt1+26832707302_attempt1+26944523023_attempt1+27008365180_attempt1+27059341408_attempt1+27089462916_attempt1+27130700451_attempt1+27199408085_attempt1+27269618919_attempt1+27340390720_attempt1+27410119221_attempt1+27464308599_attempt1+27496226714_attempt1+27540844174_attempt1+27612222130_attempt1+27683808024_attempt1+27754758156_attempt1+27821835753_attempt1+27869277828_attempt1+27902430728_attempt1+27948683312_attempt1+28022420503_attempt1+28095005508_attempt1+28166886036_attempt1+28235383560_attempt1+28288053257_attempt1+28321073325_attempt1+28369678027_attempt1+28442123818_attempt1+28515647330_attempt1+28588281394_attempt1+28659365605_attempt1+28705739897_attempt1+28740396418_attempt1+28847404575_attempt1+28923778969_attempt1+29000291038_attempt1+29075660007_attempt1+29144058049_attempt1+29183942155_attempt1+29231728767_attempt1+29314482071_attempt1+29397534768_attempt1+29480427148_attempt1,game_theory
game_pm_overshoot_fade_up,game_pm_overshoot_fade_up,16,164.19898263399776,0.6419898263399775,0.10454999403125198,0.5625,2.5856122154276027,0.12102831970109906,0.3375468896941314,1.0,1.0,,,,,validation,71,29563821720_attempt1,game_theory
game_pm_overshoot_fade_up,game_pm_overshoot_fade_up,14,78.19734332590464,-0.21802656674095355,0.2596240073790018,0.21428571428571427,0.3717413884261939,-0.17326811630762684,-0.09420887685365253,0.0,1.0,,,,,test,71,29636284636_attempt1,game_theory
classic_early_drop_down,classic_early_drop_down,1411,32.63152071898716,-0.6736847928101284,0.8812996608278765,0.7342310418143161,0.9507326375689832,-0.2381412579678217,-0.0026755799731915664,0.485882076579751,1.0,-0.4895974605756811,-0.03482773156978092,0.4165815706297107,1.0,train,72,24949259015_attempt1+24952032748_attempt1+24986940107_attempt1+25044896828_attempt1+25100490855_attempt1+25157440693_attempt1+25208977834_attempt1+25247789591_attempt1+25274678535_attempt1+25311264469_attempt1+25367630341_attempt1+25427145257_attempt1+25487949887_attempt1+25545252940_attempt1+25596809734_attempt1+25624592440_attempt1+25665168591_attempt1+25791429807_attempt1+25852951350_attempt1+25911485679_attempt1+25957739510_attempt1+25986690554_attempt1+26029755017_attempt1+26091905404_attempt1+26156603287_attempt1+26221008452_attempt1+26357456273_attempt1+26709070227_attempt1+26709294970_attempt1+26755468029_attempt1+26832707302_attempt1+26944523023_attempt1+27008365180_attempt1+27059341408_attempt1+27089462916_attempt1+27130700451_attempt1+27199408085_attempt1+27269618919_attempt1+27340390720_attempt1+27410119221_attempt1+27464308599_attempt1+27496226714_attempt1+27540844174_attempt1+27612222130_attempt1+27683808024_attempt1+27754758156_attempt1+27821835753_attempt1+27869277828_attempt1+27902430728_attempt1+27948683312_attempt1+28022420503_attempt1+28095005508_attempt1+28166886036_attempt1+28235383560_attempt1+28288053257_attempt1+28321073325_attempt1+28369678027_attempt1+28442123818_attempt1+28515647330_attempt1+28588281394_attempt1+28659365605_attempt1+28705739897_attempt1+28740396418_attempt1+28847404575_attempt1+28923778969_attempt1+29000291038_attempt1+29075660007_attempt1+29144058049_attempt1+29183942155_attempt1+29231728767_attempt1+29314482071_attempt1+29397534768_attempt1+29480427148_attempt1+29563821720_attempt1,classic_quant
classic_early_drop_down,classic_early_drop_down,13,109.39287769744553,0.09392877697445523,0.04051948051948057,0.9230769230769231,3.2337649405456683,0.020881496472328953,0.05954212765112599,1.0,1.0,,,,,validation,72,29636284636_attempt1,classic_quant
classic_early_drop_down,classic_early_drop_down,20,96.00100606849185,-0.039989939315081546,0.11295986963787627,0.75,0.8120958430579629,-0.10583435132394214,-0.04228368659536785,0.4315068493150685,1.0,,,,,test,72,29678766108_attempt1,classic_quant
classic_breakout_up,classic_breakout_up,408,89.92378704925781,-0.10076212950742192,0.5633997851146988,0.7892156862745098,0.9754002730291773,-0.16007748032767022,0.004999999999999893,0.5280430147399647,0.8809214795587281,-0.30940859010311295,0.0009811395342151918,0.5061379111920974,1.0,train,73,24949259015_attempt1+24952032748_attempt1+24986940107_attempt1+25044896828_attempt1+25100490855_attempt1+25157440693_attempt1+25208977834_attempt1+25247789591_attempt1+25274678535_attempt1+25311264469_attempt1+25367630341_attempt1+25427145257_attempt1+25487949887_attempt1+25545252940_attempt1+25596809734_attempt1+25624592440_attempt1+25665168591_attempt1+25791429807_attempt1+25852951350_attempt1+25911485679_attempt1+25957739510_attempt1+25986690554_attempt1+26029755017_attempt1+26091905404_attempt1+26156603287_attempt1+26221008452_attempt1+26357456273_attempt1+26709070227_attempt1+26709294970_attempt1+26755468029_attempt1+26832707302_attempt1+26944523023_attempt1+27008365180_attempt1+27059341408_attempt1+27089462916_attempt1+27130700451_attempt1+27199408085_attempt1+27269618919_attempt1+27340390720_attempt1+27410119221_attempt1+27464308599_attempt1+27496226714_attempt1+27540844174_attempt1+27612222130_attempt1+27683808024_attempt1+27754758156_attempt1+27821835753_attempt1+27869277828_attempt1+27902430728_attempt1+27948683312_attempt1+28022420503_attempt1+28095005508_attempt1+28166886036_attempt1+28235383560_attempt1+28288053257_attempt1+28321073325_attempt1+28369678027_attempt1+28442123818_attempt1+28515647330_attempt1+28588281394_attempt1+28659365605_attempt1+28705739897_attempt1+28740396418_attempt1+28847404575_attempt1+28923778969_attempt1+29000291038_attempt1+29075660007_attempt1+29144058049_attempt1+29183942155_attempt1+29231728767_attempt1+29314482071_attempt1+29397534768_attempt1+29480427148_attempt1+29563821720_attempt1+29636284636_attempt1,classic_quant
classic_breakout_up,classic_breakout_up,6,105.4067828548364,0.054067828548364005,0.0,1.0,,0.0,0.028339026162790937,0.7808219178082192,0.7808219178082192,,,,,validation,73,29678766108_attempt1,classic_quant
classic_breakout_up,classic_breakout_up,8,110.59568116050143,0.10595681160501425,0.0,1.0,,0.011903089887640439,0.027396015224893988,1.0,1.0,,,,,test,73,29726104371_attempt1,classic_quant
game_pm_squeeze_fade_down,game_pm_squeeze_fade_down,1060,1.7892167624845747,-0.9821078323751542,0.9889267478366289,0.310377358490566,0.8545466161592498,-0.30932581177955654,-0.0249230266910222,0.3954169144216256,0.9871014956776288,-0.5991797493457817,-0.11010722867672662,0.35203140519320814,1.0,train,74,24949259015_attempt1+24952032748_attempt1+24986940107_attempt1+25044896828_attempt1+25100490855_attempt1+25157440693_attempt1+25208977834_attempt1+25247789591_attempt1+25274678535_attempt1+25311264469_attempt1+25367630341_attempt1+25427145257_attempt1+25487949887_attempt1+25545252940_attempt1+25596809734_attempt1+25624592440_attempt1+25665168591_attempt1+25791429807_attempt1+25852951350_attempt1+25911485679_attempt1+25957739510_attempt1+25986690554_attempt1+26029755017_attempt1+26091905404_attempt1+26156603287_attempt1+26221008452_attempt1+26357456273_attempt1+26709070227_attempt1+26709294970_attempt1+26755468029_attempt1+26832707302_attempt1+26944523023_attempt1+27008365180_attempt1+27059341408_attempt1+27089462916_attempt1+27130700451_attempt1+27199408085_attempt1+27269618919_attempt1+27340390720_attempt1+27410119221_attempt1+27464308599_attempt1+27496226714_attempt1+27540844174_attempt1+27612222130_attempt1+27683808024_attempt1+27754758156_attempt1+27821835753_attempt1+27869277828_attempt1+27902430728_attempt1+27948683312_attempt1+28022420503_attempt1+28095005508_attempt1+28166886036_attempt1+28235383560_attempt1+28288053257_attempt1+28321073325_attempt1+28369678027_attempt1+28442123818_attempt1+28515647330_attempt1+28588281394_attempt1+28659365605_attempt1+28705739897_attempt1+28740396418_attempt1+28847404575_attempt1+28923778969_attempt1+29000291038_attempt1+29075660007_attempt1+29144058049_attempt1+29183942155_attempt1+29231728767_attempt1+29314482071_attempt1+29397534768_attempt1+29480427148_attempt1+29563821720_attempt1+29636284636_attempt1+29678766108_attempt1,game_theory
game_pm_squeeze_fade_down,game_pm_squeeze_fade_down,17,121.53796564879923,0.2153796564879924,0.10669509971621921,0.47058823529411764,1.6427241742111227,-0.07330689215412511,0.1709547152204678,0.7945205479452054,1.0,,,,,validation,74,29726104371_attempt1,game_theory
game_pm_squeeze_fade_down,game_pm_squeeze_fade_down,17,64.51888967462295,-0.3548111032537704,0.35481110325377047,0.11764705882352941,0.204874274222706,-0.3099082848370791,-0.24673981194372407,0.0,1.0,,,,,test,74,29812544557_attempt1,game_theory
portfolio_micro_ts_mix,portfolio_micro_ts_mix,1289,19.458475990101697,-0.805415240098983,0.87035107377729,0.34367726920093095,0.9335638601783345,-0.2744551539713358,-0.01824579059437792,0.444068255687974,0.9973365836041892,-0.542164011848292,-0.04422220849328323,0.4643057110862262,1.0,train,75,24949259015_attempt1+24952032748_attempt1+24986940107_attempt1+25044896828_attempt1+25100490855_attempt1+25157440693_attempt1+25208977834_attempt1+25247789591_attempt1+25274678535_attempt1+25311264469_attempt1+25367630341_attempt1+25427145257_attempt1+25487949887_attempt1+25545252940_attempt1+25596809734_attempt1+25624592440_attempt1+25665168591_attempt1+25791429807_attempt1+25852951350_attempt1+25911485679_attempt1+25957739510_attempt1+25986690554_attempt1+26029755017_attempt1+26091905404_attempt1+26156603287_attempt1+26221008452_attempt1+26357456273_attempt1+26709070227_attempt1+26709294970_attempt1+26755468029_attempt1+26832707302_attempt1+26944523023_attempt1+27008365180_attempt1+27059341408_attempt1+27089462916_attempt1+27130700451_attempt1+27199408085_attempt1+27269618919_attempt1+27340390720_attempt1+27410119221_attempt1+27464308599_attempt1+27496226714_attempt1+27540844174_attempt1+27612222130_attempt1+27683808024_attempt1+27754758156_attempt1+27821835753_attempt1+27869277828_attempt1+27902430728_attempt1+27948683312_attempt1+28022420503_attempt1+28095005508_attempt1+28166886036_attempt1+28235383560_attempt1+28288053257_attempt1+28321073325_attempt1+28369678027_attempt1+28442123818_attempt1+28515647330_attempt1+28588281394_attempt1+28659365605_attempt1+28705739897_attempt1+28740396418_attempt1+28847404575_attempt1+28923778969_attempt1+29000291038_attempt1+29075660007_attempt1+29144058049_attempt1+29183942155_attempt1+29231728767_attempt1+29314482071_attempt1+29397534768_attempt1+29480427148_attempt1+29563821720_attempt1+29636284636_attempt1+29678766108_attempt1+29726104371_attempt1,portfolio
portfolio_micro_ts_mix,portfolio_micro_ts_mix,17,105.25205531133048,0.052520553113304835,0.1175812286908361,0.35294117647058826,1.1585925464984623,-0.11301216611054765,-0.018195011042954623,0.4383561643835616,1.0,,,,,validation,75,29812544557_attempt1,portfolio
portfolio_micro_ts_mix,portfolio_micro_ts_mix,20,95.23053730586616,-0.0476946269413383,0.20484406359185273,0.3,0.9023882050587816,-0.15320843597255474,0.025052924292261247,0.5238095238095238,1.0,,,,,test,75,29902589491_attempt1,portfolio
classic_early_drop_down,classic_early_drop_down,1481,27.039969279581594,-0.7296003072041841,0.8812996608278765,0.7339635381498987,0.9476659261523296,-0.2381412579678217,-0.002588963142173717,0.48794616995677553,1.0,-0.4895974605756811,-0.028546515949038453,0.43764099258781824,1.0,train,76,24949259015_attempt1+24952032748_attempt1+24986940107_attempt1+25044896828_attempt1+25100490855_attempt1+25157440693_attempt1+25208977834_attempt1+25247789591_attempt1+25274678535_attempt1+25311264469_attempt1+25367630341_attempt1+25427145257_attempt1+25487949887_attempt1+25545252940_attempt1+25596809734_attempt1+25624592440_attempt1+25665168591_attempt1+25791429807_attempt1+25852951350_attempt1+25911485679_attempt1+25957739510_attempt1+25986690554_attempt1+26029755017_attempt1+26091905404_attempt1+26156603287_attempt1+26221008452_attempt1+26357456273_attempt1+26709070227_attempt1+26709294970_attempt1+26755468029_attempt1+26832707302_attempt1+26944523023_attempt1+27008365180_attempt1+27059341408_attempt1+27089462916_attempt1+27130700451_attempt1+27199408085_attempt1+27269618919_attempt1+27340390720_attempt1+27410119221_attempt1+27464308599_attempt1+27496226714_attempt1+27540844174_attempt1+27612222130_attempt1+27683808024_attempt1+27754758156_attempt1+27821835753_attempt1+27869277828_attempt1+27902430728_attempt1+27948683312_attempt1+28022420503_attempt1+28095005508_attempt1+28166886036_attempt1+28235383560_attempt1+28288053257_attempt1+28321073325_attempt1+28369678027_attempt1+28442123818_attempt1+28515647330_attempt1+28588281394_attempt1+28659365605_attempt1+28705739897_attempt1+28740396418_attempt1+28847404575_attempt1+28923778969_attempt1+29000291038_attempt1+29075660007_attempt1+29144058049_attempt1+29183942155_attempt1+29231728767_attempt1+29314482071_attempt1+29397534768_attempt1+29480427148_attempt1+29563821720_attempt1+29636284636_attempt1+29678766108_attempt1+29726104371_attempt1+29812544557_attempt1,classic_quant
classic_early_drop_down,classic_early_drop_down,20,113.46711657175054,0.13467116571750548,0.07949184278095996,0.85,2.031301553802852,-0.03913658453544877,0.040382427658400166,0.9047619047619048,1.0,,,,,validation,76,29902589491_attempt1,classic_quant
classic_early_drop_down,classic_early_drop_down,20,90.56470604173411,-0.09435293958265889,0.13438640197555501,0.65,0.6451919276587778,-0.06995424919697824,-0.003219440332546397,0.35374149659863946,1.0,,,,,test,76,29990397142_attempt1,classic_quant
micro_book_consensus_up,micro_book_consensus_up,382,25.69390846735522,-0.7430609153264478,0.7809581522185046,0.6151832460732984,0.8122790047133231,-0.18769384820891877,0.0,0.34349566671065945,0.812898684615723,-0.291188708687123,-0.05376424826181836,0.3021670982690473,1.0,train,77,24949259015_attempt1+24952032748_attempt1+24986940107_attempt1+25044896828_attempt1+25100490855_attempt1+25157440693_attempt1+25208977834_attempt1+25247789591_attempt1+25274678535_attempt1+25311264469_attempt1+25367630341_attempt1+25427145257_attempt1+25487949887_attempt1+25545252940_attempt1+25596809734_attempt1+25624592440_attempt1+25665168591_attempt1+25791429807_attempt1+25852951350_attempt1+25911485679_attempt1+25957739510_attempt1+25986690554_attempt1+26029755017_attempt1+26091905404_attempt1+26156603287_attempt1+26221008452_attempt1+26357456273_attempt1+26709070227_attempt1+26709294970_attempt1+26755468029_attempt1+26832707302_attempt1+26944523023_attempt1+27008365180_attempt1+27059341408_attempt1+27089462916_attempt1+27130700451_attempt1+27199408085_attempt1+27269618919_attempt1+27340390720_attempt1+27410119221_attempt1+27464308599_attempt1+27496226714_attempt1+27540844174_attempt1+27612222130_attempt1+27683808024_attempt1+27754758156_attempt1+27821835753_attempt1+27869277828_attempt1+27902430728_attempt1+27948683312_attempt1+28022420503_attempt1+28095005508_attempt1+28166886036_attempt1+28235383560_attempt1+28288053257_attempt1+28321073325_attempt1+28369678027_attempt1+28442123818_attempt1+28515647330_attempt1+28588281394_attempt1+28659365605_attempt1+28705739897_attempt1+28740396418_attempt1+28847404575_attempt1+28923778969_attempt1+29000291038_attempt1+29075660007_attempt1+29144058049_attempt1+29183942155_attempt1+29231728767_attempt1+29314482071_attempt1+29397534768_attempt1+29480427148_attempt1+29563821720_attempt1+29636284636_attempt1+29678766108_attempt1+29726104371_attempt1+29812544557_attempt1+29902589491_attempt1,microstructure
micro_book_consensus_up,micro_book_consensus_up,4,108.8693900720497,0.08869390072049699,0.0,1.0,,0.01657142857142868,0.049101714285714415,1.0,1.0,,,,,validation,77,29990397142_attempt1,microstructure
micro_book_consensus_up,micro_book_consensus_up,4,90.06129387205388,-0.09938706127946118,0.09938706127946119,0.25,0.16182069142924943,-0.09938706127946129,-0.07967538126361651,0.0,1.0,,,,,test,77,30078303224_attempt1,microstructure
classic_milddrop_down,classic_milddrop_down,1186,14.354750403005411,-0.8564524959699459,0.9257675540147036,0.6610455311973018,0.8627350742874513,-0.33280595238339006,-0.004122152117803424,0.4770427001433474,1.0,-0.4803898035962698,-0.07452045365835103,0.36392986861575716,1.0,train,78,24949259015_attempt1+24952032748_attempt1+24986940107_attempt1+25044896828_attempt1+25100490855_attempt1+25157440693_attempt1+25208977834_attempt1+25247789591_attempt1+25274678535_attempt1+25311264469_attempt1+25367630341_attempt1+25427145257_attempt1+25487949887_attempt1+25545252940_attempt1+25596809734_attempt1+25624592440_attempt1+25665168591_attempt1+25791429807_attempt1+25852951350_attempt1+25911485679_attempt1+25957739510_attempt1+25986690554_attempt1+26029755017_attempt1+26091905404_attempt1+26156603287_attempt1+26221008452_attempt1+26357456273_attempt1+26709070227_attempt1+26709294970_attempt1+26755468029_attempt1+26832707302_attempt1+26944523023_attempt1+27008365180_attempt1+27059341408_attempt1+27089462916_attempt1+27130700451_attempt1+27199408085_attempt1+27269618919_attempt1+27340390720_attempt1+27410119221_attempt1+27464308599_attempt1+27496226714_attempt1+27540844174_attempt1+27612222130_attempt1+27683808024_attempt1+27754758156_attempt1+27821835753_attempt1+27869277828_attempt1+27902430728_attempt1+27948683312_attempt1+28022420503_attempt1+28095005508_attempt1+28166886036_attempt1+28235383560_attempt1+28288053257_attempt1+28321073325_attempt1+28369678027_attempt1+28442123818_attempt1+28515647330_attempt1+28588281394_attempt1+28659365605_attempt1+28705739897_attempt1+28740396418_attempt1+28847404575_attempt1+28923778969_attempt1+29000291038_attempt1+29075660007_attempt1+29144058049_attempt1+29183942155_attempt1+29231728767_attempt1+29314482071_attempt1+29397534768_attempt1+29480427148_attempt1+29563821720_attempt1+29636284636_attempt1+29678766108_attempt1+29726104371_attempt1+29812544557_attempt1+29902589491_attempt1+29990397142_attempt1,classic_quant
classic_milddrop_down,classic_milddrop_down,20,114.40398818134872,0.14403988181348715,0.09566742392211304,0.75,1.4858308781363943,-0.01132307031096147,0.08905001648936683,0.9659863945578231,1.0,,,,,validation,78,30078303224_attempt1,classic_quant
classic_milddrop_down,classic_milddrop_down,18,88.2644998742639,-0.11735500125736098,0.2044689053897833,0.6111111111111112,0.6505464872797039,-0.11946939254107591,-0.04439931710902745,0.0,1.0,,,,,test,78,30837944463_attempt1,classic_quant
