strategy,trades,ending_bankroll,total_return,avg_trade_return_on_cost,median_trade_return_on_cost,win_rate,profit_factor,max_drawdown,avg_fraction,worst_144_window_return,median_144_window_return,pct_positive_144_windows,pct_over_10pct_144_windows,active_144_window_rate,num_144_windows,score_end,score_dd,score_36h,score_36h_10,score_active,score_pf,v1_score,meets_dd_lt_30,meets_36h_gt_10_all,meets_v1_goal
v1_balanced_mix,10,151.22185483855645,0.5122185483855646,0.47731237816132666,0.5349759615384615,1.0,,0.0,0.086,0.17706767903364984,0.25561446109700503,1.0,1.0,1.0,146,0.8,0.6,1.0,0.7,0.7,0.6,0.76,True,True,True
v1_adaptive_mix,9,148.04263113132114,0.48042631131321145,0.5135512212128436,0.5468749999999999,1.0,,0.0,0.08696180592382627,0.15884292946592504,0.2214114331785686,1.0,1.0,1.0,146,0.6,0.6,0.8,0.7,0.7,0.6,0.6799999999999999,True,True,True
v1_active_fill_mix,13,153.60520293713,0.5360520293713,0.5769985326515699,0.5714285714285714,1.0,,0.0,0.059999999999999984,0.140181200069025,0.23635523428833816,1.0,1.0,1.0,146,1.0,0.6,0.5,0.7,0.7,0.6,0.665,True,True,True
v1_conservative_mix,9,137.16752275792976,0.3716752275792976,0.5135512212128436,0.546875,1.0,,0.0,0.06888888888888889,0.140181200069025,0.19230376921503756,1.0,1.0,1.0,146,0.4,0.6,0.5,0.7,0.7,0.6,0.575,True,True,True
v1_logit_overlay_mix,0,100.0,0.0,,,,,0.0,,0.0,0.0,0.0,0.0,0.0,146,0.2,0.6,0.2,0.2,0.2,0.6,0.32,True,False,False
