fold_id,train_runs,validation_run,test_run,selected_strategy,selected_family,validation_score,validation_return,validation_drawdown
1,"24949259015_attempt1,24952032748_attempt1,24986940107_attempt1",25044896828_attempt1,25100490855_attempt1,game_pm_squeeze_fade_down,game_theory,0.8380952380952381,0.09188422378220618,0.10460002915431568
2,"24949259015_attempt1,24952032748_attempt1,24986940107_attempt1,25044896828_attempt1",25100490855_attempt1,25157440693_attempt1,micro_book_consensus_up,microstructure,0.8666666666666667,0.02872432342118114,0.040606060606060604
3,"24949259015_attempt1,24952032748_attempt1,24986940107_attempt1,25044896828_attempt1,25100490855_attempt1",25157440693_attempt1,25208977834_attempt1,v1_balanced_mix,previous_v1,0.8595238095238096,0.5847131506277174,0.08103896103896101
4,"24949259015_attempt1,24952032748_attempt1,24986940107_attempt1,25044896828_attempt1,25100490855_attempt1,25157440693_attempt1",25208977834_attempt1,25247789591_attempt1,micro_book_consensus_up,microstructure,0.8571428571428572,0.04554400899915145,0.040588235294117654
5,"24949259015_attempt1,24952032748_attempt1,24986940107_attempt1,25044896828_attempt1,25100490855_attempt1,25157440693_attempt1,25208977834_attempt1",25247789591_attempt1,25274678535_attempt1,classic_early_drop_down,classic_quant,0.8571428571428572,0.18888975092029714,0.040754716981132096
